county,event,level,date,chance_pct,risk,val1,thr1
Bristol,Cold,Extreme,2026-09-30,0.0,Low,13.69,-13.85
Bristol,Cold,Extreme,2026-10-01,0.0,Low,14.8,-13.85
Bristol,Cold,Extreme,2026-10-02,0.0,Low,15.78,-13.85
Bristol,Cold,Extreme,2026-10-03,0.0,Low,13.63,-13.85
Bristol,Cold,Extreme,2026-10-04,0.0,Low,10.26,-13.85
Bristol,Cold,Extreme,2026-10-05,0.0,Low,9.93,-13.85
Bristol,Cold,Extreme,2026-10-06,0.0,Low,8.8,-13.85
Bristol,Cold,Extreme,2026-10-07,0.0,Low,5.31,-13.85
Bristol,Cold,Extreme,2026-10-08,0.0,Low,5.34,-13.85
Bristol,Cold,Extreme,2026-10-09,0.0,Low,7.53,-13.85
Bristol,Cold,Extreme,2026-10-10,0.0,Low,7.42,-13.85
Bristol,Cold,Extreme,2026-10-11,0.0,Low,9.25,-13.85
Bristol,Cold,Extreme,2026-10-12,0.0,Low,9.95,-13.85
Bristol,Cold,Extreme,2026-10-13,0.0,Low,8.9,-13.85
Bristol,Cold,Extreme,2026-10-14,0.0,Low,7.9,-13.85
Bristol,Cold,Extreme,2026-10-15,0.0,Low,8.16,-13.85
Bristol,Cold,Extreme,2026-10-16,0.0,Low,8.14,-13.85
Bristol,Cold,Extreme,2026-10-17,0.0,Low,7.93,-13.85
Bristol,Cold,Extreme,2026-10-18,0.0,Low,7.15,-13.85
Bristol,Cold,Extreme,2026-10-19,0.0,Low,5.95,-13.85
Bristol,Cold,Extreme,2026-10-20,0.0,Low,5.84,-13.85
Bristol,Cold,Extreme,2026-10-21,0.0,Low,6.52,-13.85
Bristol,Cold,Extreme,2026-10-22,0.0,Low,6.34,-13.85
Bristol,Cold,Extreme,2026-10-23,0.0,Low,6.96,-13.85
Bristol,Cold,Extreme,2026-10-24,0.0,Low,5.91,-13.85
Bristol,Cold,Extreme,2026-10-25,0.0,Low,5.14,-13.85
Bristol,Cold,Extreme,2026-10-26,0.0,Low,5.14,-13.85
Bristol,Cold,Extreme,2026-10-27,0.0,Low,5.17,-13.85
Bristol,Cold,Extreme,2026-10-28,0.0,Low,6.18,-13.85
Bristol,Cold,Extreme,2026-10-29,0.0,Low,7.12,-13.85
Kent,Cold,Extreme,2026-09-30,0.0,Low,12.2,-15.52
Kent,Cold,Extreme,2026-10-01,0.0,Low,13.63,-15.52
Kent,Cold,Extreme,2026-10-02,0.0,Low,14.38,-15.52
Kent,Cold,Extreme,2026-10-03,0.0,Low,12.25,-15.52
Kent,Cold,Extreme,2026-10-04,0.0,Low,8.72,-15.52
Kent,Cold,Extreme,2026-10-05,0.0,Low,8.48,-15.52
Kent,Cold,Extreme,2026-10-06,0.0,Low,7.33,-15.52
Kent,Cold,Extreme,2026-10-07,0.0,Low,3.68,-15.52
Kent,Cold,Extreme,2026-10-08,0.0,Low,3.84,-15.52
Kent,Cold,Extreme,2026-10-09,0.0,Low,6.16,-15.52
Kent,Cold,Extreme,2026-10-10,0.0,Low,6.09,-15.52
Kent,Cold,Extreme,2026-10-11,0.0,Low,7.74,-15.52
Kent,Cold,Extreme,2026-10-12,0.0,Low,8.38,-15.52
Kent,Cold,Extreme,2026-10-13,0.0,Low,7.32,-15.52
Kent,Cold,Extreme,2026-10-14,0.0,Low,6.5,-15.52
Kent,Cold,Extreme,2026-10-15,0.0,Low,6.75,-15.52
Kent,Cold,Extreme,2026-10-16,0.0,Low,6.65,-15.52
Kent,Cold,Extreme,2026-10-17,0.0,Low,6.47,-15.52
Kent,Cold,Extreme,2026-10-18,0.0,Low,5.59,-15.52
Kent,Cold,Extreme,2026-10-19,0.0,Low,4.51,-15.52
Kent,Cold,Extreme,2026-10-20,0.0,Low,4.43,-15.52
Kent,Cold,Extreme,2026-10-21,0.0,Low,4.91,-15.52
Kent,Cold,Extreme,2026-10-22,0.0,Low,4.69,-15.52
Kent,Cold,Extreme,2026-10-23,0.0,Low,5.29,-15.52
Kent,Cold,Extreme,2026-10-24,0.0,Low,4.27,-15.52
Kent,Cold,Extreme,2026-10-25,0.0,Low,3.67,-15.52
Kent,Cold,Extreme,2026-10-26,0.0,Low,3.72,-15.52
Kent,Cold,Extreme,2026-10-27,0.0,Low,3.69,-15.52
Kent,Cold,Extreme,2026-10-28,0.0,Low,4.81,-15.52
Kent,Cold,Extreme,2026-10-29,0.0,Low,5.64,-15.52
Newport,Cold,Extreme,2026-09-30,0.0,Low,14.07,-13.13
Newport,Cold,Extreme,2026-10-01,0.0,Low,15.2,-13.13
Newport,Cold,Extreme,2026-10-02,0.0,Low,16.35,-13.13
Newport,Cold,Extreme,2026-10-03,0.0,Low,14.32,-13.13
Newport,Cold,Extreme,2026-10-04,0.0,Low,11.15,-13.13
Newport,Cold,Extreme,2026-10-05,0.0,Low,10.74,-13.13
Newport,Cold,Extreme,2026-10-06,0.0,Low,9.45,-13.13
Newport,Cold,Extreme,2026-10-07,0.0,Low,6.07,-13.13
Newport,Cold,Extreme,2026-10-08,0.0,Low,6.37,-13.13
Newport,Cold,Extreme,2026-10-09,0.0,Low,8.45,-13.13
Newport,Cold,Extreme,2026-10-10,0.0,Low,8.33,-13.13
Newport,Cold,Extreme,2026-10-11,0.0,Low,10.02,-13.13
Newport,Cold,Extreme,2026-10-12,0.0,Low,10.64,-13.13
Newport,Cold,Extreme,2026-10-13,0.0,Low,9.6,-13.13
Newport,Cold,Extreme,2026-10-14,0.0,Low,8.66,-13.13
Newport,Cold,Extreme,2026-10-15,0.0,Low,8.98,-13.13
Newport,Cold,Extreme,2026-10-16,0.0,Low,8.93,-13.13
Newport,Cold,Extreme,2026-10-17,0.0,Low,8.71,-13.13
Newport,Cold,Extreme,2026-10-18,0.0,Low,7.9,-13.13
Newport,Cold,Extreme,2026-10-19,0.0,Low,6.78,-13.13
Newport,Cold,Extreme,2026-10-20,0.0,Low,6.7,-13.13
Newport,Cold,Extreme,2026-10-21,0.0,Low,7.25,-13.13
Newport,Cold,Extreme,2026-10-22,0.0,Low,7.08,-13.13
Newport,Cold,Extreme,2026-10-23,0.0,Low,7.7,-13.13
Newport,Cold,Extreme,2026-10-24,0.0,Low,6.65,-13.13
Newport,Cold,Extreme,2026-10-25,0.0,Low,5.92,-13.13
Newport,Cold,Extreme,2026-10-26,0.0,Low,5.98,-13.13
Newport,Cold,Extreme,2026-10-27,0.0,Low,6.06,-13.13
Newport,Cold,Extreme,2026-10-28,0.0,Low,7.01,-13.13
Newport,Cold,Extreme,2026-10-29,0.0,Low,7.9,-13.13
Providence,Cold,Extreme,2026-09-30,0.0,Low,12.03,-15.91
Providence,Cold,Extreme,2026-10-01,0.0,Low,13.44,-15.91
Providence,Cold,Extreme,2026-10-02,0.0,Low,14.38,-15.91
Providence,Cold,Extreme,2026-10-03,0.0,Low,12.23,-15.91
Providence,Cold,Extreme,2026-10-04,0.0,Low,8.56,-15.91
Providence,Cold,Extreme,2026-10-05,0.0,Low,8.32,-15.91
Providence,Cold,Extreme,2026-10-06,0.0,Low,7.16,-15.91
Providence,Cold,Extreme,2026-10-07,0.0,Low,3.52,-15.91
Providence,Cold,Extreme,2026-10-08,0.0,Low,3.5,-15.91
Providence,Cold,Extreme,2026-10-09,0.0,Low,6.03,-15.91
Providence,Cold,Extreme,2026-10-10,0.0,Low,5.94,-15.91
Providence,Cold,Extreme,2026-10-11,0.0,Low,7.49,-15.91
Providence,Cold,Extreme,2026-10-12,0.0,Low,8.13,-15.91
Providence,Cold,Extreme,2026-10-13,0.0,Low,7.11,-15.91
Providence,Cold,Extreme,2026-10-14,0.0,Low,6.34,-15.91
Providence,Cold,Extreme,2026-10-15,0.0,Low,6.5,-15.91
Providence,Cold,Extreme,2026-10-16,0.0,Low,6.55,-15.91
Providence,Cold,Extreme,2026-10-17,0.0,Low,6.29,-15.91
Providence,Cold,Extreme,2026-10-18,0.0,Low,5.43,-15.91
Providence,Cold,Extreme,2026-10-19,0.0,Low,4.19,-15.91
Providence,Cold,Extreme,2026-10-20,0.0,Low,4.17,-15.91
Providence,Cold,Extreme,2026-10-21,0.0,Low,4.7,-15.91
Providence,Cold,Extreme,2026-10-22,0.0,Low,4.53,-15.91
Providence,Cold,Extreme,2026-10-23,0.0,Low,5.08,-15.91
Providence,Cold,Extreme,2026-10-24,0.0,Low,4.14,-15.91
Providence,Cold,Extreme,2026-10-25,0.0,Low,3.56,-15.91
Providence,Cold,Extreme,2026-10-26,0.0,Low,3.56,-15.91
Providence,Cold,Extreme,2026-10-27,0.0,Low,3.49,-15.91
Providence,Cold,Extreme,2026-10-28,0.0,Low,4.57,-15.91
Providence,Cold,Extreme,2026-10-29,0.0,Low,5.41,-15.91
Washington,Cold,Extreme,2026-09-30,0.0,Low,12.56,-14.61
Washington,Cold,Extreme,2026-10-01,0.0,Low,14.05,-14.61
Washington,Cold,Extreme,2026-10-02,0.0,Low,14.93,-14.61
Washington,Cold,Extreme,2026-10-03,0.0,Low,12.81,-14.61
Washington,Cold,Extreme,2026-10-04,0.0,Low,9.46,-14.61
Washington,Cold,Extreme,2026-10-05,0.0,Low,9.16,-14.61
Washington,Cold,Extreme,2026-10-06,0.0,Low,7.92,-14.61
Washington,Cold,Extreme,2026-10-07,0.0,Low,4.33,-14.61
Washington,Cold,Extreme,2026-10-08,0.0,Low,4.82,-14.61
Washington,Cold,Extreme,2026-10-09,0.0,Low,7.01,-14.61
Washington,Cold,Extreme,2026-10-10,0.0,Low,6.92,-14.61
Washington,Cold,Extreme,2026-10-11,0.0,Low,8.47,-14.61
Washington,Cold,Extreme,2026-10-12,0.0,Low,9.12,-14.61
Washington,Cold,Extreme,2026-10-13,0.0,Low,8.02,-14.61
Washington,Cold,Extreme,2026-10-14,0.0,Low,7.28,-14.61
Washington,Cold,Extreme,2026-10-15,0.0,Low,7.5,-14.61
Washington,Cold,Extreme,2026-10-16,0.0,Low,7.37,-14.61
Washington,Cold,Extreme,2026-10-17,0.0,Low,7.18,-14.61
Washington,Cold,Extreme,2026-10-18,0.0,Low,6.29,-14.61
Washington,Cold,Extreme,2026-10-19,0.0,Low,5.29,-14.61
Washington,Cold,Extreme,2026-10-20,0.0,Low,5.21,-14.61
Washington,Cold,Extreme,2026-10-21,0.0,Low,5.6,-14.61
Washington,Cold,Extreme,2026-10-22,0.0,Low,5.37,-14.61
Washington,Cold,Extreme,2026-10-23,0.0,Low,6.03,-14.61
Washington,Cold,Extreme,2026-10-24,0.0,Low,4.94,-14.61
Washington,Cold,Extreme,2026-10-25,0.0,Low,4.43,-14.61
Washington,Cold,Extreme,2026-10-26,0.0,Low,4.54,-14.61
Washington,Cold,Extreme,2026-10-27,0.0,Low,4.55,-14.61
Washington,Cold,Extreme,2026-10-28,0.0,Low,5.63,-14.61
Washington,Cold,Extreme,2026-10-29,0.0,Low,6.4,-14.61
Bristol,Cold,Notable,2026-09-30,0.0,Low,13.69,-8.45
Bristol,Cold,Notable,2026-10-01,0.0,Low,14.8,-8.45
Bristol,Cold,Notable,2026-10-02,0.0,Low,15.78,-8.45
Bristol,Cold,Notable,2026-10-03,0.0,Low,13.63,-8.45
Bristol,Cold,Notable,2026-10-04,0.0,Low,10.26,-8.45
Bristol,Cold,Notable,2026-10-05,0.0,Low,9.93,-8.45
Bristol,Cold,Notable,2026-10-06,0.0,Low,8.8,-8.45
Bristol,Cold,Notable,2026-10-07,0.0,Low,5.31,-8.45
Bristol,Cold,Notable,2026-10-08,0.0,Low,5.34,-8.45
Bristol,Cold,Notable,2026-10-09,0.0,Low,7.53,-8.45
Bristol,Cold,Notable,2026-10-10,0.0,Low,7.42,-8.45
Bristol,Cold,Notable,2026-10-11,0.0,Low,9.25,-8.45
Bristol,Cold,Notable,2026-10-12,0.0,Low,9.95,-8.45
Bristol,Cold,Notable,2026-10-13,0.0,Low,8.9,-8.45
Bristol,Cold,Notable,2026-10-14,0.0,Low,7.9,-8.45
Bristol,Cold,Notable,2026-10-15,0.0,Low,8.16,-8.45
Bristol,Cold,Notable,2026-10-16,0.0,Low,8.14,-8.45
Bristol,Cold,Notable,2026-10-17,0.0,Low,7.93,-8.45
Bristol,Cold,Notable,2026-10-18,0.0,Low,7.15,-8.45
Bristol,Cold,Notable,2026-10-19,0.0,Low,5.95,-8.45
Bristol,Cold,Notable,2026-10-20,0.0,Low,5.84,-8.45
Bristol,Cold,Notable,2026-10-21,0.0,Low,6.52,-8.45
Bristol,Cold,Notable,2026-10-22,0.0,Low,6.34,-8.45
Bristol,Cold,Notable,2026-10-23,0.0,Low,6.96,-8.45
Bristol,Cold,Notable,2026-10-24,0.0,Low,5.91,-8.45
Bristol,Cold,Notable,2026-10-25,0.0,Low,5.14,-8.45
Bristol,Cold,Notable,2026-10-26,0.0,Low,5.14,-8.45
Bristol,Cold,Notable,2026-10-27,0.0,Low,5.17,-8.45
Bristol,Cold,Notable,2026-10-28,0.0,Low,6.18,-8.45
Bristol,Cold,Notable,2026-10-29,0.0,Low,7.12,-8.45
Kent,Cold,Notable,2026-09-30,0.0,Low,12.2,-10.0
Kent,Cold,Notable,2026-10-01,0.0,Low,13.63,-10.0
Kent,Cold,Notable,2026-10-02,0.0,Low,14.38,-10.0
Kent,Cold,Notable,2026-10-03,0.0,Low,12.25,-10.0
Kent,Cold,Notable,2026-10-04,0.0,Low,8.72,-10.0
Kent,Cold,Notable,2026-10-05,0.0,Low,8.48,-10.0
Kent,Cold,Notable,2026-10-06,0.0,Low,7.33,-10.0
Kent,Cold,Notable,2026-10-07,0.0,Low,3.68,-10.0
Kent,Cold,Notable,2026-10-08,0.0,Low,3.84,-10.0
Kent,Cold,Notable,2026-10-09,0.0,Low,6.16,-10.0
Kent,Cold,Notable,2026-10-10,0.0,Low,6.09,-10.0
Kent,Cold,Notable,2026-10-11,0.0,Low,7.74,-10.0
Kent,Cold,Notable,2026-10-12,0.0,Low,8.38,-10.0
Kent,Cold,Notable,2026-10-13,0.0,Low,7.32,-10.0
Kent,Cold,Notable,2026-10-14,0.0,Low,6.5,-10.0
Kent,Cold,Notable,2026-10-15,0.0,Low,6.75,-10.0
Kent,Cold,Notable,2026-10-16,0.0,Low,6.65,-10.0
Kent,Cold,Notable,2026-10-17,0.0,Low,6.47,-10.0
Kent,Cold,Notable,2026-10-18,0.0,Low,5.59,-10.0
Kent,Cold,Notable,2026-10-19,0.0,Low,4.51,-10.0
Kent,Cold,Notable,2026-10-20,0.0,Low,4.43,-10.0
Kent,Cold,Notable,2026-10-21,0.0,Low,4.91,-10.0
Kent,Cold,Notable,2026-10-22,0.0,Low,4.69,-10.0
Kent,Cold,Notable,2026-10-23,0.0,Low,5.29,-10.0
Kent,Cold,Notable,2026-10-24,0.0,Low,4.27,-10.0
Kent,Cold,Notable,2026-10-25,0.0,Low,3.67,-10.0
Kent,Cold,Notable,2026-10-26,0.0,Low,3.72,-10.0
Kent,Cold,Notable,2026-10-27,0.0,Low,3.69,-10.0
Kent,Cold,Notable,2026-10-28,0.0,Low,4.81,-10.0
Kent,Cold,Notable,2026-10-29,0.0,Low,5.64,-10.0
Newport,Cold,Notable,2026-09-30,0.0,Low,14.07,-7.9
Newport,Cold,Notable,2026-10-01,0.0,Low,15.2,-7.9
Newport,Cold,Notable,2026-10-02,0.0,Low,16.35,-7.9
Newport,Cold,Notable,2026-10-03,0.0,Low,14.32,-7.9
Newport,Cold,Notable,2026-10-04,0.0,Low,11.15,-7.9
Newport,Cold,Notable,2026-10-05,0.0,Low,10.74,-7.9
Newport,Cold,Notable,2026-10-06,0.0,Low,9.45,-7.9
Newport,Cold,Notable,2026-10-07,0.0,Low,6.07,-7.9
Newport,Cold,Notable,2026-10-08,0.0,Low,6.37,-7.9
Newport,Cold,Notable,2026-10-09,0.0,Low,8.45,-7.9
Newport,Cold,Notable,2026-10-10,0.0,Low,8.33,-7.9
Newport,Cold,Notable,2026-10-11,0.0,Low,10.02,-7.9
Newport,Cold,Notable,2026-10-12,0.0,Low,10.64,-7.9
Newport,Cold,Notable,2026-10-13,0.0,Low,9.6,-7.9
Newport,Cold,Notable,2026-10-14,0.0,Low,8.66,-7.9
Newport,Cold,Notable,2026-10-15,0.0,Low,8.98,-7.9
Newport,Cold,Notable,2026-10-16,0.0,Low,8.93,-7.9
Newport,Cold,Notable,2026-10-17,0.0,Low,8.71,-7.9
Newport,Cold,Notable,2026-10-18,0.0,Low,7.9,-7.9
Newport,Cold,Notable,2026-10-19,0.0,Low,6.78,-7.9
Newport,Cold,Notable,2026-10-20,0.0,Low,6.7,-7.9
Newport,Cold,Notable,2026-10-21,0.0,Low,7.25,-7.9
Newport,Cold,Notable,2026-10-22,0.0,Low,7.08,-7.9
Newport,Cold,Notable,2026-10-23,0.0,Low,7.7,-7.9
Newport,Cold,Notable,2026-10-24,0.0,Low,6.65,-7.9
Newport,Cold,Notable,2026-10-25,0.0,Low,5.92,-7.9
Newport,Cold,Notable,2026-10-26,0.0,Low,5.98,-7.9
Newport,Cold,Notable,2026-10-27,0.0,Low,6.06,-7.9
Newport,Cold,Notable,2026-10-28,0.0,Low,7.01,-7.9
Newport,Cold,Notable,2026-10-29,0.0,Low,7.9,-7.9
Providence,Cold,Notable,2026-09-30,0.0,Low,12.03,-10.47
Providence,Cold,Notable,2026-10-01,0.0,Low,13.44,-10.47
Providence,Cold,Notable,2026-10-02,0.0,Low,14.38,-10.47
Providence,Cold,Notable,2026-10-03,0.0,Low,12.23,-10.47
Providence,Cold,Notable,2026-10-04,0.0,Low,8.56,-10.47
Providence,Cold,Notable,2026-10-05,0.0,Low,8.32,-10.47
Providence,Cold,Notable,2026-10-06,0.0,Low,7.16,-10.47
Providence,Cold,Notable,2026-10-07,0.0,Low,3.52,-10.47
Providence,Cold,Notable,2026-10-08,0.0,Low,3.5,-10.47
Providence,Cold,Notable,2026-10-09,0.0,Low,6.03,-10.47
Providence,Cold,Notable,2026-10-10,0.0,Low,5.94,-10.47
Providence,Cold,Notable,2026-10-11,0.0,Low,7.49,-10.47
Providence,Cold,Notable,2026-10-12,0.0,Low,8.13,-10.47
Providence,Cold,Notable,2026-10-13,0.0,Low,7.11,-10.47
Providence,Cold,Notable,2026-10-14,0.0,Low,6.34,-10.47
Providence,Cold,Notable,2026-10-15,0.0,Low,6.5,-10.47
Providence,Cold,Notable,2026-10-16,0.0,Low,6.55,-10.47
Providence,Cold,Notable,2026-10-17,0.0,Low,6.29,-10.47
Providence,Cold,Notable,2026-10-18,0.0,Low,5.43,-10.47
Providence,Cold,Notable,2026-10-19,0.0,Low,4.19,-10.47
Providence,Cold,Notable,2026-10-20,0.0,Low,4.17,-10.47
Providence,Cold,Notable,2026-10-21,0.0,Low,4.7,-10.47
Providence,Cold,Notable,2026-10-22,0.0,Low,4.53,-10.47
Providence,Cold,Notable,2026-10-23,0.0,Low,5.08,-10.47
Providence,Cold,Notable,2026-10-24,0.0,Low,4.14,-10.47
Providence,Cold,Notable,2026-10-25,0.0,Low,3.56,-10.47
Providence,Cold,Notable,2026-10-26,0.0,Low,3.56,-10.47
Providence,Cold,Notable,2026-10-27,0.0,Low,3.49,-10.47
Providence,Cold,Notable,2026-10-28,0.0,Low,4.57,-10.47
Providence,Cold,Notable,2026-10-29,0.0,Low,5.41,-10.47
Washington,Cold,Notable,2026-09-30,0.0,Low,12.56,-9.1
Washington,Cold,Notable,2026-10-01,0.0,Low,14.05,-9.1
Washington,Cold,Notable,2026-10-02,0.0,Low,14.93,-9.1
Washington,Cold,Notable,2026-10-03,0.0,Low,12.81,-9.1
Washington,Cold,Notable,2026-10-04,0.0,Low,9.46,-9.1
Washington,Cold,Notable,2026-10-05,0.0,Low,9.16,-9.1
Washington,Cold,Notable,2026-10-06,0.0,Low,7.92,-9.1
Washington,Cold,Notable,2026-10-07,0.0,Low,4.33,-9.1
Washington,Cold,Notable,2026-10-08,0.0,Low,4.82,-9.1
Washington,Cold,Notable,2026-10-09,0.0,Low,7.01,-9.1
Washington,Cold,Notable,2026-10-10,0.0,Low,6.92,-9.1
Washington,Cold,Notable,2026-10-11,0.0,Low,8.47,-9.1
Washington,Cold,Notable,2026-10-12,0.0,Low,9.12,-9.1
Washington,Cold,Notable,2026-10-13,0.0,Low,8.02,-9.1
Washington,Cold,Notable,2026-10-14,0.0,Low,7.28,-9.1
Washington,Cold,Notable,2026-10-15,0.0,Low,7.5,-9.1
Washington,Cold,Notable,2026-10-16,0.0,Low,7.37,-9.1
Washington,Cold,Notable,2026-10-17,0.0,Low,7.18,-9.1
Washington,Cold,Notable,2026-10-18,0.0,Low,6.29,-9.1
Washington,Cold,Notable,2026-10-19,0.0,Low,5.29,-9.1
Washington,Cold,Notable,2026-10-20,0.0,Low,5.21,-9.1
Washington,Cold,Notable,2026-10-21,0.0,Low,5.6,-9.1
Washington,Cold,Notable,2026-10-22,0.0,Low,5.37,-9.1
Washington,Cold,Notable,2026-10-23,0.0,Low,6.03,-9.1
Washington,Cold,Notable,2026-10-24,0.0,Low,4.94,-9.1
Washington,Cold,Notable,2026-10-25,0.0,Low,4.43,-9.1
Washington,Cold,Notable,2026-10-26,0.0,Low,4.54,-9.1
Washington,Cold,Notable,2026-10-27,0.0,Low,4.55,-9.1
Washington,Cold,Notable,2026-10-28,0.0,Low,5.63,-9.1
Washington,Cold,Notable,2026-10-29,0.0,Low,6.4,-9.1
Bristol,Cold,Severe,2026-09-30,0.0,Low,13.69,-10.94
Bristol,Cold,Severe,2026-10-01,0.0,Low,14.8,-10.94
Bristol,Cold,Severe,2026-10-02,0.0,Low,15.78,-10.94
Bristol,Cold,Severe,2026-10-03,0.0,Low,13.63,-10.94
Bristol,Cold,Severe,2026-10-04,0.0,Low,10.26,-10.94
Bristol,Cold,Severe,2026-10-05,0.0,Low,9.93,-10.94
Bristol,Cold,Severe,2026-10-06,0.0,Low,8.8,-10.94
Bristol,Cold,Severe,2026-10-07,0.0,Low,5.31,-10.94
Bristol,Cold,Severe,2026-10-08,0.0,Low,5.34,-10.94
Bristol,Cold,Severe,2026-10-09,0.0,Low,7.53,-10.94
Bristol,Cold,Severe,2026-10-10,0.0,Low,7.42,-10.94
Bristol,Cold,Severe,2026-10-11,0.0,Low,9.25,-10.94
Bristol,Cold,Severe,2026-10-12,0.0,Low,9.95,-10.94
Bristol,Cold,Severe,2026-10-13,0.0,Low,8.9,-10.94
Bristol,Cold,Severe,2026-10-14,0.0,Low,7.9,-10.94
Bristol,Cold,Severe,2026-10-15,0.0,Low,8.16,-10.94
Bristol,Cold,Severe,2026-10-16,0.0,Low,8.14,-10.94
Bristol,Cold,Severe,2026-10-17,0.0,Low,7.93,-10.94
Bristol,Cold,Severe,2026-10-18,0.0,Low,7.15,-10.94
Bristol,Cold,Severe,2026-10-19,0.0,Low,5.95,-10.94
Bristol,Cold,Severe,2026-10-20,0.0,Low,5.84,-10.94
Bristol,Cold,Severe,2026-10-21,0.0,Low,6.52,-10.94
Bristol,Cold,Severe,2026-10-22,0.0,Low,6.34,-10.94
Bristol,Cold,Severe,2026-10-23,0.0,Low,6.96,-10.94
Bristol,Cold,Severe,2026-10-24,0.0,Low,5.91,-10.94
Bristol,Cold,Severe,2026-10-25,0.0,Low,5.14,-10.94
Bristol,Cold,Severe,2026-10-26,0.0,Low,5.14,-10.94
Bristol,Cold,Severe,2026-10-27,0.0,Low,5.17,-10.94
Bristol,Cold,Severe,2026-10-28,0.0,Low,6.18,-10.94
Bristol,Cold,Severe,2026-10-29,0.0,Low,7.12,-10.94
Kent,Cold,Severe,2026-09-30,0.0,Low,12.2,-12.52
Kent,Cold,Severe,2026-10-01,0.0,Low,13.63,-12.52
Kent,Cold,Severe,2026-10-02,0.0,Low,14.38,-12.52
Kent,Cold,Severe,2026-10-03,0.0,Low,12.25,-12.52
Kent,Cold,Severe,2026-10-04,0.0,Low,8.72,-12.52
Kent,Cold,Severe,2026-10-05,0.0,Low,8.48,-12.52
Kent,Cold,Severe,2026-10-06,0.0,Low,7.33,-12.52
Kent,Cold,Severe,2026-10-07,0.0,Low,3.68,-12.52
Kent,Cold,Severe,2026-10-08,0.0,Low,3.84,-12.52
Kent,Cold,Severe,2026-10-09,0.0,Low,6.16,-12.52
Kent,Cold,Severe,2026-10-10,0.0,Low,6.09,-12.52
Kent,Cold,Severe,2026-10-11,0.0,Low,7.74,-12.52
Kent,Cold,Severe,2026-10-12,0.0,Low,8.38,-12.52
Kent,Cold,Severe,2026-10-13,0.0,Low,7.32,-12.52
Kent,Cold,Severe,2026-10-14,0.0,Low,6.5,-12.52
Kent,Cold,Severe,2026-10-15,0.0,Low,6.75,-12.52
Kent,Cold,Severe,2026-10-16,0.0,Low,6.65,-12.52
Kent,Cold,Severe,2026-10-17,0.0,Low,6.47,-12.52
Kent,Cold,Severe,2026-10-18,0.0,Low,5.59,-12.52
Kent,Cold,Severe,2026-10-19,0.0,Low,4.51,-12.52
Kent,Cold,Severe,2026-10-20,0.0,Low,4.43,-12.52
Kent,Cold,Severe,2026-10-21,0.0,Low,4.91,-12.52
Kent,Cold,Severe,2026-10-22,0.0,Low,4.69,-12.52
Kent,Cold,Severe,2026-10-23,0.0,Low,5.29,-12.52
Kent,Cold,Severe,2026-10-24,0.0,Low,4.27,-12.52
Kent,Cold,Severe,2026-10-25,0.0,Low,3.67,-12.52
Kent,Cold,Severe,2026-10-26,0.0,Low,3.72,-12.52
Kent,Cold,Severe,2026-10-27,0.0,Low,3.69,-12.52
Kent,Cold,Severe,2026-10-28,0.0,Low,4.81,-12.52
Kent,Cold,Severe,2026-10-29,0.0,Low,5.64,-12.52
Newport,Cold,Severe,2026-09-30,0.0,Low,14.07,-10.34
Newport,Cold,Severe,2026-10-01,0.0,Low,15.2,-10.34
Newport,Cold,Severe,2026-10-02,0.0,Low,16.35,-10.34
Newport,Cold,Severe,2026-10-03,0.0,Low,14.32,-10.34
Newport,Cold,Severe,2026-10-04,0.0,Low,11.15,-10.34
Newport,Cold,Severe,2026-10-05,0.0,Low,10.74,-10.34
Newport,Cold,Severe,2026-10-06,0.0,Low,9.45,-10.34
Newport,Cold,Severe,2026-10-07,0.0,Low,6.07,-10.34
Newport,Cold,Severe,2026-10-08,0.0,Low,6.37,-10.34
Newport,Cold,Severe,2026-10-09,0.0,Low,8.45,-10.34
Newport,Cold,Severe,2026-10-10,0.0,Low,8.33,-10.34
Newport,Cold,Severe,2026-10-11,0.0,Low,10.02,-10.34
Newport,Cold,Severe,2026-10-12,0.0,Low,10.64,-10.34
Newport,Cold,Severe,2026-10-13,0.0,Low,9.6,-10.34
Newport,Cold,Severe,2026-10-14,0.0,Low,8.66,-10.34
Newport,Cold,Severe,2026-10-15,0.0,Low,8.98,-10.34
Newport,Cold,Severe,2026-10-16,0.0,Low,8.93,-10.34
Newport,Cold,Severe,2026-10-17,0.0,Low,8.71,-10.34
Newport,Cold,Severe,2026-10-18,0.0,Low,7.9,-10.34
Newport,Cold,Severe,2026-10-19,0.0,Low,6.78,-10.34
Newport,Cold,Severe,2026-10-20,0.0,Low,6.7,-10.34
Newport,Cold,Severe,2026-10-21,0.0,Low,7.25,-10.34
Newport,Cold,Severe,2026-10-22,0.0,Low,7.08,-10.34
Newport,Cold,Severe,2026-10-23,0.0,Low,7.7,-10.34
Newport,Cold,Severe,2026-10-24,0.0,Low,6.65,-10.34
Newport,Cold,Severe,2026-10-25,0.0,Low,5.92,-10.34
Newport,Cold,Severe,2026-10-26,0.0,Low,5.98,-10.34
Newport,Cold,Severe,2026-10-27,0.0,Low,6.06,-10.34
Newport,Cold,Severe,2026-10-28,0.0,Low,7.01,-10.34
Newport,Cold,Severe,2026-10-29,0.0,Low,7.9,-10.34
Providence,Cold,Severe,2026-09-30,0.0,Low,12.03,-13.07
Providence,Cold,Severe,2026-10-01,0.0,Low,13.44,-13.07
Providence,Cold,Severe,2026-10-02,0.0,Low,14.38,-13.07
Providence,Cold,Severe,2026-10-03,0.0,Low,12.23,-13.07
Providence,Cold,Severe,2026-10-04,0.0,Low,8.56,-13.07
Providence,Cold,Severe,2026-10-05,0.0,Low,8.32,-13.07
Providence,Cold,Severe,2026-10-06,0.0,Low,7.16,-13.07
Providence,Cold,Severe,2026-10-07,0.0,Low,3.52,-13.07
Providence,Cold,Severe,2026-10-08,0.0,Low,3.5,-13.07
Providence,Cold,Severe,2026-10-09,0.0,Low,6.03,-13.07
Providence,Cold,Severe,2026-10-10,0.0,Low,5.94,-13.07
Providence,Cold,Severe,2026-10-11,0.0,Low,7.49,-13.07
Providence,Cold,Severe,2026-10-12,0.0,Low,8.13,-13.07
Providence,Cold,Severe,2026-10-13,0.0,Low,7.11,-13.07
Providence,Cold,Severe,2026-10-14,0.0,Low,6.34,-13.07
Providence,Cold,Severe,2026-10-15,0.0,Low,6.5,-13.07
Providence,Cold,Severe,2026-10-16,0.0,Low,6.55,-13.07
Providence,Cold,Severe,2026-10-17,0.0,Low,6.29,-13.07
Providence,Cold,Severe,2026-10-18,0.0,Low,5.43,-13.07
Providence,Cold,Severe,2026-10-19,0.0,Low,4.19,-13.07
Providence,Cold,Severe,2026-10-20,0.0,Low,4.17,-13.07
Providence,Cold,Severe,2026-10-21,0.0,Low,4.7,-13.07
Providence,Cold,Severe,2026-10-22,0.0,Low,4.53,-13.07
Providence,Cold,Severe,2026-10-23,0.0,Low,5.08,-13.07
Providence,Cold,Severe,2026-10-24,0.0,Low,4.14,-13.07
Providence,Cold,Severe,2026-10-25,0.0,Low,3.56,-13.07
Providence,Cold,Severe,2026-10-26,0.0,Low,3.56,-13.07
Providence,Cold,Severe,2026-10-27,0.0,Low,3.49,-13.07
Providence,Cold,Severe,2026-10-28,0.0,Low,4.57,-13.07
Providence,Cold,Severe,2026-10-29,0.0,Low,5.41,-13.07
Washington,Cold,Severe,2026-09-30,0.0,Low,12.56,-11.51
Washington,Cold,Severe,2026-10-01,0.0,Low,14.05,-11.51
Washington,Cold,Severe,2026-10-02,0.0,Low,14.93,-11.51
Washington,Cold,Severe,2026-10-03,0.0,Low,12.81,-11.51
Washington,Cold,Severe,2026-10-04,0.0,Low,9.46,-11.51
Washington,Cold,Severe,2026-10-05,0.0,Low,9.16,-11.51
Washington,Cold,Severe,2026-10-06,0.0,Low,7.92,-11.51
Washington,Cold,Severe,2026-10-07,0.0,Low,4.33,-11.51
Washington,Cold,Severe,2026-10-08,0.0,Low,4.82,-11.51
Washington,Cold,Severe,2026-10-09,0.0,Low,7.01,-11.51
Washington,Cold,Severe,2026-10-10,0.0,Low,6.92,-11.51
Washington,Cold,Severe,2026-10-11,0.0,Low,8.47,-11.51
Washington,Cold,Severe,2026-10-12,0.0,Low,9.12,-11.51
Washington,Cold,Severe,2026-10-13,0.0,Low,8.02,-11.51
Washington,Cold,Severe,2026-10-14,0.0,Low,7.28,-11.51
Washington,Cold,Severe,2026-10-15,0.0,Low,7.5,-11.51
Washington,Cold,Severe,2026-10-16,0.0,Low,7.37,-11.51
Washington,Cold,Severe,2026-10-17,0.0,Low,7.18,-11.51
Washington,Cold,Severe,2026-10-18,0.0,Low,6.29,-11.51
Washington,Cold,Severe,2026-10-19,0.0,Low,5.29,-11.51
Washington,Cold,Severe,2026-10-20,0.0,Low,5.21,-11.51
Washington,Cold,Severe,2026-10-21,0.0,Low,5.6,-11.51
Washington,Cold,Severe,2026-10-22,0.0,Low,5.37,-11.51
Washington,Cold,Severe,2026-10-23,0.0,Low,6.03,-11.51
Washington,Cold,Severe,2026-10-24,0.0,Low,4.94,-11.51
Washington,Cold,Severe,2026-10-25,0.0,Low,4.43,-11.51
Washington,Cold,Severe,2026-10-26,0.0,Low,4.54,-11.51
Washington,Cold,Severe,2026-10-27,0.0,Low,4.55,-11.51
Washington,Cold,Severe,2026-10-28,0.0,Low,5.63,-11.51
Washington,Cold,Severe,2026-10-29,0.0,Low,6.4,-11.51
Bristol,Cold & Wet,Extreme,2026-09-30,0.0,Low,13.69,-3.29
Bristol,Cold & Wet,Extreme,2026-10-01,0.0,Low,14.8,-3.29
Bristol,Cold & Wet,Extreme,2026-10-02,0.0,Low,15.78,-3.29
Bristol,Cold & Wet,Extreme,2026-10-03,0.0,Low,13.63,-3.29
Bristol,Cold & Wet,Extreme,2026-10-04,0.0,Low,10.26,-3.29
Bristol,Cold & Wet,Extreme,2026-10-05,0.0,Low,9.93,-3.29
Bristol,Cold & Wet,Extreme,2026-10-06,0.0,Low,8.8,-3.29
Bristol,Cold & Wet,Extreme,2026-10-07,0.0,Low,5.31,-3.29
Bristol,Cold & Wet,Extreme,2026-10-08,0.0,Low,5.34,-3.29
Bristol,Cold & Wet,Extreme,2026-10-09,0.0,Low,7.53,-3.29
Bristol,Cold & Wet,Extreme,2026-10-10,0.0,Low,7.42,-3.29
Bristol,Cold & Wet,Extreme,2026-10-11,0.0,Low,9.25,-3.29
Bristol,Cold & Wet,Extreme,2026-10-12,0.0,Low,9.95,-3.29
Bristol,Cold & Wet,Extreme,2026-10-13,0.0,Low,8.9,-3.29
Bristol,Cold & Wet,Extreme,2026-10-14,0.0,Low,7.9,-3.29
Bristol,Cold & Wet,Extreme,2026-10-15,0.0,Low,8.16,-3.29
Bristol,Cold & Wet,Extreme,2026-10-16,0.0,Low,8.14,-3.29
Bristol,Cold & Wet,Extreme,2026-10-17,0.0,Low,7.93,-3.29
Bristol,Cold & Wet,Extreme,2026-10-18,0.0,Low,7.15,-3.29
Bristol,Cold & Wet,Extreme,2026-10-19,0.0,Low,5.95,-3.29
Bristol,Cold & Wet,Extreme,2026-10-20,0.0,Low,5.84,-3.29
Bristol,Cold & Wet,Extreme,2026-10-21,0.0,Low,6.52,-3.29
Bristol,Cold & Wet,Extreme,2026-10-22,0.0,Low,6.34,-3.29
Bristol,Cold & Wet,Extreme,2026-10-23,0.0,Low,6.96,-3.29
Bristol,Cold & Wet,Extreme,2026-10-24,0.0,Low,5.91,-3.29
Bristol,Cold & Wet,Extreme,2026-10-25,0.0,Low,5.14,-3.29
Bristol,Cold & Wet,Extreme,2026-10-26,2.1,Low,5.14,-3.29
Bristol,Cold & Wet,Extreme,2026-10-27,0.0,Low,5.17,-3.29
Bristol,Cold & Wet,Extreme,2026-10-28,0.0,Low,6.18,-3.29
Bristol,Cold & Wet,Extreme,2026-10-29,0.0,Low,7.12,-3.29
Kent,Cold & Wet,Extreme,2026-09-30,0.0,Low,12.2,-5.11
Kent,Cold & Wet,Extreme,2026-10-01,0.0,Low,13.63,-5.11
Kent,Cold & Wet,Extreme,2026-10-02,0.0,Low,14.38,-5.11
Kent,Cold & Wet,Extreme,2026-10-03,0.0,Low,12.25,-5.11
Kent,Cold & Wet,Extreme,2026-10-04,0.0,Low,8.72,-5.11
Kent,Cold & Wet,Extreme,2026-10-05,0.0,Low,8.48,-5.11
Kent,Cold & Wet,Extreme,2026-10-06,0.0,Low,7.33,-5.11
Kent,Cold & Wet,Extreme,2026-10-07,0.0,Low,3.68,-5.11
Kent,Cold & Wet,Extreme,2026-10-08,0.0,Low,3.84,-5.11
Kent,Cold & Wet,Extreme,2026-10-09,0.0,Low,6.16,-5.11
Kent,Cold & Wet,Extreme,2026-10-10,0.0,Low,6.09,-5.11
Kent,Cold & Wet,Extreme,2026-10-11,0.0,Low,7.74,-5.11
Kent,Cold & Wet,Extreme,2026-10-12,0.0,Low,8.38,-5.11
Kent,Cold & Wet,Extreme,2026-10-13,0.0,Low,7.32,-5.11
Kent,Cold & Wet,Extreme,2026-10-14,0.0,Low,6.5,-5.11
Kent,Cold & Wet,Extreme,2026-10-15,0.0,Low,6.75,-5.11
Kent,Cold & Wet,Extreme,2026-10-16,0.0,Low,6.65,-5.11
Kent,Cold & Wet,Extreme,2026-10-17,0.0,Low,6.47,-5.11
Kent,Cold & Wet,Extreme,2026-10-18,0.0,Low,5.59,-5.11
Kent,Cold & Wet,Extreme,2026-10-19,0.0,Low,4.51,-5.11
Kent,Cold & Wet,Extreme,2026-10-20,0.0,Low,4.43,-5.11
Kent,Cold & Wet,Extreme,2026-10-21,0.0,Low,4.91,-5.11
Kent,Cold & Wet,Extreme,2026-10-22,0.0,Low,4.69,-5.11
Kent,Cold & Wet,Extreme,2026-10-23,0.0,Low,5.29,-5.11
Kent,Cold & Wet,Extreme,2026-10-24,0.0,Low,4.27,-5.11
Kent,Cold & Wet,Extreme,2026-10-25,0.0,Low,3.67,-5.11
Kent,Cold & Wet,Extreme,2026-10-26,0.0,Low,3.72,-5.11
Kent,Cold & Wet,Extreme,2026-10-27,0.0,Low,3.69,-5.11
Kent,Cold & Wet,Extreme,2026-10-28,0.0,Low,4.81,-5.11
Kent,Cold & Wet,Extreme,2026-10-29,0.0,Low,5.64,-5.11
Newport,Cold & Wet,Extreme,2026-09-30,0.0,Low,14.07,-1.66
Newport,Cold & Wet,Extreme,2026-10-01,0.0,Low,15.2,-1.66
Newport,Cold & Wet,Extreme,2026-10-02,0.0,Low,16.35,-1.66
Newport,Cold & Wet,Extreme,2026-10-03,0.0,Low,14.32,-1.66
Newport,Cold & Wet,Extreme,2026-10-04,0.0,Low,11.15,-1.66
Newport,Cold & Wet,Extreme,2026-10-05,0.0,Low,10.74,-1.66
Newport,Cold & Wet,Extreme,2026-10-06,0.0,Low,9.45,-1.66
Newport,Cold & Wet,Extreme,2026-10-07,0.0,Low,6.07,-1.66
Newport,Cold & Wet,Extreme,2026-10-08,0.0,Low,6.37,-1.66
Newport,Cold & Wet,Extreme,2026-10-09,0.0,Low,8.45,-1.66
Newport,Cold & Wet,Extreme,2026-10-10,0.0,Low,8.33,-1.66
Newport,Cold & Wet,Extreme,2026-10-11,0.0,Low,10.02,-1.66
Newport,Cold & Wet,Extreme,2026-10-12,0.0,Low,10.64,-1.66
Newport,Cold & Wet,Extreme,2026-10-13,0.0,Low,9.6,-1.66
Newport,Cold & Wet,Extreme,2026-10-14,0.0,Low,8.66,-1.66
Newport,Cold & Wet,Extreme,2026-10-15,0.0,Low,8.98,-1.66
Newport,Cold & Wet,Extreme,2026-10-16,0.0,Low,8.93,-1.66
Newport,Cold & Wet,Extreme,2026-10-17,0.0,Low,8.71,-1.66
Newport,Cold & Wet,Extreme,2026-10-18,0.0,Low,7.9,-1.66
Newport,Cold & Wet,Extreme,2026-10-19,0.0,Low,6.78,-1.66
Newport,Cold & Wet,Extreme,2026-10-20,0.0,Low,6.7,-1.66
Newport,Cold & Wet,Extreme,2026-10-21,0.0,Low,7.25,-1.66
Newport,Cold & Wet,Extreme,2026-10-22,0.0,Low,7.08,-1.66
Newport,Cold & Wet,Extreme,2026-10-23,0.0,Low,7.7,-1.66
Newport,Cold & Wet,Extreme,2026-10-24,0.0,Low,6.65,-1.66
Newport,Cold & Wet,Extreme,2026-10-25,0.0,Low,5.92,-1.66
Newport,Cold & Wet,Extreme,2026-10-26,2.1,Low,5.98,-1.66
Newport,Cold & Wet,Extreme,2026-10-27,0.0,Low,6.06,-1.66
Newport,Cold & Wet,Extreme,2026-10-28,0.0,Low,7.01,-1.66
Newport,Cold & Wet,Extreme,2026-10-29,0.0,Low,7.9,-1.66
Providence,Cold & Wet,Extreme,2026-09-30,0.0,Low,12.03,-5.79
Providence,Cold & Wet,Extreme,2026-10-01,0.0,Low,13.44,-5.79
Providence,Cold & Wet,Extreme,2026-10-02,0.0,Low,14.38,-5.79
Providence,Cold & Wet,Extreme,2026-10-03,0.0,Low,12.23,-5.79
Providence,Cold & Wet,Extreme,2026-10-04,0.0,Low,8.56,-5.79
Providence,Cold & Wet,Extreme,2026-10-05,0.0,Low,8.32,-5.79
Providence,Cold & Wet,Extreme,2026-10-06,0.0,Low,7.16,-5.79
Providence,Cold & Wet,Extreme,2026-10-07,0.0,Low,3.52,-5.79
Providence,Cold & Wet,Extreme,2026-10-08,0.0,Low,3.5,-5.79
Providence,Cold & Wet,Extreme,2026-10-09,0.0,Low,6.03,-5.79
Providence,Cold & Wet,Extreme,2026-10-10,0.0,Low,5.94,-5.79
Providence,Cold & Wet,Extreme,2026-10-11,0.0,Low,7.49,-5.79
Providence,Cold & Wet,Extreme,2026-10-12,0.0,Low,8.13,-5.79
Providence,Cold & Wet,Extreme,2026-10-13,0.0,Low,7.11,-5.79
Providence,Cold & Wet,Extreme,2026-10-14,0.0,Low,6.34,-5.79
Providence,Cold & Wet,Extreme,2026-10-15,0.0,Low,6.5,-5.79
Providence,Cold & Wet,Extreme,2026-10-16,0.0,Low,6.55,-5.79
Providence,Cold & Wet,Extreme,2026-10-17,0.0,Low,6.29,-5.79
Providence,Cold & Wet,Extreme,2026-10-18,0.0,Low,5.43,-5.79
Providence,Cold & Wet,Extreme,2026-10-19,0.0,Low,4.19,-5.79
Providence,Cold & Wet,Extreme,2026-10-20,0.0,Low,4.17,-5.79
Providence,Cold & Wet,Extreme,2026-10-21,0.0,Low,4.7,-5.79
Providence,Cold & Wet,Extreme,2026-10-22,0.0,Low,4.53,-5.79
Providence,Cold & Wet,Extreme,2026-10-23,0.0,Low,5.08,-5.79
Providence,Cold & Wet,Extreme,2026-10-24,0.0,Low,4.14,-5.79
Providence,Cold & Wet,Extreme,2026-10-25,0.0,Low,3.56,-5.79
Providence,Cold & Wet,Extreme,2026-10-26,0.0,Low,3.56,-5.79
Providence,Cold & Wet,Extreme,2026-10-27,0.0,Low,3.49,-5.79
Providence,Cold & Wet,Extreme,2026-10-28,0.0,Low,4.57,-5.79
Providence,Cold & Wet,Extreme,2026-10-29,0.0,Low,5.41,-5.79
Washington,Cold & Wet,Extreme,2026-09-30,0.0,Low,12.56,-3.33
Washington,Cold & Wet,Extreme,2026-10-01,0.0,Low,14.05,-3.33
Washington,Cold & Wet,Extreme,2026-10-02,0.0,Low,14.93,-3.33
Washington,Cold & Wet,Extreme,2026-10-03,0.0,Low,12.81,-3.33
Washington,Cold & Wet,Extreme,2026-10-04,0.0,Low,9.46,-3.33
Washington,Cold & Wet,Extreme,2026-10-05,0.0,Low,9.16,-3.33
Washington,Cold & Wet,Extreme,2026-10-06,0.0,Low,7.92,-3.33
Washington,Cold & Wet,Extreme,2026-10-07,0.0,Low,4.33,-3.33
Washington,Cold & Wet,Extreme,2026-10-08,0.0,Low,4.82,-3.33
Washington,Cold & Wet,Extreme,2026-10-09,0.0,Low,7.01,-3.33
Washington,Cold & Wet,Extreme,2026-10-10,0.0,Low,6.92,-3.33
Washington,Cold & Wet,Extreme,2026-10-11,0.0,Low,8.47,-3.33
Washington,Cold & Wet,Extreme,2026-10-12,0.0,Low,9.12,-3.33
Washington,Cold & Wet,Extreme,2026-10-13,0.0,Low,8.02,-3.33
Washington,Cold & Wet,Extreme,2026-10-14,0.0,Low,7.28,-3.33
Washington,Cold & Wet,Extreme,2026-10-15,0.0,Low,7.5,-3.33
Washington,Cold & Wet,Extreme,2026-10-16,0.0,Low,7.37,-3.33
Washington,Cold & Wet,Extreme,2026-10-17,0.0,Low,7.18,-3.33
Washington,Cold & Wet,Extreme,2026-10-18,0.0,Low,6.29,-3.33
Washington,Cold & Wet,Extreme,2026-10-19,0.0,Low,5.29,-3.33
Washington,Cold & Wet,Extreme,2026-10-20,0.0,Low,5.21,-3.33
Washington,Cold & Wet,Extreme,2026-10-21,0.0,Low,5.6,-3.33
Washington,Cold & Wet,Extreme,2026-10-22,0.0,Low,5.37,-3.33
Washington,Cold & Wet,Extreme,2026-10-23,0.0,Low,6.03,-3.33
Washington,Cold & Wet,Extreme,2026-10-24,0.0,Low,4.94,-3.33
Washington,Cold & Wet,Extreme,2026-10-25,0.0,Low,4.43,-3.33
Washington,Cold & Wet,Extreme,2026-10-26,2.1,Low,4.54,-3.33
Washington,Cold & Wet,Extreme,2026-10-27,0.0,Low,4.55,-3.33
Washington,Cold & Wet,Extreme,2026-10-28,0.0,Low,5.63,-3.33
Washington,Cold & Wet,Extreme,2026-10-29,0.0,Low,6.4,-3.33
Bristol,Cold & Wet,Notable,2026-09-30,0.0,Low,13.69,0.86
Bristol,Cold & Wet,Notable,2026-10-01,0.0,Low,14.8,0.86
Bristol,Cold & Wet,Notable,2026-10-02,0.0,Low,15.78,0.86
Bristol,Cold & Wet,Notable,2026-10-03,0.0,Low,13.63,0.86
Bristol,Cold & Wet,Notable,2026-10-04,0.0,Low,10.26,0.86
Bristol,Cold & Wet,Notable,2026-10-05,0.0,Low,9.93,0.86
Bristol,Cold & Wet,Notable,2026-10-06,0.0,Low,8.8,0.86
Bristol,Cold & Wet,Notable,2026-10-07,0.0,Low,5.31,0.86
Bristol,Cold & Wet,Notable,2026-10-08,0.0,Low,5.34,0.86
Bristol,Cold & Wet,Notable,2026-10-09,0.0,Low,7.53,0.86
Bristol,Cold & Wet,Notable,2026-10-10,0.0,Low,7.42,0.86
Bristol,Cold & Wet,Notable,2026-10-11,0.0,Low,9.25,0.86
Bristol,Cold & Wet,Notable,2026-10-12,0.0,Low,9.95,0.86
Bristol,Cold & Wet,Notable,2026-10-13,0.0,Low,8.9,0.86
Bristol,Cold & Wet,Notable,2026-10-14,0.0,Low,7.9,0.86
Bristol,Cold & Wet,Notable,2026-10-15,0.0,Low,8.16,0.86
Bristol,Cold & Wet,Notable,2026-10-16,0.0,Low,8.14,0.86
Bristol,Cold & Wet,Notable,2026-10-17,0.0,Low,7.93,0.86
Bristol,Cold & Wet,Notable,2026-10-18,0.0,Low,7.15,0.86
Bristol,Cold & Wet,Notable,2026-10-19,2.1,Low,5.95,0.86
Bristol,Cold & Wet,Notable,2026-10-20,2.1,Low,5.84,0.86
Bristol,Cold & Wet,Notable,2026-10-21,2.1,Low,6.52,0.86
Bristol,Cold & Wet,Notable,2026-10-22,4.2,Low,6.34,0.86
Bristol,Cold & Wet,Notable,2026-10-23,6.2,Low,6.96,0.86
Bristol,Cold & Wet,Notable,2026-10-24,2.1,Low,5.91,0.86
Bristol,Cold & Wet,Notable,2026-10-25,8.3,Low,5.14,0.86
Bristol,Cold & Wet,Notable,2026-10-26,12.5,Moderate,5.14,0.86
Bristol,Cold & Wet,Notable,2026-10-27,8.3,Low,5.17,0.86
Bristol,Cold & Wet,Notable,2026-10-28,0.0,Low,6.18,0.86
Bristol,Cold & Wet,Notable,2026-10-29,0.0,Low,7.12,0.86
Kent,Cold & Wet,Notable,2026-09-30,0.0,Low,12.2,-0.9
Kent,Cold & Wet,Notable,2026-10-01,0.0,Low,13.63,-0.9
Kent,Cold & Wet,Notable,2026-10-02,0.0,Low,14.38,-0.9
Kent,Cold & Wet,Notable,2026-10-03,0.0,Low,12.25,-0.9
Kent,Cold & Wet,Notable,2026-10-04,0.0,Low,8.72,-0.9
Kent,Cold & Wet,Notable,2026-10-05,0.0,Low,8.48,-0.9
Kent,Cold & Wet,Notable,2026-10-06,0.0,Low,7.33,-0.9
Kent,Cold & Wet,Notable,2026-10-07,0.0,Low,3.68,-0.9
Kent,Cold & Wet,Notable,2026-10-08,0.0,Low,3.84,-0.9
Kent,Cold & Wet,Notable,2026-10-09,0.0,Low,6.16,-0.9
Kent,Cold & Wet,Notable,2026-10-10,0.0,Low,6.09,-0.9
Kent,Cold & Wet,Notable,2026-10-11,0.0,Low,7.74,-0.9
Kent,Cold & Wet,Notable,2026-10-12,0.0,Low,8.38,-0.9
Kent,Cold & Wet,Notable,2026-10-13,0.0,Low,7.32,-0.9
Kent,Cold & Wet,Notable,2026-10-14,0.0,Low,6.5,-0.9
Kent,Cold & Wet,Notable,2026-10-15,0.0,Low,6.75,-0.9
Kent,Cold & Wet,Notable,2026-10-16,0.0,Low,6.65,-0.9
Kent,Cold & Wet,Notable,2026-10-17,0.0,Low,6.47,-0.9
Kent,Cold & Wet,Notable,2026-10-18,0.0,Low,5.59,-0.9
Kent,Cold & Wet,Notable,2026-10-19,2.1,Low,4.51,-0.9
Kent,Cold & Wet,Notable,2026-10-20,2.1,Low,4.43,-0.9
Kent,Cold & Wet,Notable,2026-10-21,2.1,Low,4.91,-0.9
Kent,Cold & Wet,Notable,2026-10-22,4.2,Low,4.69,-0.9
Kent,Cold & Wet,Notable,2026-10-23,6.2,Low,5.29,-0.9
Kent,Cold & Wet,Notable,2026-10-24,2.1,Low,4.27,-0.9
Kent,Cold & Wet,Notable,2026-10-25,6.2,Low,3.67,-0.9
Kent,Cold & Wet,Notable,2026-10-26,12.5,Moderate,3.72,-0.9
Kent,Cold & Wet,Notable,2026-10-27,6.2,Low,3.69,-0.9
Kent,Cold & Wet,Notable,2026-10-28,0.0,Low,4.81,-0.9
Kent,Cold & Wet,Notable,2026-10-29,0.0,Low,5.64,-0.9
Newport,Cold & Wet,Notable,2026-09-30,0.0,Low,14.07,2.38
Newport,Cold & Wet,Notable,2026-10-01,0.0,Low,15.2,2.38
Newport,Cold & Wet,Notable,2026-10-02,0.0,Low,16.35,2.38
Newport,Cold & Wet,Notable,2026-10-03,0.0,Low,14.32,2.38
Newport,Cold & Wet,Notable,2026-10-04,0.0,Low,11.15,2.38
Newport,Cold & Wet,Notable,2026-10-05,0.0,Low,10.74,2.38
Newport,Cold & Wet,Notable,2026-10-06,0.0,Low,9.45,2.38
Newport,Cold & Wet,Notable,2026-10-07,0.0,Low,6.07,2.38
Newport,Cold & Wet,Notable,2026-10-08,0.0,Low,6.37,2.38
Newport,Cold & Wet,Notable,2026-10-09,0.0,Low,8.45,2.38
Newport,Cold & Wet,Notable,2026-10-10,0.0,Low,8.33,2.38
Newport,Cold & Wet,Notable,2026-10-11,0.0,Low,10.02,2.38
Newport,Cold & Wet,Notable,2026-10-12,0.0,Low,10.64,2.38
Newport,Cold & Wet,Notable,2026-10-13,0.0,Low,9.6,2.38
Newport,Cold & Wet,Notable,2026-10-14,0.0,Low,8.66,2.38
Newport,Cold & Wet,Notable,2026-10-15,0.0,Low,8.98,2.38
Newport,Cold & Wet,Notable,2026-10-16,0.0,Low,8.93,2.38
Newport,Cold & Wet,Notable,2026-10-17,0.0,Low,8.71,2.38
Newport,Cold & Wet,Notable,2026-10-18,2.1,Low,7.9,2.38
Newport,Cold & Wet,Notable,2026-10-19,2.1,Low,6.78,2.38
Newport,Cold & Wet,Notable,2026-10-20,2.1,Low,6.7,2.38
Newport,Cold & Wet,Notable,2026-10-21,6.2,Low,7.25,2.38
Newport,Cold & Wet,Notable,2026-10-22,2.1,Low,7.08,2.38
Newport,Cold & Wet,Notable,2026-10-23,6.2,Low,7.7,2.38
Newport,Cold & Wet,Notable,2026-10-24,2.1,Low,6.65,2.38
Newport,Cold & Wet,Notable,2026-10-25,8.3,Low,5.92,2.38
Newport,Cold & Wet,Notable,2026-10-26,10.4,Moderate,5.98,2.38
Newport,Cold & Wet,Notable,2026-10-27,6.2,Low,6.06,2.38
Newport,Cold & Wet,Notable,2026-10-28,0.0,Low,7.01,2.38
Newport,Cold & Wet,Notable,2026-10-29,0.0,Low,7.9,2.38
Providence,Cold & Wet,Notable,2026-09-30,0.0,Low,12.03,-0.76
Providence,Cold & Wet,Notable,2026-10-01,0.0,Low,13.44,-0.76
Providence,Cold & Wet,Notable,2026-10-02,0.0,Low,14.38,-0.76
Providence,Cold & Wet,Notable,2026-10-03,0.0,Low,12.23,-0.76
Providence,Cold & Wet,Notable,2026-10-04,0.0,Low,8.56,-0.76
Providence,Cold & Wet,Notable,2026-10-05,0.0,Low,8.32,-0.76
Providence,Cold & Wet,Notable,2026-10-06,0.0,Low,7.16,-0.76
Providence,Cold & Wet,Notable,2026-10-07,0.0,Low,3.52,-0.76
Providence,Cold & Wet,Notable,2026-10-08,0.0,Low,3.5,-0.76
Providence,Cold & Wet,Notable,2026-10-09,0.0,Low,6.03,-0.76
Providence,Cold & Wet,Notable,2026-10-10,0.0,Low,5.94,-0.76
Providence,Cold & Wet,Notable,2026-10-11,0.0,Low,7.49,-0.76
Providence,Cold & Wet,Notable,2026-10-12,0.0,Low,8.13,-0.76
Providence,Cold & Wet,Notable,2026-10-13,0.0,Low,7.11,-0.76
Providence,Cold & Wet,Notable,2026-10-14,0.0,Low,6.34,-0.76
Providence,Cold & Wet,Notable,2026-10-15,0.0,Low,6.5,-0.76
Providence,Cold & Wet,Notable,2026-10-16,0.0,Low,6.55,-0.76
Providence,Cold & Wet,Notable,2026-10-17,0.0,Low,6.29,-0.76
Providence,Cold & Wet,Notable,2026-10-18,0.0,Low,5.43,-0.76
Providence,Cold & Wet,Notable,2026-10-19,4.2,Low,4.19,-0.76
Providence,Cold & Wet,Notable,2026-10-20,2.1,Low,4.17,-0.76
Providence,Cold & Wet,Notable,2026-10-21,4.2,Low,4.7,-0.76
Providence,Cold & Wet,Notable,2026-10-22,4.2,Low,4.53,-0.76
Providence,Cold & Wet,Notable,2026-10-23,6.2,Low,5.08,-0.76
Providence,Cold & Wet,Notable,2026-10-24,4.2,Low,4.14,-0.76
Providence,Cold & Wet,Notable,2026-10-25,8.3,Low,3.56,-0.76
Providence,Cold & Wet,Notable,2026-10-26,12.5,Moderate,3.56,-0.76
Providence,Cold & Wet,Notable,2026-10-27,4.2,Low,3.49,-0.76
Providence,Cold & Wet,Notable,2026-10-28,0.0,Low,4.57,-0.76
Providence,Cold & Wet,Notable,2026-10-29,0.0,Low,5.41,-0.76
Washington,Cold & Wet,Notable,2026-09-30,0.0,Low,12.56,1.29
Washington,Cold & Wet,Notable,2026-10-01,0.0,Low,14.05,1.29
Washington,Cold & Wet,Notable,2026-10-02,0.0,Low,14.93,1.29
Washington,Cold & Wet,Notable,2026-10-03,0.0,Low,12.81,1.29
Washington,Cold & Wet,Notable,2026-10-04,0.0,Low,9.46,1.29
Washington,Cold & Wet,Notable,2026-10-05,0.0,Low,9.16,1.29
Washington,Cold & Wet,Notable,2026-10-06,0.0,Low,7.92,1.29
Washington,Cold & Wet,Notable,2026-10-07,0.0,Low,4.33,1.29
Washington,Cold & Wet,Notable,2026-10-08,0.0,Low,4.82,1.29
Washington,Cold & Wet,Notable,2026-10-09,0.0,Low,7.01,1.29
Washington,Cold & Wet,Notable,2026-10-10,0.0,Low,6.92,1.29
Washington,Cold & Wet,Notable,2026-10-11,0.0,Low,8.47,1.29
Washington,Cold & Wet,Notable,2026-10-12,0.0,Low,9.12,1.29
Washington,Cold & Wet,Notable,2026-10-13,0.0,Low,8.02,1.29
Washington,Cold & Wet,Notable,2026-10-14,2.1,Low,7.28,1.29
Washington,Cold & Wet,Notable,2026-10-15,2.1,Low,7.5,1.29
Washington,Cold & Wet,Notable,2026-10-16,0.0,Low,7.37,1.29
Washington,Cold & Wet,Notable,2026-10-17,0.0,Low,7.18,1.29
Washington,Cold & Wet,Notable,2026-10-18,2.1,Low,6.29,1.29
Washington,Cold & Wet,Notable,2026-10-19,6.2,Low,5.29,1.29
Washington,Cold & Wet,Notable,2026-10-20,6.2,Low,5.21,1.29
Washington,Cold & Wet,Notable,2026-10-21,8.3,Low,5.6,1.29
Washington,Cold & Wet,Notable,2026-10-22,4.2,Low,5.37,1.29
Washington,Cold & Wet,Notable,2026-10-23,10.4,Moderate,6.03,1.29
Washington,Cold & Wet,Notable,2026-10-24,6.2,Low,4.94,1.29
Washington,Cold & Wet,Notable,2026-10-25,14.6,Moderate,4.43,1.29
Washington,Cold & Wet,Notable,2026-10-26,14.6,Moderate,4.54,1.29
Washington,Cold & Wet,Notable,2026-10-27,8.3,Low,4.55,1.29
Washington,Cold & Wet,Notable,2026-10-28,0.0,Low,5.63,1.29
Washington,Cold & Wet,Notable,2026-10-29,6.2,Low,6.4,1.29
Bristol,Cold & Wet,Severe,2026-09-30,0.0,Low,13.69,-0.52
Bristol,Cold & Wet,Severe,2026-10-01,0.0,Low,14.8,-0.52
Bristol,Cold & Wet,Severe,2026-10-02,0.0,Low,15.78,-0.52
Bristol,Cold & Wet,Severe,2026-10-03,0.0,Low,13.63,-0.52
Bristol,Cold & Wet,Severe,2026-10-04,0.0,Low,10.26,-0.52
Bristol,Cold & Wet,Severe,2026-10-05,0.0,Low,9.93,-0.52
Bristol,Cold & Wet,Severe,2026-10-06,0.0,Low,8.8,-0.52
Bristol,Cold & Wet,Severe,2026-10-07,0.0,Low,5.31,-0.52
Bristol,Cold & Wet,Severe,2026-10-08,0.0,Low,5.34,-0.52
Bristol,Cold & Wet,Severe,2026-10-09,0.0,Low,7.53,-0.52
Bristol,Cold & Wet,Severe,2026-10-10,0.0,Low,7.42,-0.52
Bristol,Cold & Wet,Severe,2026-10-11,0.0,Low,9.25,-0.52
Bristol,Cold & Wet,Severe,2026-10-12,0.0,Low,9.95,-0.52
Bristol,Cold & Wet,Severe,2026-10-13,0.0,Low,8.9,-0.52
Bristol,Cold & Wet,Severe,2026-10-14,0.0,Low,7.9,-0.52
Bristol,Cold & Wet,Severe,2026-10-15,0.0,Low,8.16,-0.52
Bristol,Cold & Wet,Severe,2026-10-16,0.0,Low,8.14,-0.52
Bristol,Cold & Wet,Severe,2026-10-17,0.0,Low,7.93,-0.52
Bristol,Cold & Wet,Severe,2026-10-18,0.0,Low,7.15,-0.52
Bristol,Cold & Wet,Severe,2026-10-19,0.0,Low,5.95,-0.52
Bristol,Cold & Wet,Severe,2026-10-20,0.0,Low,5.84,-0.52
Bristol,Cold & Wet,Severe,2026-10-21,2.1,Low,6.52,-0.52
Bristol,Cold & Wet,Severe,2026-10-22,0.0,Low,6.34,-0.52
Bristol,Cold & Wet,Severe,2026-10-23,4.2,Low,6.96,-0.52
Bristol,Cold & Wet,Severe,2026-10-24,0.0,Low,5.91,-0.52
Bristol,Cold & Wet,Severe,2026-10-25,6.2,Low,5.14,-0.52
Bristol,Cold & Wet,Severe,2026-10-26,2.1,Low,5.14,-0.52
Bristol,Cold & Wet,Severe,2026-10-27,2.1,Low,5.17,-0.52
Bristol,Cold & Wet,Severe,2026-10-28,0.0,Low,6.18,-0.52
Bristol,Cold & Wet,Severe,2026-10-29,0.0,Low,7.12,-0.52
Kent,Cold & Wet,Severe,2026-09-30,0.0,Low,12.2,-2.3
Kent,Cold & Wet,Severe,2026-10-01,0.0,Low,13.63,-2.3
Kent,Cold & Wet,Severe,2026-10-02,0.0,Low,14.38,-2.3
Kent,Cold & Wet,Severe,2026-10-03,0.0,Low,12.25,-2.3
Kent,Cold & Wet,Severe,2026-10-04,0.0,Low,8.72,-2.3
Kent,Cold & Wet,Severe,2026-10-05,0.0,Low,8.48,-2.3
Kent,Cold & Wet,Severe,2026-10-06,0.0,Low,7.33,-2.3
Kent,Cold & Wet,Severe,2026-10-07,0.0,Low,3.68,-2.3
Kent,Cold & Wet,Severe,2026-10-08,0.0,Low,3.84,-2.3
Kent,Cold & Wet,Severe,2026-10-09,0.0,Low,6.16,-2.3
Kent,Cold & Wet,Severe,2026-10-10,0.0,Low,6.09,-2.3
Kent,Cold & Wet,Severe,2026-10-11,0.0,Low,7.74,-2.3
Kent,Cold & Wet,Severe,2026-10-12,0.0,Low,8.38,-2.3
Kent,Cold & Wet,Severe,2026-10-13,0.0,Low,7.32,-2.3
Kent,Cold & Wet,Severe,2026-10-14,0.0,Low,6.5,-2.3
Kent,Cold & Wet,Severe,2026-10-15,0.0,Low,6.75,-2.3
Kent,Cold & Wet,Severe,2026-10-16,0.0,Low,6.65,-2.3
Kent,Cold & Wet,Severe,2026-10-17,0.0,Low,6.47,-2.3
Kent,Cold & Wet,Severe,2026-10-18,0.0,Low,5.59,-2.3
Kent,Cold & Wet,Severe,2026-10-19,0.0,Low,4.51,-2.3
Kent,Cold & Wet,Severe,2026-10-20,0.0,Low,4.43,-2.3
Kent,Cold & Wet,Severe,2026-10-21,2.1,Low,4.91,-2.3
Kent,Cold & Wet,Severe,2026-10-22,0.0,Low,4.69,-2.3
Kent,Cold & Wet,Severe,2026-10-23,4.2,Low,5.29,-2.3
Kent,Cold & Wet,Severe,2026-10-24,0.0,Low,4.27,-2.3
Kent,Cold & Wet,Severe,2026-10-25,2.1,Low,3.67,-2.3
Kent,Cold & Wet,Severe,2026-10-26,2.1,Low,3.72,-2.3
Kent,Cold & Wet,Severe,2026-10-27,2.1,Low,3.69,-2.3
Kent,Cold & Wet,Severe,2026-10-28,0.0,Low,4.81,-2.3
Kent,Cold & Wet,Severe,2026-10-29,0.0,Low,5.64,-2.3
Newport,Cold & Wet,Severe,2026-09-30,0.0,Low,14.07,1.14
Newport,Cold & Wet,Severe,2026-10-01,0.0,Low,15.2,1.14
Newport,Cold & Wet,Severe,2026-10-02,0.0,Low,16.35,1.14
Newport,Cold & Wet,Severe,2026-10-03,0.0,Low,14.32,1.14
Newport,Cold & Wet,Severe,2026-10-04,0.0,Low,11.15,1.14
Newport,Cold & Wet,Severe,2026-10-05,0.0,Low,10.74,1.14
Newport,Cold & Wet,Severe,2026-10-06,0.0,Low,9.45,1.14
Newport,Cold & Wet,Severe,2026-10-07,0.0,Low,6.07,1.14
Newport,Cold & Wet,Severe,2026-10-08,0.0,Low,6.37,1.14
Newport,Cold & Wet,Severe,2026-10-09,0.0,Low,8.45,1.14
Newport,Cold & Wet,Severe,2026-10-10,0.0,Low,8.33,1.14
Newport,Cold & Wet,Severe,2026-10-11,0.0,Low,10.02,1.14
Newport,Cold & Wet,Severe,2026-10-12,0.0,Low,10.64,1.14
Newport,Cold & Wet,Severe,2026-10-13,0.0,Low,9.6,1.14
Newport,Cold & Wet,Severe,2026-10-14,0.0,Low,8.66,1.14
Newport,Cold & Wet,Severe,2026-10-15,0.0,Low,8.98,1.14
Newport,Cold & Wet,Severe,2026-10-16,0.0,Low,8.93,1.14
Newport,Cold & Wet,Severe,2026-10-17,0.0,Low,8.71,1.14
Newport,Cold & Wet,Severe,2026-10-18,0.0,Low,7.9,1.14
Newport,Cold & Wet,Severe,2026-10-19,0.0,Low,6.78,1.14
Newport,Cold & Wet,Severe,2026-10-20,0.0,Low,6.7,1.14
Newport,Cold & Wet,Severe,2026-10-21,0.0,Low,7.25,1.14
Newport,Cold & Wet,Severe,2026-10-22,2.1,Low,7.08,1.14
Newport,Cold & Wet,Severe,2026-10-23,2.1,Low,7.7,1.14
Newport,Cold & Wet,Severe,2026-10-24,2.1,Low,6.65,1.14
Newport,Cold & Wet,Severe,2026-10-25,6.2,Low,5.92,1.14
Newport,Cold & Wet,Severe,2026-10-26,8.3,Low,5.98,1.14
Newport,Cold & Wet,Severe,2026-10-27,2.1,Low,6.06,1.14
Newport,Cold & Wet,Severe,2026-10-28,0.0,Low,7.01,1.14
Newport,Cold & Wet,Severe,2026-10-29,0.0,Low,7.9,1.14
Providence,Cold & Wet,Severe,2026-09-30,0.0,Low,12.03,-2.42
Providence,Cold & Wet,Severe,2026-10-01,0.0,Low,13.44,-2.42
Providence,Cold & Wet,Severe,2026-10-02,0.0,Low,14.38,-2.42
Providence,Cold & Wet,Severe,2026-10-03,0.0,Low,12.23,-2.42
Providence,Cold & Wet,Severe,2026-10-04,0.0,Low,8.56,-2.42
Providence,Cold & Wet,Severe,2026-10-05,0.0,Low,8.32,-2.42
Providence,Cold & Wet,Severe,2026-10-06,0.0,Low,7.16,-2.42
Providence,Cold & Wet,Severe,2026-10-07,0.0,Low,3.52,-2.42
Providence,Cold & Wet,Severe,2026-10-08,0.0,Low,3.5,-2.42
Providence,Cold & Wet,Severe,2026-10-09,0.0,Low,6.03,-2.42
Providence,Cold & Wet,Severe,2026-10-10,0.0,Low,5.94,-2.42
Providence,Cold & Wet,Severe,2026-10-11,0.0,Low,7.49,-2.42
Providence,Cold & Wet,Severe,2026-10-12,0.0,Low,8.13,-2.42
Providence,Cold & Wet,Severe,2026-10-13,0.0,Low,7.11,-2.42
Providence,Cold & Wet,Severe,2026-10-14,0.0,Low,6.34,-2.42
Providence,Cold & Wet,Severe,2026-10-15,0.0,Low,6.5,-2.42
Providence,Cold & Wet,Severe,2026-10-16,0.0,Low,6.55,-2.42
Providence,Cold & Wet,Severe,2026-10-17,0.0,Low,6.29,-2.42
Providence,Cold & Wet,Severe,2026-10-18,0.0,Low,5.43,-2.42
Providence,Cold & Wet,Severe,2026-10-19,0.0,Low,4.19,-2.42
Providence,Cold & Wet,Severe,2026-10-20,0.0,Low,4.17,-2.42
Providence,Cold & Wet,Severe,2026-10-21,2.1,Low,4.7,-2.42
Providence,Cold & Wet,Severe,2026-10-22,0.0,Low,4.53,-2.42
Providence,Cold & Wet,Severe,2026-10-23,4.2,Low,5.08,-2.42
Providence,Cold & Wet,Severe,2026-10-24,0.0,Low,4.14,-2.42
Providence,Cold & Wet,Severe,2026-10-25,2.1,Low,3.56,-2.42
Providence,Cold & Wet,Severe,2026-10-26,4.2,Low,3.56,-2.42
Providence,Cold & Wet,Severe,2026-10-27,2.1,Low,3.49,-2.42
Providence,Cold & Wet,Severe,2026-10-28,0.0,Low,4.57,-2.42
Providence,Cold & Wet,Severe,2026-10-29,0.0,Low,5.41,-2.42
Washington,Cold & Wet,Severe,2026-09-30,0.0,Low,12.56,-1.37
Washington,Cold & Wet,Severe,2026-10-01,0.0,Low,14.05,-1.37
Washington,Cold & Wet,Severe,2026-10-02,0.0,Low,14.93,-1.37
Washington,Cold & Wet,Severe,2026-10-03,0.0,Low,12.81,-1.37
Washington,Cold & Wet,Severe,2026-10-04,0.0,Low,9.46,-1.37
Washington,Cold & Wet,Severe,2026-10-05,0.0,Low,9.16,-1.37
Washington,Cold & Wet,Severe,2026-10-06,0.0,Low,7.92,-1.37
Washington,Cold & Wet,Severe,2026-10-07,0.0,Low,4.33,-1.37
Washington,Cold & Wet,Severe,2026-10-08,0.0,Low,4.82,-1.37
Washington,Cold & Wet,Severe,2026-10-09,0.0,Low,7.01,-1.37
Washington,Cold & Wet,Severe,2026-10-10,0.0,Low,6.92,-1.37
Washington,Cold & Wet,Severe,2026-10-11,0.0,Low,8.47,-1.37
Washington,Cold & Wet,Severe,2026-10-12,0.0,Low,9.12,-1.37
Washington,Cold & Wet,Severe,2026-10-13,0.0,Low,8.02,-1.37
Washington,Cold & Wet,Severe,2026-10-14,0.0,Low,7.28,-1.37
Washington,Cold & Wet,Severe,2026-10-15,0.0,Low,7.5,-1.37
Washington,Cold & Wet,Severe,2026-10-16,0.0,Low,7.37,-1.37
Washington,Cold & Wet,Severe,2026-10-17,0.0,Low,7.18,-1.37
Washington,Cold & Wet,Severe,2026-10-18,0.0,Low,6.29,-1.37
Washington,Cold & Wet,Severe,2026-10-19,0.0,Low,5.29,-1.37
Washington,Cold & Wet,Severe,2026-10-20,0.0,Low,5.21,-1.37
Washington,Cold & Wet,Severe,2026-10-21,0.0,Low,5.6,-1.37
Washington,Cold & Wet,Severe,2026-10-22,0.0,Low,5.37,-1.37
Washington,Cold & Wet,Severe,2026-10-23,6.2,Low,6.03,-1.37
Washington,Cold & Wet,Severe,2026-10-24,0.0,Low,4.94,-1.37
Washington,Cold & Wet,Severe,2026-10-25,4.2,Low,4.43,-1.37
Washington,Cold & Wet,Severe,2026-10-26,2.1,Low,4.54,-1.37
Washington,Cold & Wet,Severe,2026-10-27,2.1,Low,4.55,-1.37
Washington,Cold & Wet,Severe,2026-10-28,0.0,Low,5.63,-1.37
Washington,Cold & Wet,Severe,2026-10-29,0.0,Low,6.4,-1.37
Bristol,Cold & Windy,Extreme,2026-09-30,0.0,Low,13.69,-8.45
Bristol,Cold & Windy,Extreme,2026-10-01,0.0,Low,14.8,-8.45
Bristol,Cold & Windy,Extreme,2026-10-02,0.0,Low,15.78,-8.45
Bristol,Cold & Windy,Extreme,2026-10-03,0.0,Low,13.63,-8.45
Bristol,Cold & Windy,Extreme,2026-10-04,0.0,Low,10.26,-8.45
Bristol,Cold & Windy,Extreme,2026-10-05,0.0,Low,9.93,-8.45
Bristol,Cold & Windy,Extreme,2026-10-06,0.0,Low,8.8,-8.45
Bristol,Cold & Windy,Extreme,2026-10-07,0.0,Low,5.31,-8.45
Bristol,Cold & Windy,Extreme,2026-10-08,0.0,Low,5.34,-8.45
Bristol,Cold & Windy,Extreme,2026-10-09,0.0,Low,7.53,-8.45
Bristol,Cold & Windy,Extreme,2026-10-10,0.0,Low,7.42,-8.45
Bristol,Cold & Windy,Extreme,2026-10-11,0.0,Low,9.25,-8.45
Bristol,Cold & Windy,Extreme,2026-10-12,0.0,Low,9.95,-8.45
Bristol,Cold & Windy,Extreme,2026-10-13,0.0,Low,8.9,-8.45
Bristol,Cold & Windy,Extreme,2026-10-14,0.0,Low,7.9,-8.45
Bristol,Cold & Windy,Extreme,2026-10-15,0.0,Low,8.16,-8.45
Bristol,Cold & Windy,Extreme,2026-10-16,0.0,Low,8.14,-8.45
Bristol,Cold & Windy,Extreme,2026-10-17,0.0,Low,7.93,-8.45
Bristol,Cold & Windy,Extreme,2026-10-18,0.0,Low,7.15,-8.45
Bristol,Cold & Windy,Extreme,2026-10-19,0.0,Low,5.95,-8.45
Bristol,Cold & Windy,Extreme,2026-10-20,0.0,Low,5.84,-8.45
Bristol,Cold & Windy,Extreme,2026-10-21,0.0,Low,6.52,-8.45
Bristol,Cold & Windy,Extreme,2026-10-22,0.0,Low,6.34,-8.45
Bristol,Cold & Windy,Extreme,2026-10-23,0.0,Low,6.96,-8.45
Bristol,Cold & Windy,Extreme,2026-10-24,0.0,Low,5.91,-8.45
Bristol,Cold & Windy,Extreme,2026-10-25,0.0,Low,5.14,-8.45
Bristol,Cold & Windy,Extreme,2026-10-26,0.0,Low,5.14,-8.45
Bristol,Cold & Windy,Extreme,2026-10-27,0.0,Low,5.17,-8.45
Bristol,Cold & Windy,Extreme,2026-10-28,0.0,Low,6.18,-8.45
Bristol,Cold & Windy,Extreme,2026-10-29,0.0,Low,7.12,-8.45
Kent,Cold & Windy,Extreme,2026-09-30,0.0,Low,12.2,-10.0
Kent,Cold & Windy,Extreme,2026-10-01,0.0,Low,13.63,-10.0
Kent,Cold & Windy,Extreme,2026-10-02,0.0,Low,14.38,-10.0
Kent,Cold & Windy,Extreme,2026-10-03,0.0,Low,12.25,-10.0
Kent,Cold & Windy,Extreme,2026-10-04,0.0,Low,8.72,-10.0
Kent,Cold & Windy,Extreme,2026-10-05,0.0,Low,8.48,-10.0
Kent,Cold & Windy,Extreme,2026-10-06,0.0,Low,7.33,-10.0
Kent,Cold & Windy,Extreme,2026-10-07,0.0,Low,3.68,-10.0
Kent,Cold & Windy,Extreme,2026-10-08,0.0,Low,3.84,-10.0
Kent,Cold & Windy,Extreme,2026-10-09,0.0,Low,6.16,-10.0
Kent,Cold & Windy,Extreme,2026-10-10,0.0,Low,6.09,-10.0
Kent,Cold & Windy,Extreme,2026-10-11,0.0,Low,7.74,-10.0
Kent,Cold & Windy,Extreme,2026-10-12,0.0,Low,8.38,-10.0
Kent,Cold & Windy,Extreme,2026-10-13,0.0,Low,7.32,-10.0
Kent,Cold & Windy,Extreme,2026-10-14,0.0,Low,6.5,-10.0
Kent,Cold & Windy,Extreme,2026-10-15,0.0,Low,6.75,-10.0
Kent,Cold & Windy,Extreme,2026-10-16,0.0,Low,6.65,-10.0
Kent,Cold & Windy,Extreme,2026-10-17,0.0,Low,6.47,-10.0
Kent,Cold & Windy,Extreme,2026-10-18,0.0,Low,5.59,-10.0
Kent,Cold & Windy,Extreme,2026-10-19,0.0,Low,4.51,-10.0
Kent,Cold & Windy,Extreme,2026-10-20,0.0,Low,4.43,-10.0
Kent,Cold & Windy,Extreme,2026-10-21,0.0,Low,4.91,-10.0
Kent,Cold & Windy,Extreme,2026-10-22,0.0,Low,4.69,-10.0
Kent,Cold & Windy,Extreme,2026-10-23,0.0,Low,5.29,-10.0
Kent,Cold & Windy,Extreme,2026-10-24,0.0,Low,4.27,-10.0
Kent,Cold & Windy,Extreme,2026-10-25,0.0,Low,3.67,-10.0
Kent,Cold & Windy,Extreme,2026-10-26,0.0,Low,3.72,-10.0
Kent,Cold & Windy,Extreme,2026-10-27,0.0,Low,3.69,-10.0
Kent,Cold & Windy,Extreme,2026-10-28,0.0,Low,4.81,-10.0
Kent,Cold & Windy,Extreme,2026-10-29,0.0,Low,5.64,-10.0
Newport,Cold & Windy,Extreme,2026-09-30,0.0,Low,14.07,-7.9
Newport,Cold & Windy,Extreme,2026-10-01,0.0,Low,15.2,-7.9
Newport,Cold & Windy,Extreme,2026-10-02,0.0,Low,16.35,-7.9
Newport,Cold & Windy,Extreme,2026-10-03,0.0,Low,14.32,-7.9
Newport,Cold & Windy,Extreme,2026-10-04,0.0,Low,11.15,-7.9
Newport,Cold & Windy,Extreme,2026-10-05,0.0,Low,10.74,-7.9
Newport,Cold & Windy,Extreme,2026-10-06,0.0,Low,9.45,-7.9
Newport,Cold & Windy,Extreme,2026-10-07,0.0,Low,6.07,-7.9
Newport,Cold & Windy,Extreme,2026-10-08,0.0,Low,6.37,-7.9
Newport,Cold & Windy,Extreme,2026-10-09,0.0,Low,8.45,-7.9
Newport,Cold & Windy,Extreme,2026-10-10,0.0,Low,8.33,-7.9
Newport,Cold & Windy,Extreme,2026-10-11,0.0,Low,10.02,-7.9
Newport,Cold & Windy,Extreme,2026-10-12,0.0,Low,10.64,-7.9
Newport,Cold & Windy,Extreme,2026-10-13,0.0,Low,9.6,-7.9
Newport,Cold & Windy,Extreme,2026-10-14,0.0,Low,8.66,-7.9
Newport,Cold & Windy,Extreme,2026-10-15,0.0,Low,8.98,-7.9
Newport,Cold & Windy,Extreme,2026-10-16,0.0,Low,8.93,-7.9
Newport,Cold & Windy,Extreme,2026-10-17,0.0,Low,8.71,-7.9
Newport,Cold & Windy,Extreme,2026-10-18,0.0,Low,7.9,-7.9
Newport,Cold & Windy,Extreme,2026-10-19,0.0,Low,6.78,-7.9
Newport,Cold & Windy,Extreme,2026-10-20,0.0,Low,6.7,-7.9
Newport,Cold & Windy,Extreme,2026-10-21,0.0,Low,7.25,-7.9
Newport,Cold & Windy,Extreme,2026-10-22,0.0,Low,7.08,-7.9
Newport,Cold & Windy,Extreme,2026-10-23,0.0,Low,7.7,-7.9
Newport,Cold & Windy,Extreme,2026-10-24,0.0,Low,6.65,-7.9
Newport,Cold & Windy,Extreme,2026-10-25,0.0,Low,5.92,-7.9
Newport,Cold & Windy,Extreme,2026-10-26,0.0,Low,5.98,-7.9
Newport,Cold & Windy,Extreme,2026-10-27,0.0,Low,6.06,-7.9
Newport,Cold & Windy,Extreme,2026-10-28,0.0,Low,7.01,-7.9
Newport,Cold & Windy,Extreme,2026-10-29,0.0,Low,7.9,-7.9
Providence,Cold & Windy,Extreme,2026-09-30,0.0,Low,12.03,-10.47
Providence,Cold & Windy,Extreme,2026-10-01,0.0,Low,13.44,-10.47
Providence,Cold & Windy,Extreme,2026-10-02,0.0,Low,14.38,-10.47
Providence,Cold & Windy,Extreme,2026-10-03,0.0,Low,12.23,-10.47
Providence,Cold & Windy,Extreme,2026-10-04,0.0,Low,8.56,-10.47
Providence,Cold & Windy,Extreme,2026-10-05,0.0,Low,8.32,-10.47
Providence,Cold & Windy,Extreme,2026-10-06,0.0,Low,7.16,-10.47
Providence,Cold & Windy,Extreme,2026-10-07,0.0,Low,3.52,-10.47
Providence,Cold & Windy,Extreme,2026-10-08,0.0,Low,3.5,-10.47
Providence,Cold & Windy,Extreme,2026-10-09,0.0,Low,6.03,-10.47
Providence,Cold & Windy,Extreme,2026-10-10,0.0,Low,5.94,-10.47
Providence,Cold & Windy,Extreme,2026-10-11,0.0,Low,7.49,-10.47
Providence,Cold & Windy,Extreme,2026-10-12,0.0,Low,8.13,-10.47
Providence,Cold & Windy,Extreme,2026-10-13,0.0,Low,7.11,-10.47
Providence,Cold & Windy,Extreme,2026-10-14,0.0,Low,6.34,-10.47
Providence,Cold & Windy,Extreme,2026-10-15,0.0,Low,6.5,-10.47
Providence,Cold & Windy,Extreme,2026-10-16,0.0,Low,6.55,-10.47
Providence,Cold & Windy,Extreme,2026-10-17,0.0,Low,6.29,-10.47
Providence,Cold & Windy,Extreme,2026-10-18,0.0,Low,5.43,-10.47
Providence,Cold & Windy,Extreme,2026-10-19,0.0,Low,4.19,-10.47
Providence,Cold & Windy,Extreme,2026-10-20,0.0,Low,4.17,-10.47
Providence,Cold & Windy,Extreme,2026-10-21,0.0,Low,4.7,-10.47
Providence,Cold & Windy,Extreme,2026-10-22,0.0,Low,4.53,-10.47
Providence,Cold & Windy,Extreme,2026-10-23,0.0,Low,5.08,-10.47
Providence,Cold & Windy,Extreme,2026-10-24,0.0,Low,4.14,-10.47
Providence,Cold & Windy,Extreme,2026-10-25,0.0,Low,3.56,-10.47
Providence,Cold & Windy,Extreme,2026-10-26,0.0,Low,3.56,-10.47
Providence,Cold & Windy,Extreme,2026-10-27,0.0,Low,3.49,-10.47
Providence,Cold & Windy,Extreme,2026-10-28,0.0,Low,4.57,-10.47
Providence,Cold & Windy,Extreme,2026-10-29,0.0,Low,5.41,-10.47
Washington,Cold & Windy,Extreme,2026-09-30,0.0,Low,12.56,-8.27
Washington,Cold & Windy,Extreme,2026-10-01,0.0,Low,14.05,-8.27
Washington,Cold & Windy,Extreme,2026-10-02,0.0,Low,14.93,-8.27
Washington,Cold & Windy,Extreme,2026-10-03,0.0,Low,12.81,-8.27
Washington,Cold & Windy,Extreme,2026-10-04,0.0,Low,9.46,-8.27
Washington,Cold & Windy,Extreme,2026-10-05,0.0,Low,9.16,-8.27
Washington,Cold & Windy,Extreme,2026-10-06,0.0,Low,7.92,-8.27
Washington,Cold & Windy,Extreme,2026-10-07,0.0,Low,4.33,-8.27
Washington,Cold & Windy,Extreme,2026-10-08,0.0,Low,4.82,-8.27
Washington,Cold & Windy,Extreme,2026-10-09,0.0,Low,7.01,-8.27
Washington,Cold & Windy,Extreme,2026-10-10,0.0,Low,6.92,-8.27
Washington,Cold & Windy,Extreme,2026-10-11,0.0,Low,8.47,-8.27
Washington,Cold & Windy,Extreme,2026-10-12,0.0,Low,9.12,-8.27
Washington,Cold & Windy,Extreme,2026-10-13,0.0,Low,8.02,-8.27
Washington,Cold & Windy,Extreme,2026-10-14,0.0,Low,7.28,-8.27
Washington,Cold & Windy,Extreme,2026-10-15,0.0,Low,7.5,-8.27
Washington,Cold & Windy,Extreme,2026-10-16,0.0,Low,7.37,-8.27
Washington,Cold & Windy,Extreme,2026-10-17,0.0,Low,7.18,-8.27
Washington,Cold & Windy,Extreme,2026-10-18,0.0,Low,6.29,-8.27
Washington,Cold & Windy,Extreme,2026-10-19,0.0,Low,5.29,-8.27
Washington,Cold & Windy,Extreme,2026-10-20,0.0,Low,5.21,-8.27
Washington,Cold & Windy,Extreme,2026-10-21,0.0,Low,5.6,-8.27
Washington,Cold & Windy,Extreme,2026-10-22,0.0,Low,5.37,-8.27
Washington,Cold & Windy,Extreme,2026-10-23,0.0,Low,6.03,-8.27
Washington,Cold & Windy,Extreme,2026-10-24,0.0,Low,4.94,-8.27
Washington,Cold & Windy,Extreme,2026-10-25,0.0,Low,4.43,-8.27
Washington,Cold & Windy,Extreme,2026-10-26,0.0,Low,4.54,-8.27
Washington,Cold & Windy,Extreme,2026-10-27,0.0,Low,4.55,-8.27
Washington,Cold & Windy,Extreme,2026-10-28,0.0,Low,5.63,-8.27
Washington,Cold & Windy,Extreme,2026-10-29,0.0,Low,6.4,-8.27
Bristol,Cold & Windy,Notable,2026-09-30,0.0,Low,13.69,-3.29
Bristol,Cold & Windy,Notable,2026-10-01,0.0,Low,14.8,-3.29
Bristol,Cold & Windy,Notable,2026-10-02,0.0,Low,15.78,-3.29
Bristol,Cold & Windy,Notable,2026-10-03,0.0,Low,13.63,-3.29
Bristol,Cold & Windy,Notable,2026-10-04,0.0,Low,10.26,-3.29
Bristol,Cold & Windy,Notable,2026-10-05,0.0,Low,9.93,-3.29
Bristol,Cold & Windy,Notable,2026-10-06,0.0,Low,8.8,-3.29
Bristol,Cold & Windy,Notable,2026-10-07,0.0,Low,5.31,-3.29
Bristol,Cold & Windy,Notable,2026-10-08,0.0,Low,5.34,-3.29
Bristol,Cold & Windy,Notable,2026-10-09,0.0,Low,7.53,-3.29
Bristol,Cold & Windy,Notable,2026-10-10,0.0,Low,7.42,-3.29
Bristol,Cold & Windy,Notable,2026-10-11,0.0,Low,9.25,-3.29
Bristol,Cold & Windy,Notable,2026-10-12,0.0,Low,9.95,-3.29
Bristol,Cold & Windy,Notable,2026-10-13,0.0,Low,8.9,-3.29
Bristol,Cold & Windy,Notable,2026-10-14,0.0,Low,7.9,-3.29
Bristol,Cold & Windy,Notable,2026-10-15,0.0,Low,8.16,-3.29
Bristol,Cold & Windy,Notable,2026-10-16,0.0,Low,8.14,-3.29
Bristol,Cold & Windy,Notable,2026-10-17,0.0,Low,7.93,-3.29
Bristol,Cold & Windy,Notable,2026-10-18,0.0,Low,7.15,-3.29
Bristol,Cold & Windy,Notable,2026-10-19,0.0,Low,5.95,-3.29
Bristol,Cold & Windy,Notable,2026-10-20,0.0,Low,5.84,-3.29
Bristol,Cold & Windy,Notable,2026-10-21,0.0,Low,6.52,-3.29
Bristol,Cold & Windy,Notable,2026-10-22,0.0,Low,6.34,-3.29
Bristol,Cold & Windy,Notable,2026-10-23,0.0,Low,6.96,-3.29
Bristol,Cold & Windy,Notable,2026-10-24,0.0,Low,5.91,-3.29
Bristol,Cold & Windy,Notable,2026-10-25,0.0,Low,5.14,-3.29
Bristol,Cold & Windy,Notable,2026-10-26,0.0,Low,5.14,-3.29
Bristol,Cold & Windy,Notable,2026-10-27,0.0,Low,5.17,-3.29
Bristol,Cold & Windy,Notable,2026-10-28,0.0,Low,6.18,-3.29
Bristol,Cold & Windy,Notable,2026-10-29,0.0,Low,7.12,-3.29
Kent,Cold & Windy,Notable,2026-09-30,0.0,Low,12.2,-5.11
Kent,Cold & Windy,Notable,2026-10-01,0.0,Low,13.63,-5.11
Kent,Cold & Windy,Notable,2026-10-02,0.0,Low,14.38,-5.11
Kent,Cold & Windy,Notable,2026-10-03,0.0,Low,12.25,-5.11
Kent,Cold & Windy,Notable,2026-10-04,0.0,Low,8.72,-5.11
Kent,Cold & Windy,Notable,2026-10-05,0.0,Low,8.48,-5.11
Kent,Cold & Windy,Notable,2026-10-06,0.0,Low,7.33,-5.11
Kent,Cold & Windy,Notable,2026-10-07,0.0,Low,3.68,-5.11
Kent,Cold & Windy,Notable,2026-10-08,0.0,Low,3.84,-5.11
Kent,Cold & Windy,Notable,2026-10-09,0.0,Low,6.16,-5.11
Kent,Cold & Windy,Notable,2026-10-10,0.0,Low,6.09,-5.11
Kent,Cold & Windy,Notable,2026-10-11,0.0,Low,7.74,-5.11
Kent,Cold & Windy,Notable,2026-10-12,0.0,Low,8.38,-5.11
Kent,Cold & Windy,Notable,2026-10-13,0.0,Low,7.32,-5.11
Kent,Cold & Windy,Notable,2026-10-14,0.0,Low,6.5,-5.11
Kent,Cold & Windy,Notable,2026-10-15,0.0,Low,6.75,-5.11
Kent,Cold & Windy,Notable,2026-10-16,0.0,Low,6.65,-5.11
Kent,Cold & Windy,Notable,2026-10-17,0.0,Low,6.47,-5.11
Kent,Cold & Windy,Notable,2026-10-18,0.0,Low,5.59,-5.11
Kent,Cold & Windy,Notable,2026-10-19,0.0,Low,4.51,-5.11
Kent,Cold & Windy,Notable,2026-10-20,0.0,Low,4.43,-5.11
Kent,Cold & Windy,Notable,2026-10-21,0.0,Low,4.91,-5.11
Kent,Cold & Windy,Notable,2026-10-22,0.0,Low,4.69,-5.11
Kent,Cold & Windy,Notable,2026-10-23,0.0,Low,5.29,-5.11
Kent,Cold & Windy,Notable,2026-10-24,0.0,Low,4.27,-5.11
Kent,Cold & Windy,Notable,2026-10-25,0.0,Low,3.67,-5.11
Kent,Cold & Windy,Notable,2026-10-26,0.0,Low,3.72,-5.11
Kent,Cold & Windy,Notable,2026-10-27,0.0,Low,3.69,-5.11
Kent,Cold & Windy,Notable,2026-10-28,0.0,Low,4.81,-5.11
Kent,Cold & Windy,Notable,2026-10-29,0.0,Low,5.64,-5.11
Newport,Cold & Windy,Notable,2026-09-30,0.0,Low,14.07,-3.96
Newport,Cold & Windy,Notable,2026-10-01,0.0,Low,15.2,-3.96
Newport,Cold & Windy,Notable,2026-10-02,0.0,Low,16.35,-3.96
Newport,Cold & Windy,Notable,2026-10-03,0.0,Low,14.32,-3.96
Newport,Cold & Windy,Notable,2026-10-04,0.0,Low,11.15,-3.96
Newport,Cold & Windy,Notable,2026-10-05,0.0,Low,10.74,-3.96
Newport,Cold & Windy,Notable,2026-10-06,0.0,Low,9.45,-3.96
Newport,Cold & Windy,Notable,2026-10-07,0.0,Low,6.07,-3.96
Newport,Cold & Windy,Notable,2026-10-08,0.0,Low,6.37,-3.96
Newport,Cold & Windy,Notable,2026-10-09,0.0,Low,8.45,-3.96
Newport,Cold & Windy,Notable,2026-10-10,0.0,Low,8.33,-3.96
Newport,Cold & Windy,Notable,2026-10-11,0.0,Low,10.02,-3.96
Newport,Cold & Windy,Notable,2026-10-12,0.0,Low,10.64,-3.96
Newport,Cold & Windy,Notable,2026-10-13,0.0,Low,9.6,-3.96
Newport,Cold & Windy,Notable,2026-10-14,0.0,Low,8.66,-3.96
Newport,Cold & Windy,Notable,2026-10-15,0.0,Low,8.98,-3.96
Newport,Cold & Windy,Notable,2026-10-16,0.0,Low,8.93,-3.96
Newport,Cold & Windy,Notable,2026-10-17,0.0,Low,8.71,-3.96
Newport,Cold & Windy,Notable,2026-10-18,0.0,Low,7.9,-3.96
Newport,Cold & Windy,Notable,2026-10-19,0.0,Low,6.78,-3.96
Newport,Cold & Windy,Notable,2026-10-20,0.0,Low,6.7,-3.96
Newport,Cold & Windy,Notable,2026-10-21,0.0,Low,7.25,-3.96
Newport,Cold & Windy,Notable,2026-10-22,0.0,Low,7.08,-3.96
Newport,Cold & Windy,Notable,2026-10-23,0.0,Low,7.7,-3.96
Newport,Cold & Windy,Notable,2026-10-24,0.0,Low,6.65,-3.96
Newport,Cold & Windy,Notable,2026-10-25,0.0,Low,5.92,-3.96
Newport,Cold & Windy,Notable,2026-10-26,0.0,Low,5.98,-3.96
Newport,Cold & Windy,Notable,2026-10-27,0.0,Low,6.06,-3.96
Newport,Cold & Windy,Notable,2026-10-28,0.0,Low,7.01,-3.96
Newport,Cold & Windy,Notable,2026-10-29,0.0,Low,7.9,-3.96
Providence,Cold & Windy,Notable,2026-09-30,0.0,Low,12.03,-4.6
Providence,Cold & Windy,Notable,2026-10-01,0.0,Low,13.44,-4.6
Providence,Cold & Windy,Notable,2026-10-02,0.0,Low,14.38,-4.6
Providence,Cold & Windy,Notable,2026-10-03,0.0,Low,12.23,-4.6
Providence,Cold & Windy,Notable,2026-10-04,0.0,Low,8.56,-4.6
Providence,Cold & Windy,Notable,2026-10-05,0.0,Low,8.32,-4.6
Providence,Cold & Windy,Notable,2026-10-06,0.0,Low,7.16,-4.6
Providence,Cold & Windy,Notable,2026-10-07,0.0,Low,3.52,-4.6
Providence,Cold & Windy,Notable,2026-10-08,0.0,Low,3.5,-4.6
Providence,Cold & Windy,Notable,2026-10-09,0.0,Low,6.03,-4.6
Providence,Cold & Windy,Notable,2026-10-10,0.0,Low,5.94,-4.6
Providence,Cold & Windy,Notable,2026-10-11,0.0,Low,7.49,-4.6
Providence,Cold & Windy,Notable,2026-10-12,0.0,Low,8.13,-4.6
Providence,Cold & Windy,Notable,2026-10-13,0.0,Low,7.11,-4.6
Providence,Cold & Windy,Notable,2026-10-14,0.0,Low,6.34,-4.6
Providence,Cold & Windy,Notable,2026-10-15,0.0,Low,6.5,-4.6
Providence,Cold & Windy,Notable,2026-10-16,0.0,Low,6.55,-4.6
Providence,Cold & Windy,Notable,2026-10-17,0.0,Low,6.29,-4.6
Providence,Cold & Windy,Notable,2026-10-18,0.0,Low,5.43,-4.6
Providence,Cold & Windy,Notable,2026-10-19,0.0,Low,4.19,-4.6
Providence,Cold & Windy,Notable,2026-10-20,0.0,Low,4.17,-4.6
Providence,Cold & Windy,Notable,2026-10-21,0.0,Low,4.7,-4.6
Providence,Cold & Windy,Notable,2026-10-22,0.0,Low,4.53,-4.6
Providence,Cold & Windy,Notable,2026-10-23,0.0,Low,5.08,-4.6
Providence,Cold & Windy,Notable,2026-10-24,0.0,Low,4.14,-4.6
Providence,Cold & Windy,Notable,2026-10-25,0.0,Low,3.56,-4.6
Providence,Cold & Windy,Notable,2026-10-26,0.0,Low,3.56,-4.6
Providence,Cold & Windy,Notable,2026-10-27,0.0,Low,3.49,-4.6
Providence,Cold & Windy,Notable,2026-10-28,0.0,Low,4.57,-4.6
Providence,Cold & Windy,Notable,2026-10-29,0.0,Low,5.41,-4.6
Washington,Cold & Windy,Notable,2026-09-30,0.0,Low,12.56,-4.74
Washington,Cold & Windy,Notable,2026-10-01,0.0,Low,14.05,-4.74
Washington,Cold & Windy,Notable,2026-10-02,0.0,Low,14.93,-4.74
Washington,Cold & Windy,Notable,2026-10-03,0.0,Low,12.81,-4.74
Washington,Cold & Windy,Notable,2026-10-04,0.0,Low,9.46,-4.74
Washington,Cold & Windy,Notable,2026-10-05,0.0,Low,9.16,-4.74
Washington,Cold & Windy,Notable,2026-10-06,0.0,Low,7.92,-4.74
Washington,Cold & Windy,Notable,2026-10-07,0.0,Low,4.33,-4.74
Washington,Cold & Windy,Notable,2026-10-08,0.0,Low,4.82,-4.74
Washington,Cold & Windy,Notable,2026-10-09,0.0,Low,7.01,-4.74
Washington,Cold & Windy,Notable,2026-10-10,0.0,Low,6.92,-4.74
Washington,Cold & Windy,Notable,2026-10-11,0.0,Low,8.47,-4.74
Washington,Cold & Windy,Notable,2026-10-12,0.0,Low,9.12,-4.74
Washington,Cold & Windy,Notable,2026-10-13,0.0,Low,8.02,-4.74
Washington,Cold & Windy,Notable,2026-10-14,0.0,Low,7.28,-4.74
Washington,Cold & Windy,Notable,2026-10-15,0.0,Low,7.5,-4.74
Washington,Cold & Windy,Notable,2026-10-16,0.0,Low,7.37,-4.74
Washington,Cold & Windy,Notable,2026-10-17,0.0,Low,7.18,-4.74
Washington,Cold & Windy,Notable,2026-10-18,0.0,Low,6.29,-4.74
Washington,Cold & Windy,Notable,2026-10-19,0.0,Low,5.29,-4.74
Washington,Cold & Windy,Notable,2026-10-20,0.0,Low,5.21,-4.74
Washington,Cold & Windy,Notable,2026-10-21,0.0,Low,5.6,-4.74
Washington,Cold & Windy,Notable,2026-10-22,0.0,Low,5.37,-4.74
Washington,Cold & Windy,Notable,2026-10-23,0.0,Low,6.03,-4.74
Washington,Cold & Windy,Notable,2026-10-24,0.0,Low,4.94,-4.74
Washington,Cold & Windy,Notable,2026-10-25,0.0,Low,4.43,-4.74
Washington,Cold & Windy,Notable,2026-10-26,0.0,Low,4.54,-4.74
Washington,Cold & Windy,Notable,2026-10-27,0.0,Low,4.55,-4.74
Washington,Cold & Windy,Notable,2026-10-28,0.0,Low,5.63,-4.74
Washington,Cold & Windy,Notable,2026-10-29,0.0,Low,6.4,-4.74
Bristol,Cold & Windy,Severe,2026-09-30,0.0,Low,13.69,-5.83
Bristol,Cold & Windy,Severe,2026-10-01,0.0,Low,14.8,-5.83
Bristol,Cold & Windy,Severe,2026-10-02,0.0,Low,15.78,-5.83
Bristol,Cold & Windy,Severe,2026-10-03,0.0,Low,13.63,-5.83
Bristol,Cold & Windy,Severe,2026-10-04,0.0,Low,10.26,-5.83
Bristol,Cold & Windy,Severe,2026-10-05,0.0,Low,9.93,-5.83
Bristol,Cold & Windy,Severe,2026-10-06,0.0,Low,8.8,-5.83
Bristol,Cold & Windy,Severe,2026-10-07,0.0,Low,5.31,-5.83
Bristol,Cold & Windy,Severe,2026-10-08,0.0,Low,5.34,-5.83
Bristol,Cold & Windy,Severe,2026-10-09,0.0,Low,7.53,-5.83
Bristol,Cold & Windy,Severe,2026-10-10,0.0,Low,7.42,-5.83
Bristol,Cold & Windy,Severe,2026-10-11,0.0,Low,9.25,-5.83
Bristol,Cold & Windy,Severe,2026-10-12,0.0,Low,9.95,-5.83
Bristol,Cold & Windy,Severe,2026-10-13,0.0,Low,8.9,-5.83
Bristol,Cold & Windy,Severe,2026-10-14,0.0,Low,7.9,-5.83
Bristol,Cold & Windy,Severe,2026-10-15,0.0,Low,8.16,-5.83
Bristol,Cold & Windy,Severe,2026-10-16,0.0,Low,8.14,-5.83
Bristol,Cold & Windy,Severe,2026-10-17,0.0,Low,7.93,-5.83
Bristol,Cold & Windy,Severe,2026-10-18,0.0,Low,7.15,-5.83
Bristol,Cold & Windy,Severe,2026-10-19,0.0,Low,5.95,-5.83
Bristol,Cold & Windy,Severe,2026-10-20,0.0,Low,5.84,-5.83
Bristol,Cold & Windy,Severe,2026-10-21,0.0,Low,6.52,-5.83
Bristol,Cold & Windy,Severe,2026-10-22,0.0,Low,6.34,-5.83
Bristol,Cold & Windy,Severe,2026-10-23,0.0,Low,6.96,-5.83
Bristol,Cold & Windy,Severe,2026-10-24,0.0,Low,5.91,-5.83
Bristol,Cold & Windy,Severe,2026-10-25,0.0,Low,5.14,-5.83
Bristol,Cold & Windy,Severe,2026-10-26,0.0,Low,5.14,-5.83
Bristol,Cold & Windy,Severe,2026-10-27,0.0,Low,5.17,-5.83
Bristol,Cold & Windy,Severe,2026-10-28,0.0,Low,6.18,-5.83
Bristol,Cold & Windy,Severe,2026-10-29,0.0,Low,7.12,-5.83
Kent,Cold & Windy,Severe,2026-09-30,0.0,Low,12.2,-6.84
Kent,Cold & Windy,Severe,2026-10-01,0.0,Low,13.63,-6.84
Kent,Cold & Windy,Severe,2026-10-02,0.0,Low,14.38,-6.84
Kent,Cold & Windy,Severe,2026-10-03,0.0,Low,12.25,-6.84
Kent,Cold & Windy,Severe,2026-10-04,0.0,Low,8.72,-6.84
Kent,Cold & Windy,Severe,2026-10-05,0.0,Low,8.48,-6.84
Kent,Cold & Windy,Severe,2026-10-06,0.0,Low,7.33,-6.84
Kent,Cold & Windy,Severe,2026-10-07,0.0,Low,3.68,-6.84
Kent,Cold & Windy,Severe,2026-10-08,0.0,Low,3.84,-6.84
Kent,Cold & Windy,Severe,2026-10-09,0.0,Low,6.16,-6.84
Kent,Cold & Windy,Severe,2026-10-10,0.0,Low,6.09,-6.84
Kent,Cold & Windy,Severe,2026-10-11,0.0,Low,7.74,-6.84
Kent,Cold & Windy,Severe,2026-10-12,0.0,Low,8.38,-6.84
Kent,Cold & Windy,Severe,2026-10-13,0.0,Low,7.32,-6.84
Kent,Cold & Windy,Severe,2026-10-14,0.0,Low,6.5,-6.84
Kent,Cold & Windy,Severe,2026-10-15,0.0,Low,6.75,-6.84
Kent,Cold & Windy,Severe,2026-10-16,0.0,Low,6.65,-6.84
Kent,Cold & Windy,Severe,2026-10-17,0.0,Low,6.47,-6.84
Kent,Cold & Windy,Severe,2026-10-18,0.0,Low,5.59,-6.84
Kent,Cold & Windy,Severe,2026-10-19,0.0,Low,4.51,-6.84
Kent,Cold & Windy,Severe,2026-10-20,0.0,Low,4.43,-6.84
Kent,Cold & Windy,Severe,2026-10-21,0.0,Low,4.91,-6.84
Kent,Cold & Windy,Severe,2026-10-22,0.0,Low,4.69,-6.84
Kent,Cold & Windy,Severe,2026-10-23,0.0,Low,5.29,-6.84
Kent,Cold & Windy,Severe,2026-10-24,0.0,Low,4.27,-6.84
Kent,Cold & Windy,Severe,2026-10-25,0.0,Low,3.67,-6.84
Kent,Cold & Windy,Severe,2026-10-26,0.0,Low,3.72,-6.84
Kent,Cold & Windy,Severe,2026-10-27,0.0,Low,3.69,-6.84
Kent,Cold & Windy,Severe,2026-10-28,0.0,Low,4.81,-6.84
Kent,Cold & Windy,Severe,2026-10-29,0.0,Low,5.64,-6.84
Newport,Cold & Windy,Severe,2026-09-30,0.0,Low,14.07,-5.34
Newport,Cold & Windy,Severe,2026-10-01,0.0,Low,15.2,-5.34
Newport,Cold & Windy,Severe,2026-10-02,0.0,Low,16.35,-5.34
Newport,Cold & Windy,Severe,2026-10-03,0.0,Low,14.32,-5.34
Newport,Cold & Windy,Severe,2026-10-04,0.0,Low,11.15,-5.34
Newport,Cold & Windy,Severe,2026-10-05,0.0,Low,10.74,-5.34
Newport,Cold & Windy,Severe,2026-10-06,0.0,Low,9.45,-5.34
Newport,Cold & Windy,Severe,2026-10-07,0.0,Low,6.07,-5.34
Newport,Cold & Windy,Severe,2026-10-08,0.0,Low,6.37,-5.34
Newport,Cold & Windy,Severe,2026-10-09,0.0,Low,8.45,-5.34
Newport,Cold & Windy,Severe,2026-10-10,0.0,Low,8.33,-5.34
Newport,Cold & Windy,Severe,2026-10-11,0.0,Low,10.02,-5.34
Newport,Cold & Windy,Severe,2026-10-12,0.0,Low,10.64,-5.34
Newport,Cold & Windy,Severe,2026-10-13,0.0,Low,9.6,-5.34
Newport,Cold & Windy,Severe,2026-10-14,0.0,Low,8.66,-5.34
Newport,Cold & Windy,Severe,2026-10-15,0.0,Low,8.98,-5.34
Newport,Cold & Windy,Severe,2026-10-16,0.0,Low,8.93,-5.34
Newport,Cold & Windy,Severe,2026-10-17,0.0,Low,8.71,-5.34
Newport,Cold & Windy,Severe,2026-10-18,0.0,Low,7.9,-5.34
Newport,Cold & Windy,Severe,2026-10-19,0.0,Low,6.78,-5.34
Newport,Cold & Windy,Severe,2026-10-20,0.0,Low,6.7,-5.34
Newport,Cold & Windy,Severe,2026-10-21,0.0,Low,7.25,-5.34
Newport,Cold & Windy,Severe,2026-10-22,0.0,Low,7.08,-5.34
Newport,Cold & Windy,Severe,2026-10-23,0.0,Low,7.7,-5.34
Newport,Cold & Windy,Severe,2026-10-24,0.0,Low,6.65,-5.34
Newport,Cold & Windy,Severe,2026-10-25,0.0,Low,5.92,-5.34
Newport,Cold & Windy,Severe,2026-10-26,0.0,Low,5.98,-5.34
Newport,Cold & Windy,Severe,2026-10-27,0.0,Low,6.06,-5.34
Newport,Cold & Windy,Severe,2026-10-28,0.0,Low,7.01,-5.34
Newport,Cold & Windy,Severe,2026-10-29,0.0,Low,7.9,-5.34
Providence,Cold & Windy,Severe,2026-09-30,0.0,Low,12.03,-7.14
Providence,Cold & Windy,Severe,2026-10-01,0.0,Low,13.44,-7.14
Providence,Cold & Windy,Severe,2026-10-02,0.0,Low,14.38,-7.14
Providence,Cold & Windy,Severe,2026-10-03,0.0,Low,12.23,-7.14
Providence,Cold & Windy,Severe,2026-10-04,0.0,Low,8.56,-7.14
Providence,Cold & Windy,Severe,2026-10-05,0.0,Low,8.32,-7.14
Providence,Cold & Windy,Severe,2026-10-06,0.0,Low,7.16,-7.14
Providence,Cold & Windy,Severe,2026-10-07,0.0,Low,3.52,-7.14
Providence,Cold & Windy,Severe,2026-10-08,0.0,Low,3.5,-7.14
Providence,Cold & Windy,Severe,2026-10-09,0.0,Low,6.03,-7.14
Providence,Cold & Windy,Severe,2026-10-10,0.0,Low,5.94,-7.14
Providence,Cold & Windy,Severe,2026-10-11,0.0,Low,7.49,-7.14
Providence,Cold & Windy,Severe,2026-10-12,0.0,Low,8.13,-7.14
Providence,Cold & Windy,Severe,2026-10-13,0.0,Low,7.11,-7.14
Providence,Cold & Windy,Severe,2026-10-14,0.0,Low,6.34,-7.14
Providence,Cold & Windy,Severe,2026-10-15,0.0,Low,6.5,-7.14
Providence,Cold & Windy,Severe,2026-10-16,0.0,Low,6.55,-7.14
Providence,Cold & Windy,Severe,2026-10-17,0.0,Low,6.29,-7.14
Providence,Cold & Windy,Severe,2026-10-18,0.0,Low,5.43,-7.14
Providence,Cold & Windy,Severe,2026-10-19,0.0,Low,4.19,-7.14
Providence,Cold & Windy,Severe,2026-10-20,0.0,Low,4.17,-7.14
Providence,Cold & Windy,Severe,2026-10-21,0.0,Low,4.7,-7.14
Providence,Cold & Windy,Severe,2026-10-22,0.0,Low,4.53,-7.14
Providence,Cold & Windy,Severe,2026-10-23,0.0,Low,5.08,-7.14
Providence,Cold & Windy,Severe,2026-10-24,0.0,Low,4.14,-7.14
Providence,Cold & Windy,Severe,2026-10-25,0.0,Low,3.56,-7.14
Providence,Cold & Windy,Severe,2026-10-26,0.0,Low,3.56,-7.14
Providence,Cold & Windy,Severe,2026-10-27,0.0,Low,3.49,-7.14
Providence,Cold & Windy,Severe,2026-10-28,0.0,Low,4.57,-7.14
Providence,Cold & Windy,Severe,2026-10-29,0.0,Low,5.41,-7.14
Washington,Cold & Windy,Severe,2026-09-30,0.0,Low,12.56,-6.04
Washington,Cold & Windy,Severe,2026-10-01,0.0,Low,14.05,-6.04
Washington,Cold & Windy,Severe,2026-10-02,0.0,Low,14.93,-6.04
Washington,Cold & Windy,Severe,2026-10-03,0.0,Low,12.81,-6.04
Washington,Cold & Windy,Severe,2026-10-04,0.0,Low,9.46,-6.04
Washington,Cold & Windy,Severe,2026-10-05,0.0,Low,9.16,-6.04
Washington,Cold & Windy,Severe,2026-10-06,0.0,Low,7.92,-6.04
Washington,Cold & Windy,Severe,2026-10-07,0.0,Low,4.33,-6.04
Washington,Cold & Windy,Severe,2026-10-08,0.0,Low,4.82,-6.04
Washington,Cold & Windy,Severe,2026-10-09,0.0,Low,7.01,-6.04
Washington,Cold & Windy,Severe,2026-10-10,0.0,Low,6.92,-6.04
Washington,Cold & Windy,Severe,2026-10-11,0.0,Low,8.47,-6.04
Washington,Cold & Windy,Severe,2026-10-12,0.0,Low,9.12,-6.04
Washington,Cold & Windy,Severe,2026-10-13,0.0,Low,8.02,-6.04
Washington,Cold & Windy,Severe,2026-10-14,0.0,Low,7.28,-6.04
Washington,Cold & Windy,Severe,2026-10-15,0.0,Low,7.5,-6.04
Washington,Cold & Windy,Severe,2026-10-16,0.0,Low,7.37,-6.04
Washington,Cold & Windy,Severe,2026-10-17,0.0,Low,7.18,-6.04
Washington,Cold & Windy,Severe,2026-10-18,0.0,Low,6.29,-6.04
Washington,Cold & Windy,Severe,2026-10-19,0.0,Low,5.29,-6.04
Washington,Cold & Windy,Severe,2026-10-20,0.0,Low,5.21,-6.04
Washington,Cold & Windy,Severe,2026-10-21,0.0,Low,5.6,-6.04
Washington,Cold & Windy,Severe,2026-10-22,0.0,Low,5.37,-6.04
Washington,Cold & Windy,Severe,2026-10-23,0.0,Low,6.03,-6.04
Washington,Cold & Windy,Severe,2026-10-24,0.0,Low,4.94,-6.04
Washington,Cold & Windy,Severe,2026-10-25,0.0,Low,4.43,-6.04
Washington,Cold & Windy,Severe,2026-10-26,0.0,Low,4.54,-6.04
Washington,Cold & Windy,Severe,2026-10-27,0.0,Low,4.55,-6.04
Washington,Cold & Windy,Severe,2026-10-28,0.0,Low,5.63,-6.04
Washington,Cold & Windy,Severe,2026-10-29,0.0,Low,6.4,-6.04
Bristol,Hot,Extreme,2026-09-30,0.0,Low,25.26,33.2
Bristol,Hot,Extreme,2026-10-01,0.0,Low,26.35,33.2
Bristol,Hot,Extreme,2026-10-02,0.0,Low,26.8,33.2
Bristol,Hot,Extreme,2026-10-03,0.0,Low,24.73,33.2
Bristol,Hot,Extreme,2026-10-04,0.0,Low,21.03,33.2
Bristol,Hot,Extreme,2026-10-05,0.0,Low,20.65,33.2
Bristol,Hot,Extreme,2026-10-06,0.0,Low,18.51,33.2
Bristol,Hot,Extreme,2026-10-07,0.0,Low,17.38,33.2
Bristol,Hot,Extreme,2026-10-08,0.0,Low,20.01,33.2
Bristol,Hot,Extreme,2026-10-09,0.0,Low,19.82,33.2
Bristol,Hot,Extreme,2026-10-10,0.0,Low,19.91,33.2
Bristol,Hot,Extreme,2026-10-11,0.0,Low,20.93,33.2
Bristol,Hot,Extreme,2026-10-12,0.0,Low,21.12,33.2
Bristol,Hot,Extreme,2026-10-13,0.0,Low,19.65,33.2
Bristol,Hot,Extreme,2026-10-14,0.0,Low,19.39,33.2
Bristol,Hot,Extreme,2026-10-15,0.0,Low,19.64,33.2
Bristol,Hot,Extreme,2026-10-16,0.0,Low,20.12,33.2
Bristol,Hot,Extreme,2026-10-17,0.0,Low,19.12,33.2
Bristol,Hot,Extreme,2026-10-18,0.0,Low,18.2,33.2
Bristol,Hot,Extreme,2026-10-19,0.0,Low,16.95,33.2
Bristol,Hot,Extreme,2026-10-20,0.0,Low,17.21,33.2
Bristol,Hot,Extreme,2026-10-21,0.0,Low,16.93,33.2
Bristol,Hot,Extreme,2026-10-22,0.0,Low,17.83,33.2
Bristol,Hot,Extreme,2026-10-23,0.0,Low,18.07,33.2
Bristol,Hot,Extreme,2026-10-24,0.0,Low,16.11,33.2
Bristol,Hot,Extreme,2026-10-25,0.0,Low,16.29,33.2
Bristol,Hot,Extreme,2026-10-26,0.0,Low,17.74,33.2
Bristol,Hot,Extreme,2026-10-27,0.0,Low,17.88,33.2
Bristol,Hot,Extreme,2026-10-28,0.0,Low,17.11,33.2
Bristol,Hot,Extreme,2026-10-29,0.0,Low,17.67,33.2
Kent,Hot,Extreme,2026-09-30,0.0,Low,24.86,33.0
Kent,Hot,Extreme,2026-10-01,0.0,Low,25.86,33.0
Kent,Hot,Extreme,2026-10-02,0.0,Low,26.32,33.0
Kent,Hot,Extreme,2026-10-03,0.0,Low,24.05,33.0
Kent,Hot,Extreme,2026-10-04,0.0,Low,20.44,33.0
Kent,Hot,Extreme,2026-10-05,0.0,Low,19.92,33.0
Kent,Hot,Extreme,2026-10-06,0.0,Low,17.81,33.0
Kent,Hot,Extreme,2026-10-07,0.0,Low,17.08,33.0
Kent,Hot,Extreme,2026-10-08,0.0,Low,19.47,33.0
Kent,Hot,Extreme,2026-10-09,0.0,Low,19.3,33.0
Kent,Hot,Extreme,2026-10-10,0.0,Low,19.4,33.0
Kent,Hot,Extreme,2026-10-11,0.0,Low,20.49,33.0
Kent,Hot,Extreme,2026-10-12,0.0,Low,20.56,33.0
Kent,Hot,Extreme,2026-10-13,0.0,Low,19.12,33.0
Kent,Hot,Extreme,2026-10-14,0.0,Low,18.87,33.0
Kent,Hot,Extreme,2026-10-15,0.0,Low,19.12,33.0
Kent,Hot,Extreme,2026-10-16,0.0,Low,19.67,33.0
Kent,Hot,Extreme,2026-10-17,0.0,Low,18.58,33.0
Kent,Hot,Extreme,2026-10-18,0.0,Low,17.67,33.0
Kent,Hot,Extreme,2026-10-19,0.0,Low,16.48,33.0
Kent,Hot,Extreme,2026-10-20,0.0,Low,16.68,33.0
Kent,Hot,Extreme,2026-10-21,0.0,Low,16.4,33.0
Kent,Hot,Extreme,2026-10-22,0.0,Low,17.29,33.0
Kent,Hot,Extreme,2026-10-23,0.0,Low,17.44,33.0
Kent,Hot,Extreme,2026-10-24,0.0,Low,15.53,33.0
Kent,Hot,Extreme,2026-10-25,0.0,Low,15.94,33.0
Kent,Hot,Extreme,2026-10-26,0.0,Low,17.31,33.0
Kent,Hot,Extreme,2026-10-27,0.0,Low,17.38,33.0
Kent,Hot,Extreme,2026-10-28,0.0,Low,16.76,33.0
Kent,Hot,Extreme,2026-10-29,0.0,Low,17.41,33.0
Newport,Hot,Extreme,2026-09-30,0.0,Low,24.41,31.36
Newport,Hot,Extreme,2026-10-01,0.0,Low,25.58,31.36
Newport,Hot,Extreme,2026-10-02,0.0,Low,26.09,31.36
Newport,Hot,Extreme,2026-10-03,0.0,Low,24.26,31.36
Newport,Hot,Extreme,2026-10-04,0.0,Low,20.69,31.36
Newport,Hot,Extreme,2026-10-05,0.0,Low,20.31,31.36
Newport,Hot,Extreme,2026-10-06,0.0,Low,18.22,31.36
Newport,Hot,Extreme,2026-10-07,0.0,Low,16.95,31.36
Newport,Hot,Extreme,2026-10-08,0.0,Low,19.45,31.36
Newport,Hot,Extreme,2026-10-09,0.0,Low,19.48,31.36
Newport,Hot,Extreme,2026-10-10,0.0,Low,19.44,31.36
Newport,Hot,Extreme,2026-10-11,0.0,Low,20.48,31.36
Newport,Hot,Extreme,2026-10-12,0.0,Low,20.72,31.36
Newport,Hot,Extreme,2026-10-13,0.0,Low,19.34,31.36
Newport,Hot,Extreme,2026-10-14,0.0,Low,19.01,31.36
Newport,Hot,Extreme,2026-10-15,0.0,Low,19.32,31.36
Newport,Hot,Extreme,2026-10-16,0.0,Low,19.66,31.36
Newport,Hot,Extreme,2026-10-17,0.0,Low,18.82,31.36
Newport,Hot,Extreme,2026-10-18,0.0,Low,17.96,31.36
Newport,Hot,Extreme,2026-10-19,0.0,Low,16.78,31.36
Newport,Hot,Extreme,2026-10-20,0.0,Low,16.91,31.36
Newport,Hot,Extreme,2026-10-21,0.0,Low,16.8,31.36
Newport,Hot,Extreme,2026-10-22,0.0,Low,17.57,31.36
Newport,Hot,Extreme,2026-10-23,0.0,Low,17.67,31.36
Newport,Hot,Extreme,2026-10-24,0.0,Low,15.89,31.36
Newport,Hot,Extreme,2026-10-25,0.0,Low,16.07,31.36
Newport,Hot,Extreme,2026-10-26,0.0,Low,17.37,31.36
Newport,Hot,Extreme,2026-10-27,0.0,Low,17.5,31.36
Newport,Hot,Extreme,2026-10-28,0.0,Low,16.84,31.36
Newport,Hot,Extreme,2026-10-29,0.0,Low,17.26,31.36
Providence,Hot,Extreme,2026-09-30,0.0,Low,24.86,32.8
Providence,Hot,Extreme,2026-10-01,0.0,Low,26.0,32.8
Providence,Hot,Extreme,2026-10-02,0.0,Low,26.39,32.8
Providence,Hot,Extreme,2026-10-03,0.0,Low,23.93,32.8
Providence,Hot,Extreme,2026-10-04,0.0,Low,20.15,32.8
Providence,Hot,Extreme,2026-10-05,0.0,Low,19.57,32.8
Providence,Hot,Extreme,2026-10-06,0.0,Low,17.4,32.8
Providence,Hot,Extreme,2026-10-07,0.0,Low,16.95,32.8
Providence,Hot,Extreme,2026-10-08,0.0,Low,19.41,32.8
Providence,Hot,Extreme,2026-10-09,0.0,Low,19.11,32.8
Providence,Hot,Extreme,2026-10-10,0.0,Low,19.39,32.8
Providence,Hot,Extreme,2026-10-11,0.0,Low,20.42,32.8
Providence,Hot,Extreme,2026-10-12,0.0,Low,20.38,32.8
Providence,Hot,Extreme,2026-10-13,0.0,Low,18.81,32.8
Providence,Hot,Extreme,2026-10-14,0.0,Low,18.57,32.8
Providence,Hot,Extreme,2026-10-15,0.0,Low,18.84,32.8
Providence,Hot,Extreme,2026-10-16,0.0,Low,19.5,32.8
Providence,Hot,Extreme,2026-10-17,0.0,Low,18.28,32.8
Providence,Hot,Extreme,2026-10-18,0.0,Low,17.36,32.8
Providence,Hot,Extreme,2026-10-19,0.0,Low,16.25,32.8
Providence,Hot,Extreme,2026-10-20,0.0,Low,16.48,32.8
Providence,Hot,Extreme,2026-10-21,0.0,Low,16.14,32.8
Providence,Hot,Extreme,2026-10-22,0.0,Low,16.97,32.8
Providence,Hot,Extreme,2026-10-23,0.0,Low,17.26,32.8
Providence,Hot,Extreme,2026-10-24,0.0,Low,15.31,32.8
Providence,Hot,Extreme,2026-10-25,0.0,Low,15.69,32.8
Providence,Hot,Extreme,2026-10-26,0.0,Low,17.18,32.8
Providence,Hot,Extreme,2026-10-27,0.0,Low,17.2,32.8
Providence,Hot,Extreme,2026-10-28,0.0,Low,16.56,32.8
Providence,Hot,Extreme,2026-10-29,0.0,Low,17.34,32.8
Washington,Hot,Extreme,2026-09-30,0.0,Low,24.74,31.88
Washington,Hot,Extreme,2026-10-01,0.0,Low,25.75,31.88
Washington,Hot,Extreme,2026-10-02,0.0,Low,26.35,31.88
Washington,Hot,Extreme,2026-10-03,0.0,Low,24.26,31.88
Washington,Hot,Extreme,2026-10-04,0.0,Low,20.76,31.88
Washington,Hot,Extreme,2026-10-05,0.0,Low,20.21,31.88
Washington,Hot,Extreme,2026-10-06,0.0,Low,18.2,31.88
Washington,Hot,Extreme,2026-10-07,0.0,Low,17.37,31.88
Washington,Hot,Extreme,2026-10-08,0.0,Low,19.6,31.88
Washington,Hot,Extreme,2026-10-09,0.0,Low,19.68,31.88
Washington,Hot,Extreme,2026-10-10,0.0,Low,19.61,31.88
Washington,Hot,Extreme,2026-10-11,0.0,Low,20.74,31.88
Washington,Hot,Extreme,2026-10-12,0.0,Low,20.9,31.88
Washington,Hot,Extreme,2026-10-13,0.0,Low,19.54,31.88
Washington,Hot,Extreme,2026-10-14,0.0,Low,19.24,31.88
Washington,Hot,Extreme,2026-10-15,0.0,Low,19.47,31.88
Washington,Hot,Extreme,2026-10-16,0.0,Low,19.92,31.88
Washington,Hot,Extreme,2026-10-17,0.0,Low,18.94,31.88
Washington,Hot,Extreme,2026-10-18,0.0,Low,18.13,31.88
Washington,Hot,Extreme,2026-10-19,0.0,Low,16.96,31.88
Washington,Hot,Extreme,2026-10-20,0.0,Low,17.07,31.88
Washington,Hot,Extreme,2026-10-21,0.0,Low,16.93,31.88
Washington,Hot,Extreme,2026-10-22,0.0,Low,17.75,31.88
Washington,Hot,Extreme,2026-10-23,0.0,Low,17.74,31.88
Washington,Hot,Extreme,2026-10-24,0.0,Low,15.98,31.88
Washington,Hot,Extreme,2026-10-25,0.0,Low,16.46,31.88
Washington,Hot,Extreme,2026-10-26,0.0,Low,17.66,31.88
Washington,Hot,Extreme,2026-10-27,0.0,Low,17.79,31.88
Washington,Hot,Extreme,2026-10-28,0.0,Low,17.2,31.88
Washington,Hot,Extreme,2026-10-29,0.0,Low,17.73,31.88
Bristol,Hot,Notable,2026-09-30,0.0,Low,25.26,30.23
Bristol,Hot,Notable,2026-10-01,0.0,Low,26.35,30.23
Bristol,Hot,Notable,2026-10-02,0.0,Low,26.8,30.23
Bristol,Hot,Notable,2026-10-03,0.0,Low,24.73,30.23
Bristol,Hot,Notable,2026-10-04,0.0,Low,21.03,30.23
Bristol,Hot,Notable,2026-10-05,0.0,Low,20.65,30.23
Bristol,Hot,Notable,2026-10-06,0.0,Low,18.51,30.23
Bristol,Hot,Notable,2026-10-07,0.0,Low,17.38,30.23
Bristol,Hot,Notable,2026-10-08,0.0,Low,20.01,30.23
Bristol,Hot,Notable,2026-10-09,0.0,Low,19.82,30.23
Bristol,Hot,Notable,2026-10-10,0.0,Low,19.91,30.23
Bristol,Hot,Notable,2026-10-11,0.0,Low,20.93,30.23
Bristol,Hot,Notable,2026-10-12,0.0,Low,21.12,30.23
Bristol,Hot,Notable,2026-10-13,0.0,Low,19.65,30.23
Bristol,Hot,Notable,2026-10-14,0.0,Low,19.39,30.23
Bristol,Hot,Notable,2026-10-15,0.0,Low,19.64,30.23
Bristol,Hot,Notable,2026-10-16,0.0,Low,20.12,30.23
Bristol,Hot,Notable,2026-10-17,0.0,Low,19.12,30.23
Bristol,Hot,Notable,2026-10-18,0.0,Low,18.2,30.23
Bristol,Hot,Notable,2026-10-19,0.0,Low,16.95,30.23
Bristol,Hot,Notable,2026-10-20,0.0,Low,17.21,30.23
Bristol,Hot,Notable,2026-10-21,0.0,Low,16.93,30.23
Bristol,Hot,Notable,2026-10-22,0.0,Low,17.83,30.23
Bristol,Hot,Notable,2026-10-23,0.0,Low,18.07,30.23
Bristol,Hot,Notable,2026-10-24,0.0,Low,16.11,30.23
Bristol,Hot,Notable,2026-10-25,0.0,Low,16.29,30.23
Bristol,Hot,Notable,2026-10-26,0.0,Low,17.74,30.23
Bristol,Hot,Notable,2026-10-27,0.0,Low,17.88,30.23
Bristol,Hot,Notable,2026-10-28,0.0,Low,17.11,30.23
Bristol,Hot,Notable,2026-10-29,0.0,Low,17.67,30.23
Kent,Hot,Notable,2026-09-30,0.0,Low,24.86,30.04
Kent,Hot,Notable,2026-10-01,0.0,Low,25.86,30.04
Kent,Hot,Notable,2026-10-02,0.0,Low,26.32,30.04
Kent,Hot,Notable,2026-10-03,0.0,Low,24.05,30.04
Kent,Hot,Notable,2026-10-04,0.0,Low,20.44,30.04
Kent,Hot,Notable,2026-10-05,0.0,Low,19.92,30.04
Kent,Hot,Notable,2026-10-06,0.0,Low,17.81,30.04
Kent,Hot,Notable,2026-10-07,0.0,Low,17.08,30.04
Kent,Hot,Notable,2026-10-08,0.0,Low,19.47,30.04
Kent,Hot,Notable,2026-10-09,0.0,Low,19.3,30.04
Kent,Hot,Notable,2026-10-10,0.0,Low,19.4,30.04
Kent,Hot,Notable,2026-10-11,0.0,Low,20.49,30.04
Kent,Hot,Notable,2026-10-12,0.0,Low,20.56,30.04
Kent,Hot,Notable,2026-10-13,0.0,Low,19.12,30.04
Kent,Hot,Notable,2026-10-14,0.0,Low,18.87,30.04
Kent,Hot,Notable,2026-10-15,0.0,Low,19.12,30.04
Kent,Hot,Notable,2026-10-16,0.0,Low,19.67,30.04
Kent,Hot,Notable,2026-10-17,0.0,Low,18.58,30.04
Kent,Hot,Notable,2026-10-18,0.0,Low,17.67,30.04
Kent,Hot,Notable,2026-10-19,0.0,Low,16.48,30.04
Kent,Hot,Notable,2026-10-20,0.0,Low,16.68,30.04
Kent,Hot,Notable,2026-10-21,0.0,Low,16.4,30.04
Kent,Hot,Notable,2026-10-22,0.0,Low,17.29,30.04
Kent,Hot,Notable,2026-10-23,0.0,Low,17.44,30.04
Kent,Hot,Notable,2026-10-24,0.0,Low,15.53,30.04
Kent,Hot,Notable,2026-10-25,0.0,Low,15.94,30.04
Kent,Hot,Notable,2026-10-26,0.0,Low,17.31,30.04
Kent,Hot,Notable,2026-10-27,0.0,Low,17.38,30.04
Kent,Hot,Notable,2026-10-28,0.0,Low,16.76,30.04
Kent,Hot,Notable,2026-10-29,0.0,Low,17.41,30.04
Newport,Hot,Notable,2026-09-30,0.0,Low,24.41,28.68
Newport,Hot,Notable,2026-10-01,0.0,Low,25.58,28.68
Newport,Hot,Notable,2026-10-02,0.0,Low,26.09,28.68
Newport,Hot,Notable,2026-10-03,0.0,Low,24.26,28.68
Newport,Hot,Notable,2026-10-04,0.0,Low,20.69,28.68
Newport,Hot,Notable,2026-10-05,0.0,Low,20.31,28.68
Newport,Hot,Notable,2026-10-06,0.0,Low,18.22,28.68
Newport,Hot,Notable,2026-10-07,0.0,Low,16.95,28.68
Newport,Hot,Notable,2026-10-08,0.0,Low,19.45,28.68
Newport,Hot,Notable,2026-10-09,0.0,Low,19.48,28.68
Newport,Hot,Notable,2026-10-10,0.0,Low,19.44,28.68
Newport,Hot,Notable,2026-10-11,0.0,Low,20.48,28.68
Newport,Hot,Notable,2026-10-12,0.0,Low,20.72,28.68
Newport,Hot,Notable,2026-10-13,0.0,Low,19.34,28.68
Newport,Hot,Notable,2026-10-14,0.0,Low,19.01,28.68
Newport,Hot,Notable,2026-10-15,0.0,Low,19.32,28.68
Newport,Hot,Notable,2026-10-16,0.0,Low,19.66,28.68
Newport,Hot,Notable,2026-10-17,0.0,Low,18.82,28.68
Newport,Hot,Notable,2026-10-18,0.0,Low,17.96,28.68
Newport,Hot,Notable,2026-10-19,0.0,Low,16.78,28.68
Newport,Hot,Notable,2026-10-20,0.0,Low,16.91,28.68
Newport,Hot,Notable,2026-10-21,0.0,Low,16.8,28.68
Newport,Hot,Notable,2026-10-22,0.0,Low,17.57,28.68
Newport,Hot,Notable,2026-10-23,0.0,Low,17.67,28.68
Newport,Hot,Notable,2026-10-24,0.0,Low,15.89,28.68
Newport,Hot,Notable,2026-10-25,0.0,Low,16.07,28.68
Newport,Hot,Notable,2026-10-26,0.0,Low,17.37,28.68
Newport,Hot,Notable,2026-10-27,0.0,Low,17.5,28.68
Newport,Hot,Notable,2026-10-28,0.0,Low,16.84,28.68
Newport,Hot,Notable,2026-10-29,0.0,Low,17.26,28.68
Providence,Hot,Notable,2026-09-30,0.0,Low,24.86,29.98
Providence,Hot,Notable,2026-10-01,0.0,Low,26.0,29.98
Providence,Hot,Notable,2026-10-02,0.0,Low,26.39,29.98
Providence,Hot,Notable,2026-10-03,0.0,Low,23.93,29.98
Providence,Hot,Notable,2026-10-04,0.0,Low,20.15,29.98
Providence,Hot,Notable,2026-10-05,0.0,Low,19.57,29.98
Providence,Hot,Notable,2026-10-06,0.0,Low,17.4,29.98
Providence,Hot,Notable,2026-10-07,0.0,Low,16.95,29.98
Providence,Hot,Notable,2026-10-08,0.0,Low,19.41,29.98
Providence,Hot,Notable,2026-10-09,0.0,Low,19.11,29.98
Providence,Hot,Notable,2026-10-10,0.0,Low,19.39,29.98
Providence,Hot,Notable,2026-10-11,0.0,Low,20.42,29.98
Providence,Hot,Notable,2026-10-12,0.0,Low,20.38,29.98
Providence,Hot,Notable,2026-10-13,0.0,Low,18.81,29.98
Providence,Hot,Notable,2026-10-14,0.0,Low,18.57,29.98
Providence,Hot,Notable,2026-10-15,0.0,Low,18.84,29.98
Providence,Hot,Notable,2026-10-16,0.0,Low,19.5,29.98
Providence,Hot,Notable,2026-10-17,0.0,Low,18.28,29.98
Providence,Hot,Notable,2026-10-18,0.0,Low,17.36,29.98
Providence,Hot,Notable,2026-10-19,0.0,Low,16.25,29.98
Providence,Hot,Notable,2026-10-20,0.0,Low,16.48,29.98
Providence,Hot,Notable,2026-10-21,0.0,Low,16.14,29.98
Providence,Hot,Notable,2026-10-22,0.0,Low,16.97,29.98
Providence,Hot,Notable,2026-10-23,0.0,Low,17.26,29.98
Providence,Hot,Notable,2026-10-24,0.0,Low,15.31,29.98
Providence,Hot,Notable,2026-10-25,0.0,Low,15.69,29.98
Providence,Hot,Notable,2026-10-26,0.0,Low,17.18,29.98
Providence,Hot,Notable,2026-10-27,0.0,Low,17.2,29.98
Providence,Hot,Notable,2026-10-28,0.0,Low,16.56,29.98
Providence,Hot,Notable,2026-10-29,0.0,Low,17.34,29.98
Washington,Hot,Notable,2026-09-30,0.0,Low,24.74,29.19
Washington,Hot,Notable,2026-10-01,0.0,Low,25.75,29.19
Washington,Hot,Notable,2026-10-02,0.0,Low,26.35,29.19
Washington,Hot,Notable,2026-10-03,0.0,Low,24.26,29.19
Washington,Hot,Notable,2026-10-04,0.0,Low,20.76,29.19
Washington,Hot,Notable,2026-10-05,0.0,Low,20.21,29.19
Washington,Hot,Notable,2026-10-06,0.0,Low,18.2,29.19
Washington,Hot,Notable,2026-10-07,0.0,Low,17.37,29.19
Washington,Hot,Notable,2026-10-08,0.0,Low,19.6,29.19
Washington,Hot,Notable,2026-10-09,0.0,Low,19.68,29.19
Washington,Hot,Notable,2026-10-10,0.0,Low,19.61,29.19
Washington,Hot,Notable,2026-10-11,0.0,Low,20.74,29.19
Washington,Hot,Notable,2026-10-12,0.0,Low,20.9,29.19
Washington,Hot,Notable,2026-10-13,0.0,Low,19.54,29.19
Washington,Hot,Notable,2026-10-14,0.0,Low,19.24,29.19
Washington,Hot,Notable,2026-10-15,0.0,Low,19.47,29.19
Washington,Hot,Notable,2026-10-16,0.0,Low,19.92,29.19
Washington,Hot,Notable,2026-10-17,0.0,Low,18.94,29.19
Washington,Hot,Notable,2026-10-18,0.0,Low,18.13,29.19
Washington,Hot,Notable,2026-10-19,0.0,Low,16.96,29.19
Washington,Hot,Notable,2026-10-20,0.0,Low,17.07,29.19
Washington,Hot,Notable,2026-10-21,0.0,Low,16.93,29.19
Washington,Hot,Notable,2026-10-22,0.0,Low,17.75,29.19
Washington,Hot,Notable,2026-10-23,0.0,Low,17.74,29.19
Washington,Hot,Notable,2026-10-24,0.0,Low,15.98,29.19
Washington,Hot,Notable,2026-10-25,0.0,Low,16.46,29.19
Washington,Hot,Notable,2026-10-26,0.0,Low,17.66,29.19
Washington,Hot,Notable,2026-10-27,0.0,Low,17.79,29.19
Washington,Hot,Notable,2026-10-28,0.0,Low,17.2,29.19
Washington,Hot,Notable,2026-10-29,0.0,Low,17.73,29.19
Bristol,Hot,Severe,2026-09-30,0.0,Low,25.26,31.64
Bristol,Hot,Severe,2026-10-01,0.0,Low,26.35,31.64
Bristol,Hot,Severe,2026-10-02,0.0,Low,26.8,31.64
Bristol,Hot,Severe,2026-10-03,0.0,Low,24.73,31.64
Bristol,Hot,Severe,2026-10-04,0.0,Low,21.03,31.64
Bristol,Hot,Severe,2026-10-05,0.0,Low,20.65,31.64
Bristol,Hot,Severe,2026-10-06,0.0,Low,18.51,31.64
Bristol,Hot,Severe,2026-10-07,0.0,Low,17.38,31.64
Bristol,Hot,Severe,2026-10-08,0.0,Low,20.01,31.64
Bristol,Hot,Severe,2026-10-09,0.0,Low,19.82,31.64
Bristol,Hot,Severe,2026-10-10,0.0,Low,19.91,31.64
Bristol,Hot,Severe,2026-10-11,0.0,Low,20.93,31.64
Bristol,Hot,Severe,2026-10-12,0.0,Low,21.12,31.64
Bristol,Hot,Severe,2026-10-13,0.0,Low,19.65,31.64
Bristol,Hot,Severe,2026-10-14,0.0,Low,19.39,31.64
Bristol,Hot,Severe,2026-10-15,0.0,Low,19.64,31.64
Bristol,Hot,Severe,2026-10-16,0.0,Low,20.12,31.64
Bristol,Hot,Severe,2026-10-17,0.0,Low,19.12,31.64
Bristol,Hot,Severe,2026-10-18,0.0,Low,18.2,31.64
Bristol,Hot,Severe,2026-10-19,0.0,Low,16.95,31.64
Bristol,Hot,Severe,2026-10-20,0.0,Low,17.21,31.64
Bristol,Hot,Severe,2026-10-21,0.0,Low,16.93,31.64
Bristol,Hot,Severe,2026-10-22,0.0,Low,17.83,31.64
Bristol,Hot,Severe,2026-10-23,0.0,Low,18.07,31.64
Bristol,Hot,Severe,2026-10-24,0.0,Low,16.11,31.64
Bristol,Hot,Severe,2026-10-25,0.0,Low,16.29,31.64
Bristol,Hot,Severe,2026-10-26,0.0,Low,17.74,31.64
Bristol,Hot,Severe,2026-10-27,0.0,Low,17.88,31.64
Bristol,Hot,Severe,2026-10-28,0.0,Low,17.11,31.64
Bristol,Hot,Severe,2026-10-29,0.0,Low,17.67,31.64
Kent,Hot,Severe,2026-09-30,0.0,Low,24.86,31.47
Kent,Hot,Severe,2026-10-01,0.0,Low,25.86,31.47
Kent,Hot,Severe,2026-10-02,0.0,Low,26.32,31.47
Kent,Hot,Severe,2026-10-03,0.0,Low,24.05,31.47
Kent,Hot,Severe,2026-10-04,0.0,Low,20.44,31.47
Kent,Hot,Severe,2026-10-05,0.0,Low,19.92,31.47
Kent,Hot,Severe,2026-10-06,0.0,Low,17.81,31.47
Kent,Hot,Severe,2026-10-07,0.0,Low,17.08,31.47
Kent,Hot,Severe,2026-10-08,0.0,Low,19.47,31.47
Kent,Hot,Severe,2026-10-09,0.0,Low,19.3,31.47
Kent,Hot,Severe,2026-10-10,0.0,Low,19.4,31.47
Kent,Hot,Severe,2026-10-11,0.0,Low,20.49,31.47
Kent,Hot,Severe,2026-10-12,0.0,Low,20.56,31.47
Kent,Hot,Severe,2026-10-13,0.0,Low,19.12,31.47
Kent,Hot,Severe,2026-10-14,0.0,Low,18.87,31.47
Kent,Hot,Severe,2026-10-15,0.0,Low,19.12,31.47
Kent,Hot,Severe,2026-10-16,0.0,Low,19.67,31.47
Kent,Hot,Severe,2026-10-17,0.0,Low,18.58,31.47
Kent,Hot,Severe,2026-10-18,0.0,Low,17.67,31.47
Kent,Hot,Severe,2026-10-19,0.0,Low,16.48,31.47
Kent,Hot,Severe,2026-10-20,0.0,Low,16.68,31.47
Kent,Hot,Severe,2026-10-21,0.0,Low,16.4,31.47
Kent,Hot,Severe,2026-10-22,0.0,Low,17.29,31.47
Kent,Hot,Severe,2026-10-23,0.0,Low,17.44,31.47
Kent,Hot,Severe,2026-10-24,0.0,Low,15.53,31.47
Kent,Hot,Severe,2026-10-25,0.0,Low,15.94,31.47
Kent,Hot,Severe,2026-10-26,0.0,Low,17.31,31.47
Kent,Hot,Severe,2026-10-27,0.0,Low,17.38,31.47
Kent,Hot,Severe,2026-10-28,0.0,Low,16.76,31.47
Kent,Hot,Severe,2026-10-29,0.0,Low,17.41,31.47
Newport,Hot,Severe,2026-09-30,0.0,Low,24.41,30.0
Newport,Hot,Severe,2026-10-01,0.0,Low,25.58,30.0
Newport,Hot,Severe,2026-10-02,0.0,Low,26.09,30.0
Newport,Hot,Severe,2026-10-03,0.0,Low,24.26,30.0
Newport,Hot,Severe,2026-10-04,0.0,Low,20.69,30.0
Newport,Hot,Severe,2026-10-05,0.0,Low,20.31,30.0
Newport,Hot,Severe,2026-10-06,0.0,Low,18.22,30.0
Newport,Hot,Severe,2026-10-07,0.0,Low,16.95,30.0
Newport,Hot,Severe,2026-10-08,0.0,Low,19.45,30.0
Newport,Hot,Severe,2026-10-09,0.0,Low,19.48,30.0
Newport,Hot,Severe,2026-10-10,0.0,Low,19.44,30.0
Newport,Hot,Severe,2026-10-11,0.0,Low,20.48,30.0
Newport,Hot,Severe,2026-10-12,0.0,Low,20.72,30.0
Newport,Hot,Severe,2026-10-13,0.0,Low,19.34,30.0
Newport,Hot,Severe,2026-10-14,0.0,Low,19.01,30.0
Newport,Hot,Severe,2026-10-15,0.0,Low,19.32,30.0
Newport,Hot,Severe,2026-10-16,0.0,Low,19.66,30.0
Newport,Hot,Severe,2026-10-17,0.0,Low,18.82,30.0
Newport,Hot,Severe,2026-10-18,0.0,Low,17.96,30.0
Newport,Hot,Severe,2026-10-19,0.0,Low,16.78,30.0
Newport,Hot,Severe,2026-10-20,0.0,Low,16.91,30.0
Newport,Hot,Severe,2026-10-21,0.0,Low,16.8,30.0
Newport,Hot,Severe,2026-10-22,0.0,Low,17.57,30.0
Newport,Hot,Severe,2026-10-23,0.0,Low,17.67,30.0
Newport,Hot,Severe,2026-10-24,0.0,Low,15.89,30.0
Newport,Hot,Severe,2026-10-25,0.0,Low,16.07,30.0
Newport,Hot,Severe,2026-10-26,0.0,Low,17.37,30.0
Newport,Hot,Severe,2026-10-27,0.0,Low,17.5,30.0
Newport,Hot,Severe,2026-10-28,0.0,Low,16.84,30.0
Newport,Hot,Severe,2026-10-29,0.0,Low,17.26,30.0
Providence,Hot,Severe,2026-09-30,0.0,Low,24.86,31.4
Providence,Hot,Severe,2026-10-01,0.0,Low,26.0,31.4
Providence,Hot,Severe,2026-10-02,0.0,Low,26.39,31.4
Providence,Hot,Severe,2026-10-03,0.0,Low,23.93,31.4
Providence,Hot,Severe,2026-10-04,0.0,Low,20.15,31.4
Providence,Hot,Severe,2026-10-05,0.0,Low,19.57,31.4
Providence,Hot,Severe,2026-10-06,0.0,Low,17.4,31.4
Providence,Hot,Severe,2026-10-07,0.0,Low,16.95,31.4
Providence,Hot,Severe,2026-10-08,0.0,Low,19.41,31.4
Providence,Hot,Severe,2026-10-09,0.0,Low,19.11,31.4
Providence,Hot,Severe,2026-10-10,0.0,Low,19.39,31.4
Providence,Hot,Severe,2026-10-11,0.0,Low,20.42,31.4
Providence,Hot,Severe,2026-10-12,0.0,Low,20.38,31.4
Providence,Hot,Severe,2026-10-13,0.0,Low,18.81,31.4
Providence,Hot,Severe,2026-10-14,0.0,Low,18.57,31.4
Providence,Hot,Severe,2026-10-15,0.0,Low,18.84,31.4
Providence,Hot,Severe,2026-10-16,0.0,Low,19.5,31.4
Providence,Hot,Severe,2026-10-17,0.0,Low,18.28,31.4
Providence,Hot,Severe,2026-10-18,0.0,Low,17.36,31.4
Providence,Hot,Severe,2026-10-19,0.0,Low,16.25,31.4
Providence,Hot,Severe,2026-10-20,0.0,Low,16.48,31.4
Providence,Hot,Severe,2026-10-21,0.0,Low,16.14,31.4
Providence,Hot,Severe,2026-10-22,0.0,Low,16.97,31.4
Providence,Hot,Severe,2026-10-23,0.0,Low,17.26,31.4
Providence,Hot,Severe,2026-10-24,0.0,Low,15.31,31.4
Providence,Hot,Severe,2026-10-25,0.0,Low,15.69,31.4
Providence,Hot,Severe,2026-10-26,0.0,Low,17.18,31.4
Providence,Hot,Severe,2026-10-27,0.0,Low,17.2,31.4
Providence,Hot,Severe,2026-10-28,0.0,Low,16.56,31.4
Providence,Hot,Severe,2026-10-29,0.0,Low,17.34,31.4
Washington,Hot,Severe,2026-09-30,0.0,Low,24.74,30.49
Washington,Hot,Severe,2026-10-01,0.0,Low,25.75,30.49
Washington,Hot,Severe,2026-10-02,0.0,Low,26.35,30.49
Washington,Hot,Severe,2026-10-03,0.0,Low,24.26,30.49
Washington,Hot,Severe,2026-10-04,0.0,Low,20.76,30.49
Washington,Hot,Severe,2026-10-05,0.0,Low,20.21,30.49
Washington,Hot,Severe,2026-10-06,0.0,Low,18.2,30.49
Washington,Hot,Severe,2026-10-07,0.0,Low,17.37,30.49
Washington,Hot,Severe,2026-10-08,0.0,Low,19.6,30.49
Washington,Hot,Severe,2026-10-09,0.0,Low,19.68,30.49
Washington,Hot,Severe,2026-10-10,0.0,Low,19.61,30.49
Washington,Hot,Severe,2026-10-11,0.0,Low,20.74,30.49
Washington,Hot,Severe,2026-10-12,0.0,Low,20.9,30.49
Washington,Hot,Severe,2026-10-13,0.0,Low,19.54,30.49
Washington,Hot,Severe,2026-10-14,0.0,Low,19.24,30.49
Washington,Hot,Severe,2026-10-15,0.0,Low,19.47,30.49
Washington,Hot,Severe,2026-10-16,0.0,Low,19.92,30.49
Washington,Hot,Severe,2026-10-17,0.0,Low,18.94,30.49
Washington,Hot,Severe,2026-10-18,0.0,Low,18.13,30.49
Washington,Hot,Severe,2026-10-19,0.0,Low,16.96,30.49
Washington,Hot,Severe,2026-10-20,0.0,Low,17.07,30.49
Washington,Hot,Severe,2026-10-21,0.0,Low,16.93,30.49
Washington,Hot,Severe,2026-10-22,0.0,Low,17.75,30.49
Washington,Hot,Severe,2026-10-23,0.0,Low,17.74,30.49
Washington,Hot,Severe,2026-10-24,0.0,Low,15.98,30.49
Washington,Hot,Severe,2026-10-25,0.0,Low,16.46,30.49
Washington,Hot,Severe,2026-10-26,0.0,Low,17.66,30.49
Washington,Hot,Severe,2026-10-27,0.0,Low,17.79,30.49
Washington,Hot,Severe,2026-10-28,0.0,Low,17.2,30.49
Washington,Hot,Severe,2026-10-29,0.0,Low,17.73,30.49
Bristol,Hot & Humid,Extreme,2026-09-30,0.0,Low,25.26,28.11
Bristol,Hot & Humid,Extreme,2026-10-01,0.0,Low,26.35,28.11
Bristol,Hot & Humid,Extreme,2026-10-02,0.0,Low,26.8,28.11
Bristol,Hot & Humid,Extreme,2026-10-03,0.0,Low,24.73,28.11
Bristol,Hot & Humid,Extreme,2026-10-04,0.0,Low,21.03,28.11
Bristol,Hot & Humid,Extreme,2026-10-05,0.0,Low,20.65,28.11
Bristol,Hot & Humid,Extreme,2026-10-06,0.0,Low,18.51,28.11
Bristol,Hot & Humid,Extreme,2026-10-07,0.0,Low,17.38,28.11
Bristol,Hot & Humid,Extreme,2026-10-08,0.0,Low,20.01,28.11
Bristol,Hot & Humid,Extreme,2026-10-09,0.0,Low,19.82,28.11
Bristol,Hot & Humid,Extreme,2026-10-10,0.0,Low,19.91,28.11
Bristol,Hot & Humid,Extreme,2026-10-11,0.0,Low,20.93,28.11
Bristol,Hot & Humid,Extreme,2026-10-12,0.0,Low,21.12,28.11
Bristol,Hot & Humid,Extreme,2026-10-13,0.0,Low,19.65,28.11
Bristol,Hot & Humid,Extreme,2026-10-14,0.0,Low,19.39,28.11
Bristol,Hot & Humid,Extreme,2026-10-15,0.0,Low,19.64,28.11
Bristol,Hot & Humid,Extreme,2026-10-16,0.0,Low,20.12,28.11
Bristol,Hot & Humid,Extreme,2026-10-17,0.0,Low,19.12,28.11
Bristol,Hot & Humid,Extreme,2026-10-18,0.0,Low,18.2,28.11
Bristol,Hot & Humid,Extreme,2026-10-19,0.0,Low,16.95,28.11
Bristol,Hot & Humid,Extreme,2026-10-20,0.0,Low,17.21,28.11
Bristol,Hot & Humid,Extreme,2026-10-21,0.0,Low,16.93,28.11
Bristol,Hot & Humid,Extreme,2026-10-22,0.0,Low,17.83,28.11
Bristol,Hot & Humid,Extreme,2026-10-23,0.0,Low,18.07,28.11
Bristol,Hot & Humid,Extreme,2026-10-24,0.0,Low,16.11,28.11
Bristol,Hot & Humid,Extreme,2026-10-25,0.0,Low,16.29,28.11
Bristol,Hot & Humid,Extreme,2026-10-26,0.0,Low,17.74,28.11
Bristol,Hot & Humid,Extreme,2026-10-27,0.0,Low,17.88,28.11
Bristol,Hot & Humid,Extreme,2026-10-28,0.0,Low,17.11,28.11
Bristol,Hot & Humid,Extreme,2026-10-29,0.0,Low,17.67,28.11
Kent,Hot & Humid,Extreme,2026-09-30,0.0,Low,24.86,27.44
Kent,Hot & Humid,Extreme,2026-10-01,0.0,Low,25.86,27.44
Kent,Hot & Humid,Extreme,2026-10-02,0.0,Low,26.32,27.44
Kent,Hot & Humid,Extreme,2026-10-03,0.0,Low,24.05,27.44
Kent,Hot & Humid,Extreme,2026-10-04,0.0,Low,20.44,27.44
Kent,Hot & Humid,Extreme,2026-10-05,0.0,Low,19.92,27.44
Kent,Hot & Humid,Extreme,2026-10-06,0.0,Low,17.81,27.44
Kent,Hot & Humid,Extreme,2026-10-07,0.0,Low,17.08,27.44
Kent,Hot & Humid,Extreme,2026-10-08,0.0,Low,19.47,27.44
Kent,Hot & Humid,Extreme,2026-10-09,0.0,Low,19.3,27.44
Kent,Hot & Humid,Extreme,2026-10-10,0.0,Low,19.4,27.44
Kent,Hot & Humid,Extreme,2026-10-11,0.0,Low,20.49,27.44
Kent,Hot & Humid,Extreme,2026-10-12,0.0,Low,20.56,27.44
Kent,Hot & Humid,Extreme,2026-10-13,0.0,Low,19.12,27.44
Kent,Hot & Humid,Extreme,2026-10-14,0.0,Low,18.87,27.44
Kent,Hot & Humid,Extreme,2026-10-15,0.0,Low,19.12,27.44
Kent,Hot & Humid,Extreme,2026-10-16,0.0,Low,19.67,27.44
Kent,Hot & Humid,Extreme,2026-10-17,0.0,Low,18.58,27.44
Kent,Hot & Humid,Extreme,2026-10-18,0.0,Low,17.67,27.44
Kent,Hot & Humid,Extreme,2026-10-19,0.0,Low,16.48,27.44
Kent,Hot & Humid,Extreme,2026-10-20,0.0,Low,16.68,27.44
Kent,Hot & Humid,Extreme,2026-10-21,0.0,Low,16.4,27.44
Kent,Hot & Humid,Extreme,2026-10-22,0.0,Low,17.29,27.44
Kent,Hot & Humid,Extreme,2026-10-23,0.0,Low,17.44,27.44
Kent,Hot & Humid,Extreme,2026-10-24,0.0,Low,15.53,27.44
Kent,Hot & Humid,Extreme,2026-10-25,0.0,Low,15.94,27.44
Kent,Hot & Humid,Extreme,2026-10-26,0.0,Low,17.31,27.44
Kent,Hot & Humid,Extreme,2026-10-27,0.0,Low,17.38,27.44
Kent,Hot & Humid,Extreme,2026-10-28,0.0,Low,16.76,27.44
Kent,Hot & Humid,Extreme,2026-10-29,0.0,Low,17.41,27.44
Newport,Hot & Humid,Extreme,2026-09-30,0.0,Low,24.41,26.54
Newport,Hot & Humid,Extreme,2026-10-01,0.0,Low,25.58,26.54
Newport,Hot & Humid,Extreme,2026-10-02,0.0,Low,26.09,26.54
Newport,Hot & Humid,Extreme,2026-10-03,0.0,Low,24.26,26.54
Newport,Hot & Humid,Extreme,2026-10-04,0.0,Low,20.69,26.54
Newport,Hot & Humid,Extreme,2026-10-05,0.0,Low,20.31,26.54
Newport,Hot & Humid,Extreme,2026-10-06,0.0,Low,18.22,26.54
Newport,Hot & Humid,Extreme,2026-10-07,0.0,Low,16.95,26.54
Newport,Hot & Humid,Extreme,2026-10-08,0.0,Low,19.45,26.54
Newport,Hot & Humid,Extreme,2026-10-09,0.0,Low,19.48,26.54
Newport,Hot & Humid,Extreme,2026-10-10,0.0,Low,19.44,26.54
Newport,Hot & Humid,Extreme,2026-10-11,0.0,Low,20.48,26.54
Newport,Hot & Humid,Extreme,2026-10-12,0.0,Low,20.72,26.54
Newport,Hot & Humid,Extreme,2026-10-13,0.0,Low,19.34,26.54
Newport,Hot & Humid,Extreme,2026-10-14,0.0,Low,19.01,26.54
Newport,Hot & Humid,Extreme,2026-10-15,0.0,Low,19.32,26.54
Newport,Hot & Humid,Extreme,2026-10-16,0.0,Low,19.66,26.54
Newport,Hot & Humid,Extreme,2026-10-17,0.0,Low,18.82,26.54
Newport,Hot & Humid,Extreme,2026-10-18,0.0,Low,17.96,26.54
Newport,Hot & Humid,Extreme,2026-10-19,0.0,Low,16.78,26.54
Newport,Hot & Humid,Extreme,2026-10-20,0.0,Low,16.91,26.54
Newport,Hot & Humid,Extreme,2026-10-21,0.0,Low,16.8,26.54
Newport,Hot & Humid,Extreme,2026-10-22,0.0,Low,17.57,26.54
Newport,Hot & Humid,Extreme,2026-10-23,0.0,Low,17.67,26.54
Newport,Hot & Humid,Extreme,2026-10-24,0.0,Low,15.89,26.54
Newport,Hot & Humid,Extreme,2026-10-25,0.0,Low,16.07,26.54
Newport,Hot & Humid,Extreme,2026-10-26,0.0,Low,17.37,26.54
Newport,Hot & Humid,Extreme,2026-10-27,0.0,Low,17.5,26.54
Newport,Hot & Humid,Extreme,2026-10-28,0.0,Low,16.84,26.54
Newport,Hot & Humid,Extreme,2026-10-29,0.0,Low,17.26,26.54
Providence,Hot & Humid,Extreme,2026-09-30,0.0,Low,24.86,27.69
Providence,Hot & Humid,Extreme,2026-10-01,0.0,Low,26.0,27.69
Providence,Hot & Humid,Extreme,2026-10-02,0.0,Low,26.39,27.69
Providence,Hot & Humid,Extreme,2026-10-03,0.0,Low,23.93,27.69
Providence,Hot & Humid,Extreme,2026-10-04,0.0,Low,20.15,27.69
Providence,Hot & Humid,Extreme,2026-10-05,0.0,Low,19.57,27.69
Providence,Hot & Humid,Extreme,2026-10-06,0.0,Low,17.4,27.69
Providence,Hot & Humid,Extreme,2026-10-07,0.0,Low,16.95,27.69
Providence,Hot & Humid,Extreme,2026-10-08,0.0,Low,19.41,27.69
Providence,Hot & Humid,Extreme,2026-10-09,0.0,Low,19.11,27.69
Providence,Hot & Humid,Extreme,2026-10-10,0.0,Low,19.39,27.69
Providence,Hot & Humid,Extreme,2026-10-11,0.0,Low,20.42,27.69
Providence,Hot & Humid,Extreme,2026-10-12,0.0,Low,20.38,27.69
Providence,Hot & Humid,Extreme,2026-10-13,0.0,Low,18.81,27.69
Providence,Hot & Humid,Extreme,2026-10-14,0.0,Low,18.57,27.69
Providence,Hot & Humid,Extreme,2026-10-15,0.0,Low,18.84,27.69
Providence,Hot & Humid,Extreme,2026-10-16,0.0,Low,19.5,27.69
Providence,Hot & Humid,Extreme,2026-10-17,0.0,Low,18.28,27.69
Providence,Hot & Humid,Extreme,2026-10-18,0.0,Low,17.36,27.69
Providence,Hot & Humid,Extreme,2026-10-19,0.0,Low,16.25,27.69
Providence,Hot & Humid,Extreme,2026-10-20,0.0,Low,16.48,27.69
Providence,Hot & Humid,Extreme,2026-10-21,0.0,Low,16.14,27.69
Providence,Hot & Humid,Extreme,2026-10-22,0.0,Low,16.97,27.69
Providence,Hot & Humid,Extreme,2026-10-23,0.0,Low,17.26,27.69
Providence,Hot & Humid,Extreme,2026-10-24,0.0,Low,15.31,27.69
Providence,Hot & Humid,Extreme,2026-10-25,0.0,Low,15.69,27.69
Providence,Hot & Humid,Extreme,2026-10-26,0.0,Low,17.18,27.69
Providence,Hot & Humid,Extreme,2026-10-27,0.0,Low,17.2,27.69
Providence,Hot & Humid,Extreme,2026-10-28,0.0,Low,16.56,27.69
Providence,Hot & Humid,Extreme,2026-10-29,0.0,Low,17.34,27.69
Washington,Hot & Humid,Extreme,2026-09-30,0.0,Low,24.74,27.31
Washington,Hot & Humid,Extreme,2026-10-01,0.0,Low,25.75,27.31
Washington,Hot & Humid,Extreme,2026-10-02,0.0,Low,26.35,27.31
Washington,Hot & Humid,Extreme,2026-10-03,0.0,Low,24.26,27.31
Washington,Hot & Humid,Extreme,2026-10-04,0.0,Low,20.76,27.31
Washington,Hot & Humid,Extreme,2026-10-05,0.0,Low,20.21,27.31
Washington,Hot & Humid,Extreme,2026-10-06,0.0,Low,18.2,27.31
Washington,Hot & Humid,Extreme,2026-10-07,0.0,Low,17.37,27.31
Washington,Hot & Humid,Extreme,2026-10-08,0.0,Low,19.6,27.31
Washington,Hot & Humid,Extreme,2026-10-09,0.0,Low,19.68,27.31
Washington,Hot & Humid,Extreme,2026-10-10,0.0,Low,19.61,27.31
Washington,Hot & Humid,Extreme,2026-10-11,0.0,Low,20.74,27.31
Washington,Hot & Humid,Extreme,2026-10-12,0.0,Low,20.9,27.31
Washington,Hot & Humid,Extreme,2026-10-13,0.0,Low,19.54,27.31
Washington,Hot & Humid,Extreme,2026-10-14,0.0,Low,19.24,27.31
Washington,Hot & Humid,Extreme,2026-10-15,0.0,Low,19.47,27.31
Washington,Hot & Humid,Extreme,2026-10-16,0.0,Low,19.92,27.31
Washington,Hot & Humid,Extreme,2026-10-17,0.0,Low,18.94,27.31
Washington,Hot & Humid,Extreme,2026-10-18,0.0,Low,18.13,27.31
Washington,Hot & Humid,Extreme,2026-10-19,0.0,Low,16.96,27.31
Washington,Hot & Humid,Extreme,2026-10-20,0.0,Low,17.07,27.31
Washington,Hot & Humid,Extreme,2026-10-21,0.0,Low,16.93,27.31
Washington,Hot & Humid,Extreme,2026-10-22,0.0,Low,17.75,27.31
Washington,Hot & Humid,Extreme,2026-10-23,0.0,Low,17.74,27.31
Washington,Hot & Humid,Extreme,2026-10-24,0.0,Low,15.98,27.31
Washington,Hot & Humid,Extreme,2026-10-25,0.0,Low,16.46,27.31
Washington,Hot & Humid,Extreme,2026-10-26,0.0,Low,17.66,27.31
Washington,Hot & Humid,Extreme,2026-10-27,0.0,Low,17.79,27.31
Washington,Hot & Humid,Extreme,2026-10-28,0.0,Low,17.2,27.31
Washington,Hot & Humid,Extreme,2026-10-29,0.0,Low,17.73,27.31
Bristol,Hot & Humid,Notable,2026-09-30,0.0,Low,25.26,25.58
Bristol,Hot & Humid,Notable,2026-10-01,0.0,Low,26.35,25.58
Bristol,Hot & Humid,Notable,2026-10-02,0.0,Low,26.8,25.58
Bristol,Hot & Humid,Notable,2026-10-03,0.0,Low,24.73,25.58
Bristol,Hot & Humid,Notable,2026-10-04,0.0,Low,21.03,25.58
Bristol,Hot & Humid,Notable,2026-10-05,0.0,Low,20.65,25.58
Bristol,Hot & Humid,Notable,2026-10-06,0.0,Low,18.51,25.58
Bristol,Hot & Humid,Notable,2026-10-07,0.0,Low,17.38,25.58
Bristol,Hot & Humid,Notable,2026-10-08,0.0,Low,20.01,25.58
Bristol,Hot & Humid,Notable,2026-10-09,0.0,Low,19.82,25.58
Bristol,Hot & Humid,Notable,2026-10-10,0.0,Low,19.91,25.58
Bristol,Hot & Humid,Notable,2026-10-11,0.0,Low,20.93,25.58
Bristol,Hot & Humid,Notable,2026-10-12,0.0,Low,21.12,25.58
Bristol,Hot & Humid,Notable,2026-10-13,0.0,Low,19.65,25.58
Bristol,Hot & Humid,Notable,2026-10-14,0.0,Low,19.39,25.58
Bristol,Hot & Humid,Notable,2026-10-15,0.0,Low,19.64,25.58
Bristol,Hot & Humid,Notable,2026-10-16,0.0,Low,20.12,25.58
Bristol,Hot & Humid,Notable,2026-10-17,0.0,Low,19.12,25.58
Bristol,Hot & Humid,Notable,2026-10-18,0.0,Low,18.2,25.58
Bristol,Hot & Humid,Notable,2026-10-19,0.0,Low,16.95,25.58
Bristol,Hot & Humid,Notable,2026-10-20,0.0,Low,17.21,25.58
Bristol,Hot & Humid,Notable,2026-10-21,0.0,Low,16.93,25.58
Bristol,Hot & Humid,Notable,2026-10-22,0.0,Low,17.83,25.58
Bristol,Hot & Humid,Notable,2026-10-23,0.0,Low,18.07,25.58
Bristol,Hot & Humid,Notable,2026-10-24,0.0,Low,16.11,25.58
Bristol,Hot & Humid,Notable,2026-10-25,0.0,Low,16.29,25.58
Bristol,Hot & Humid,Notable,2026-10-26,0.0,Low,17.74,25.58
Bristol,Hot & Humid,Notable,2026-10-27,0.0,Low,17.88,25.58
Bristol,Hot & Humid,Notable,2026-10-28,0.0,Low,17.11,25.58
Bristol,Hot & Humid,Notable,2026-10-29,0.0,Low,17.67,25.58
Kent,Hot & Humid,Notable,2026-09-30,0.0,Low,24.86,25.97
Kent,Hot & Humid,Notable,2026-10-01,0.0,Low,25.86,25.97
Kent,Hot & Humid,Notable,2026-10-02,0.0,Low,26.32,25.97
Kent,Hot & Humid,Notable,2026-10-03,0.0,Low,24.05,25.97
Kent,Hot & Humid,Notable,2026-10-04,0.0,Low,20.44,25.97
Kent,Hot & Humid,Notable,2026-10-05,0.0,Low,19.92,25.97
Kent,Hot & Humid,Notable,2026-10-06,0.0,Low,17.81,25.97
Kent,Hot & Humid,Notable,2026-10-07,0.0,Low,17.08,25.97
Kent,Hot & Humid,Notable,2026-10-08,0.0,Low,19.47,25.97
Kent,Hot & Humid,Notable,2026-10-09,0.0,Low,19.3,25.97
Kent,Hot & Humid,Notable,2026-10-10,0.0,Low,19.4,25.97
Kent,Hot & Humid,Notable,2026-10-11,0.0,Low,20.49,25.97
Kent,Hot & Humid,Notable,2026-10-12,0.0,Low,20.56,25.97
Kent,Hot & Humid,Notable,2026-10-13,0.0,Low,19.12,25.97
Kent,Hot & Humid,Notable,2026-10-14,0.0,Low,18.87,25.97
Kent,Hot & Humid,Notable,2026-10-15,0.0,Low,19.12,25.97
Kent,Hot & Humid,Notable,2026-10-16,0.0,Low,19.67,25.97
Kent,Hot & Humid,Notable,2026-10-17,0.0,Low,18.58,25.97
Kent,Hot & Humid,Notable,2026-10-18,0.0,Low,17.67,25.97
Kent,Hot & Humid,Notable,2026-10-19,0.0,Low,16.48,25.97
Kent,Hot & Humid,Notable,2026-10-20,0.0,Low,16.68,25.97
Kent,Hot & Humid,Notable,2026-10-21,0.0,Low,16.4,25.97
Kent,Hot & Humid,Notable,2026-10-22,0.0,Low,17.29,25.97
Kent,Hot & Humid,Notable,2026-10-23,0.0,Low,17.44,25.97
Kent,Hot & Humid,Notable,2026-10-24,0.0,Low,15.53,25.97
Kent,Hot & Humid,Notable,2026-10-25,0.0,Low,15.94,25.97
Kent,Hot & Humid,Notable,2026-10-26,0.0,Low,17.31,25.97
Kent,Hot & Humid,Notable,2026-10-27,0.0,Low,17.38,25.97
Kent,Hot & Humid,Notable,2026-10-28,0.0,Low,16.76,25.97
Kent,Hot & Humid,Notable,2026-10-29,0.0,Low,17.41,25.97
Newport,Hot & Humid,Notable,2026-09-30,0.0,Low,24.41,25.16
Newport,Hot & Humid,Notable,2026-10-01,0.0,Low,25.58,25.16
Newport,Hot & Humid,Notable,2026-10-02,0.0,Low,26.09,25.16
Newport,Hot & Humid,Notable,2026-10-03,0.0,Low,24.26,25.16
Newport,Hot & Humid,Notable,2026-10-04,0.0,Low,20.69,25.16
Newport,Hot & Humid,Notable,2026-10-05,0.0,Low,20.31,25.16
Newport,Hot & Humid,Notable,2026-10-06,0.0,Low,18.22,25.16
Newport,Hot & Humid,Notable,2026-10-07,0.0,Low,16.95,25.16
Newport,Hot & Humid,Notable,2026-10-08,0.0,Low,19.45,25.16
Newport,Hot & Humid,Notable,2026-10-09,0.0,Low,19.48,25.16
Newport,Hot & Humid,Notable,2026-10-10,0.0,Low,19.44,25.16
Newport,Hot & Humid,Notable,2026-10-11,0.0,Low,20.48,25.16
Newport,Hot & Humid,Notable,2026-10-12,0.0,Low,20.72,25.16
Newport,Hot & Humid,Notable,2026-10-13,0.0,Low,19.34,25.16
Newport,Hot & Humid,Notable,2026-10-14,0.0,Low,19.01,25.16
Newport,Hot & Humid,Notable,2026-10-15,0.0,Low,19.32,25.16
Newport,Hot & Humid,Notable,2026-10-16,0.0,Low,19.66,25.16
Newport,Hot & Humid,Notable,2026-10-17,0.0,Low,18.82,25.16
Newport,Hot & Humid,Notable,2026-10-18,0.0,Low,17.96,25.16
Newport,Hot & Humid,Notable,2026-10-19,0.0,Low,16.78,25.16
Newport,Hot & Humid,Notable,2026-10-20,0.0,Low,16.91,25.16
Newport,Hot & Humid,Notable,2026-10-21,0.0,Low,16.8,25.16
Newport,Hot & Humid,Notable,2026-10-22,0.0,Low,17.57,25.16
Newport,Hot & Humid,Notable,2026-10-23,0.0,Low,17.67,25.16
Newport,Hot & Humid,Notable,2026-10-24,0.0,Low,15.89,25.16
Newport,Hot & Humid,Notable,2026-10-25,0.0,Low,16.07,25.16
Newport,Hot & Humid,Notable,2026-10-26,0.0,Low,17.37,25.16
Newport,Hot & Humid,Notable,2026-10-27,0.0,Low,17.5,25.16
Newport,Hot & Humid,Notable,2026-10-28,0.0,Low,16.84,25.16
Newport,Hot & Humid,Notable,2026-10-29,0.0,Low,17.26,25.16
Providence,Hot & Humid,Notable,2026-09-30,0.0,Low,24.86,26.13
Providence,Hot & Humid,Notable,2026-10-01,0.0,Low,26.0,26.13
Providence,Hot & Humid,Notable,2026-10-02,0.0,Low,26.39,26.13
Providence,Hot & Humid,Notable,2026-10-03,0.0,Low,23.93,26.13
Providence,Hot & Humid,Notable,2026-10-04,0.0,Low,20.15,26.13
Providence,Hot & Humid,Notable,2026-10-05,0.0,Low,19.57,26.13
Providence,Hot & Humid,Notable,2026-10-06,0.0,Low,17.4,26.13
Providence,Hot & Humid,Notable,2026-10-07,0.0,Low,16.95,26.13
Providence,Hot & Humid,Notable,2026-10-08,0.0,Low,19.41,26.13
Providence,Hot & Humid,Notable,2026-10-09,0.0,Low,19.11,26.13
Providence,Hot & Humid,Notable,2026-10-10,0.0,Low,19.39,26.13
Providence,Hot & Humid,Notable,2026-10-11,0.0,Low,20.42,26.13
Providence,Hot & Humid,Notable,2026-10-12,0.0,Low,20.38,26.13
Providence,Hot & Humid,Notable,2026-10-13,0.0,Low,18.81,26.13
Providence,Hot & Humid,Notable,2026-10-14,0.0,Low,18.57,26.13
Providence,Hot & Humid,Notable,2026-10-15,0.0,Low,18.84,26.13
Providence,Hot & Humid,Notable,2026-10-16,0.0,Low,19.5,26.13
Providence,Hot & Humid,Notable,2026-10-17,0.0,Low,18.28,26.13
Providence,Hot & Humid,Notable,2026-10-18,0.0,Low,17.36,26.13
Providence,Hot & Humid,Notable,2026-10-19,0.0,Low,16.25,26.13
Providence,Hot & Humid,Notable,2026-10-20,0.0,Low,16.48,26.13
Providence,Hot & Humid,Notable,2026-10-21,0.0,Low,16.14,26.13
Providence,Hot & Humid,Notable,2026-10-22,0.0,Low,16.97,26.13
Providence,Hot & Humid,Notable,2026-10-23,0.0,Low,17.26,26.13
Providence,Hot & Humid,Notable,2026-10-24,0.0,Low,15.31,26.13
Providence,Hot & Humid,Notable,2026-10-25,0.0,Low,15.69,26.13
Providence,Hot & Humid,Notable,2026-10-26,0.0,Low,17.18,26.13
Providence,Hot & Humid,Notable,2026-10-27,0.0,Low,17.2,26.13
Providence,Hot & Humid,Notable,2026-10-28,0.0,Low,16.56,26.13
Providence,Hot & Humid,Notable,2026-10-29,0.0,Low,17.34,26.13
Washington,Hot & Humid,Notable,2026-09-30,0.0,Low,24.74,25.7
Washington,Hot & Humid,Notable,2026-10-01,0.0,Low,25.75,25.7
Washington,Hot & Humid,Notable,2026-10-02,0.0,Low,26.35,25.7
Washington,Hot & Humid,Notable,2026-10-03,0.0,Low,24.26,25.7
Washington,Hot & Humid,Notable,2026-10-04,0.0,Low,20.76,25.7
Washington,Hot & Humid,Notable,2026-10-05,0.0,Low,20.21,25.7
Washington,Hot & Humid,Notable,2026-10-06,0.0,Low,18.2,25.7
Washington,Hot & Humid,Notable,2026-10-07,0.0,Low,17.37,25.7
Washington,Hot & Humid,Notable,2026-10-08,0.0,Low,19.6,25.7
Washington,Hot & Humid,Notable,2026-10-09,0.0,Low,19.68,25.7
Washington,Hot & Humid,Notable,2026-10-10,0.0,Low,19.61,25.7
Washington,Hot & Humid,Notable,2026-10-11,0.0,Low,20.74,25.7
Washington,Hot & Humid,Notable,2026-10-12,0.0,Low,20.9,25.7
Washington,Hot & Humid,Notable,2026-10-13,0.0,Low,19.54,25.7
Washington,Hot & Humid,Notable,2026-10-14,0.0,Low,19.24,25.7
Washington,Hot & Humid,Notable,2026-10-15,0.0,Low,19.47,25.7
Washington,Hot & Humid,Notable,2026-10-16,0.0,Low,19.92,25.7
Washington,Hot & Humid,Notable,2026-10-17,0.0,Low,18.94,25.7
Washington,Hot & Humid,Notable,2026-10-18,0.0,Low,18.13,25.7
Washington,Hot & Humid,Notable,2026-10-19,0.0,Low,16.96,25.7
Washington,Hot & Humid,Notable,2026-10-20,0.0,Low,17.07,25.7
Washington,Hot & Humid,Notable,2026-10-21,0.0,Low,16.93,25.7
Washington,Hot & Humid,Notable,2026-10-22,0.0,Low,17.75,25.7
Washington,Hot & Humid,Notable,2026-10-23,0.0,Low,17.74,25.7
Washington,Hot & Humid,Notable,2026-10-24,0.0,Low,15.98,25.7
Washington,Hot & Humid,Notable,2026-10-25,0.0,Low,16.46,25.7
Washington,Hot & Humid,Notable,2026-10-26,0.0,Low,17.66,25.7
Washington,Hot & Humid,Notable,2026-10-27,0.0,Low,17.79,25.7
Washington,Hot & Humid,Notable,2026-10-28,0.0,Low,17.2,25.7
Washington,Hot & Humid,Notable,2026-10-29,0.0,Low,17.73,25.7
Bristol,Hot & Humid,Severe,2026-09-30,0.0,Low,25.26,26.59
Bristol,Hot & Humid,Severe,2026-10-01,0.0,Low,26.35,26.59
Bristol,Hot & Humid,Severe,2026-10-02,0.0,Low,26.8,26.59
Bristol,Hot & Humid,Severe,2026-10-03,0.0,Low,24.73,26.59
Bristol,Hot & Humid,Severe,2026-10-04,0.0,Low,21.03,26.59
Bristol,Hot & Humid,Severe,2026-10-05,0.0,Low,20.65,26.59
Bristol,Hot & Humid,Severe,2026-10-06,0.0,Low,18.51,26.59
Bristol,Hot & Humid,Severe,2026-10-07,0.0,Low,17.38,26.59
Bristol,Hot & Humid,Severe,2026-10-08,0.0,Low,20.01,26.59
Bristol,Hot & Humid,Severe,2026-10-09,0.0,Low,19.82,26.59
Bristol,Hot & Humid,Severe,2026-10-10,0.0,Low,19.91,26.59
Bristol,Hot & Humid,Severe,2026-10-11,0.0,Low,20.93,26.59
Bristol,Hot & Humid,Severe,2026-10-12,0.0,Low,21.12,26.59
Bristol,Hot & Humid,Severe,2026-10-13,0.0,Low,19.65,26.59
Bristol,Hot & Humid,Severe,2026-10-14,0.0,Low,19.39,26.59
Bristol,Hot & Humid,Severe,2026-10-15,0.0,Low,19.64,26.59
Bristol,Hot & Humid,Severe,2026-10-16,0.0,Low,20.12,26.59
Bristol,Hot & Humid,Severe,2026-10-17,0.0,Low,19.12,26.59
Bristol,Hot & Humid,Severe,2026-10-18,0.0,Low,18.2,26.59
Bristol,Hot & Humid,Severe,2026-10-19,0.0,Low,16.95,26.59
Bristol,Hot & Humid,Severe,2026-10-20,0.0,Low,17.21,26.59
Bristol,Hot & Humid,Severe,2026-10-21,0.0,Low,16.93,26.59
Bristol,Hot & Humid,Severe,2026-10-22,0.0,Low,17.83,26.59
Bristol,Hot & Humid,Severe,2026-10-23,0.0,Low,18.07,26.59
Bristol,Hot & Humid,Severe,2026-10-24,0.0,Low,16.11,26.59
Bristol,Hot & Humid,Severe,2026-10-25,0.0,Low,16.29,26.59
Bristol,Hot & Humid,Severe,2026-10-26,0.0,Low,17.74,26.59
Bristol,Hot & Humid,Severe,2026-10-27,0.0,Low,17.88,26.59
Bristol,Hot & Humid,Severe,2026-10-28,0.0,Low,17.11,26.59
Bristol,Hot & Humid,Severe,2026-10-29,0.0,Low,17.67,26.59
Kent,Hot & Humid,Severe,2026-09-30,0.0,Low,24.86,26.95
Kent,Hot & Humid,Severe,2026-10-01,0.0,Low,25.86,26.95
Kent,Hot & Humid,Severe,2026-10-02,0.0,Low,26.32,26.95
Kent,Hot & Humid,Severe,2026-10-03,0.0,Low,24.05,26.95
Kent,Hot & Humid,Severe,2026-10-04,0.0,Low,20.44,26.95
Kent,Hot & Humid,Severe,2026-10-05,0.0,Low,19.92,26.95
Kent,Hot & Humid,Severe,2026-10-06,0.0,Low,17.81,26.95
Kent,Hot & Humid,Severe,2026-10-07,0.0,Low,17.08,26.95
Kent,Hot & Humid,Severe,2026-10-08,0.0,Low,19.47,26.95
Kent,Hot & Humid,Severe,2026-10-09,0.0,Low,19.3,26.95
Kent,Hot & Humid,Severe,2026-10-10,0.0,Low,19.4,26.95
Kent,Hot & Humid,Severe,2026-10-11,0.0,Low,20.49,26.95
Kent,Hot & Humid,Severe,2026-10-12,0.0,Low,20.56,26.95
Kent,Hot & Humid,Severe,2026-10-13,0.0,Low,19.12,26.95
Kent,Hot & Humid,Severe,2026-10-14,0.0,Low,18.87,26.95
Kent,Hot & Humid,Severe,2026-10-15,0.0,Low,19.12,26.95
Kent,Hot & Humid,Severe,2026-10-16,0.0,Low,19.67,26.95
Kent,Hot & Humid,Severe,2026-10-17,0.0,Low,18.58,26.95
Kent,Hot & Humid,Severe,2026-10-18,0.0,Low,17.67,26.95
Kent,Hot & Humid,Severe,2026-10-19,0.0,Low,16.48,26.95
Kent,Hot & Humid,Severe,2026-10-20,0.0,Low,16.68,26.95
Kent,Hot & Humid,Severe,2026-10-21,0.0,Low,16.4,26.95
Kent,Hot & Humid,Severe,2026-10-22,0.0,Low,17.29,26.95
Kent,Hot & Humid,Severe,2026-10-23,0.0,Low,17.44,26.95
Kent,Hot & Humid,Severe,2026-10-24,0.0,Low,15.53,26.95
Kent,Hot & Humid,Severe,2026-10-25,0.0,Low,15.94,26.95
Kent,Hot & Humid,Severe,2026-10-26,0.0,Low,17.31,26.95
Kent,Hot & Humid,Severe,2026-10-27,0.0,Low,17.38,26.95
Kent,Hot & Humid,Severe,2026-10-28,0.0,Low,16.76,26.95
Kent,Hot & Humid,Severe,2026-10-29,0.0,Low,17.41,26.95
Newport,Hot & Humid,Severe,2026-09-30,0.0,Low,24.41,25.9
Newport,Hot & Humid,Severe,2026-10-01,0.0,Low,25.58,25.9
Newport,Hot & Humid,Severe,2026-10-02,0.0,Low,26.09,25.9
Newport,Hot & Humid,Severe,2026-10-03,0.0,Low,24.26,25.9
Newport,Hot & Humid,Severe,2026-10-04,0.0,Low,20.69,25.9
Newport,Hot & Humid,Severe,2026-10-05,0.0,Low,20.31,25.9
Newport,Hot & Humid,Severe,2026-10-06,0.0,Low,18.22,25.9
Newport,Hot & Humid,Severe,2026-10-07,0.0,Low,16.95,25.9
Newport,Hot & Humid,Severe,2026-10-08,0.0,Low,19.45,25.9
Newport,Hot & Humid,Severe,2026-10-09,0.0,Low,19.48,25.9
Newport,Hot & Humid,Severe,2026-10-10,0.0,Low,19.44,25.9
Newport,Hot & Humid,Severe,2026-10-11,0.0,Low,20.48,25.9
Newport,Hot & Humid,Severe,2026-10-12,0.0,Low,20.72,25.9
Newport,Hot & Humid,Severe,2026-10-13,0.0,Low,19.34,25.9
Newport,Hot & Humid,Severe,2026-10-14,0.0,Low,19.01,25.9
Newport,Hot & Humid,Severe,2026-10-15,0.0,Low,19.32,25.9
Newport,Hot & Humid,Severe,2026-10-16,0.0,Low,19.66,25.9
Newport,Hot & Humid,Severe,2026-10-17,0.0,Low,18.82,25.9
Newport,Hot & Humid,Severe,2026-10-18,0.0,Low,17.96,25.9
Newport,Hot & Humid,Severe,2026-10-19,0.0,Low,16.78,25.9
Newport,Hot & Humid,Severe,2026-10-20,0.0,Low,16.91,25.9
Newport,Hot & Humid,Severe,2026-10-21,0.0,Low,16.8,25.9
Newport,Hot & Humid,Severe,2026-10-22,0.0,Low,17.57,25.9
Newport,Hot & Humid,Severe,2026-10-23,0.0,Low,17.67,25.9
Newport,Hot & Humid,Severe,2026-10-24,0.0,Low,15.89,25.9
Newport,Hot & Humid,Severe,2026-10-25,0.0,Low,16.07,25.9
Newport,Hot & Humid,Severe,2026-10-26,0.0,Low,17.37,25.9
Newport,Hot & Humid,Severe,2026-10-27,0.0,Low,17.5,25.9
Newport,Hot & Humid,Severe,2026-10-28,0.0,Low,16.84,25.9
Newport,Hot & Humid,Severe,2026-10-29,0.0,Low,17.26,25.9
Providence,Hot & Humid,Severe,2026-09-30,0.0,Low,24.86,26.92
Providence,Hot & Humid,Severe,2026-10-01,0.0,Low,26.0,26.92
Providence,Hot & Humid,Severe,2026-10-02,0.0,Low,26.39,26.92
Providence,Hot & Humid,Severe,2026-10-03,0.0,Low,23.93,26.92
Providence,Hot & Humid,Severe,2026-10-04,0.0,Low,20.15,26.92
Providence,Hot & Humid,Severe,2026-10-05,0.0,Low,19.57,26.92
Providence,Hot & Humid,Severe,2026-10-06,0.0,Low,17.4,26.92
Providence,Hot & Humid,Severe,2026-10-07,0.0,Low,16.95,26.92
Providence,Hot & Humid,Severe,2026-10-08,0.0,Low,19.41,26.92
Providence,Hot & Humid,Severe,2026-10-09,0.0,Low,19.11,26.92
Providence,Hot & Humid,Severe,2026-10-10,0.0,Low,19.39,26.92
Providence,Hot & Humid,Severe,2026-10-11,0.0,Low,20.42,26.92
Providence,Hot & Humid,Severe,2026-10-12,0.0,Low,20.38,26.92
Providence,Hot & Humid,Severe,2026-10-13,0.0,Low,18.81,26.92
Providence,Hot & Humid,Severe,2026-10-14,0.0,Low,18.57,26.92
Providence,Hot & Humid,Severe,2026-10-15,0.0,Low,18.84,26.92
Providence,Hot & Humid,Severe,2026-10-16,0.0,Low,19.5,26.92
Providence,Hot & Humid,Severe,2026-10-17,0.0,Low,18.28,26.92
Providence,Hot & Humid,Severe,2026-10-18,0.0,Low,17.36,26.92
Providence,Hot & Humid,Severe,2026-10-19,0.0,Low,16.25,26.92
Providence,Hot & Humid,Severe,2026-10-20,0.0,Low,16.48,26.92
Providence,Hot & Humid,Severe,2026-10-21,0.0,Low,16.14,26.92
Providence,Hot & Humid,Severe,2026-10-22,0.0,Low,16.97,26.92
Providence,Hot & Humid,Severe,2026-10-23,0.0,Low,17.26,26.92
Providence,Hot & Humid,Severe,2026-10-24,0.0,Low,15.31,26.92
Providence,Hot & Humid,Severe,2026-10-25,0.0,Low,15.69,26.92
Providence,Hot & Humid,Severe,2026-10-26,0.0,Low,17.18,26.92
Providence,Hot & Humid,Severe,2026-10-27,0.0,Low,17.2,26.92
Providence,Hot & Humid,Severe,2026-10-28,0.0,Low,16.56,26.92
Providence,Hot & Humid,Severe,2026-10-29,0.0,Low,17.34,26.92
Washington,Hot & Humid,Severe,2026-09-30,0.0,Low,24.74,25.92
Washington,Hot & Humid,Severe,2026-10-01,0.0,Low,25.75,25.92
Washington,Hot & Humid,Severe,2026-10-02,0.0,Low,26.35,25.92
Washington,Hot & Humid,Severe,2026-10-03,0.0,Low,24.26,25.92
Washington,Hot & Humid,Severe,2026-10-04,0.0,Low,20.76,25.92
Washington,Hot & Humid,Severe,2026-10-05,0.0,Low,20.21,25.92
Washington,Hot & Humid,Severe,2026-10-06,0.0,Low,18.2,25.92
Washington,Hot & Humid,Severe,2026-10-07,0.0,Low,17.37,25.92
Washington,Hot & Humid,Severe,2026-10-08,0.0,Low,19.6,25.92
Washington,Hot & Humid,Severe,2026-10-09,0.0,Low,19.68,25.92
Washington,Hot & Humid,Severe,2026-10-10,0.0,Low,19.61,25.92
Washington,Hot & Humid,Severe,2026-10-11,0.0,Low,20.74,25.92
Washington,Hot & Humid,Severe,2026-10-12,0.0,Low,20.9,25.92
Washington,Hot & Humid,Severe,2026-10-13,0.0,Low,19.54,25.92
Washington,Hot & Humid,Severe,2026-10-14,0.0,Low,19.24,25.92
Washington,Hot & Humid,Severe,2026-10-15,0.0,Low,19.47,25.92
Washington,Hot & Humid,Severe,2026-10-16,0.0,Low,19.92,25.92
Washington,Hot & Humid,Severe,2026-10-17,0.0,Low,18.94,25.92
Washington,Hot & Humid,Severe,2026-10-18,0.0,Low,18.13,25.92
Washington,Hot & Humid,Severe,2026-10-19,0.0,Low,16.96,25.92
Washington,Hot & Humid,Severe,2026-10-20,0.0,Low,17.07,25.92
Washington,Hot & Humid,Severe,2026-10-21,0.0,Low,16.93,25.92
Washington,Hot & Humid,Severe,2026-10-22,0.0,Low,17.75,25.92
Washington,Hot & Humid,Severe,2026-10-23,0.0,Low,17.74,25.92
Washington,Hot & Humid,Severe,2026-10-24,0.0,Low,15.98,25.92
Washington,Hot & Humid,Severe,2026-10-25,0.0,Low,16.46,25.92
Washington,Hot & Humid,Severe,2026-10-26,0.0,Low,17.66,25.92
Washington,Hot & Humid,Severe,2026-10-27,0.0,Low,17.79,25.92
Washington,Hot & Humid,Severe,2026-10-28,0.0,Low,17.2,25.92
Washington,Hot & Humid,Severe,2026-10-29,0.0,Low,17.73,25.92
Bristol,Wet,Extreme,2026-09-30,0.0,Low,62.57,91.16
Bristol,Wet,Extreme,2026-10-01,0.0,Low,58.02,91.16
Bristol,Wet,Extreme,2026-10-02,0.0,Low,54.89,91.16
Bristol,Wet,Extreme,2026-10-03,0.0,Low,56.06,91.16
Bristol,Wet,Extreme,2026-10-04,0.0,Low,61.26,91.16
Bristol,Wet,Extreme,2026-10-05,0.0,Low,67.18,91.16
Bristol,Wet,Extreme,2026-10-06,0.0,Low,65.39,91.16
Bristol,Wet,Extreme,2026-10-07,0.0,Low,63.25,91.16
Bristol,Wet,Extreme,2026-10-08,0.0,Low,58.18,91.16
Bristol,Wet,Extreme,2026-10-09,0.0,Low,56.03,91.16
Bristol,Wet,Extreme,2026-10-10,0.0,Low,59.38,91.16
Bristol,Wet,Extreme,2026-10-11,0.0,Low,62.47,91.16
Bristol,Wet,Extreme,2026-10-12,0.0,Low,59.91,91.16
Bristol,Wet,Extreme,2026-10-13,0.0,Low,59.58,91.16
Bristol,Wet,Extreme,2026-10-14,0.0,Low,59.66,91.16
Bristol,Wet,Extreme,2026-10-15,0.0,Low,59.51,91.16
Bristol,Wet,Extreme,2026-10-16,0.0,Low,60.49,91.16
Bristol,Wet,Extreme,2026-10-17,0.0,Low,59.72,91.16
Bristol,Wet,Extreme,2026-10-18,0.0,Low,58.4,91.16
Bristol,Wet,Extreme,2026-10-19,0.0,Low,59.98,91.16
Bristol,Wet,Extreme,2026-10-20,0.0,Low,63.27,91.16
Bristol,Wet,Extreme,2026-10-21,0.0,Low,62.74,91.16
Bristol,Wet,Extreme,2026-10-22,0.0,Low,61.96,91.16
Bristol,Wet,Extreme,2026-10-23,0.0,Low,59.93,91.16
Bristol,Wet,Extreme,2026-10-24,2.1,Low,61.41,91.16
Bristol,Wet,Extreme,2026-10-25,2.1,Low,63.23,91.16
Bristol,Wet,Extreme,2026-10-26,2.1,Low,63.11,91.16
Bristol,Wet,Extreme,2026-10-27,0.0,Low,61.74,91.16
Bristol,Wet,Extreme,2026-10-28,0.0,Low,61.49,91.16
Bristol,Wet,Extreme,2026-10-29,0.0,Low,65.54,91.16
Kent,Wet,Extreme,2026-09-30,0.0,Low,62.27,90.2
Kent,Wet,Extreme,2026-10-01,0.0,Low,57.41,90.2
Kent,Wet,Extreme,2026-10-02,0.0,Low,55.13,90.2
Kent,Wet,Extreme,2026-10-03,0.0,Low,54.98,90.2
Kent,Wet,Extreme,2026-10-04,0.0,Low,60.19,90.2
Kent,Wet,Extreme,2026-10-05,0.0,Low,65.97,90.2
Kent,Wet,Extreme,2026-10-06,0.0,Low,64.3,90.2
Kent,Wet,Extreme,2026-10-07,0.0,Low,61.32,90.2
Kent,Wet,Extreme,2026-10-08,0.0,Low,56.91,90.2
Kent,Wet,Extreme,2026-10-09,0.0,Low,54.78,90.2
Kent,Wet,Extreme,2026-10-10,0.0,Low,58.34,90.2
Kent,Wet,Extreme,2026-10-11,0.0,Low,61.4,90.2
Kent,Wet,Extreme,2026-10-12,0.0,Low,58.77,90.2
Kent,Wet,Extreme,2026-10-13,0.0,Low,58.2,90.2
Kent,Wet,Extreme,2026-10-14,0.0,Low,58.02,90.2
Kent,Wet,Extreme,2026-10-15,0.0,Low,58.12,90.2
Kent,Wet,Extreme,2026-10-16,0.0,Low,59.16,90.2
Kent,Wet,Extreme,2026-10-17,0.0,Low,58.28,90.2
Kent,Wet,Extreme,2026-10-18,0.0,Low,57.15,90.2
Kent,Wet,Extreme,2026-10-19,0.0,Low,58.71,90.2
Kent,Wet,Extreme,2026-10-20,0.0,Low,62.11,90.2
Kent,Wet,Extreme,2026-10-21,0.0,Low,61.42,90.2
Kent,Wet,Extreme,2026-10-22,0.0,Low,60.48,90.2
Kent,Wet,Extreme,2026-10-23,0.0,Low,58.56,90.2
Kent,Wet,Extreme,2026-10-24,2.1,Low,60.17,90.2
Kent,Wet,Extreme,2026-10-25,2.1,Low,61.6,90.2
Kent,Wet,Extreme,2026-10-26,2.1,Low,61.41,90.2
Kent,Wet,Extreme,2026-10-27,0.0,Low,59.69,90.2
Kent,Wet,Extreme,2026-10-28,0.0,Low,59.53,90.2
Kent,Wet,Extreme,2026-10-29,0.0,Low,63.64,90.2
Newport,Wet,Extreme,2026-09-30,0.0,Low,65.75,92.84
Newport,Wet,Extreme,2026-10-01,0.0,Low,60.83,92.84
Newport,Wet,Extreme,2026-10-02,0.0,Low,56.99,92.84
Newport,Wet,Extreme,2026-10-03,0.0,Low,58.51,92.84
Newport,Wet,Extreme,2026-10-04,0.0,Low,63.6,92.84
Newport,Wet,Extreme,2026-10-05,0.0,Low,69.67,92.84
Newport,Wet,Extreme,2026-10-06,0.0,Low,67.81,92.84
Newport,Wet,Extreme,2026-10-07,0.0,Low,65.77,92.84
Newport,Wet,Extreme,2026-10-08,0.0,Low,60.63,92.84
Newport,Wet,Extreme,2026-10-09,0.0,Low,58.07,92.84
Newport,Wet,Extreme,2026-10-10,0.0,Low,61.82,92.84
Newport,Wet,Extreme,2026-10-11,0.0,Low,64.82,92.84
Newport,Wet,Extreme,2026-10-12,0.0,Low,62.3,92.84
Newport,Wet,Extreme,2026-10-13,0.0,Low,61.89,92.84
Newport,Wet,Extreme,2026-10-14,0.0,Low,62.18,92.84
Newport,Wet,Extreme,2026-10-15,0.0,Low,61.64,92.84
Newport,Wet,Extreme,2026-10-16,0.0,Low,62.83,92.84
Newport,Wet,Extreme,2026-10-17,0.0,Low,61.67,92.84
Newport,Wet,Extreme,2026-10-18,0.0,Low,60.53,92.84
Newport,Wet,Extreme,2026-10-19,0.0,Low,61.68,92.84
Newport,Wet,Extreme,2026-10-20,0.0,Low,65.31,92.84
Newport,Wet,Extreme,2026-10-21,0.0,Low,64.57,92.84
Newport,Wet,Extreme,2026-10-22,0.0,Low,63.97,92.84
Newport,Wet,Extreme,2026-10-23,0.0,Low,62.08,92.84
Newport,Wet,Extreme,2026-10-24,2.1,Low,63.37,92.84
Newport,Wet,Extreme,2026-10-25,2.1,Low,65.3,92.84
Newport,Wet,Extreme,2026-10-26,2.1,Low,65.39,92.84
Newport,Wet,Extreme,2026-10-27,0.0,Low,64.28,92.84
Newport,Wet,Extreme,2026-10-28,0.0,Low,63.47,92.84
Newport,Wet,Extreme,2026-10-29,0.0,Low,67.63,92.84
Providence,Wet,Extreme,2026-09-30,0.0,Low,61.68,90.73
Providence,Wet,Extreme,2026-10-01,0.0,Low,56.31,90.73
Providence,Wet,Extreme,2026-10-02,0.0,Low,54.44,90.73
Providence,Wet,Extreme,2026-10-03,0.0,Low,54.35,90.73
Providence,Wet,Extreme,2026-10-04,0.0,Low,59.96,90.73
Providence,Wet,Extreme,2026-10-05,0.0,Low,65.53,90.73
Providence,Wet,Extreme,2026-10-06,2.1,Low,63.99,90.73
Providence,Wet,Extreme,2026-10-07,0.0,Low,60.3,90.73
Providence,Wet,Extreme,2026-10-08,0.0,Low,55.92,90.73
Providence,Wet,Extreme,2026-10-09,0.0,Low,54.1,90.73
Providence,Wet,Extreme,2026-10-10,0.0,Low,57.3,90.73
Providence,Wet,Extreme,2026-10-11,0.0,Low,60.76,90.73
Providence,Wet,Extreme,2026-10-12,0.0,Low,58.15,90.73
Providence,Wet,Extreme,2026-10-13,0.0,Low,57.83,90.73
Providence,Wet,Extreme,2026-10-14,0.0,Low,57.68,90.73
Providence,Wet,Extreme,2026-10-15,0.0,Low,57.86,90.73
Providence,Wet,Extreme,2026-10-16,0.0,Low,58.53,90.73
Providence,Wet,Extreme,2026-10-17,0.0,Low,58.02,90.73
Providence,Wet,Extreme,2026-10-18,0.0,Low,56.88,90.73
Providence,Wet,Extreme,2026-10-19,0.0,Low,58.39,90.73
Providence,Wet,Extreme,2026-10-20,0.0,Low,61.71,90.73
Providence,Wet,Extreme,2026-10-21,0.0,Low,61.16,90.73
Providence,Wet,Extreme,2026-10-22,0.0,Low,60.17,90.73
Providence,Wet,Extreme,2026-10-23,0.0,Low,57.89,90.73
Providence,Wet,Extreme,2026-10-24,2.1,Low,59.54,90.73
Providence,Wet,Extreme,2026-10-25,2.1,Low,60.9,90.73
Providence,Wet,Extreme,2026-10-26,2.1,Low,60.71,90.73
Providence,Wet,Extreme,2026-10-27,0.0,Low,58.75,90.73
Providence,Wet,Extreme,2026-10-28,0.0,Low,58.85,90.73
Providence,Wet,Extreme,2026-10-29,0.0,Low,63.06,90.73
Washington,Wet,Extreme,2026-09-30,0.0,Low,65.13,91.6
Washington,Wet,Extreme,2026-10-01,0.0,Low,60.16,91.6
Washington,Wet,Extreme,2026-10-02,0.0,Low,57.15,91.6
Washington,Wet,Extreme,2026-10-03,0.0,Low,58.03,91.6
Washington,Wet,Extreme,2026-10-04,0.0,Low,63.25,91.6
Washington,Wet,Extreme,2026-10-05,0.0,Low,69.34,91.6
Washington,Wet,Extreme,2026-10-06,2.1,Low,67.4,91.6
Washington,Wet,Extreme,2026-10-07,0.0,Low,64.32,91.6
Washington,Wet,Extreme,2026-10-08,0.0,Low,59.81,91.6
Washington,Wet,Extreme,2026-10-09,0.0,Low,57.14,91.6
Washington,Wet,Extreme,2026-10-10,0.0,Low,61.18,91.6
Washington,Wet,Extreme,2026-10-11,0.0,Low,64.16,91.6
Washington,Wet,Extreme,2026-10-12,0.0,Low,61.28,91.6
Washington,Wet,Extreme,2026-10-13,0.0,Low,60.73,91.6
Washington,Wet,Extreme,2026-10-14,0.0,Low,60.7,91.6
Washington,Wet,Extreme,2026-10-15,0.0,Low,60.93,91.6
Washington,Wet,Extreme,2026-10-16,0.0,Low,62.09,91.6
Washington,Wet,Extreme,2026-10-17,0.0,Low,60.84,91.6
Washington,Wet,Extreme,2026-10-18,0.0,Low,59.7,91.6
Washington,Wet,Extreme,2026-10-19,0.0,Low,60.99,91.6
Washington,Wet,Extreme,2026-10-20,0.0,Low,64.75,91.6
Washington,Wet,Extreme,2026-10-21,0.0,Low,63.84,91.6
Washington,Wet,Extreme,2026-10-22,0.0,Low,63.02,91.6
Washington,Wet,Extreme,2026-10-23,0.0,Low,61.17,91.6
Washington,Wet,Extreme,2026-10-24,2.1,Low,62.66,91.6
Washington,Wet,Extreme,2026-10-25,2.1,Low,64.06,91.6
Washington,Wet,Extreme,2026-10-26,2.1,Low,64.0,91.6
Washington,Wet,Extreme,2026-10-27,0.0,Low,62.24,91.6
Washington,Wet,Extreme,2026-10-28,0.0,Low,62.07,91.6
Washington,Wet,Extreme,2026-10-29,0.0,Low,66.16,91.6
Bristol,Wet,Notable,2026-09-30,0.0,Low,62.57,82.16
Bristol,Wet,Notable,2026-10-01,0.0,Low,58.02,82.16
Bristol,Wet,Notable,2026-10-02,0.0,Low,54.89,82.16
Bristol,Wet,Notable,2026-10-03,0.0,Low,56.06,82.16
Bristol,Wet,Notable,2026-10-04,0.0,Low,61.26,82.16
Bristol,Wet,Notable,2026-10-05,0.0,Low,67.18,82.16
Bristol,Wet,Notable,2026-10-06,4.2,Low,65.39,82.16
Bristol,Wet,Notable,2026-10-07,2.1,Low,63.25,82.16
Bristol,Wet,Notable,2026-10-08,0.0,Low,58.18,82.16
Bristol,Wet,Notable,2026-10-09,0.0,Low,56.03,82.16
Bristol,Wet,Notable,2026-10-10,0.0,Low,59.38,82.16
Bristol,Wet,Notable,2026-10-11,0.0,Low,62.47,82.16
Bristol,Wet,Notable,2026-10-12,0.0,Low,59.91,82.16
Bristol,Wet,Notable,2026-10-13,0.0,Low,59.58,82.16
Bristol,Wet,Notable,2026-10-14,0.0,Low,59.66,82.16
Bristol,Wet,Notable,2026-10-15,0.0,Low,59.51,82.16
Bristol,Wet,Notable,2026-10-16,0.0,Low,60.49,82.16
Bristol,Wet,Notable,2026-10-17,2.1,Low,59.72,82.16
Bristol,Wet,Notable,2026-10-18,0.0,Low,58.4,82.16
Bristol,Wet,Notable,2026-10-19,0.0,Low,59.98,82.16
Bristol,Wet,Notable,2026-10-20,0.0,Low,63.27,82.16
Bristol,Wet,Notable,2026-10-21,0.0,Low,62.74,82.16
Bristol,Wet,Notable,2026-10-22,2.1,Low,61.96,82.16
Bristol,Wet,Notable,2026-10-23,0.0,Low,59.93,82.16
Bristol,Wet,Notable,2026-10-24,2.1,Low,61.41,82.16
Bristol,Wet,Notable,2026-10-25,2.1,Low,63.23,82.16
Bristol,Wet,Notable,2026-10-26,4.2,Low,63.11,82.16
Bristol,Wet,Notable,2026-10-27,2.1,Low,61.74,82.16
Bristol,Wet,Notable,2026-10-28,0.0,Low,61.49,82.16
Bristol,Wet,Notable,2026-10-29,0.0,Low,65.54,82.16
Kent,Wet,Notable,2026-09-30,0.0,Low,62.27,81.26
Kent,Wet,Notable,2026-10-01,0.0,Low,57.41,81.26
Kent,Wet,Notable,2026-10-02,0.0,Low,55.13,81.26
Kent,Wet,Notable,2026-10-03,0.0,Low,54.98,81.26
Kent,Wet,Notable,2026-10-04,0.0,Low,60.19,81.26
Kent,Wet,Notable,2026-10-05,0.0,Low,65.97,81.26
Kent,Wet,Notable,2026-10-06,4.2,Low,64.3,81.26
Kent,Wet,Notable,2026-10-07,2.1,Low,61.32,81.26
Kent,Wet,Notable,2026-10-08,0.0,Low,56.91,81.26
Kent,Wet,Notable,2026-10-09,0.0,Low,54.78,81.26
Kent,Wet,Notable,2026-10-10,0.0,Low,58.34,81.26
Kent,Wet,Notable,2026-10-11,0.0,Low,61.4,81.26
Kent,Wet,Notable,2026-10-12,0.0,Low,58.77,81.26
Kent,Wet,Notable,2026-10-13,0.0,Low,58.2,81.26
Kent,Wet,Notable,2026-10-14,0.0,Low,58.02,81.26
Kent,Wet,Notable,2026-10-15,0.0,Low,58.12,81.26
Kent,Wet,Notable,2026-10-16,0.0,Low,59.16,81.26
Kent,Wet,Notable,2026-10-17,2.1,Low,58.28,81.26
Kent,Wet,Notable,2026-10-18,0.0,Low,57.15,81.26
Kent,Wet,Notable,2026-10-19,0.0,Low,58.71,81.26
Kent,Wet,Notable,2026-10-20,0.0,Low,62.11,81.26
Kent,Wet,Notable,2026-10-21,0.0,Low,61.42,81.26
Kent,Wet,Notable,2026-10-22,2.1,Low,60.48,81.26
Kent,Wet,Notable,2026-10-23,0.0,Low,58.56,81.26
Kent,Wet,Notable,2026-10-24,2.1,Low,60.17,81.26
Kent,Wet,Notable,2026-10-25,2.1,Low,61.6,81.26
Kent,Wet,Notable,2026-10-26,4.2,Low,61.41,81.26
Kent,Wet,Notable,2026-10-27,2.1,Low,59.69,81.26
Kent,Wet,Notable,2026-10-28,0.0,Low,59.53,81.26
Kent,Wet,Notable,2026-10-29,0.0,Low,63.64,81.26
Newport,Wet,Notable,2026-09-30,0.0,Low,65.75,84.79
Newport,Wet,Notable,2026-10-01,0.0,Low,60.83,84.79
Newport,Wet,Notable,2026-10-02,0.0,Low,56.99,84.79
Newport,Wet,Notable,2026-10-03,0.0,Low,58.51,84.79
Newport,Wet,Notable,2026-10-04,0.0,Low,63.6,84.79
Newport,Wet,Notable,2026-10-05,0.0,Low,69.67,84.79
Newport,Wet,Notable,2026-10-06,4.2,Low,67.81,84.79
Newport,Wet,Notable,2026-10-07,2.1,Low,65.77,84.79
Newport,Wet,Notable,2026-10-08,0.0,Low,60.63,84.79
Newport,Wet,Notable,2026-10-09,0.0,Low,58.07,84.79
Newport,Wet,Notable,2026-10-10,0.0,Low,61.82,84.79
Newport,Wet,Notable,2026-10-11,0.0,Low,64.82,84.79
Newport,Wet,Notable,2026-10-12,0.0,Low,62.3,84.79
Newport,Wet,Notable,2026-10-13,0.0,Low,61.89,84.79
Newport,Wet,Notable,2026-10-14,0.0,Low,62.18,84.79
Newport,Wet,Notable,2026-10-15,0.0,Low,61.64,84.79
Newport,Wet,Notable,2026-10-16,0.0,Low,62.83,84.79
Newport,Wet,Notable,2026-10-17,2.1,Low,61.67,84.79
Newport,Wet,Notable,2026-10-18,0.0,Low,60.53,84.79
Newport,Wet,Notable,2026-10-19,0.0,Low,61.68,84.79
Newport,Wet,Notable,2026-10-20,0.0,Low,65.31,84.79
Newport,Wet,Notable,2026-10-21,0.0,Low,64.57,84.79
Newport,Wet,Notable,2026-10-22,0.0,Low,63.97,84.79
Newport,Wet,Notable,2026-10-23,0.0,Low,62.08,84.79
Newport,Wet,Notable,2026-10-24,2.1,Low,63.37,84.79
Newport,Wet,Notable,2026-10-25,2.1,Low,65.3,84.79
Newport,Wet,Notable,2026-10-26,4.2,Low,65.39,84.79
Newport,Wet,Notable,2026-10-27,2.1,Low,64.28,84.79
Newport,Wet,Notable,2026-10-28,0.0,Low,63.47,84.79
Newport,Wet,Notable,2026-10-29,0.0,Low,67.63,84.79
Providence,Wet,Notable,2026-09-30,0.0,Low,61.68,81.24
Providence,Wet,Notable,2026-10-01,0.0,Low,56.31,81.24
Providence,Wet,Notable,2026-10-02,0.0,Low,54.44,81.24
Providence,Wet,Notable,2026-10-03,0.0,Low,54.35,81.24
Providence,Wet,Notable,2026-10-04,0.0,Low,59.96,81.24
Providence,Wet,Notable,2026-10-05,0.0,Low,65.53,81.24
Providence,Wet,Notable,2026-10-06,4.2,Low,63.99,81.24
Providence,Wet,Notable,2026-10-07,2.1,Low,60.3,81.24
Providence,Wet,Notable,2026-10-08,0.0,Low,55.92,81.24
Providence,Wet,Notable,2026-10-09,0.0,Low,54.1,81.24
Providence,Wet,Notable,2026-10-10,0.0,Low,57.3,81.24
Providence,Wet,Notable,2026-10-11,0.0,Low,60.76,81.24
Providence,Wet,Notable,2026-10-12,0.0,Low,58.15,81.24
Providence,Wet,Notable,2026-10-13,0.0,Low,57.83,81.24
Providence,Wet,Notable,2026-10-14,0.0,Low,57.68,81.24
Providence,Wet,Notable,2026-10-15,0.0,Low,57.86,81.24
Providence,Wet,Notable,2026-10-16,0.0,Low,58.53,81.24
Providence,Wet,Notable,2026-10-17,2.1,Low,58.02,81.24
Providence,Wet,Notable,2026-10-18,0.0,Low,56.88,81.24
Providence,Wet,Notable,2026-10-19,0.0,Low,58.39,81.24
Providence,Wet,Notable,2026-10-20,0.0,Low,61.71,81.24
Providence,Wet,Notable,2026-10-21,0.0,Low,61.16,81.24
Providence,Wet,Notable,2026-10-22,2.1,Low,60.17,81.24
Providence,Wet,Notable,2026-10-23,0.0,Low,57.89,81.24
Providence,Wet,Notable,2026-10-24,2.1,Low,59.54,81.24
Providence,Wet,Notable,2026-10-25,2.1,Low,60.9,81.24
Providence,Wet,Notable,2026-10-26,4.2,Low,60.71,81.24
Providence,Wet,Notable,2026-10-27,2.1,Low,58.75,81.24
Providence,Wet,Notable,2026-10-28,0.0,Low,58.85,81.24
Providence,Wet,Notable,2026-10-29,0.0,Low,63.06,81.24
Washington,Wet,Notable,2026-09-30,0.0,Low,65.13,83.32
Washington,Wet,Notable,2026-10-01,0.0,Low,60.16,83.32
Washington,Wet,Notable,2026-10-02,0.0,Low,57.15,83.32
Washington,Wet,Notable,2026-10-03,0.0,Low,58.03,83.32
Washington,Wet,Notable,2026-10-04,0.0,Low,63.25,83.32
Washington,Wet,Notable,2026-10-05,2.1,Low,69.34,83.32
Washington,Wet,Notable,2026-10-06,4.2,Low,67.4,83.32
Washington,Wet,Notable,2026-10-07,2.1,Low,64.32,83.32
Washington,Wet,Notable,2026-10-08,0.0,Low,59.81,83.32
Washington,Wet,Notable,2026-10-09,0.0,Low,57.14,83.32
Washington,Wet,Notable,2026-10-10,0.0,Low,61.18,83.32
Washington,Wet,Notable,2026-10-11,0.0,Low,64.16,83.32
Washington,Wet,Notable,2026-10-12,0.0,Low,61.28,83.32
Washington,Wet,Notable,2026-10-13,0.0,Low,60.73,83.32
Washington,Wet,Notable,2026-10-14,0.0,Low,60.7,83.32
Washington,Wet,Notable,2026-10-15,0.0,Low,60.93,83.32
Washington,Wet,Notable,2026-10-16,0.0,Low,62.09,83.32
Washington,Wet,Notable,2026-10-17,2.1,Low,60.84,83.32
Washington,Wet,Notable,2026-10-18,0.0,Low,59.7,83.32
Washington,Wet,Notable,2026-10-19,0.0,Low,60.99,83.32
Washington,Wet,Notable,2026-10-20,0.0,Low,64.75,83.32
Washington,Wet,Notable,2026-10-21,0.0,Low,63.84,83.32
Washington,Wet,Notable,2026-10-22,2.1,Low,63.02,83.32
Washington,Wet,Notable,2026-10-23,0.0,Low,61.17,83.32
Washington,Wet,Notable,2026-10-24,2.1,Low,62.66,83.32
Washington,Wet,Notable,2026-10-25,2.1,Low,64.06,83.32
Washington,Wet,Notable,2026-10-26,4.2,Low,64.0,83.32
Washington,Wet,Notable,2026-10-27,2.1,Low,62.24,83.32
Washington,Wet,Notable,2026-10-28,0.0,Low,62.07,83.32
Washington,Wet,Notable,2026-10-29,0.0,Low,66.16,83.32
Bristol,Wet,Severe,2026-09-30,0.0,Low,62.57,86.03
Bristol,Wet,Severe,2026-10-01,0.0,Low,58.02,86.03
Bristol,Wet,Severe,2026-10-02,0.0,Low,54.89,86.03
Bristol,Wet,Severe,2026-10-03,0.0,Low,56.06,86.03
Bristol,Wet,Severe,2026-10-04,0.0,Low,61.26,86.03
Bristol,Wet,Severe,2026-10-05,0.0,Low,67.18,86.03
Bristol,Wet,Severe,2026-10-06,2.1,Low,65.39,86.03
Bristol,Wet,Severe,2026-10-07,0.0,Low,63.25,86.03
Bristol,Wet,Severe,2026-10-08,0.0,Low,58.18,86.03
Bristol,Wet,Severe,2026-10-09,0.0,Low,56.03,86.03
Bristol,Wet,Severe,2026-10-10,0.0,Low,59.38,86.03
Bristol,Wet,Severe,2026-10-11,0.0,Low,62.47,86.03
Bristol,Wet,Severe,2026-10-12,0.0,Low,59.91,86.03
Bristol,Wet,Severe,2026-10-13,0.0,Low,59.58,86.03
Bristol,Wet,Severe,2026-10-14,0.0,Low,59.66,86.03
Bristol,Wet,Severe,2026-10-15,0.0,Low,59.51,86.03
Bristol,Wet,Severe,2026-10-16,0.0,Low,60.49,86.03
Bristol,Wet,Severe,2026-10-17,2.1,Low,59.72,86.03
Bristol,Wet,Severe,2026-10-18,0.0,Low,58.4,86.03
Bristol,Wet,Severe,2026-10-19,0.0,Low,59.98,86.03
Bristol,Wet,Severe,2026-10-20,0.0,Low,63.27,86.03
Bristol,Wet,Severe,2026-10-21,0.0,Low,62.74,86.03
Bristol,Wet,Severe,2026-10-22,0.0,Low,61.96,86.03
Bristol,Wet,Severe,2026-10-23,0.0,Low,59.93,86.03
Bristol,Wet,Severe,2026-10-24,2.1,Low,61.41,86.03
Bristol,Wet,Severe,2026-10-25,2.1,Low,63.23,86.03
Bristol,Wet,Severe,2026-10-26,4.2,Low,63.11,86.03
Bristol,Wet,Severe,2026-10-27,0.0,Low,61.74,86.03
Bristol,Wet,Severe,2026-10-28,0.0,Low,61.49,86.03
Bristol,Wet,Severe,2026-10-29,0.0,Low,65.54,86.03
Kent,Wet,Severe,2026-09-30,0.0,Low,62.27,84.93
Kent,Wet,Severe,2026-10-01,0.0,Low,57.41,84.93
Kent,Wet,Severe,2026-10-02,0.0,Low,55.13,84.93
Kent,Wet,Severe,2026-10-03,0.0,Low,54.98,84.93
Kent,Wet,Severe,2026-10-04,0.0,Low,60.19,84.93
Kent,Wet,Severe,2026-10-05,0.0,Low,65.97,84.93
Kent,Wet,Severe,2026-10-06,2.1,Low,64.3,84.93
Kent,Wet,Severe,2026-10-07,0.0,Low,61.32,84.93
Kent,Wet,Severe,2026-10-08,0.0,Low,56.91,84.93
Kent,Wet,Severe,2026-10-09,0.0,Low,54.78,84.93
Kent,Wet,Severe,2026-10-10,0.0,Low,58.34,84.93
Kent,Wet,Severe,2026-10-11,0.0,Low,61.4,84.93
Kent,Wet,Severe,2026-10-12,0.0,Low,58.77,84.93
Kent,Wet,Severe,2026-10-13,0.0,Low,58.2,84.93
Kent,Wet,Severe,2026-10-14,0.0,Low,58.02,84.93
Kent,Wet,Severe,2026-10-15,0.0,Low,58.12,84.93
Kent,Wet,Severe,2026-10-16,0.0,Low,59.16,84.93
Kent,Wet,Severe,2026-10-17,2.1,Low,58.28,84.93
Kent,Wet,Severe,2026-10-18,0.0,Low,57.15,84.93
Kent,Wet,Severe,2026-10-19,0.0,Low,58.71,84.93
Kent,Wet,Severe,2026-10-20,0.0,Low,62.11,84.93
Kent,Wet,Severe,2026-10-21,0.0,Low,61.42,84.93
Kent,Wet,Severe,2026-10-22,0.0,Low,60.48,84.93
Kent,Wet,Severe,2026-10-23,0.0,Low,58.56,84.93
Kent,Wet,Severe,2026-10-24,2.1,Low,60.17,84.93
Kent,Wet,Severe,2026-10-25,2.1,Low,61.6,84.93
Kent,Wet,Severe,2026-10-26,4.2,Low,61.41,84.93
Kent,Wet,Severe,2026-10-27,0.0,Low,59.69,84.93
Kent,Wet,Severe,2026-10-28,0.0,Low,59.53,84.93
Kent,Wet,Severe,2026-10-29,0.0,Low,63.64,84.93
Newport,Wet,Severe,2026-09-30,0.0,Low,65.75,88.46
Newport,Wet,Severe,2026-10-01,0.0,Low,60.83,88.46
Newport,Wet,Severe,2026-10-02,0.0,Low,56.99,88.46
Newport,Wet,Severe,2026-10-03,0.0,Low,58.51,88.46
Newport,Wet,Severe,2026-10-04,0.0,Low,63.6,88.46
Newport,Wet,Severe,2026-10-05,0.0,Low,69.67,88.46
Newport,Wet,Severe,2026-10-06,2.1,Low,67.81,88.46
Newport,Wet,Severe,2026-10-07,0.0,Low,65.77,88.46
Newport,Wet,Severe,2026-10-08,0.0,Low,60.63,88.46
Newport,Wet,Severe,2026-10-09,0.0,Low,58.07,88.46
Newport,Wet,Severe,2026-10-10,0.0,Low,61.82,88.46
Newport,Wet,Severe,2026-10-11,0.0,Low,64.82,88.46
Newport,Wet,Severe,2026-10-12,0.0,Low,62.3,88.46
Newport,Wet,Severe,2026-10-13,0.0,Low,61.89,88.46
Newport,Wet,Severe,2026-10-14,0.0,Low,62.18,88.46
Newport,Wet,Severe,2026-10-15,0.0,Low,61.64,88.46
Newport,Wet,Severe,2026-10-16,0.0,Low,62.83,88.46
Newport,Wet,Severe,2026-10-17,2.1,Low,61.67,88.46
Newport,Wet,Severe,2026-10-18,0.0,Low,60.53,88.46
Newport,Wet,Severe,2026-10-19,0.0,Low,61.68,88.46
Newport,Wet,Severe,2026-10-20,0.0,Low,65.31,88.46
Newport,Wet,Severe,2026-10-21,0.0,Low,64.57,88.46
Newport,Wet,Severe,2026-10-22,0.0,Low,63.97,88.46
Newport,Wet,Severe,2026-10-23,0.0,Low,62.08,88.46
Newport,Wet,Severe,2026-10-24,2.1,Low,63.37,88.46
Newport,Wet,Severe,2026-10-25,2.1,Low,65.3,88.46
Newport,Wet,Severe,2026-10-26,4.2,Low,65.39,88.46
Newport,Wet,Severe,2026-10-27,0.0,Low,64.28,88.46
Newport,Wet,Severe,2026-10-28,0.0,Low,63.47,88.46
Newport,Wet,Severe,2026-10-29,0.0,Low,67.63,88.46
Providence,Wet,Severe,2026-09-30,0.0,Low,61.68,85.33
Providence,Wet,Severe,2026-10-01,0.0,Low,56.31,85.33
Providence,Wet,Severe,2026-10-02,0.0,Low,54.44,85.33
Providence,Wet,Severe,2026-10-03,0.0,Low,54.35,85.33
Providence,Wet,Severe,2026-10-04,0.0,Low,59.96,85.33
Providence,Wet,Severe,2026-10-05,0.0,Low,65.53,85.33
Providence,Wet,Severe,2026-10-06,2.1,Low,63.99,85.33
Providence,Wet,Severe,2026-10-07,0.0,Low,60.3,85.33
Providence,Wet,Severe,2026-10-08,0.0,Low,55.92,85.33
Providence,Wet,Severe,2026-10-09,0.0,Low,54.1,85.33
Providence,Wet,Severe,2026-10-10,0.0,Low,57.3,85.33
Providence,Wet,Severe,2026-10-11,0.0,Low,60.76,85.33
Providence,Wet,Severe,2026-10-12,0.0,Low,58.15,85.33
Providence,Wet,Severe,2026-10-13,0.0,Low,57.83,85.33
Providence,Wet,Severe,2026-10-14,0.0,Low,57.68,85.33
Providence,Wet,Severe,2026-10-15,0.0,Low,57.86,85.33
Providence,Wet,Severe,2026-10-16,0.0,Low,58.53,85.33
Providence,Wet,Severe,2026-10-17,2.1,Low,58.02,85.33
Providence,Wet,Severe,2026-10-18,0.0,Low,56.88,85.33
Providence,Wet,Severe,2026-10-19,0.0,Low,58.39,85.33
Providence,Wet,Severe,2026-10-20,0.0,Low,61.71,85.33
Providence,Wet,Severe,2026-10-21,0.0,Low,61.16,85.33
Providence,Wet,Severe,2026-10-22,0.0,Low,60.17,85.33
Providence,Wet,Severe,2026-10-23,0.0,Low,57.89,85.33
Providence,Wet,Severe,2026-10-24,2.1,Low,59.54,85.33
Providence,Wet,Severe,2026-10-25,2.1,Low,60.9,85.33
Providence,Wet,Severe,2026-10-26,4.2,Low,60.71,85.33
Providence,Wet,Severe,2026-10-27,0.0,Low,58.75,85.33
Providence,Wet,Severe,2026-10-28,0.0,Low,58.85,85.33
Providence,Wet,Severe,2026-10-29,0.0,Low,63.06,85.33
Washington,Wet,Severe,2026-09-30,0.0,Low,65.13,86.88
Washington,Wet,Severe,2026-10-01,0.0,Low,60.16,86.88
Washington,Wet,Severe,2026-10-02,0.0,Low,57.15,86.88
Washington,Wet,Severe,2026-10-03,0.0,Low,58.03,86.88
Washington,Wet,Severe,2026-10-04,0.0,Low,63.25,86.88
Washington,Wet,Severe,2026-10-05,0.0,Low,69.34,86.88
Washington,Wet,Severe,2026-10-06,2.1,Low,67.4,86.88
Washington,Wet,Severe,2026-10-07,0.0,Low,64.32,86.88
Washington,Wet,Severe,2026-10-08,0.0,Low,59.81,86.88
Washington,Wet,Severe,2026-10-09,0.0,Low,57.14,86.88
Washington,Wet,Severe,2026-10-10,0.0,Low,61.18,86.88
Washington,Wet,Severe,2026-10-11,0.0,Low,64.16,86.88
Washington,Wet,Severe,2026-10-12,0.0,Low,61.28,86.88
Washington,Wet,Severe,2026-10-13,0.0,Low,60.73,86.88
Washington,Wet,Severe,2026-10-14,0.0,Low,60.7,86.88
Washington,Wet,Severe,2026-10-15,0.0,Low,60.93,86.88
Washington,Wet,Severe,2026-10-16,0.0,Low,62.09,86.88
Washington,Wet,Severe,2026-10-17,2.1,Low,60.84,86.88
Washington,Wet,Severe,2026-10-18,0.0,Low,59.7,86.88
Washington,Wet,Severe,2026-10-19,0.0,Low,60.99,86.88
Washington,Wet,Severe,2026-10-20,0.0,Low,64.75,86.88
Washington,Wet,Severe,2026-10-21,0.0,Low,63.84,86.88
Washington,Wet,Severe,2026-10-22,0.0,Low,63.02,86.88
Washington,Wet,Severe,2026-10-23,0.0,Low,61.17,86.88
Washington,Wet,Severe,2026-10-24,2.1,Low,62.66,86.88
Washington,Wet,Severe,2026-10-25,2.1,Low,64.06,86.88
Washington,Wet,Severe,2026-10-26,4.2,Low,64.0,86.88
Washington,Wet,Severe,2026-10-27,0.0,Low,62.24,86.88
Washington,Wet,Severe,2026-10-28,0.0,Low,62.07,86.88
Washington,Wet,Severe,2026-10-29,0.0,Low,66.16,86.88
Bristol,Windy,Extreme,2026-09-30,0.0,Low,1.4,8.71
Bristol,Windy,Extreme,2026-10-01,0.0,Low,3.56,8.71
Bristol,Windy,Extreme,2026-10-02,0.0,Low,4.77,8.71
Bristol,Windy,Extreme,2026-10-03,0.0,Low,4.41,8.71
Bristol,Windy,Extreme,2026-10-04,0.0,Low,4.63,8.71
Bristol,Windy,Extreme,2026-10-05,0.0,Low,4.32,8.71
Bristol,Windy,Extreme,2026-10-06,0.0,Low,4.89,8.71
Bristol,Windy,Extreme,2026-10-07,0.0,Low,3.22,8.71
Bristol,Windy,Extreme,2026-10-08,0.0,Low,3.04,8.71
Bristol,Windy,Extreme,2026-10-09,0.0,Low,3.99,8.71
Bristol,Windy,Extreme,2026-10-10,0.0,Low,4.21,8.71
Bristol,Windy,Extreme,2026-10-11,6.2,Low,4.37,8.71
Bristol,Windy,Extreme,2026-10-12,0.0,Low,4.18,8.71
Bristol,Windy,Extreme,2026-10-13,2.1,Low,4.5,8.71
Bristol,Windy,Extreme,2026-10-14,0.0,Low,4.59,8.71
Bristol,Windy,Extreme,2026-10-15,0.0,Low,3.99,8.71
Bristol,Windy,Extreme,2026-10-16,0.0,Low,4.16,8.71
Bristol,Windy,Extreme,2026-10-17,0.0,Low,4.18,8.71
Bristol,Windy,Extreme,2026-10-18,0.0,Low,4.16,8.71
Bristol,Windy,Extreme,2026-10-19,0.0,Low,4.04,8.71
Bristol,Windy,Extreme,2026-10-20,0.0,Low,4.07,8.71
Bristol,Windy,Extreme,2026-10-21,0.0,Low,4.25,8.71
Bristol,Windy,Extreme,2026-10-22,2.1,Low,4.42,8.71
Bristol,Windy,Extreme,2026-10-23,2.1,Low,4.57,8.71
Bristol,Windy,Extreme,2026-10-24,2.1,Low,4.07,8.71
Bristol,Windy,Extreme,2026-10-25,0.0,Low,4.15,8.71
Bristol,Windy,Extreme,2026-10-26,0.0,Low,4.02,8.71
Bristol,Windy,Extreme,2026-10-27,0.0,Low,4.05,8.71
Bristol,Windy,Extreme,2026-10-28,0.0,Low,4.0,8.71
Bristol,Windy,Extreme,2026-10-29,0.0,Low,3.71,8.71
Kent,Windy,Extreme,2026-09-30,0.0,Low,1.34,8.07
Kent,Windy,Extreme,2026-10-01,0.0,Low,3.25,8.07
Kent,Windy,Extreme,2026-10-02,0.0,Low,4.31,8.07
Kent,Windy,Extreme,2026-10-03,0.0,Low,4.03,8.07
Kent,Windy,Extreme,2026-10-04,0.0,Low,4.25,8.07
Kent,Windy,Extreme,2026-10-05,0.0,Low,3.97,8.07
Kent,Windy,Extreme,2026-10-06,0.0,Low,4.49,8.07
Kent,Windy,Extreme,2026-10-07,0.0,Low,2.94,8.07
Kent,Windy,Extreme,2026-10-08,0.0,Low,2.81,8.07
Kent,Windy,Extreme,2026-10-09,0.0,Low,3.65,8.07
Kent,Windy,Extreme,2026-10-10,0.0,Low,3.86,8.07
Kent,Windy,Extreme,2026-10-11,6.2,Low,4.01,8.07
Kent,Windy,Extreme,2026-10-12,0.0,Low,3.83,8.07
Kent,Windy,Extreme,2026-10-13,0.0,Low,4.11,8.07
Kent,Windy,Extreme,2026-10-14,0.0,Low,4.19,8.07
Kent,Windy,Extreme,2026-10-15,0.0,Low,3.65,8.07
Kent,Windy,Extreme,2026-10-16,0.0,Low,3.82,8.07
Kent,Windy,Extreme,2026-10-17,0.0,Low,3.83,8.07
Kent,Windy,Extreme,2026-10-18,0.0,Low,3.83,8.07
Kent,Windy,Extreme,2026-10-19,0.0,Low,3.7,8.07
Kent,Windy,Extreme,2026-10-20,0.0,Low,3.71,8.07
Kent,Windy,Extreme,2026-10-21,0.0,Low,3.91,8.07
Kent,Windy,Extreme,2026-10-22,2.1,Low,4.07,8.07
Kent,Windy,Extreme,2026-10-23,2.1,Low,4.18,8.07
Kent,Windy,Extreme,2026-10-24,2.1,Low,3.7,8.07
Kent,Windy,Extreme,2026-10-25,0.0,Low,3.79,8.07
Kent,Windy,Extreme,2026-10-26,0.0,Low,3.67,8.07
Kent,Windy,Extreme,2026-10-27,0.0,Low,3.7,8.07
Kent,Windy,Extreme,2026-10-28,0.0,Low,3.64,8.07
Kent,Windy,Extreme,2026-10-29,0.0,Low,3.37,8.07
Newport,Windy,Extreme,2026-09-30,0.0,Low,1.47,9.43
Newport,Windy,Extreme,2026-10-01,0.0,Low,3.76,9.43
Newport,Windy,Extreme,2026-10-02,0.0,Low,5.15,9.43
Newport,Windy,Extreme,2026-10-03,0.0,Low,4.75,9.43
Newport,Windy,Extreme,2026-10-04,0.0,Low,5.05,9.43
Newport,Windy,Extreme,2026-10-05,0.0,Low,4.66,9.43
Newport,Windy,Extreme,2026-10-06,0.0,Low,5.32,9.43
Newport,Windy,Extreme,2026-10-07,0.0,Low,3.55,9.43
Newport,Windy,Extreme,2026-10-08,0.0,Low,3.3,9.43
Newport,Windy,Extreme,2026-10-09,0.0,Low,4.3,9.43
Newport,Windy,Extreme,2026-10-10,0.0,Low,4.53,9.43
Newport,Windy,Extreme,2026-10-11,4.2,Low,4.69,9.43
Newport,Windy,Extreme,2026-10-12,0.0,Low,4.47,9.43
Newport,Windy,Extreme,2026-10-13,0.0,Low,4.84,9.43
Newport,Windy,Extreme,2026-10-14,0.0,Low,4.93,9.43
Newport,Windy,Extreme,2026-10-15,0.0,Low,4.29,9.43
Newport,Windy,Extreme,2026-10-16,0.0,Low,4.48,9.43
Newport,Windy,Extreme,2026-10-17,0.0,Low,4.52,9.43
Newport,Windy,Extreme,2026-10-18,0.0,Low,4.49,9.43
Newport,Windy,Extreme,2026-10-19,0.0,Low,4.37,9.43
Newport,Windy,Extreme,2026-10-20,0.0,Low,4.41,9.43
Newport,Windy,Extreme,2026-10-21,0.0,Low,4.59,9.43
Newport,Windy,Extreme,2026-10-22,2.1,Low,4.77,9.43
Newport,Windy,Extreme,2026-10-23,2.1,Low,4.9,9.43
Newport,Windy,Extreme,2026-10-24,2.1,Low,4.37,9.43
Newport,Windy,Extreme,2026-10-25,0.0,Low,4.48,9.43
Newport,Windy,Extreme,2026-10-26,0.0,Low,4.34,9.43
Newport,Windy,Extreme,2026-10-27,0.0,Low,4.36,9.43
Newport,Windy,Extreme,2026-10-28,0.0,Low,4.32,9.43
Newport,Windy,Extreme,2026-10-29,0.0,Low,4.05,9.43
Providence,Windy,Extreme,2026-09-30,0.0,Low,1.26,7.34
Providence,Windy,Extreme,2026-10-01,0.0,Low,3.04,7.34
Providence,Windy,Extreme,2026-10-02,0.0,Low,3.95,7.34
Providence,Windy,Extreme,2026-10-03,0.0,Low,3.71,7.34
Providence,Windy,Extreme,2026-10-04,0.0,Low,3.84,7.34
Providence,Windy,Extreme,2026-10-05,0.0,Low,3.63,7.34
Providence,Windy,Extreme,2026-10-06,0.0,Low,4.09,7.34
Providence,Windy,Extreme,2026-10-07,0.0,Low,2.63,7.34
Providence,Windy,Extreme,2026-10-08,0.0,Low,2.55,7.34
Providence,Windy,Extreme,2026-10-09,0.0,Low,3.35,7.34
Providence,Windy,Extreme,2026-10-10,0.0,Low,3.54,7.34
Providence,Windy,Extreme,2026-10-11,6.2,Low,3.69,7.34
Providence,Windy,Extreme,2026-10-12,2.1,Low,3.55,7.34
Providence,Windy,Extreme,2026-10-13,2.1,Low,3.79,7.34
Providence,Windy,Extreme,2026-10-14,0.0,Low,3.86,7.34
Providence,Windy,Extreme,2026-10-15,0.0,Low,3.36,7.34
Providence,Windy,Extreme,2026-10-16,0.0,Low,3.5,7.34
Providence,Windy,Extreme,2026-10-17,0.0,Low,3.52,7.34
Providence,Windy,Extreme,2026-10-18,0.0,Low,3.52,7.34
Providence,Windy,Extreme,2026-10-19,0.0,Low,3.39,7.34
Providence,Windy,Extreme,2026-10-20,0.0,Low,3.39,7.34
Providence,Windy,Extreme,2026-10-21,0.0,Low,3.58,7.34
Providence,Windy,Extreme,2026-10-22,2.1,Low,3.73,7.34
Providence,Windy,Extreme,2026-10-23,2.1,Low,3.85,7.34
Providence,Windy,Extreme,2026-10-24,2.1,Low,3.41,7.34
Providence,Windy,Extreme,2026-10-25,0.0,Low,3.47,7.34
Providence,Windy,Extreme,2026-10-26,0.0,Low,3.36,7.34
Providence,Windy,Extreme,2026-10-27,0.0,Low,3.41,7.34
Providence,Windy,Extreme,2026-10-28,0.0,Low,3.33,7.34
Providence,Windy,Extreme,2026-10-29,0.0,Low,3.03,7.34
Washington,Windy,Extreme,2026-09-30,0.0,Low,1.38,8.55
Washington,Windy,Extreme,2026-10-01,0.0,Low,3.39,8.55
Washington,Windy,Extreme,2026-10-02,0.0,Low,4.57,8.55
Washington,Windy,Extreme,2026-10-03,0.0,Low,4.26,8.55
Washington,Windy,Extreme,2026-10-04,0.0,Low,4.58,8.55
Washington,Windy,Extreme,2026-10-05,0.0,Low,4.23,8.55
Washington,Windy,Extreme,2026-10-06,0.0,Low,4.81,8.55
Washington,Windy,Extreme,2026-10-07,0.0,Low,3.2,8.55
Washington,Windy,Extreme,2026-10-08,0.0,Low,3.01,8.55
Washington,Windy,Extreme,2026-10-09,0.0,Low,3.88,8.55
Washington,Windy,Extreme,2026-10-10,0.0,Low,4.08,8.55
Washington,Windy,Extreme,2026-10-11,6.2,Low,4.24,8.55
Washington,Windy,Extreme,2026-10-12,0.0,Low,4.02,8.55
Washington,Windy,Extreme,2026-10-13,0.0,Low,4.33,8.55
Washington,Windy,Extreme,2026-10-14,0.0,Low,4.43,8.55
Washington,Windy,Extreme,2026-10-15,0.0,Low,3.87,8.55
Washington,Windy,Extreme,2026-10-16,0.0,Low,4.05,8.55
Washington,Windy,Extreme,2026-10-17,0.0,Low,4.06,8.55
Washington,Windy,Extreme,2026-10-18,0.0,Low,4.05,8.55
Washington,Windy,Extreme,2026-10-19,0.0,Low,3.94,8.55
Washington,Windy,Extreme,2026-10-20,0.0,Low,3.95,8.55
Washington,Windy,Extreme,2026-10-21,0.0,Low,4.16,8.55
Washington,Windy,Extreme,2026-10-22,2.1,Low,4.33,8.55
Washington,Windy,Extreme,2026-10-23,2.1,Low,4.41,8.55
Washington,Windy,Extreme,2026-10-24,2.1,Low,3.9,8.55
Washington,Windy,Extreme,2026-10-25,0.0,Low,4.03,8.55
Washington,Windy,Extreme,2026-10-26,0.0,Low,3.9,8.55
Washington,Windy,Extreme,2026-10-27,0.0,Low,3.92,8.55
Washington,Windy,Extreme,2026-10-28,0.0,Low,3.87,8.55
Washington,Windy,Extreme,2026-10-29,0.0,Low,3.63,8.55
Bristol,Windy,Notable,2026-09-30,0.0,Low,1.4,6.99
Bristol,Windy,Notable,2026-10-01,0.0,Low,3.56,6.99
Bristol,Windy,Notable,2026-10-02,0.0,Low,4.77,6.99
Bristol,Windy,Notable,2026-10-03,0.0,Low,4.41,6.99
Bristol,Windy,Notable,2026-10-04,2.1,Low,4.63,6.99
Bristol,Windy,Notable,2026-10-05,4.2,Low,4.32,6.99
Bristol,Windy,Notable,2026-10-06,8.3,Low,4.89,6.99
Bristol,Windy,Notable,2026-10-07,0.0,Low,3.22,6.99
Bristol,Windy,Notable,2026-10-08,0.0,Low,3.04,6.99
Bristol,Windy,Notable,2026-10-09,8.3,Low,3.99,6.99
Bristol,Windy,Notable,2026-10-10,2.1,Low,4.21,6.99
Bristol,Windy,Notable,2026-10-11,8.3,Low,4.37,6.99
Bristol,Windy,Notable,2026-10-12,6.2,Low,4.18,6.99
Bristol,Windy,Notable,2026-10-13,10.4,Moderate,4.5,6.99
Bristol,Windy,Notable,2026-10-14,12.5,Moderate,4.59,6.99
Bristol,Windy,Notable,2026-10-15,6.2,Low,3.99,6.99
Bristol,Windy,Notable,2026-10-16,2.1,Low,4.16,6.99
Bristol,Windy,Notable,2026-10-17,6.2,Low,4.18,6.99
Bristol,Windy,Notable,2026-10-18,2.1,Low,4.16,6.99
Bristol,Windy,Notable,2026-10-19,4.2,Low,4.04,6.99
Bristol,Windy,Notable,2026-10-20,2.1,Low,4.07,6.99
Bristol,Windy,Notable,2026-10-21,8.3,Low,4.25,6.99
Bristol,Windy,Notable,2026-10-22,6.2,Low,4.42,6.99
Bristol,Windy,Notable,2026-10-23,8.3,Low,4.57,6.99
Bristol,Windy,Notable,2026-10-24,4.2,Low,4.07,6.99
Bristol,Windy,Notable,2026-10-25,6.2,Low,4.15,6.99
Bristol,Windy,Notable,2026-10-26,4.2,Low,4.02,6.99
Bristol,Windy,Notable,2026-10-27,6.2,Low,4.05,6.99
Bristol,Windy,Notable,2026-10-28,0.0,Low,4.0,6.99
Bristol,Windy,Notable,2026-10-29,6.2,Low,3.71,6.99
Kent,Windy,Notable,2026-09-30,0.0,Low,1.34,6.4
Kent,Windy,Notable,2026-10-01,0.0,Low,3.25,6.4
Kent,Windy,Notable,2026-10-02,0.0,Low,4.31,6.4
Kent,Windy,Notable,2026-10-03,0.0,Low,4.03,6.4
Kent,Windy,Notable,2026-10-04,2.1,Low,4.25,6.4
Kent,Windy,Notable,2026-10-05,4.2,Low,3.97,6.4
Kent,Windy,Notable,2026-10-06,8.3,Low,4.49,6.4
Kent,Windy,Notable,2026-10-07,0.0,Low,2.94,6.4
Kent,Windy,Notable,2026-10-08,0.0,Low,2.81,6.4
Kent,Windy,Notable,2026-10-09,8.3,Low,3.65,6.4
Kent,Windy,Notable,2026-10-10,2.1,Low,3.86,6.4
Kent,Windy,Notable,2026-10-11,8.3,Low,4.01,6.4
Kent,Windy,Notable,2026-10-12,6.2,Low,3.83,6.4
Kent,Windy,Notable,2026-10-13,10.4,Moderate,4.11,6.4
Kent,Windy,Notable,2026-10-14,12.5,Moderate,4.19,6.4
Kent,Windy,Notable,2026-10-15,6.2,Low,3.65,6.4
Kent,Windy,Notable,2026-10-16,2.1,Low,3.82,6.4
Kent,Windy,Notable,2026-10-17,6.2,Low,3.83,6.4
Kent,Windy,Notable,2026-10-18,2.1,Low,3.83,6.4
Kent,Windy,Notable,2026-10-19,4.2,Low,3.7,6.4
Kent,Windy,Notable,2026-10-20,2.1,Low,3.71,6.4
Kent,Windy,Notable,2026-10-21,8.3,Low,3.91,6.4
Kent,Windy,Notable,2026-10-22,6.2,Low,4.07,6.4
Kent,Windy,Notable,2026-10-23,8.3,Low,4.18,6.4
Kent,Windy,Notable,2026-10-24,4.2,Low,3.7,6.4
Kent,Windy,Notable,2026-10-25,6.2,Low,3.79,6.4
Kent,Windy,Notable,2026-10-26,6.2,Low,3.67,6.4
Kent,Windy,Notable,2026-10-27,8.3,Low,3.7,6.4
Kent,Windy,Notable,2026-10-28,0.0,Low,3.64,6.4
Kent,Windy,Notable,2026-10-29,6.2,Low,3.37,6.4
Newport,Windy,Notable,2026-09-30,0.0,Low,1.47,7.6
Newport,Windy,Notable,2026-10-01,0.0,Low,3.76,7.6
Newport,Windy,Notable,2026-10-02,0.0,Low,5.15,7.6
Newport,Windy,Notable,2026-10-03,0.0,Low,4.75,7.6
Newport,Windy,Notable,2026-10-04,2.1,Low,5.05,7.6
Newport,Windy,Notable,2026-10-05,4.2,Low,4.66,7.6
Newport,Windy,Notable,2026-10-06,6.2,Low,5.32,7.6
Newport,Windy,Notable,2026-10-07,0.0,Low,3.55,7.6
Newport,Windy,Notable,2026-10-08,0.0,Low,3.3,7.6
Newport,Windy,Notable,2026-10-09,6.2,Low,4.3,7.6
Newport,Windy,Notable,2026-10-10,2.1,Low,4.53,7.6
Newport,Windy,Notable,2026-10-11,8.3,Low,4.69,7.6
Newport,Windy,Notable,2026-10-12,6.2,Low,4.47,7.6
Newport,Windy,Notable,2026-10-13,10.4,Moderate,4.84,7.6
Newport,Windy,Notable,2026-10-14,10.4,Moderate,4.93,7.6
Newport,Windy,Notable,2026-10-15,6.2,Low,4.29,7.6
Newport,Windy,Notable,2026-10-16,2.1,Low,4.48,7.6
Newport,Windy,Notable,2026-10-17,4.2,Low,4.52,7.6
Newport,Windy,Notable,2026-10-18,2.1,Low,4.49,7.6
Newport,Windy,Notable,2026-10-19,4.2,Low,4.37,7.6
Newport,Windy,Notable,2026-10-20,0.0,Low,4.41,7.6
Newport,Windy,Notable,2026-10-21,8.3,Low,4.59,7.6
Newport,Windy,Notable,2026-10-22,2.1,Low,4.77,7.6
Newport,Windy,Notable,2026-10-23,6.2,Low,4.9,7.6
Newport,Windy,Notable,2026-10-24,2.1,Low,4.37,7.6
Newport,Windy,Notable,2026-10-25,6.2,Low,4.48,7.6
Newport,Windy,Notable,2026-10-26,4.2,Low,4.34,7.6
Newport,Windy,Notable,2026-10-27,6.2,Low,4.36,7.6
Newport,Windy,Notable,2026-10-28,0.0,Low,4.32,7.6
Newport,Windy,Notable,2026-10-29,0.0,Low,4.05,7.6
Providence,Windy,Notable,2026-09-30,0.0,Low,1.26,5.88
Providence,Windy,Notable,2026-10-01,0.0,Low,3.04,5.88
Providence,Windy,Notable,2026-10-02,0.0,Low,3.95,5.88
Providence,Windy,Notable,2026-10-03,0.0,Low,3.71,5.88
Providence,Windy,Notable,2026-10-04,2.1,Low,3.84,5.88
Providence,Windy,Notable,2026-10-05,4.2,Low,3.63,5.88
Providence,Windy,Notable,2026-10-06,8.3,Low,4.09,5.88
Providence,Windy,Notable,2026-10-07,0.0,Low,2.63,5.88
Providence,Windy,Notable,2026-10-08,0.0,Low,2.55,5.88
Providence,Windy,Notable,2026-10-09,8.3,Low,3.35,5.88
Providence,Windy,Notable,2026-10-10,2.1,Low,3.54,5.88
Providence,Windy,Notable,2026-10-11,8.3,Low,3.69,5.88
Providence,Windy,Notable,2026-10-12,6.2,Low,3.55,5.88
Providence,Windy,Notable,2026-10-13,10.4,Moderate,3.79,5.88
Providence,Windy,Notable,2026-10-14,12.5,Moderate,3.86,5.88
Providence,Windy,Notable,2026-10-15,6.2,Low,3.36,5.88
Providence,Windy,Notable,2026-10-16,2.1,Low,3.5,5.88
Providence,Windy,Notable,2026-10-17,4.2,Low,3.52,5.88
Providence,Windy,Notable,2026-10-18,4.2,Low,3.52,5.88
Providence,Windy,Notable,2026-10-19,4.2,Low,3.39,5.88
Providence,Windy,Notable,2026-10-20,2.1,Low,3.39,5.88
Providence,Windy,Notable,2026-10-21,10.4,Moderate,3.58,5.88
Providence,Windy,Notable,2026-10-22,8.3,Low,3.73,5.88
Providence,Windy,Notable,2026-10-23,8.3,Low,3.85,5.88
Providence,Windy,Notable,2026-10-24,4.2,Low,3.41,5.88
Providence,Windy,Notable,2026-10-25,8.3,Low,3.47,5.88
Providence,Windy,Notable,2026-10-26,8.3,Low,3.36,5.88
Providence,Windy,Notable,2026-10-27,10.4,Moderate,3.41,5.88
Providence,Windy,Notable,2026-10-28,0.0,Low,3.33,5.88
Providence,Windy,Notable,2026-10-29,6.2,Low,3.03,5.88
Washington,Windy,Notable,2026-09-30,0.0,Low,1.38,6.82
Washington,Windy,Notable,2026-10-01,0.0,Low,3.39,6.82
Washington,Windy,Notable,2026-10-02,0.0,Low,4.57,6.82
Washington,Windy,Notable,2026-10-03,0.0,Low,4.26,6.82
Washington,Windy,Notable,2026-10-04,2.1,Low,4.58,6.82
Washington,Windy,Notable,2026-10-05,4.2,Low,4.23,6.82
Washington,Windy,Notable,2026-10-06,6.2,Low,4.81,6.82
Washington,Windy,Notable,2026-10-07,0.0,Low,3.2,6.82
Washington,Windy,Notable,2026-10-08,2.1,Low,3.01,6.82
Washington,Windy,Notable,2026-10-09,6.2,Low,3.88,6.82
Washington,Windy,Notable,2026-10-10,2.1,Low,4.08,6.82
Washington,Windy,Notable,2026-10-11,8.3,Low,4.24,6.82
Washington,Windy,Notable,2026-10-12,6.2,Low,4.02,6.82
Washington,Windy,Notable,2026-10-13,10.4,Moderate,4.33,6.82
Washington,Windy,Notable,2026-10-14,12.5,Moderate,4.43,6.82
Washington,Windy,Notable,2026-10-15,6.2,Low,3.87,6.82
Washington,Windy,Notable,2026-10-16,2.1,Low,4.05,6.82
Washington,Windy,Notable,2026-10-17,4.2,Low,4.06,6.82
Washington,Windy,Notable,2026-10-18,4.2,Low,4.05,6.82
Washington,Windy,Notable,2026-10-19,4.2,Low,3.94,6.82
Washington,Windy,Notable,2026-10-20,0.0,Low,3.95,6.82
Washington,Windy,Notable,2026-10-21,8.3,Low,4.16,6.82
Washington,Windy,Notable,2026-10-22,2.1,Low,4.33,6.82
Washington,Windy,Notable,2026-10-23,8.3,Low,4.41,6.82
Washington,Windy,Notable,2026-10-24,4.2,Low,3.9,6.82
Washington,Windy,Notable,2026-10-25,6.2,Low,4.03,6.82
Washington,Windy,Notable,2026-10-26,4.2,Low,3.9,6.82
Washington,Windy,Notable,2026-10-27,6.2,Low,3.92,6.82
Washington,Windy,Notable,2026-10-28,0.0,Low,3.87,6.82
Washington,Windy,Notable,2026-10-29,0.0,Low,3.63,6.82
Bristol,Windy,Severe,2026-09-30,0.0,Low,1.4,7.78
Bristol,Windy,Severe,2026-10-01,0.0,Low,3.56,7.78
Bristol,Windy,Severe,2026-10-02,0.0,Low,4.77,7.78
Bristol,Windy,Severe,2026-10-03,0.0,Low,4.41,7.78
Bristol,Windy,Severe,2026-10-04,0.0,Low,4.63,7.78
Bristol,Windy,Severe,2026-10-05,2.1,Low,4.32,7.78
Bristol,Windy,Severe,2026-10-06,2.1,Low,4.89,7.78
Bristol,Windy,Severe,2026-10-07,0.0,Low,3.22,7.78
Bristol,Windy,Severe,2026-10-08,0.0,Low,3.04,7.78
Bristol,Windy,Severe,2026-10-09,2.1,Low,3.99,7.78
Bristol,Windy,Severe,2026-10-10,2.1,Low,4.21,7.78
Bristol,Windy,Severe,2026-10-11,8.3,Low,4.37,7.78
Bristol,Windy,Severe,2026-10-12,4.2,Low,4.18,7.78
Bristol,Windy,Severe,2026-10-13,6.2,Low,4.5,7.78
Bristol,Windy,Severe,2026-10-14,4.2,Low,4.59,7.78
Bristol,Windy,Severe,2026-10-15,6.2,Low,3.99,7.78
Bristol,Windy,Severe,2026-10-16,0.0,Low,4.16,7.78
Bristol,Windy,Severe,2026-10-17,2.1,Low,4.18,7.78
Bristol,Windy,Severe,2026-10-18,0.0,Low,4.16,7.78
Bristol,Windy,Severe,2026-10-19,0.0,Low,4.04,7.78
Bristol,Windy,Severe,2026-10-20,0.0,Low,4.07,7.78
Bristol,Windy,Severe,2026-10-21,2.1,Low,4.25,7.78
Bristol,Windy,Severe,2026-10-22,2.1,Low,4.42,7.78
Bristol,Windy,Severe,2026-10-23,2.1,Low,4.57,7.78
Bristol,Windy,Severe,2026-10-24,2.1,Low,4.07,7.78
Bristol,Windy,Severe,2026-10-25,2.1,Low,4.15,7.78
Bristol,Windy,Severe,2026-10-26,2.1,Low,4.02,7.78
Bristol,Windy,Severe,2026-10-27,2.1,Low,4.05,7.78
Bristol,Windy,Severe,2026-10-28,0.0,Low,4.0,7.78
Bristol,Windy,Severe,2026-10-29,0.0,Low,3.71,7.78
Kent,Windy,Severe,2026-09-30,0.0,Low,1.34,7.14
Kent,Windy,Severe,2026-10-01,0.0,Low,3.25,7.14
Kent,Windy,Severe,2026-10-02,0.0,Low,4.31,7.14
Kent,Windy,Severe,2026-10-03,0.0,Low,4.03,7.14
Kent,Windy,Severe,2026-10-04,0.0,Low,4.25,7.14
Kent,Windy,Severe,2026-10-05,2.1,Low,3.97,7.14
Kent,Windy,Severe,2026-10-06,4.2,Low,4.49,7.14
Kent,Windy,Severe,2026-10-07,0.0,Low,2.94,7.14
Kent,Windy,Severe,2026-10-08,0.0,Low,2.81,7.14
Kent,Windy,Severe,2026-10-09,2.1,Low,3.65,7.14
Kent,Windy,Severe,2026-10-10,2.1,Low,3.86,7.14
Kent,Windy,Severe,2026-10-11,6.2,Low,4.01,7.14
Kent,Windy,Severe,2026-10-12,4.2,Low,3.83,7.14
Kent,Windy,Severe,2026-10-13,4.2,Low,4.11,7.14
Kent,Windy,Severe,2026-10-14,2.1,Low,4.19,7.14
Kent,Windy,Severe,2026-10-15,6.2,Low,3.65,7.14
Kent,Windy,Severe,2026-10-16,0.0,Low,3.82,7.14
Kent,Windy,Severe,2026-10-17,0.0,Low,3.83,7.14
Kent,Windy,Severe,2026-10-18,0.0,Low,3.83,7.14
Kent,Windy,Severe,2026-10-19,0.0,Low,3.7,7.14
Kent,Windy,Severe,2026-10-20,0.0,Low,3.71,7.14
Kent,Windy,Severe,2026-10-21,4.2,Low,3.91,7.14
Kent,Windy,Severe,2026-10-22,2.1,Low,4.07,7.14
Kent,Windy,Severe,2026-10-23,2.1,Low,4.18,7.14
Kent,Windy,Severe,2026-10-24,2.1,Low,3.7,7.14
Kent,Windy,Severe,2026-10-25,2.1,Low,3.79,7.14
Kent,Windy,Severe,2026-10-26,2.1,Low,3.67,7.14
Kent,Windy,Severe,2026-10-27,2.1,Low,3.7,7.14
Kent,Windy,Severe,2026-10-28,0.0,Low,3.64,7.14
Kent,Windy,Severe,2026-10-29,0.0,Low,3.37,7.14
Newport,Windy,Severe,2026-09-30,0.0,Low,1.47,8.4
Newport,Windy,Severe,2026-10-01,0.0,Low,3.76,8.4
Newport,Windy,Severe,2026-10-02,0.0,Low,5.15,8.4
Newport,Windy,Severe,2026-10-03,0.0,Low,4.75,8.4
Newport,Windy,Severe,2026-10-04,0.0,Low,5.05,8.4
Newport,Windy,Severe,2026-10-05,2.1,Low,4.66,8.4
Newport,Windy,Severe,2026-10-06,2.1,Low,5.32,8.4
Newport,Windy,Severe,2026-10-07,0.0,Low,3.55,8.4
Newport,Windy,Severe,2026-10-08,0.0,Low,3.3,8.4
Newport,Windy,Severe,2026-10-09,2.1,Low,4.3,8.4
Newport,Windy,Severe,2026-10-10,2.1,Low,4.53,8.4
Newport,Windy,Severe,2026-10-11,8.3,Low,4.69,8.4
Newport,Windy,Severe,2026-10-12,4.2,Low,4.47,8.4
Newport,Windy,Severe,2026-10-13,2.1,Low,4.84,8.4
Newport,Windy,Severe,2026-10-14,0.0,Low,4.93,8.4
Newport,Windy,Severe,2026-10-15,4.2,Low,4.29,8.4
Newport,Windy,Severe,2026-10-16,0.0,Low,4.48,8.4
Newport,Windy,Severe,2026-10-17,0.0,Low,4.52,8.4
Newport,Windy,Severe,2026-10-18,0.0,Low,4.49,8.4
Newport,Windy,Severe,2026-10-19,0.0,Low,4.37,8.4
Newport,Windy,Severe,2026-10-20,0.0,Low,4.41,8.4
Newport,Windy,Severe,2026-10-21,4.2,Low,4.59,8.4
Newport,Windy,Severe,2026-10-22,2.1,Low,4.77,8.4
Newport,Windy,Severe,2026-10-23,2.1,Low,4.9,8.4
Newport,Windy,Severe,2026-10-24,2.1,Low,4.37,8.4
Newport,Windy,Severe,2026-10-25,2.1,Low,4.48,8.4
Newport,Windy,Severe,2026-10-26,0.0,Low,4.34,8.4
Newport,Windy,Severe,2026-10-27,0.0,Low,4.36,8.4
Newport,Windy,Severe,2026-10-28,0.0,Low,4.32,8.4
Newport,Windy,Severe,2026-10-29,0.0,Low,4.05,8.4
Providence,Windy,Severe,2026-09-30,0.0,Low,1.26,6.51
Providence,Windy,Severe,2026-10-01,0.0,Low,3.04,6.51
Providence,Windy,Severe,2026-10-02,0.0,Low,3.95,6.51
Providence,Windy,Severe,2026-10-03,0.0,Low,3.71,6.51
Providence,Windy,Severe,2026-10-04,0.0,Low,3.84,6.51
Providence,Windy,Severe,2026-10-05,2.1,Low,3.63,6.51
Providence,Windy,Severe,2026-10-06,4.2,Low,4.09,6.51
Providence,Windy,Severe,2026-10-07,0.0,Low,2.63,6.51
Providence,Windy,Severe,2026-10-08,0.0,Low,2.55,6.51
Providence,Windy,Severe,2026-10-09,2.1,Low,3.35,6.51
Providence,Windy,Severe,2026-10-10,2.1,Low,3.54,6.51
Providence,Windy,Severe,2026-10-11,6.2,Low,3.69,6.51
Providence,Windy,Severe,2026-10-12,6.2,Low,3.55,6.51
Providence,Windy,Severe,2026-10-13,6.2,Low,3.79,6.51
Providence,Windy,Severe,2026-10-14,6.2,Low,3.86,6.51
Providence,Windy,Severe,2026-10-15,6.2,Low,3.36,6.51
Providence,Windy,Severe,2026-10-16,0.0,Low,3.5,6.51
Providence,Windy,Severe,2026-10-17,2.1,Low,3.52,6.51
Providence,Windy,Severe,2026-10-18,0.0,Low,3.52,6.51
Providence,Windy,Severe,2026-10-19,0.0,Low,3.39,6.51
Providence,Windy,Severe,2026-10-20,0.0,Low,3.39,6.51
Providence,Windy,Severe,2026-10-21,6.2,Low,3.58,6.51
Providence,Windy,Severe,2026-10-22,2.1,Low,3.73,6.51
Providence,Windy,Severe,2026-10-23,2.1,Low,3.85,6.51
Providence,Windy,Severe,2026-10-24,2.1,Low,3.41,6.51
Providence,Windy,Severe,2026-10-25,6.2,Low,3.47,6.51
Providence,Windy,Severe,2026-10-26,2.1,Low,3.36,6.51
Providence,Windy,Severe,2026-10-27,4.2,Low,3.41,6.51
Providence,Windy,Severe,2026-10-28,0.0,Low,3.33,6.51
Providence,Windy,Severe,2026-10-29,0.0,Low,3.03,6.51
Washington,Windy,Severe,2026-09-30,0.0,Low,1.38,7.57
Washington,Windy,Severe,2026-10-01,0.0,Low,3.39,7.57
Washington,Windy,Severe,2026-10-02,0.0,Low,4.57,7.57
Washington,Windy,Severe,2026-10-03,0.0,Low,4.26,7.57
Washington,Windy,Severe,2026-10-04,0.0,Low,4.58,7.57
Washington,Windy,Severe,2026-10-05,2.1,Low,4.23,7.57
Washington,Windy,Severe,2026-10-06,4.2,Low,4.81,7.57
Washington,Windy,Severe,2026-10-07,0.0,Low,3.2,7.57
Washington,Windy,Severe,2026-10-08,0.0,Low,3.01,7.57
Washington,Windy,Severe,2026-10-09,2.1,Low,3.88,7.57
Washington,Windy,Severe,2026-10-10,2.1,Low,4.08,7.57
Washington,Windy,Severe,2026-10-11,6.2,Low,4.24,7.57
Washington,Windy,Severe,2026-10-12,4.2,Low,4.02,7.57
Washington,Windy,Severe,2026-10-13,2.1,Low,4.33,7.57
Washington,Windy,Severe,2026-10-14,0.0,Low,4.43,7.57
Washington,Windy,Severe,2026-10-15,6.2,Low,3.87,7.57
Washington,Windy,Severe,2026-10-16,0.0,Low,4.05,7.57
Washington,Windy,Severe,2026-10-17,0.0,Low,4.06,7.57
Washington,Windy,Severe,2026-10-18,0.0,Low,4.05,7.57
Washington,Windy,Severe,2026-10-19,0.0,Low,3.94,7.57
Washington,Windy,Severe,2026-10-20,0.0,Low,3.95,7.57
Washington,Windy,Severe,2026-10-21,4.2,Low,4.16,7.57
Washington,Windy,Severe,2026-10-22,2.1,Low,4.33,7.57
Washington,Windy,Severe,2026-10-23,2.1,Low,4.41,7.57
Washington,Windy,Severe,2026-10-24,2.1,Low,3.9,7.57
Washington,Windy,Severe,2026-10-25,2.1,Low,4.03,7.57
Washington,Windy,Severe,2026-10-26,2.1,Low,3.9,7.57
Washington,Windy,Severe,2026-10-27,0.0,Low,3.92,7.57
Washington,Windy,Severe,2026-10-28,0.0,Low,3.87,7.57
Washington,Windy,Severe,2026-10-29,0.0,Low,3.63,7.57
