date,FIPS,county,tmmx_C,tmmn_C,rh_mean,vs_2m
1986-01-01,44007,Providence,4.9421,-4.7377,48.9372,3.5326
1986-01-02,44007,Providence,4.0837,-4.8147,45.1086,3.3482
1986-01-03,44007,Providence,7.625,-1.9802,62.4737,2.7634
1986-01-04,44007,Providence,3.5275,-6.1131,38.8636,3.3364
1986-01-05,44007,Providence,5.0387,-4.485,61.1925,4.1831
1986-01-06,44007,Providence,0.6316,-7.2379,41.3103,7.1082
1986-01-07,44007,Providence,-3.3965,-13.3911,30.2464,5.7704
1986-01-08,44007,Providence,-4.8678,-16.1922,37.259,5.3822
1986-01-09,44007,Providence,1.4399,-11.7687,42.6941,6.519
1986-01-10,44007,Providence,4.5779,-5.0206,42.1024,4.2974
1986-01-11,44007,Providence,1.5111,-6.5964,40.4316,2.6359
1986-01-12,44007,Providence,6.9387,-6.651,53.8811,5.2535
1986-01-13,44007,Providence,6.0108,-4.5296,48.1107,3.1094
1986-01-14,44007,Providence,-0.9778,-13.0719,22.4459,5.0076
1986-01-15,44007,Providence,-7.6874,-17.5166,28.1164,5.5054
1986-01-16,44007,Providence,-0.1732,-12.7032,30.1408,2.0534
1986-01-17,44007,Providence,7.4591,-8.2973,59.0275,3.5254
1986-01-18,44007,Providence,8.4234,-0.4112,60.0209,3.231
1986-01-19,44007,Providence,12.744,-0.1713,73.4008,2.8366
1986-01-20,44007,Providence,14.5181,0.7601,61.4755,4.1082
1986-01-21,44007,Providence,7.1957,-2.2259,52.7388,3.8877
1986-01-22,44007,Providence,9.9591,-2.6718,52.8254,3.4588
1986-01-23,44007,Providence,5.6703,-5.7996,34.4337,3.2356
1986-01-24,44007,Providence,-1.4854,-9.6331,35.1236,3.3097
1986-01-25,44007,Providence,4.336,-9.6309,62.5412,5.0161
1986-01-26,44007,Providence,8.0837,0.364,68.8802,5.2123
1986-01-27,44007,Providence,9.9153,-2.5391,62.225,3.6242
1986-01-28,44007,Providence,1.8092,-11.9833,42.4098,5.9938
1986-01-29,44007,Providence,-3.1662,-13.7127,50.5446,2.5685
1986-01-30,44007,Providence,-1.6532,-9.9864,56.8466,3.5259
1986-01-31,44007,Providence,-0.1129,-10.2703,54.063,4.3151
1986-02-01,44007,Providence,-0.1641,-9.9935,58.8805,2.242
1986-02-02,44007,Providence,5.3192,-3.4193,67.6851,3.9015
1986-02-03,44007,Providence,1.4344,-5.7285,56.1745,2.7833
1986-02-04,44007,Providence,1.4305,-7.3336,64.4836,3.0672
1986-02-05,44007,Providence,4.2069,-2.3661,69.7213,2.0109
1986-02-06,44007,Providence,1.4368,-10.1893,51.9367,4.1791
1986-02-07,44007,Providence,-1.8285,-11.4892,60.4358,4.0888
1986-02-08,44007,Providence,-0.3649,-7.0291,62.27,1.9562
1986-02-09,44007,Providence,0.7486,-9.909,58.8631,2.8246
1986-02-10,44007,Providence,2.4809,-7.4231,59.8452,2.5585
1986-02-11,44007,Providence,0.1935,-5.7856,64.5291,2.991
1986-02-12,44007,Providence,-0.8825,-9.8362,54.307,3.9271
1986-02-13,44007,Providence,-2.6409,-10.6472,53.8322,4.5262
1986-02-14,44007,Providence,-0.3054,-11.6885,60.4909,3.3423
1986-02-15,44007,Providence,0.2277,-6.6794,58.7737,3.3813
1986-02-16,44007,Providence,-0.9163,-9.59,56.5652,3.0144
1986-02-17,44007,Providence,2.5883,-6.3874,72.6753,2.5896
1986-02-18,44007,Providence,2.8876,-2.0,72.2621,3.0129
1986-02-19,44007,Providence,2.9187,-2.1333,68.4721,3.0488
1986-02-20,44007,Providence,3.0566,-2.7284,67.3447,2.3088
1986-02-21,44007,Providence,6.0125,-2.5207,71.8515,2.7576
1986-02-22,44007,Providence,4.4608,-3.6664,49.3145,4.0196
1986-02-23,44007,Providence,3.2493,-3.0711,53.1859,1.6945
1986-02-24,44007,Providence,3.4081,-4.408,47.3873,2.0321
1986-02-25,44007,Providence,1.3742,-6.866,47.7813,4.7166
1986-02-26,44007,Providence,-3.1114,-11.761,35.5793,5.9913
1986-02-27,44007,Providence,-0.2114,-11.3383,34.4112,2.7079
1986-02-28,44007,Providence,1.5642,-9.9432,43.0365,3.6887
1986-03-01,44007,Providence,4.2985,-6.0214,40.2728,2.4002
1986-03-02,44007,Providence,3.6314,-4.242,44.7538,3.077
1986-03-03,44007,Providence,5.8474,-2.906,43.8968,1.2849
1986-03-04,44007,Providence,7.2465,-1.2093,47.6864,1.1344
1986-03-05,44007,Providence,9.0313,-0.8663,46.7088,2.3912
1986-03-06,44007,Providence,6.4885,-1.4263,55.3823,3.0579
1986-03-07,44007,Providence,4.8957,-11.3787,30.4194,8.8519
1986-03-08,44007,Providence,-3.3221,-16.427,29.7674,5.636
1986-03-09,44007,Providence,4.6928,-9.5805,53.3483,2.6914
1986-03-10,44007,Providence,8.397,-2.5472,59.7362,3.6197
1986-03-11,44007,Providence,17.0921,-1.5983,47.1453,6.2385
1986-03-12,44007,Providence,7.8411,-3.2587,46.5281,1.8804
1986-03-13,44007,Providence,7.0774,-0.1266,67.0892,3.0653
1986-03-14,44007,Providence,10.6612,1.746,69.0465,2.3645
1986-03-15,44007,Providence,13.7618,3.2981,54.0908,2.933
1986-03-16,44007,Providence,11.8067,1.9664,57.3772,1.724
1986-03-17,44007,Providence,10.7339,1.2242,50.2586,1.9636
1986-03-18,44007,Providence,11.1758,1.2362,46.3792,2.6528
1986-03-19,44007,Providence,16.6549,0.5137,70.3121,7.081
1986-03-20,44007,Providence,13.2481,-6.3675,38.3187,5.628
1986-03-21,44007,Providence,-0.6303,-11.182,30.6036,3.0335
1986-03-22,44007,Providence,3.8359,-7.8636,35.0032,1.8836
1986-03-23,44007,Providence,8.4167,-3.8809,43.5347,3.2268
1986-03-24,44007,Providence,9.2495,-2.6858,39.9491,4.1632
1986-03-25,44007,Providence,11.4434,-2.4057,44.2297,4.4088
1986-03-26,44007,Providence,20.0663,2.8138,49.6919,6.1853
1986-03-27,44007,Providence,18.3931,5.7452,57.3282,2.8967
1986-03-28,44007,Providence,14.9179,3.9772,48.9177,2.9956
1986-03-29,44007,Providence,19.397,2.1824,43.5975,5.1404
1986-03-30,44007,Providence,21.3736,3.7734,40.0631,4.5034
1986-03-31,44007,Providence,18.9818,6.1481,34.8598,2.6915
1986-04-01,44007,Providence,19.0102,3.5538,41.35,3.0462
1986-04-02,44007,Providence,21.4475,3.3323,49.5002,2.9167
1986-04-03,44007,Providence,13.8209,2.1257,40.651,2.6278
1986-04-04,44007,Providence,11.7986,-0.337,60.4409,2.5191
1986-04-05,44007,Providence,10.2248,1.0664,53.8255,3.9966
1986-04-06,44007,Providence,6.9249,0.6893,74.1303,4.0004
1986-04-07,44007,Providence,18.1106,4.8058,61.4883,1.3057
1986-04-08,44007,Providence,15.5356,5.9672,67.4022,2.5792
1986-04-09,44007,Providence,12.3651,2.7265,58.3026,2.1588
1986-04-10,44007,Providence,10.7152,4.3306,53.1829,3.3243
1986-04-11,44007,Providence,7.3148,1.283,56.7768,2.5707
1986-04-12,44007,Providence,9.2027,2.0254,53.8244,2.1721
1986-04-13,44007,Providence,12.4229,-0.6696,49.171,2.7554
1986-04-14,44007,Providence,15.4653,2.0967,45.2874,1.177
1986-04-15,44007,Providence,16.1039,3.3432,44.5685,1.8536
1986-04-16,44007,Providence,13.5527,4.7272,52.2699,3.8518
1986-04-17,44007,Providence,14.6774,4.7422,49.8473,4.8664
1986-04-18,44007,Providence,11.9333,1.794,59.9277,6.4529
1986-04-19,44007,Providence,13.382,-0.3254,42.2579,4.4044
1986-04-20,44007,Providence,17.3321,0.157,36.5727,1.709
1986-04-21,44007,Providence,14.8125,5.1284,77.3112,3.5689
1986-04-22,44007,Providence,16.6156,8.741,60.3364,2.017
1986-04-23,44007,Providence,10.3636,3.6469,68.8306,5.1045
1986-04-24,44007,Providence,12.3384,3.534,59.112,4.1946
1986-04-25,44007,Providence,17.0943,4.6872,66.0585,5.2109
1986-04-26,44007,Providence,18.6764,7.6754,67.1118,2.7519
1986-04-27,44007,Providence,17.7675,9.2066,68.082,3.5096
1986-04-28,44007,Providence,19.3054,9.7513,63.3954,2.177
1986-04-29,44007,Providence,21.5071,8.0945,61.7155,1.8995
1986-04-30,44007,Providence,18.8789,10.3676,63.0578,1.4343
1986-05-01,44007,Providence,20.6034,8.5426,55.2845,3.7503
1986-05-02,44007,Providence,15.443,4.0657,48.5675,4.7146
1986-05-03,44007,Providence,10.6421,2.1855,38.965,4.42
1986-05-04,44007,Providence,11.3384,-0.787,43.0332,3.5964
1986-05-05,44007,Providence,22.665,4.5184,47.5437,4.0161
1986-05-06,44007,Providence,23.7185,8.765,50.6903,2.1025
1986-05-07,44007,Providence,21.6746,7.2186,57.4227,2.0391
1986-05-08,44007,Providence,14.0574,5.4448,62.5805,3.9219
1986-05-09,44007,Providence,12.4191,1.8044,55.5439,4.7879
1986-05-10,44007,Providence,18.2496,0.6166,40.287,2.7007
1986-05-11,44007,Providence,12.9764,2.4909,53.1202,3.3812
1986-05-12,44007,Providence,11.1694,3.3888,62.928,4.8819
1986-05-13,44007,Providence,18.6759,5.7677,40.2163,2.6081
1986-05-14,44007,Providence,19.3206,5.8154,43.5968,2.0022
1986-05-15,44007,Providence,19.4343,4.617,50.88,2.0057
1986-05-16,44007,Providence,20.0052,5.9272,66.8758,3.1887
1986-05-17,44007,Providence,26.2385,12.5455,60.4575,2.8536
1986-05-18,44007,Providence,29.2438,15.7933,51.587,2.2146
1986-05-19,44007,Providence,29.8989,15.4716,54.6151,3.7981
1986-05-20,44007,Providence,26.1705,13.2532,61.0336,3.6834
1986-05-21,44007,Providence,22.2265,15.0898,67.2342,2.8975
1986-05-22,44007,Providence,23.8515,14.2786,63.7373,2.1959
1986-05-23,44007,Providence,24.4376,14.6466,59.5717,1.2877
1986-05-24,44007,Providence,22.8533,13.5018,55.0631,2.7365
1986-05-25,44007,Providence,20.5077,12.7667,60.4837,2.8586
1986-05-26,44007,Providence,20.7739,8.2486,57.7253,3.2976
1986-05-27,44007,Providence,24.539,6.4758,60.1062,2.9478
1986-05-28,44007,Providence,27.6708,14.1561,48.9861,3.6612
1986-05-29,44007,Providence,27.3602,10.7426,46.2065,2.7655
1986-05-30,44007,Providence,31.4051,15.5785,50.3724,2.8818
1986-05-31,44007,Providence,29.9874,16.9413,52.5293,1.9472
1986-06-01,44007,Providence,29.6303,16.7683,62.2119,3.3077
1986-06-02,44007,Providence,23.1537,6.9373,66.0317,3.6592
1986-06-03,44007,Providence,17.2593,2.7953,48.3617,2.8594
1986-06-04,44007,Providence,21.5252,6.167,62.6398,5.2556
1986-06-05,44007,Providence,25.314,14.0686,65.3991,4.48
1986-06-06,44007,Providence,22.6967,16.431,74.2882,2.4897
1986-06-07,44007,Providence,20.325,12.6432,76.1977,2.1799
1986-06-08,44007,Providence,28.5311,13.6881,68.977,3.4751
1986-06-09,44007,Providence,21.8968,11.5442,52.5129,3.8412
1986-06-10,44007,Providence,24.051,9.1883,52.4971,2.7531
1986-06-11,44007,Providence,22.2375,12.2193,76.9234,3.7529
1986-06-12,44007,Providence,18.6008,9.7719,71.5106,5.281
1986-06-13,44007,Providence,22.0116,10.1839,68.0492,2.2472
1986-06-14,44007,Providence,26.0729,12.8429,59.061,2.2454
1986-06-15,44007,Providence,26.8962,14.0947,64.7191,2.5901
1986-06-16,44007,Providence,28.2769,17.2019,71.1009,5.2288
1986-06-17,44007,Providence,22.9729,8.5253,58.9218,4.5542
1986-06-18,44007,Providence,20.3982,5.9446,52.8873,3.3483
1986-06-19,44007,Providence,23.1947,8.1916,58.1374,3.6046
1986-06-20,44007,Providence,22.2334,11.6581,65.1361,2.289
1986-06-21,44007,Providence,21.7785,9.3368,53.1465,3.2998
1986-06-22,44007,Providence,25.4957,8.7734,52.5247,1.5358
1986-06-23,44007,Providence,26.5594,13.6015,65.1789,2.9926
1986-06-24,44007,Providence,27.3449,14.512,59.9389,4.1545
1986-06-25,44007,Providence,18.3578,10.036,54.5319,3.7089
1986-06-26,44007,Providence,20.2029,8.8238,56.2018,3.0182
1986-06-27,44007,Providence,25.359,12.2288,71.9578,3.7065
1986-06-28,44007,Providence,30.0167,18.8748,61.2094,3.2638
1986-06-29,44007,Providence,28.5166,15.3317,55.5945,3.5886
1986-06-30,44007,Providence,23.6275,11.6916,54.2637,3.1823
1986-07-01,44007,Providence,22.4561,10.7255,64.7031,2.2631
1986-07-02,44007,Providence,22.5395,12.3324,82.5844,2.4924
1986-07-03,44007,Providence,22.3237,11.9252,70.4962,2.3762
1986-07-04,44007,Providence,21.6776,8.4563,68.6602,3.1024
1986-07-05,44007,Providence,29.3014,14.8545,73.4263,3.9873
1986-07-06,44007,Providence,27.8352,18.4092,77.3385,1.7672
1986-07-07,44007,Providence,32.5049,16.8009,71.6356,3.0748
1986-07-08,44007,Providence,28.3716,18.6432,62.8838,3.3585
1986-07-09,44007,Providence,27.8346,16.7668,66.7027,3.1213
1986-07-10,44007,Providence,23.3234,13.0123,58.656,3.4783
1986-07-11,44007,Providence,22.9684,10.8891,62.9247,2.2105
1986-07-12,44007,Providence,18.6024,13.1025,85.148,2.8603
1986-07-13,44007,Providence,19.6444,13.7316,85.6869,2.005
1986-07-14,44007,Providence,26.1998,13.0664,74.3143,2.592
1986-07-15,44007,Providence,26.4511,13.9271,64.3979,2.7416
1986-07-16,44007,Providence,26.4838,17.0011,63.1389,1.9618
1986-07-17,44007,Providence,27.2329,17.6851,67.7448,1.7102
1986-07-18,44007,Providence,27.92,17.3815,77.7606,1.5032
1986-07-19,44007,Providence,26.2516,16.7895,78.6915,1.6424
1986-07-20,44007,Providence,24.5281,14.8879,82.9225,2.8275
1986-07-21,44007,Providence,28.7931,19.0916,72.9566,1.8545
1986-07-22,44007,Providence,26.8788,19.7237,67.598,1.5709
1986-07-23,44007,Providence,29.2163,19.0951,63.1784,2.1409
1986-07-24,44007,Providence,29.6087,18.1224,63.973,2.6177
1986-07-25,44007,Providence,29.2432,17.942,67.8265,3.5686
1986-07-26,44007,Providence,29.4918,19.1588,72.992,3.8494
1986-07-27,44007,Providence,26.6378,19.7305,76.821,1.4482
1986-07-28,44007,Providence,26.3799,18.9596,76.0465,1.0423
1986-07-29,44007,Providence,27.1612,16.5406,73.8747,1.5866
1986-07-30,44007,Providence,24.4506,16.5302,77.4716,2.7513
1986-07-31,44007,Providence,21.8768,14.6964,83.8207,1.762
1986-08-01,44007,Providence,24.1776,15.5928,79.924,1.9617
1986-08-02,44007,Providence,27.7978,16.7407,77.3289,2.8018
1986-08-03,44007,Providence,27.5265,18.7378,78.6605,2.3068
1986-08-04,44007,Providence,27.7035,17.1032,63.0667,2.235
1986-08-05,44007,Providence,27.3271,15.9665,63.9528,1.8591
1986-08-06,44007,Providence,26.9241,17.0134,74.3342,3.0754
1986-08-07,44007,Providence,27.0314,18.1476,78.9499,3.0259
1986-08-08,44007,Providence,27.7045,19.1941,83.1816,2.9316
1986-08-09,44007,Providence,28.2304,18.4182,70.7193,3.4374
1986-08-10,44007,Providence,27.6458,15.4048,70.5665,2.3205
1986-08-11,44007,Providence,29.0133,17.8024,71.1428,3.353
1986-08-12,44007,Providence,24.0878,14.0945,62.445,1.7455
1986-08-13,44007,Providence,24.5844,14.1086,65.5513,1.5147
1986-08-14,44007,Providence,24.88,13.8255,64.7307,1.5766
1986-08-15,44007,Providence,25.8393,13.3808,69.6851,2.1763
1986-08-16,44007,Providence,26.5173,16.2236,81.7594,3.2669
1986-08-17,44007,Providence,28.1292,19.5867,77.49,2.0688
1986-08-18,44007,Providence,25.2161,17.7272,82.2039,2.6411
1986-08-19,44007,Providence,23.8891,16.6654,79.5011,3.1032
1986-08-20,44007,Providence,23.4694,16.2268,75.1724,1.3636
1986-08-21,44007,Providence,22.2527,14.8073,78.3773,1.4563
1986-08-22,44007,Providence,24.3655,15.3441,69.624,1.9691
1986-08-23,44007,Providence,22.0608,11.8077,79.2297,3.0402
1986-08-24,44007,Providence,21.3746,11.1921,70.9211,5.8659
1986-08-25,44007,Providence,20.8395,8.4324,61.3403,4.3341
1986-08-26,44007,Providence,24.0822,9.168,63.9981,2.5493
1986-08-27,44007,Providence,27.4059,14.6757,77.9024,4.2997
1986-08-28,44007,Providence,19.6146,7.1148,71.6914,2.8219
1986-08-29,44007,Providence,16.7063,4.5426,60.6756,2.6409
1986-08-30,44007,Providence,20.0639,7.7015,59.1663,2.7187
1986-08-31,44007,Providence,23.4561,7.8423,59.0706,1.5744
1986-09-01,44007,Providence,24.0492,10.3456,61.0653,2.107
1986-09-02,44007,Providence,22.6446,11.4497,74.4745,2.0698
1986-09-03,44007,Providence,22.142,13.104,75.1046,2.3019
1986-09-04,44007,Providence,19.581,12.1325,82.2541,2.894
1986-09-05,44007,Providence,20.092,11.2147,89.1005,2.8025
1986-09-06,44007,Providence,25.099,14.4317,70.8793,2.4175
1986-09-07,44007,Providence,21.7443,10.6444,60.586,1.8687
1986-09-08,44007,Providence,19.3822,10.4988,55.796,2.0564
1986-09-09,44007,Providence,21.3339,8.6442,52.7288,2.38
1986-09-10,44007,Providence,22.6797,7.5722,65.9,3.849
1986-09-11,44007,Providence,27.6679,13.233,77.3311,5.8547
1986-09-12,44007,Providence,28.5777,16.1974,72.5037,5.7858
1986-09-13,44007,Providence,21.3893,9.9013,57.8552,3.1842
1986-09-14,44007,Providence,17.927,4.3882,56.0886,3.0578
1986-09-15,44007,Providence,18.6643,3.1512,64.3768,2.9472
1986-09-16,44007,Providence,14.5843,5.8701,77.3991,3.8913
1986-09-17,44007,Providence,16.1364,4.0097,62.213,2.2164
1986-09-18,44007,Providence,18.644,6.0722,68.7087,2.9715
1986-09-19,44007,Providence,22.0097,10.4178,76.316,1.7121
1986-09-20,44007,Providence,21.6799,12.6074,70.6027,1.6882
1986-09-21,44007,Providence,17.781,9.4017,81.639,2.2683
1986-09-22,44007,Providence,18.6327,8.5414,70.2933,2.0457
1986-09-23,44007,Providence,22.4379,11.1279,86.3701,4.3911
1986-09-24,44007,Providence,24.1916,14.6572,73.1366,2.061
1986-09-25,44007,Providence,24.3989,13.2042,57.7416,1.8895
1986-09-26,44007,Providence,21.8342,13.937,76.8501,2.6496
1986-09-27,44007,Providence,17.6157,7.0783,64.2531,2.4492
1986-09-28,44007,Providence,20.0638,6.8903,61.8155,2.5634
1986-09-29,44007,Providence,24.6604,12.344,74.6889,4.4081
1986-09-30,44007,Providence,29.4209,14.88,73.1698,5.1125
1986-10-01,44007,Providence,25.5477,14.1671,63.0367,3.5604
1986-10-02,44007,Providence,17.9683,10.9078,79.4897,1.6564
1986-10-03,44007,Providence,19.7462,8.6264,74.3791,2.5256
1986-10-04,44007,Providence,24.6976,13.0348,74.0185,3.1428
1986-10-05,44007,Providence,17.8053,6.1862,65.2225,3.4573
1986-10-06,44007,Providence,13.5079,1.8617,56.9161,6.2159
1986-10-07,44007,Providence,10.5543,0.0024,53.2267,2.9317
1986-10-08,44007,Providence,17.2406,0.2681,66.2383,4.6281
1986-10-09,44007,Providence,23.2547,8.489,62.4414,3.3589
1986-10-10,44007,Providence,10.9732,-2.3988,56.0304,4.0039
1986-10-11,44007,Providence,12.7123,-1.982,66.072,3.0844
1986-10-12,44007,Providence,18.1309,3.9209,61.9145,2.3781
1986-10-13,44007,Providence,16.7567,6.4263,86.8097,2.8845
1986-10-14,44007,Providence,21.2919,12.069,81.081,3.5449
1986-10-15,44007,Providence,16.1108,4.9305,51.1405,3.8956
1986-10-16,44007,Providence,12.6389,3.9436,56.5567,1.6276
1986-10-17,44007,Providence,12.6226,4.3617,60.7269,3.096
1986-10-18,44007,Providence,10.1381,1.9501,60.196,2.922
1986-10-19,44007,Providence,12.2354,-0.9598,49.3088,2.1013
1986-10-20,44007,Providence,15.0291,0.1759,52.5456,2.2431
1986-10-21,44007,Providence,16.7992,1.4863,63.7828,3.5753
1986-10-22,44007,Providence,18.2542,6.0281,56.4138,2.5135
1986-10-23,44007,Providence,21.431,6.1722,58.6732,4.023
1986-10-24,44007,Providence,12.2372,0.0065,55.0779,2.9837
1986-10-25,44007,Providence,12.3876,-2.4349,50.6338,2.2212
1986-10-26,44007,Providence,8.9011,1.6331,84.5767,2.7394
1986-10-27,44007,Providence,14.3571,4.992,81.5828,1.4859
1986-10-28,44007,Providence,16.3744,6.0632,69.4875,2.8785
1986-10-29,44007,Providence,18.1708,3.7112,60.1682,3.8238
1986-10-30,44007,Providence,15.8117,3.0286,57.6412,4.1689
1986-10-31,44007,Providence,7.8795,-1.4546,52.8757,2.4274
1986-11-01,44007,Providence,15.0145,-1.4794,71.2476,4.4044
1986-11-02,44007,Providence,16.4953,3.3072,70.6791,3.4933
1986-11-03,44007,Providence,8.9579,-1.8724,56.3363,1.8768
1986-11-04,44007,Providence,12.183,0.0429,61.6704,3.0245
1986-11-05,44007,Providence,5.7643,-3.6873,62.5729,4.1197
1986-11-06,44007,Providence,8.472,-0.0552,77.188,3.5839
1986-11-07,44007,Providence,11.5414,-0.7573,70.5702,1.7461
1986-11-08,44007,Providence,14.8976,4.9666,79.7492,3.0873
1986-11-09,44007,Providence,22.0013,9.6149,65.4875,5.3952
1986-11-10,44007,Providence,11.702,-2.1464,41.3358,4.1162
1986-11-11,44007,Providence,6.6557,-2.0132,68.3533,1.5177
1986-11-12,44007,Providence,8.0448,-0.6383,64.5035,1.8202
1986-11-13,44007,Providence,6.8294,-8.6141,50.3158,5.1148
1986-11-14,44007,Providence,0.3884,-9.419,48.59,4.2421
1986-11-15,44007,Providence,6.1716,-4.9291,56.1645,3.848
1986-11-16,44007,Providence,8.2056,0.0923,57.0437,1.3447
1986-11-17,44007,Providence,10.165,-0.5022,63.4977,2.882
1986-11-18,44007,Providence,11.0228,0.399,55.3155,2.8753
1986-11-19,44007,Providence,3.812,-8.1069,68.3428,5.2956
1986-11-20,44007,Providence,4.7244,-8.1722,72.1964,3.8856
1986-11-21,44007,Providence,8.1005,-4.0205,69.0387,5.7457
1986-11-22,44007,Providence,4.0449,-4.5335,53.8864,3.7324
1986-11-23,44007,Providence,9.1987,-3.0523,66.1513,2.5151
1986-11-24,44007,Providence,12.5592,2.995,71.4904,4.1731
1986-11-25,44007,Providence,7.7744,-1.7753,55.5734,2.4871
1986-11-26,44007,Providence,14.2733,-0.7548,71.7097,4.4609
1986-11-27,44007,Providence,14.3456,0.413,59.8728,3.0239
1986-11-28,44007,Providence,9.6987,-1.2699,56.6963,2.8211
1986-11-29,44007,Providence,11.1642,-1.112,54.0826,3.2161
1986-11-30,44007,Providence,3.4145,-6.0266,50.6663,4.4438
1986-12-01,44007,Providence,1.6714,-6.9867,47.3945,3.5603
1986-12-02,44007,Providence,6.4111,-5.1483,71.6753,5.1003
1986-12-03,44007,Providence,15.9237,3.6116,78.0849,6.7097
1986-12-04,44007,Providence,8.4981,-0.9144,49.6214,6.0162
1986-12-05,44007,Providence,4.4812,-2.7952,50.6019,4.7076
1986-12-06,44007,Providence,4.8542,-4.8615,55.957,3.7862
1986-12-07,44007,Providence,4.9437,-3.5993,63.6442,3.7541
1986-12-08,44007,Providence,4.8653,-6.65,48.1215,4.2361
1986-12-09,44007,Providence,6.0934,-5.8509,76.8478,4.3464
1986-12-10,44007,Providence,8.4112,-0.3595,70.059,3.9189
1986-12-11,44007,Providence,3.5626,-4.2586,55.6358,2.1212
1986-12-12,44007,Providence,5.6843,-2.2142,68.1807,3.3904
1986-12-13,44007,Providence,0.8077,-10.3443,44.2357,5.3813
1986-12-14,44007,Providence,0.2885,-11.2742,61.9239,4.8769
1986-12-15,44007,Providence,4.737,-4.0081,58.7527,3.2159
1986-12-16,44007,Providence,3.7051,-3.0325,62.5573,0.9975
1986-12-17,44007,Providence,3.6841,-1.62,69.6195,2.5474
1986-12-18,44007,Providence,6.8794,-1.9301,79.0288,4.5157
1986-12-19,44007,Providence,7.446,-1.2926,77.6719,5.0619
1986-12-20,44007,Providence,3.9226,-3.3278,60.1988,2.8667
1986-12-21,44007,Providence,1.9297,-5.4801,48.9202,3.3702
1986-12-22,44007,Providence,2.1178,-5.6392,52.0564,2.9015
1986-12-23,44007,Providence,5.4452,-3.5202,51.8502,4.061
1986-12-24,44007,Providence,5.1515,-3.1786,62.2881,3.4478
1986-12-25,44007,Providence,10.0323,-0.2931,77.2043,4.6308
1986-12-26,44007,Providence,5.9137,-2.1134,63.4095,3.0681
1986-12-27,44007,Providence,3.0362,-2.7442,56.7848,1.6516
1986-12-28,44007,Providence,2.748,-2.7758,55.0324,1.3561
1986-12-29,44007,Providence,3.6208,-3.9148,63.7146,1.4382
1986-12-30,44007,Providence,3.8662,-2.7831,70.164,3.4046
1986-12-31,44007,Providence,2.5678,-5.2191,67.8197,5.3148
1987-01-01,44007,Providence,3.9493,-5.2316,62.6725,2.7731
1987-01-02,44007,Providence,4.8953,-3.1593,71.0309,5.2986
1987-01-03,44007,Providence,1.1066,-7.265,61.9306,5.307
1987-01-04,44007,Providence,0.7106,-8.5788,60.1711,2.6174
1987-01-05,44007,Providence,1.1578,-8.0088,57.3991,2.9193
1987-01-06,44007,Providence,1.8357,-8.2316,66.9048,2.0946
1987-01-07,44007,Providence,4.7058,-2.1993,65.028,4.7754
1987-01-08,44007,Providence,1.8286,-5.8675,45.683,4.743
1987-01-09,44007,Providence,2.1056,-6.0614,58.9633,2.6539
1987-01-10,44007,Providence,4.4913,-4.0057,71.0415,2.8093
1987-01-11,44007,Providence,4.587,-3.1644,68.2224,4.5973
1987-01-12,44007,Providence,3.4693,-4.0784,57.1301,5.304
1987-01-13,44007,Providence,2.1202,-5.0113,53.5111,4.9306
1987-01-14,44007,Providence,4.7375,-6.1275,57.1961,3.5315
1987-01-15,44007,Providence,6.9372,-1.3447,68.7609,2.9955
1987-01-16,44007,Providence,4.9666,-4.7179,50.3369,3.469
1987-01-17,44007,Providence,-1.1945,-8.8011,33.4146,2.9744
1987-01-18,44007,Providence,3.0903,-8.3242,67.4825,2.3683
1987-01-19,44007,Providence,2.7441,-4.3401,64.5948,4.0025
1987-01-20,44007,Providence,-0.1061,-7.1249,62.0404,2.3991
1987-01-21,44007,Providence,1.4636,-7.8587,61.4385,2.5975
1987-01-22,44007,Providence,3.5988,-7.7596,70.7785,4.676
1987-01-23,44007,Providence,3.3457,-10.3932,63.4674,6.5716
1987-01-24,44007,Providence,-6.5593,-16.6068,47.8178,5.8651
1987-01-25,44007,Providence,-4.318,-18.371,51.7554,2.7444
1987-01-26,44007,Providence,-2.3604,-13.3873,59.6413,6.5049
1987-01-27,44007,Providence,-4.5705,-18.7788,52.3929,2.9128
1987-01-28,44007,Providence,-2.0096,-18.2361,50.3439,2.1676
1987-01-29,44007,Providence,0.5733,-15.36,58.3103,2.2859
1987-01-30,44007,Providence,2.9078,-8.5871,71.0979,2.9901
1987-01-31,44007,Providence,4.7085,-4.0314,63.0683,3.4828
1987-02-01,44007,Providence,2.794,-7.7997,51.2005,4.1478
1987-02-02,44007,Providence,4.8123,-5.9869,56.6324,2.7668
1987-02-03,44007,Providence,5.6564,-3.7864,58.7653,2.0177
1987-02-04,44007,Providence,5.1092,-2.5553,49.9314,3.6151
1987-02-05,44007,Providence,1.878,-9.845,37.1754,4.5266
1987-02-06,44007,Providence,4.185,-9.4408,50.3181,2.9653
1987-02-07,44007,Providence,6.8668,-4.3922,50.0651,2.2417
1987-02-08,44007,Providence,5.911,-3.8918,54.1312,2.1387
1987-02-09,44007,Providence,5.039,-7.0446,59.6304,7.1784
1987-02-10,44007,Providence,1.4376,-11.7471,47.458,5.5613
1987-02-11,44007,Providence,2.2028,-8.4432,45.5307,4.8212
1987-02-12,44007,Providence,2.4513,-10.2158,45.2475,1.9302
1987-02-13,44007,Providence,0.3555,-14.5753,42.6966,5.1587
1987-02-14,44007,Providence,-5.827,-18.1489,41.5525,3.5905
1987-02-15,44007,Providence,-8.4398,-18.1787,40.6582,5.0553
1987-02-16,44007,Providence,1.1455,-17.7677,42.4396,3.4596
1987-02-17,44007,Providence,3.2611,-11.9415,43.904,2.9089
1987-02-18,44007,Providence,3.2484,-8.8602,41.8463,2.7924
1987-02-19,44007,Providence,2.7754,-10.6439,38.1664,3.8649
1987-02-20,44007,Providence,3.037,-10.2784,37.6763,3.9216
1987-02-21,44007,Providence,5.2999,-8.4351,36.4281,3.3551
1987-02-22,44007,Providence,6.5351,-6.0631,37.5237,2.7264
1987-02-23,44007,Providence,5.4324,-3.49,46.4912,4.4874
1987-02-24,44007,Providence,3.6533,-6.3562,40.6571,5.2753
1987-02-25,44007,Providence,4.1876,-7.0352,40.9423,4.5716
1987-02-26,44007,Providence,4.1382,-5.146,42.1147,3.2819
1987-02-27,44007,Providence,6.5391,-2.3269,37.8109,1.9941
1987-02-28,44007,Providence,6.0097,-2.707,47.8027,2.5568
1987-03-01,44007,Providence,4.7582,-0.9962,79.7045,3.3852
1987-03-02,44007,Providence,4.7082,-1.0181,70.5517,2.0303
1987-03-03,44007,Providence,4.9699,-2.0598,51.1404,3.1208
1987-03-04,44007,Providence,3.2857,-3.1062,46.6671,2.0493
1987-03-05,44007,Providence,3.368,-3.9166,41.723,2.2294
1987-03-06,44007,Providence,9.0726,-4.0962,44.3801,4.4192
1987-03-07,44007,Providence,17.3173,0.3196,44.8374,3.2746
1987-03-08,44007,Providence,18.1539,2.5052,47.3236,2.1395
1987-03-09,44007,Providence,12.8828,-5.6114,51.5297,4.5843
1987-03-10,44007,Providence,-2.7222,-12.6614,33.2635,6.3569
1987-03-11,44007,Providence,1.4678,-11.3969,43.846,3.3707
1987-03-12,44007,Providence,4.6769,-6.8673,59.9328,2.7606
1987-03-13,44007,Providence,4.9458,-2.62,64.4142,3.2247
1987-03-14,44007,Providence,5.4964,-3.1439,53.399,4.1092
1987-03-15,44007,Providence,4.834,-2.8292,47.462,3.0924
1987-03-16,44007,Providence,3.0903,-3.2936,42.8331,4.067
1987-03-17,44007,Providence,4.7612,-3.5584,44.9288,4.6802
1987-03-18,44007,Providence,5.1685,-3.276,50.5404,3.4574
1987-03-19,44007,Providence,6.6988,-2.7676,53.9746,3.2703
1987-03-20,44007,Providence,5.5115,-1.808,60.9944,3.1272
1987-03-21,44007,Providence,6.5548,-1.6368,65.4578,3.0424
1987-03-22,44007,Providence,9.8554,-0.7836,62.0678,4.997
1987-03-23,44007,Providence,11.5074,-1.1484,54.4956,4.3811
1987-03-24,44007,Providence,15.1952,-1.6621,45.6904,2.3655
1987-03-25,44007,Providence,18.6221,1.0167,40.2757,2.3488
1987-03-26,44007,Providence,16.6417,2.6025,61.5383,3.3186
1987-03-27,44007,Providence,16.7518,3.5545,50.0027,2.4043
1987-03-28,44007,Providence,14.3754,3.485,64.7129,2.9129
1987-03-29,44007,Providence,16.4711,3.5819,52.6319,1.9829
1987-03-30,44007,Providence,15.4977,3.1145,65.2729,4.833
1987-03-31,44007,Providence,14.6272,8.7354,82.1589,7.3351
1987-04-01,44007,Providence,11.2039,0.9545,63.532,3.0176
1987-04-02,44007,Providence,10.339,-2.3863,58.0918,3.5659
1987-04-03,44007,Providence,15.2014,2.4571,62.673,2.268
1987-04-04,44007,Providence,11.5845,6.4428,79.6393,6.7128
1987-04-05,44007,Providence,8.4708,3.6106,82.1812,4.8202
1987-04-06,44007,Providence,9.6418,3.3393,78.8307,2.5144
1987-04-07,44007,Providence,7.9978,3.7392,81.2465,1.7625
1987-04-08,44007,Providence,8.5704,2.4025,70.5071,2.2206
1987-04-09,44007,Providence,9.3377,2.121,64.8722,2.0283
1987-04-10,44007,Providence,15.9548,4.9873,50.0561,1.9789
1987-04-11,44007,Providence,20.2767,6.9405,44.6963,1.932
1987-04-12,44007,Providence,20.1767,6.3002,54.8048,3.0648
1987-04-13,44007,Providence,9.7431,2.5679,68.1319,6.7273
1987-04-14,44007,Providence,12.2399,-0.405,46.1729,2.899
1987-04-15,44007,Providence,14.3525,1.3512,46.6549,1.8274
1987-04-16,44007,Providence,10.5454,1.8262,73.26,4.3799
1987-04-17,44007,Providence,13.4722,0.8461,84.724,4.0047
1987-04-18,44007,Providence,18.3242,8.1937,75.8209,2.8408
1987-04-19,44007,Providence,20.4571,8.9802,70.0224,2.6666
1987-04-20,44007,Providence,17.5335,9.0397,75.7918,3.6623
1987-04-21,44007,Providence,18.8291,9.942,75.3812,2.3525
1987-04-22,44007,Providence,14.5394,2.6605,72.2029,3.8441
1987-04-23,44007,Providence,15.5278,0.8491,73.6431,2.6474
1987-04-24,44007,Providence,15.4121,7.9365,76.5191,2.4299
1987-04-25,44007,Providence,11.1229,1.6318,54.2153,4.3559
1987-04-26,44007,Providence,13.0007,-0.2322,44.4792,3.6391
1987-04-27,44007,Providence,12.0162,-0.9595,52.3934,4.068
1987-04-28,44007,Providence,6.2789,-0.1855,83.1502,4.0419
1987-04-29,44007,Providence,11.4284,0.2181,64.8957,4.8139
1987-04-30,44007,Providence,12.3631,4.9016,49.7362,6.1578
1987-05-01,44007,Providence,16.5084,2.1487,41.5393,4.4245
1987-05-02,44007,Providence,17.956,4.4225,45.6442,2.525
1987-05-03,44007,Providence,17.447,5.1176,50.5594,2.0999
1987-05-04,44007,Providence,12.8793,5.0695,58.908,5.2738
1987-05-05,44007,Providence,12.2869,4.9151,66.2309,3.7866
1987-05-06,44007,Providence,15.7764,6.7591,62.462,2.5263
1987-05-07,44007,Providence,23.6022,8.8562,43.2115,3.4046
1987-05-08,44007,Providence,18.4569,6.3392,44.4683,2.4449
1987-05-09,44007,Providence,22.1991,4.0551,42.5778,3.3033
1987-05-10,44007,Providence,28.4373,9.2883,40.5744,3.4434
1987-05-11,44007,Providence,22.9168,10.3825,43.1734,3.0362
1987-05-12,44007,Providence,26.3849,9.9067,48.8645,3.7474
1987-05-13,44007,Providence,17.5769,4.1498,40.3285,2.9811
1987-05-14,44007,Providence,19.5583,1.8745,54.0813,2.7082
1987-05-15,44007,Providence,23.2202,10.4595,55.84,3.8809
1987-05-16,44007,Providence,17.769,4.8788,44.8904,3.1572
1987-05-17,44007,Providence,24.79,7.9529,50.8356,3.5056
1987-05-18,44007,Providence,22.9562,10.0059,50.5167,2.5325
1987-05-19,44007,Providence,16.3935,6.0735,51.2592,3.0959
1987-05-20,44007,Providence,16.7564,3.9221,53.1126,3.0011
1987-05-21,44007,Providence,20.2447,6.9599,64.8914,2.8732
1987-05-22,44007,Providence,25.557,13.5856,62.1111,4.8059
1987-05-23,44007,Providence,25.445,10.949,61.4371,2.9605
1987-05-24,44007,Providence,21.857,9.1777,55.4967,2.0942
1987-05-25,44007,Providence,16.4639,7.96,62.1655,1.5774
1987-05-26,44007,Providence,20.2327,10.2356,54.1415,1.6889
1987-05-27,44007,Providence,17.6327,9.1291,60.8402,2.6705
1987-05-28,44007,Providence,28.0883,10.7305,61.2611,3.7226
1987-05-29,44007,Providence,30.3959,18.9093,57.9329,2.0362
1987-05-30,44007,Providence,32.4235,16.9664,55.2993,2.9677
1987-05-31,44007,Providence,32.3943,19.3184,55.795,3.1299
1987-06-01,44007,Providence,29.5551,20.3665,58.5939,1.7974
1987-06-02,44007,Providence,24.2368,12.967,73.5614,3.1361
1987-06-03,44007,Providence,22.4407,11.7297,64.39,2.7167
1987-06-04,44007,Providence,18.7397,11.6869,80.457,1.7343
1987-06-05,44007,Providence,24.645,14.7386,64.7257,1.3561
1987-06-06,44007,Providence,21.5205,9.4541,53.3855,3.2386
1987-06-07,44007,Providence,18.1349,6.9637,62.09,2.7471
1987-06-08,44007,Providence,28.8916,12.701,68.857,3.7452
1987-06-09,44007,Providence,25.8749,13.9867,58.8711,4.7993
1987-06-10,44007,Providence,21.6356,9.8327,53.7197,3.7047
1987-06-11,44007,Providence,22.2869,7.9392,55.1548,3.6642
1987-06-12,44007,Providence,20.4369,12.6621,81.4128,4.4463
1987-06-13,44007,Providence,27.5401,16.5498,70.9327,2.6324
1987-06-14,44007,Providence,27.3523,17.8288,65.1527,3.2416
1987-06-15,44007,Providence,30.2792,18.1287,59.8563,3.5735
1987-06-16,44007,Providence,26.5824,14.2382,53.8435,2.5285
1987-06-17,44007,Providence,23.2596,13.4256,54.7733,2.8154
1987-06-18,44007,Providence,24.3685,14.2297,54.4828,1.7923
1987-06-19,44007,Providence,27.8048,12.672,65.3586,3.606
1987-06-20,44007,Providence,28.8786,18.0926,60.3078,1.5017
1987-06-21,44007,Providence,24.63,16.6016,70.7417,1.9314
1987-06-22,44007,Providence,26.5233,16.3518,72.5839,1.944
1987-06-23,44007,Providence,22.6459,12.1561,78.2149,2.7254
1987-06-24,44007,Providence,25.6908,10.0853,64.7104,2.3185
1987-06-25,44007,Providence,26.3912,12.2589,65.3291,2.8179
1987-06-26,44007,Providence,23.5255,10.2644,70.6354,2.8526
1987-06-27,44007,Providence,23.2858,15.5385,77.394,2.3457
1987-06-28,44007,Providence,25.1015,14.8198,58.9669,3.8925
1987-06-29,44007,Providence,27.64,12.2252,57.8966,4.2806
1987-06-30,44007,Providence,28.7303,16.0212,70.0067,4.377
1987-07-01,44007,Providence,26.0306,15.9168,73.9613,1.4988
1987-07-02,44007,Providence,18.3884,15.4947,91.5627,2.8792
1987-07-03,44007,Providence,24.2913,15.471,88.7172,1.5487
1987-07-04,44007,Providence,27.2942,18.6806,82.0877,3.2099
1987-07-05,44007,Providence,25.4988,16.2203,69.9911,2.2007
1987-07-06,44007,Providence,24.2812,12.9326,71.9595,2.0248
1987-07-07,44007,Providence,22.3044,11.0682,81.7647,2.1666
1987-07-08,44007,Providence,24.1122,15.9502,86.2869,2.3336
1987-07-09,44007,Providence,28.6208,18.7977,83.3,1.9548
1987-07-10,44007,Providence,30.143,21.0919,75.9094,1.0008
1987-07-11,44007,Providence,28.6825,20.7527,78.5202,1.3472
1987-07-12,44007,Providence,28.093,20.2476,82.2221,2.0356
1987-07-13,44007,Providence,27.9979,19.7625,80.8558,2.6385
1987-07-14,44007,Providence,28.8471,19.7225,76.8294,3.5824
1987-07-15,44007,Providence,26.4949,16.2639,62.3537,2.5081
1987-07-16,44007,Providence,22.1755,14.3267,58.1965,1.9705
1987-07-17,44007,Providence,26.5955,11.7896,50.3174,2.1373
1987-07-18,44007,Providence,31.7988,13.4917,52.9646,3.0273
1987-07-19,44007,Providence,28.2976,17.2464,58.3271,2.6764
1987-07-20,44007,Providence,28.5361,15.2989,70.0994,3.705
1987-07-21,44007,Providence,28.4279,17.6426,72.9495,2.8716
1987-07-22,44007,Providence,30.2161,13.9597,66.5377,1.6152
1987-07-23,44007,Providence,30.0953,18.1815,65.4552,1.9908
1987-07-24,44007,Providence,34.2021,17.9563,62.8711,4.0421
1987-07-25,44007,Providence,32.8191,21.2127,66.5305,2.9102
1987-07-26,44007,Providence,31.3441,18.7543,62.2715,3.7379
1987-07-27,44007,Providence,27.722,14.9942,50.1512,3.0313
1987-07-28,44007,Providence,27.4706,13.9799,49.089,1.9085
1987-07-29,44007,Providence,24.3695,11.4909,56.0375,2.1948
1987-07-30,44007,Providence,27.1361,13.647,64.1119,3.0079
1987-07-31,44007,Providence,27.6842,15.7852,53.2932,1.5731
1987-08-01,44007,Providence,26.1596,13.5483,45.6255,2.0931
1987-08-02,44007,Providence,27.3189,12.3979,61.7321,2.6438
1987-08-03,44007,Providence,27.5132,18.4813,81.327,3.505
1987-08-04,44007,Providence,32.2779,18.6518,60.2196,1.9399
1987-08-05,44007,Providence,29.3876,17.6933,64.8079,2.8702
1987-08-06,44007,Providence,24.9071,13.5946,64.3025,2.6794
1987-08-07,44007,Providence,26.7806,11.7663,61.902,2.2344
1987-08-08,44007,Providence,29.4986,15.5739,72.3629,3.3117
1987-08-09,44007,Providence,26.1008,16.1768,66.65,1.7358
1987-08-10,44007,Providence,21.9804,16.4486,85.8958,2.2871
1987-08-11,44007,Providence,26.991,14.4604,61.7621,2.5627
1987-08-12,44007,Providence,23.7359,12.2222,63.9985,1.9501
1987-08-13,44007,Providence,23.7192,13.5375,68.0732,1.8977
1987-08-14,44007,Providence,26.68,13.8615,64.8564,2.2916
1987-08-15,44007,Providence,29.5854,14.8399,62.7083,3.1483
1987-08-16,44007,Providence,31.5576,17.4141,62.0356,4.1012
1987-08-17,44007,Providence,33.9024,19.3053,67.0439,3.8046
1987-08-18,44007,Providence,32.979,19.2303,60.5433,3.0008
1987-08-19,44007,Providence,30.6181,16.1221,52.1768,2.1627
1987-08-20,44007,Providence,29.4765,14.7256,52.4873,2.8919
1987-08-21,44007,Providence,26.0537,11.9988,54.3606,2.7061
1987-08-22,44007,Providence,27.7862,14.1166,75.1699,4.9705
1987-08-23,44007,Providence,23.8817,10.1288,56.808,3.7228
1987-08-24,44007,Providence,20.1412,6.7993,46.8571,3.5744
1987-08-25,44007,Providence,22.7739,6.0207,49.6803,3.6689
1987-08-26,44007,Providence,21.6895,9.6108,58.9349,2.3986
1987-08-27,44007,Providence,15.4842,11.7387,95.0737,3.7994
1987-08-28,44007,Providence,15.6389,12.8453,94.6659,3.4658
1987-08-29,44007,Providence,20.9236,12.7036,82.4408,2.382
1987-08-30,44007,Providence,22.1784,11.7327,67.5745,2.1036
1987-08-31,44007,Providence,24.2875,10.5613,73.4318,3.5228
1987-09-01,44007,Providence,24.0867,11.4006,68.1854,2.8173
1987-09-02,44007,Providence,21.0573,8.1903,67.6181,3.1516
1987-09-03,44007,Providence,21.7606,11.1204,56.7637,1.9131
1987-09-04,44007,Providence,20.2513,10.1956,60.6484,1.4164
1987-09-05,44007,Providence,23.0957,10.8494,59.4758,2.5047
1987-09-06,44007,Providence,20.8333,10.6479,79.4894,2.5667
1987-09-07,44007,Providence,25.225,14.904,82.4942,2.7039
1987-09-08,44007,Providence,26.6349,16.4293,79.2721,2.2985
1987-09-09,44007,Providence,27.4059,18.544,75.6889,3.8085
1987-09-10,44007,Providence,27.5927,17.3532,66.4393,1.7248
1987-09-11,44007,Providence,23.4818,13.6725,76.2976,3.0715
1987-09-12,44007,Providence,20.6973,12.9358,80.8477,3.1912
1987-09-13,44007,Providence,21.4348,14.5551,90.6423,3.9451
1987-09-14,44007,Providence,26.7257,13.6925,66.5768,2.3825
1987-09-15,44007,Providence,23.404,10.2562,62.4307,2.5714
1987-09-16,44007,Providence,24.1158,12.5143,63.407,2.5628
1987-09-17,44007,Providence,24.2204,14.0247,70.3911,1.9868
1987-09-18,44007,Providence,17.09,10.9915,85.1651,5.9113
1987-09-19,44007,Providence,14.4299,9.1376,91.7451,5.5291
1987-09-20,44007,Providence,16.8382,11.9854,87.7115,4.0039
1987-09-21,44007,Providence,18.6377,11.6011,78.5695,2.0593
1987-09-22,44007,Providence,20.9635,11.0547,76.3149,1.1652
1987-09-23,44007,Providence,19.9366,12.0328,71.5869,2.713
1987-09-24,44007,Providence,20.8836,10.2428,67.5485,3.5902
1987-09-25,44007,Providence,14.7405,5.9366,58.3596,3.7721
1987-09-26,44007,Providence,17.0335,5.0219,64.0399,4.2314
1987-09-27,44007,Providence,18.1197,6.0103,60.621,2.2807
1987-09-28,44007,Providence,21.8348,9.6801,81.4764,3.8064
1987-09-29,44007,Providence,25.3982,13.4649,68.0492,4.0569
1987-09-30,44007,Providence,23.3499,11.8603,80.855,3.3716
1987-10-01,44007,Providence,19.4836,6.0042,66.5678,3.219
1987-10-02,44007,Providence,18.1159,2.8424,71.6084,3.878
1987-10-03,44007,Providence,23.4459,9.5288,71.5254,2.4988
1987-10-04,44007,Providence,12.3509,1.0076,71.0142,5.2403
1987-10-05,44007,Providence,16.8721,-1.0232,63.2136,3.2623
1987-10-06,44007,Providence,20.0638,4.6449,64.0947,2.8092
1987-10-07,44007,Providence,21.3779,7.809,73.7708,3.4282
1987-10-08,44007,Providence,17.0044,4.1905,61.3777,4.2051
1987-10-09,44007,Providence,12.4736,0.9675,59.6052,3.7631
1987-10-10,44007,Providence,16.3924,4.3209,62.8857,3.1204
1987-10-11,44007,Providence,11.7061,4.4315,79.1113,2.3042
1987-10-12,44007,Providence,10.7381,2.1491,68.6768,3.133
1987-10-13,44007,Providence,11.1328,-0.0983,53.8598,3.3032
1987-10-14,44007,Providence,13.0262,-1.7723,51.1729,1.6902
1987-10-15,44007,Providence,16.4382,0.5293,49.8673,0.9865
1987-10-16,44007,Providence,18.1104,3.6102,52.3015,2.218
1987-10-17,44007,Providence,17.933,3.0308,72.1795,2.7353
1987-10-18,44007,Providence,20.8254,7.5836,61.1629,1.8103
1987-10-19,44007,Providence,16.906,6.6069,57.1102,1.3469
1987-10-20,44007,Providence,17.5042,5.6835,65.5802,2.0405
1987-10-21,44007,Providence,16.3205,4.1485,82.3069,2.7953
1987-10-22,44007,Providence,10.5102,0.1544,53.5654,3.2847
1987-10-23,44007,Providence,13.456,0.7308,65.8363,2.9644
1987-10-24,44007,Providence,17.5532,5.9055,60.897,2.6616
1987-10-25,44007,Providence,15.6717,-0.1604,61.2232,3.8233
1987-10-26,44007,Providence,10.8467,-3.0309,50.4244,1.8644
1987-10-27,44007,Providence,14.1506,-1.122,76.3248,3.2767
1987-10-28,44007,Providence,20.408,7.0156,71.2971,3.9697
1987-10-29,44007,Providence,12.1406,1.617,59.3521,3.1043
1987-10-30,44007,Providence,11.4982,0.1191,63.9738,3.369
1987-10-31,44007,Providence,13.7576,2.594,56.1769,3.4874
1987-11-01,44007,Providence,13.6733,1.6795,48.0916,1.5098
1987-11-02,44007,Providence,10.5172,-0.4081,53.6741,2.3511
1987-11-03,44007,Providence,15.8697,0.9779,76.482,4.8654
1987-11-04,44007,Providence,23.3549,8.5583,53.9507,3.9642
1987-11-05,44007,Providence,20.8469,2.9569,48.7566,4.5965
1987-11-06,44007,Providence,6.1776,-2.7589,38.3727,6.3705
1987-11-07,44007,Providence,8.0226,-2.8669,48.4125,5.2142
1987-11-08,44007,Providence,14.3256,-0.5147,52.6309,3.6199
1987-11-09,44007,Providence,15.3591,5.999,63.9901,2.9438
1987-11-10,44007,Providence,10.8018,-0.0876,63.4741,5.1349
1987-11-11,44007,Providence,3.2333,-1.717,69.1232,6.7909
1987-11-12,44007,Providence,2.4086,-3.8311,62.7182,6.1111
1987-11-13,44007,Providence,9.3108,-3.4838,61.3953,3.2937
1987-11-14,44007,Providence,11.9549,-0.8691,54.2306,2.8219
1987-11-15,44007,Providence,8.4601,-0.6384,52.2292,1.6228
1987-11-16,44007,Providence,10.3342,-0.0245,54.2892,1.9831
1987-11-17,44007,Providence,15.0276,0.3004,76.4842,4.1415
1987-11-18,44007,Providence,20.5569,6.4858,59.1611,5.7826
1987-11-19,44007,Providence,10.1987,0.3701,51.8894,2.9394
1987-11-20,44007,Providence,8.3151,-0.1876,68.1328,2.0117
1987-11-21,44007,Providence,2.7598,-10.4789,29.0937,6.7285
1987-11-22,44007,Providence,-0.2737,-10.1599,40.0287,5.5218
1987-11-23,44007,Providence,6.6669,-5.9969,50.0986,3.2764
1987-11-24,44007,Providence,12.9399,1.2175,57.9817,2.8522
1987-11-25,44007,Providence,10.2167,1.181,60.2783,2.0821
1987-11-26,44007,Providence,13.942,0.2207,67.5666,2.9922
1987-11-27,44007,Providence,4.9566,-2.8188,57.5505,3.424
1987-11-28,44007,Providence,4.2849,-3.3233,63.703,2.2896
1987-11-29,44007,Providence,9.3085,-2.021,74.592,4.2325
1987-11-30,44007,Providence,15.9463,5.4123,80.4784,2.737
1987-12-01,44007,Providence,11.3368,1.3547,62.9982,3.6796
1987-12-02,44007,Providence,7.0871,-2.6216,61.2073,4.8726
1987-12-03,44007,Providence,4.8727,-3.0975,56.6145,3.3369
1987-12-04,44007,Providence,6.3142,-1.36,71.7306,3.9481
1987-12-05,44007,Providence,2.6228,-4.5627,62.0754,4.3065
1987-12-06,44007,Providence,3.2952,-5.2142,58.0404,5.1319
1987-12-07,44007,Providence,3.5071,-6.0058,50.8982,3.4584
1987-12-08,44007,Providence,5.6094,-5.4918,53.0429,2.7894
1987-12-09,44007,Providence,9.3239,-1.5794,70.391,3.9471
1987-12-10,44007,Providence,14.2046,2.0973,61.0409,2.4352
1987-12-11,44007,Providence,7.173,-1.1912,80.4797,4.0214
1987-12-12,44007,Providence,6.9131,-2.8448,75.4035,1.7255
1987-12-13,44007,Providence,6.5325,-1.7693,61.6554,4.3782
1987-12-14,44007,Providence,7.2369,-2.5718,57.2245,3.3748
1987-12-15,44007,Providence,6.2139,-2.9947,73.4472,3.2222
1987-12-16,44007,Providence,7.0229,-2.0835,63.8018,5.0809
1987-12-17,44007,Providence,1.7659,-7.1669,57.5384,5.8226
1987-12-18,44007,Providence,-0.4636,-8.0988,50.9442,3.3534
1987-12-19,44007,Providence,3.721,-7.1441,56.7205,2.6626
1987-12-20,44007,Providence,4.379,-3.9082,78.2796,2.7506
1987-12-21,44007,Providence,5.8657,-3.7734,65.2263,3.6267
1987-12-22,44007,Providence,6.3275,-4.3355,53.519,2.5901
1987-12-23,44007,Providence,4.513,-3.0471,63.6663,2.8166
1987-12-24,44007,Providence,4.7677,-4.1437,65.7129,2.1245
1987-12-25,44007,Providence,10.2731,0.002,79.9298,3.2344
1987-12-26,44007,Providence,5.4025,-2.5264,65.4356,2.3471
1987-12-27,44007,Providence,2.6518,-3.7993,57.3666,3.4687
1987-12-28,44007,Providence,0.8773,-7.0285,48.8971,3.4551
1987-12-29,44007,Providence,-2.8839,-14.7959,63.8836,6.5208
1987-12-30,44007,Providence,-10.9562,-18.3823,60.2077,7.4969
1987-12-31,44007,Providence,3.1058,-16.0151,53.0631,4.0432
1988-01-01,44007,Providence,6.0817,-3.7143,59.161,3.8424
1988-01-02,44007,Providence,0.6066,-8.3357,40.6603,3.3089
1988-01-03,44007,Providence,0.7404,-10.5869,46.2594,1.793
1988-01-04,44007,Providence,1.8635,-5.2724,65.359,4.3079
1988-01-05,44007,Providence,-0.784,-14.7715,38.4856,6.7214
1988-01-06,44007,Providence,-6.5399,-15.8411,49.4176,6.2032
1988-01-07,44007,Providence,-8.1421,-16.6807,52.0402,4.0162
1988-01-08,44007,Providence,-0.423,-15.2826,65.0557,4.9986
1988-01-09,44007,Providence,0.7227,-11.3967,60.3217,3.2731
1988-01-10,44007,Providence,-2.2716,-15.0141,52.2794,2.371
1988-01-11,44007,Providence,-1.3316,-16.0919,49.159,2.4012
1988-01-12,44007,Providence,1.4825,-12.8223,62.5442,2.3934
1988-01-13,44007,Providence,3.4944,-9.3522,68.4832,5.1484
1988-01-14,44007,Providence,-6.1927,-21.4718,33.1021,5.1525
1988-01-15,44007,Providence,-5.468,-20.4821,51.0684,2.0278
1988-01-16,44007,Providence,0.1359,-13.9847,56.9555,2.6329
1988-01-17,44007,Providence,3.765,-7.5851,63.3387,3.5058
1988-01-18,44007,Providence,6.2917,-2.4939,68.692,3.3214
1988-01-19,44007,Providence,5.5688,-3.6608,58.6814,3.4795
1988-01-20,44007,Providence,3.9764,-3.5351,69.6808,2.674
1988-01-21,44007,Providence,7.2303,-2.3002,58.8759,3.3695
1988-01-22,44007,Providence,2.1264,-4.7602,44.146,1.9459
1988-01-23,44007,Providence,2.1769,-4.4663,43.1868,2.08
1988-01-24,44007,Providence,4.4797,-3.7664,54.8985,2.5185
1988-01-25,44007,Providence,6.6438,-2.1106,62.9497,2.2581
1988-01-26,44007,Providence,3.4183,-5.6966,60.7167,4.5871
1988-01-27,44007,Providence,-1.2352,-11.0579,36.1603,4.636
1988-01-28,44007,Providence,-2.8272,-13.1825,41.0136,2.5535
1988-01-29,44007,Providence,-0.9077,-9.9282,39.9367,2.5336
1988-01-30,44007,Providence,6.6108,-5.4928,58.5442,5.5913
1988-01-31,44007,Providence,9.5869,-1.7892,58.7774,4.076
1988-02-01,44007,Providence,12.5812,1.0233,70.9336,4.1277
1988-02-02,44007,Providence,12.2392,-1.9641,73.4907,4.0667
1988-02-03,44007,Providence,2.0592,-7.0951,49.0008,3.8119
1988-02-04,44007,Providence,2.7338,-7.0764,73.8218,3.9446
1988-02-05,44007,Providence,-3.3886,-12.7735,51.1423,4.4158
1988-02-06,44007,Providence,-4.449,-12.5702,51.2286,3.3276
1988-02-07,44007,Providence,-5.0978,-16.048,55.465,4.0994
1988-02-08,44007,Providence,1.068,-9.4075,56.8879,3.9841
1988-02-09,44007,Providence,1.1165,-9.2712,59.303,1.7093
1988-02-10,44007,Providence,2.4895,-6.0498,58.5726,2.807
1988-02-11,44007,Providence,2.1251,-7.6918,59.5848,3.3702
1988-02-12,44007,Providence,3.7765,-4.3189,79.9416,5.665
1988-02-13,44007,Providence,3.0481,-9.0469,52.0456,7.1694
1988-02-14,44007,Providence,-0.4808,-12.0076,53.8621,5.0359
1988-02-15,44007,Providence,6.7925,-6.7562,72.7886,4.7443
1988-02-16,44007,Providence,6.3189,-4.3034,69.3256,3.2476
1988-02-17,44007,Providence,4.4693,-5.4578,51.3059,2.6606
1988-02-18,44007,Providence,7.1729,-4.2384,50.4982,2.1164
1988-02-19,44007,Providence,7.3357,-4.2621,53.7218,3.0463
1988-02-20,44007,Providence,13.8192,-0.5803,64.2678,4.5538
1988-02-21,44007,Providence,5.2882,-11.1681,38.1452,5.7839
1988-02-22,44007,Providence,3.8864,-10.778,49.7606,6.7621
1988-02-23,44007,Providence,10.6756,-1.6969,59.0209,4.9288
1988-02-24,44007,Providence,4.9327,-4.5993,49.5518,2.9595
1988-02-25,44007,Providence,2.1689,-6.0992,34.3443,2.3926
1988-02-26,44007,Providence,1.3163,-5.9698,30.91,1.4139
1988-02-27,44007,Providence,2.125,-5.3207,41.479,2.0516
1988-02-28,44007,Providence,2.6148,-5.7779,40.8726,1.7263
1988-02-29,44007,Providence,6.0634,-4.4331,47.6713,2.8112
1988-03-01,44007,Providence,5.0586,-5.3042,36.8391,3.6512
1988-03-02,44007,Providence,6.7118,-6.799,37.6938,4.0577
1988-03-03,44007,Providence,10.996,0.4718,49.2645,2.4108
1988-03-04,44007,Providence,5.7435,-1.9352,65.2339,3.7948
1988-03-05,44007,Providence,2.5437,-7.6108,51.7572,3.4538
1988-03-06,44007,Providence,7.05,-4.7995,42.8167,3.1325
1988-03-07,44007,Providence,10.4869,-3.5073,46.4493,4.0469
1988-03-08,44007,Providence,8.3607,-3.3596,38.8264,2.3755
1988-03-09,44007,Providence,13.3786,-1.7364,61.2864,4.2658
1988-03-10,44007,Providence,10.5926,-2.8249,53.8981,4.6792
1988-03-11,44007,Providence,6.5773,-3.451,36.0955,5.2559
1988-03-12,44007,Providence,10.6218,-3.5862,42.7697,2.5105
1988-03-13,44007,Providence,13.6182,0.5916,57.6055,1.548
1988-03-14,44007,Providence,5.8134,-1.11,62.9574,2.4521
1988-03-15,44007,Providence,3.9744,-1.6928,59.0408,3.2243
1988-03-16,44007,Providence,7.0045,-2.3648,47.8432,3.5309
1988-03-17,44007,Providence,9.7565,-1.7063,33.9094,4.0346
1988-03-18,44007,Providence,8.9342,-2.168,40.0773,4.099
1988-03-19,44007,Providence,8.1884,-2.2042,43.6369,3.2738
1988-03-20,44007,Providence,5.3197,-7.1713,32.1509,5.2478
1988-03-21,44007,Providence,-2.838,-10.5592,23.6573,5.7901
1988-03-22,44007,Providence,3.3291,-12.1616,29.5135,4.1025
1988-03-23,44007,Providence,6.9568,-5.9491,41.2268,4.012
1988-03-24,44007,Providence,18.7654,-0.2577,57.7915,4.4206
1988-03-25,44007,Providence,18.1759,5.4307,57.3269,3.5897
1988-03-26,44007,Providence,15.9112,6.8657,72.8825,5.8652
1988-03-27,44007,Providence,16.5191,4.4494,55.539,4.9418
1988-03-28,44007,Providence,9.1627,-0.8849,43.926,3.9244
1988-03-29,44007,Providence,12.6469,-1.9559,35.6221,1.6885
1988-03-30,44007,Providence,13.2844,-0.6866,42.0571,2.4341
1988-03-31,44007,Providence,15.1417,0.5781,44.6007,1.987
1988-04-01,44007,Providence,14.031,3.7352,51.5868,1.5055
1988-04-02,44007,Providence,15.4079,6.2149,55.2285,1.5675
1988-04-03,44007,Providence,11.6493,5.2651,71.343,2.7625
1988-04-04,44007,Providence,18.6996,6.7654,76.5291,4.1664
1988-04-05,44007,Providence,18.2495,9.067,55.7902,2.872
1988-04-06,44007,Providence,10.0773,4.0065,67.2603,3.4844
1988-04-07,44007,Providence,7.9591,2.7319,71.8361,4.3933
1988-04-08,44007,Providence,8.4769,3.6004,70.1372,5.091
1988-04-09,44007,Providence,14.2862,3.7125,54.6962,5.1237
1988-04-10,44007,Providence,13.9747,5.4693,52.7501,5.1604
1988-04-11,44007,Providence,7.9832,3.8217,64.1628,4.2902
1988-04-12,44007,Providence,8.782,-0.8235,58.3605,3.411
1988-04-13,44007,Providence,7.3202,-1.7572,59.0982,3.667
1988-04-14,44007,Providence,8.813,-1.6319,61.299,2.456
1988-04-15,44007,Providence,9.101,0.9168,73.2617,2.586
1988-04-16,44007,Providence,8.9014,2.0156,56.219,4.1745
1988-04-17,44007,Providence,13.8448,1.0172,49.6161,4.9346
1988-04-18,44007,Providence,12.5788,2.5731,73.8757,3.2304
1988-04-19,44007,Providence,10.3494,2.3587,42.1484,2.8215
1988-04-20,44007,Providence,8.3337,-0.0727,44.7704,4.5402
1988-04-21,44007,Providence,11.3387,0.3963,49.2215,4.6322
1988-04-22,44007,Providence,10.0052,-0.1909,47.5839,5.0195
1988-04-23,44007,Providence,12.7656,0.0206,55.6866,2.667
1988-04-24,44007,Providence,17.5434,5.0049,59.086,3.773
1988-04-25,44007,Providence,12.7644,3.4968,55.3313,4.6313
1988-04-26,44007,Providence,14.6215,1.4262,49.7006,3.6023
1988-04-27,44007,Providence,17.6486,3.0712,58.7942,3.0136
1988-04-28,44007,Providence,15.2301,6.5612,78.6251,3.5385
1988-04-29,44007,Providence,12.7907,4.9516,64.0434,2.972
1988-04-30,44007,Providence,14.7735,3.5622,59.5337,1.2403
1988-05-01,44007,Providence,12.6525,5.8943,63.8754,1.728
1988-05-02,44007,Providence,10.4764,3.7177,66.0935,3.6773
1988-05-03,44007,Providence,11.3822,4.0994,63.9211,2.7702
1988-05-04,44007,Providence,19.7022,4.0373,45.5986,3.7922
1988-05-05,44007,Providence,19.1253,5.5971,65.128,2.0563
1988-05-06,44007,Providence,19.4258,10.3561,69.3529,3.3065
1988-05-07,44007,Providence,19.1977,6.8385,58.1186,4.6757
1988-05-08,44007,Providence,16.5065,3.6938,45.3769,2.2919
1988-05-09,44007,Providence,17.5955,1.8892,47.7498,2.585
1988-05-10,44007,Providence,16.4121,4.05,72.7364,2.646
1988-05-11,44007,Providence,19.1415,9.277,70.6295,1.415
1988-05-12,44007,Providence,20.5951,9.2686,55.2299,2.0731
1988-05-13,44007,Providence,21.68,8.6382,63.0504,4.3669
1988-05-14,44007,Providence,20.0233,8.8642,53.5232,1.5288
1988-05-15,44007,Providence,18.9806,6.1605,50.3727,2.4245
1988-05-16,44007,Providence,23.5563,6.1029,69.3913,1.7082
1988-05-17,44007,Providence,23.731,12.4954,65.7577,1.2659
1988-05-18,44007,Providence,19.4867,11.5987,72.4661,3.5797
1988-05-19,44007,Providence,15.577,10.3214,75.3382,4.2412
1988-05-20,44007,Providence,20.7455,10.3835,70.3263,2.232
1988-05-21,44007,Providence,22.5964,12.0819,67.6587,2.072
1988-05-22,44007,Providence,23.4427,12.5768,67.1546,1.9283
1988-05-23,44007,Providence,26.4406,13.5494,64.8446,3.4894
1988-05-24,44007,Providence,26.2774,15.3852,64.77,2.9185
1988-05-25,44007,Providence,17.3081,9.0498,74.9269,2.9922
1988-05-26,44007,Providence,17.6034,7.8646,53.9817,3.1347
1988-05-27,44007,Providence,23.3958,7.2114,54.6445,3.3265
1988-05-28,44007,Providence,26.3156,10.7021,56.6964,3.5644
1988-05-29,44007,Providence,27.5097,11.8006,57.5063,1.7635
1988-05-30,44007,Providence,24.3199,12.9361,64.0967,2.3431
1988-05-31,44007,Providence,29.4423,11.9068,52.5159,3.3567
1988-06-01,44007,Providence,25.7416,12.2155,53.4363,3.3761
1988-06-02,44007,Providence,14.9125,8.2421,57.3009,3.2942
1988-06-03,44007,Providence,17.2582,7.2818,55.9826,1.216
1988-06-04,44007,Providence,18.0916,6.8518,56.8922,2.4601
1988-06-05,44007,Providence,22.8236,10.0676,55.1676,5.277
1988-06-06,44007,Providence,23.3494,10.0754,50.3623,4.8898
1988-06-07,44007,Providence,21.824,8.3741,45.6487,3.9639
1988-06-08,44007,Providence,21.4169,5.3086,46.6117,2.1044
1988-06-09,44007,Providence,16.1788,8.0674,61.9531,2.3562
1988-06-10,44007,Providence,18.9473,5.7615,55.0277,2.5331
1988-06-11,44007,Providence,22.1309,9.4819,49.6569,1.993
1988-06-12,44007,Providence,28.3027,10.7263,52.843,2.863
1988-06-13,44007,Providence,31.652,15.1661,49.4657,2.7455
1988-06-14,44007,Providence,31.6441,16.8123,50.258,2.7088
1988-06-15,44007,Providence,33.1796,17.7221,53.7985,3.237
1988-06-16,44007,Providence,31.2799,17.2509,58.7452,3.4481
1988-06-17,44007,Providence,26.1814,16.0704,65.8074,1.6954
1988-06-18,44007,Providence,26.8259,15.4984,59.2974,1.8901
1988-06-19,44007,Providence,27.9892,13.2842,59.0837,3.3449
1988-06-20,44007,Providence,29.6047,14.7766,65.1703,4.4415
1988-06-21,44007,Providence,30.278,18.6052,52.5974,2.4894
1988-06-22,44007,Providence,30.9151,17.1092,61.9744,3.4469
1988-06-23,44007,Providence,29.2329,13.2268,58.5763,4.2139
1988-06-24,44007,Providence,20.7465,9.4028,49.9337,1.7583
1988-06-25,44007,Providence,20.9735,9.7446,63.4286,4.0789
1988-06-26,44007,Providence,28.2492,13.2421,59.2752,4.1199
1988-06-27,44007,Providence,22.1504,11.6027,57.9857,1.8417
1988-06-28,44007,Providence,26.189,13.6302,51.5265,2.4351
1988-06-29,44007,Providence,23.5805,14.1415,54.9897,1.6622
1988-06-30,44007,Providence,20.5869,9.1973,55.7449,2.2357
1988-07-01,44007,Providence,19.1234,6.2195,66.0345,3.0533
1988-07-02,44007,Providence,21.254,9.0706,65.1242,3.0838
1988-07-03,44007,Providence,25.8999,11.5886,58.8017,2.8414
1988-07-04,44007,Providence,27.6984,13.1836,59.9406,2.2951
1988-07-05,44007,Providence,27.8303,13.9192,64.7347,2.2628
1988-07-06,44007,Providence,30.0736,14.4368,64.1462,2.512
1988-07-07,44007,Providence,31.8584,18.3217,61.89,2.7513
1988-07-08,44007,Providence,32.3595,17.3611,62.6753,3.1638
1988-07-09,44007,Providence,30.2491,18.8606,72.2427,3.3683
1988-07-10,44007,Providence,34.5282,19.225,62.1588,2.6228
1988-07-11,44007,Providence,34.7023,21.2249,59.4127,2.9061
1988-07-12,44007,Providence,30.8809,21.9752,68.541,2.7479
1988-07-13,44007,Providence,30.2818,18.7487,57.7302,1.7164
1988-07-14,44007,Providence,30.904,16.8867,68.9945,4.186
1988-07-15,44007,Providence,28.821,18.1956,64.518,2.2524
1988-07-16,44007,Providence,31.3581,16.1147,66.3357,4.0069
1988-07-17,44007,Providence,34.8427,21.7459,63.6938,3.1446
1988-07-18,44007,Providence,30.4252,21.6209,69.9725,1.866
1988-07-19,44007,Providence,29.7074,19.8139,75.2652,2.9904
1988-07-20,44007,Providence,26.3328,21.0843,83.9765,1.3983
1988-07-21,44007,Providence,26.2129,18.4868,84.2647,3.0175
1988-07-22,44007,Providence,25.9304,19.6134,82.269,1.8956
1988-07-23,44007,Providence,23.8823,16.1079,86.633,1.2429
1988-07-24,44007,Providence,24.4203,19.1147,84.9435,2.8123
1988-07-25,44007,Providence,26.0522,18.0231,79.0365,2.4479
1988-07-26,44007,Providence,27.018,18.7622,78.4607,2.072
1988-07-27,44007,Providence,26.0461,19.6174,81.5502,2.5139
1988-07-28,44007,Providence,25.7534,19.3143,76.8095,2.0082
1988-07-29,44007,Providence,28.6659,17.8564,75.5678,2.1644
1988-07-30,44007,Providence,32.4815,21.6436,71.5851,2.8654
1988-07-31,44007,Providence,30.0517,21.7165,72.3125,1.8378
1988-08-01,44007,Providence,29.6295,20.4481,72.188,1.6754
1988-08-02,44007,Providence,30.3585,20.7253,73.6105,2.3698
1988-08-03,44007,Providence,31.5338,19.594,75.0863,3.6784
1988-08-04,44007,Providence,30.9589,20.4701,76.0709,4.5717
1988-08-05,44007,Providence,30.6107,21.7166,75.4153,4.6625
1988-08-06,44007,Providence,29.8906,20.4458,75.6053,4.0959
1988-08-07,44007,Providence,30.1914,19.6809,75.2478,2.4383
1988-08-08,44007,Providence,28.2996,20.5876,69.2106,2.3992
1988-08-09,44007,Providence,30.6555,18.8325,72.1124,3.0958
1988-08-10,44007,Providence,30.6193,20.2299,78.2579,4.6397
1988-08-11,44007,Providence,30.5672,21.8302,77.9254,3.4121
1988-08-12,44007,Providence,32.8785,22.0266,70.8733,3.0617
1988-08-13,44007,Providence,32.3816,20.9535,72.9003,3.9044
1988-08-14,44007,Providence,32.2331,23.1374,73.8738,3.8066
1988-08-15,44007,Providence,33.0239,21.8203,68.2515,4.8043
1988-08-16,44007,Providence,25.6778,16.7727,68.5726,3.5782
1988-08-17,44007,Providence,29.1643,15.5888,64.8583,2.1445
1988-08-18,44007,Providence,26.6232,13.2914,65.8322,3.3567
1988-08-19,44007,Providence,22.267,9.3427,62.5531,1.796
1988-08-20,44007,Providence,24.4334,14.4273,56.9609,1.6554
1988-08-21,44007,Providence,26.78,10.325,53.2072,2.5991
1988-08-22,44007,Providence,19.9465,7.0034,56.0039,2.0444
1988-08-23,44007,Providence,20.8917,9.7482,59.0519,1.6724
1988-08-24,44007,Providence,21.1558,11.7819,88.8472,3.9511
1988-08-25,44007,Providence,26.3737,14.3612,72.8002,2.2832
1988-08-26,44007,Providence,29.1466,18.0194,67.22,3.3651
1988-08-27,44007,Providence,29.8283,18.0662,65.8358,2.1621
1988-08-28,44007,Providence,30.4553,18.0128,73.2642,4.5678
1988-08-29,44007,Providence,28.7842,19.8346,78.5044,4.7136
1988-08-30,44007,Providence,23.7832,14.4751,70.2584,2.4929
1988-08-31,44007,Providence,24.0388,11.3472,60.6083,1.3889
1988-09-01,44007,Providence,25.0594,13.7102,57.1048,1.4166
1988-09-02,44007,Providence,26.8202,11.7775,59.1697,2.8998
1988-09-03,44007,Providence,25.5845,12.021,67.0627,2.2419
1988-09-04,44007,Providence,20.1405,13.7037,97.1244,3.2771
1988-09-05,44007,Providence,25.527,11.5063,74.9946,4.5212
1988-09-06,44007,Providence,16.8504,6.2769,63.9956,3.1132
1988-09-07,44007,Providence,20.0271,5.7578,60.7861,2.8746
1988-09-08,44007,Providence,23.0234,9.0,63.0851,2.577
1988-09-09,44007,Providence,23.976,10.9894,82.8448,2.1992
1988-09-10,44007,Providence,26.804,13.2925,60.6979,3.4535
1988-09-11,44007,Providence,20.4275,9.3896,61.4173,3.6528
1988-09-12,44007,Providence,21.55,8.8253,59.7276,2.5826
1988-09-13,44007,Providence,23.9781,10.7224,81.123,3.8841
1988-09-14,44007,Providence,20.1279,9.9817,63.4646,3.0046
1988-09-15,44007,Providence,16.7207,5.8915,59.1809,4.0964
1988-09-16,44007,Providence,16.4979,3.3522,58.4985,2.339
1988-09-17,44007,Providence,20.1488,5.4516,74.648,3.2138
1988-09-18,44007,Providence,25.6019,13.0279,74.6325,3.7723
1988-09-19,44007,Providence,27.3684,14.4244,62.5598,1.7409
1988-09-20,44007,Providence,26.1461,13.4338,80.713,3.9799
1988-09-21,44007,Providence,25.9605,14.9144,70.3556,2.8949
1988-09-22,44007,Providence,20.5712,10.5554,62.1824,3.296
1988-09-23,44007,Providence,25.2426,9.9116,70.435,3.5411
1988-09-24,44007,Providence,21.1797,9.0609,50.2985,2.8698
1988-09-25,44007,Providence,20.5407,9.8129,57.0199,1.4281
1988-09-26,44007,Providence,23.0506,8.974,54.7684,2.5363
1988-09-27,44007,Providence,21.1568,6.5365,59.9018,2.7016
1988-09-28,44007,Providence,23.6211,5.7545,59.9591,4.0508
1988-09-29,44007,Providence,16.5883,1.263,50.7902,2.1712
1988-09-30,44007,Providence,19.8946,2.506,76.9836,3.7971
1988-10-01,44007,Providence,25.6206,9.4398,60.9681,4.1846
1988-10-02,44007,Providence,25.8452,10.6995,62.3899,5.1545
1988-10-03,44007,Providence,21.1201,9.9598,64.1667,2.2725
1988-10-04,44007,Providence,12.3077,4.4083,82.5679,5.1605
1988-10-05,44007,Providence,11.963,4.1627,70.5918,2.6208
1988-10-06,44007,Providence,14.6316,2.4924,55.0393,2.4973
1988-10-07,44007,Providence,11.2653,2.9204,65.4496,3.8175
1988-10-08,44007,Providence,7.0875,0.6603,85.4463,4.5422
1988-10-09,44007,Providence,10.2789,-1.3167,65.9268,3.2782
1988-10-10,44007,Providence,16.3729,5.5182,64.3929,4.7752
1988-10-11,44007,Providence,16.7812,4.28,60.0931,4.506
1988-10-12,44007,Providence,11.4878,1.3472,51.2007,3.8464
1988-10-13,44007,Providence,7.2556,-0.9734,58.0411,4.1165
1988-10-14,44007,Providence,10.6287,-2.5225,57.0341,4.1029
1988-10-15,44007,Providence,16.4256,0.5943,56.5981,2.2957
1988-10-16,44007,Providence,16.8693,8.3236,70.0705,2.3314
1988-10-17,44007,Providence,20.2727,8.7804,68.3198,2.9062
1988-10-18,44007,Providence,21.2516,8.6262,70.8615,4.3379
1988-10-19,44007,Providence,13.3983,4.9873,59.5627,2.7608
1988-10-20,44007,Providence,9.2996,-2.7663,49.7856,2.7338
1988-10-21,44007,Providence,10.7688,-3.5677,63.4835,4.2204
1988-10-22,44007,Providence,14.4757,4.6124,80.8991,5.7576
1988-10-23,44007,Providence,10.3113,3.1589,64.3257,4.172
1988-10-24,44007,Providence,14.7621,4.0244,78.4707,3.3763
1988-10-25,44007,Providence,11.3502,1.6629,59.2404,3.8964
1988-10-26,44007,Providence,13.3361,-0.24,52.4613,2.6866
1988-10-27,44007,Providence,11.0252,-0.119,51.6704,2.7001
1988-10-28,44007,Providence,15.0607,-0.9901,69.5886,3.7795
1988-10-29,44007,Providence,9.4091,-1.0235,54.1775,3.1424
1988-10-30,44007,Providence,7.1212,-2.1096,51.0187,3.0628
1988-10-31,44007,Providence,7.4408,-3.055,47.2969,1.8627
1988-11-01,44007,Providence,13.8279,-1.46,72.1449,3.3039
1988-11-02,44007,Providence,14.2499,3.3965,61.1477,6.0004
1988-11-03,44007,Providence,10.7179,0.3552,50.7043,5.4428
1988-11-04,44007,Providence,14.4761,-0.4309,62.5557,3.0112
1988-11-05,44007,Providence,21.3368,7.2242,69.3117,4.6376
1988-11-06,44007,Providence,19.1097,7.3067,64.5429,4.4033
1988-11-07,44007,Providence,14.7627,2.8052,54.3079,4.4672
1988-11-08,44007,Providence,11.4129,-0.6019,58.1581,3.2053
1988-11-09,44007,Providence,13.827,3.6383,53.3078,2.7981
1988-11-10,44007,Providence,14.8123,1.8043,67.0113,4.4412
1988-11-11,44007,Providence,13.5091,3.0781,51.5655,4.0924
1988-11-12,44007,Providence,6.7927,-2.5189,50.5359,1.9335
1988-11-13,44007,Providence,13.3987,-1.2153,74.5581,4.5923
1988-11-14,44007,Providence,14.4828,1.8051,55.3446,4.1509
1988-11-15,44007,Providence,11.4017,1.1611,49.7402,2.3585
1988-11-16,44007,Providence,14.876,0.4168,69.6377,3.5958
1988-11-17,44007,Providence,18.1753,2.8512,70.8113,4.0912
1988-11-18,44007,Providence,8.666,-0.4128,49.7007,4.3623
1988-11-19,44007,Providence,7.5877,-2.3516,49.0828,1.8855
1988-11-20,44007,Providence,14.1197,1.0293,75.9472,3.9979
1988-11-21,44007,Providence,13.8365,-1.7874,48.6369,7.4408
1988-11-22,44007,Providence,7.0207,-3.1834,47.8703,3.2087
1988-11-23,44007,Providence,8.8725,-2.6983,48.724,2.3946
1988-11-24,44007,Providence,4.4455,-3.9842,50.1138,4.1416
1988-11-25,44007,Providence,6.3273,-4.7486,39.4805,4.0455
1988-11-26,44007,Providence,8.1744,-2.4211,53.761,2.2058
1988-11-27,44007,Providence,14.9478,0.4409,76.4819,3.3553
1988-11-28,44007,Providence,16.474,3.6382,76.0218,4.2436
1988-11-29,44007,Providence,8.2486,-0.5167,51.0798,4.4278
1988-11-30,44007,Providence,9.4637,-2.3935,63.5837,3.4297
1988-12-01,44007,Providence,9.1651,-0.7747,53.7148,2.8421
1988-12-02,44007,Providence,4.1845,-3.4199,54.5559,4.4113
1988-12-03,44007,Providence,8.08,-4.1123,61.0564,4.7242
1988-12-04,44007,Providence,3.7127,-6.7497,43.856,5.887
1988-12-05,44007,Providence,2.3978,-6.22,38.8474,3.0593
1988-12-06,44007,Providence,6.3072,-5.9641,53.4402,3.4427
1988-12-07,44007,Providence,11.1352,-2.7703,51.6853,3.3579
1988-12-08,44007,Providence,5.5111,-4.6159,54.0818,3.2542
1988-12-09,44007,Providence,2.1524,-5.0404,38.9124,1.4158
1988-12-10,44007,Providence,0.1056,-5.6644,41.258,2.3933
1988-12-11,44007,Providence,-0.831,-15.7056,37.9068,5.0854
1988-12-12,44007,Providence,-7.7712,-18.275,43.9989,3.0841
1988-12-13,44007,Providence,3.1419,-12.9123,78.557,2.882
1988-12-14,44007,Providence,4.2631,-2.3037,76.0439,2.9439
1988-12-15,44007,Providence,7.4904,-6.4783,58.0413,5.6705
1988-12-16,44007,Providence,-3.2285,-12.577,34.9277,4.3909
1988-12-17,44007,Providence,-2.2223,-13.2753,47.4617,3.6888
1988-12-18,44007,Providence,-1.6254,-11.0183,45.1521,3.3936
1988-12-19,44007,Providence,1.2949,-8.3646,56.6346,2.2817
1988-12-20,44007,Providence,9.1279,-4.5591,67.0352,4.6523
1988-12-21,44007,Providence,10.8629,0.4672,62.4964,4.1532
1988-12-22,44007,Providence,4.0418,-6.3849,44.1145,3.5386
1988-12-23,44007,Providence,4.2947,-6.7006,75.8402,3.1945
1988-12-24,44007,Providence,8.7865,-2.4626,74.391,3.2808
1988-12-25,44007,Providence,9.0486,-2.1375,60.5992,5.5874
1988-12-26,44007,Providence,1.4766,-7.4035,38.0167,5.6624
1988-12-27,44007,Providence,3.4078,-9.2603,56.5614,3.5088
1988-12-28,44007,Providence,9.8116,-0.4608,40.0975,6.3573
1988-12-29,44007,Providence,3.3907,-4.0139,41.6148,3.6091
1988-12-30,44007,Providence,1.6983,-4.9967,50.7212,2.0112
1988-12-31,44007,Providence,1.889,-4.3216,55.5196,4.807
1989-01-01,44007,Providence,2.3192,-5.1552,48.5057,2.3679
1989-01-02,44007,Providence,5.725,-3.2874,69.3935,2.7208
1989-01-03,44007,Providence,3.627,-3.898,48.6969,3.639
1989-01-04,44007,Providence,0.4112,-17.7346,27.5361,7.2146
1989-01-05,44007,Providence,-6.7564,-18.2717,34.9952,5.9365
1989-01-06,44007,Providence,-0.8034,-13.5039,47.2271,3.1977
1989-01-07,44007,Providence,2.5218,-5.1402,70.3003,3.7158
1989-01-08,44007,Providence,7.1221,-3.4408,69.6716,4.293
1989-01-09,44007,Providence,5.031,-4.1358,36.5107,4.8978
1989-01-10,44007,Providence,2.0669,-5.2939,38.6556,2.6031
1989-01-11,44007,Providence,3.4723,-5.9483,42.1245,4.1459
1989-01-12,44007,Providence,5.8543,-6.8999,71.2724,3.8197
1989-01-13,44007,Providence,5.6379,-5.2436,48.001,5.4504
1989-01-14,44007,Providence,4.0937,-6.1459,48.9661,4.2052
1989-01-15,44007,Providence,10.1438,-1.9774,67.003,4.2532
1989-01-16,44007,Providence,6.5585,-3.458,50.4705,2.958
1989-01-17,44007,Providence,5.6796,-4.3835,48.4456,4.2824
1989-01-18,44007,Providence,7.7785,-2.8745,48.3746,2.0486
1989-01-19,44007,Providence,8.0771,-1.753,60.013,2.4052
1989-01-20,44007,Providence,8.2797,-2.4851,57.5208,4.2235
1989-01-21,44007,Providence,1.9327,-12.3142,25.2444,6.5486
1989-01-22,44007,Providence,3.0415,-12.6652,44.903,4.6509
1989-01-23,44007,Providence,7.6119,-5.1803,44.2693,2.2068
1989-01-24,44007,Providence,10.4352,-2.2193,36.9711,2.218
1989-01-25,44007,Providence,2.837,-6.5993,40.7184,3.9675
1989-01-26,44007,Providence,6.3315,-6.3731,73.6419,5.0729
1989-01-27,44007,Providence,5.495,-2.5279,57.7352,3.2644
1989-01-28,44007,Providence,4.3233,-3.0771,54.0615,4.0622
1989-01-29,44007,Providence,11.037,-1.7939,43.5521,3.2354
1989-01-30,44007,Providence,10.6534,0.0699,65.0523,3.4058
1989-01-31,44007,Providence,7.0251,-3.6584,61.9966,4.7458
1989-02-01,44007,Providence,15.3428,-1.0554,51.7039,3.7588
1989-02-02,44007,Providence,7.475,-3.546,55.7505,4.4573
1989-02-03,44007,Providence,2.1302,-5.3324,69.3706,2.8868
1989-02-04,44007,Providence,-2.2654,-10.2067,39.9191,3.3108
1989-02-05,44007,Providence,-3.4528,-10.355,52.4216,1.2702
1989-02-06,44007,Providence,1.7351,-7.8229,63.8098,2.3964
1989-02-07,44007,Providence,1.5185,-6.4543,65.5146,1.9467
1989-02-08,44007,Providence,0.1797,-9.1415,51.458,4.6824
1989-02-09,44007,Providence,-2.4993,-13.4474,29.1684,6.3866
1989-02-10,44007,Providence,-3.2208,-13.5994,43.907,3.7231
1989-02-11,44007,Providence,1.0604,-9.2934,50.4925,4.3259
1989-02-12,44007,Providence,2.5018,-5.4909,45.6275,3.9457
1989-02-13,44007,Providence,2.1005,-7.3354,45.3178,3.4783
1989-02-14,44007,Providence,7.6886,-1.5295,77.2599,3.5807
1989-02-15,44007,Providence,6.4956,0.0909,70.8719,1.8585
1989-02-16,44007,Providence,4.8495,-7.8548,49.7218,4.5533
1989-02-17,44007,Providence,-4.2143,-12.6664,25.7056,4.2084
1989-02-18,44007,Providence,-3.9233,-12.1287,31.104,2.3719
1989-02-19,44007,Providence,0.8206,-8.4856,46.3468,2.482
1989-02-20,44007,Providence,4.8462,-4.407,56.182,2.7341
1989-02-21,44007,Providence,13.1878,-1.8147,78.9187,5.4443
1989-02-22,44007,Providence,11.9701,1.2088,72.7075,2.5627
1989-02-23,44007,Providence,5.1488,-5.114,56.6782,5.5536
1989-02-24,44007,Providence,-1.6469,-9.9655,46.3131,7.7042
1989-02-25,44007,Providence,-3.5374,-11.6036,58.3877,4.522
1989-02-26,44007,Providence,0.3084,-12.9897,58.6257,2.1187
1989-02-27,44007,Providence,2.1188,-5.0882,64.6999,2.7471
1989-02-28,44007,Providence,3.6614,-4.2098,49.3822,1.3537
1989-03-01,44007,Providence,6.0351,-5.057,47.0019,4.4876
1989-03-02,44007,Providence,2.116,-5.7761,36.6958,4.2393
1989-03-03,44007,Providence,2.8416,-3.7511,46.5954,2.4218
1989-03-04,44007,Providence,2.7645,-4.0275,53.1502,4.4478
1989-03-05,44007,Providence,7.6481,-3.3922,65.7576,2.0765
1989-03-06,44007,Providence,4.5747,-8.5209,39.4431,4.7507
1989-03-07,44007,Providence,-5.2161,-13.5991,47.7983,6.0339
1989-03-08,44007,Providence,-0.1186,-11.2177,47.6115,5.1624
1989-03-09,44007,Providence,3.2746,-7.4954,45.4726,3.7604
1989-03-10,44007,Providence,3.3216,-6.9277,45.6881,3.4821
1989-03-11,44007,Providence,5.7508,-5.3251,49.9532,2.3462
1989-03-12,44007,Providence,4.8533,-3.7684,61.9324,3.1536
1989-03-13,44007,Providence,2.2257,-5.5341,45.6636,2.4703
1989-03-14,44007,Providence,10.0339,-4.3329,57.2933,2.4343
1989-03-15,44007,Providence,17.6737,0.8878,58.7677,4.4992
1989-03-16,44007,Providence,10.4236,-0.8665,45.1872,3.3172
1989-03-17,44007,Providence,13.7462,-1.0182,45.4576,4.0491
1989-03-18,44007,Providence,16.3013,0.6498,67.9469,3.6877
1989-03-19,44007,Providence,7.6873,-3.3674,39.7104,3.461
1989-03-20,44007,Providence,5.0542,-3.3742,47.6216,3.1727
1989-03-21,44007,Providence,7.5918,-2.0118,60.6923,3.5196
1989-03-22,44007,Providence,4.1187,-4.2077,41.3169,1.9515
1989-03-23,44007,Providence,6.5378,-3.0405,43.9211,1.7627
1989-03-24,44007,Providence,5.1826,-2.6487,69.7048,5.6797
1989-03-25,44007,Providence,10.0697,0.4149,61.63,4.1875
1989-03-26,44007,Providence,14.7061,1.0698,44.1231,2.6424
1989-03-27,44007,Providence,16.2636,0.4854,48.8272,4.4348
1989-03-28,44007,Providence,22.2769,4.2791,54.7608,4.7839
1989-03-29,44007,Providence,19.4888,3.008,59.2523,4.9066
1989-03-30,44007,Providence,6.8847,0.6991,66.4507,4.3127
1989-03-31,44007,Providence,8.4074,0.9567,67.8183,3.308
1989-04-01,44007,Providence,8.9381,0.9768,56.284,4.3261
1989-04-02,44007,Providence,10.9127,-0.7724,44.2148,2.993
1989-04-03,44007,Providence,11.2461,0.5114,75.6448,4.1268
1989-04-04,44007,Providence,16.9352,3.9833,71.9558,3.0449
1989-04-05,44007,Providence,22.7303,7.6983,58.6121,3.3267
1989-04-06,44007,Providence,16.3795,7.0873,74.2339,2.809
1989-04-07,44007,Providence,13.3071,3.855,47.1294,4.8563
1989-04-08,44007,Providence,10.5428,1.9527,54.6041,4.492
1989-04-09,44007,Providence,10.4152,2.3427,57.4009,1.9578
1989-04-10,44007,Providence,11.1142,-1.1956,40.0766,3.941
1989-04-11,44007,Providence,7.8803,-2.6704,38.5586,2.6727
1989-04-12,44007,Providence,9.9495,-0.6817,40.8548,2.3122
1989-04-13,44007,Providence,10.0724,-1.3686,56.8565,2.8117
1989-04-14,44007,Providence,11.2238,1.0324,52.8045,1.6722
1989-04-15,44007,Providence,12.4974,1.3414,64.4195,3.8822
1989-04-16,44007,Providence,9.4376,2.7954,72.6947,5.0918
1989-04-17,44007,Providence,18.9355,1.6952,49.5429,2.7005
1989-04-18,44007,Providence,20.2641,7.1099,53.5924,1.6075
1989-04-19,44007,Providence,15.6327,4.2424,48.7774,2.2228
1989-04-20,44007,Providence,14.1088,-0.1775,36.5878,2.8227
1989-04-21,44007,Providence,15.6608,2.5572,42.9408,2.3616
1989-04-22,44007,Providence,9.2183,-3.4703,38.3351,4.267
1989-04-23,44007,Providence,8.4669,-4.6441,42.5945,4.6292
1989-04-24,44007,Providence,11.4095,-1.4839,42.4767,4.0048
1989-04-25,44007,Providence,13.1124,-1.425,38.466,3.2516
1989-04-26,44007,Providence,17.7442,1.8402,37.8977,1.122
1989-04-27,44007,Providence,15.0701,3.4112,43.9971,2.745
1989-04-28,44007,Providence,13.8821,3.7806,44.6961,2.5856
1989-04-29,44007,Providence,15.2808,3.5302,53.6023,2.5996
1989-04-30,44007,Providence,18.8829,7.6991,59.0472,2.2296
1989-05-01,44007,Providence,21.3568,7.3922,58.6961,2.1264
1989-05-02,44007,Providence,19.5436,9.0369,72.7383,4.7444
1989-05-03,44007,Providence,16.7704,7.0131,49.8186,5.8496
1989-05-04,44007,Providence,19.1562,5.0244,46.9533,3.3012
1989-05-05,44007,Providence,16.1732,4.6533,67.7256,3.9795
1989-05-06,44007,Providence,20.7497,11.3259,68.4259,5.3036
1989-05-07,44007,Providence,18.8174,5.4235,57.9492,4.2274
1989-05-08,44007,Providence,12.749,3.0398,59.103,3.9877
1989-05-09,44007,Providence,17.2575,3.2127,55.0545,1.8608
1989-05-10,44007,Providence,12.6385,6.4297,72.2472,4.1315
1989-05-11,44007,Providence,17.5219,6.4102,72.5334,3.9216
1989-05-12,44007,Providence,20.185,10.0009,62.9799,1.6663
1989-05-13,44007,Providence,19.176,10.1342,61.7005,1.5147
1989-05-14,44007,Providence,19.9294,8.9008,56.88,2.6212
1989-05-15,44007,Providence,22.7942,8.2468,57.8822,1.7189
1989-05-16,44007,Providence,19.5608,11.0931,68.7561,4.0996
1989-05-17,44007,Providence,22.1251,11.2249,56.1256,3.8518
1989-05-18,44007,Providence,25.4425,9.8266,49.5725,2.079
1989-05-19,44007,Providence,23.1578,10.2721,55.3396,1.8978
1989-05-20,44007,Providence,25.41,8.4707,57.4194,2.7374
1989-05-21,44007,Providence,26.1717,11.9361,59.5426,3.5053
1989-05-22,44007,Providence,24.4923,10.9263,50.3902,3.7494
1989-05-23,44007,Providence,24.3146,9.7991,50.8159,1.8396
1989-05-24,44007,Providence,20.4774,13.1569,70.0039,2.8949
1989-05-25,44007,Providence,24.4282,12.435,59.1393,2.2507
1989-05-26,44007,Providence,25.0428,12.7318,67.7505,3.5518
1989-05-27,44007,Providence,27.1012,10.8168,56.9056,2.9238
1989-05-28,44007,Providence,17.5269,7.0806,51.9986,4.4492
1989-05-29,44007,Providence,23.1372,6.8669,47.9381,3.4755
1989-05-30,44007,Providence,22.7439,9.2553,71.4198,4.3633
1989-05-31,44007,Providence,25.9464,15.6509,68.8954,1.3861
1989-06-01,44007,Providence,27.9996,13.9173,70.581,1.741
1989-06-02,44007,Providence,28.4758,17.6092,64.0199,2.8165
1989-06-03,44007,Providence,26.7,13.1671,60.263,2.8746
1989-06-04,44007,Providence,27.3661,14.0867,67.3866,3.384
1989-06-05,44007,Providence,23.8436,12.4272,61.0678,1.5404
1989-06-06,44007,Providence,22.5819,14.504,77.5268,1.7772
1989-06-07,44007,Providence,20.4801,13.5378,82.0345,1.9553
1989-06-08,44007,Providence,22.6537,15.5559,76.9715,1.9949
1989-06-09,44007,Providence,20.4301,12.8921,80.8299,3.8714
1989-06-10,44007,Providence,24.7024,13.1684,70.3686,2.6759
1989-06-11,44007,Providence,21.9425,11.3709,58.614,4.6103
1989-06-12,44007,Providence,24.1962,9.6286,57.5783,3.342
1989-06-13,44007,Providence,17.5149,11.4096,79.5997,3.0004
1989-06-14,44007,Providence,21.3104,10.6869,67.6996,2.1061
1989-06-15,44007,Providence,16.3742,10.5477,83.2278,3.9547
1989-06-16,44007,Providence,27.0726,13.9833,74.1206,2.1359
1989-06-17,44007,Providence,25.8199,16.7463,74.7233,3.6052
1989-06-18,44007,Providence,25.0728,15.5963,67.9679,3.2626
1989-06-19,44007,Providence,25.7265,14.6011,65.8734,1.6871
1989-06-20,44007,Providence,25.8741,15.3184,67.0954,2.3215
1989-06-21,44007,Providence,25.9397,14.5828,74.0696,1.9711
1989-06-22,44007,Providence,28.6677,16.8608,71.4279,1.479
1989-06-23,44007,Providence,28.5211,17.7738,66.8564,1.391
1989-06-24,44007,Providence,21.1692,13.4036,76.7596,1.9016
1989-06-25,44007,Providence,24.828,11.3179,69.8744,1.822
1989-06-26,44007,Providence,28.265,14.3818,70.0317,1.7736
1989-06-27,44007,Providence,30.6445,18.0768,68.7166,2.7434
1989-06-28,44007,Providence,28.769,17.2236,69.8064,2.9914
1989-06-29,44007,Providence,21.293,13.9215,62.6138,3.1852
1989-06-30,44007,Providence,24.4556,10.3879,53.211,2.1793
1989-07-01,44007,Providence,24.0262,12.3985,62.6979,1.4158
1989-07-02,44007,Providence,28.6039,15.5865,63.784,3.3571
1989-07-03,44007,Providence,25.385,14.219,70.9831,2.7066
1989-07-04,44007,Providence,24.942,13.3307,76.5383,2.6301
1989-07-05,44007,Providence,26.0139,16.6216,79.0139,1.8655
1989-07-06,44007,Providence,28.0778,17.658,76.393,1.537
1989-07-07,44007,Providence,31.5793,19.1501,68.6491,2.61
1989-07-08,44007,Providence,27.4015,17.6678,67.9767,1.8295
1989-07-09,44007,Providence,26.2234,16.2704,67.2599,2.5077
1989-07-10,44007,Providence,28.5886,16.2311,80.2601,3.8591
1989-07-11,44007,Providence,28.1982,16.1897,60.7856,3.7241
1989-07-12,44007,Providence,26.6406,12.3313,61.949,2.7139
1989-07-13,44007,Providence,25.3894,15.5802,69.7879,1.9602
1989-07-14,44007,Providence,26.1915,15.7093,65.758,1.5094
1989-07-15,44007,Providence,25.8196,14.8555,57.8386,1.6499
1989-07-16,44007,Providence,23.4191,14.3013,73.2248,1.8192
1989-07-17,44007,Providence,21.1898,14.6169,78.5981,3.225
1989-07-18,44007,Providence,26.5025,13.9915,69.6503,2.6576
1989-07-19,44007,Providence,27.4872,13.9123,71.8091,2.7414
1989-07-20,44007,Providence,24.4243,16.0708,78.9354,1.5798
1989-07-21,44007,Providence,22.3472,16.1008,78.4428,1.9205
1989-07-22,44007,Providence,27.2007,17.0224,76.4042,2.3957
1989-07-23,44007,Providence,31.1331,20.1767,63.9992,1.7401
1989-07-24,44007,Providence,30.1379,17.7123,61.4212,1.6924
1989-07-25,44007,Providence,31.5016,17.9035,68.9011,2.7365
1989-07-26,44007,Providence,32.7297,21.0308,66.5719,2.6194
1989-07-27,44007,Providence,32.0371,22.3529,68.888,3.3967
1989-07-28,44007,Providence,29.2155,16.519,69.5811,3.738
1989-07-29,44007,Providence,24.3907,12.7845,57.8508,2.8296
1989-07-30,44007,Providence,26.9963,12.5633,61.9609,2.5181
1989-07-31,44007,Providence,26.879,14.602,64.4589,1.6914
1989-08-01,44007,Providence,25.9065,14.9479,67.5735,2.717
1989-08-02,44007,Providence,27.1731,13.3957,69.9649,2.2966
1989-08-03,44007,Providence,28.2637,17.067,70.2117,1.7567
1989-08-04,44007,Providence,30.2453,19.0206,78.9482,3.4183
1989-08-05,44007,Providence,30.7589,22.0508,72.8571,3.0858
1989-08-06,44007,Providence,31.6925,21.5034,72.4607,3.0507
1989-08-07,44007,Providence,30.332,19.4291,68.6485,1.6484
1989-08-08,44007,Providence,23.2697,13.7981,62.8292,3.0327
1989-08-09,44007,Providence,22.7525,10.1851,61.9265,1.9173
1989-08-10,44007,Providence,25.1882,12.1095,61.6023,2.037
1989-08-11,44007,Providence,19.0974,14.4357,82.7913,2.9234
1989-08-12,44007,Providence,25.4967,15.4256,85.553,2.0323
1989-08-13,44007,Providence,26.6245,18.9817,78.4466,2.531
1989-08-14,44007,Providence,28.1264,19.7765,76.5153,3.06
1989-08-15,44007,Providence,27.8045,19.5454,75.9275,2.8238
1989-08-16,44007,Providence,29.0725,19.9072,73.5437,2.9032
1989-08-17,44007,Providence,28.1175,17.9611,61.9049,1.4445
1989-08-18,44007,Providence,25.9194,14.5847,64.6313,2.9464
1989-08-19,44007,Providence,25.6681,15.1715,72.2981,3.1902
1989-08-20,44007,Providence,26.9747,17.248,76.3244,3.5264
1989-08-21,44007,Providence,30.0204,18.9817,68.6295,3.8736
1989-08-22,44007,Providence,27.5171,17.8773,62.3666,2.6131
1989-08-23,44007,Providence,29.1547,17.4007,65.4079,2.7283
1989-08-24,44007,Providence,24.2366,13.5259,60.7468,2.8376
1989-08-25,44007,Providence,20.3071,10.2158,55.6577,2.8364
1989-08-26,44007,Providence,21.994,9.2126,55.2487,2.5616
1989-08-27,44007,Providence,22.3663,8.224,57.0805,1.5045
1989-08-28,44007,Providence,23.7599,13.2749,70.9167,1.8574
1989-08-29,44007,Providence,26.981,15.0768,75.9151,2.5186
1989-08-30,44007,Providence,28.5651,17.429,68.1683,3.5609
1989-08-31,44007,Providence,22.2752,12.6635,61.5605,3.5153
1989-09-01,44007,Providence,25.111,12.3396,76.29,4.5339
1989-09-02,44007,Providence,26.0403,14.5213,66.1544,3.2302
1989-09-03,44007,Providence,22.4612,10.9748,56.2707,2.2455
1989-09-04,44007,Providence,20.8341,9.1494,56.9859,2.5679
1989-09-05,44007,Providence,21.04,7.2595,58.7858,2.205
1989-09-06,44007,Providence,23.7742,9.6806,62.676,1.4809
1989-09-07,44007,Providence,24.9126,11.1682,62.1393,1.2381
1989-09-08,44007,Providence,25.1279,11.9614,60.5575,1.2486
1989-09-09,44007,Providence,28.5313,12.5041,65.9883,1.7723
1989-09-10,44007,Providence,30.8911,17.9292,71.3895,1.4158
1989-09-11,44007,Providence,29.6584,21.1292,68.8449,1.2688
1989-09-12,44007,Providence,26.8129,17.3351,65.6494,1.4226
1989-09-13,44007,Providence,25.3229,13.1253,65.2837,1.8908
1989-09-14,44007,Providence,24.3137,13.9299,79.733,1.7599
1989-09-15,44007,Providence,22.773,11.8959,80.3601,2.7408
1989-09-16,44007,Providence,20.0056,10.4395,80.6702,3.5494
1989-09-17,44007,Providence,26.5666,15.9722,69.8883,1.7744
1989-09-18,44007,Providence,20.1182,11.5356,76.9205,2.9978
1989-09-19,44007,Providence,20.3655,11.0322,87.8829,3.7631
1989-09-20,44007,Providence,25.595,15.7291,81.6578,2.6756
1989-09-21,44007,Providence,26.1464,18.59,75.826,2.2238
1989-09-22,44007,Providence,27.9356,19.0605,76.1379,5.0241
1989-09-23,44007,Providence,26.9639,7.2259,80.3557,6.2732
1989-09-24,44007,Providence,14.1262,4.1004,54.3494,3.813
1989-09-25,44007,Providence,17.8432,3.8591,66.5499,2.2671
1989-09-26,44007,Providence,19.2633,8.7642,81.4567,3.0234
1989-09-27,44007,Providence,11.5001,1.4541,57.8096,3.9883
1989-09-28,44007,Providence,16.1403,0.643,61.2176,3.514
1989-09-29,44007,Providence,21.4202,7.5278,66.7082,4.8475
1989-09-30,44007,Providence,18.5527,8.0364,57.0274,1.7466
1989-10-01,44007,Providence,19.621,7.5691,56.2999,2.2341
1989-10-02,44007,Providence,22.0607,9.1222,84.123,3.4135
1989-10-03,44007,Providence,23.8817,4.1724,62.4327,4.3807
1989-10-04,44007,Providence,10.4142,2.4541,57.3962,5.2504
1989-10-05,44007,Providence,14.7546,3.4409,53.1491,4.2499
1989-10-06,44007,Providence,19.9509,5.4495,66.1649,3.1109
1989-10-07,44007,Providence,16.2185,5.4781,59.1056,3.9665
1989-10-08,44007,Providence,12.8545,4.2075,58.4313,2.5616
1989-10-09,44007,Providence,11.7627,3.0999,54.4888,3.0222
1989-10-10,44007,Providence,11.5929,2.025,58.9881,2.0349
1989-10-11,44007,Providence,16.3782,4.1544,65.3265,2.9195
1989-10-12,44007,Providence,17.3499,4.1236,65.8829,3.506
1989-10-13,44007,Providence,21.1824,7.4935,51.2281,3.343
1989-10-14,44007,Providence,19.3211,5.0661,51.5744,1.8653
1989-10-15,44007,Providence,18.3089,6.0708,73.0042,1.9564
1989-10-16,44007,Providence,23.1774,7.7849,72.9482,3.3956
1989-10-17,44007,Providence,18.9629,5.4669,84.0893,3.5153
1989-10-18,44007,Providence,11.6272,3.289,72.5249,5.3696
1989-10-19,44007,Providence,10.3343,2.9209,78.9548,7.3301
1989-10-20,44007,Providence,19.9746,6.9438,84.8417,5.3725
1989-10-21,44007,Providence,16.425,3.1885,56.857,4.9879
1989-10-22,44007,Providence,11.4875,2.8754,60.824,4.0644
1989-10-23,44007,Providence,14.8853,0.1963,56.0439,1.8317
1989-10-24,44007,Providence,16.9638,2.3243,57.7547,2.2882
1989-10-25,44007,Providence,18.668,3.6765,53.1407,1.7585
1989-10-26,44007,Providence,20.5761,4.7202,52.4361,1.858
1989-10-27,44007,Providence,21.0329,5.8692,62.488,2.0206
1989-10-28,44007,Providence,23.9244,9.3535,59.7068,2.1004
1989-10-29,44007,Providence,22.8549,9.2278,55.3558,1.7591
1989-10-30,44007,Providence,21.9072,7.9271,59.4973,2.5372
1989-10-31,44007,Providence,20.7856,9.8152,77.4975,3.7222
1989-11-01,44007,Providence,16.3242,3.2899,55.7624,4.7118
1989-11-02,44007,Providence,10.7437,0.8224,54.9199,2.16
1989-11-03,44007,Providence,11.3372,1.4804,71.9052,2.9081
1989-11-04,44007,Providence,5.3641,-3.03,42.3519,2.44
1989-11-05,44007,Providence,10.016,-0.9837,54.276,1.9711
1989-11-06,44007,Providence,15.9975,2.5798,68.438,3.7299
1989-11-07,44007,Providence,14.6039,4.2104,57.8465,1.7973
1989-11-08,44007,Providence,15.1239,7.4493,67.9567,2.4959
1989-11-09,44007,Providence,19.0762,9.1136,69.9135,4.3632
1989-11-10,44007,Providence,12.1024,3.433,53.5821,3.7668
1989-11-11,44007,Providence,10.4362,0.1006,59.0749,5.3644
1989-11-12,44007,Providence,10.106,-0.3535,49.3653,5.2918
1989-11-13,44007,Providence,8.4861,-1.9924,56.9776,3.5087
1989-11-14,44007,Providence,19.3383,5.3625,65.3751,4.3325
1989-11-15,44007,Providence,19.2212,10.5577,69.4849,4.7641
1989-11-16,44007,Providence,19.5265,6.617,70.4101,7.1795
1989-11-17,44007,Providence,8.2137,-1.562,42.3857,4.8738
1989-11-18,44007,Providence,7.8981,-2.4027,46.4934,4.116
1989-11-19,44007,Providence,2.0509,-4.0158,41.3402,4.3297
1989-11-20,44007,Providence,8.0578,-2.3964,72.95,5.6529
1989-11-21,44007,Providence,7.6607,-7.871,36.6249,9.1081
1989-11-22,44007,Providence,0.2329,-7.8431,39.5697,3.6724
1989-11-23,44007,Providence,-0.9568,-7.1989,58.4211,4.9318
1989-11-24,44007,Providence,-0.2772,-7.128,41.8279,3.8686
1989-11-25,44007,Providence,4.0008,-4.3745,59.1078,4.1334
1989-11-26,44007,Providence,4.7842,-1.623,66.7127,3.3638
1989-11-27,44007,Providence,3.4735,-3.1237,46.4245,2.803
1989-11-28,44007,Providence,13.7732,-1.4205,66.3099,6.1981
1989-11-29,44007,Providence,2.4763,-8.0452,35.6081,4.8116
1989-11-30,44007,Providence,2.2948,-8.6892,43.6131,5.0015
1989-12-01,44007,Providence,-0.1797,-11.9651,27.5511,5.2149
1989-12-02,44007,Providence,3.4771,-13.6143,53.5241,2.7296
1989-12-03,44007,Providence,3.9916,-11.5214,54.1602,5.8792
1989-12-04,44007,Providence,-6.1944,-14.5731,39.5457,6.8326
1989-12-05,44007,Providence,-2.05,-12.0043,38.874,3.2466
1989-12-06,44007,Providence,4.6676,-8.3959,61.7177,2.6599
1989-12-07,44007,Providence,4.6728,-11.1287,41.2882,5.8895
1989-12-08,44007,Providence,-3.9819,-12.782,26.8945,3.7663
1989-12-09,44007,Providence,-5.1285,-14.1754,37.1792,3.25
1989-12-10,44007,Providence,-1.5168,-11.8284,42.1416,2.4177
1989-12-11,44007,Providence,2.2401,-6.9123,48.8334,2.0956
1989-12-12,44007,Providence,0.1062,-6.3267,44.5116,2.2576
1989-12-13,44007,Providence,-2.4293,-11.5734,34.4994,4.476
1989-12-14,44007,Providence,-5.3516,-14.0167,32.5712,4.4787
1989-12-15,44007,Providence,-2.2326,-12.5324,47.6543,3.1894
1989-12-16,44007,Providence,1.5584,-12.199,53.7703,6.912
1989-12-17,44007,Providence,-2.7,-11.8443,46.7468,5.9352
1989-12-18,44007,Providence,-3.2591,-12.5537,46.7732,3.9581
1989-12-19,44007,Providence,-2.901,-12.5132,45.5294,1.7378
1989-12-20,44007,Providence,-2.6248,-10.4634,47.9006,3.5457
1989-12-21,44007,Providence,-6.9928,-13.8039,37.8202,4.6451
1989-12-22,44007,Providence,-10.1739,-17.4831,36.9067,5.8662
1989-12-23,44007,Providence,-8.1136,-18.4506,43.6352,3.6004
1989-12-24,44007,Providence,-6.3608,-17.7254,47.1422,2.9374
1989-12-25,44007,Providence,-3.1851,-16.5194,54.1179,3.7666
1989-12-26,44007,Providence,-0.7262,-12.0288,58.8512,5.3869
1989-12-27,44007,Providence,-7.4876,-18.5338,40.5557,3.6593
1989-12-28,44007,Providence,-4.5924,-11.274,63.1311,2.8586
1989-12-29,44007,Providence,-4.3982,-11.1899,100.0,2.0562
1989-12-30,44007,Providence,-0.2012,-9.2481,72.5299,3.3702
1989-12-31,44007,Providence,7.2805,-3.9707,64.03,3.0731
1990-01-01,44007,Providence,7.2037,-5.2897,61.2381,6.3132
1990-01-02,44007,Providence,2.4235,-6.7763,55.4492,5.1726
1990-01-03,44007,Providence,5.4197,-4.8903,56.5686,2.9778
1990-01-04,44007,Providence,7.6682,-2.6089,64.2582,4.6197
1990-01-05,44007,Providence,6.7272,-2.6863,61.107,2.8541
1990-01-06,44007,Providence,4.9638,-2.9676,50.8002,2.4694
1990-01-07,44007,Providence,3.4721,-4.8586,54.9489,3.7609
1990-01-08,44007,Providence,6.7785,-2.9894,61.4008,2.1167
1990-01-09,44007,Providence,6.0074,-2.9554,69.7061,2.7256
1990-01-10,44007,Providence,7.6005,-1.0752,74.725,3.0862
1990-01-11,44007,Providence,6.3535,-2.4206,68.0837,3.7657
1990-01-12,44007,Providence,6.043,-2.606,53.4119,3.9455
1990-01-13,44007,Providence,1.6079,-8.5925,41.2653,5.8269
1990-01-14,44007,Providence,-1.8714,-9.7538,40.5697,3.5041
1990-01-15,44007,Providence,4.2704,-6.1399,73.1845,2.5225
1990-01-16,44007,Providence,7.9371,-2.0681,62.9933,2.1858
1990-01-17,44007,Providence,9.4836,-0.4604,70.5031,2.6523
1990-01-18,44007,Providence,16.3366,3.392,59.6728,4.2979
1990-01-19,44007,Providence,6.4212,-5.2593,39.2424,3.8886
1990-01-20,44007,Providence,3.622,-5.5772,66.6399,2.2531
1990-01-21,44007,Providence,2.7393,-3.7495,76.4615,3.2053
1990-01-22,44007,Providence,3.4831,-4.4345,76.0162,2.4868
1990-01-23,44007,Providence,5.771,-3.2911,63.3407,2.5544
1990-01-24,44007,Providence,8.1302,-1.8074,69.2495,3.373
1990-01-25,44007,Providence,8.9193,0.6085,70.3279,2.5693
1990-01-26,44007,Providence,9.7128,-0.8668,69.6122,4.2095
1990-01-27,44007,Providence,5.9077,-2.5884,54.3585,4.2592
1990-01-28,44007,Providence,9.5589,-1.1867,52.337,3.8535
1990-01-29,44007,Providence,5.0528,-1.4781,68.0151,3.939
1990-01-30,44007,Providence,7.6028,-1.6713,64.583,3.7906
1990-01-31,44007,Providence,6.3001,-2.771,56.6259,1.14
1990-02-01,44007,Providence,9.2121,-2.9301,63.5815,4.5229
1990-02-02,44007,Providence,8.258,-0.8098,70.4863,2.8864
1990-02-03,44007,Providence,2.6425,-4.8488,54.913,3.3348
1990-02-04,44007,Providence,1.574,-6.0073,72.8828,4.9669
1990-02-05,44007,Providence,-0.6815,-8.7488,55.0414,3.2365
1990-02-06,44007,Providence,5.6314,-6.9405,60.4364,3.8983
1990-02-07,44007,Providence,7.1178,-3.2537,62.024,2.0344
1990-02-08,44007,Providence,9.0376,-2.7499,53.0977,2.6666
1990-02-09,44007,Providence,12.8966,-1.3918,66.6159,4.9247
1990-02-10,44007,Providence,13.8895,-0.1311,69.3559,4.5146
1990-02-11,44007,Providence,5.841,-3.7366,36.2099,3.2408
1990-02-12,44007,Providence,3.5959,-4.1207,40.6765,2.2456
1990-02-13,44007,Providence,6.2625,-4.5864,55.8328,4.8616
1990-02-14,44007,Providence,11.5608,-0.9499,51.2197,3.8867
1990-02-15,44007,Providence,1.9696,-4.1573,68.8305,4.6127
1990-02-16,44007,Providence,7.1356,-1.8968,75.8402,1.6371
1990-02-17,44007,Providence,7.3351,-8.5691,48.974,6.094
1990-02-18,44007,Providence,0.5163,-10.9329,47.1253,4.0515
1990-02-19,44007,Providence,8.9726,-3.4748,48.1334,6.1294
1990-02-20,44007,Providence,-0.2321,-9.7238,25.8851,6.0894
1990-02-21,44007,Providence,4.7734,-10.6612,40.5834,4.5007
1990-02-22,44007,Providence,11.8804,-2.0148,67.6205,6.5836
1990-02-23,44007,Providence,18.3603,5.7078,67.4053,5.1033
1990-02-24,44007,Providence,9.4881,-5.4082,50.2039,3.9335
1990-02-25,44007,Providence,-0.5956,-12.6018,65.2012,5.6321
1990-02-26,44007,Providence,-6.8298,-17.5366,46.1899,3.2994
1990-02-27,44007,Providence,2.2249,-13.1072,61.9207,4.4576
1990-02-28,44007,Providence,1.467,-6.0802,47.2513,4.3226
1990-03-01,44007,Providence,1.8944,-8.0471,39.0868,5.4135
1990-03-02,44007,Providence,9.1533,-3.9578,47.4963,5.6695
1990-03-03,44007,Providence,11.0906,-1.9483,47.8184,1.5884
1990-03-04,44007,Providence,2.9846,-6.7905,36.5218,4.3335
1990-03-05,44007,Providence,0.4785,-7.86,31.7712,2.0617
1990-03-06,44007,Providence,0.7835,-8.1547,50.5848,4.3407
1990-03-07,44007,Providence,-0.2781,-12.1393,33.1878,3.7382
1990-03-08,44007,Providence,3.8321,-9.7991,31.3568,2.7385
1990-03-09,44007,Providence,8.9489,-4.0729,32.4935,1.863
1990-03-10,44007,Providence,11.3515,-3.1222,50.0861,2.5369
1990-03-11,44007,Providence,16.9593,1.0552,52.5739,2.5731
1990-03-12,44007,Providence,9.2249,0.6351,62.7093,1.7416
1990-03-13,44007,Providence,24.7423,0.5394,45.5018,2.7514
1990-03-14,44007,Providence,14.9535,2.9709,56.8021,2.6784
1990-03-15,44007,Providence,23.9474,2.4791,47.2632,2.4031
1990-03-16,44007,Providence,23.198,6.142,55.5058,3.4852
1990-03-17,44007,Providence,21.3417,9.6594,64.4517,5.9326
1990-03-18,44007,Providence,15.9971,2.3826,53.4804,5.1006
1990-03-19,44007,Providence,11.6573,-0.2552,45.1602,2.7167
1990-03-20,44007,Providence,11.3223,2.7918,66.1029,3.367
1990-03-21,44007,Providence,9.4506,-1.6613,52.5361,4.9784
1990-03-22,44007,Providence,11.2775,-2.3219,49.9292,4.3044
1990-03-23,44007,Providence,17.7791,-1.0857,41.103,5.837
1990-03-24,44007,Providence,4.8012,-3.3156,34.6062,2.7261
1990-03-25,44007,Providence,6.4523,-2.425,45.0149,2.2563
1990-03-26,44007,Providence,10.2286,-3.56,34.8921,4.5893
1990-03-27,44007,Providence,3.0021,-6.8614,29.1355,2.6926
1990-03-28,44007,Providence,7.0067,-6.1907,34.0374,3.3504
1990-03-29,44007,Providence,6.6714,-4.6682,37.7074,2.529
1990-03-30,44007,Providence,4.5073,-2.5014,64.2507,4.5804
1990-03-31,44007,Providence,6.8436,0.9168,64.8451,2.3553
1990-04-01,44007,Providence,11.3416,0.5886,60.8995,1.4375
1990-04-02,44007,Providence,9.1931,2.3933,67.6878,2.0599
1990-04-03,44007,Providence,7.803,2.3735,80.0375,4.5949
1990-04-04,44007,Providence,11.8778,3.2174,67.559,4.4735
1990-04-05,44007,Providence,13.2475,2.5263,47.051,4.8336
1990-04-06,44007,Providence,11.1772,2.0568,50.327,2.9423
1990-04-07,44007,Providence,6.6639,-0.3105,44.7473,3.5492
1990-04-08,44007,Providence,6.4589,-1.9919,42.849,4.3337
1990-04-09,44007,Providence,13.1547,-2.363,43.1407,4.4723
1990-04-10,44007,Providence,13.3179,3.1015,69.1115,6.4731
1990-04-11,44007,Providence,15.5685,3.6375,64.0092,5.7134
1990-04-12,44007,Providence,8.8876,-0.2948,37.3957,4.6738
1990-04-13,44007,Providence,7.0942,-2.3182,43.9498,2.6384
1990-04-14,44007,Providence,10.7169,0.2798,57.0837,3.8136
1990-04-15,44007,Providence,16.0062,4.4258,73.4633,3.642
1990-04-16,44007,Providence,16.1808,4.5395,50.3023,2.8219
1990-04-17,44007,Providence,13.8611,2.7594,63.4864,4.4284
1990-04-18,44007,Providence,8.4017,-1.4455,40.8911,4.33
1990-04-19,44007,Providence,12.1528,-1.7255,40.7776,3.3845
1990-04-20,44007,Providence,12.9916,0.6824,64.7543,5.3317
1990-04-21,44007,Providence,14.7041,6.7091,74.5732,3.2407
1990-04-22,44007,Providence,16.3191,6.5589,55.5593,2.3049
1990-04-23,44007,Providence,20.2496,5.7558,47.7762,2.6892
1990-04-24,44007,Providence,16.1431,4.7877,49.7801,2.0054
1990-04-25,44007,Providence,12.2349,3.6804,71.6998,2.9567
1990-04-26,44007,Providence,22.3197,7.9384,59.2551,1.6538
1990-04-27,44007,Providence,29.4344,8.8887,48.7354,3.2211
1990-04-28,44007,Providence,31.8951,10.8368,41.004,2.75
1990-04-29,44007,Providence,17.1758,5.5422,62.1095,4.7222
1990-04-30,44007,Providence,16.5028,6.9214,69.3627,2.9857
1990-05-01,44007,Providence,19.7563,8.6875,68.6832,1.9312
1990-05-02,44007,Providence,18.7085,6.8554,45.4073,3.4499
1990-05-03,44007,Providence,16.2708,2.8881,41.1918,1.6864
1990-05-04,44007,Providence,17.094,5.4145,52.8167,2.7995
1990-05-05,44007,Providence,17.2648,6.5773,66.2467,2.8496
1990-05-06,44007,Providence,16.1601,4.8966,51.3855,3.1592
1990-05-07,44007,Providence,16.5252,6.2797,52.2316,3.2794
1990-05-08,44007,Providence,16.4993,5.8395,60.0058,2.259
1990-05-09,44007,Providence,25.34,7.5648,58.0977,3.7746
1990-05-10,44007,Providence,21.5176,11.9537,69.9617,5.6985
1990-05-11,44007,Providence,16.2714,6.479,56.4575,6.1974
1990-05-12,44007,Providence,17.0708,3.0818,49.5375,3.2809
1990-05-13,44007,Providence,19.6834,6.6184,74.9435,3.9356
1990-05-14,44007,Providence,21.5629,10.9137,52.6384,3.3853
1990-05-15,44007,Providence,21.7137,8.097,53.6512,3.043
1990-05-16,44007,Providence,19.2463,7.9316,76.5767,2.3491
1990-05-17,44007,Providence,17.8128,10.8435,73.4432,3.0488
1990-05-18,44007,Providence,19.7327,8.16,56.6249,3.5768
1990-05-19,44007,Providence,15.0306,6.3715,59.7766,4.0837
1990-05-20,44007,Providence,14.5505,5.2049,64.2468,2.5895
1990-05-21,44007,Providence,9.2459,5.1525,73.7891,4.2688
1990-05-22,44007,Providence,14.0182,4.1519,67.1731,1.8295
1990-05-23,44007,Providence,11.6299,6.7034,66.5675,2.1323
1990-05-24,44007,Providence,15.2098,6.4956,60.1221,2.2348
1990-05-25,44007,Providence,21.0851,7.6005,53.439,1.6831
1990-05-26,44007,Providence,22.729,8.6861,56.4339,2.5803
1990-05-27,44007,Providence,22.2086,7.8908,58.9663,1.7657
1990-05-28,44007,Providence,23.4469,8.0286,55.5964,2.3079
1990-05-29,44007,Providence,17.8225,9.0035,77.1979,3.4155
1990-05-30,44007,Providence,17.3943,6.2142,62.9211,5.0316
1990-05-31,44007,Providence,20.7526,4.2322,48.6406,3.7298
1990-06-01,44007,Providence,25.2314,8.939,50.5164,3.7857
1990-06-02,44007,Providence,27.4073,11.5309,65.6154,4.4655
1990-06-03,44007,Providence,24.4507,15.8335,70.6939,5.6533
1990-06-04,44007,Providence,25.6566,11.6982,62.0276,4.1572
1990-06-05,44007,Providence,19.0812,7.1533,51.7674,3.0951
1990-06-06,44007,Providence,19.9917,7.6236,64.023,3.7041
1990-06-07,44007,Providence,25.8295,12.2397,60.5149,2.9991
1990-06-08,44007,Providence,24.3323,11.0788,54.3407,2.0357
1990-06-09,44007,Providence,27.9887,12.286,72.3269,2.3284
1990-06-10,44007,Providence,26.834,16.1398,62.9629,1.7067
1990-06-11,44007,Providence,17.4118,10.7774,73.9734,3.638
1990-06-12,44007,Providence,21.3989,8.4214,54.2914,3.1838
1990-06-13,44007,Providence,24.6733,8.4093,49.8961,1.5451
1990-06-14,44007,Providence,23.9763,10.5171,56.485,1.6236
1990-06-15,44007,Providence,24.507,10.6911,67.7745,1.7969
1990-06-16,44007,Providence,26.4173,13.7065,65.6076,1.5659
1990-06-17,44007,Providence,26.4842,14.1017,66.4778,2.2738
1990-06-18,44007,Providence,26.2848,14.5759,68.7006,4.2589
1990-06-19,44007,Providence,27.1102,16.3713,69.4851,2.8727
1990-06-20,44007,Providence,25.6665,16.3643,68.681,1.1992
1990-06-21,44007,Providence,24.7552,17.041,69.488,1.8255
1990-06-22,44007,Providence,28.4936,15.3758,62.4658,2.8542
1990-06-23,44007,Providence,28.6299,17.7874,70.4652,3.4339
1990-06-24,44007,Providence,28.3356,18.3657,61.145,3.086
1990-06-25,44007,Providence,25.4061,15.6607,60.524,3.2843
1990-06-26,44007,Providence,27.3602,14.0008,61.3219,3.2685
1990-06-27,44007,Providence,28.4079,16.6577,65.9166,4.1066
1990-06-28,44007,Providence,27.4887,18.094,56.7843,2.7672
1990-06-29,44007,Providence,22.8702,16.1052,69.354,1.5507
1990-06-30,44007,Providence,26.4498,17.2382,66.2194,1.8066
1990-07-01,44007,Providence,25.2783,15.8012,71.9134,1.1732
1990-07-02,44007,Providence,21.7782,13.1122,70.823,3.0617
1990-07-03,44007,Providence,27.1542,10.8628,69.9599,3.63
1990-07-04,44007,Providence,30.088,17.5587,73.531,4.9425
1990-07-05,44007,Providence,31.2056,17.1793,63.7801,3.8207
1990-07-06,44007,Providence,21.1937,13.2791,65.5469,1.8015
1990-07-07,44007,Providence,23.0954,12.9023,59.3046,1.9368
1990-07-08,44007,Providence,24.3603,13.9219,62.9643,3.2449
1990-07-09,44007,Providence,29.8535,16.9149,76.6207,4.1894
1990-07-10,44007,Providence,28.6907,17.1117,60.4362,3.5802
1990-07-11,44007,Providence,23.8629,13.8282,61.339,2.1237
1990-07-12,44007,Providence,18.5148,13.8732,82.1094,2.4904
1990-07-13,44007,Providence,22.7013,13.9151,68.2176,2.2687
1990-07-14,44007,Providence,21.8696,12.8954,77.6928,1.8801
1990-07-15,44007,Providence,29.543,17.1037,78.4701,3.2701
1990-07-16,44007,Providence,30.24,19.6887,68.765,3.7637
1990-07-17,44007,Providence,29.0171,17.3123,65.7694,3.1751
1990-07-18,44007,Providence,31.6028,18.9823,64.5306,3.1661
1990-07-19,44007,Providence,31.8982,19.6474,63.0276,3.4373
1990-07-20,44007,Providence,31.8075,19.3133,67.9102,3.7787
1990-07-21,44007,Providence,29.831,21.1447,64.807,1.6619
1990-07-22,44007,Providence,28.0771,20.2696,72.9026,1.681
1990-07-23,44007,Providence,28.5071,18.9867,80.7231,2.7334
1990-07-24,44007,Providence,28.1845,22.081,75.7785,1.2092
1990-07-25,44007,Providence,27.9454,21.399,72.7699,1.068
1990-07-26,44007,Providence,26.2068,20.1765,75.6852,1.8402
1990-07-27,44007,Providence,25.742,17.4888,72.408,1.9993
1990-07-28,44007,Providence,27.7127,15.4869,72.6303,2.2002
1990-07-29,44007,Providence,28.157,17.5534,70.4989,1.6805
1990-07-30,44007,Providence,27.7398,16.3614,69.8086,2.0061
1990-07-31,44007,Providence,28.1334,15.0955,71.8127,2.4851
1990-08-01,44007,Providence,28.0252,14.4581,66.1022,3.193
1990-08-02,44007,Providence,27.6434,11.6163,60.638,2.9117
1990-08-03,44007,Providence,30.468,15.8249,63.0465,2.4721
1990-08-04,44007,Providence,30.988,18.5654,61.7271,2.0584
1990-08-05,44007,Providence,28.8864,17.3507,71.0165,3.0797
1990-08-06,44007,Providence,25.5609,19.0017,83.3812,3.3079
1990-08-07,44007,Providence,24.9508,16.3164,85.1991,1.8469
1990-08-08,44007,Providence,25.8412,17.222,83.5759,0.7713
1990-08-09,44007,Providence,27.2522,19.6244,72.2439,1.1486
1990-08-10,44007,Providence,24.9932,17.2962,83.882,1.7081
1990-08-11,44007,Providence,25.9227,20.433,81.786,2.4221
1990-08-12,44007,Providence,29.7041,19.8436,69.2772,2.0647
1990-08-13,44007,Providence,29.7875,19.1428,72.3187,3.2059
1990-08-14,44007,Providence,27.8496,17.3755,70.0854,2.8775
1990-08-15,44007,Providence,26.8257,15.0165,61.3107,2.6325
1990-08-16,44007,Providence,28.7031,14.8513,67.7409,2.0229
1990-08-17,44007,Providence,29.5434,19.7416,70.2626,2.3778
1990-08-18,44007,Providence,29.7348,18.959,73.7923,3.3346
1990-08-19,44007,Providence,24.3083,13.5356,79.9756,3.855
1990-08-20,44007,Providence,22.2986,12.2392,69.4813,4.2878
1990-08-21,44007,Providence,20.1345,14.5809,81.9482,4.3133
1990-08-22,44007,Providence,25.4848,14.5634,69.0192,3.2536
1990-08-23,44007,Providence,21.0689,15.2098,86.3605,2.4241
1990-08-24,44007,Providence,24.9561,17.8665,84.8775,2.9574
1990-08-25,44007,Providence,24.3218,19.0152,83.3021,1.3266
1990-08-26,44007,Providence,26.2073,18.9947,77.8696,1.2742
1990-08-27,44007,Providence,30.732,19.7579,70.9262,1.8847
1990-08-28,44007,Providence,29.9625,19.3185,69.5361,2.1291
1990-08-29,44007,Providence,30.1873,18.4645,64.6979,3.1462
1990-08-30,44007,Providence,26.7131,15.7869,60.1672,1.7581
1990-08-31,44007,Providence,26.12,13.3462,63.0116,1.0883
1990-09-01,44007,Providence,26.1892,14.3334,57.4304,1.6819
1990-09-02,44007,Providence,29.4091,13.8463,71.4545,2.7255
1990-09-03,44007,Providence,23.1804,11.4192,72.6181,3.907
1990-09-04,44007,Providence,22.4557,9.4721,60.1749,2.1526
1990-09-05,44007,Providence,24.6862,9.9183,75.4038,2.4029
1990-09-06,44007,Providence,25.0494,16.8635,77.0155,1.7907
1990-09-07,44007,Providence,28.5953,16.9407,74.293,3.815
1990-09-08,44007,Providence,18.6689,6.337,61.3993,3.2607
1990-09-09,44007,Providence,20.8484,5.8492,70.4251,1.5873
1990-09-10,44007,Providence,26.4448,13.6407,71.2636,2.083
1990-09-11,44007,Providence,26.9046,13.7595,67.054,1.5478
1990-09-12,44007,Providence,25.2965,13.655,73.012,2.5097
1990-09-13,44007,Providence,28.6948,14.2051,67.4401,1.8346
1990-09-14,44007,Providence,26.8833,13.2167,71.2989,2.8763
1990-09-15,44007,Providence,23.9612,12.6218,75.3405,3.6336
1990-09-16,44007,Providence,19.6902,8.4457,66.1323,2.254
1990-09-17,44007,Providence,15.4508,6.2133,65.0961,3.6297
1990-09-18,44007,Providence,13.6579,4.1409,56.6436,3.7219
1990-09-19,44007,Providence,17.7046,2.2144,68.3407,2.8577
1990-09-20,44007,Providence,19.9329,11.1292,66.4853,3.6612
1990-09-21,44007,Providence,18.0515,8.2286,66.2746,1.9931
1990-09-22,44007,Providence,18.0724,10.5235,89.3824,2.7389
1990-09-23,44007,Providence,21.1733,10.113,64.6079,3.7643
1990-09-24,44007,Providence,16.2813,5.7249,65.8299,3.4321
1990-09-25,44007,Providence,20.077,6.8376,62.8564,3.1276
1990-09-26,44007,Providence,22.5256,9.6535,78.518,2.8152
1990-09-27,44007,Providence,22.8525,12.2408,72.0826,1.1975
1990-09-28,44007,Providence,23.9504,12.3623,65.049,1.6567
1990-09-29,44007,Providence,24.8884,11.4509,68.5373,2.9733
1990-09-30,44007,Providence,24.6253,13.5311,73.3431,3.1018
1990-10-01,44007,Providence,18.2549,6.9667,56.6049,2.984
1990-10-02,44007,Providence,19.0051,6.0814,49.1952,4.6105
1990-10-03,44007,Providence,18.4041,3.5717,54.4663,3.33
1990-10-04,44007,Providence,21.2914,9.4271,72.4811,5.4034
1990-10-05,44007,Providence,21.1507,10.5941,52.4056,4.2909
1990-10-06,44007,Providence,26.9364,10.61,52.5093,4.8024
1990-10-07,44007,Providence,27.3029,13.3036,54.272,3.6367
1990-10-08,44007,Providence,27.262,13.8436,61.955,2.2075
1990-10-09,44007,Providence,22.4618,13.6461,76.6562,3.2048
1990-10-10,44007,Providence,25.8732,11.5032,68.0454,2.8879
1990-10-11,44007,Providence,24.5415,11.3849,71.0823,3.4328
1990-10-12,44007,Providence,26.496,12.9932,68.175,2.0924
1990-10-13,44007,Providence,21.6575,12.3372,73.2995,1.3297
1990-10-14,44007,Providence,25.5276,13.966,67.312,1.4108
1990-10-15,44007,Providence,23.3597,9.3807,58.1668,3.4904
1990-10-16,44007,Providence,16.9994,6.1405,47.9065,3.1076
1990-10-17,44007,Providence,18.6572,6.364,58.9114,3.8341
1990-10-18,44007,Providence,23.4976,12.2241,72.602,6.0669
1990-10-19,44007,Providence,17.2731,2.0496,52.4255,6.4834
1990-10-20,44007,Providence,11.6765,-0.2993,46.8091,2.2905
1990-10-21,44007,Providence,15.4358,3.157,60.765,2.6217
1990-10-22,44007,Providence,19.0773,7.1244,78.6064,2.5844
1990-10-23,44007,Providence,20.072,14.0478,77.6146,2.6386
1990-10-24,44007,Providence,19.5602,8.0534,76.3556,3.1766
1990-10-25,44007,Providence,14.2882,5.4874,64.5683,2.647
1990-10-26,44007,Providence,9.7007,2.906,67.331,6.645
1990-10-27,44007,Providence,7.1796,-0.837,51.9195,3.2063
1990-10-28,44007,Providence,13.238,0.3479,65.1703,3.2117
1990-10-29,44007,Providence,8.275,-0.8741,61.5393,5.6602
1990-10-30,44007,Providence,10.1145,-2.0722,55.1741,3.0641
1990-10-31,44007,Providence,14.4387,1.1276,44.5754,2.6742
1990-11-01,44007,Providence,16.0281,0.4341,49.4857,2.4267
1990-11-02,44007,Providence,22.0692,7.7824,51.8264,3.3719
1990-11-03,44007,Providence,23.9448,9.1877,46.6013,2.9969
1990-11-04,44007,Providence,24.4989,10.5333,46.1516,3.5343
1990-11-05,44007,Providence,13.9881,5.7803,60.6331,3.9196
1990-11-06,44007,Providence,15.7922,1.7784,59.4651,6.009
1990-11-07,44007,Providence,8.9179,-0.9069,48.3524,2.5258
1990-11-08,44007,Providence,6.9056,-2.4367,55.4579,4.1832
1990-11-09,44007,Providence,7.8975,-3.2331,46.5389,2.3573
1990-11-10,44007,Providence,14.3847,1.7447,74.5104,5.2021
1990-11-11,44007,Providence,9.6633,1.1889,47.2501,7.3839
1990-11-12,44007,Providence,5.976,-2.3061,39.8037,7.8759
1990-11-13,44007,Providence,3.2956,-4.0465,40.6802,7.3779
1990-11-14,44007,Providence,4.2782,-4.5291,41.701,4.0302
1990-11-15,44007,Providence,13.6676,-1.7807,49.742,4.2552
1990-11-16,44007,Providence,19.6144,3.4962,50.1072,3.171
1990-11-17,44007,Providence,16.325,4.3438,56.8831,3.3696
1990-11-18,44007,Providence,8.1707,0.5226,56.109,6.3527
1990-11-19,44007,Providence,7.5016,-1.7475,47.492,5.0182
1990-11-20,44007,Providence,8.7913,-2.266,44.8128,3.6493
1990-11-21,44007,Providence,8.8521,-2.3859,49.885,2.5244
1990-11-22,44007,Providence,8.1369,-1.306,60.9441,1.8671
1990-11-23,44007,Providence,11.8014,2.148,77.7699,2.4169
1990-11-24,44007,Providence,11.9782,2.1285,55.8287,4.1597
1990-11-25,44007,Providence,14.5273,-0.0731,49.5523,4.8676
1990-11-26,44007,Providence,9.0038,-0.6445,41.3606,2.6371
1990-11-27,44007,Providence,14.3983,-0.2883,67.3056,3.3203
1990-11-28,44007,Providence,19.8788,7.5097,66.7515,4.8511
1990-11-29,44007,Providence,17.3987,1.881,54.7073,4.0344
1990-11-30,44007,Providence,4.7228,-3.4389,43.4406,3.6455
1990-12-01,44007,Providence,9.6006,-3.0625,48.5123,4.1478
1990-12-02,44007,Providence,12.3893,-0.5123,41.9683,2.7112
1990-12-03,44007,Providence,6.0714,-2.4353,61.1545,5.4536
1990-12-04,44007,Providence,15.491,2.1997,71.633,6.7277
1990-12-05,44007,Providence,5.1545,-3.8651,38.9068,5.8293
1990-12-06,44007,Providence,6.4502,-3.7585,47.74,3.9764
1990-12-07,44007,Providence,7.1687,-2.2768,54.4179,1.379
1990-12-08,44007,Providence,8.0152,0.1894,67.9561,2.6437
1990-12-09,44007,Providence,5.935,-2.5639,52.9025,3.7866
1990-12-10,44007,Providence,9.9815,-3.8776,46.4363,5.6639
1990-12-11,44007,Providence,2.1284,-6.7915,30.6375,3.8981
1990-12-12,44007,Providence,6.3423,-2.9941,48.4833,1.9747
1990-12-13,44007,Providence,10.2395,-0.3377,61.1853,4.3797
1990-12-14,44007,Providence,4.5146,-5.4971,33.4438,3.4941
1990-12-15,44007,Providence,6.8968,-5.1368,68.3197,2.9019
1990-12-16,44007,Providence,6.818,-1.3337,67.5749,4.5359
1990-12-17,44007,Providence,7.0939,-3.5253,54.9049,3.1155
1990-12-18,44007,Providence,12.7616,-1.6721,74.3554,4.903
1990-12-19,44007,Providence,12.8569,-0.2755,53.308,4.2922
1990-12-20,44007,Providence,3.0227,-4.8859,52.1428,2.736
1990-12-21,44007,Providence,12.4311,-2.4933,71.8491,3.196
1990-12-22,44007,Providence,17.454,8.871,71.157,4.7009
1990-12-23,44007,Providence,17.1961,9.7398,72.9587,5.2161
1990-12-24,44007,Providence,16.5533,-3.3476,61.0138,6.3762
1990-12-25,44007,Providence,0.9303,-4.9464,39.9667,3.0578
1990-12-26,44007,Providence,2.9839,-4.9478,33.4265,4.149
1990-12-27,44007,Providence,-1.528,-8.0194,32.3766,2.2495
1990-12-28,44007,Providence,2.7869,-5.767,73.1616,4.529
1990-12-29,44007,Providence,6.2149,-2.6282,72.6534,3.4419
1990-12-30,44007,Providence,13.5102,1.9102,76.4333,5.0895
1990-12-31,44007,Providence,12.6141,-7.4922,54.59,4.8464
1991-01-01,44007,Providence,0.1503,-8.7977,45.1247,2.1428
1991-01-02,44007,Providence,7.1487,-4.3772,59.5877,2.4397
1991-01-03,44007,Providence,3.3377,-4.9036,50.687,2.5177
1991-01-04,44007,Providence,1.1133,-6.5281,41.2283,3.6473
1991-01-05,44007,Providence,3.1859,-7.3065,49.6359,2.6613
1991-01-06,44007,Providence,5.4658,-2.3969,60.477,2.3685
1991-01-07,44007,Providence,2.3844,-8.2965,44.8269,3.669
1991-01-08,44007,Providence,-3.6273,-10.5352,47.5119,4.5298
1991-01-09,44007,Providence,2.0286,-9.3441,81.8271,3.4928
1991-01-10,44007,Providence,1.7731,-11.5567,61.1411,4.7287
1991-01-11,44007,Providence,-2.2744,-14.3912,55.1081,4.9068
1991-01-12,44007,Providence,2.4235,-6.5494,78.4315,4.0151
1991-01-13,44007,Providence,-0.5704,-10.6153,64.8657,3.5261
1991-01-14,44007,Providence,0.8391,-12.1435,61.753,3.1716
1991-01-15,44007,Providence,3.5156,-6.1019,70.7957,2.4483
1991-01-16,44007,Providence,6.3707,-3.2515,77.7305,3.0654
1991-01-17,44007,Providence,6.6905,-2.624,70.7589,4.7605
1991-01-18,44007,Providence,3.3747,-4.2707,51.1483,6.6431
1991-01-19,44007,Providence,2.4806,-6.9005,54.0815,4.461
1991-01-20,44007,Providence,9.061,-3.3698,54.3444,2.8922
1991-01-21,44007,Providence,2.3382,-10.6385,58.1168,4.3486
1991-01-22,44007,Providence,-6.4137,-15.8861,42.5283,4.1288
1991-01-23,44007,Providence,0.4056,-16.172,59.5849,4.0433
1991-01-24,44007,Providence,2.1836,-6.4985,49.4991,5.2331
1991-01-25,44007,Providence,-2.2898,-13.0671,29.8434,4.1507
1991-01-26,44007,Providence,-1.107,-13.309,51.2109,3.1016
1991-01-27,44007,Providence,1.5394,-6.7975,55.1456,3.8306
1991-01-28,44007,Providence,4.6817,-4.5828,64.9257,2.5829
1991-01-29,44007,Providence,5.584,-5.9022,49.1399,2.0754
1991-01-30,44007,Providence,8.3787,-2.8153,77.5595,1.9654
1991-01-31,44007,Providence,5.7914,-5.8408,48.4533,6.4
1991-02-01,44007,Providence,-1.2793,-9.0045,31.0039,4.6373
1991-02-02,44007,Providence,7.1802,-9.4179,52.6875,5.3298
1991-02-03,44007,Providence,10.9473,-1.7682,47.1576,4.7524
1991-02-04,44007,Providence,14.1112,-1.3379,42.2091,2.9018
1991-02-05,44007,Providence,15.5813,0.2395,45.6783,2.5959
1991-02-06,44007,Providence,10.6783,0.8448,61.9793,3.6295
1991-02-07,44007,Providence,7.9832,0.4167,74.5382,2.438
1991-02-08,44007,Providence,10.5793,-1.5124,59.3268,2.2243
1991-02-09,44007,Providence,9.6207,-1.7061,50.8336,2.4468
1991-02-10,44007,Providence,7.6818,-2.864,50.7197,2.6846
1991-02-11,44007,Providence,2.0375,-7.0903,30.3101,4.0464
1991-02-12,44007,Providence,-3.529,-12.3131,28.9301,4.6799
1991-02-13,44007,Providence,2.1055,-10.1145,72.3606,2.3558
1991-02-14,44007,Providence,8.0412,-2.2569,78.3025,4.0088
1991-02-15,44007,Providence,5.8699,-5.0375,59.6307,3.7596
1991-02-16,44007,Providence,-1.8891,-12.6422,34.0323,5.8833
1991-02-17,44007,Providence,1.8193,-11.1321,60.7687,4.4684
1991-02-18,44007,Providence,3.7193,-5.4467,57.0721,1.849
1991-02-19,44007,Providence,7.9117,-1.6648,73.9845,3.0138
1991-02-20,44007,Providence,12.0629,-1.134,65.0215,4.5528
1991-02-21,44007,Providence,7.8767,-3.2354,55.1361,3.5559
1991-02-22,44007,Providence,14.3151,-1.261,42.8461,5.6144
1991-02-23,44007,Providence,2.5587,-9.2565,25.6604,4.3006
1991-02-24,44007,Providence,3.4912,-10.4124,57.7557,2.2986
1991-02-25,44007,Providence,5.9459,-2.2362,62.717,2.7557
1991-02-26,44007,Providence,2.1007,-2.7733,67.6742,2.7055
1991-02-27,44007,Providence,1.454,-5.205,63.5672,3.1247
1991-02-28,44007,Providence,5.4295,-5.0457,51.3722,3.304
1991-03-01,44007,Providence,8.606,-1.9741,64.1059,2.7076
1991-03-02,44007,Providence,15.9501,2.0718,76.2,5.2269
1991-03-03,44007,Providence,19.6633,5.4603,59.9319,3.7029
1991-03-04,44007,Providence,16.4405,5.2496,67.5638,4.4392
1991-03-05,44007,Providence,9.2845,0.2173,55.4726,3.5291
1991-03-06,44007,Providence,12.1572,-0.1771,52.2762,3.1013
1991-03-07,44007,Providence,16.1956,-1.7238,53.2527,5.8568
1991-03-08,44007,Providence,2.6217,-5.3631,32.1114,6.5154
1991-03-09,44007,Providence,3.2021,-7.5775,29.2006,4.8066
1991-03-10,44007,Providence,2.2384,-6.169,33.951,4.7938
1991-03-11,44007,Providence,3.4648,-5.2738,42.1584,6.5282
1991-03-12,44007,Providence,4.3074,-4.6133,45.5449,5.5393
1991-03-13,44007,Providence,6.8374,-4.148,46.258,2.3746
1991-03-14,44007,Providence,5.3956,-1.5032,65.5228,6.4818
1991-03-15,44007,Providence,4.9075,-1.9423,58.734,4.5773
1991-03-16,44007,Providence,7.4697,-3.0391,47.2283,2.9068
1991-03-17,44007,Providence,11.2437,-2.3157,38.0148,2.3423
1991-03-18,44007,Providence,10.6972,-0.8234,73.2463,3.1218
1991-03-19,44007,Providence,13.2032,2.8816,56.9896,3.9178
1991-03-20,44007,Providence,10.507,-1.1102,39.3522,5.0901
1991-03-21,44007,Providence,8.3029,-1.9183,37.0455,1.9935
1991-03-22,44007,Providence,7.8487,-0.3508,57.9554,3.4817
1991-03-23,44007,Providence,5.1546,-0.6902,63.9526,5.051
1991-03-24,44007,Providence,9.8904,0.2195,66.8107,1.5005
1991-03-25,44007,Providence,6.834,1.231,65.4263,1.4278
1991-03-26,44007,Providence,10.7929,1.5687,53.199,1.6352
1991-03-27,44007,Providence,10.8969,0.1565,73.2227,3.4547
1991-03-28,44007,Providence,23.7479,6.1957,40.9788,5.1962
1991-03-29,44007,Providence,16.6473,3.4768,41.3313,3.0202
1991-03-30,44007,Providence,9.5877,-2.226,51.303,4.3399
1991-03-31,44007,Providence,7.9698,-3.569,42.5414,2.3484
1991-04-01,44007,Providence,8.0421,-0.2347,61.5486,2.2097
1991-04-02,44007,Providence,10.4082,-0.2597,53.426,3.2273
1991-04-03,44007,Providence,10.9788,0.1879,44.1885,2.426
1991-04-04,44007,Providence,17.2847,-0.3041,38.4388,3.7812
1991-04-05,44007,Providence,19.685,2.0255,52.8451,5.1595
1991-04-06,44007,Providence,23.5229,8.6094,47.389,3.302
1991-04-07,44007,Providence,27.0472,10.6177,45.2905,3.9628
1991-04-08,44007,Providence,29.1452,12.7212,39.8251,3.2383
1991-04-09,44007,Providence,27.6991,14.0765,49.2216,3.6765
1991-04-10,44007,Providence,23.6786,8.7986,44.3877,3.7935
1991-04-11,44007,Providence,11.9011,2.2621,36.2006,6.7862
1991-04-12,44007,Providence,9.1654,0.5389,35.2001,3.9875
1991-04-13,44007,Providence,10.2199,0.3374,44.0519,1.9469
1991-04-14,44007,Providence,13.8549,0.6751,42.8411,2.2483
1991-04-15,44007,Providence,11.4335,1.1259,67.2899,2.6706
1991-04-16,44007,Providence,21.0456,5.3363,47.4002,3.7482
1991-04-17,44007,Providence,18.1247,4.8012,48.3772,2.7266
1991-04-18,44007,Providence,10.0345,0.0184,62.2438,4.301
1991-04-19,44007,Providence,13.3722,-1.6545,43.1975,2.7744
1991-04-20,44007,Providence,15.0402,-0.1809,48.5077,3.5268
1991-04-21,44007,Providence,12.2323,4.3213,73.4709,6.1543
1991-04-22,44007,Providence,12.1473,5.6748,65.213,4.688
1991-04-23,44007,Providence,18.4535,5.124,44.3148,4.0583
1991-04-24,44007,Providence,19.6863,3.675,48.5757,2.0536
1991-04-25,44007,Providence,21.3844,5.6836,40.8197,2.2512
1991-04-26,44007,Providence,22.6323,7.325,35.1629,2.3635
1991-04-27,44007,Providence,24.8936,8.2208,46.2596,3.0865
1991-04-28,44007,Providence,17.1975,4.2521,47.6493,3.6436
1991-04-29,44007,Providence,15.8292,2.7756,58.513,2.2122
1991-04-30,44007,Providence,16.4776,8.8215,66.9833,1.7941
1991-05-01,44007,Providence,23.5513,8.1418,55.3811,2.3492
1991-05-02,44007,Providence,21.4421,8.2292,46.0433,4.0726
1991-05-03,44007,Providence,16.0907,5.3368,49.101,5.3417
1991-05-04,44007,Providence,18.2455,5.1383,50.061,4.1654
1991-05-05,44007,Providence,20.0324,5.9497,47.1237,2.4014
1991-05-06,44007,Providence,16.9202,5.9838,73.082,4.3928
1991-05-07,44007,Providence,22.1741,9.9491,47.6108,4.2203
1991-05-08,44007,Providence,18.0377,7.7512,47.2899,3.565
1991-05-09,44007,Providence,17.1041,7.6444,48.2946,1.9406
1991-05-10,44007,Providence,20.5307,8.3685,47.0669,1.5989
1991-05-11,44007,Providence,24.4971,5.9392,44.9211,3.2621
1991-05-12,44007,Providence,29.2718,9.9776,48.0288,4.2506
1991-05-13,44007,Providence,27.4131,13.4054,44.384,2.437
1991-05-14,44007,Providence,27.7415,13.4902,46.2666,1.9208
1991-05-15,44007,Providence,25.8442,10.7708,44.5372,1.1198
1991-05-16,44007,Providence,28.3945,10.7631,49.2421,3.712
1991-05-17,44007,Providence,28.2999,12.2367,58.3331,4.6207
1991-05-18,44007,Providence,20.2351,7.0256,48.9378,4.0323
1991-05-19,44007,Providence,19.2028,4.8186,46.4205,2.0919
1991-05-20,44007,Providence,22.2204,4.4041,47.9535,3.3989
1991-05-21,44007,Providence,25.0973,6.2158,52.9166,4.4368
1991-05-22,44007,Providence,29.4344,12.3915,48.9817,2.2459
1991-05-23,44007,Providence,23.44,9.8179,52.8514,2.8715
1991-05-24,44007,Providence,29.1855,9.2419,59.2766,4.5651
1991-05-25,44007,Providence,32.0311,16.9414,54.434,3.3726
1991-05-26,44007,Providence,25.7586,14.3561,53.9268,2.6162
1991-05-27,44007,Providence,29.5967,13.1387,62.5508,2.8439
1991-05-28,44007,Providence,31.1359,18.4797,53.7042,2.6623
1991-05-29,44007,Providence,29.4239,15.9344,55.6855,1.8742
1991-05-30,44007,Providence,28.9459,17.3302,57.6524,2.1061
1991-05-31,44007,Providence,29.1609,16.2697,63.0722,1.2381
1991-06-01,44007,Providence,27.8243,16.6477,60.8396,1.8146
1991-06-02,44007,Providence,26.1594,14.5116,54.3683,2.36
1991-06-03,44007,Providence,27.0622,12.6261,54.1038,1.8837
1991-06-04,44007,Providence,19.3193,9.9569,70.8902,4.6998
1991-06-05,44007,Providence,16.6057,9.6205,62.5854,2.7662
1991-06-06,44007,Providence,21.9495,8.028,55.3942,2.1659
1991-06-07,44007,Providence,25.724,10.0131,52.8879,2.7011
1991-06-08,44007,Providence,28.6322,12.2535,54.2929,3.1456
1991-06-09,44007,Providence,24.5728,11.8552,52.074,2.4064
1991-06-10,44007,Providence,28.884,10.5468,60.7322,3.6169
1991-06-11,44007,Providence,30.2448,16.5578,60.7864,3.7529
1991-06-12,44007,Providence,27.5577,15.1178,62.4451,4.0763
1991-06-13,44007,Providence,20.3006,9.4859,55.5766,4.9197
1991-06-14,44007,Providence,23.4877,7.1744,53.223,3.0037
1991-06-15,44007,Providence,27.9572,13.0704,65.3509,3.4368
1991-06-16,44007,Providence,27.9668,18.3394,71.0897,1.7494
1991-06-17,44007,Providence,25.3475,14.572,68.2492,2.1828
1991-06-18,44007,Providence,23.5335,13.0022,66.1645,1.7895
1991-06-19,44007,Providence,21.3396,12.94,76.361,1.674
1991-06-20,44007,Providence,31.1144,15.291,63.0569,3.3024
1991-06-21,44007,Providence,29.7063,14.631,52.1257,2.7409
1991-06-22,44007,Providence,24.0688,14.4096,58.8577,2.0025
1991-06-23,44007,Providence,22.5264,11.655,59.3393,2.5756
1991-06-24,44007,Providence,24.2323,9.7578,56.5603,1.9928
1991-06-25,44007,Providence,27.1695,11.2407,55.3428,2.937
1991-06-26,44007,Providence,29.2271,13.6071,53.8122,4.5531
1991-06-27,44007,Providence,30.435,14.1133,56.9225,4.5166
1991-06-28,44007,Providence,32.3605,16.3777,58.7281,4.8833
1991-06-29,44007,Providence,32.6051,19.5909,49.2315,3.0616
1991-06-30,44007,Providence,20.025,12.8463,71.5126,2.3067
1991-07-01,44007,Providence,22.3508,10.4646,57.6103,2.8409
1991-07-02,44007,Providence,26.3091,10.6202,55.469,2.1094
1991-07-03,44007,Providence,23.9799,16.7411,65.7972,2.2145
1991-07-04,44007,Providence,26.3646,12.9675,52.4545,2.3846
1991-07-05,44007,Providence,20.1712,12.422,81.817,1.8859
1991-07-06,44007,Providence,26.4743,15.1212,73.0067,1.463
1991-07-07,44007,Providence,29.2725,17.3481,77.5497,2.7559
1991-07-08,44007,Providence,33.3108,19.2191,60.1447,3.9435
1991-07-09,44007,Providence,26.7081,12.537,52.2568,3.5035
1991-07-10,44007,Providence,27.7895,10.4821,48.8791,3.268
1991-07-11,44007,Providence,28.5139,13.4965,48.7696,2.4426
1991-07-12,44007,Providence,29.186,12.0412,47.6995,2.2388
1991-07-13,44007,Providence,25.2067,15.1166,85.6932,2.8272
1991-07-14,44007,Providence,27.7979,16.9395,65.0126,2.3035
1991-07-15,44007,Providence,29.4328,16.7092,46.8115,2.4067
1991-07-16,44007,Providence,31.2305,15.4781,47.8691,2.9284
1991-07-17,44007,Providence,32.3363,15.5891,48.3406,4.0094
1991-07-18,44007,Providence,34.1504,18.4377,53.4261,3.1614
1991-07-19,44007,Providence,34.8743,20.5466,57.0711,3.1443
1991-07-20,44007,Providence,36.357,20.8238,52.0621,2.8781
1991-07-21,44007,Providence,36.6198,22.0507,53.4643,3.2231
1991-07-22,44007,Providence,31.5302,19.5802,58.0273,2.3972
1991-07-23,44007,Providence,34.0101,19.3702,68.6282,3.9649
1991-07-24,44007,Providence,29.5433,16.685,54.5778,3.3785
1991-07-25,44007,Providence,22.8714,15.0094,77.1833,1.4461
1991-07-26,44007,Providence,27.8941,18.1947,80.0454,1.841
1991-07-27,44007,Providence,25.1776,18.008,77.2071,1.3703
1991-07-28,44007,Providence,25.7161,17.1545,57.0148,1.1448
1991-07-29,44007,Providence,25.4024,16.2075,61.8654,1.4562
1991-07-30,44007,Providence,22.9219,14.4673,77.7541,2.2521
1991-07-31,44007,Providence,26.1019,15.4548,79.1144,3.1075
1991-08-01,44007,Providence,30.1067,16.8906,63.0735,3.6433
1991-08-02,44007,Providence,30.8581,17.9754,54.0832,3.8159
1991-08-03,44007,Providence,25.0753,16.1577,66.6175,1.7963
1991-08-04,44007,Providence,27.06,17.9444,74.7691,1.3502
1991-08-05,44007,Providence,25.0509,15.6996,66.4459,3.3709
1991-08-06,44007,Providence,23.5696,12.1072,68.2305,2.2848
1991-08-07,44007,Providence,27.5147,15.0082,60.0808,2.0656
1991-08-08,44007,Providence,29.4587,15.3606,56.4451,2.0469
1991-08-09,44007,Providence,24.4811,17.2714,81.1299,2.9596
1991-08-10,44007,Providence,26.4533,18.5542,77.5804,2.6592
1991-08-11,44007,Providence,26.8507,15.7479,65.257,3.1034
1991-08-12,44007,Providence,26.7008,14.8517,67.6099,1.9615
1991-08-13,44007,Providence,29.2281,15.931,65.7277,2.4792
1991-08-14,44007,Providence,30.4257,17.7318,65.4282,2.9575
1991-08-15,44007,Providence,27.6321,19.2701,76.214,3.2924
1991-08-16,44007,Providence,30.2077,18.9278,65.1638,3.4505
1991-08-17,44007,Providence,31.0339,19.4248,66.4585,3.8182
1991-08-18,44007,Providence,30.4686,19.4516,73.5599,4.5299
1991-08-19,44007,Providence,23.457,16.7117,88.3549,3.7696
1991-08-20,44007,Providence,23.7411,15.7976,83.9565,2.6753
1991-08-21,44007,Providence,24.9636,14.9917,80.7701,2.1368
1991-08-22,44007,Providence,26.3947,16.7041,71.0595,3.0229
1991-08-23,44007,Providence,28.9727,15.5902,67.0278,2.1614
1991-08-24,44007,Providence,23.9454,14.0996,72.9746,3.0522
1991-08-25,44007,Providence,22.2735,12.0145,67.7382,2.6676
1991-08-26,44007,Providence,24.3876,11.6042,73.0429,2.8791
1991-08-27,44007,Providence,29.9078,16.374,69.9267,4.1569
1991-08-28,44007,Providence,31.6573,18.5002,66.9541,3.1959
1991-08-29,44007,Providence,30.5569,19.2563,65.7111,1.7352
1991-08-30,44007,Providence,31.6488,17.7642,71.1182,2.9644
1991-08-31,44007,Providence,28.9113,13.1454,70.7768,4.0727
1991-09-01,44007,Providence,16.4141,6.2654,55.7235,3.7492
1991-09-02,44007,Providence,19.3076,5.2048,54.265,2.1238
1991-09-03,44007,Providence,23.3142,7.079,64.5985,4.2517
1991-09-04,44007,Providence,24.6603,13.1275,73.639,4.3348
1991-09-05,44007,Providence,23.7115,12.033,78.0968,1.3871
1991-09-06,44007,Providence,24.3768,11.5949,70.4146,2.3996
1991-09-07,44007,Providence,24.6726,11.1097,61.8648,2.0899
1991-09-08,44007,Providence,25.9167,11.7315,56.9983,2.0877
1991-09-09,44007,Providence,24.8807,13.4877,59.597,2.08
1991-09-10,44007,Providence,27.713,13.5454,68.8221,4.6691
1991-09-11,44007,Providence,24.3956,11.6986,64.6446,3.743
1991-09-12,44007,Providence,19.0058,6.894,55.6628,2.1549
1991-09-13,44007,Providence,20.5942,7.6621,53.5966,1.3879
1991-09-14,44007,Providence,17.3495,10.7706,83.1831,2.0208
1991-09-15,44007,Providence,21.9221,12.9591,80.0872,3.1229
1991-09-16,44007,Providence,30.1232,16.5309,74.8541,3.7724
1991-09-17,44007,Providence,31.5709,19.874,64.7767,3.7045
1991-09-18,44007,Providence,26.4032,17.3363,65.4158,3.3179
1991-09-19,44007,Providence,26.1558,10.8257,78.4454,3.9683
1991-09-20,44007,Providence,16.1478,7.2308,67.9232,3.0215
1991-09-21,44007,Providence,14.012,5.5435,57.2706,2.3331
1991-09-22,44007,Providence,16.9251,5.4783,59.4589,2.0199
1991-09-23,44007,Providence,19.0376,8.3075,86.3014,3.4767
1991-09-24,44007,Providence,19.9553,12.3349,71.5496,1.7208
1991-09-25,44007,Providence,21.4962,12.6307,91.0599,4.3795
1991-09-26,44007,Providence,17.8026,10.2912,85.3221,2.1956
1991-09-27,44007,Providence,15.7209,6.3618,57.6723,3.1915
1991-09-28,44007,Providence,14.277,3.8673,54.2465,3.3868
1991-09-29,44007,Providence,18.4155,2.6111,57.2621,3.3339
1991-09-30,44007,Providence,12.8434,0.6865,56.8598,2.1918
1991-10-01,44007,Providence,20.4021,4.9579,76.9135,4.5419
1991-10-02,44007,Providence,25.4506,14.0509,65.9168,4.7736
1991-10-03,44007,Providence,25.1058,13.6025,65.3933,1.6741
1991-10-04,44007,Providence,24.9271,13.1888,57.7842,1.8633
1991-10-05,44007,Providence,23.6923,12.8642,68.9304,3.929
1991-10-06,44007,Providence,21.8468,10.9185,75.3968,3.7325
1991-10-07,44007,Providence,14.0212,4.8842,54.1445,3.8935
1991-10-08,44007,Providence,14.0605,1.984,56.5171,3.4074
1991-10-09,44007,Providence,18.703,4.5362,61.4846,3.902
1991-10-10,44007,Providence,22.2857,8.9578,68.4923,3.7627
1991-10-11,44007,Providence,20.8821,10.1413,64.208,1.51
1991-10-12,44007,Providence,15.1247,6.1671,63.968,3.3428
1991-10-13,44007,Providence,13.458,4.0491,53.2192,2.4175
1991-10-14,44007,Providence,12.3046,3.1311,51.0731,2.451
1991-10-15,44007,Providence,16.8537,3.6961,81.3215,4.662
1991-10-16,44007,Providence,18.8877,9.0664,75.9385,3.3716
1991-10-17,44007,Providence,12.8665,5.1343,76.2006,4.8291
1991-10-18,44007,Providence,18.454,7.7779,67.2666,2.4906
1991-10-19,44007,Providence,21.4954,7.8605,54.0603,2.8535
1991-10-20,44007,Providence,10.1747,1.8434,54.238,3.2426
1991-10-21,44007,Providence,11.6527,0.8046,56.9705,2.0926
1991-10-22,44007,Providence,16.886,5.7007,59.6195,2.6434
1991-10-23,44007,Providence,18.4627,5.7082,56.7365,2.2777
1991-10-24,44007,Providence,19.8762,7.08,66.3311,2.4075
1991-10-25,44007,Providence,22.4763,8.3369,67.8129,2.2681
1991-10-26,44007,Providence,22.7001,10.2059,63.3947,2.5983
1991-10-27,44007,Providence,22.2549,9.4284,68.1114,3.0288
1991-10-28,44007,Providence,15.9043,2.422,58.4646,6.1081
1991-10-29,44007,Providence,8.1516,-0.9396,50.9901,5.4134
1991-10-30,44007,Providence,11.5188,-0.5063,55.6678,8.1513
1991-10-31,44007,Providence,11.9971,5.3097,83.1481,6.5964
1991-11-01,44007,Providence,12.1995,7.4557,74.0182,3.9602
1991-11-02,44007,Providence,17.0743,7.6459,73.139,2.6501
1991-11-03,44007,Providence,16.1594,5.9593,64.4419,2.3235
1991-11-04,44007,Providence,7.6855,0.2119,51.1348,2.2123
1991-11-05,44007,Providence,7.8089,-0.4982,53.2321,1.4557
1991-11-06,44007,Providence,11.2964,0.3104,57.2136,2.0609
1991-11-07,44007,Providence,11.7809,0.9418,47.5927,1.2468
1991-11-08,44007,Providence,7.2645,0.3662,52.6981,3.3371
1991-11-09,44007,Providence,5.7875,-0.3823,51.9756,4.7516
1991-11-10,44007,Providence,5.7914,-0.0449,72.2545,6.2277
1991-11-11,44007,Providence,6.6055,0.8184,74.7849,4.0895
1991-11-12,44007,Providence,5.9131,-0.4307,59.9529,3.6224
1991-11-13,44007,Providence,7.0561,-0.7074,62.6527,2.4922
1991-11-14,44007,Providence,11.3985,1.4254,54.8735,3.3373
1991-11-15,44007,Providence,10.872,0.8962,69.3881,3.41
1991-11-16,44007,Providence,14.1087,1.0074,59.0984,4.3328
1991-11-17,44007,Providence,3.8672,-4.2836,41.3799,4.7965
1991-11-18,44007,Providence,8.5841,-3.1928,39.2811,2.5716
1991-11-19,44007,Providence,14.5975,1.0153,53.3189,3.3485
1991-11-20,44007,Providence,16.7252,6.9143,65.6585,4.3831
1991-11-21,44007,Providence,16.5978,11.1598,73.7161,2.7243
1991-11-22,44007,Providence,13.4346,6.9434,77.6654,3.0079
1991-11-23,44007,Providence,14.7331,4.1152,73.5986,2.0946
1991-11-24,44007,Providence,13.1193,2.9029,72.9252,3.7599
1991-11-25,44007,Providence,6.7883,-0.3497,47.6295,6.0697
1991-11-26,44007,Providence,3.0072,-1.9528,49.3298,4.25
1991-11-27,44007,Providence,2.8155,-3.5904,53.9763,2.3276
1991-11-28,44007,Providence,9.5433,-0.8036,57.4463,4.1073
1991-11-29,44007,Providence,12.6566,2.103,60.2591,2.2506
1991-11-30,44007,Providence,15.9118,3.5966,73.7386,4.6191
1991-12-01,44007,Providence,16.3429,7.1083,62.8425,2.7036
1991-12-02,44007,Providence,10.9259,-0.6166,52.9434,3.6759
1991-12-03,44007,Providence,4.9371,-3.1426,76.5895,4.32
1991-12-04,44007,Providence,5.1511,-6.6567,56.2303,6.1272
1991-12-05,44007,Providence,-1.0442,-7.4702,37.5712,4.8237
1991-12-06,44007,Providence,2.6832,-5.134,67.1286,3.7746
1991-12-07,44007,Providence,5.3675,-5.1785,66.1388,4.2839
1991-12-08,44007,Providence,9.7839,-1.8439,62.4561,2.1438
1991-12-09,44007,Providence,14.0991,2.8562,63.822,3.7525
1991-12-10,44007,Providence,7.0403,-1.5048,58.408,2.6913
1991-12-11,44007,Providence,9.7131,-1.7107,58.4773,3.7805
1991-12-12,44007,Providence,9.4388,-1.7383,61.1832,2.5048
1991-12-13,44007,Providence,14.2323,4.2306,76.2351,4.5739
1991-12-14,44007,Providence,14.4347,5.5679,70.756,4.5087
1991-12-15,44007,Providence,7.9005,-4.4594,30.7251,7.2219
1991-12-16,44007,Providence,0.3112,-9.5846,47.138,4.3224
1991-12-17,44007,Providence,0.7499,-10.9051,50.8739,2.6647
1991-12-18,44007,Providence,1.5548,-9.6231,56.7938,4.3927
1991-12-19,44007,Providence,-4.6414,-12.7201,43.1613,5.1173
1991-12-20,44007,Providence,1.3652,-10.8512,49.8408,3.195
1991-12-21,44007,Providence,3.3829,-4.2005,64.5475,5.0772
1991-12-22,44007,Providence,3.1586,-4.3236,56.5941,3.589
1991-12-23,44007,Providence,6.8222,-3.4623,59.4603,3.1579
1991-12-24,44007,Providence,3.027,-7.2974,51.8567,4.0623
1991-12-25,44007,Providence,-1.2719,-7.8508,39.1407,4.0491
1991-12-26,44007,Providence,0.9534,-9.2825,49.0839,2.5279
1991-12-27,44007,Providence,3.8427,-4.8394,51.8293,3.1666
1991-12-28,44007,Providence,5.3756,-5.7444,42.7204,3.0701
1991-12-29,44007,Providence,4.9916,-3.02,45.9848,2.0218
1991-12-30,44007,Providence,4.7908,-6.635,55.742,6.1231
1991-12-31,44007,Providence,-0.1401,-6.1155,39.5572,2.6538
1992-01-01,44007,Providence,6.0522,-6.5534,32.2585,1.5771
1992-01-02,44007,Providence,6.8107,-3.5822,55.0138,1.8881
1992-01-03,44007,Providence,8.684,-0.2023,59.7014,3.2998
1992-01-04,44007,Providence,7.8213,-0.4393,72.492,5.5653
1992-01-05,44007,Providence,9.5919,-0.0865,67.2002,3.8552
1992-01-06,44007,Providence,8.0324,-2.5167,54.2263,3.6849
1992-01-07,44007,Providence,6.3307,-3.3369,49.0597,4.4041
1992-01-08,44007,Providence,2.5528,-5.1656,38.8037,4.1437
1992-01-09,44007,Providence,5.8325,-5.019,58.1306,2.6641
1992-01-10,44007,Providence,6.7625,-2.7034,54.2126,3.8528
1992-01-11,44007,Providence,1.0859,-7.461,35.217,5.1473
1992-01-12,44007,Providence,0.6083,-10.4625,37.3727,2.9587
1992-01-13,44007,Providence,8.5278,-3.6583,60.3982,2.511
1992-01-14,44007,Providence,11.0721,-0.7245,63.4331,5.1496
1992-01-15,44007,Providence,3.7765,-9.7734,25.7144,6.5816
1992-01-16,44007,Providence,-5.5433,-16.393,47.1522,5.4738
1992-01-17,44007,Providence,-2.3484,-15.8759,56.1543,4.8211
1992-01-18,44007,Providence,-1.6201,-12.4519,42.2753,6.4334
1992-01-19,44007,Providence,-5.9359,-14.5637,38.4379,4.7409
1992-01-20,44007,Providence,-3.1664,-12.6567,55.6631,2.6142
1992-01-21,44007,Providence,-0.9078,-11.5132,58.9412,3.0904
1992-01-22,44007,Providence,-2.3151,-9.8585,57.2191,2.9233
1992-01-23,44007,Providence,10.2983,-7.7232,71.9528,6.2701
1992-01-24,44007,Providence,9.5308,-5.5054,49.9308,6.7867
1992-01-25,44007,Providence,-2.3345,-11.4907,23.6002,4.8023
1992-01-26,44007,Providence,-4.0516,-9.8407,32.4095,3.6201
1992-01-27,44007,Providence,0.6314,-10.3389,42.9757,1.6696
1992-01-28,44007,Providence,3.7629,-3.6093,59.9632,1.6418
1992-01-29,44007,Providence,6.202,-3.2131,53.1546,2.559
1992-01-30,44007,Providence,6.1931,-3.7813,54.5622,1.9821
1992-01-31,44007,Providence,6.2594,-2.2122,57.1138,2.525
1992-02-01,44007,Providence,2.3766,-8.3795,44.4247,6.8495
1992-02-02,44007,Providence,-0.4163,-9.4184,33.9828,7.1192
1992-02-03,44007,Providence,0.8105,-10.2258,34.0362,5.1348
1992-02-04,44007,Providence,2.861,-8.7286,45.7485,3.1423
1992-02-05,44007,Providence,1.5897,-9.2727,44.5093,6.1835
1992-02-06,44007,Providence,-1.6213,-11.7813,48.367,2.0978
1992-02-07,44007,Providence,3.1929,-8.5675,66.3772,3.7539
1992-02-08,44007,Providence,1.1891,-3.433,70.1047,2.6139
1992-02-09,44007,Providence,0.5281,-13.2482,46.4767,6.6654
1992-02-10,44007,Providence,-3.646,-15.6153,46.6865,3.3237
1992-02-11,44007,Providence,4.0258,-9.0287,63.9911,5.2176
1992-02-12,44007,Providence,0.7639,-13.2032,21.4692,4.4457
1992-02-13,44007,Providence,1.5044,-13.818,52.0868,2.9721
1992-02-14,44007,Providence,2.1177,-4.4566,66.9759,2.2309
1992-02-15,44007,Providence,4.8788,-6.0361,67.9853,2.8622
1992-02-16,44007,Providence,11.4992,0.6612,62.2909,4.2164
1992-02-17,44007,Providence,8.7861,-3.4031,46.0978,2.3364
1992-02-18,44007,Providence,6.9075,-1.4409,68.5223,2.8312
1992-02-19,44007,Providence,13.3476,1.0968,62.841,3.1373
1992-02-20,44007,Providence,9.7957,-2.4968,55.6905,3.5285
1992-02-21,44007,Providence,7.9855,-3.2202,47.4303,4.0001
1992-02-22,44007,Providence,6.0642,-4.3198,58.0726,3.4192
1992-02-23,44007,Providence,9.7855,-0.7358,58.8028,2.4229
1992-02-24,44007,Providence,4.2636,-2.9218,58.5445,3.893
1992-02-25,44007,Providence,3.1208,-3.1478,70.7635,3.4069
1992-02-26,44007,Providence,7.3895,-2.7816,61.9007,2.8697
1992-02-27,44007,Providence,6.6141,-3.5406,52.3641,5.2593
1992-02-28,44007,Providence,5.702,-3.1007,56.4761,3.7747
1992-02-29,44007,Providence,5.6896,-12.4516,35.7266,6.7888
1992-03-01,44007,Providence,4.992,-12.5985,45.6049,5.3644
1992-03-02,44007,Providence,3.558,-5.4104,40.6882,2.6381
1992-03-03,44007,Providence,4.7521,-2.8756,59.1328,1.9408
1992-03-04,44007,Providence,7.5749,-3.7094,46.8324,1.8947
1992-03-05,44007,Providence,13.6645,-1.7084,50.3101,3.2408
1992-03-06,44007,Providence,6.4879,-0.8814,48.08,3.8271
1992-03-07,44007,Providence,12.7676,-0.5825,67.8183,3.319
1992-03-08,44007,Providence,14.3684,4.4152,62.7479,1.6741
1992-03-09,44007,Providence,12.0891,2.6838,56.4035,1.5239
1992-03-10,44007,Providence,12.8785,1.7633,66.1063,4.5021
1992-03-11,44007,Providence,15.8022,-4.7563,68.5491,6.475
1992-03-12,44007,Providence,1.6559,-7.0864,31.5415,8.0205
1992-03-13,44007,Providence,0.4142,-6.7435,28.4712,5.5126
1992-03-14,44007,Providence,1.5636,-7.7873,23.5399,5.6867
1992-03-15,44007,Providence,-1.2711,-8.4285,26.2499,4.9856
1992-03-16,44007,Providence,-0.3925,-10.5174,30.4496,3.7036
1992-03-17,44007,Providence,5.7806,-5.4785,45.6044,5.1911
1992-03-18,44007,Providence,4.0094,-4.0716,37.264,3.1017
1992-03-19,44007,Providence,2.3108,-3.9288,64.0958,4.5271
1992-03-20,44007,Providence,4.1581,-4.586,48.6524,1.6672
1992-03-21,44007,Providence,2.8252,-4.5292,46.5849,3.2176
1992-03-22,44007,Providence,2.7521,-5.5397,37.6086,2.5556
1992-03-23,44007,Providence,2.8155,-4.4458,56.8812,3.1128
1992-03-24,44007,Providence,3.1418,-4.8204,34.9536,3.5936
1992-03-25,44007,Providence,7.1592,-4.531,45.969,2.8372
1992-03-26,44007,Providence,11.963,-1.5209,66.2281,5.4503
1992-03-27,44007,Providence,14.0182,2.6954,63.1986,4.9169
1992-03-28,44007,Providence,9.2661,-0.5458,57.7236,5.0459
1992-03-29,44007,Providence,10.3625,-1.4557,37.8391,6.0367
1992-03-30,44007,Providence,7.045,-2.7315,48.4056,2.8845
1992-03-31,44007,Providence,9.9305,0.5548,61.6387,2.6374
1992-04-01,44007,Providence,12.8757,-1.2131,48.4379,3.0913
1992-04-02,44007,Providence,9.2188,0.6864,49.8351,3.5193
1992-04-03,44007,Providence,6.7455,-1.0558,42.0831,5.4547
1992-04-04,44007,Providence,8.9327,-1.1247,37.992,3.6219
1992-04-05,44007,Providence,9.1557,-1.6572,42.6705,4.6022
1992-04-06,44007,Providence,11.5728,-1.0347,40.314,4.1401
1992-04-07,44007,Providence,12.5275,-0.7526,39.7003,2.947
1992-04-08,44007,Providence,16.0074,2.5442,38.9607,3.3443
1992-04-09,44007,Providence,14.3079,1.1586,45.0303,3.0565
1992-04-10,44007,Providence,18.2296,4.873,42.773,2.4785
1992-04-11,44007,Providence,10.3012,-0.1971,56.5665,4.2918
1992-04-12,44007,Providence,15.8219,0.1372,48.2133,3.5056
1992-04-13,44007,Providence,6.5063,-3.1139,31.0474,3.1142
1992-04-14,44007,Providence,10.7599,-1.1625,31.8548,2.5447
1992-04-15,44007,Providence,9.5896,-1.5849,34.62,2.3522
1992-04-16,44007,Providence,10.672,0.0276,39.7565,2.6251
1992-04-17,44007,Providence,6.601,0.0556,70.98,3.2694
1992-04-18,44007,Providence,11.3656,-0.7033,61.3719,2.2643
1992-04-19,44007,Providence,11.2628,2.2259,64.3677,2.298
1992-04-20,44007,Providence,18.7934,4.2712,61.5595,3.2154
1992-04-21,44007,Providence,22.4216,7.3959,64.7785,3.837
1992-04-22,44007,Providence,19.8097,10.7032,68.9514,3.8117
1992-04-23,44007,Providence,23.3351,9.2746,49.3364,2.949
1992-04-24,44007,Providence,17.0532,4.2953,60.5357,2.8171
1992-04-25,44007,Providence,6.9741,1.2537,69.253,4.609
1992-04-26,44007,Providence,7.9413,1.0747,62.2265,1.809
1992-04-27,44007,Providence,13.5347,1.0465,46.9793,1.8234
1992-04-28,44007,Providence,14.3478,1.448,44.2325,1.379
1992-04-29,44007,Providence,14.2193,0.4347,43.611,1.6606
1992-04-30,44007,Providence,17.3488,0.9022,42.8312,2.6436
1992-05-01,44007,Providence,19.3823,6.3593,50.9994,2.817
1992-05-02,44007,Providence,25.0077,9.3252,52.9801,3.4716
1992-05-03,44007,Providence,20.9584,9.8012,46.0347,3.7407
1992-05-04,44007,Providence,15.4232,6.2652,48.2699,3.1595
1992-05-05,44007,Providence,10.6767,1.6368,55.265,3.7729
1992-05-06,44007,Providence,13.1448,0.1698,46.94,3.1645
1992-05-07,44007,Providence,14.1269,0.4357,48.8991,3.6276
1992-05-08,44007,Providence,13.9041,4.4742,67.4841,3.9167
1992-05-09,44007,Providence,25.4248,10.2183,52.8124,2.4306
1992-05-10,44007,Providence,21.205,8.9849,53.9781,2.2745
1992-05-11,44007,Providence,17.2955,4.3442,54.3923,4.2499
1992-05-12,44007,Providence,17.8665,2.5358,63.0694,2.7223
1992-05-13,44007,Providence,23.4042,8.6556,62.142,2.0964
1992-05-14,44007,Providence,25.3777,12.3951,49.3755,1.7964
1992-05-15,44007,Providence,20.3557,9.6787,52.5856,2.9656
1992-05-16,44007,Providence,16.8229,8.3444,61.2551,2.8124
1992-05-17,44007,Providence,20.9038,5.4801,49.722,2.2826
1992-05-18,44007,Providence,24.4375,8.2687,52.7642,3.4259
1992-05-19,44007,Providence,20.1144,6.2806,40.5853,2.7086
1992-05-20,44007,Providence,23.9142,4.3343,38.6072,1.9054
1992-05-21,44007,Providence,29.2641,7.0551,34.7313,2.1674
1992-05-22,44007,Providence,31.2147,12.1367,36.1926,2.0737
1992-05-23,44007,Providence,31.263,13.5601,38.4376,2.5138
1992-05-24,44007,Providence,27.1614,7.8743,49.1685,4.0143
1992-05-25,44007,Providence,13.8568,6.7255,55.7372,3.5199
1992-05-26,44007,Providence,14.5072,5.9166,53.5165,1.7599
1992-05-27,44007,Providence,14.4344,6.3289,54.8788,1.0445
1992-05-28,44007,Providence,20.3078,5.9415,51.2,1.6486
1992-05-29,44007,Providence,22.5445,9.0666,44.8889,2.215
1992-05-30,44007,Providence,22.1865,6.8385,49.8806,2.7349
1992-05-31,44007,Providence,18.3746,10.7252,71.8598,3.9101
1992-06-01,44007,Providence,17.735,8.6139,75.8447,3.779
1992-06-02,44007,Providence,24.7401,8.4395,56.1889,2.0307
1992-06-03,44007,Providence,26.3134,11.177,56.0142,3.3433
1992-06-04,44007,Providence,26.5167,11.9705,60.195,3.2468
1992-06-05,44007,Providence,21.314,10.3591,75.042,4.8685
1992-06-06,44007,Providence,24.5994,13.3468,74.7482,3.386
1992-06-07,44007,Providence,27.7259,16.5904,67.4463,2.7494
1992-06-08,44007,Providence,29.9493,17.2274,67.7916,2.6802
1992-06-09,44007,Providence,25.6858,14.241,58.8978,3.0682
1992-06-10,44007,Providence,23.7404,10.3517,53.2742,1.8948
1992-06-11,44007,Providence,22.8985,12.8364,52.5974,1.9836
1992-06-12,44007,Providence,26.8501,11.2413,56.3621,3.6006
1992-06-13,44007,Providence,28.4617,12.5864,58.3802,4.2073
1992-06-14,44007,Providence,28.39,13.9146,62.6314,4.2343
1992-06-15,44007,Providence,26.1156,12.1976,60.0621,2.8273
1992-06-16,44007,Providence,22.4222,8.2595,52.6118,2.016
1992-06-17,44007,Providence,26.1537,9.4799,53.8402,2.2517
1992-06-18,44007,Providence,23.4847,10.5907,63.9314,3.9713
1992-06-19,44007,Providence,24.8811,12.3815,73.2425,3.2861
1992-06-20,44007,Providence,25.4608,16.6498,69.7652,2.3474
1992-06-21,44007,Providence,26.8732,15.0409,62.4189,2.4607
1992-06-22,44007,Providence,20.4303,12.1588,62.2083,3.6552
1992-06-23,44007,Providence,20.7682,10.0516,55.9343,3.6498
1992-06-24,44007,Providence,22.7289,10.2018,72.8605,2.8429
1992-06-25,44007,Providence,24.9786,15.0794,60.5014,3.1797
1992-06-26,44007,Providence,25.7634,12.2989,56.4005,2.6271
1992-06-27,44007,Providence,25.4829,14.1782,63.1062,1.7864
1992-06-28,44007,Providence,27.3117,13.4158,53.6995,2.181
1992-06-29,44007,Providence,28.5206,13.9258,56.7073,3.1221
1992-06-30,44007,Providence,25.6437,14.2184,73.0302,4.0786
1992-07-01,44007,Providence,28.7441,17.2216,64.6769,2.6229
1992-07-02,44007,Providence,21.4739,12.0527,55.016,2.0325
1992-07-03,44007,Providence,21.7233,10.8606,64.9382,1.6571
1992-07-04,44007,Providence,20.0968,12.2433,83.5732,2.8708
1992-07-05,44007,Providence,24.0119,12.4148,78.049,3.0833
1992-07-06,44007,Providence,26.6263,14.6803,68.6662,2.3002
1992-07-07,44007,Providence,24.7005,11.1157,67.451,2.2094
1992-07-08,44007,Providence,26.2465,14.4392,63.0174,2.5729
1992-07-09,44007,Providence,28.1958,15.4031,70.114,4.1204
1992-07-10,44007,Providence,28.6565,15.2504,63.2467,3.5976
1992-07-11,44007,Providence,28.0132,17.7892,65.2119,3.3595
1992-07-12,44007,Providence,27.8126,14.4704,69.1946,2.865
1992-07-13,44007,Providence,29.3402,18.5044,66.5015,3.3161
1992-07-14,44007,Providence,27.0089,15.9844,75.8768,2.589
1992-07-15,44007,Providence,24.9314,16.1964,78.8267,2.329
1992-07-16,44007,Providence,24.2634,14.0486,68.388,2.651
1992-07-17,44007,Providence,23.1129,13.666,77.5045,2.1937
1992-07-18,44007,Providence,29.4217,16.5838,73.9995,2.5505
1992-07-19,44007,Providence,29.436,18.2756,67.2903,2.4439
1992-07-20,44007,Providence,29.27,18.3764,66.6348,2.8391
1992-07-21,44007,Providence,29.5037,17.0805,65.7986,2.696
1992-07-22,44007,Providence,21.4439,12.7549,65.5309,1.9685
1992-07-23,44007,Providence,17.1966,11.6825,84.5544,2.62
1992-07-24,44007,Providence,23.2584,12.0542,65.6564,1.9089
1992-07-25,44007,Providence,24.8992,11.6025,60.723,1.9627
1992-07-26,44007,Providence,26.174,11.3767,73.4498,3.3456
1992-07-27,44007,Providence,28.5053,17.4303,72.7819,3.138
1992-07-28,44007,Providence,25.5355,14.3421,59.4098,2.9528
1992-07-29,44007,Providence,27.927,12.1521,69.063,3.2339
1992-07-30,44007,Providence,26.5426,16.1099,56.8674,2.2
1992-07-31,44007,Providence,22.9999,13.5981,83.0122,2.8483
1992-08-01,44007,Providence,23.9951,13.2295,72.9929,4.1822
1992-08-02,44007,Providence,26.3295,11.4135,64.6089,3.2091
1992-08-03,44007,Providence,25.6574,15.0088,76.4003,3.461
1992-08-04,44007,Providence,26.961,16.4844,76.9646,3.1129
1992-08-05,44007,Providence,25.2038,13.4624,60.3991,3.5032
1992-08-06,44007,Providence,26.3936,11.7939,55.9572,2.3818
1992-08-07,44007,Providence,27.4014,13.6461,54.1153,2.0114
1992-08-08,44007,Providence,26.8756,12.5994,58.0158,2.1897
1992-08-09,44007,Providence,23.477,14.6242,85.3325,2.2171
1992-08-10,44007,Providence,26.9095,16.2644,74.7743,1.8982
1992-08-11,44007,Providence,30.7045,17.5113,71.2902,3.2441
1992-08-12,44007,Providence,24.913,14.9127,62.7669,2.0196
1992-08-13,44007,Providence,24.0895,12.6389,69.9234,2.5395
1992-08-14,44007,Providence,19.6556,14.3672,81.5719,3.2284
1992-08-15,44007,Providence,19.7809,13.4807,79.7741,3.643
1992-08-16,44007,Providence,19.5975,12.4116,90.3708,1.8519
1992-08-17,44007,Providence,22.1162,14.9907,86.309,1.4398
1992-08-18,44007,Providence,24.5299,18.0608,81.7893,1.84
1992-08-19,44007,Providence,26.6427,16.2901,74.8404,3.127
1992-08-20,44007,Providence,22.0976,13.5413,64.9966,2.8563
1992-08-21,44007,Providence,22.4969,11.3244,64.643,2.5211
1992-08-22,44007,Providence,26.3054,11.5863,65.087,1.7573
1992-08-23,44007,Providence,26.4632,17.2929,67.037,1.3704
1992-08-24,44007,Providence,27.4105,14.8905,67.0775,3.0886
1992-08-25,44007,Providence,29.9184,15.9748,71.6554,2.3497
1992-08-26,44007,Providence,29.4051,20.8969,73.2455,1.3324
1992-08-27,44007,Providence,27.652,19.5268,81.3704,1.9297
1992-08-28,44007,Providence,28.5368,17.9398,79.1913,3.5692
1992-08-29,44007,Providence,25.2554,15.0575,71.1812,4.6199
1992-08-30,44007,Providence,23.748,10.9696,66.1525,4.5793
1992-08-31,44007,Providence,25.4915,13.7225,62.4715,4.5626
1992-09-01,44007,Providence,19.6593,9.6106,59.911,3.7244
1992-09-02,44007,Providence,19.7809,6.0854,59.6989,2.0152
1992-09-03,44007,Providence,19.9608,11.4083,89.8396,3.1272
1992-09-04,44007,Providence,24.3126,14.8766,73.9703,1.5859
1992-09-05,44007,Providence,23.1098,11.6694,70.694,2.0033
1992-09-06,44007,Providence,21.9581,9.4962,70.8076,1.9225
1992-09-07,44007,Providence,21.0506,11.6066,80.6441,1.4017
1992-09-08,44007,Providence,24.3249,14.5724,81.7227,2.7326
1992-09-09,44007,Providence,26.3252,18.2867,76.3208,3.319
1992-09-10,44007,Providence,25.4424,17.7329,81.2221,4.3888
1992-09-11,44007,Providence,22.1734,15.1513,77.5676,2.3784
1992-09-12,44007,Providence,18.2594,10.8742,60.7787,2.5429
1992-09-13,44007,Providence,19.304,8.7406,59.0775,1.0769
1992-09-14,44007,Providence,21.1949,8.3091,65.2382,2.1155
1992-09-15,44007,Providence,23.0061,9.1705,74.5191,3.0438
1992-09-16,44007,Providence,26.6509,14.8266,71.1874,3.1371
1992-09-17,44007,Providence,27.6437,16.1372,69.5889,3.5032
1992-09-18,44007,Providence,28.4181,16.1909,69.0002,3.4435
1992-09-19,44007,Providence,23.386,12.2563,70.5598,3.3867
1992-09-20,44007,Providence,19.6701,9.542,53.6886,1.6186
1992-09-21,44007,Providence,21.7627,8.3674,67.8307,2.8966
1992-09-22,44007,Providence,25.2185,13.2993,85.546,4.2489
1992-09-23,44007,Providence,19.5353,6.4279,68.6495,4.4182
1992-09-24,44007,Providence,12.7024,3.3879,62.8556,4.3518
1992-09-25,44007,Providence,17.7713,3.0301,75.8292,4.5025
1992-09-26,44007,Providence,17.3432,10.8753,81.4164,3.7548
1992-09-27,44007,Providence,24.3187,9.7133,83.9767,3.4094
1992-09-28,44007,Providence,22.9045,13.7452,64.1012,2.6667
1992-09-29,44007,Providence,18.1121,6.1286,63.7631,4.3641
1992-09-30,44007,Providence,11.279,0.9276,58.9542,3.6796
1992-10-01,44007,Providence,9.4079,0.0367,52.5212,3.3722
1992-10-02,44007,Providence,17.9125,-0.7397,60.9027,4.3699
1992-10-03,44007,Providence,24.6243,9.447,57.5123,4.3932
1992-10-04,44007,Providence,16.4721,6.7029,57.7393,2.5512
1992-10-05,44007,Providence,10.5817,3.167,53.7264,3.9996
1992-10-06,44007,Providence,13.2255,1.2628,49.5275,2.2681
1992-10-07,44007,Providence,19.2789,1.5454,47.3871,2.6702
1992-10-08,44007,Providence,18.8438,4.2164,55.8605,2.2872
1992-10-09,44007,Providence,20.8618,6.8779,77.774,3.5289
1992-10-10,44007,Providence,21.5471,12.131,71.8393,2.9901
1992-10-11,44007,Providence,22.4045,10.8813,68.0229,1.8063
1992-10-12,44007,Providence,18.2866,7.8601,63.815,3.1819
1992-10-13,44007,Providence,17.4882,4.8773,49.3893,3.0617
1992-10-14,44007,Providence,16.4266,2.8764,52.2209,2.2446
1992-10-15,44007,Providence,17.8657,8.9096,65.4881,1.5539
1992-10-16,44007,Providence,20.8857,8.7919,71.439,4.1824
1992-10-17,44007,Providence,16.8459,0.7569,47.4763,4.3006
1992-10-18,44007,Providence,11.8387,-1.5927,50.7722,1.9209
1992-10-19,44007,Providence,8.9581,2.7935,67.1355,2.5572
1992-10-20,44007,Providence,11.4255,-0.1584,60.4343,2.1993
1992-10-21,44007,Providence,12.4038,5.1578,72.3094,1.9891
1992-10-22,44007,Providence,11.5104,4.38,60.0657,2.8148
1992-10-23,44007,Providence,13.9364,3.3112,56.317,2.531
1992-10-24,44007,Providence,13.7124,5.0853,78.6135,4.3965
1992-10-25,44007,Providence,13.4189,1.0637,63.6408,4.9004
1992-10-26,44007,Providence,10.4135,-1.7932,55.4307,4.9033
1992-10-27,44007,Providence,10.6215,1.6958,54.6562,3.7081
1992-10-28,44007,Providence,12.1543,0.1895,54.7069,2.0694
1992-10-29,44007,Providence,15.212,3.907,65.8707,1.9269
1992-10-30,44007,Providence,14.2211,5.6766,61.6934,2.4199
1992-10-31,44007,Providence,8.7445,2.3687,67.3717,3.085
1992-11-01,44007,Providence,5.8086,-2.9999,56.0735,3.2307
1992-11-02,44007,Providence,5.4511,-3.7118,64.398,2.7909
1992-11-03,44007,Providence,11.1641,1.5791,77.9898,3.5575
1992-11-04,44007,Providence,15.6124,2.1831,75.7402,3.3981
1992-11-05,44007,Providence,14.6985,5.0424,66.8902,1.6697
1992-11-06,44007,Providence,9.3953,2.4061,60.9286,3.4309
1992-11-07,44007,Providence,4.7278,-0.9597,54.5684,2.272
1992-11-08,44007,Providence,3.4074,-2.4371,49.6645,3.0144
1992-11-09,44007,Providence,2.3374,-3.7713,50.8006,2.1792
1992-11-10,44007,Providence,4.8232,-4.324,56.5545,1.9053
1992-11-11,44007,Providence,10.584,0.5106,80.619,4.7822
1992-11-12,44007,Providence,12.9835,4.031,77.7502,3.5833
1992-11-13,44007,Providence,15.5049,0.5786,63.044,5.4458
1992-11-14,44007,Providence,7.0165,-1.5037,43.1457,2.9855
1992-11-15,44007,Providence,5.7582,-2.1943,48.6672,2.2057
1992-11-16,44007,Providence,3.26,-4.607,48.5349,2.4896
1992-11-17,44007,Providence,6.3416,-2.0172,66.7799,1.9348
1992-11-18,44007,Providence,5.7056,-0.1903,63.6105,1.8496
1992-11-19,44007,Providence,3.6779,-1.9345,58.2038,2.0256
1992-11-20,44007,Providence,4.0977,-5.6263,55.1573,1.8231
1992-11-21,44007,Providence,11.8209,-2.072,80.252,4.2896
1992-11-22,44007,Providence,13.7318,8.9464,80.7743,3.2623
1992-11-23,44007,Providence,18.2604,6.3384,74.6473,3.5801
1992-11-24,44007,Providence,8.4949,2.3258,71.0619,3.5567
1992-11-25,44007,Providence,10.2383,3.227,75.8648,2.0541
1992-11-26,44007,Providence,12.8573,3.116,83.9222,2.3205
1992-11-27,44007,Providence,12.4456,2.5287,63.2588,3.0529
1992-11-28,44007,Providence,9.6579,0.1964,62.666,1.1432
1992-11-29,44007,Providence,8.052,2.0591,58.1574,2.8336
1992-11-30,44007,Providence,6.8044,0.1986,58.002,4.0621
1992-12-01,44007,Providence,6.7994,0.448,58.6907,1.8474
1992-12-02,44007,Providence,7.8568,-0.4686,66.5748,2.5929
1992-12-03,44007,Providence,6.32,-0.112,73.3609,4.0824
1992-12-04,44007,Providence,4.2465,-3.0371,59.3616,3.7222
1992-12-05,44007,Providence,3.4047,-6.844,66.875,5.1778
1992-12-06,44007,Providence,-0.0363,-8.8143,46.9319,6.2823
1992-12-07,44007,Providence,3.6335,-2.8074,52.9316,4.9087
1992-12-08,44007,Providence,0.0188,-8.0946,36.774,4.6627
1992-12-09,44007,Providence,-3.4408,-10.7387,45.927,3.6898
1992-12-10,44007,Providence,1.7566,-9.0581,71.5186,4.8644
1992-12-11,44007,Providence,4.9373,-0.9339,81.7814,10.3804
1992-12-12,44007,Providence,3.837,-0.2422,74.473,9.8818
1992-12-13,44007,Providence,3.334,-2.3157,73.1906,7.334
1992-12-14,44007,Providence,4.4176,-3.667,65.6271,3.6936
1992-12-15,44007,Providence,5.4241,-4.2619,59.658,1.7448
1992-12-16,44007,Providence,5.4731,-4.6252,81.4767,3.3454
1992-12-17,44007,Providence,8.5704,0.0469,75.5484,2.8912
1992-12-18,44007,Providence,5.2312,-4.2581,61.4723,3.6852
1992-12-19,44007,Providence,5.2367,-4.1301,69.8815,2.7019
1992-12-20,44007,Providence,8.9295,-2.4642,72.2407,5.1768
1992-12-21,44007,Providence,0.0593,-5.0134,38.6681,2.7641
1992-12-22,44007,Providence,5.6744,-4.2453,61.2024,2.5208
1992-12-23,44007,Providence,4.9731,-2.6296,69.9781,2.8196
1992-12-24,44007,Providence,2.1441,-13.342,52.2757,6.4651
1992-12-25,44007,Providence,2.421,-13.5987,54.8305,5.5457
1992-12-26,44007,Providence,1.9963,-8.3252,36.7764,6.2988
1992-12-27,44007,Providence,-4.624,-11.7641,37.9711,2.4487
1992-12-28,44007,Providence,3.4925,-7.7715,100.0,1.7724
1992-12-29,44007,Providence,8.6531,0.6897,77.6307,1.5867
1992-12-30,44007,Providence,9.3997,1.6991,75.99,2.0209
1992-12-31,44007,Providence,8.8303,0.9279,79.7402,2.0894
1993-01-01,44007,Providence,7.2217,-7.9212,44.1615,5.9139
1993-01-02,44007,Providence,-1.9782,-8.6113,38.3055,4.368
1993-01-03,44007,Providence,2.8897,-11.171,61.7111,3.0871
1993-01-04,44007,Providence,8.9663,-0.6107,80.5812,5.9184
1993-01-05,44007,Providence,14.5983,-0.182,75.1338,6.1717
1993-01-06,44007,Providence,5.156,-3.3918,60.5847,1.5147
1993-01-07,44007,Providence,4.6988,-3.3622,58.2721,1.6676
1993-01-08,44007,Providence,4.8912,-3.2261,61.4042,2.3405
1993-01-09,44007,Providence,0.5299,-7.8219,46.4943,5.4969
1993-01-10,44007,Providence,-4.0532,-9.0129,48.4945,4.2192
1993-01-11,44007,Providence,-0.8648,-8.546,73.0726,1.3031
1993-01-12,44007,Providence,1.0931,-4.8438,78.1283,1.0133
1993-01-13,44007,Providence,1.5387,-3.5568,78.8092,4.245
1993-01-14,44007,Providence,-0.1149,-6.7066,66.5542,2.686
1993-01-15,44007,Providence,1.2815,-6.362,78.6576,1.8077
1993-01-16,44007,Providence,1.3133,-5.3968,64.3585,1.5122
1993-01-17,44007,Providence,1.082,-5.5964,69.1387,3.7076
1993-01-18,44007,Providence,0.4062,-10.6129,42.0001,5.3246
1993-01-19,44007,Providence,-4.0276,-12.31,48.9709,3.6477
1993-01-20,44007,Providence,1.2931,-10.7678,60.4168,3.6809
1993-01-21,44007,Providence,2.6749,-6.4281,67.2798,2.1585
1993-01-22,44007,Providence,5.3834,-2.707,80.4138,3.4075
1993-01-23,44007,Providence,5.7089,-3.0856,69.4485,3.5491
1993-01-24,44007,Providence,8.6479,-3.2882,74.0711,4.8067
1993-01-25,44007,Providence,8.11,-4.5443,39.8384,5.89
1993-01-26,44007,Providence,0.1082,-6.6746,41.1708,2.7328
1993-01-27,44007,Providence,3.42,-5.8172,62.6124,3.4633
1993-01-28,44007,Providence,0.5243,-6.1155,40.4033,4.5314
1993-01-29,44007,Providence,3.4919,-9.7657,49.7839,5.9899
1993-01-30,44007,Providence,-2.7936,-11.4197,36.1673,5.5482
1993-01-31,44007,Providence,1.2956,-10.8255,69.2757,1.8057
1993-02-01,44007,Providence,0.4554,-14.9331,50.0669,5.8354
1993-02-02,44007,Providence,-4.5138,-15.0953,50.6499,5.3247
1993-02-03,44007,Providence,2.7353,-11.689,52.6099,3.5034
1993-02-04,44007,Providence,0.3416,-9.552,46.16,5.4366
1993-02-05,44007,Providence,5.3968,-10.0865,42.3769,4.2969
1993-02-06,44007,Providence,1.7524,-15.6494,36.6327,4.883
1993-02-07,44007,Providence,-4.7278,-17.3878,55.3726,2.3364
1993-02-08,44007,Providence,2.4494,-8.3205,53.7808,3.8436
1993-02-09,44007,Providence,-2.2516,-12.575,39.047,2.4467
1993-02-10,44007,Providence,5.8013,-7.8807,62.5659,3.4053
1993-02-11,44007,Providence,2.8881,-5.8812,44.8405,4.4346
1993-02-12,44007,Providence,2.9499,-6.393,64.0116,7.277
1993-02-13,44007,Providence,4.6524,-3.5902,67.3965,4.7471
1993-02-14,44007,Providence,1.1415,-6.1202,50.8709,4.7392
1993-02-15,44007,Providence,0.955,-9.0943,49.6571,2.7455
1993-02-16,44007,Providence,6.8045,-3.6024,63.1713,4.8136
1993-02-17,44007,Providence,6.4963,-6.8482,52.9145,5.6608
1993-02-18,44007,Providence,-0.1799,-8.0676,43.3027,1.7794
1993-02-19,44007,Providence,-2.5708,-10.7203,45.71,4.2411
1993-02-20,44007,Providence,-3.1076,-12.623,47.7181,2.6413
1993-02-21,44007,Providence,-0.3837,-11.4467,58.8375,4.1894
1993-02-22,44007,Providence,4.8768,-3.7628,67.7564,1.7996
1993-02-23,44007,Providence,2.5059,-6.0035,57.2341,3.2556
1993-02-24,44007,Providence,-2.4199,-11.1264,39.1955,5.2652
1993-02-25,44007,Providence,-5.6697,-13.5675,38.4538,4.6149
1993-02-26,44007,Providence,-1.9745,-14.1786,43.5731,1.3581
1993-02-27,44007,Providence,-0.8028,-11.4129,51.2573,4.9776
1993-02-28,44007,Providence,0.9892,-8.321,40.9969,5.7712
1993-03-01,44007,Providence,3.2711,-9.5345,36.3593,3.6644
1993-03-02,44007,Providence,5.9675,-5.9532,50.5916,2.4872
1993-03-03,44007,Providence,7.4798,-2.4357,49.203,1.8302
1993-03-04,44007,Providence,5.0157,-2.6295,58.1697,7.359
1993-03-05,44007,Providence,2.943,-3.4422,70.3429,7.6899
1993-03-06,44007,Providence,2.3712,-5.0426,64.5974,3.4949
1993-03-07,44007,Providence,5.6162,-3.1616,54.4832,3.6132
1993-03-08,44007,Providence,9.3626,-2.6484,60.443,1.9704
1993-03-09,44007,Providence,7.016,-1.1186,61.6941,3.9362
1993-03-10,44007,Providence,6.3437,-3.2777,55.1101,2.5335
1993-03-11,44007,Providence,4.6241,-5.0392,60.1865,4.5294
1993-03-12,44007,Providence,-0.2563,-7.7732,35.9931,3.5923
1993-03-13,44007,Providence,4.0205,-7.5573,66.6719,6.5814
1993-03-14,44007,Providence,4.2092,-10.6993,48.9892,7.9829
1993-03-15,44007,Providence,-1.9663,-13.8357,33.2229,4.9874
1993-03-16,44007,Providence,3.6499,-7.6522,60.8561,5.853
1993-03-17,44007,Providence,8.5479,-0.8785,71.0854,5.1755
1993-03-18,44007,Providence,1.6144,-10.7394,42.8951,5.8978
1993-03-19,44007,Providence,0.427,-12.6053,50.7865,2.4437
1993-03-20,44007,Providence,4.0306,-7.5061,48.5847,1.666
1993-03-21,44007,Providence,5.4677,-3.0048,65.027,2.3635
1993-03-22,44007,Providence,6.4919,-3.5055,51.0589,3.2031
1993-03-23,44007,Providence,7.8789,-3.6591,46.6743,1.7224
1993-03-24,44007,Providence,6.5822,-0.436,67.8772,3.8767
1993-03-25,44007,Providence,9.4878,-0.478,64.5217,3.7265
1993-03-26,44007,Providence,15.9737,2.0138,55.2824,1.2402
1993-03-27,44007,Providence,17.3546,4.4118,50.1413,1.5836
1993-03-28,44007,Providence,12.9866,4.0464,71.7747,2.581
1993-03-29,44007,Providence,11.8329,3.8269,72.1436,3.8731
1993-03-30,44007,Providence,10.3859,3.0505,67.4558,3.5273
1993-03-31,44007,Providence,14.4503,1.9693,47.4777,2.7795
1993-04-01,44007,Providence,7.8031,1.538,73.0551,4.949
1993-04-02,44007,Providence,9.3897,-0.033,64.4689,3.6842
1993-04-03,44007,Providence,6.2537,-0.8706,60.6227,2.7852
1993-04-04,44007,Providence,4.8516,-1.3222,59.0948,3.0771
1993-04-05,44007,Providence,11.5456,-2.0003,44.2088,1.8815
1993-04-06,44007,Providence,10.4934,-0.6301,46.1634,3.307
1993-04-07,44007,Providence,13.1144,-0.901,37.2307,3.1653
1993-04-08,44007,Providence,16.4486,0.2171,37.3451,1.328
1993-04-09,44007,Providence,16.9603,4.0848,55.3793,2.584
1993-04-10,44007,Providence,16.6255,4.9395,74.5087,4.5495
1993-04-11,44007,Providence,16.1686,8.9816,71.6158,1.9977
1993-04-12,44007,Providence,11.4214,4.9575,72.4995,3.7528
1993-04-13,44007,Providence,12.1001,5.1202,63.979,3.8525
1993-04-14,44007,Providence,14.2499,4.7675,54.4071,1.7141
1993-04-15,44007,Providence,13.8909,5.7885,61.4895,3.3669
1993-04-16,44007,Providence,19.2572,7.4751,69.2496,6.0848
1993-04-17,44007,Providence,17.4544,7.8672,64.7387,5.0802
1993-04-18,44007,Providence,11.5352,3.3011,51.7331,3.4035
1993-04-19,44007,Providence,19.0395,1.0674,48.0057,4.6088
1993-04-20,44007,Providence,18.5795,5.4701,57.8048,4.8627
1993-04-21,44007,Providence,18.5407,7.383,66.3577,3.4765
1993-04-22,44007,Providence,16.8709,8.355,70.9196,2.4764
1993-04-23,44007,Providence,10.4586,4.8428,58.4702,5.306
1993-04-24,44007,Providence,17.1219,1.8112,37.9923,3.0846
1993-04-25,44007,Providence,19.9804,5.9281,58.8302,5.1665
1993-04-26,44007,Providence,18.9568,7.2563,68.4186,3.2889
1993-04-27,44007,Providence,9.0781,-0.202,58.6114,6.0926
1993-04-28,44007,Providence,12.4629,-0.5518,46.7631,3.9243
1993-04-29,44007,Providence,16.5547,-0.528,50.4653,3.4668
1993-04-30,44007,Providence,19.8544,3.083,55.3311,3.2902
1993-05-01,44007,Providence,23.7312,5.985,54.0104,1.6653
1993-05-02,44007,Providence,22.431,8.2817,46.4541,2.8502
1993-05-03,44007,Providence,19.5796,5.3818,56.9794,3.1752
1993-05-04,44007,Providence,22.5559,5.4305,63.2716,2.419
1993-05-05,44007,Providence,22.8616,11.874,68.3207,3.724
1993-05-06,44007,Providence,25.0098,13.4814,55.728,3.179
1993-05-07,44007,Providence,22.6111,10.569,51.8338,2.6428
1993-05-08,44007,Providence,22.2588,8.6831,55.3346,1.9003
1993-05-09,44007,Providence,27.2519,8.7057,43.4943,1.8826
1993-05-10,44007,Providence,20.012,9.4665,58.9485,2.7049
1993-05-11,44007,Providence,29.752,8.9259,51.4685,3.3055
1993-05-12,44007,Providence,26.2657,13.3081,48.9236,2.0244
1993-05-13,44007,Providence,22.2816,12.6037,53.5833,1.9289
1993-05-14,44007,Providence,18.5259,9.289,53.5376,1.9777
1993-05-15,44007,Providence,20.3902,8.0527,57.2247,2.929
1993-05-16,44007,Providence,27.0127,9.4755,54.82,2.6272
1993-05-17,44007,Providence,19.1468,9.4061,49.0884,2.7172
1993-05-18,44007,Providence,19.7079,8.3228,57.08,2.6168
1993-05-19,44007,Providence,15.8119,8.8186,72.8198,1.9021
1993-05-20,44007,Providence,15.2669,7.5216,76.7165,1.7476
1993-05-21,44007,Providence,20.246,9.3003,56.1202,2.1397
1993-05-22,44007,Providence,20.4448,9.5117,49.5089,1.7938
1993-05-23,44007,Providence,20.841,7.3734,47.4526,2.9224
1993-05-24,44007,Providence,22.2933,8.7327,63.8502,3.2082
1993-05-25,44007,Providence,27.9479,14.24,57.3308,3.9685
1993-05-26,44007,Providence,20.9583,10.5547,54.9512,3.382
1993-05-27,44007,Providence,20.112,7.7996,51.0198,4.4338
1993-05-28,44007,Providence,21.2792,6.2504,59.1613,2.8794
1993-05-29,44007,Providence,22.5308,8.2829,52.5887,4.6929
1993-05-30,44007,Providence,19.2924,5.082,50.1463,3.6199
1993-05-31,44007,Providence,20.7761,9.5273,56.278,3.3303
1993-06-01,44007,Providence,20.9377,9.3178,66.7169,3.8314
1993-06-02,44007,Providence,19.3947,5.3516,53.8239,3.6215
1993-06-03,44007,Providence,22.6198,7.681,54.2905,3.3688
1993-06-04,44007,Providence,19.7688,11.6254,55.7246,2.071
1993-06-05,44007,Providence,20.6447,9.5347,58.7631,2.9308
1993-06-06,44007,Providence,17.3942,10.558,71.7998,2.1784
1993-06-07,44007,Providence,23.7268,8.6583,54.9189,3.4503
1993-06-08,44007,Providence,25.2479,10.7145,59.2649,2.0325
1993-06-09,44007,Providence,27.3776,14.214,69.0695,2.9583
1993-06-10,44007,Providence,29.227,18.1668,57.2199,4.3205
1993-06-11,44007,Providence,24.9324,15.1926,60.2498,3.3805
1993-06-12,44007,Providence,24.1615,12.0021,61.3895,1.9833
1993-06-13,44007,Providence,25.2724,10.0809,61.0182,2.7104
1993-06-14,44007,Providence,28.2499,12.22,57.3395,3.4754
1993-06-15,44007,Providence,26.0479,12.6887,65.8564,4.41
1993-06-16,44007,Providence,27.6616,16.3082,58.4993,2.7513
1993-06-17,44007,Providence,24.8006,13.9485,58.6998,1.4293
1993-06-18,44007,Providence,29.6262,13.7789,63.7178,3.3921
1993-06-19,44007,Providence,31.0275,19.3059,61.4194,2.7461
1993-06-20,44007,Providence,23.6416,17.5781,72.7456,1.9026
1993-06-21,44007,Providence,30.0727,17.0716,67.7349,3.5244
1993-06-22,44007,Providence,28.4637,16.2027,59.1127,4.8309
1993-06-23,44007,Providence,23.9092,11.0205,45.0334,4.7553
1993-06-24,44007,Providence,25.8688,8.6839,44.4126,2.1904
1993-06-25,44007,Providence,28.2478,11.9851,51.0789,3.3103
1993-06-26,44007,Providence,29.8887,14.2327,62.991,4.925
1993-06-27,44007,Providence,28.4415,18.0242,65.8839,2.6182
1993-06-28,44007,Providence,30.6125,17.5197,60.0085,4.0015
1993-06-29,44007,Providence,29.8588,18.645,52.2773,2.1299
1993-06-30,44007,Providence,27.1395,16.7639,56.5031,1.1684
1993-07-01,44007,Providence,26.6169,13.0306,57.3975,2.4112
1993-07-02,44007,Providence,23.4455,10.9903,66.8506,1.8585
1993-07-03,44007,Providence,24.0957,15.3503,87.5684,2.0251
1993-07-04,44007,Providence,30.4913,18.8537,59.7498,2.4277
1993-07-05,44007,Providence,28.6345,15.5996,57.7564,2.0258
1993-07-06,44007,Providence,31.308,14.4831,64.1451,3.9594
1993-07-07,44007,Providence,32.7604,19.4621,73.7105,2.9946
1993-07-08,44007,Providence,32.2065,23.3379,70.2981,1.5507
1993-07-09,44007,Providence,33.781,23.1241,60.448,2.1987
1993-07-10,44007,Providence,35.7642,21.7315,56.754,3.091
1993-07-11,44007,Providence,32.2122,17.9644,53.4413,3.0354
1993-07-12,44007,Providence,30.6118,17.9259,65.2497,2.7049
1993-07-13,44007,Providence,30.6166,16.7518,45.9762,3.1297
1993-07-14,44007,Providence,31.5717,14.8417,53.2425,2.3909
1993-07-15,44007,Providence,29.4883,15.2974,57.1429,3.8317
1993-07-16,44007,Providence,27.5424,11.5919,47.9254,4.0016
1993-07-17,44007,Providence,25.6255,11.7279,53.761,3.5732
1993-07-18,44007,Providence,28.6744,14.56,45.0651,2.2662
1993-07-19,44007,Providence,21.4905,13.5704,90.8447,2.9033
1993-07-20,44007,Providence,29.4748,17.1329,70.9487,1.8884
1993-07-21,44007,Providence,27.4765,16.9276,56.9263,3.4869
1993-07-22,44007,Providence,26.0132,12.6531,54.3275,3.7433
1993-07-23,44007,Providence,22.7096,12.8844,68.3509,3.2525
1993-07-24,44007,Providence,27.032,12.5894,59.7833,2.1564
1993-07-25,44007,Providence,28.3075,13.6956,55.0573,2.2505
1993-07-26,44007,Providence,23.0765,12.0442,63.4852,2.5708
1993-07-27,44007,Providence,23.4311,13.9917,88.7036,3.6409
1993-07-28,44007,Providence,28.8854,18.895,73.5768,1.8715
1993-07-29,44007,Providence,28.8611,20.8212,77.2688,2.8468
1993-07-30,44007,Providence,29.8306,18.7873,64.1349,2.8583
1993-07-31,44007,Providence,26.478,17.3452,71.2277,1.9622
1993-08-01,44007,Providence,27.3736,18.4869,75.6901,2.1595
1993-08-02,44007,Providence,29.6607,17.9567,76.4225,3.6543
1993-08-03,44007,Providence,33.1459,19.9388,61.7656,2.8316
1993-08-04,44007,Providence,32.642,19.8329,59.5608,2.3739
1993-08-05,44007,Providence,26.8838,15.0143,55.9892,2.9857
1993-08-06,44007,Providence,25.0988,11.3451,57.1413,1.9573
1993-08-07,44007,Providence,21.4014,13.2,74.5039,2.3238
1993-08-08,44007,Providence,26.4226,12.5609,70.8879,1.7503
1993-08-09,44007,Providence,27.5943,15.5074,64.9893,1.884
1993-08-10,44007,Providence,28.1549,13.6513,57.3474,2.4905
1993-08-11,44007,Providence,28.3579,12.3775,62.7712,2.226
1993-08-12,44007,Providence,25.8627,12.2373,68.525,1.4286
1993-08-13,44007,Providence,26.6826,15.7173,70.2116,1.1263
1993-08-14,44007,Providence,29.1828,16.9737,69.567,1.5649
1993-08-15,44007,Providence,29.6463,18.4092,66.3946,1.4855
1993-08-16,44007,Providence,28.0435,17.6118,72.9404,2.3084
1993-08-17,44007,Providence,23.7969,17.3391,89.4884,2.3796
1993-08-18,44007,Providence,25.5816,16.6157,79.3763,2.7367
1993-08-19,44007,Providence,27.2763,14.4666,71.544,1.9104
1993-08-20,44007,Providence,27.7254,15.735,84.1291,3.482
1993-08-21,44007,Providence,25.6444,16.533,71.6425,2.9794
1993-08-22,44007,Providence,22.4117,13.686,62.8862,1.4794
1993-08-23,44007,Providence,26.2204,14.0188,67.2031,2.2638
1993-08-24,44007,Providence,28.339,15.2074,74.5782,4.1217
1993-08-25,44007,Providence,32.0884,18.2404,68.5431,3.0995
1993-08-26,44007,Providence,33.7082,18.8611,55.9914,1.957
1993-08-27,44007,Providence,34.0602,17.4352,59.6993,3.3531
1993-08-28,44007,Providence,34.4389,19.8667,65.8159,3.7077
1993-08-29,44007,Providence,27.8515,16.2798,59.4136,1.7309
1993-08-30,44007,Providence,28.8138,16.7253,59.4188,1.6676
1993-08-31,44007,Providence,29.3976,17.6195,73.2526,4.0427
1993-09-01,44007,Providence,31.1604,16.2562,62.9857,2.5073
1993-09-02,44007,Providence,24.2607,14.913,64.5445,2.2834
1993-09-03,44007,Providence,31.8804,16.7371,70.179,4.5979
1993-09-04,44007,Providence,25.3008,19.3867,80.2933,1.9926
1993-09-05,44007,Providence,27.627,17.3405,61.584,1.5745
1993-09-06,44007,Providence,28.0325,15.8554,56.8119,1.8127
1993-09-07,44007,Providence,26.9862,14.8584,65.0823,1.8314
1993-09-08,44007,Providence,21.673,14.8283,80.0352,1.6933
1993-09-09,44007,Providence,25.138,14.3587,73.9251,3.0424
1993-09-10,44007,Providence,24.306,17.3635,75.2115,4.0106
1993-09-11,44007,Providence,17.9828,8.2579,58.56,4.2232
1993-09-12,44007,Providence,18.9793,6.3428,65.5837,2.6812
1993-09-13,44007,Providence,24.8092,12.8511,67.7313,4.6213
1993-09-14,44007,Providence,28.4,15.7348,65.4116,5.0041
1993-09-15,44007,Providence,29.2845,17.5589,70.5495,5.055
1993-09-16,44007,Providence,20.5669,10.206,75.2404,4.2042
1993-09-17,44007,Providence,15.8051,7.6172,95.9475,2.8883
1993-09-18,44007,Providence,19.1681,12.4126,86.7615,1.4835
1993-09-19,44007,Providence,18.2955,5.5699,66.2926,3.3014
1993-09-20,44007,Providence,14.595,2.1867,52.4538,2.4038
1993-09-21,44007,Providence,11.9636,7.9173,82.6552,1.818
1993-09-22,44007,Providence,15.3614,9.3231,85.5488,3.2431
1993-09-23,44007,Providence,17.9273,10.2475,87.4086,3.1232
1993-09-24,44007,Providence,16.9375,7.9206,62.4177,3.1314
1993-09-25,44007,Providence,18.124,5.8872,66.1757,2.8925
1993-09-26,44007,Providence,20.3842,10.3359,99.6232,4.0784
1993-09-27,44007,Providence,23.9649,16.4831,83.5975,3.8125
1993-09-28,44007,Providence,17.5042,9.5592,73.1839,5.2705
1993-09-29,44007,Providence,16.2264,6.3379,61.2824,3.2532
1993-09-30,44007,Providence,13.6092,2.9427,63.2018,2.4545
1993-10-01,44007,Providence,14.7368,3.144,57.9026,2.5588
1993-10-02,44007,Providence,19.8011,7.2848,71.8388,4.5236
1993-10-03,44007,Providence,16.3688,4.867,72.5985,3.3287
1993-10-04,44007,Providence,19.4156,4.1119,61.6593,5.7789
1993-10-05,44007,Providence,14.066,3.9921,57.8472,3.4935
1993-10-06,44007,Providence,14.7741,2.7157,53.8705,2.8234
1993-10-07,44007,Providence,20.2836,7.948,65.0614,5.5771
1993-10-08,44007,Providence,24.8041,10.5608,61.8652,3.4682
1993-10-09,44007,Providence,23.2345,13.075,66.0179,3.2864
1993-10-10,44007,Providence,16.1255,-2.2185,47.4064,3.9563
1993-10-11,44007,Providence,9.2723,-4.2632,52.2175,2.68
1993-10-12,44007,Providence,13.2295,-0.7165,87.9171,3.599
1993-10-13,44007,Providence,11.9411,-0.0008,59.5692,3.9105
1993-10-14,44007,Providence,11.52,-1.6884,57.9558,1.4802
1993-10-15,44007,Providence,14.4623,6.1711,74.243,1.4354
1993-10-16,44007,Providence,18.7448,6.9566,64.2159,2.6195
1993-10-17,44007,Providence,18.5514,7.6943,81.4177,2.0452
1993-10-18,44007,Providence,19.2405,6.293,63.7507,3.714
1993-10-19,44007,Providence,13.596,2.7845,59.7077,1.5168
1993-10-20,44007,Providence,10.9768,6.1279,79.371,3.9493
1993-10-21,44007,Providence,19.8364,6.7624,79.4279,5.2824
1993-10-22,44007,Providence,12.6624,3.6332,55.1589,4.7931
1993-10-23,44007,Providence,9.6934,0.9439,52.7461,3.6166
1993-10-24,44007,Providence,15.2779,-0.0327,60.0682,5.167
1993-10-25,44007,Providence,17.6726,4.3879,52.1981,2.7938
1993-10-26,44007,Providence,12.1396,2.0522,67.1731,4.3413
1993-10-27,44007,Providence,11.9101,5.0508,82.2512,4.2702
1993-10-28,44007,Providence,13.2483,3.8418,58.9054,3.1282
1993-10-29,44007,Providence,13.4178,2.9796,59.2044,2.7102
1993-10-30,44007,Providence,13.0368,4.7646,71.0608,3.5298
1993-10-31,44007,Providence,7.7352,2.3621,81.3284,5.2047
1993-11-01,44007,Providence,9.9705,0.0054,67.3418,4.7874
1993-11-02,44007,Providence,7.7765,-3.0198,47.8154,3.318
1993-11-03,44007,Providence,12.2255,-1.6074,63.2422,3.4529
1993-11-04,44007,Providence,10.6208,-0.2669,65.325,3.1075
1993-11-05,44007,Providence,15.1014,1.7473,84.2794,4.5149
1993-11-06,44007,Providence,15.8917,4.4398,60.7013,3.6567
1993-11-07,44007,Providence,7.5755,-2.8953,49.5094,3.4433
1993-11-08,44007,Providence,7.181,-4.0191,51.4633,2.952
1993-11-09,44007,Providence,10.5686,-3.05,51.8783,2.7727
1993-11-10,44007,Providence,11.4742,-1.9132,45.9214,2.0965
1993-11-11,44007,Providence,11.5315,-2.122,55.4385,3.418
1993-11-12,44007,Providence,12.9956,-0.8661,54.4909,4.2131
1993-11-13,44007,Providence,10.5446,-3.0821,67.1655,3.4908
1993-11-14,44007,Providence,20.4699,6.9312,68.5827,4.2085
1993-11-15,44007,Providence,22.6068,10.3561,59.4676,4.8774
1993-11-16,44007,Providence,13.2261,3.5012,56.3388,2.4029
1993-11-17,44007,Providence,12.9904,1.6675,77.2252,3.2728
1993-11-18,44007,Providence,13.2695,-0.6338,53.2798,3.6119
1993-11-19,44007,Providence,11.4502,-1.3348,78.8894,3.8419
1993-11-20,44007,Providence,11.5082,-3.298,60.5734,6.0826
1993-11-21,44007,Providence,4.872,-3.4275,50.5127,4.8307
1993-11-22,44007,Providence,11.1379,-1.3821,54.1377,4.1918
1993-11-23,44007,Providence,11.0366,-1.3817,56.5564,2.0395
1993-11-24,44007,Providence,13.2974,0.1973,56.8204,3.2213
1993-11-25,44007,Providence,3.0908,-7.0689,38.1153,3.6195
1993-11-26,44007,Providence,5.3324,-8.0449,36.202,2.0175
1993-11-27,44007,Providence,9.4709,-3.4327,72.1804,4.3658
1993-11-28,44007,Providence,16.1356,5.743,78.6317,7.4094
1993-11-29,44007,Providence,12.1407,-0.3995,44.0939,2.3175
1993-11-30,44007,Providence,5.4252,-4.2646,53.9695,2.9924
1993-12-01,44007,Providence,3.4299,-5.3203,54.8398,1.9568
1993-12-02,44007,Providence,7.0628,-3.6326,69.0561,1.9151
1993-12-03,44007,Providence,9.7558,-0.7064,70.0731,2.5581
1993-12-04,44007,Providence,7.2069,-1.6751,74.7357,1.9747
1993-12-05,44007,Providence,13.6742,1.8961,78.2891,5.3037
1993-12-06,44007,Providence,6.3921,-1.7009,67.6279,2.8073
1993-12-07,44007,Providence,8.8182,-0.8187,59.6244,2.9563
1993-12-08,44007,Providence,6.0855,-0.8131,59.1554,1.4528
1993-12-09,44007,Providence,4.6425,-3.8573,58.53,1.6923
1993-12-10,44007,Providence,10.2504,-1.6063,82.4809,4.6975
1993-12-11,44007,Providence,10.8658,-5.4418,82.2403,4.4594
1993-12-12,44007,Providence,-0.2277,-6.4465,53.4783,5.6813
1993-12-13,44007,Providence,3.8631,-5.5697,56.3864,6.5787
1993-12-14,44007,Providence,4.721,-1.5057,78.5899,3.7041
1993-12-15,44007,Providence,8.6916,1.2236,74.9527,4.4201
1993-12-16,44007,Providence,5.5518,-3.9202,64.7232,7.3972
1993-12-17,44007,Providence,2.3177,-5.2437,49.452,2.606
1993-12-18,44007,Providence,3.7405,-4.2859,64.6847,2.4048
1993-12-19,44007,Providence,4.9111,-1.9175,78.514,2.4106
1993-12-20,44007,Providence,5.1872,-3.3665,71.4581,2.3698
1993-12-21,44007,Providence,12.2676,-0.4509,74.4042,7.4489
1993-12-22,44007,Providence,3.7367,-2.4801,55.4804,6.9793
1993-12-23,44007,Providence,2.2156,-6.1196,42.7172,3.2656
1993-12-24,44007,Providence,-0.7646,-8.7372,47.4411,2.2169
1993-12-25,44007,Providence,0.4934,-3.8725,70.9134,1.7702
1993-12-26,44007,Providence,-0.7167,-13.4723,36.1918,7.7407
1993-12-27,44007,Providence,-9.3538,-16.8684,30.4495,4.4828
1993-12-28,44007,Providence,-5.347,-12.27,38.5866,2.6961
1993-12-29,44007,Providence,-4.9493,-15.1032,67.9364,3.0911
1993-12-30,44007,Providence,-4.3344,-10.7063,64.5316,5.4529
1993-12-31,44007,Providence,-2.3946,-10.7316,45.1569,4.4221
1994-01-01,44007,Providence,3.0453,-9.2803,61.3058,4.3906
1994-01-02,44007,Providence,4.6449,-4.2254,58.2663,2.9684
1994-01-03,44007,Providence,-0.0249,-6.7905,54.3819,5.3669
1994-01-04,44007,Providence,2.6965,-4.6648,65.5322,6.1802
1994-01-05,44007,Providence,-0.2355,-11.7148,43.245,6.5949
1994-01-06,44007,Providence,-5.9192,-16.1993,49.7358,2.958
1994-01-07,44007,Providence,-3.2405,-10.2264,63.9878,4.8251
1994-01-08,44007,Providence,-0.3039,-11.1971,64.5747,5.3056
1994-01-09,44007,Providence,-7.1235,-15.2435,50.268,6.1977
1994-01-10,44007,Providence,-8.5411,-18.0138,49.4668,4.375
1994-01-11,44007,Providence,0.9595,-16.2512,63.0133,3.432
1994-01-12,44007,Providence,2.04,-6.4374,60.6249,2.4185
1994-01-13,44007,Providence,2.7205,-4.2185,62.2399,1.7409
1994-01-14,44007,Providence,2.1913,-4.1511,64.446,2.4447
1994-01-15,44007,Providence,-0.9802,-18.4891,29.5105,6.6904
1994-01-16,44007,Providence,-14.0252,-21.9798,40.7237,5.3882
1994-01-17,44007,Providence,5.1335,-18.5793,69.2854,5.4258
1994-01-18,44007,Providence,5.3637,-17.603,48.5236,5.9186
1994-01-19,44007,Providence,-13.8086,-20.6274,44.8619,4.5063
1994-01-20,44007,Providence,-10.6802,-19.268,47.4546,3.3284
1994-01-21,44007,Providence,-6.0038,-18.1958,53.4612,3.1359
1994-01-22,44007,Providence,-2.9148,-12.6442,47.8028,5.4527
1994-01-23,44007,Providence,-2.071,-15.2727,49.5609,3.1391
1994-01-24,44007,Providence,4.9031,-5.6052,58.9135,3.5711
1994-01-25,44007,Providence,1.5482,-5.931,51.3355,2.4321
1994-01-26,44007,Providence,-2.5072,-18.4959,45.5916,6.0662
1994-01-27,44007,Providence,-3.5619,-19.9628,52.9534,3.4096
1994-01-28,44007,Providence,7.1202,-6.7831,74.283,6.3924
1994-01-29,44007,Providence,5.3177,-3.1318,52.2044,3.8126
1994-01-30,44007,Providence,0.5217,-7.7089,34.56,3.4077
1994-01-31,44007,Providence,-0.886,-8.3058,33.8321,2.1594
1994-02-01,44007,Providence,-1.6259,-10.0699,41.1546,2.5013
1994-02-02,44007,Providence,-1.6094,-10.4544,47.1045,1.2394
1994-02-03,44007,Providence,1.3595,-11.5845,51.3564,4.6881
1994-02-04,44007,Providence,1.1285,-10.6109,48.5533,4.3845
1994-02-05,44007,Providence,4.9752,-5.1375,58.2954,2.4156
1994-02-06,44007,Providence,2.6528,-6.3432,44.2715,3.097
1994-02-07,44007,Providence,3.1919,-9.2373,48.2232,4.0374
1994-02-08,44007,Providence,-5.3496,-12.9656,52.1467,4.4426
1994-02-09,44007,Providence,-4.0081,-10.8892,64.1044,4.8638
1994-02-10,44007,Providence,-6.9014,-17.0527,52.8962,3.7466
1994-02-11,44007,Providence,-1.1459,-15.0646,68.1766,4.6497
1994-02-12,44007,Providence,0.7512,-9.7151,62.7205,3.6589
1994-02-13,44007,Providence,2.7317,-6.7123,69.0149,3.1151
1994-02-14,44007,Providence,-1.7532,-14.3657,46.3294,6.0579
1994-02-15,44007,Providence,-0.9312,-16.9746,56.786,2.2354
1994-02-16,44007,Providence,-0.643,-9.2587,58.5402,3.8788
1994-02-17,44007,Providence,2.3743,-11.3064,56.2822,3.6191
1994-02-18,44007,Providence,6.1052,-6.3299,51.8928,1.7265
1994-02-19,44007,Providence,7.9093,-4.1887,55.8328,3.5272
1994-02-20,44007,Providence,10.5577,-0.5262,58.0287,4.2963
1994-02-21,44007,Providence,8.5848,1.1121,65.0304,2.3088
1994-02-22,44007,Providence,5.9998,-4.1967,48.8032,3.7478
1994-02-23,44007,Providence,0.526,-7.2549,56.5703,5.9577
1994-02-24,44007,Providence,2.8674,-4.5561,68.1477,4.8875
1994-02-25,44007,Providence,-0.7408,-9.9043,50.368,5.7057
1994-02-26,44007,Providence,-4.6324,-15.8281,61.1255,4.6666
1994-02-27,44007,Providence,-6.2438,-18.7401,47.0385,6.6557
1994-02-28,44007,Providence,-2.0706,-15.7941,40.7773,4.2449
1994-03-01,44007,Providence,0.2661,-9.4421,42.0449,2.6045
1994-03-02,44007,Providence,0.6189,-9.2465,56.0532,4.3886
1994-03-03,44007,Providence,2.7818,-4.7506,80.2069,7.4939
1994-03-04,44007,Providence,4.7822,-3.4085,58.1812,4.8832
1994-03-05,44007,Providence,5.6184,-4.0237,55.8371,3.9701
1994-03-06,44007,Providence,3.9117,-2.8742,52.7376,2.1128
1994-03-07,44007,Providence,10.4683,-2.2357,68.9595,2.5778
1994-03-08,44007,Providence,11.6941,0.9494,65.5788,3.6526
1994-03-09,44007,Providence,4.8013,-3.0118,48.7552,3.121
1994-03-10,44007,Providence,9.5904,-1.1482,76.054,3.8437
1994-03-11,44007,Providence,6.375,-3.8559,53.7121,5.3444
1994-03-12,44007,Providence,4.1276,-5.3573,39.4359,2.4864
1994-03-13,44007,Providence,8.7628,-2.7966,55.6148,4.1906
1994-03-14,44007,Providence,12.4548,-0.2763,52.2333,1.0698
1994-03-15,44007,Providence,12.3178,0.4382,53.8257,2.0865
1994-03-16,44007,Providence,9.1674,-1.2791,58.5617,3.4136
1994-03-17,44007,Providence,2.0666,-5.9143,59.5397,5.7489
1994-03-18,44007,Providence,5.1185,-6.8947,55.8012,3.3764
1994-03-19,44007,Providence,4.8791,-2.3816,52.5696,4.9221
1994-03-20,44007,Providence,5.328,-3.2427,48.8119,4.6243
1994-03-21,44007,Providence,8.8044,-3.8266,57.4624,3.0055
1994-03-22,44007,Providence,8.4763,0.4427,67.7206,4.9836
1994-03-23,44007,Providence,18.4279,-1.3123,42.9713,3.1849
1994-03-24,44007,Providence,17.9675,4.2614,47.3283,2.3135
1994-03-25,44007,Providence,15.5434,1.4739,51.7335,2.8408
1994-03-26,44007,Providence,10.4147,-1.3125,42.2085,2.8805
1994-03-27,44007,Providence,8.8275,-0.8759,74.6095,3.4363
1994-03-28,44007,Providence,12.8796,4.0221,71.8373,1.494
1994-03-29,44007,Providence,8.4972,1.6976,66.422,2.9492
1994-03-30,44007,Providence,9.5698,-0.8091,50.774,3.2058
1994-03-31,44007,Providence,11.1291,-1.7876,43.4595,4.027
1994-04-01,44007,Providence,14.2668,0.4908,42.4296,2.2886
1994-04-02,44007,Providence,11.2513,1.562,48.2761,3.3598
1994-04-03,44007,Providence,17.2872,1.5507,57.1032,5.1103
1994-04-04,44007,Providence,15.6038,3.976,46.7754,1.55
1994-04-05,44007,Providence,15.7721,0.724,48.5421,3.0674
1994-04-06,44007,Providence,16.4339,2.0026,76.2923,3.1269
1994-04-07,44007,Providence,16.7458,1.9949,62.3605,4.8804
1994-04-08,44007,Providence,12.6826,-1.1381,34.3147,2.7577
1994-04-09,44007,Providence,12.4707,0.6497,50.4926,4.371
1994-04-10,44007,Providence,15.7404,5.6845,70.8704,4.7468
1994-04-11,44007,Providence,15.2616,3.9313,39.1381,3.2601
1994-04-12,44007,Providence,14.3691,3.9917,47.3297,1.8104
1994-04-13,44007,Providence,17.548,5.7246,73.5892,3.6642
1994-04-14,44007,Providence,17.8635,9.8123,55.9988,4.2673
1994-04-15,44007,Providence,24.8928,7.5638,46.1768,2.6178
1994-04-16,44007,Providence,18.8603,7.6633,66.2963,4.7326
1994-04-17,44007,Providence,15.6613,4.8569,41.773,4.5734
1994-04-18,44007,Providence,14.4593,2.956,37.206,3.7104
1994-04-19,44007,Providence,22.4542,2.9784,51.6974,3.3487
1994-04-20,44007,Providence,16.2258,2.2109,37.086,4.495
1994-04-21,44007,Providence,13.1078,0.1847,37.5638,3.3094
1994-04-22,44007,Providence,13.4138,0.5043,34.8176,3.0811
1994-04-23,44007,Providence,14.8293,-0.6462,37.2319,3.3934
1994-04-24,44007,Providence,22.4136,3.4789,41.3672,4.6415
1994-04-25,44007,Providence,14.3274,5.8882,60.3931,3.0657
1994-04-26,44007,Providence,18.02,5.0117,60.5359,3.0356
1994-04-27,44007,Providence,26.7559,7.4415,55.1201,4.078
1994-04-28,44007,Providence,18.8765,7.0568,51.4521,3.2474
1994-04-29,44007,Providence,14.6316,5.8214,55.7769,2.9602
1994-04-30,44007,Providence,22.8324,9.448,50.9037,2.2987
1994-05-01,44007,Providence,22.6175,10.3638,60.1504,4.2013
1994-05-02,44007,Providence,14.4418,4.1845,45.0616,3.6858
1994-05-03,44007,Providence,17.6511,1.602,37.5268,2.6575
1994-05-04,44007,Providence,16.5113,4.2819,48.9409,2.8233
1994-05-05,44007,Providence,12.6583,6.1523,70.3302,4.3771
1994-05-06,44007,Providence,18.4892,4.8576,57.3385,3.0806
1994-05-07,44007,Providence,20.3959,5.038,52.9409,2.7167
1994-05-08,44007,Providence,20.1558,8.9315,67.6778,3.77
1994-05-09,44007,Providence,22.3898,9.8419,48.1863,4.205
1994-05-10,44007,Providence,21.5408,8.4957,43.6508,2.9063
1994-05-11,44007,Providence,19.2826,3.9118,45.1585,3.4294
1994-05-12,44007,Providence,20.0425,8.593,57.6444,4.8482
1994-05-13,44007,Providence,12.8938,3.4786,46.0422,5.6047
1994-05-14,44007,Providence,18.304,1.3371,41.2157,4.3736
1994-05-15,44007,Providence,23.1135,4.7743,45.3484,2.1386
1994-05-16,44007,Providence,16.6414,7.7255,68.8596,2.9535
1994-05-17,44007,Providence,12.9311,6.2033,67.4203,3.7302
1994-05-18,44007,Providence,15.6773,5.0586,63.3806,2.879
1994-05-19,44007,Providence,10.9458,5.8745,66.6698,3.2298
1994-05-20,44007,Providence,13.2425,5.2265,59.3795,2.5486
1994-05-21,44007,Providence,20.8814,3.703,53.3184,1.5174
1994-05-22,44007,Providence,24.6397,8.4475,52.596,1.7302
1994-05-23,44007,Providence,28.4749,10.383,53.6648,1.4706
1994-05-24,44007,Providence,24.765,12.6401,59.3009,1.618
1994-05-25,44007,Providence,26.3082,11.7666,62.0366,3.215
1994-05-26,44007,Providence,24.5836,15.1631,65.5472,3.0994
1994-05-27,44007,Providence,18.4654,8.044,54.9355,3.9616
1994-05-28,44007,Providence,18.7188,5.5251,47.9937,3.7922
1994-05-29,44007,Providence,23.2562,8.6769,50.8425,3.8956
1994-05-30,44007,Providence,24.609,9.1982,57.8553,5.1812
1994-05-31,44007,Providence,25.2722,12.4072,59.9946,5.5987
1994-06-01,44007,Providence,26.1458,13.4997,66.6173,4.3562
1994-06-02,44007,Providence,17.4237,8.8255,55.576,4.4194
1994-06-03,44007,Providence,21.0313,7.3345,58.5982,3.3314
1994-06-04,44007,Providence,24.7753,8.5002,50.1705,1.9008
1994-06-05,44007,Providence,24.2599,11.35,57.571,3.2254
1994-06-06,44007,Providence,23.2604,12.4152,78.0021,4.2213
1994-06-07,44007,Providence,29.4032,16.5998,65.9306,3.5532
1994-06-08,44007,Providence,23.5162,13.2338,59.506,2.5643
1994-06-09,44007,Providence,24.1617,9.1977,53.6262,3.0607
1994-06-10,44007,Providence,24.5664,10.8822,48.0068,1.7987
1994-06-11,44007,Providence,24.1677,10.3347,58.6276,2.6551
1994-06-12,44007,Providence,22.6773,14.3593,79.5578,3.7026
1994-06-13,44007,Providence,27.2535,16.9932,74.0632,3.9488
1994-06-14,44007,Providence,27.1667,18.2244,77.2668,3.5301
1994-06-15,44007,Providence,30.0116,19.5334,72.1575,2.1721
1994-06-16,44007,Providence,27.8546,16.7662,70.5032,1.7951
1994-06-17,44007,Providence,29.0667,15.2097,71.6331,3.6591
1994-06-18,44007,Providence,31.367,19.903,71.0347,3.4024
1994-06-19,44007,Providence,32.7078,20.7676,63.0143,2.6824
1994-06-20,44007,Providence,27.6782,16.3208,58.5569,1.4994
1994-06-21,44007,Providence,22.8265,15.5483,79.499,4.0419
1994-06-22,44007,Providence,26.0344,14.9012,60.4549,3.6122
1994-06-23,44007,Providence,28.3542,12.9538,57.0066,3.2174
1994-06-24,44007,Providence,26.4479,17.9313,70.925,2.2276
1994-06-25,44007,Providence,28.8779,17.3868,74.8518,3.1683
1994-06-26,44007,Providence,28.1434,17.5566,62.8439,4.5058
1994-06-27,44007,Providence,29.2832,16.4157,73.3724,4.2752
1994-06-28,44007,Providence,25.6388,18.303,74.7862,4.5475
1994-06-29,44007,Providence,27.935,17.2911,71.4619,3.3211
1994-06-30,44007,Providence,26.6474,17.4564,78.0217,4.0608
1994-07-01,44007,Providence,25.8668,18.5853,79.699,3.2267
1994-07-02,44007,Providence,28.5023,17.0425,80.9007,3.5116
1994-07-03,44007,Providence,28.2661,19.309,74.0212,1.7789
1994-07-04,44007,Providence,26.2717,16.0601,68.7094,1.5396
1994-07-05,44007,Providence,26.6029,14.6729,78.8575,3.4348
1994-07-06,44007,Providence,30.9925,19.9058,80.7877,3.0543
1994-07-07,44007,Providence,31.5685,23.0697,75.3633,1.4618
1994-07-08,44007,Providence,30.8697,22.0377,77.7517,1.1423
1994-07-09,44007,Providence,29.4759,20.6589,84.0286,2.2011
1994-07-10,44007,Providence,30.9793,19.0038,68.4028,2.9303
1994-07-11,44007,Providence,26.4953,15.1538,62.8098,2.4482
1994-07-12,44007,Providence,27.5514,15.1981,61.1637,2.8918
1994-07-13,44007,Providence,32.9673,16.7171,63.1226,3.2138
1994-07-14,44007,Providence,29.2502,18.024,61.7476,2.9442
1994-07-15,44007,Providence,22.1842,17.2981,88.4838,2.2132
1994-07-16,44007,Providence,30.2341,15.561,75.4594,1.9749
1994-07-17,44007,Providence,28.1583,19.1781,75.2217,2.2348
1994-07-18,44007,Providence,27.0433,17.3466,83.1654,1.6158
1994-07-19,44007,Providence,30.5538,19.4387,71.0833,2.8597
1994-07-20,44007,Providence,32.3744,21.6438,66.8245,2.8842
1994-07-21,44007,Providence,33.7812,21.5966,68.6213,3.986
1994-07-22,44007,Providence,31.3534,21.4966,74.069,5.1547
1994-07-23,44007,Providence,29.1257,21.3567,75.6177,5.1197
1994-07-24,44007,Providence,30.6032,20.2831,71.3954,2.7477
1994-07-25,44007,Providence,31.4039,21.062,68.7343,2.7369
1994-07-26,44007,Providence,29.2691,20.986,76.5784,3.4756
1994-07-27,44007,Providence,30.2989,20.848,66.5611,2.0506
1994-07-28,44007,Providence,27.1887,20.2024,81.6058,3.9182
1994-07-29,44007,Providence,30.0634,20.1327,68.0508,2.9011
1994-07-30,44007,Providence,28.4397,20.1303,75.883,3.4714
1994-07-31,44007,Providence,30.6887,19.4722,68.8386,2.1984
1994-08-01,44007,Providence,30.6823,19.0543,64.6719,2.6708
1994-08-02,44007,Providence,32.4768,18.9252,61.1874,2.6936
1994-08-03,44007,Providence,30.5019,19.2845,67.3847,2.6173
1994-08-04,44007,Providence,30.9938,20.0657,68.0064,3.9999
1994-08-05,44007,Providence,26.9147,12.6247,86.7496,4.1569
1994-08-06,44007,Providence,21.5763,10.8235,62.8477,3.1105
1994-08-07,44007,Providence,23.3649,9.6186,56.8992,1.1565
1994-08-08,44007,Providence,25.2803,11.9485,59.1429,1.2346
1994-08-09,44007,Providence,26.8251,13.5757,63.1381,2.6687
1994-08-10,44007,Providence,28.1924,15.7036,58.9975,2.7723
1994-08-11,44007,Providence,21.8726,14.5053,62.569,2.3081
1994-08-12,44007,Providence,23.8289,14.6643,78.8907,1.8922
1994-08-13,44007,Providence,30.7132,18.1103,76.1264,4.4411
1994-08-14,44007,Providence,27.7701,18.2762,82.6371,5.424
1994-08-15,44007,Providence,22.392,13.4446,62.3757,3.5751
1994-08-16,44007,Providence,24.8685,12.1923,60.3346,2.5817
1994-08-17,44007,Providence,25.0498,13.9213,81.5219,2.5527
1994-08-18,44007,Providence,24.7032,18.4552,88.8695,3.0696
1994-08-19,44007,Providence,23.6174,18.1609,87.3807,1.2152
1994-08-20,44007,Providence,27.1802,17.3618,76.6406,2.9083
1994-08-21,44007,Providence,24.4278,16.4376,91.1953,3.3523
1994-08-22,44007,Providence,21.1866,12.713,92.6764,4.1913
1994-08-23,44007,Providence,20.4005,12.47,70.2775,3.1396
1994-08-24,44007,Providence,21.6601,12.9482,64.445,1.4429
1994-08-25,44007,Providence,23.7386,10.6231,75.2985,3.3341
1994-08-26,44007,Providence,26.1343,14.2944,79.8033,2.8502
1994-08-27,44007,Providence,29.065,15.7766,73.1102,2.6559
1994-08-28,44007,Providence,28.287,18.1597,73.346,3.9299
1994-08-29,44007,Providence,24.1956,11.9678,74.6554,3.7581
1994-08-30,44007,Providence,22.6461,9.5658,59.4352,3.3062
1994-08-31,44007,Providence,22.157,10.4723,77.1872,2.5022
1994-09-01,44007,Providence,25.4551,14.6557,70.4984,2.3702
1994-09-02,44007,Providence,19.1852,9.5397,58.8017,2.2999
1994-09-03,44007,Providence,19.7392,10.7525,59.4862,1.5401
1994-09-04,44007,Providence,19.3848,8.975,65.0021,3.7195
1994-09-05,44007,Providence,14.3578,8.9939,81.0415,5.118
1994-09-06,44007,Providence,19.6708,9.3252,64.105,4.2136
1994-09-07,44007,Providence,22.3879,9.0635,65.8982,3.5253
1994-09-08,44007,Providence,23.7036,9.9176,65.3035,3.7972
1994-09-09,44007,Providence,24.5929,11.7439,69.2466,3.6979
1994-09-10,44007,Providence,18.8286,10.1462,65.7275,3.1662
1994-09-11,44007,Providence,18.6726,8.5394,67.4485,3.6383
1994-09-12,44007,Providence,21.2874,10.1049,64.7443,3.5994
1994-09-13,44007,Providence,26.4405,12.4164,70.2655,3.5664
1994-09-14,44007,Providence,23.9122,15.8955,76.754,2.4074
1994-09-15,44007,Providence,21.9926,12.9645,62.0706,1.17
1994-09-16,44007,Providence,19.6416,10.1525,87.0085,2.936
1994-09-17,44007,Providence,28.6266,15.9793,75.8714,4.5594
1994-09-18,44007,Providence,21.0505,10.0006,71.4177,3.6932
1994-09-19,44007,Providence,20.3633,6.8347,58.915,2.9846
1994-09-20,44007,Providence,21.9171,7.2465,60.3877,2.5668
1994-09-21,44007,Providence,24.8704,10.259,61.9638,1.5688
1994-09-22,44007,Providence,20.7963,12.3075,72.7065,4.7314
1994-09-23,44007,Providence,19.9826,10.6133,91.6316,4.0987
1994-09-24,44007,Providence,22.7495,11.0937,84.6979,1.0487
1994-09-25,44007,Providence,22.3667,15.2854,81.1208,1.1372
1994-09-26,44007,Providence,19.8731,14.7565,86.8062,2.0412
1994-09-27,44007,Providence,19.4322,13.9031,86.5246,2.7116
1994-09-28,44007,Providence,22.8134,14.2759,71.8685,2.4777
1994-09-29,44007,Providence,18.7296,10.7413,70.2822,4.6758
1994-09-30,44007,Providence,15.5907,2.3295,65.1015,5.1488
1994-10-01,44007,Providence,15.866,3.2722,67.4629,2.507
1994-10-02,44007,Providence,17.1578,6.3997,55.6959,3.2712
1994-10-03,44007,Providence,14.2233,3.3215,53.2414,3.8659
1994-10-04,44007,Providence,15.595,3.9639,60.432,2.6879
1994-10-05,44007,Providence,14.41,5.9896,58.1063,2.6497
1994-10-06,44007,Providence,14.2453,4.641,54.4484,2.3937
1994-10-07,44007,Providence,19.8728,5.398,52.9577,2.1834
1994-10-08,44007,Providence,22.3229,6.8189,59.3562,3.4974
1994-10-09,44007,Providence,23.3074,8.3947,72.1147,4.0826
1994-10-10,44007,Providence,17.9685,4.9181,58.1386,3.8543
1994-10-11,44007,Providence,11.9796,0.4061,47.6921,3.3011
1994-10-12,44007,Providence,14.6385,-0.6056,47.3966,1.3856
1994-10-13,44007,Providence,18.4824,2.7601,47.3402,2.1503
1994-10-14,44007,Providence,20.4049,4.5472,48.5698,2.7748
1994-10-15,44007,Providence,15.147,2.3133,49.6622,3.0318
1994-10-16,44007,Providence,15.814,-0.5837,41.2495,3.393
1994-10-17,44007,Providence,15.8451,0.3536,47.9393,3.0988
1994-10-18,44007,Providence,17.3106,2.4719,56.472,1.5588
1994-10-19,44007,Providence,17.1,7.4017,69.9214,1.5797
1994-10-20,44007,Providence,21.509,10.762,72.216,1.821
1994-10-21,44007,Providence,19.76,11.8823,70.7552,2.8694
1994-10-22,44007,Providence,18.9016,10.2139,64.8616,2.8519
1994-10-23,44007,Providence,20.1121,9.8216,65.5584,1.8375
1994-10-24,44007,Providence,20.4526,6.7715,55.2132,2.1931
1994-10-25,44007,Providence,19.6401,5.0848,55.7766,2.7667
1994-10-26,44007,Providence,15.7106,3.9034,49.3638,2.1231
1994-10-27,44007,Providence,13.4976,5.245,50.2669,2.1545
1994-10-28,44007,Providence,14.3549,4.1997,50.5695,3.1609
1994-10-29,44007,Providence,18.2098,2.9098,57.2731,4.8551
1994-10-30,44007,Providence,21.3819,5.8329,50.8743,3.3198
1994-10-31,44007,Providence,21.9202,7.6886,59.3887,2.3211
1994-11-01,44007,Providence,22.1546,13.2636,67.3205,4.5199
1994-11-02,44007,Providence,16.6875,3.7586,51.1517,6.9424
1994-11-03,44007,Providence,15.256,0.9008,42.4598,3.3437
1994-11-04,44007,Providence,21.0439,5.5925,48.2953,3.2809
1994-11-05,44007,Providence,22.9438,8.9298,49.0358,3.5864
1994-11-06,44007,Providence,20.9924,9.3963,61.3614,4.6553
1994-11-07,44007,Providence,15.1817,2.4196,37.2478,6.3558
1994-11-08,44007,Providence,14.8642,2.0336,45.2215,4.3632
1994-11-09,44007,Providence,17.1673,7.5087,49.5779,2.9429
1994-11-10,44007,Providence,10.9812,0.8948,46.8521,4.9528
1994-11-11,44007,Providence,6.9797,-1.4434,44.4343,4.5555
1994-11-12,44007,Providence,9.6804,-2.2335,48.3257,2.6944
1994-11-13,44007,Providence,13.0463,1.2538,44.6939,2.4762
1994-11-14,44007,Providence,14.1092,2.7285,53.013,3.0206
1994-11-15,44007,Providence,19.3543,7.5011,49.9375,4.0101
1994-11-16,44007,Providence,12.733,2.5375,41.1357,2.5666
1994-11-17,44007,Providence,13.5582,0.6125,52.8322,3.5732
1994-11-18,44007,Providence,15.9384,3.7948,72.7061,2.9609
1994-11-19,44007,Providence,16.0287,3.8172,56.616,3.6559
1994-11-20,44007,Providence,9.9199,0.0912,46.3445,2.1963
1994-11-21,44007,Providence,15.0018,1.1527,65.9492,5.0416
1994-11-22,44007,Providence,15.7059,1.9219,50.8411,6.0603
1994-11-23,44007,Providence,5.6902,-6.4271,40.0883,6.4962
1994-11-24,44007,Providence,-0.6182,-7.65,43.8399,4.987
1994-11-25,44007,Providence,7.97,-3.2865,49.8979,3.9361
1994-11-26,44007,Providence,5.9665,-2.8399,44.4288,3.6288
1994-11-27,44007,Providence,2.6712,-5.0424,49.1296,3.1262
1994-11-28,44007,Providence,13.8068,0.6356,76.0385,5.9029
1994-11-29,44007,Providence,11.4025,1.4883,44.0604,4.3375
1994-11-30,44007,Providence,9.6293,-1.0343,43.7664,2.813
1994-12-01,44007,Providence,4.8748,-2.3692,52.0845,2.7813
1994-12-02,44007,Providence,9.0661,-2.278,55.9523,4.9687
1994-12-03,44007,Providence,12.6745,-1.4098,49.1207,2.4802
1994-12-04,44007,Providence,15.1225,1.9301,50.6119,2.2653
1994-12-05,44007,Providence,14.731,1.769,79.8677,3.8681
1994-12-06,44007,Providence,14.7041,5.9883,65.8725,3.2978
1994-12-07,44007,Providence,11.6057,0.1513,78.1127,2.9515
1994-12-08,44007,Providence,2.567,-6.7672,47.3534,5.686
1994-12-09,44007,Providence,4.1425,-6.0747,63.2181,2.2282
1994-12-10,44007,Providence,5.1811,-0.7549,72.0292,4.207
1994-12-11,44007,Providence,10.733,-3.1577,63.7953,5.4539
1994-12-12,44007,Providence,-0.0303,-7.7809,30.8954,3.7167
1994-12-13,44007,Providence,1.6803,-7.9185,58.4728,3.0713
1994-12-14,44007,Providence,3.6504,-2.5178,67.2353,4.0858
1994-12-15,44007,Providence,4.0219,-2.2512,66.6021,4.0972
1994-12-16,44007,Providence,3.9814,-2.9889,64.1539,3.1801
1994-12-17,44007,Providence,5.8011,-3.0353,79.8825,2.9451
1994-12-18,44007,Providence,7.9195,0.2967,73.1581,2.5002
1994-12-19,44007,Providence,3.7002,-3.4686,56.7802,4.0718
1994-12-20,44007,Providence,3.4578,-4.4172,49.1944,2.6355
1994-12-21,44007,Providence,9.1889,-1.7855,51.8694,3.712
1994-12-22,44007,Providence,11.6717,-1.41,47.5865,1.8282
1994-12-23,44007,Providence,11.1098,0.7982,57.1799,6.4046
1994-12-24,44007,Providence,7.6893,2.1279,79.1298,7.818
1994-12-25,44007,Providence,9.2746,-0.5736,65.1178,4.5072
1994-12-26,44007,Providence,6.0308,-2.6453,50.4187,2.3601
1994-12-27,44007,Providence,6.2145,-2.683,57.8779,1.8169
1994-12-28,44007,Providence,8.2751,-1.4365,66.6431,3.769
1994-12-29,44007,Providence,4.0797,-10.6518,36.1762,7.0789
1994-12-30,44007,Providence,-3.9781,-13.761,31.496,5.2903
1994-12-31,44007,Providence,1.6417,-8.9882,47.43,1.4667
1995-01-01,44007,Providence,6.3898,-1.9046,75.9171,2.2588
1995-01-02,44007,Providence,5.3996,-4.3565,65.8593,4.5808
1995-01-03,44007,Providence,1.2568,-5.3723,45.2106,4.8985
1995-01-04,44007,Providence,1.5563,-8.0866,45.9471,5.0481
1995-01-05,44007,Providence,-4.0463,-11.0807,37.2657,6.1307
1995-01-06,44007,Providence,3.6081,-8.9509,53.8958,5.4622
1995-01-07,44007,Providence,10.3258,-2.8181,71.6284,4.8688
1995-01-08,44007,Providence,1.2809,-4.5376,51.7036,3.3524
1995-01-09,44007,Providence,2.2078,-4.7812,44.1086,3.4735
1995-01-10,44007,Providence,-1.1792,-7.2058,37.9224,2.6074
1995-01-11,44007,Providence,0.7835,-7.5823,58.8579,3.9095
1995-01-12,44007,Providence,6.2875,-2.7315,75.7325,2.8394
1995-01-13,44007,Providence,11.1948,1.4417,65.0087,3.5898
1995-01-14,44007,Providence,15.3488,3.1054,69.7506,2.9809
1995-01-15,44007,Providence,16.8511,6.906,69.1595,4.3716
1995-01-16,44007,Providence,15.0855,8.3461,71.646,3.1366
1995-01-17,44007,Providence,13.6359,3.3852,72.1089,2.7444
1995-01-18,44007,Providence,6.6116,-0.0375,66.7245,4.9071
1995-01-19,44007,Providence,9.3969,0.0884,68.0721,2.9822
1995-01-20,44007,Providence,10.3542,1.8499,75.3797,4.497
1995-01-21,44007,Providence,7.8931,1.8864,72.655,2.9082
1995-01-22,44007,Providence,5.852,-0.0267,67.0139,3.7068
1995-01-23,44007,Providence,3.5254,-2.2456,62.8304,3.4239
1995-01-24,44007,Providence,1.815,-3.3357,58.4939,3.4761
1995-01-25,44007,Providence,3.2114,-3.9974,50.8331,4.177
1995-01-26,44007,Providence,1.0087,-6.0982,44.467,4.6223
1995-01-27,44007,Providence,-0.7398,-8.3559,37.939,5.3953
1995-01-28,44007,Providence,-3.1032,-12.1826,39.736,4.163
1995-01-29,44007,Providence,0.1825,-11.1711,39.3028,2.5471
1995-01-30,44007,Providence,3.3302,-6.9711,43.0782,2.7558
1995-01-31,44007,Providence,3.2109,-6.4538,52.691,3.8621
1995-02-01,44007,Providence,7.1855,-2.937,49.5674,4.1036
1995-02-02,44007,Providence,4.5449,-7.0589,46.6755,4.1043
1995-02-03,44007,Providence,-3.0655,-9.6428,47.6286,2.5866
1995-02-04,44007,Providence,4.2309,-8.4275,73.9966,5.4556
1995-02-05,44007,Providence,0.5866,-17.2685,42.0704,8.4954
1995-02-06,44007,Providence,-10.3113,-19.4448,40.9549,7.2092
1995-02-07,44007,Providence,-4.8218,-17.6656,43.7817,4.5713
1995-02-08,44007,Providence,-3.2064,-12.4884,44.1617,4.2733
1995-02-09,44007,Providence,-1.0251,-14.1861,49.8182,5.7056
1995-02-10,44007,Providence,2.0655,-9.5513,56.1227,3.6061
1995-02-11,44007,Providence,5.6256,-3.5743,53.081,4.4233
1995-02-12,44007,Providence,0.6177,-13.3486,25.2199,6.8312
1995-02-13,44007,Providence,-2.8935,-11.6873,38.3765,4.6155
1995-02-14,44007,Providence,-1.1074,-11.0383,43.4583,3.7462
1995-02-15,44007,Providence,4.9421,-11.0196,57.3154,3.6636
1995-02-16,44007,Providence,7.3132,-1.72,57.4472,3.9274
1995-02-17,44007,Providence,5.1359,-3.7369,45.043,2.1029
1995-02-18,44007,Providence,8.1368,-3.6796,39.7331,1.8812
1995-02-19,44007,Providence,10.1041,-3.0272,49.8342,2.5372
1995-02-20,44007,Providence,8.8773,-2.3442,52.8874,3.2915
1995-02-21,44007,Providence,5.4072,-2.9629,61.4787,2.9411
1995-02-22,44007,Providence,2.4295,-4.4178,57.4915,2.6923
1995-02-23,44007,Providence,7.8536,-4.4066,58.6203,3.2717
1995-02-24,44007,Providence,8.7645,-4.9489,57.5383,5.3239
1995-02-25,44007,Providence,1.1038,-8.5294,29.2109,6.005
1995-02-26,44007,Providence,0.3929,-8.4744,25.3136,2.9731
1995-02-27,44007,Providence,3.0506,-8.6724,61.1859,3.2569
1995-02-28,44007,Providence,6.3406,-0.272,66.3274,1.7965
1995-03-01,44007,Providence,4.3792,-3.3587,70.7596,2.8536
1995-03-02,44007,Providence,3.1565,-3.7926,48.2438,3.7134
1995-03-03,44007,Providence,1.7728,-3.6759,44.8659,2.0782
1995-03-04,44007,Providence,3.5885,-3.3416,59.4599,1.5876
1995-03-05,44007,Providence,6.2757,-2.8315,66.8295,4.0477
1995-03-06,44007,Providence,8.5195,-0.813,68.1928,2.1605
1995-03-07,44007,Providence,11.9976,-0.5868,72.0797,2.9147
1995-03-08,44007,Providence,18.9071,6.111,70.3984,5.5382
1995-03-09,44007,Providence,11.7347,-6.9736,49.053,6.0097
1995-03-10,44007,Providence,1.9801,-9.1382,35.425,4.6983
1995-03-11,44007,Providence,3.5048,-4.9481,33.1215,1.8908
1995-03-12,44007,Providence,6.2092,-2.2457,59.5189,3.2043
1995-03-13,44007,Providence,16.4572,-0.5347,55.8347,2.4197
1995-03-14,44007,Providence,10.128,-0.0618,71.3577,1.6291
1995-03-15,44007,Providence,12.17,2.6927,68.7906,1.3731
1995-03-16,44007,Providence,11.5417,3.1609,68.684,1.8813
1995-03-17,44007,Providence,11.8622,2.6753,73.6095,1.8064
1995-03-18,44007,Providence,9.8827,2.4897,62.6969,2.9857
1995-03-19,44007,Providence,9.3467,-0.3264,55.6325,2.5748
1995-03-20,44007,Providence,8.8385,-1.0017,68.2208,3.1045
1995-03-21,44007,Providence,15.9103,1.1687,74.1807,3.6874
1995-03-22,44007,Providence,12.2688,3.5012,52.6635,3.2605
1995-03-23,44007,Providence,9.8916,1.3406,62.421,2.8888
1995-03-24,44007,Providence,6.0245,-0.5676,58.8074,3.7805
1995-03-25,44007,Providence,6.9566,-1.7177,40.1615,4.8071
1995-03-26,44007,Providence,10.0595,-1.4913,45.4578,3.5062
1995-03-27,44007,Providence,8.2943,-1.9603,49.2439,3.0506
1995-03-28,44007,Providence,8.6128,-2.503,46.6708,2.5262
1995-03-29,44007,Providence,11.8124,-2.0177,42.8665,2.3157
1995-03-30,44007,Providence,9.7336,-1.1317,71.2481,2.5841
1995-03-31,44007,Providence,12.68,2.8762,51.5594,3.1529
1995-04-01,44007,Providence,9.2026,0.4625,38.7492,2.3888
1995-04-02,44007,Providence,9.8253,0.1924,29.9764,1.6395
1995-04-03,44007,Providence,10.6944,-2.3776,32.675,2.8802
1995-04-04,44007,Providence,13.9378,-3.0567,57.3842,6.0116
1995-04-05,44007,Providence,-0.1994,-8.3175,22.0354,8.1735
1995-04-06,44007,Providence,5.6551,-7.6099,37.9276,3.7409
1995-04-07,44007,Providence,10.7612,-0.7126,50.2021,2.2717
1995-04-08,44007,Providence,9.4545,-0.3755,51.2167,1.6154
1995-04-09,44007,Providence,16.8627,2.9462,60.9362,2.5462
1995-04-10,44007,Providence,12.0144,-1.0746,33.9733,3.3423
1995-04-11,44007,Providence,13.6083,0.5965,35.1585,1.8114
1995-04-12,44007,Providence,14.7326,-0.2799,67.9807,4.1997
1995-04-13,44007,Providence,20.3542,8.5307,51.6312,4.6425
1995-04-14,44007,Providence,13.6016,4.7194,46.0178,3.5726
1995-04-15,44007,Providence,9.8046,2.2702,42.801,4.3649
1995-04-16,44007,Providence,10.8708,0.9535,41.5869,4.0956
1995-04-17,44007,Providence,12.9093,-1.1433,45.2654,1.9124
1995-04-18,44007,Providence,17.711,3.0106,42.5265,1.5916
1995-04-19,44007,Providence,19.4342,3.8083,64.777,3.4751
1995-04-20,44007,Providence,19.8902,7.8213,45.5342,2.5403
1995-04-21,44007,Providence,16.6804,6.3294,52.5877,2.5551
1995-04-22,44007,Providence,21.9651,5.1675,46.0282,4.3534
1995-04-23,44007,Providence,13.0856,2.8179,41.5507,4.637
1995-04-24,44007,Providence,14.9061,0.6888,38.3881,1.458
1995-04-25,44007,Providence,17.6784,2.5719,35.8042,2.5938
1995-04-26,44007,Providence,18.2379,3.284,41.8616,3.3933
1995-04-27,44007,Providence,19.5695,5.2912,43.207,2.3318
1995-04-28,44007,Providence,19.4655,6.0717,57.8679,1.2185
1995-04-29,44007,Providence,15.3357,4.7,55.0809,1.7135
1995-04-30,44007,Providence,16.3572,6.3647,53.0748,2.333
1995-05-01,44007,Providence,13.9436,4.47,57.093,3.7968
1995-05-02,44007,Providence,16.4823,3.4352,50.0444,2.8844
1995-05-03,44007,Providence,18.2893,5.7275,46.6825,2.996
1995-05-04,44007,Providence,22.1127,8.7282,39.6263,1.8439
1995-05-05,44007,Providence,17.5368,9.4762,59.2541,1.4422
1995-05-06,44007,Providence,19.4359,3.5877,45.639,4.3966
1995-05-07,44007,Providence,13.3591,0.055,35.8959,5.342
1995-05-08,44007,Providence,14.2887,0.3142,47.5666,4.8856
1995-05-09,44007,Providence,20.1292,3.3692,42.6097,1.6697
1995-05-10,44007,Providence,14.3443,6.6247,65.493,3.1314
1995-05-11,44007,Providence,14.3941,7.056,71.6771,3.3067
1995-05-12,44007,Providence,17.4792,6.2542,70.2512,1.3892
1995-05-13,44007,Providence,15.9227,9.1666,69.1906,3.3334
1995-05-14,44007,Providence,19.5021,8.5106,52.7462,2.1931
1995-05-15,44007,Providence,14.0234,7.5291,70.8029,1.9463
1995-05-16,44007,Providence,20.4365,5.6718,56.3473,2.0884
1995-05-17,44007,Providence,19.4643,7.0818,69.0083,4.3491
1995-05-18,44007,Providence,23.0105,12.7696,66.0977,2.1784
1995-05-19,44007,Providence,17.7028,9.5723,68.1958,1.6518
1995-05-20,44007,Providence,22.0204,6.7495,51.5741,2.1923
1995-05-21,44007,Providence,24.9467,9.2653,53.7527,3.5104
1995-05-22,44007,Providence,22.4027,10.1517,46.2164,3.3316
1995-05-23,44007,Providence,23.0156,7.3103,45.8979,3.0224
1995-05-24,44007,Providence,25.9586,9.5387,60.464,5.0831
1995-05-25,44007,Providence,20.9222,12.1353,67.9884,2.9359
1995-05-26,44007,Providence,15.9888,10.1002,66.9385,2.5707
1995-05-27,44007,Providence,21.763,8.5855,53.4804,1.6565
1995-05-28,44007,Providence,20.5311,7.1682,53.0807,2.6771
1995-05-29,44007,Providence,23.219,10.4451,72.1251,5.6323
1995-05-30,44007,Providence,23.0886,14.4543,62.0298,3.6294
1995-05-31,44007,Providence,27.3175,11.1384,52.5658,3.2103
1995-06-01,44007,Providence,28.5214,13.7515,54.3817,3.7166
1995-06-02,44007,Providence,26.2781,11.9646,72.8083,3.8552
1995-06-03,44007,Providence,27.0962,17.1775,71.9857,3.7701
1995-06-04,44007,Providence,25.1403,14.466,62.8084,2.6288
1995-06-05,44007,Providence,25.5989,11.4328,56.0757,2.9302
1995-06-06,44007,Providence,26.9177,12.1764,67.947,2.5355
1995-06-07,44007,Providence,22.2654,16.4282,82.6397,3.458
1995-06-08,44007,Providence,29.5176,16.4565,64.7458,1.8849
1995-06-09,44007,Providence,22.6283,12.8737,61.4697,2.1854
1995-06-10,44007,Providence,22.2015,12.575,58.2592,1.3299
1995-06-11,44007,Providence,22.2428,12.9895,71.277,2.7664
1995-06-12,44007,Providence,24.5136,15.1394,75.3743,2.4125
1995-06-13,44007,Providence,18.4026,12.8373,76.7385,2.8937
1995-06-14,44007,Providence,19.8873,12.7651,76.2771,2.2879
1995-06-15,44007,Providence,22.7466,11.7111,57.1039,2.7203
1995-06-16,44007,Providence,25.1075,9.7468,56.5238,2.9103
1995-06-17,44007,Providence,27.8041,11.5421,59.109,3.4841
1995-06-18,44007,Providence,29.2515,13.6317,62.4631,4.0654
1995-06-19,44007,Providence,31.4137,16.6568,67.0742,4.6806
1995-06-20,44007,Providence,33.1081,16.3258,60.8768,2.7574
1995-06-21,44007,Providence,23.8254,12.8914,53.3468,2.6136
1995-06-22,44007,Providence,25.1507,12.4869,58.5547,2.1021
1995-06-23,44007,Providence,26.0439,13.1917,53.6078,1.2624
1995-06-24,44007,Providence,27.411,13.4084,64.6,1.2586
1995-06-25,44007,Providence,26.1658,17.9537,73.4687,1.4214
1995-06-26,44007,Providence,26.4337,17.8607,71.5683,2.6311
1995-06-27,44007,Providence,22.513,7.6116,66.3102,4.4159
1995-06-28,44007,Providence,22.2435,6.0293,58.3021,2.08
1995-06-29,44007,Providence,26.116,7.8243,59.1307,2.3535
1995-06-30,44007,Providence,26.1984,11.7046,70.1919,3.1052
1995-07-01,44007,Providence,28.4163,15.3894,77.4925,3.4071
1995-07-02,44007,Providence,25.3232,15.341,77.9529,2.7175
1995-07-03,44007,Providence,23.541,10.7738,67.0148,2.0355
1995-07-04,44007,Providence,26.0615,14.256,63.3789,1.7791
1995-07-05,44007,Providence,28.1136,13.7016,68.0482,2.6373
1995-07-06,44007,Providence,26.32,16.6486,71.7341,2.8633
1995-07-07,44007,Providence,27.2306,15.9322,78.1094,3.0633
1995-07-08,44007,Providence,27.5002,17.6947,73.4744,2.5974
1995-07-09,44007,Providence,24.0945,12.688,67.2541,2.9155
1995-07-10,44007,Providence,25.3917,12.5103,65.2684,2.6345
1995-07-11,44007,Providence,24.0491,16.3731,75.2896,1.7743
1995-07-12,44007,Providence,27.1088,14.6251,71.0324,1.9777
1995-07-13,44007,Providence,30.3219,16.3684,72.0334,4.0053
1995-07-14,44007,Providence,35.054,19.6838,65.7937,3.751
1995-07-15,44007,Providence,35.3297,23.0161,59.7308,3.4977
1995-07-16,44007,Providence,29.4819,17.688,54.2889,2.0347
1995-07-17,44007,Providence,23.2387,17.7079,83.9771,2.26
1995-07-18,44007,Providence,26.3117,18.7429,81.5067,2.0299
1995-07-19,44007,Providence,28.3276,18.8349,61.0926,2.784
1995-07-20,44007,Providence,29.8076,16.3997,61.4221,3.5133
1995-07-21,44007,Providence,29.7227,19.9151,68.9363,2.8171
1995-07-22,44007,Providence,30.7586,19.6452,62.728,1.7549
1995-07-23,44007,Providence,31.0477,19.0597,71.562,2.7463
1995-07-24,44007,Providence,31.9176,21.5742,59.6812,2.5173
1995-07-25,44007,Providence,29.6445,20.999,77.687,2.5569
1995-07-26,44007,Providence,31.947,22.9346,72.8891,4.0415
1995-07-27,44007,Providence,33.4745,23.0243,65.8689,2.6796
1995-07-28,44007,Providence,30.3688,22.8749,73.511,2.3886
1995-07-29,44007,Providence,31.9286,22.5883,70.3012,4.2756
1995-07-30,44007,Providence,31.2884,18.7758,54.3502,2.8746
1995-07-31,44007,Providence,30.8776,15.9995,50.4466,2.4681
1995-08-01,44007,Providence,32.7193,17.322,58.6188,3.7789
1995-08-02,44007,Providence,33.3426,20.3229,63.2027,2.0967
1995-08-03,44007,Providence,30.2629,20.133,73.972,1.9508
1995-08-04,44007,Providence,31.1781,20.6214,79.2496,3.4267
1995-08-05,44007,Providence,26.2041,18.8385,81.9305,2.8542
1995-08-06,44007,Providence,19.3176,14.5066,91.2785,4.4255
1995-08-07,44007,Providence,23.4617,12.7615,66.2058,4.2392
1995-08-08,44007,Providence,25.2659,11.0635,59.407,2.0385
1995-08-09,44007,Providence,27.5477,13.6075,60.3281,2.3647
1995-08-10,44007,Providence,28.7755,14.6946,60.933,3.048
1995-08-11,44007,Providence,29.964,17.0947,69.7255,3.7701
1995-08-12,44007,Providence,31.3109,19.7622,70.5281,3.6544
1995-08-13,44007,Providence,27.7135,18.7805,58.818,2.2318
1995-08-14,44007,Providence,26.9416,19.1019,63.6316,1.1031
1995-08-15,44007,Providence,28.5506,19.119,64.1132,1.9239
1995-08-16,44007,Providence,33.5016,19.0664,67.6761,1.9837
1995-08-17,44007,Providence,32.5655,19.9552,66.3206,2.5213
1995-08-18,44007,Providence,29.9657,14.5451,55.3596,4.6782
1995-08-19,44007,Providence,25.1881,10.6039,51.9409,4.1008
1995-08-20,44007,Providence,28.1062,9.2392,50.4397,1.9217
1995-08-21,44007,Providence,33.2206,14.2615,51.9035,2.8928
1995-08-22,44007,Providence,27.161,13.232,52.9727,3.6984
1995-08-23,44007,Providence,25.5524,10.6967,52.5677,2.8054
1995-08-24,44007,Providence,29.4854,12.9639,47.5661,4.9523
1995-08-25,44007,Providence,22.2567,8.6224,50.974,3.7476
1995-08-26,44007,Providence,24.2574,9.4347,59.0687,2.5135
1995-08-27,44007,Providence,22.3639,15.3554,74.371,2.3546
1995-08-28,44007,Providence,25.784,10.8919,50.2091,3.0389
1995-08-29,44007,Providence,27.1922,10.4413,54.168,1.3765
1995-08-30,44007,Providence,24.9325,14.3654,46.1307,2.9735
1995-08-31,44007,Providence,26.9117,11.0433,61.4993,2.9227
1995-09-01,44007,Providence,30.7851,17.7239,51.2661,3.1462
1995-09-02,44007,Providence,24.452,13.9381,52.5544,2.2413
1995-09-03,44007,Providence,24.6437,9.8836,43.0515,1.6764
1995-09-04,44007,Providence,26.914,10.9516,44.5179,1.3831
1995-09-05,44007,Providence,28.5593,12.3748,55.7846,2.71
1995-09-06,44007,Providence,27.5412,12.5256,52.5993,2.345
1995-09-07,44007,Providence,29.2732,11.8559,63.7561,4.6946
1995-09-08,44007,Providence,21.9225,11.2953,71.7365,3.5595
1995-09-09,44007,Providence,24.4651,10.4128,67.288,1.8223
1995-09-10,44007,Providence,22.2804,5.713,55.0347,3.7304
1995-09-11,44007,Providence,19.206,3.1993,47.964,2.2137
1995-09-12,44007,Providence,25.0642,7.0974,51.5112,3.5559
1995-09-13,44007,Providence,22.7168,12.8913,91.3324,4.8701
1995-09-14,44007,Providence,29.8628,14.4405,62.1912,4.4684
1995-09-15,44007,Providence,18.2962,9.4227,56.5382,2.5079
1995-09-16,44007,Providence,18.9098,7.2346,60.2772,2.8285
1995-09-17,44007,Providence,20.2253,11.6931,94.7613,3.0428
1995-09-18,44007,Providence,20.5702,14.0144,70.0904,2.4029
1995-09-19,44007,Providence,19.4577,8.6011,64.6782,2.9512
1995-09-20,44007,Providence,20.6748,7.145,72.211,1.9627
1995-09-21,44007,Providence,19.221,11.2106,83.5811,1.5063
1995-09-22,44007,Providence,22.3922,11.7803,88.1131,3.8929
1995-09-23,44007,Providence,15.8552,7.0708,69.5513,3.4841
1995-09-24,44007,Providence,15.5513,4.633,71.2214,2.9267
1995-09-25,44007,Providence,16.2831,9.2902,81.0902,2.9583
1995-09-26,44007,Providence,16.1001,12.132,89.4207,2.3321
1995-09-27,44007,Providence,20.7096,11.8621,69.7239,3.1729
1995-09-28,44007,Providence,18.8628,6.7318,55.6743,3.23
1995-09-29,44007,Providence,16.5735,4.318,62.3989,3.1164
1995-09-30,44007,Providence,18.9408,3.3656,65.6049,2.6979
1995-10-01,44007,Providence,21.4898,3.8333,58.4435,1.5278
1995-10-02,44007,Providence,25.4866,6.7365,56.2055,2.1208
1995-10-03,44007,Providence,23.6464,10.2941,53.6292,2.8305
1995-10-04,44007,Providence,22.2142,11.1412,86.629,3.1404
1995-10-05,44007,Providence,19.3499,12.8356,86.2045,3.7863
1995-10-06,44007,Providence,25.2327,10.4241,76.0839,3.9658
1995-10-07,44007,Providence,17.2247,8.3979,82.3621,2.5135
1995-10-08,44007,Providence,21.6899,7.7697,62.6271,2.9432
1995-10-09,44007,Providence,17.1873,4.3191,64.0348,1.6108
1995-10-10,44007,Providence,17.4689,9.6833,64.2347,1.0583
1995-10-11,44007,Providence,20.8294,9.1929,64.3249,2.2881
1995-10-12,44007,Providence,24.2299,8.0855,53.4958,3.2751
1995-10-13,44007,Providence,26.1584,9.9549,52.002,2.7652
1995-10-14,44007,Providence,22.5063,10.4952,82.2228,4.4506
1995-10-15,44007,Providence,20.1792,5.6618,65.5033,6.0289
1995-10-16,44007,Providence,13.2439,4.3754,52.8495,6.1975
1995-10-17,44007,Providence,12.1734,2.9189,50.6382,3.7504
1995-10-18,44007,Providence,17.435,1.6091,62.9522,4.4996
1995-10-19,44007,Providence,20.5378,5.8649,60.7445,1.9443
1995-10-20,44007,Providence,21.4458,7.9265,72.3122,4.2919
1995-10-21,44007,Providence,22.0222,10.3915,77.6126,6.4848
1995-10-22,44007,Providence,15.2031,5.3745,66.4069,3.8652
1995-10-23,44007,Providence,19.8286,3.6724,56.9261,2.5912
1995-10-24,44007,Providence,20.3355,6.4629,72.1147,4.2976
1995-10-25,44007,Providence,16.6727,7.1801,63.5982,2.7836
1995-10-26,44007,Providence,13.9428,5.9599,57.6908,1.3063
1995-10-27,44007,Providence,16.5366,4.3553,74.1376,3.4579
1995-10-28,44007,Providence,19.8742,9.8852,82.4384,4.7943
1995-10-29,44007,Providence,12.7373,3.2723,63.0248,5.4662
1995-10-30,44007,Providence,9.5702,1.2715,53.8316,4.3518
1995-10-31,44007,Providence,9.623,1.2335,63.9633,1.6035
1995-11-01,44007,Providence,10.0145,4.9923,77.313,2.6273
1995-11-02,44007,Providence,17.3572,7.023,84.0295,3.6853
1995-11-03,44007,Providence,18.2929,10.1354,75.3981,2.4126
1995-11-04,44007,Providence,12.7605,-0.8338,44.5147,5.2898
1995-11-05,44007,Providence,5.5696,-2.5757,51.6682,4.5647
1995-11-06,44007,Providence,8.0292,-3.4808,55.4007,2.1988
1995-11-07,44007,Providence,12.4255,-1.0231,76.3339,3.5139
1995-11-08,44007,Providence,10.5898,-0.0678,58.0187,5.206
1995-11-09,44007,Providence,2.4805,-5.5414,47.8152,4.1268
1995-11-10,44007,Providence,5.7256,-5.5405,66.948,2.6747
1995-11-11,44007,Providence,15.5816,2.5811,82.564,6.6355
1995-11-12,44007,Providence,14.6865,-2.7076,58.531,7.0971
1995-11-13,44007,Providence,3.4349,-3.5702,58.1923,1.8531
1995-11-14,44007,Providence,6.0444,-0.9866,76.607,6.3201
1995-11-15,44007,Providence,9.5431,0.9852,66.1816,5.3725
1995-11-16,44007,Providence,5.9344,-2.0531,54.3799,3.4059
1995-11-17,44007,Providence,4.2419,-3.4171,55.0957,3.1261
1995-11-18,44007,Providence,4.2784,-3.2507,66.4255,2.006
1995-11-19,44007,Providence,8.0273,1.0048,75.7882,2.0048
1995-11-20,44007,Providence,8.5541,0.6878,72.0371,1.9664
1995-11-21,44007,Providence,10.697,0.4498,66.6191,2.4148
1995-11-22,44007,Providence,5.1843,-2.0938,58.5548,3.9487
1995-11-23,44007,Providence,5.2245,-2.5681,58.9657,4.2902
1995-11-24,44007,Providence,4.1411,-3.6826,55.4849,1.9644
1995-11-25,44007,Providence,3.9134,-4.2893,67.8369,2.7078
1995-11-26,44007,Providence,6.2036,-3.3483,61.0179,2.8999
1995-11-27,44007,Providence,9.9915,-0.5339,69.3141,2.5308
1995-11-28,44007,Providence,13.5681,-1.1079,60.7567,5.3104
1995-11-29,44007,Providence,1.4529,-5.6495,75.0084,4.1944
1995-11-30,44007,Providence,0.4905,-8.1527,57.933,2.5161
1995-12-01,44007,Providence,6.4019,-4.7001,73.6056,5.1321
1995-12-02,44007,Providence,4.453,-6.2143,52.8028,5.8282
1995-12-03,44007,Providence,7.7295,-6.5378,62.9469,3.6497
1995-12-04,44007,Providence,7.8199,-0.7593,62.7861,3.4289
1995-12-05,44007,Providence,4.1338,-3.9464,58.1588,2.7613
1995-12-06,44007,Providence,9.5678,-1.6214,58.263,4.1104
1995-12-07,44007,Providence,4.2488,-3.308,37.6662,3.4561
1995-12-08,44007,Providence,0.2758,-5.9871,36.1804,3.7422
1995-12-09,44007,Providence,3.9927,-6.3499,69.8265,4.0981
1995-12-10,44007,Providence,3.3304,-9.6768,48.0172,4.7719
1995-12-11,44007,Providence,-3.5909,-10.0663,45.5062,6.0088
1995-12-12,44007,Providence,-3.796,-10.772,43.7016,4.6603
1995-12-13,44007,Providence,-3.1471,-10.7098,47.0581,2.6729
1995-12-14,44007,Providence,2.6945,-10.2796,72.3861,3.091
1995-12-15,44007,Providence,3.2255,-3.871,75.2792,1.967
1995-12-16,44007,Providence,3.5399,-3.6032,76.4152,1.8506
1995-12-17,44007,Providence,2.4375,-3.9151,70.8087,3.2781
1995-12-18,44007,Providence,1.3502,-6.7625,56.7942,3.7842
1995-12-19,44007,Providence,-1.6305,-8.4382,68.7243,4.6079
1995-12-20,44007,Providence,0.3938,-9.1274,76.1429,5.5292
1995-12-21,44007,Providence,-2.7556,-11.9873,70.843,7.294
1995-12-22,44007,Providence,1.3132,-7.1002,67.0092,4.6705
1995-12-23,44007,Providence,1.4372,-6.8706,70.367,2.8114
1995-12-24,44007,Providence,-0.3992,-5.0464,70.2711,3.0593
1995-12-25,44007,Providence,0.6717,-6.748,65.1545,3.352
1995-12-26,44007,Providence,0.3695,-6.17,60.0681,5.3493
1995-12-27,44007,Providence,-0.7508,-7.5811,63.1941,4.5942
1995-12-28,44007,Providence,1.3045,-7.858,63.9588,3.2299
1995-12-29,44007,Providence,0.1933,-10.1636,75.8798,3.3785
1995-12-30,44007,Providence,1.9367,-8.2409,61.8127,3.2555
1995-12-31,44007,Providence,0.7823,-5.8078,68.2826,2.1178
1996-01-01,44007,Providence,2.1671,-2.9671,62.2001,1.9627
1996-01-02,44007,Providence,0.7874,-4.7334,71.1153,2.9478
1996-01-03,44007,Providence,0.4994,-7.9685,70.7371,5.6004
1996-01-04,44007,Providence,-5.2696,-15.5013,55.7661,3.9846
1996-01-05,44007,Providence,-6.1266,-18.2431,44.4404,5.1781
1996-01-06,44007,Providence,-10.7513,-21.7388,44.24,4.2658
1996-01-07,44007,Providence,-4.6056,-18.1655,67.7908,5.3691
1996-01-08,44007,Providence,-2.8937,-12.8822,69.0243,7.7614
1996-01-09,44007,Providence,-3.6303,-18.2464,66.2197,2.2723
1996-01-10,44007,Providence,-1.7181,-8.1541,65.6289,3.7491
1996-01-11,44007,Providence,-4.6863,-13.3063,61.1505,2.76
1996-01-12,44007,Providence,3.2153,-10.1773,73.3404,3.9191
1996-01-13,44007,Providence,3.1639,-4.3061,64.5617,3.3608
1996-01-14,44007,Providence,2.7859,-5.7483,65.4346,3.9948
1996-01-15,44007,Providence,0.9311,-12.3477,55.2096,3.7877
1996-01-16,44007,Providence,1.6334,-14.6798,61.323,2.94
1996-01-17,44007,Providence,7.8905,-1.1253,66.6362,3.5541
1996-01-18,44007,Providence,9.0934,-1.4856,70.2006,2.6798
1996-01-19,44007,Providence,11.3744,3.1501,73.1946,7.5109
1996-01-20,44007,Providence,4.9176,-6.8938,31.1653,4.0226
1996-01-21,44007,Providence,1.4637,-6.8934,54.1697,3.3748
1996-01-22,44007,Providence,2.9084,-3.6156,57.2703,1.7932
1996-01-23,44007,Providence,5.1711,-3.5098,66.9619,3.3647
1996-01-24,44007,Providence,11.908,-0.4645,75.633,6.3273
1996-01-25,44007,Providence,7.1797,-7.687,35.7359,4.7394
1996-01-26,44007,Providence,2.4416,-7.8739,51.0067,2.933
1996-01-27,44007,Providence,10.3208,-1.0021,76.2884,7.9652
1996-01-28,44007,Providence,5.5475,-6.3904,31.6211,5.992
1996-01-29,44007,Providence,1.1457,-7.8041,48.4438,3.1597
1996-01-30,44007,Providence,4.3566,-3.5634,60.8726,2.9874
1996-01-31,44007,Providence,0.5702,-9.5456,50.0483,3.2446
1996-02-01,44007,Providence,-4.851,-13.0668,49.9836,2.2289
1996-02-02,44007,Providence,-0.3676,-7.9794,56.4462,1.9571
1996-02-03,44007,Providence,-4.0119,-13.6897,50.3154,5.2857
1996-02-04,44007,Providence,-10.1318,-15.7332,49.3909,4.1225
1996-02-05,44007,Providence,-7.8215,-17.5201,42.3405,3.6976
1996-02-06,44007,Providence,-4.6415,-13.6828,37.421,3.4123
1996-02-07,44007,Providence,0.686,-11.6245,50.7598,3.6244
1996-02-08,44007,Providence,3.4662,-3.4032,69.8862,3.6458
1996-02-09,44007,Providence,6.4713,-1.0064,59.8842,4.1832
1996-02-10,44007,Providence,3.7351,-3.6361,52.6108,3.7396
1996-02-11,44007,Providence,6.6541,-1.8732,65.0456,3.3082
1996-02-12,44007,Providence,2.8756,-11.9456,33.5649,5.302
1996-02-13,44007,Providence,-8.9925,-16.6465,42.9737,5.4582
1996-02-14,44007,Providence,1.3112,-12.4607,68.1242,2.7136
1996-02-15,44007,Providence,0.3273,-7.3605,60.8033,1.0213
1996-02-16,44007,Providence,-0.3412,-8.2583,63.116,4.5923
1996-02-17,44007,Providence,-3.0081,-12.1188,62.5149,5.2809
1996-02-18,44007,Providence,-0.7675,-13.6701,49.0172,4.0087
1996-02-19,44007,Providence,1.0955,-14.9244,57.9616,2.5573
1996-02-20,44007,Providence,5.9233,-1.9182,69.3303,4.2694
1996-02-21,44007,Providence,8.1648,2.1056,65.6366,2.8
1996-02-22,44007,Providence,13.9004,3.2667,60.2018,0.9859
1996-02-23,44007,Providence,12.2113,3.0175,60.5554,1.3889
1996-02-24,44007,Providence,12.265,2.1668,52.9578,4.9881
1996-02-25,44007,Providence,8.4714,-0.7239,37.911,8.7251
1996-02-26,44007,Providence,8.2323,-2.9572,37.3978,5.5758
1996-02-27,44007,Providence,11.3837,-2.856,31.1164,2.8727
1996-02-28,44007,Providence,14.6107,0.7631,42.5043,4.766
1996-02-29,44007,Providence,5.6215,-6.4022,22.6201,5.3443
1996-03-01,44007,Providence,1.9847,-9.0172,37.7421,3.1026
1996-03-02,44007,Providence,3.4506,-5.7957,64.2256,3.1386
1996-03-03,44007,Providence,4.8518,-8.5433,52.5328,6.033
1996-03-04,44007,Providence,-0.9753,-9.5402,45.5391,5.7663
1996-03-05,44007,Providence,5.0984,-9.2373,70.6905,2.9892
1996-03-06,44007,Providence,5.13,-2.3286,64.6498,4.2009
1996-03-07,44007,Providence,2.7115,-4.5184,65.239,5.0931
1996-03-08,44007,Providence,0.0392,-9.8235,61.559,4.9305
1996-03-09,44007,Providence,-3.3937,-13.6378,46.6107,5.2915
1996-03-10,44007,Providence,1.0997,-13.9995,44.8673,2.5804
1996-03-11,44007,Providence,3.6826,-11.7247,49.3269,1.6278
1996-03-12,44007,Providence,5.3557,-8.2297,50.3547,3.168
1996-03-13,44007,Providence,8.6022,-5.8418,43.0995,2.0284
1996-03-14,44007,Providence,10.3399,-1.4148,46.2841,2.5457
1996-03-15,44007,Providence,13.5229,0.1825,55.4429,2.3504
1996-03-16,44007,Providence,7.468,-4.6129,45.4907,4.5814
1996-03-17,44007,Providence,9.8336,-5.313,32.9073,2.9542
1996-03-18,44007,Providence,13.0586,-3.1014,35.6707,1.8003
1996-03-19,44007,Providence,14.1392,0.7924,46.3419,5.4264
1996-03-20,44007,Providence,11.9807,2.2843,55.6896,3.8999
1996-03-21,44007,Providence,10.7172,0.818,52.2828,2.9067
1996-03-22,44007,Providence,9.5264,-1.2184,46.4572,3.8937
1996-03-23,44007,Providence,4.8916,-3.7326,39.2198,5.4269
1996-03-24,44007,Providence,9.14,-3.6974,35.027,3.969
1996-03-25,44007,Providence,15.3414,0.154,45.2784,4.6294
1996-03-26,44007,Providence,19.9169,1.6387,38.0745,4.609
1996-03-27,44007,Providence,5.5222,-4.2426,29.1354,4.1089
1996-03-28,44007,Providence,7.6014,-4.3628,29.9713,1.5001
1996-03-29,44007,Providence,7.2349,-2.0493,48.0275,3.1323
1996-03-30,44007,Providence,10.0868,-4.0842,38.0785,2.5487
1996-03-31,44007,Providence,12.3444,-0.3799,32.9987,1.8931
1996-04-01,44007,Providence,15.4648,2.3673,49.2091,2.2122
1996-04-02,44007,Providence,10.209,-0.1504,55.97,5.1548
1996-04-03,44007,Providence,7.9697,-1.1392,39.756,4.3478
1996-04-04,44007,Providence,9.7608,-1.9118,31.322,3.6875
1996-04-05,44007,Providence,7.6884,0.9513,45.1974,2.323
1996-04-06,44007,Providence,10.4818,1.5217,52.0059,3.3462
1996-04-07,44007,Providence,5.986,0.7573,63.3903,5.8126
1996-04-08,44007,Providence,4.0375,-0.0473,63.5956,3.4328
1996-04-09,44007,Providence,8.8682,-1.5466,50.8082,3.2293
1996-04-10,44007,Providence,4.9793,0.1881,59.9721,6.722
1996-04-11,44007,Providence,12.7937,0.6077,44.7913,4.8449
1996-04-12,44007,Providence,17.6487,4.6761,48.9339,3.1734
1996-04-13,44007,Providence,10.7796,3.8167,44.7639,2.7414
1996-04-14,44007,Providence,9.0753,2.4958,60.1392,3.4568
1996-04-15,44007,Providence,12.4696,-0.0057,49.6974,3.1264
1996-04-16,44007,Providence,13.7719,2.8423,69.3677,6.5128
1996-04-17,44007,Providence,9.5242,3.3892,50.3662,6.5019
1996-04-18,44007,Providence,14.9693,2.0648,37.3334,3.3537
1996-04-19,44007,Providence,18.7397,4.475,46.2649,2.866
1996-04-20,44007,Providence,22.1269,8.1954,57.6619,4.8658
1996-04-21,44007,Providence,25.798,10.9823,44.7066,3.8928
1996-04-22,44007,Providence,23.2856,8.5916,43.7214,3.0081
1996-04-23,44007,Providence,25.7461,10.7603,54.8598,4.7926
1996-04-24,44007,Providence,15.4383,3.9376,49.2296,5.507
1996-04-25,44007,Providence,18.4066,3.859,45.0937,4.9617
1996-04-26,44007,Providence,22.095,8.7786,60.3055,6.0505
1996-04-27,44007,Providence,17.3557,3.9386,48.3994,3.8003
1996-04-28,44007,Providence,16.6441,0.0293,39.2531,3.2891
1996-04-29,44007,Providence,11.8099,4.5641,64.4634,3.0881
1996-04-30,44007,Providence,22.099,7.7258,65.7308,4.6138
1996-05-01,44007,Providence,18.859,6.4381,49.8662,3.7092
1996-05-02,44007,Providence,19.8891,3.4851,47.7879,3.3585
1996-05-03,44007,Providence,15.6696,8.128,59.3052,2.5574
1996-05-04,44007,Providence,20.2242,7.9277,60.2966,1.6805
1996-05-05,44007,Providence,19.8073,9.2493,50.3067,1.928
1996-05-06,44007,Providence,13.039,1.6533,62.5931,3.4822
1996-05-07,44007,Providence,17.8311,0.0762,41.6255,2.8912
1996-05-08,44007,Providence,18.2548,5.3228,50.1483,1.4893
1996-05-09,44007,Providence,16.8172,7.5855,55.3431,2.4912
1996-05-10,44007,Providence,18.2196,7.4269,70.2182,3.8562
1996-05-11,44007,Providence,26.6502,12.4951,58.4055,3.9553
1996-05-12,44007,Providence,16.476,5.4148,59.1146,5.831
1996-05-13,44007,Providence,14.6609,2.9479,42.1694,3.749
1996-05-14,44007,Providence,15.5253,0.3914,41.7868,2.5168
1996-05-15,44007,Providence,19.9549,2.9505,40.0513,2.9236
1996-05-16,44007,Providence,12.7103,3.2376,70.1873,2.9966
1996-05-17,44007,Providence,22.4831,8.3254,56.6449,1.344
1996-05-18,44007,Providence,19.1371,9.9069,60.0116,1.9398
1996-05-19,44007,Providence,28.1775,9.9515,59.3269,2.2869
1996-05-20,44007,Providence,32.882,14.5602,53.6096,3.5752
1996-05-21,44007,Providence,31.776,18.0277,52.5118,3.5723
1996-05-22,44007,Providence,26.0087,13.1467,45.8613,3.0007
1996-05-23,44007,Providence,24.5913,9.6974,45.6588,2.9706
1996-05-24,44007,Providence,19.6658,7.6571,54.4447,3.2529
1996-05-25,44007,Providence,18.0015,3.3489,41.2857,3.2528
1996-05-26,44007,Providence,19.7026,3.674,45.0717,2.4364
1996-05-27,44007,Providence,20.6507,8.8561,46.6126,1.6348
1996-05-28,44007,Providence,19.0229,7.6018,53.9486,2.0762
1996-05-29,44007,Providence,16.2962,6.7554,60.4781,1.9065
1996-05-30,44007,Providence,14.4971,5.3533,59.7786,2.56
1996-05-31,44007,Providence,22.815,6.8058,46.7503,3.145
1996-06-01,44007,Providence,24.5394,9.8783,47.7766,2.6814
1996-06-02,44007,Providence,23.1731,9.342,51.9257,2.9203
1996-06-03,44007,Providence,18.5909,9.1443,82.2793,2.6703
1996-06-04,44007,Providence,23.8284,14.9661,67.48,4.0555
1996-06-05,44007,Providence,24.8184,15.0949,67.5714,3.8309
1996-06-06,44007,Providence,24.9869,12.8815,57.0982,2.4656
1996-06-07,44007,Providence,25.563,13.2217,65.5491,3.5518
1996-06-08,44007,Providence,29.0598,16.4029,70.6087,3.0511
1996-06-09,44007,Providence,27.6627,17.2052,70.4548,2.2046
1996-06-10,44007,Providence,25.0756,17.3479,74.4838,2.2318
1996-06-11,44007,Providence,28.3129,18.6441,71.2597,3.6346
1996-06-12,44007,Providence,27.8542,18.8267,69.1933,3.9736
1996-06-13,44007,Providence,26.9814,17.3506,72.5641,3.1235
1996-06-14,44007,Providence,27.4641,18.7002,66.1352,3.1153
1996-06-15,44007,Providence,29.1,18.497,58.9438,2.5224
1996-06-16,44007,Providence,25.1048,14.9666,61.3715,2.4708
1996-06-17,44007,Providence,29.1528,14.5288,68.2117,1.8881
1996-06-18,44007,Providence,24.9239,15.3879,72.7196,2.6312
1996-06-19,44007,Providence,20.1858,13.0946,70.4244,1.6202
1996-06-20,44007,Providence,24.0136,14.2365,72.4311,1.8248
1996-06-21,44007,Providence,26.5587,13.3181,72.1252,1.3887
1996-06-22,44007,Providence,23.7257,14.9714,70.2086,3.0322
1996-06-23,44007,Providence,25.8637,15.1611,60.9701,3.0894
1996-06-24,44007,Providence,21.4146,12.7285,75.1924,2.2693
1996-06-25,44007,Providence,27.3824,12.0298,62.1726,2.9795
1996-06-26,44007,Providence,21.235,11.1419,53.8099,3.891
1996-06-27,44007,Providence,24.1873,10.0201,59.8352,2.3423
1996-06-28,44007,Providence,22.9359,13.6337,60.3249,2.649
1996-06-29,44007,Providence,23.3738,12.3597,59.1644,1.4947
1996-06-30,44007,Providence,19.1123,15.0212,77.9984,3.2283
1996-07-01,44007,Providence,27.1411,15.2758,73.8518,3.7965
1996-07-02,44007,Providence,28.5312,16.353,67.8222,2.2926
1996-07-03,44007,Providence,24.2142,17.2833,77.0812,1.8105
1996-07-04,44007,Providence,24.0573,16.5211,70.8898,3.5873
1996-07-05,44007,Providence,25.92,15.503,62.0883,3.7488
1996-07-06,44007,Providence,28.2202,14.3639,63.3338,3.5682
1996-07-07,44007,Providence,25.5939,17.3788,66.5343,2.0229
1996-07-08,44007,Providence,29.9071,16.4165,74.6034,3.3753
1996-07-09,44007,Providence,29.4916,20.2063,72.0902,2.1878
1996-07-10,44007,Providence,24.8135,13.8888,62.4876,3.7709
1996-07-11,44007,Providence,25.4047,11.3738,57.7475,3.231
1996-07-12,44007,Providence,27.0062,13.5951,65.9181,2.3559
1996-07-13,44007,Providence,23.8981,18.2975,84.2798,4.8152
1996-07-14,44007,Providence,28.0124,18.839,73.9193,3.3566
1996-07-15,44007,Providence,26.7682,19.5768,77.8156,4.6632
1996-07-16,44007,Providence,28.9227,19.9208,67.4922,4.0055
1996-07-17,44007,Providence,29.9851,18.0382,61.8663,3.1154
1996-07-18,44007,Providence,29.8069,17.4225,64.3247,2.648
1996-07-19,44007,Providence,26.6554,19.4591,76.0463,4.4627
1996-07-20,44007,Providence,21.9154,14.531,57.9205,6.0972
1996-07-21,44007,Providence,24.488,13.3256,54.7973,3.7985
1996-07-22,44007,Providence,26.5542,14.1133,59.8278,2.0208
1996-07-23,44007,Providence,20.2789,12.6988,76.601,1.3061
1996-07-24,44007,Providence,27.9553,12.0549,69.9886,1.7232
1996-07-25,44007,Providence,25.846,15.286,77.2251,2.5539
1996-07-26,44007,Providence,24.0431,17.6298,76.8055,1.695
1996-07-27,44007,Providence,27.2476,17.2818,61.2892,2.9402
1996-07-28,44007,Providence,26.7018,14.745,62.7419,1.5774
1996-07-29,44007,Providence,26.4276,17.2526,64.7601,1.8522
1996-07-30,44007,Providence,20.6488,15.1143,77.0163,2.2908
1996-07-31,44007,Providence,19.9433,14.2225,84.6867,2.6029
1996-08-01,44007,Providence,24.2425,14.8732,82.4957,1.7441
1996-08-02,44007,Providence,26.5154,17.0364,73.2837,1.5604
1996-08-03,44007,Providence,26.1906,16.8303,73.351,1.8405
1996-08-04,44007,Providence,26.961,16.4782,72.9449,1.7955
1996-08-05,44007,Providence,28.5276,16.5959,73.2457,1.9551
1996-08-06,44007,Providence,29.7621,17.1371,70.5614,1.8031
1996-08-07,44007,Providence,29.0249,17.0756,70.3177,2.5795
1996-08-08,44007,Providence,27.8917,15.3726,71.2174,3.3669
1996-08-09,44007,Providence,27.8213,15.458,76.9336,3.2598
1996-08-10,44007,Providence,27.2892,19.207,67.5799,1.8624
1996-08-11,44007,Providence,23.9379,15.9784,60.5328,2.0165
1996-08-12,44007,Providence,24.244,14.6059,61.7207,1.9252
1996-08-13,44007,Providence,18.4587,14.0014,90.3127,2.1522
1996-08-14,44007,Providence,26.4789,13.1116,72.7362,1.6564
1996-08-15,44007,Providence,25.7393,15.9077,71.781,1.7374
1996-08-16,44007,Providence,26.2345,14.4316,70.2957,2.1014
1996-08-17,44007,Providence,27.4867,16.6188,73.1491,2.3107
1996-08-18,44007,Providence,28.2059,18.8243,63.689,2.0169
1996-08-19,44007,Providence,26.9507,14.976,58.8935,1.9201
1996-08-20,44007,Providence,26.5033,12.9646,66.0482,3.2214
1996-08-21,44007,Providence,28.7749,15.7819,73.3137,3.785
1996-08-22,44007,Providence,28.6178,18.9566,69.181,1.7322
1996-08-23,44007,Providence,30.8462,17.376,70.6839,3.268
1996-08-24,44007,Providence,25.471,18.7683,76.5107,1.385
1996-08-25,44007,Providence,26.7784,15.6862,66.199,2.8969
1996-08-26,44007,Providence,29.536,16.257,64.3811,2.6884
1996-08-27,44007,Providence,28.159,16.9861,67.5559,2.2024
1996-08-28,44007,Providence,21.0075,15.7713,85.1117,2.4747
1996-08-29,44007,Providence,27.2243,14.2186,67.1404,2.4113
1996-08-30,44007,Providence,24.8297,13.9773,59.814,1.9663
1996-08-31,44007,Providence,27.0137,11.7751,60.1139,2.8684
1996-09-01,44007,Providence,28.9138,13.8572,55.6566,3.1131
1996-09-02,44007,Providence,20.8989,16.3281,78.6913,6.0651
1996-09-03,44007,Providence,28.6359,16.203,60.5898,2.0993
1996-09-04,44007,Providence,28.3184,16.6645,67.0895,1.8788
1996-09-05,44007,Providence,27.7653,18.2428,66.17,2.4317
1996-09-06,44007,Providence,27.3753,16.7783,70.1239,2.064
1996-09-07,44007,Providence,20.9956,15.4768,88.5539,3.1031
1996-09-08,44007,Providence,23.1282,8.1033,86.644,2.5359
1996-09-09,44007,Providence,27.338,16.3172,76.9643,2.2593
1996-09-10,44007,Providence,26.9959,17.9076,75.5432,2.1664
1996-09-11,44007,Providence,24.4873,14.8524,70.8473,1.7282
1996-09-12,44007,Providence,19.222,11.5363,87.946,3.296
1996-09-13,44007,Providence,18.3115,11.4552,94.4138,2.92
1996-09-14,44007,Providence,23.5975,13.3857,75.1811,2.2707
1996-09-15,44007,Providence,21.1784,10.1587,68.4715,3.0127
1996-09-16,44007,Providence,20.1304,13.5133,75.1006,1.7649
1996-09-17,44007,Providence,16.237,11.3285,94.4664,5.9143
1996-09-18,44007,Providence,14.1447,11.0268,90.1529,5.5848
1996-09-19,44007,Providence,20.1293,10.8466,64.4533,3.0244
1996-09-20,44007,Providence,21.2475,8.83,65.9706,2.8549
1996-09-21,44007,Providence,22.4487,10.0534,66.2801,3.2764
1996-09-22,44007,Providence,19.7268,11.4501,82.4708,1.8021
1996-09-23,44007,Providence,14.8484,9.308,80.3812,3.053
1996-09-24,44007,Providence,15.5374,9.5112,72.7501,1.5015
1996-09-25,44007,Providence,18.1578,9.799,73.4079,2.5343
1996-09-26,44007,Providence,15.9143,6.0793,66.0798,1.8138
1996-09-27,44007,Providence,14.8978,8.3778,80.043,2.8626
1996-09-28,44007,Providence,20.926,11.3502,89.0476,5.9712
1996-09-29,44007,Providence,19.1364,11.0261,83.0583,3.3994
1996-09-30,44007,Providence,19.8125,8.3513,55.8152,2.6015
1996-10-01,44007,Providence,20.329,7.4529,51.0597,1.9313
1996-10-02,44007,Providence,20.7194,8.1017,71.008,3.7227
1996-10-03,44007,Providence,17.9341,2.2625,61.8105,4.5827
1996-10-04,44007,Providence,9.9867,-0.7103,50.2205,3.6216
1996-10-05,44007,Providence,10.8908,0.6595,54.9096,2.0344
1996-10-06,44007,Providence,15.2212,1.6749,54.5984,1.9266
1996-10-07,44007,Providence,16.604,4.2967,62.1112,1.7832
1996-10-08,44007,Providence,16.0526,5.6681,74.088,4.6974
1996-10-09,44007,Providence,17.8026,8.1929,62.7621,3.7638
1996-10-10,44007,Providence,19.1023,7.2239,63.6955,2.8075
1996-10-11,44007,Providence,12.4058,1.6433,54.4946,3.0774
1996-10-12,44007,Providence,13.3747,-0.6173,51.5213,2.4642
1996-10-13,44007,Providence,15.8597,2.9113,66.4328,2.9273
1996-10-14,44007,Providence,21.8936,4.291,52.1303,4.8816
1996-10-15,44007,Providence,10.2808,-1.5933,44.5623,3.8451
1996-10-16,44007,Providence,19.4576,1.6465,59.5602,3.2107
1996-10-17,44007,Providence,21.9499,7.1118,52.2205,1.9931
1996-10-18,44007,Providence,13.1831,4.0249,62.1066,4.0006
1996-10-19,44007,Providence,13.2617,5.274,77.8571,8.1132
1996-10-20,44007,Providence,14.48,8.4849,77.8067,4.4879
1996-10-21,44007,Providence,15.8492,7.9123,70.0073,1.442
1996-10-22,44007,Providence,14.387,5.6525,68.8017,2.6193
1996-10-23,44007,Providence,17.0317,4.456,72.7398,2.2444
1996-10-24,44007,Providence,18.3031,7.8706,60.9653,3.6822
1996-10-25,44007,Providence,16.499,5.4085,53.704,3.494
1996-10-26,44007,Providence,15.837,2.7684,50.9265,2.2394
1996-10-27,44007,Providence,17.9969,4.632,56.1691,1.9812
1996-10-28,44007,Providence,17.9877,5.7553,68.3698,4.9011
1996-10-29,44007,Providence,10.637,1.5258,51.1506,4.0324
1996-10-30,44007,Providence,13.0113,0.5576,73.4612,3.888
1996-10-31,44007,Providence,12.3526,2.3321,56.5861,4.5787
1996-11-01,44007,Providence,8.4121,-0.5605,48.578,3.0663
1996-11-02,44007,Providence,8.5478,-1.2639,45.5996,2.8275
1996-11-03,44007,Providence,5.8526,-3.4908,42.0678,4.5564
1996-11-04,44007,Providence,9.2048,-0.8183,45.781,3.7166
1996-11-05,44007,Providence,13.8434,0.053,49.4171,2.4538
1996-11-06,44007,Providence,12.7378,4.5519,59.3487,2.377
1996-11-07,44007,Providence,15.6744,6.5926,68.2455,4.0301
1996-11-08,44007,Providence,19.5003,11.6672,65.1428,7.0886
1996-11-09,44007,Providence,16.1545,4.4816,63.0328,5.1938
1996-11-10,44007,Providence,12.8474,1.8771,49.1059,3.1282
1996-11-11,44007,Providence,7.416,-1.8239,45.3675,3.503
1996-11-12,44007,Providence,5.6399,-3.3135,44.0776,3.7777
1996-11-13,44007,Providence,4.0307,-4.1564,38.3763,2.5734
1996-11-14,44007,Providence,1.5495,-4.3366,37.7805,2.5841
1996-11-15,44007,Providence,-0.1575,-6.5942,39.0798,4.206
1996-11-16,44007,Providence,3.8808,-7.9603,35.0322,2.8897
1996-11-17,44007,Providence,9.7197,-3.9825,28.1656,2.5981
1996-11-18,44007,Providence,10.714,-0.8614,38.9135,1.3251
1996-11-19,44007,Providence,8.1681,0.8847,64.455,1.6516
1996-11-20,44007,Providence,6.3618,-1.2843,53.3599,3.4939
1996-11-21,44007,Providence,3.859,-3.594,51.673,3.7337
1996-11-22,44007,Providence,5.196,-2.7753,50.9994,3.3392
1996-11-23,44007,Providence,6.4975,-3.7199,47.4329,2.8727
1996-11-24,44007,Providence,4.2282,-2.7926,40.2113,2.0995
1996-11-25,44007,Providence,7.6998,-0.9116,61.9651,1.392
1996-11-26,44007,Providence,14.134,-0.6344,64.9616,4.2955
1996-11-27,44007,Providence,2.2632,-7.8711,44.3985,5.886
1996-11-28,44007,Providence,-1.1674,-9.1957,54.2615,2.8627
1996-11-29,44007,Providence,1.4827,-6.8427,54.7492,2.9779
1996-11-30,44007,Providence,3.4526,-5.0887,64.0602,2.2289
1996-12-01,44007,Providence,11.4422,1.0251,86.4266,6.8244
1996-12-02,44007,Providence,12.9349,0.7804,70.606,6.0632
1996-12-03,44007,Providence,6.2155,-2.8044,56.9752,1.9473
1996-12-04,44007,Providence,6.3578,0.1146,64.2197,1.4574
1996-12-05,44007,Providence,5.4257,-0.7577,61.0225,2.013
1996-12-06,44007,Providence,5.075,-1.7189,78.6267,6.1969
1996-12-07,44007,Providence,3.4807,-2.2714,76.8087,2.6479
1996-12-08,44007,Providence,4.7855,-5.0148,74.5961,3.3879
1996-12-09,44007,Providence,2.9967,-6.1111,65.3657,2.2182
1996-12-10,44007,Providence,2.6196,-6.4021,69.9703,2.1389
1996-12-11,44007,Providence,4.4329,-1.0402,72.4904,1.7266
1996-12-12,44007,Providence,4.7481,0.3821,73.7642,4.367
1996-12-13,44007,Providence,4.7686,0.3035,71.7868,4.8466
1996-12-14,44007,Providence,4.8473,0.6481,72.598,4.558
1996-12-15,44007,Providence,4.5049,-0.9638,73.6604,3.5875
1996-12-16,44007,Providence,6.4441,-1.6162,72.2733,1.9431
1996-12-17,44007,Providence,10.5881,1.8066,71.8116,3.0102
1996-12-18,44007,Providence,13.5859,6.65,74.4783,2.0535
1996-12-19,44007,Providence,11.723,5.7212,79.5522,1.9774
1996-12-20,44007,Providence,7.2616,-6.7231,34.7361,7.0445
1996-12-21,44007,Providence,-0.6323,-6.5118,63.4893,3.0913
1996-12-22,44007,Providence,1.8441,-5.6386,72.556,3.7857
1996-12-23,44007,Providence,3.4484,-1.0548,75.8966,1.6024
1996-12-24,44007,Providence,11.5612,0.7178,82.8816,6.1121
1996-12-25,44007,Providence,10.1397,-3.2779,36.933,5.5933
1996-12-26,44007,Providence,1.5886,-3.2864,53.6016,3.3985
1996-12-27,44007,Providence,5.982,-1.1251,66.7782,1.5532
1996-12-28,44007,Providence,6.6332,-1.3187,65.2438,2.8934
1996-12-29,44007,Providence,12.822,3.3946,75.7025,4.2009
1996-12-30,44007,Providence,9.2638,-3.3419,42.4656,4.7742
1996-12-31,44007,Providence,0.9824,-12.8719,41.6008,3.6391
1997-01-01,44007,Providence,-3.4048,-14.464,50.3272,2.3276
1997-01-02,44007,Providence,3.5852,-6.2628,72.1039,2.5137
1997-01-03,44007,Providence,7.0193,-0.8354,61.8912,2.0869
1997-01-04,44007,Providence,6.9632,-0.7933,59.2322,1.4925
1997-01-05,44007,Providence,12.9765,0.5306,66.672,3.4035
1997-01-06,44007,Providence,9.8848,-1.4642,46.9782,5.9389
1997-01-07,44007,Providence,2.329,-5.1017,31.3807,7.0478
1997-01-08,44007,Providence,-2.0999,-8.1915,39.5155,6.8159
1997-01-09,44007,Providence,2.8678,-8.4908,50.0389,2.6439
1997-01-10,44007,Providence,5.327,-3.1735,59.3682,5.8007
1997-01-11,44007,Providence,1.5585,-7.611,52.6664,5.0446
1997-01-12,44007,Providence,-2.1968,-8.3433,50.6403,6.0691
1997-01-13,44007,Providence,0.399,-8.2847,56.571,4.2782
1997-01-14,44007,Providence,0.4543,-6.7187,54.7714,3.8392
1997-01-15,44007,Providence,1.581,-7.6559,57.1289,3.3619
1997-01-16,44007,Providence,7.3838,-3.2467,60.1509,6.0062
1997-01-17,44007,Providence,0.7549,-12.6145,19.193,6.3843
1997-01-18,44007,Providence,-7.8967,-14.5902,40.8836,4.3034
1997-01-19,44007,Providence,-8.0831,-17.5498,46.9432,4.4701
1997-01-20,44007,Providence,-0.0456,-11.9444,61.0319,4.543
1997-01-21,44007,Providence,-0.0365,-7.0737,51.2982,3.1791
1997-01-22,44007,Providence,7.1692,-5.3717,63.7713,6.7373
1997-01-23,44007,Providence,8.9464,-5.1323,55.929,4.6167
1997-01-24,44007,Providence,2.7827,-7.027,47.2675,4.917
1997-01-25,44007,Providence,9.3871,0.2432,63.7789,5.6645
1997-01-26,44007,Providence,3.9014,-9.4318,30.4383,5.9507
1997-01-27,44007,Providence,0.0042,-11.1644,48.159,2.9009
1997-01-28,44007,Providence,6.2659,-6.7882,59.931,5.856
1997-01-29,44007,Providence,-2.5685,-9.5571,46.5221,3.6397
1997-01-30,44007,Providence,-1.2168,-12.0267,57.2645,2.8658
1997-01-31,44007,Providence,4.6367,-3.032,61.421,1.9512
1997-02-01,44007,Providence,5.6719,0.2754,60.8942,3.1422
1997-02-02,44007,Providence,5.3919,-1.4902,53.0788,1.6649
1997-02-03,44007,Providence,5.3635,-0.5007,59.1444,1.9161
1997-02-04,44007,Providence,3.9715,-3.4659,57.2827,3.6547
1997-02-05,44007,Providence,7.2834,0.0777,60.8242,3.8411
1997-02-06,44007,Providence,6.7211,-4.1235,50.5713,3.3898
1997-02-07,44007,Providence,3.375,-6.4138,54.3296,2.6269
1997-02-08,44007,Providence,2.3779,-4.2519,52.6771,3.954
1997-02-09,44007,Providence,1.528,-6.4078,46.3721,3.3223
1997-02-10,44007,Providence,3.1759,-7.3537,46.7472,2.6307
1997-02-11,44007,Providence,3.0376,-5.978,60.7797,2.7815
1997-02-12,44007,Providence,4.0531,-2.7878,56.2537,3.7841
1997-02-13,44007,Providence,2.9216,-6.7675,42.3486,3.3279
1997-02-14,44007,Providence,5.1958,-6.7588,67.3641,3.8702
1997-02-15,44007,Providence,5.614,-0.4468,57.1805,3.2867
1997-02-16,44007,Providence,2.5233,-4.9977,46.3953,2.7151
1997-02-17,44007,Providence,0.0338,-6.1785,54.7246,3.863
1997-02-18,44007,Providence,5.6774,-4.4415,56.812,6.8326
1997-02-19,44007,Providence,12.5784,1.4698,48.6572,5.6689
1997-02-20,44007,Providence,9.5185,-2.1094,39.9484,3.6274
1997-02-21,44007,Providence,13.6234,-1.4305,58.9282,5.9691
1997-02-22,44007,Providence,20.8491,2.1224,51.023,6.6078
1997-02-23,44007,Providence,6.313,-2.4775,36.6316,4.5029
1997-02-24,44007,Providence,5.264,-3.5615,45.2186,5.0367
1997-02-25,44007,Providence,-1.4342,-9.178,40.1359,4.0628
1997-02-26,44007,Providence,8.3245,-4.7252,53.1785,5.2461
1997-02-27,44007,Providence,19.0208,3.091,58.573,5.5422
1997-02-28,44007,Providence,13.8707,2.4161,41.6268,2.8354
1997-03-01,44007,Providence,8.2916,0.0659,58.618,3.0454
1997-03-02,44007,Providence,18.1521,3.5602,51.3561,5.7072
1997-03-03,44007,Providence,6.8106,-1.3043,41.6897,4.3435
1997-03-04,44007,Providence,3.3305,-1.5348,60.2756,2.679
1997-03-05,44007,Providence,10.0041,-0.7954,53.9389,2.6647
1997-03-06,44007,Providence,9.8223,-1.8997,51.0734,7.7152
1997-03-07,44007,Providence,1.8001,-4.7577,44.9665,5.2552
1997-03-08,44007,Providence,4.3965,-5.4403,55.2108,3.6585
1997-03-09,44007,Providence,0.3938,-7.1459,45.6274,3.0647
1997-03-10,44007,Providence,6.11,-4.3011,59.1246,3.5428
1997-03-11,44007,Providence,4.7733,-1.2469,54.5032,2.5061
1997-03-12,44007,Providence,2.6968,-4.8126,42.6761,5.1588
1997-03-13,44007,Providence,-1.4997,-9.2617,44.3918,4.7456
1997-03-14,44007,Providence,5.1011,-9.2936,56.745,3.6703
1997-03-15,44007,Providence,6.1612,-3.0237,45.331,5.2313
1997-03-16,44007,Providence,-0.3563,-7.258,29.6792,5.5792
1997-03-17,44007,Providence,3.5067,-8.2823,53.7501,5.0282
1997-03-18,44007,Providence,4.0817,-2.6461,46.9876,3.0715
1997-03-19,44007,Providence,3.5914,-3.3361,43.1672,1.3241
1997-03-20,44007,Providence,3.9541,-3.6018,60.442,2.5335
1997-03-21,44007,Providence,5.9416,-4.5712,52.6408,3.2001
1997-03-22,44007,Providence,6.9209,-1.335,55.253,4.3283
1997-03-23,44007,Providence,1.5093,-8.8864,33.5435,4.2916
1997-03-24,44007,Providence,2.3597,-10.143,44.3279,3.5128
1997-03-25,44007,Providence,6.527,-6.2338,54.712,3.8389
1997-03-26,44007,Providence,12.2844,1.3786,53.8522,6.9395
1997-03-27,44007,Providence,15.1996,-0.1687,38.9795,4.1984
1997-03-28,44007,Providence,16.0298,3.4054,40.9432,2.6921
1997-03-29,44007,Providence,18.1683,4.9564,60.4467,2.493
1997-03-30,44007,Providence,17.9631,8.7424,47.9314,3.2969
1997-03-31,44007,Providence,11.7447,-1.2703,55.1204,8.2918
1997-04-01,44007,Providence,2.9905,-4.1575,57.7567,7.9383
1997-04-02,44007,Providence,6.4404,-7.5178,45.7163,5.0103
1997-04-03,44007,Providence,11.471,-3.7267,40.5741,2.9064
1997-04-04,44007,Providence,16.5201,3.9472,40.8332,3.5472
1997-04-05,44007,Providence,13.995,0.7133,41.2548,2.0562
1997-04-06,44007,Providence,13.7886,3.0909,64.0591,3.8521
1997-04-07,44007,Providence,23.9863,6.7558,40.4475,4.5255
1997-04-08,44007,Providence,8.9373,0.8966,35.9622,5.5526
1997-04-09,44007,Providence,3.3597,-5.3891,27.1768,5.4164
1997-04-10,44007,Providence,7.4289,-5.5539,25.7169,4.2801
1997-04-11,44007,Providence,8.0249,-3.93,38.2565,2.9487
1997-04-12,44007,Providence,11.4029,1.181,54.7243,3.0179
1997-04-13,44007,Providence,19.2341,6.9487,54.1912,3.0539
1997-04-14,44007,Providence,10.9922,-0.1017,39.9022,4.6839
1997-04-15,44007,Providence,12.3846,-1.399,31.9394,2.3674
1997-04-16,44007,Providence,15.1469,-0.1119,40.7841,2.6651
1997-04-17,44007,Providence,16.504,4.5407,55.3571,2.5108
1997-04-18,44007,Providence,15.0821,5.2538,63.2644,3.1306
1997-04-19,44007,Providence,8.9863,3.1791,60.9473,5.5663
1997-04-20,44007,Providence,14.6644,0.7601,47.3229,2.052
1997-04-21,44007,Providence,15.9153,6.3941,42.8564,1.5613
1997-04-22,44007,Providence,16.3289,5.9799,41.1517,1.5371
1997-04-23,44007,Providence,17.9394,6.8744,38.5194,1.7677
1997-04-24,44007,Providence,10.1946,4.4197,53.954,5.0129
1997-04-25,44007,Providence,12.4292,3.5481,50.2011,1.4688
1997-04-26,44007,Providence,17.3276,5.4298,36.5578,2.8059
1997-04-27,44007,Providence,18.8657,4.3374,33.9768,2.251
1997-04-28,44007,Providence,13.8441,5.7116,65.7605,5.2564
1997-04-29,44007,Providence,18.1122,3.8645,41.6714,3.2837
1997-04-30,44007,Providence,20.0725,5.9554,43.9721,3.7503
1997-05-01,44007,Providence,20.89,6.8626,59.4817,5.6859
1997-05-02,44007,Providence,15.2258,7.312,40.1414,4.9658
1997-05-03,44007,Providence,14.4242,6.5947,65.7698,4.6052
1997-05-04,44007,Providence,15.612,6.5838,51.1398,4.2846
1997-05-05,44007,Providence,16.4147,4.4871,37.6437,3.1381
1997-05-06,44007,Providence,16.4572,5.3264,57.3397,5.1958
1997-05-07,44007,Providence,10.1107,3.2349,44.6251,5.7629
1997-05-08,44007,Providence,15.5445,1.2259,38.5043,3.2932
1997-05-09,44007,Providence,13.5369,4.9589,66.7819,2.0615
1997-05-10,44007,Providence,15.5141,7.3487,53.067,2.3216
1997-05-11,44007,Providence,16.3279,6.0585,44.1695,4.2957
1997-05-12,44007,Providence,20.9924,5.7406,49.3852,4.6484
1997-05-13,44007,Providence,21.1776,8.5115,56.7981,2.0368
1997-05-14,44007,Providence,19.7856,9.0034,46.3944,4.2292
1997-05-15,44007,Providence,21.9327,8.5924,57.6466,3.5726
1997-05-16,44007,Providence,15.1284,6.6035,51.6281,5.5671
1997-05-17,44007,Providence,16.479,4.9782,52.2282,4.8461
1997-05-18,44007,Providence,17.9162,6.8172,44.5182,3.1427
1997-05-19,44007,Providence,21.2603,8.7088,58.2988,2.2162
1997-05-20,44007,Providence,21.9201,8.298,48.5474,2.9837
1997-05-21,44007,Providence,15.3944,5.0324,45.4124,4.501
1997-05-22,44007,Providence,13.9827,4.6886,50.7947,5.3751
1997-05-23,44007,Providence,16.8948,5.0817,48.2389,3.6757
1997-05-24,44007,Providence,19.4873,7.4008,47.5776,2.2708
1997-05-25,44007,Providence,19.621,9.7535,70.0602,2.2419
1997-05-26,44007,Providence,18.3745,10.6005,50.6378,3.2338
1997-05-27,44007,Providence,15.7064,7.5325,47.0274,2.8052
1997-05-28,44007,Providence,21.4705,4.5096,42.7611,2.0472
1997-05-29,44007,Providence,23.6041,6.6429,43.6873,3.0027
1997-05-30,44007,Providence,21.7552,8.2412,59.3871,3.2722
1997-05-31,44007,Providence,25.6942,12.053,59.5081,1.9411
1997-06-01,44007,Providence,25.0528,13.5117,59.6652,2.7007
1997-06-02,44007,Providence,16.3323,9.3635,67.5138,4.5907
1997-06-03,44007,Providence,16.5954,6.7343,53.1989,4.0338
1997-06-04,44007,Providence,17.4814,5.7399,52.8299,4.5796
1997-06-05,44007,Providence,18.894,4.7626,55.2332,2.8035
1997-06-06,44007,Providence,18.1727,8.0081,57.17,1.9111
1997-06-07,44007,Providence,18.6786,6.0684,56.9294,2.8964
1997-06-08,44007,Providence,20.3959,7.8359,51.6021,1.9312
1997-06-09,44007,Providence,23.6354,7.6914,49.6092,1.9243
1997-06-10,44007,Providence,29.8512,9.8875,50.1639,3.3508
1997-06-11,44007,Providence,31.1264,14.8418,47.2226,2.9707
1997-06-12,44007,Providence,28.0747,16.3814,53.9829,3.4066
1997-06-13,44007,Providence,26.9264,16.1761,60.9959,3.381
1997-06-14,44007,Providence,26.7,12.281,49.6008,3.0523
1997-06-15,44007,Providence,21.8974,7.9313,45.0934,1.9691
1997-06-16,44007,Providence,23.25,7.6117,51.3438,2.9392
1997-06-17,44007,Providence,24.1923,11.279,60.5196,0.7347
1997-06-18,44007,Providence,22.9783,15.0338,64.3565,1.9617
1997-06-19,44007,Providence,28.5161,16.4171,59.3573,1.9569
1997-06-20,44007,Providence,28.3654,18.3249,52.6116,1.6754
1997-06-21,44007,Providence,31.2753,18.4915,57.0818,4.3781
1997-06-22,44007,Providence,32.6757,18.5137,54.6943,4.2113
1997-06-23,44007,Providence,28.0556,14.4835,46.9937,2.9123
1997-06-24,44007,Providence,25.9202,15.6881,53.1621,2.1404
1997-06-25,44007,Providence,29.8513,17.9386,60.5521,2.6517
1997-06-26,44007,Providence,31.4068,18.9638,54.0648,2.6498
1997-06-27,44007,Providence,27.6835,15.296,44.3279,3.0558
1997-06-28,44007,Providence,29.1326,12.9612,44.1159,2.0338
1997-06-29,44007,Providence,31.0283,15.007,46.4792,3.1396
1997-06-30,44007,Providence,29.4087,14.5773,50.897,3.1008
1997-07-01,44007,Providence,28.6441,14.7745,65.4505,3.3087
1997-07-02,44007,Providence,27.679,15.8547,71.8226,2.9606
1997-07-03,44007,Providence,26.3243,18.0013,73.8297,4.4416
1997-07-04,44007,Providence,27.2561,17.6841,62.2342,4.658
1997-07-05,44007,Providence,25.1688,13.2027,55.6681,3.0466
1997-07-06,44007,Providence,27.4456,14.1814,48.7611,2.2957
1997-07-07,44007,Providence,27.5183,13.0527,62.6756,2.9831
1997-07-08,44007,Providence,28.3359,16.3965,57.9749,2.6583
1997-07-09,44007,Providence,29.4185,18.1806,66.2957,4.4942
1997-07-10,44007,Providence,23.946,15.4466,63.6282,2.0889
1997-07-11,44007,Providence,27.9999,12.2299,51.1176,2.7077
1997-07-12,44007,Providence,30.3264,14.0637,46.7501,2.6552
1997-07-13,44007,Providence,32.0694,15.7148,52.9083,2.7101
1997-07-14,44007,Providence,34.0151,19.3963,51.666,2.9977
1997-07-15,44007,Providence,32.5732,19.4567,58.9664,1.5949
1997-07-16,44007,Providence,33.032,17.6186,60.6277,2.1306
1997-07-17,44007,Providence,34.2369,20.2287,52.5149,3.7214
1997-07-18,44007,Providence,33.711,19.7567,50.7628,3.5097
1997-07-19,44007,Providence,25.9933,13.8243,50.5914,4.1387
1997-07-20,44007,Providence,25.2674,10.272,46.8383,3.1137
1997-07-21,44007,Providence,26.0332,14.0121,60.745,2.3437
1997-07-22,44007,Providence,24.9095,15.5483,60.1809,1.8045
1997-07-23,44007,Providence,25.6167,13.9265,53.0463,1.7876
1997-07-24,44007,Providence,18.2843,12.5014,80.3295,3.0712
1997-07-25,44007,Providence,20.3023,14.2579,78.9315,4.6072
1997-07-26,44007,Providence,28.5965,12.6702,57.9522,2.7208
1997-07-27,44007,Providence,28.1878,15.3901,72.8346,3.3984
1997-07-28,44007,Providence,32.2781,20.0326,59.4861,3.2394
1997-07-29,44007,Providence,25.5614,12.6724,47.9768,3.7231
1997-07-30,44007,Providence,26.8695,10.4025,43.0855,2.0734
1997-07-31,44007,Providence,29.5591,12.1207,46.7657,2.3432
1997-08-01,44007,Providence,31.0205,14.2742,47.7974,3.5582
1997-08-02,44007,Providence,30.6787,17.1473,52.9712,3.7443
1997-08-03,44007,Providence,31.8042,16.9983,62.8393,2.278
1997-08-04,44007,Providence,25.564,15.0475,74.5158,2.8014
1997-08-05,44007,Providence,22.3345,13.5743,79.2716,2.1341
1997-08-06,44007,Providence,22.5642,14.2651,75.1448,1.2257
1997-08-07,44007,Providence,25.9425,14.2622,54.0183,2.2785
1997-08-08,44007,Providence,27.3082,11.9839,55.8872,1.137
1997-08-09,44007,Providence,27.992,17.269,66.4964,2.2055
1997-08-10,44007,Providence,29.9302,16.6501,63.8157,3.7074
1997-08-11,44007,Providence,29.7597,16.5941,67.8981,3.7939
1997-08-12,44007,Providence,26.4372,15.0909,70.7359,2.4209
1997-08-13,44007,Providence,22.4148,12.8172,93.1971,2.8635
1997-08-14,44007,Providence,27.4948,18.4539,67.1392,1.6319
1997-08-15,44007,Providence,27.2543,18.4483,67.7406,2.7086
1997-08-16,44007,Providence,33.2496,18.2853,72.738,4.292
1997-08-17,44007,Providence,32.3155,21.4366,66.5095,2.9118
1997-08-18,44007,Providence,23.0687,13.3279,69.1754,2.7697
1997-08-19,44007,Providence,23.8884,10.4818,61.76,1.8094
1997-08-20,44007,Providence,22.7486,14.819,71.227,2.2853
1997-08-21,44007,Providence,20.2945,12.788,92.4141,3.9993
1997-08-22,44007,Providence,25.3782,12.6688,82.7619,1.8201
1997-08-23,44007,Providence,23.3735,16.0616,73.5843,3.6225
1997-08-24,44007,Providence,24.115,13.0083,67.8117,2.3723
1997-08-25,44007,Providence,23.1295,15.2874,67.7394,0.775
1997-08-26,44007,Providence,25.618,14.415,63.8907,1.1734
1997-08-27,44007,Providence,24.7544,15.0301,72.7868,3.0461
1997-08-28,44007,Providence,24.8358,15.3758,79.5812,1.9304
1997-08-29,44007,Providence,22.3687,15.1322,82.6952,1.8617
1997-08-30,44007,Providence,24.3269,14.298,78.2599,1.7063
1997-08-31,44007,Providence,24.8649,16.8523,76.0641,1.8967
1997-09-01,44007,Providence,25.8788,16.142,73.4537,2.4555
1997-09-02,44007,Providence,27.3858,18.4542,74.0969,3.7805
1997-09-03,44007,Providence,22.6018,8.9118,72.0903,3.8701
1997-09-04,44007,Providence,15.9595,7.6308,61.4639,3.1639
1997-09-05,44007,Providence,21.5869,6.2021,53.4998,3.2281
1997-09-06,44007,Providence,23.658,9.4301,59.1881,3.1664
1997-09-07,44007,Providence,24.8655,13.8763,65.1502,1.9692
1997-09-08,44007,Providence,22.545,13.5144,70.695,2.7823
1997-09-09,44007,Providence,23.1319,11.6954,63.5787,2.8311
1997-09-10,44007,Providence,23.5488,10.3111,66.1046,2.7817
1997-09-11,44007,Providence,21.9876,13.5439,82.4753,3.2386
1997-09-12,44007,Providence,25.2561,16.6094,73.068,2.4833
1997-09-13,44007,Providence,24.278,17.1586,64.3345,1.9369
1997-09-14,44007,Providence,22.7878,15.4337,67.2279,1.3792
1997-09-15,44007,Providence,24.4684,14.4287,61.6103,2.2325
1997-09-16,44007,Providence,24.1232,14.0292,62.8376,2.4522
1997-09-17,44007,Providence,22.5967,12.1717,62.0401,2.4537
1997-09-18,44007,Providence,26.5345,12.9811,64.0961,1.6609
1997-09-19,44007,Providence,26.4068,13.5594,51.4418,2.6893
1997-09-20,44007,Providence,27.9153,12.8663,63.3509,4.5268
1997-09-21,44007,Providence,14.4688,5.4482,56.0326,4.0375
1997-09-22,44007,Providence,17.0664,2.1844,57.0447,3.4936
1997-09-23,44007,Providence,18.1392,8.4859,71.7029,3.8053
1997-09-24,44007,Providence,13.8152,3.8864,48.971,2.9296
1997-09-25,44007,Providence,19.108,4.426,58.7786,3.0448
1997-09-26,44007,Providence,18.0663,8.9894,67.1739,2.2154
1997-09-27,44007,Providence,17.0507,8.5896,58.545,1.3394
1997-09-28,44007,Providence,20.3814,7.3096,65.2028,3.229
1997-09-29,44007,Providence,19.9562,11.981,73.5177,5.723
1997-09-30,44007,Providence,21.6329,10.0995,55.987,5.687
1997-10-01,44007,Providence,13.282,2.5916,61.0134,3.8859
1997-10-02,44007,Providence,13.2786,0.5395,51.0628,2.8756
1997-10-03,44007,Providence,14.3739,2.6408,79.9358,2.2584
1997-10-04,44007,Providence,19.231,8.2846,76.1596,2.3287
1997-10-05,44007,Providence,23.9134,12.0882,69.2477,3.1658
1997-10-06,44007,Providence,28.2204,9.9563,50.9435,3.4867
1997-10-07,44007,Providence,22.6327,7.8022,43.8955,3.006
1997-10-08,44007,Providence,19.7224,4.4688,49.7029,1.4973
1997-10-09,44007,Providence,18.9177,10.6895,69.416,2.9381
1997-10-10,44007,Providence,27.0128,10.6985,55.3726,3.9966
1997-10-11,44007,Providence,16.0332,4.2142,43.6487,2.4624
1997-10-12,44007,Providence,17.7047,1.3535,46.3445,1.5618
1997-10-13,44007,Providence,19.5658,3.849,60.664,2.0351
1997-10-14,44007,Providence,18.858,6.6497,71.1482,1.84
1997-10-15,44007,Providence,15.307,9.2462,76.0773,1.3235
1997-10-16,44007,Providence,13.8663,7.5812,71.2399,3.1678
1997-10-17,44007,Providence,14.4721,1.7714,48.4675,1.8434
1997-10-18,44007,Providence,13.1276,-0.3577,58.4341,1.9545
1997-10-19,44007,Providence,14.7899,0.9507,64.3373,3.5364
1997-10-20,44007,Providence,15.3724,3.0914,57.675,3.3718
1997-10-21,44007,Providence,12.6772,2.1389,54.0217,2.937
1997-10-22,44007,Providence,10.1968,-2.6937,46.9047,4.6831
1997-10-23,44007,Providence,6.0839,-5.2718,52.4521,3.7701
1997-10-24,44007,Providence,11.059,-0.6499,51.5641,3.0588
1997-10-25,44007,Providence,9.5401,1.9648,88.2801,4.241
1997-10-26,44007,Providence,8.373,-2.0198,73.2827,3.1434
1997-10-27,44007,Providence,15.5047,3.0636,87.1997,3.766
1997-10-28,44007,Providence,9.7508,-0.1224,58.5031,5.7227
1997-10-29,44007,Providence,9.9371,-2.9035,63.8532,3.0802
1997-10-30,44007,Providence,13.804,2.0242,54.0993,1.8561
1997-10-31,44007,Providence,15.7803,2.9121,71.2206,2.8152
1997-11-01,44007,Providence,17.7937,10.1558,76.6554,5.6791
1997-11-02,44007,Providence,20.2099,10.1408,70.7045,4.4317
1997-11-03,44007,Providence,15.9649,4.7337,62.8042,3.2798
1997-11-04,44007,Providence,18.6748,5.9573,59.0601,3.7106
1997-11-05,44007,Providence,11.8426,0.7823,54.0074,2.2491
1997-11-06,44007,Providence,12.2505,1.0483,54.1518,3.0627
1997-11-07,44007,Providence,10.3263,2.6549,71.6091,6.7698
1997-11-08,44007,Providence,9.5477,4.5025,76.1779,6.6217
1997-11-09,44007,Providence,11.4296,5.5979,77.2197,3.5796
1997-11-10,44007,Providence,11.5732,2.4411,65.4783,3.1045
1997-11-11,44007,Providence,8.5333,0.717,54.6884,3.3953
1997-11-12,44007,Providence,5.284,-2.4411,51.7289,3.2227
1997-11-13,44007,Providence,4.1934,-4.1066,44.9268,2.7274
1997-11-14,44007,Providence,2.3168,-2.6043,75.7816,6.3525
1997-11-15,44007,Providence,1.7682,-2.8783,74.1626,2.5283
1997-11-16,44007,Providence,1.1301,-5.0296,71.2975,4.12
1997-11-17,44007,Providence,2.1867,-5.5242,65.0511,4.7523
1997-11-18,44007,Providence,3.025,-3.7631,61.0363,1.6281
1997-11-19,44007,Providence,4.8759,-3.7959,55.8224,1.9544
1997-11-20,44007,Providence,5.5102,-3.2141,57.1755,3.0796
1997-11-21,44007,Providence,10.189,-3.2167,64.8306,2.7372
1997-11-22,44007,Providence,7.1152,-0.4648,75.8055,4.2413
1997-11-23,44007,Providence,4.8515,-0.567,73.4128,1.8862
1997-11-24,44007,Providence,3.5475,-4.0122,63.29,4.9924
1997-11-25,44007,Providence,2.6572,-7.4853,56.428,4.5932
1997-11-26,44007,Providence,9.4964,-0.4267,63.9117,4.1175
1997-11-27,44007,Providence,7.0213,-5.1103,54.3727,6.8602
1997-11-28,44007,Providence,3.9193,-4.9512,62.9889,2.7184
1997-11-29,44007,Providence,5.1604,-3.5297,60.9259,3.438
1997-11-30,44007,Providence,7.2986,-3.6405,61.4462,1.6952
1997-12-01,44007,Providence,5.5402,-5.1391,70.6932,5.4314
1997-12-02,44007,Providence,2.6581,-5.5744,61.1758,7.2407
1997-12-03,44007,Providence,5.846,-4.3956,59.169,3.8469
1997-12-04,44007,Providence,9.3804,-1.6666,76.6968,2.6308
1997-12-05,44007,Providence,7.6196,-0.6132,73.1139,2.1117
1997-12-06,44007,Providence,4.6768,-3.0244,58.7172,4.8793
1997-12-07,44007,Providence,4.1674,-3.099,61.5307,4.4211
1997-12-08,44007,Providence,5.4413,-4.0065,56.7562,2.8345
1997-12-09,44007,Providence,4.1168,-4.1929,62.4905,0.8462
1997-12-10,44007,Providence,5.4327,-2.7714,66.0086,2.4314
1997-12-11,44007,Providence,2.4343,-5.2694,70.4625,3.0579
1997-12-12,44007,Providence,3.5346,-4.4657,79.287,1.4718
1997-12-13,44007,Providence,3.8449,-3.7873,66.2223,3.9527
1997-12-14,44007,Providence,4.0706,-7.4185,52.0839,5.4253
1997-12-15,44007,Providence,0.5189,-9.2631,54.8531,3.111
1997-12-16,44007,Providence,6.1835,-4.4721,57.7782,2.429
1997-12-17,44007,Providence,9.3411,-2.6554,49.6769,2.6379
1997-12-18,44007,Providence,5.458,-3.9429,53.6099,2.2467
1997-12-19,44007,Providence,8.3749,-3.1568,59.2166,3.7397
1997-12-20,44007,Providence,4.714,-3.0225,65.5327,3.2075
1997-12-21,44007,Providence,0.4971,-7.3844,41.0265,3.2616
1997-12-22,44007,Providence,1.1353,-9.9153,49.7775,1.8452
1997-12-23,44007,Providence,3.4148,-3.7536,84.6,4.0715
1997-12-24,44007,Providence,2.3049,-4.9188,75.8285,2.2425
1997-12-25,44007,Providence,6.029,-3.9258,84.1025,3.8155
1997-12-26,44007,Providence,6.6778,-1.0901,70.972,3.5168
1997-12-27,44007,Providence,5.7653,-2.1653,67.9922,2.4907
1997-12-28,44007,Providence,1.799,-7.8061,65.6379,3.6241
1997-12-29,44007,Providence,4.6228,-7.9352,64.8958,4.067
1997-12-30,44007,Providence,5.8084,-2.9061,74.7807,7.4952
1997-12-31,44007,Providence,2.3168,-11.8834,59.4825,5.8855
1998-01-01,44007,Providence,-1.0047,-15.1206,50.6075,5.2187
1998-01-02,44007,Providence,3.7188,-3.6142,60.3653,4.5832
1998-01-03,44007,Providence,6.0668,0.1127,60.046,4.8037
1998-01-04,44007,Providence,8.9912,1.8203,62.4386,3.3972
1998-01-05,44007,Providence,10.7963,1.144,62.2173,2.1573
1998-01-06,44007,Providence,11.7042,2.0386,73.7932,3.1382
1998-01-07,44007,Providence,9.085,3.1481,66.9889,3.0299
1998-01-08,44007,Providence,14.8473,3.989,77.1558,3.5386
1998-01-09,44007,Providence,13.6109,4.3001,66.6951,2.76
1998-01-10,44007,Providence,9.2195,-0.1963,56.9674,2.4039
1998-01-11,44007,Providence,8.0948,-1.7405,46.5294,3.3182
1998-01-12,44007,Providence,0.6803,-4.049,41.3188,2.425
1998-01-13,44007,Providence,5.8989,-3.0787,65.6701,4.8759
1998-01-14,44007,Providence,-0.2901,-7.1235,31.0115,4.4566
1998-01-15,44007,Providence,1.501,-7.467,52.2605,3.3543
1998-01-16,44007,Providence,2.7083,-3.8322,67.3607,7.4843
1998-01-17,44007,Providence,0.8694,-4.7617,62.0194,4.0346
1998-01-18,44007,Providence,1.9819,-4.4263,69.4835,2.6773
1998-01-19,44007,Providence,2.3113,-2.1768,69.387,1.4584
1998-01-20,44007,Providence,2.6474,-2.5464,65.8726,3.9915
1998-01-21,44007,Providence,1.3824,-5.0216,59.1409,4.2282
1998-01-22,44007,Providence,-1.362,-8.3982,55.155,3.176
1998-01-23,44007,Providence,4.541,-7.4721,70.0601,5.8966
1998-01-24,44007,Providence,7.1197,-1.0919,71.9946,2.3204
1998-01-25,44007,Providence,2.2329,-5.4957,64.5251,4.9712
1998-01-26,44007,Providence,0.6108,-6.8253,55.3116,2.8578
1998-01-27,44007,Providence,0.6319,-8.3178,61.9996,3.2188
1998-01-28,44007,Providence,2.5847,-4.0858,70.4419,7.2066
1998-01-29,44007,Providence,3.9379,-2.3157,62.3004,3.8403
1998-01-30,44007,Providence,4.6812,-1.9078,67.1101,1.1271
1998-01-31,44007,Providence,4.2414,-3.322,64.0221,3.1049
1998-02-01,44007,Providence,4.7877,-4.1948,57.7132,1.638
1998-02-02,44007,Providence,5.9365,-2.7989,59.5813,1.3655
1998-02-03,44007,Providence,7.6717,-0.5222,58.8445,2.1399
1998-02-04,44007,Providence,5.8028,-0.524,63.2152,5.6769
1998-02-05,44007,Providence,3.6237,-2.1627,68.6428,8.6748
1998-02-06,44007,Providence,3.8358,-4.925,55.191,4.0174
1998-02-07,44007,Providence,3.7767,-5.059,60.5225,3.2724
1998-02-08,44007,Providence,3.6341,-4.8432,58.9811,3.9414
1998-02-09,44007,Providence,4.6455,-5.5822,54.6724,1.7379
1998-02-10,44007,Providence,5.9803,-3.6438,59.6123,1.9605
1998-02-11,44007,Providence,8.7077,-1.9666,68.9527,2.4857
1998-02-12,44007,Providence,14.162,3.1794,67.7709,5.5888
1998-02-13,44007,Providence,7.4641,-2.6984,48.0805,5.0418
1998-02-14,44007,Providence,0.2126,-9.1015,40.0544,4.3591
1998-02-15,44007,Providence,-1.1468,-13.1584,34.4717,2.9227
1998-02-16,44007,Providence,4.0525,-8.0816,34.5935,1.2207
1998-02-17,44007,Providence,4.4017,-2.4612,63.6926,4.3543
1998-02-18,44007,Providence,8.8517,0.7648,69.4535,4.9851
1998-02-19,44007,Providence,6.9368,0.4531,71.6506,2.1286
1998-02-20,44007,Providence,9.6614,0.2843,65.2541,2.2545
1998-02-21,44007,Providence,7.3727,0.0223,59.7801,4.1043
1998-02-22,44007,Providence,8.2659,-2.3224,52.478,1.7132
1998-02-23,44007,Providence,8.469,0.2516,58.7945,4.8002
1998-02-24,44007,Providence,7.7112,1.6326,70.7132,7.8775
1998-02-25,44007,Providence,7.6715,1.4086,61.3228,6.3189
1998-02-26,44007,Providence,9.8878,-0.3481,49.4979,5.8727
1998-02-27,44007,Providence,10.8786,-0.8746,52.5939,2.4923
1998-02-28,44007,Providence,11.6535,0.4393,59.2479,1.9357
1998-03-01,44007,Providence,12.9495,2.876,61.66,1.6417
1998-03-02,44007,Providence,10.0254,1.7943,59.5339,1.4614
1998-03-03,44007,Providence,9.5656,0.7004,58.1598,2.8115
1998-03-04,44007,Providence,8.8268,1.058,52.8367,2.2885
1998-03-05,44007,Providence,7.4856,1.4954,53.7201,1.7526
1998-03-06,44007,Providence,6.616,-0.1478,51.72,1.7346
1998-03-07,44007,Providence,8.0088,0.52,65.3792,2.4083
1998-03-08,44007,Providence,8.3023,0.854,58.1236,5.6754
1998-03-09,44007,Providence,13.9406,2.1488,78.7749,5.938
1998-03-10,44007,Providence,11.6909,-3.0066,61.6942,5.3253
1998-03-11,44007,Providence,-0.9616,-7.5611,28.914,5.8811
1998-03-12,44007,Providence,-1.9604,-9.606,24.2962,6.1871
1998-03-13,44007,Providence,0.4985,-9.8653,37.2432,4.338
1998-03-14,44007,Providence,5.2531,-2.5477,59.2839,5.3492
1998-03-15,44007,Providence,3.9179,-3.4438,51.9846,3.7283
1998-03-16,44007,Providence,3.8375,-3.6361,50.6768,2.3593
1998-03-17,44007,Providence,4.8551,-3.5703,46.1678,2.0322
1998-03-18,44007,Providence,3.9752,-3.5736,68.6712,2.1505
1998-03-19,44007,Providence,6.8357,-0.3498,71.476,2.9791
1998-03-20,44007,Providence,11.1545,-0.1209,56.44,3.3733
1998-03-21,44007,Providence,2.8011,-3.2498,68.4401,7.8758
1998-03-22,44007,Providence,1.2767,-2.8193,67.999,4.657
1998-03-23,44007,Providence,3.7966,-3.1696,58.0224,3.9434
1998-03-24,44007,Providence,6.124,-2.1552,48.9097,2.5775
1998-03-25,44007,Providence,6.9282,-3.3689,43.0815,2.2199
1998-03-26,44007,Providence,12.8854,-2.3745,58.5363,5.5289
1998-03-27,44007,Providence,23.8535,3.9484,51.1809,4.1023
1998-03-28,44007,Providence,23.7701,9.492,50.8565,4.7423
1998-03-29,44007,Providence,22.4423,8.3759,49.3122,4.0632
1998-03-30,44007,Providence,23.0168,8.97,45.8439,3.5095
1998-03-31,44007,Providence,25.366,10.6493,52.2799,4.0142
1998-04-01,44007,Providence,17.7577,9.6309,65.0716,2.6155
1998-04-02,44007,Providence,18.0353,7.1593,58.3333,1.2994
1998-04-03,44007,Providence,12.599,3.7426,52.4932,3.1741
1998-04-04,44007,Providence,7.319,0.4189,56.4838,4.0108
1998-04-05,44007,Providence,6.9875,-0.5247,50.5288,4.9186
1998-04-06,44007,Providence,10.3313,0.8281,46.8664,3.379
1998-04-07,44007,Providence,16.0906,1.5869,33.808,3.0705
1998-04-08,44007,Providence,16.4787,3.4768,42.2898,2.2445
1998-04-09,44007,Providence,13.1454,2.7727,60.1925,4.8964
1998-04-10,44007,Providence,10.5992,0.6661,42.3563,5.1184
1998-04-11,44007,Providence,12.3508,-1.1959,34.122,1.915
1998-04-12,44007,Providence,14.009,0.5934,33.7248,2.4649
1998-04-13,44007,Providence,17.2178,-0.0842,30.4133,2.3318
1998-04-14,44007,Providence,16.8206,3.3435,35.5596,2.4155
1998-04-15,44007,Providence,16.4317,2.1761,63.8412,1.7132
1998-04-16,44007,Providence,19.0483,7.8785,59.1832,2.6108
1998-04-17,44007,Providence,19.3602,9.2128,71.4775,4.3715
1998-04-18,44007,Providence,17.1033,6.846,46.153,3.9731
1998-04-19,44007,Providence,11.8361,4.839,61.4397,2.3674
1998-04-20,44007,Providence,15.4377,5.6514,61.5272,3.8388
1998-04-21,44007,Providence,17.4761,3.8095,42.9458,2.4817
1998-04-22,44007,Providence,19.1028,5.388,38.6484,1.3221
1998-04-23,44007,Providence,11.6433,3.7036,63.9507,5.613
1998-04-24,44007,Providence,15.3461,4.3146,56.1996,3.5401
1998-04-25,44007,Providence,16.7631,3.4036,47.7562,3.8858
1998-04-26,44007,Providence,11.0974,1.891,56.1339,1.4758
1998-04-27,44007,Providence,10.243,1.7199,49.2942,3.308
1998-04-28,44007,Providence,11.7365,-0.2095,46.4421,3.0948
1998-04-29,44007,Providence,19.5406,1.3104,40.5251,3.4188
1998-04-30,44007,Providence,21.5813,6.6868,49.9497,2.7819
1998-05-01,44007,Providence,20.9777,10.9047,65.3606,2.853
1998-05-02,44007,Providence,19.7066,10.2824,67.7693,4.0185
1998-05-03,44007,Providence,20.0181,8.7257,65.1985,2.6336
1998-05-04,44007,Providence,23.1093,9.8288,62.4083,2.7449
1998-05-05,44007,Providence,22.9501,11.8637,65.3766,2.9938
1998-05-06,44007,Providence,20.8419,12.2927,66.7084,2.2829
1998-05-07,44007,Providence,21.4852,11.5637,64.9285,1.4117
1998-05-08,44007,Providence,20.643,11.9645,65.2335,2.267
1998-05-09,44007,Providence,18.6444,11.6292,71.2191,5.535
1998-05-10,44007,Providence,15.6128,10.0326,72.9972,6.303
1998-05-11,44007,Providence,12.2975,8.2336,69.8164,6.8727
1998-05-12,44007,Providence,15.4182,3.6609,59.2934,6.4603
1998-05-13,44007,Providence,16.1947,2.646,56.9317,3.9535
1998-05-14,44007,Providence,19.7895,2.5024,48.7007,2.0954
1998-05-15,44007,Providence,25.1633,6.0445,48.9436,1.5063
1998-05-16,44007,Providence,26.5847,11.9419,47.9473,2.0378
1998-05-17,44007,Providence,18.2776,9.3209,61.5309,1.8568
1998-05-18,44007,Providence,26.5243,8.806,46.8085,3.0061
1998-05-19,44007,Providence,25.1294,11.609,44.426,2.6305
1998-05-20,44007,Providence,23.8677,9.4259,53.0068,3.0336
1998-05-21,44007,Providence,26.5001,11.2316,49.0408,4.2489
1998-05-22,44007,Providence,18.5526,7.3764,52.9781,3.9471
1998-05-23,44007,Providence,21.5572,8.5263,44.011,3.5309
1998-05-24,44007,Providence,24.1524,7.5851,41.4908,3.2479
1998-05-25,44007,Providence,20.6312,11.247,55.3735,2.294
1998-05-26,44007,Providence,25.5196,11.18,51.7921,2.6402
1998-05-27,44007,Providence,24.0511,12.0802,46.4796,2.4302
1998-05-28,44007,Providence,26.8576,11.9263,53.6014,2.7649
1998-05-29,44007,Providence,27.0697,14.0192,64.1023,4.6371
1998-05-30,44007,Providence,26.5734,15.6792,53.5325,2.9963
1998-05-31,44007,Providence,25.1118,12.9217,65.7639,4.5687
1998-06-01,44007,Providence,24.2032,11.5599,64.1214,3.3733
1998-06-02,44007,Providence,20.7566,9.8889,57.8902,2.898
1998-06-03,44007,Providence,18.5595,8.4681,60.5889,5.2161
1998-06-04,44007,Providence,15.9561,6.2407,53.8489,5.164
1998-06-05,44007,Providence,18.1648,5.8286,51.8446,4.698
1998-06-06,44007,Providence,18.3512,6.9143,60.5178,3.2431
1998-06-07,44007,Providence,17.5946,10.0635,60.0629,2.4952
1998-06-08,44007,Providence,17.5384,8.7841,64.7269,2.5739
1998-06-09,44007,Providence,20.2191,9.8471,61.1337,1.9409
1998-06-10,44007,Providence,24.1235,10.4058,57.7411,3.2155
1998-06-11,44007,Providence,21.3717,10.3491,63.1653,2.3999
1998-06-12,44007,Providence,17.3438,12.0764,81.5944,4.171
1998-06-13,44007,Providence,20.8339,15.0989,80.4613,4.0524
1998-06-14,44007,Providence,20.9935,16.2626,77.7844,3.4304
1998-06-15,44007,Providence,24.7434,15.8225,71.5329,3.3186
1998-06-16,44007,Providence,25.4169,15.0418,76.2046,2.5642
1998-06-17,44007,Providence,25.424,18.2548,70.4167,2.0979
1998-06-18,44007,Providence,25.5681,16.9286,69.357,1.4067
1998-06-19,44007,Providence,25.8461,17.8514,69.1326,1.0703
1998-06-20,44007,Providence,26.8674,18.6402,67.6966,0.7547
1998-06-21,44007,Providence,25.7444,17.9286,70.7428,1.6986
1998-06-22,44007,Providence,22.2621,16.6476,73.5515,1.5589
1998-06-23,44007,Providence,25.8125,15.7026,72.2815,2.7726
1998-06-24,44007,Providence,27.2819,17.8389,72.5007,2.4585
1998-06-25,44007,Providence,29.1154,18.4131,71.4104,2.43
1998-06-26,44007,Providence,31.2991,21.3717,67.2738,3.0174
1998-06-27,44007,Providence,26.6173,15.3277,70.1545,3.7665
1998-06-28,44007,Providence,23.3841,13.0331,65.5973,2.0263
1998-06-29,44007,Providence,21.4118,15.9817,77.8957,4.9052
1998-06-30,44007,Providence,24.1971,17.6798,77.5838,3.4298
1998-07-01,44007,Providence,24.6029,15.4371,65.5964,3.9753
1998-07-02,44007,Providence,25.4438,13.1988,65.0529,1.843
1998-07-03,44007,Providence,27.4642,14.4901,63.8513,1.4322
1998-07-04,44007,Providence,27.7185,15.7063,68.5702,1.8621
1998-07-05,44007,Providence,25.5913,15.1049,70.8017,2.2192
1998-07-06,44007,Providence,26.0684,13.8451,63.0837,1.3826
1998-07-07,44007,Providence,24.4179,13.807,68.7672,1.8934
1998-07-08,44007,Providence,22.3884,15.0096,70.4854,1.0428
1998-07-09,44007,Providence,24.8928,14.4591,71.2241,2.3591
1998-07-10,44007,Providence,26.8617,15.0052,63.8368,3.0624
1998-07-11,44007,Providence,23.3926,11.3918,62.8963,3.3198
1998-07-12,44007,Providence,25.0306,11.7616,66.2798,1.5851
1998-07-13,44007,Providence,27.9843,16.941,60.8177,2.6887
1998-07-14,44007,Providence,28.6587,15.5698,68.1823,3.7023
1998-07-15,44007,Providence,30.5064,17.6049,68.735,3.9235
1998-07-16,44007,Providence,30.1066,18.6972,72.1165,3.4373
1998-07-17,44007,Providence,30.3093,20.1445,71.9283,2.6576
1998-07-18,44007,Providence,29.9169,20.0083,58.7469,2.0087
1998-07-19,44007,Providence,28.777,17.164,57.9667,1.9622
1998-07-20,44007,Providence,29.4704,17.6215,73.6918,3.412
1998-07-21,44007,Providence,30.5909,18.8281,61.4449,2.6615
1998-07-22,44007,Providence,33.1666,19.8589,61.9629,3.1782
1998-07-23,44007,Providence,30.0274,19.7631,71.1436,2.8119
1998-07-24,44007,Providence,27.9328,16.9193,60.4223,2.5246
1998-07-25,44007,Providence,25.1928,15.2467,54.5412,1.9586
1998-07-26,44007,Providence,25.4077,15.1154,56.1132,1.1452
1998-07-27,44007,Providence,27.0391,14.5753,61.6412,3.3232
1998-07-28,44007,Providence,27.2661,16.87,75.6153,4.4641
1998-07-29,44007,Providence,29.3373,19.5016,70.8481,4.3141
1998-07-30,44007,Providence,28.5009,17.3205,55.7824,2.2828
1998-07-31,44007,Providence,24.4566,16.3231,66.7081,2.3507
1998-08-01,44007,Providence,25.3161,12.7486,54.1076,2.0461
1998-08-02,44007,Providence,26.5112,12.8271,57.4398,2.4971
1998-08-03,44007,Providence,27.7214,13.1106,60.0721,1.654
1998-08-04,44007,Providence,28.1658,16.3475,58.9933,1.3182
1998-08-05,44007,Providence,26.9018,16.118,64.4068,1.4343
1998-08-06,44007,Providence,26.8126,18.6822,64.319,1.0656
1998-08-07,44007,Providence,26.1818,18.1974,60.8034,0.8923
1998-08-08,44007,Providence,28.7633,17.4897,52.0218,1.3779
1998-08-09,44007,Providence,28.7459,15.6492,65.6799,2.6806
1998-08-10,44007,Providence,29.4341,16.7725,73.7072,3.5725
1998-08-11,44007,Providence,28.3827,19.696,70.6149,3.0765
1998-08-12,44007,Providence,25.2696,14.6963,71.4938,2.5642
1998-08-13,44007,Providence,25.4437,12.6119,65.7193,1.4803
1998-08-14,44007,Providence,27.4205,15.2488,65.3666,3.3247
1998-08-15,44007,Providence,27.4707,15.7119,65.538,2.6871
1998-08-16,44007,Providence,31.1257,17.2532,60.454,1.7011
1998-08-17,44007,Providence,25.7933,18.0234,83.2139,1.5079
1998-08-18,44007,Providence,29.9369,18.5374,67.4772,2.5018
1998-08-19,44007,Providence,21.0276,12.1613,61.1975,3.1782
1998-08-20,44007,Providence,22.5793,10.0513,59.1206,1.7258
1998-08-21,44007,Providence,24.4615,12.8172,69.4537,1.9339
1998-08-22,44007,Providence,27.5612,16.9395,58.8351,1.5019
1998-08-23,44007,Providence,26.3137,16.1041,75.9865,3.1038
1998-08-24,44007,Providence,31.559,20.0498,69.2104,4.9014
1998-08-25,44007,Providence,31.8461,19.5476,66.2601,3.6508
1998-08-26,44007,Providence,28.6149,21.2243,74.9495,3.4371
1998-08-27,44007,Providence,30.0672,19.2593,67.3792,1.3374
1998-08-28,44007,Providence,28.6353,17.6682,65.0529,2.6864
1998-08-29,44007,Providence,26.3021,15.4703,78.2986,2.4569
1998-08-30,44007,Providence,28.7921,18.4078,65.2255,2.2617
1998-08-31,44007,Providence,25.4421,15.6685,63.3065,1.3634
1998-09-01,44007,Providence,24.7467,13.0444,60.295,1.2805
1998-09-02,44007,Providence,23.9082,15.524,65.1941,1.8073
1998-09-03,44007,Providence,25.6121,14.946,63.5747,1.8642
1998-09-04,44007,Providence,26.2755,13.9836,56.8782,1.4423
1998-09-05,44007,Providence,23.2083,11.6238,54.0949,3.6752
1998-09-06,44007,Providence,28.2598,11.4753,63.6394,4.2593
1998-09-07,44007,Providence,27.5071,17.893,71.5307,2.4198
1998-09-08,44007,Providence,21.9046,11.8085,72.9325,2.1874
1998-09-09,44007,Providence,17.578,8.671,65.9368,3.7926
1998-09-10,44007,Providence,20.5289,8.8507,58.1756,3.7733
1998-09-11,44007,Providence,22.2863,7.6182,57.8643,2.2148
1998-09-12,44007,Providence,27.8481,12.4175,64.6235,2.6871
1998-09-13,44007,Providence,22.832,12.6561,67.5412,2.0074
1998-09-14,44007,Providence,22.8988,11.876,76.9438,2.8548
1998-09-15,44007,Providence,26.9948,16.2145,79.0495,4.251
1998-09-16,44007,Providence,26.2119,16.2486,70.6427,2.4535
1998-09-17,44007,Providence,23.9617,12.6232,52.2392,1.2006
1998-09-18,44007,Providence,20.9332,10.1004,63.1884,2.8412
1998-09-19,44007,Providence,24.9141,9.766,65.8085,2.8493
1998-09-20,44007,Providence,27.653,12.2221,63.188,2.3184
1998-09-21,44007,Providence,27.2349,13.8752,74.3111,3.1398
1998-09-22,44007,Providence,23.4561,14.7304,84.1716,2.5501
1998-09-23,44007,Providence,15.2975,4.7281,55.7575,4.3634
1998-09-24,44007,Providence,16.6349,3.0776,55.2096,2.7712
1998-09-25,44007,Providence,20.2648,7.0258,74.6431,2.7579
1998-09-26,44007,Providence,24.9389,14.6298,65.0985,1.7738
1998-09-27,44007,Providence,29.4266,15.8248,70.2419,4.1735
1998-09-28,44007,Providence,22.5704,10.4464,63.3398,4.0713
1998-09-29,44007,Providence,19.0868,6.6545,55.4301,2.605
1998-09-30,44007,Providence,20.5813,8.177,76.9449,2.7112
1998-10-01,44007,Providence,24.6928,5.0869,57.8618,5.3056
1998-10-02,44007,Providence,15.8896,2.0691,49.1094,4.5062
1998-10-03,44007,Providence,15.6596,6.6991,47.8532,2.943
1998-10-04,44007,Providence,16.6658,4.6115,44.539,2.3964
1998-10-05,44007,Providence,17.8078,3.4364,43.3709,2.5689
1998-10-06,44007,Providence,13.656,1.2158,44.2363,1.8996
1998-10-07,44007,Providence,16.3198,2.1168,59.6716,2.6687
1998-10-08,44007,Providence,19.8306,8.634,90.1952,3.7441
1998-10-09,44007,Providence,18.2298,11.7512,79.4265,2.7973
1998-10-10,44007,Providence,19.4008,7.6598,80.1734,1.7694
1998-10-11,44007,Providence,16.9342,8.6183,79.8895,3.7988
1998-10-12,44007,Providence,16.3223,8.686,69.5299,2.6857
1998-10-13,44007,Providence,15.0601,7.683,69.6861,1.863
1998-10-14,44007,Providence,14.5055,8.3069,79.3623,3.0516
1998-10-15,44007,Providence,15.5778,5.9888,63.0003,3.9361
1998-10-16,44007,Providence,16.2106,6.2892,56.252,3.015
1998-10-17,44007,Providence,17.0137,5.2961,57.8833,2.0854
1998-10-18,44007,Providence,21.733,9.434,65.3018,4.8443
1998-10-19,44007,Providence,21.1577,7.6681,58.2541,4.4458
1998-10-20,44007,Providence,17.5412,5.0701,50.1859,4.1734
1998-10-21,44007,Providence,11.9346,4.9253,53.5914,3.6503
1998-10-22,44007,Providence,10.4476,1.7712,55.3067,3.5398
1998-10-23,44007,Providence,13.6415,3.2524,51.148,3.6434
1998-10-24,44007,Providence,19.7093,4.0378,54.1864,3.8624
1998-10-25,44007,Providence,20.1016,6.1336,48.1096,2.432
1998-10-26,44007,Providence,14.2149,3.8938,56.9667,2.865
1998-10-27,44007,Providence,13.5264,2.2281,59.9467,2.1581
1998-10-28,44007,Providence,14.9216,2.9147,79.9925,3.8851
1998-10-29,44007,Providence,13.0262,4.8406,58.1718,5.0578
1998-10-30,44007,Providence,11.3382,3.2842,52.9878,5.4561
1998-10-31,44007,Providence,12.9401,2.3139,58.99,3.7366
1998-11-01,44007,Providence,13.0104,0.4971,57.2627,3.3696
1998-11-02,44007,Providence,12.3566,2.0244,53.0396,4.5094
1998-11-03,44007,Providence,8.0347,0.3228,52.1953,3.4768
1998-11-04,44007,Providence,6.868,-2.3222,52.4356,2.9596
1998-11-05,44007,Providence,9.4653,-3.5935,50.2508,2.4043
1998-11-06,44007,Providence,8.1518,-3.3851,54.3825,2.6129
1998-11-07,44007,Providence,8.6442,-0.0838,53.1999,2.8864
1998-11-08,44007,Providence,10.1445,-1.5934,51.489,2.1015
1998-11-09,44007,Providence,9.5805,-1.685,52.6378,1.4893
1998-11-10,44007,Providence,8.8609,1.8739,67.1702,2.9531
1998-11-11,44007,Providence,17.7523,4.7044,74.0547,5.7526
1998-11-12,44007,Providence,10.1342,-0.2713,51.3537,3.7512
1998-11-13,44007,Providence,12.2722,0.6661,49.0062,3.2855
1998-11-14,44007,Providence,10.4656,-0.9,63.4908,2.3035
1998-11-15,44007,Providence,13.8353,3.2276,58.6144,4.1518
1998-11-16,44007,Providence,9.48,-0.3541,56.1683,2.4866
1998-11-17,44007,Providence,9.0908,2.8932,77.0775,3.3155
1998-11-18,44007,Providence,7.5847,-0.5606,60.9299,1.9331
1998-11-19,44007,Providence,9.0469,-1.4076,71.9992,3.0433
1998-11-20,44007,Providence,15.0121,5.5902,81.9568,2.7631
1998-11-21,44007,Providence,11.7783,1.2118,55.3442,4.2369
1998-11-22,44007,Providence,7.5049,-2.6037,55.2069,2.8269
1998-11-23,44007,Providence,11.8558,0.4666,64.5275,5.6509
1998-11-24,44007,Providence,13.0532,1.4495,49.2945,4.5823
1998-11-25,44007,Providence,7.5385,-2.1325,59.9069,2.1225
1998-11-26,44007,Providence,11.5911,-0.0321,79.7227,4.7334
1998-11-27,44007,Providence,8.3643,0.5362,61.436,4.9795
1998-11-28,44007,Providence,10.5923,-1.8286,61.6605,3.554
1998-11-29,44007,Providence,11.0336,0.488,59.3844,1.8067
1998-11-30,44007,Providence,14.5188,1.0882,74.6649,3.4114
1998-12-01,44007,Providence,13.6431,0.8773,58.5107,5.5524
1998-12-02,44007,Providence,12.7293,-0.4405,48.8057,4.6429
1998-12-03,44007,Providence,14.3403,2.6307,52.3306,2.5473
1998-12-04,44007,Providence,18.1964,5.9278,51.8536,3.5288
1998-12-05,44007,Providence,10.4755,1.1063,54.7213,1.9062
1998-12-06,44007,Providence,16.7097,5.175,66.3137,2.1066
1998-12-07,44007,Providence,17.6819,7.5605,61.9014,4.2538
1998-12-08,44007,Providence,9.8418,2.2409,57.7738,2.7098
1998-12-09,44007,Providence,5.9898,-1.1948,60.256,3.0044
1998-12-10,44007,Providence,8.282,-1.9894,53.5384,3.213
1998-12-11,44007,Providence,5.5968,-3.4726,50.5144,3.9813
1998-12-12,44007,Providence,6.4098,-4.0152,51.9457,3.8352
1998-12-13,44007,Providence,9.3703,-1.9279,46.1725,3.2337
1998-12-14,44007,Providence,3.2621,-3.9083,49.2746,3.6316
1998-12-15,44007,Providence,7.5001,-3.7169,48.0036,4.7968
1998-12-16,44007,Providence,9.2366,-1.9615,52.0756,1.7905
1998-12-17,44007,Providence,6.7229,-1.2816,69.7358,1.9273
1998-12-18,44007,Providence,3.4278,-5.4688,48.4049,4.8895
1998-12-19,44007,Providence,8.2964,-4.6561,60.3605,3.9372
1998-12-20,44007,Providence,8.3419,0.2911,58.0481,2.7361
1998-12-21,44007,Providence,8.7914,0.0016,73.2498,3.4555
1998-12-22,44007,Providence,13.5496,-5.4564,61.327,7.7953
1998-12-23,44007,Providence,-1.8752,-7.7643,35.1739,2.4472
1998-12-24,44007,Providence,-1.8218,-8.7808,66.5191,2.6631
1998-12-25,44007,Providence,-1.5866,-11.4743,58.2945,2.287
1998-12-26,44007,Providence,2.1248,-8.967,64.3241,2.2233
1998-12-27,44007,Providence,0.3451,-7.8655,66.3153,2.623
1998-12-28,44007,Providence,4.7291,-2.3678,71.9,2.173
1998-12-29,44007,Providence,3.4632,-1.648,40.9616,3.1326
1998-12-30,44007,Providence,2.5471,-13.7388,73.2043,5.0503
1998-12-31,44007,Providence,-4.7842,-14.9071,53.5783,3.9224
1999-01-01,44007,Providence,-3.1128,-15.2565,48.9443,5.3571
1999-01-02,44007,Providence,-6.2205,-18.021,36.1335,3.064
1999-01-03,44007,Providence,6.4303,-10.4306,72.8839,4.8061
1999-01-04,44007,Providence,4.1623,-9.3516,49.5472,5.3116
1999-01-05,44007,Providence,-3.1123,-11.0764,51.833,3.1985
1999-01-06,44007,Providence,1.2043,-10.3759,51.3874,4.1085
1999-01-07,44007,Providence,1.1095,-8.3311,47.7098,4.8967
1999-01-08,44007,Providence,2.4948,-10.5033,50.747,2.6041
1999-01-09,44007,Providence,8.7961,-1.8662,68.1989,5.8661
1999-01-10,44007,Providence,1.8504,-7.8237,31.1157,2.8005
1999-01-11,44007,Providence,-2.3866,-9.8073,36.6865,4.2862
1999-01-12,44007,Providence,3.9623,-9.5578,71.6993,4.1806
1999-01-13,44007,Providence,5.9521,-9.0185,63.9776,3.9694
1999-01-14,44007,Providence,-2.9982,-14.3933,56.8639,6.4847
1999-01-15,44007,Providence,6.7079,-6.9848,72.4568,5.2979
1999-01-16,44007,Providence,3.0217,-7.8611,59.8151,5.3626
1999-01-17,44007,Providence,7.1062,-3.6612,53.3991,2.4404
1999-01-18,44007,Providence,10.7396,-2.1056,68.1285,4.4499
1999-01-19,44007,Providence,7.9261,-2.7738,56.4209,5.1871
1999-01-20,44007,Providence,5.4942,-4.2741,50.1661,2.9542
1999-01-21,44007,Providence,7.1231,-4.2588,53.1412,1.7687
1999-01-22,44007,Providence,5.8757,-1.022,68.5303,4.3187
1999-01-23,44007,Providence,13.5875,-0.0732,66.9525,2.8518
1999-01-24,44007,Providence,13.0552,2.5325,73.3899,5.2394
1999-01-25,44007,Providence,6.2014,-3.8767,49.5572,3.5642
1999-01-26,44007,Providence,3.6341,-6.9043,47.647,2.7065
1999-01-27,44007,Providence,4.9702,-5.0003,54.3546,1.8494
1999-01-28,44007,Providence,2.1828,-6.7314,69.3289,3.2307
1999-01-29,44007,Providence,-1.0188,-7.9159,61.5737,2.5823
1999-01-30,44007,Providence,-1.6432,-10.8346,44.0492,3.7157
1999-01-31,44007,Providence,-1.8011,-12.6868,36.1169,3.1444
1999-02-01,44007,Providence,5.2693,-9.1158,38.0889,3.3602
1999-02-02,44007,Providence,8.1355,-2.7059,64.8779,4.3945
1999-02-03,44007,Providence,10.1324,0.5348,55.2066,2.5796
1999-02-04,44007,Providence,9.8621,-0.626,59.214,2.0525
1999-02-05,44007,Providence,6.3721,-4.2153,52.6397,5.493
1999-02-06,44007,Providence,3.6194,-4.6577,43.8394,2.9069
1999-02-07,44007,Providence,3.9427,-3.9736,51.9804,2.6763
1999-02-08,44007,Providence,3.1408,-4.5268,45.0491,2.8772
1999-02-09,44007,Providence,6.7137,-4.832,48.8866,4.0543
1999-02-10,44007,Providence,6.5837,-2.8588,50.4298,4.2004
1999-02-11,44007,Providence,6.9283,-3.5357,43.0715,2.2545
1999-02-12,44007,Providence,14.4662,0.2535,67.1301,4.8531
1999-02-13,44007,Providence,10.4502,-2.2649,38.6134,4.0493
1999-02-14,44007,Providence,1.0345,-7.1468,38.7967,4.3279
1999-02-15,44007,Providence,3.9839,-9.103,31.1324,2.385
1999-02-16,44007,Providence,7.9858,-3.3052,39.2693,1.5887
1999-02-17,44007,Providence,9.6097,-2.1092,62.5075,3.2628
1999-02-18,44007,Providence,9.3844,0.4165,67.1559,1.7906
1999-02-19,44007,Providence,7.5211,-1.4408,51.1525,2.5848
1999-02-20,44007,Providence,5.427,-1.8416,47.5891,3.5335
1999-02-21,44007,Providence,3.0891,-3.8335,38.9884,3.385
1999-02-22,44007,Providence,-0.4904,-10.8682,27.3306,5.5431
1999-02-23,44007,Providence,-0.7376,-13.538,16.7601,2.068
1999-02-24,44007,Providence,1.5013,-6.5033,30.1288,3.0632
1999-02-25,44007,Providence,2.7036,-4.6681,60.9684,5.2944
1999-02-26,44007,Providence,4.4894,-4.0925,50.4908,5.0037
1999-02-27,44007,Providence,5.879,-5.5942,40.6512,2.9664
1999-02-28,44007,Providence,8.1711,-1.5783,58.5073,4.1211
1999-03-01,44007,Providence,10.242,2.4586,63.8349,3.8763
1999-03-02,44007,Providence,7.0295,-1.4612,51.1542,4.5177
1999-03-03,44007,Providence,10.9036,-1.8431,54.4127,4.3043
1999-03-04,44007,Providence,11.9391,-1.4607,58.5841,7.9511
1999-03-05,44007,Providence,5.0174,-3.7711,34.2364,4.0656
1999-03-06,44007,Providence,6.1683,-1.8927,53.2004,4.3924
1999-03-07,44007,Providence,5.1138,-10.0748,45.2183,7.0273
1999-03-08,44007,Providence,0.0706,-11.8819,34.9238,6.1909
1999-03-09,44007,Providence,3.6729,-9.6204,29.9493,3.7032
1999-03-10,44007,Providence,4.1832,-4.7914,30.8928,3.0474
1999-03-11,44007,Providence,2.985,-4.4855,48.6091,5.1019
1999-03-12,44007,Providence,3.7849,-3.2311,56.3037,5.4724
1999-03-13,44007,Providence,5.7967,-2.0593,53.5294,3.8344
1999-03-14,44007,Providence,6.614,-1.6384,57.3358,2.2493
1999-03-15,44007,Providence,3.5528,-0.5838,64.3382,6.3164
1999-03-16,44007,Providence,8.1603,-2.8603,40.7972,6.1046
1999-03-17,44007,Providence,14.52,-0.6051,43.8383,3.9036
1999-03-18,44007,Providence,19.387,1.98,35.8965,4.9483
1999-03-19,44007,Providence,7.5113,0.0743,44.5453,5.1436
1999-03-20,44007,Providence,9.0148,-1.5088,36.4346,2.8653
1999-03-21,44007,Providence,10.4493,-0.111,51.3774,4.3433
1999-03-22,44007,Providence,12.7388,1.8326,60.2916,7.813
1999-03-23,44007,Providence,10.8634,0.1312,45.244,4.3745
1999-03-24,44007,Providence,14.4672,-0.0159,64.6139,3.0043
1999-03-25,44007,Providence,10.7401,-0.1174,46.1264,3.3896
1999-03-26,44007,Providence,9.2428,-2.6373,40.3453,1.901
1999-03-27,44007,Providence,11.2765,-0.7062,42.8735,4.38
1999-03-28,44007,Providence,8.7231,1.9211,64.6664,5.0542
1999-03-29,44007,Providence,16.2181,2.0099,46.4804,3.1258
1999-03-30,44007,Providence,14.7922,1.4687,32.366,4.7514
1999-03-31,44007,Providence,21.1857,1.2205,31.1435,4.5455
1999-04-01,44007,Providence,22.5337,4.2633,39.9494,2.3373
1999-04-02,44007,Providence,13.4049,5.1797,45.2365,3.1975
1999-04-03,44007,Providence,11.1016,4.482,50.3899,3.1323
1999-04-04,44007,Providence,11.4544,-0.251,54.0568,4.8343
1999-04-05,44007,Providence,13.6971,-1.7201,37.5362,3.2787
1999-04-06,44007,Providence,16.635,1.1527,39.4534,2.8883
1999-04-07,44007,Providence,19.5306,4.9733,43.1911,4.1973
1999-04-08,44007,Providence,22.4297,5.7678,33.598,4.1245
1999-04-09,44007,Providence,14.6313,4.8739,45.535,2.4931
1999-04-10,44007,Providence,11.772,1.8359,45.103,4.4315
1999-04-11,44007,Providence,11.3427,-1.2061,44.6075,1.8695
1999-04-12,44007,Providence,12.1341,2.3259,45.1248,3.3281
1999-04-13,44007,Providence,11.2649,0.0398,36.8912,4.2236
1999-04-14,44007,Providence,12.4628,0.715,37.9543,3.663
1999-04-15,44007,Providence,17.1655,3.3844,34.9633,2.6173
1999-04-16,44007,Providence,11.6648,2.9162,60.1159,2.9207
1999-04-17,44007,Providence,14.449,5.3328,52.1188,4.2463
1999-04-18,44007,Providence,16.085,4.8064,46.8128,4.0514
1999-04-19,44007,Providence,15.8043,5.5397,46.6603,2.8963
1999-04-20,44007,Providence,15.868,4.8293,50.4453,1.8259
1999-04-21,44007,Providence,17.9694,4.9018,42.9841,2.3791
1999-04-22,44007,Providence,14.5552,4.9787,62.945,1.6535
1999-04-23,44007,Providence,12.9465,5.2001,67.2166,2.9357
1999-04-24,44007,Providence,12.8544,-0.4793,36.9508,4.5227
1999-04-25,44007,Providence,15.1155,-0.3665,37.2173,3.3441
1999-04-26,44007,Providence,19.5656,3.041,37.8959,4.4218
1999-04-27,44007,Providence,15.7749,3.163,46.337,3.532
1999-04-28,44007,Providence,16.1196,3.5913,41.5298,2.5073
1999-04-29,44007,Providence,15.7428,4.094,40.149,3.35
1999-04-30,44007,Providence,16.9121,4.462,38.4295,3.2336
1999-05-01,44007,Providence,19.5065,2.7696,35.435,1.5659
1999-05-02,44007,Providence,19.2077,4.113,41.6837,3.5797
1999-05-03,44007,Providence,14.7977,4.8162,70.7873,5.1074
1999-05-04,44007,Providence,15.7331,8.7523,71.7134,3.3116
1999-05-05,44007,Providence,19.4293,10.4825,69.5079,1.4798
1999-05-06,44007,Providence,22.8844,12.7269,63.1575,1.5884
1999-05-07,44007,Providence,22.3166,12.7147,63.0619,2.4756
1999-05-08,44007,Providence,23.34,13.0223,63.6843,3.4917
1999-05-09,44007,Providence,23.8096,12.1738,53.425,2.7519
1999-05-10,44007,Providence,20.7046,8.2215,49.9869,3.3192
1999-05-11,44007,Providence,18.6622,4.264,45.9529,2.4651
1999-05-12,44007,Providence,20.186,5.4507,36.9647,2.4766
1999-05-13,44007,Providence,16.7268,3.8443,43.3944,2.8906
1999-05-14,44007,Providence,18.5572,3.2385,44.9883,1.696
1999-05-15,44007,Providence,20.0126,4.5767,43.3166,2.0231
1999-05-16,44007,Providence,20.5707,4.8037,45.3577,1.7754
1999-05-17,44007,Providence,21.9578,7.0964,56.7178,2.2527
1999-05-18,44007,Providence,22.8855,9.3034,68.1915,2.9432
1999-05-19,44007,Providence,22.5023,14.6093,67.6048,2.3199
1999-05-20,44007,Providence,21.6178,11.0074,60.0335,3.7815
1999-05-21,44007,Providence,22.8216,6.7993,45.6163,2.3598
1999-05-22,44007,Providence,24.4548,11.3649,45.7178,1.7621
1999-05-23,44007,Providence,18.4924,9.4934,71.9403,3.2098
1999-05-24,44007,Providence,23.71,11.3372,67.9577,3.6288
1999-05-25,44007,Providence,20.2064,10.7716,56.8828,4.5312
1999-05-26,44007,Providence,19.3861,9.6703,56.6597,3.926
1999-05-27,44007,Providence,19.9356,10.3371,53.4758,2.5966
1999-05-28,44007,Providence,23.1332,9.8945,47.356,2.3516
1999-05-29,44007,Providence,28.0784,10.8055,48.7563,1.5387
1999-05-30,44007,Providence,29.4867,15.2418,47.1241,1.6034
1999-05-31,44007,Providence,29.266,15.2268,50.1518,2.5194
1999-06-01,44007,Providence,27.6574,13.9048,63.0891,3.126
1999-06-02,44007,Providence,29.3197,16.232,63.2797,2.7664
1999-06-03,44007,Providence,27.7542,16.9342,62.3418,3.6938
1999-06-04,44007,Providence,21.7716,13.339,52.9261,3.0046
1999-06-05,44007,Providence,23.2334,11.4052,50.9288,2.6096
1999-06-06,44007,Providence,23.9681,10.0608,62.3507,3.9611
1999-06-07,44007,Providence,33.5687,15.9824,65.2195,3.5054
1999-06-08,44007,Providence,32.1831,19.7103,56.1051,3.7519
1999-06-09,44007,Providence,21.7969,12.122,68.8894,3.5261
1999-06-10,44007,Providence,20.8903,8.7255,58.9859,2.7912
1999-06-11,44007,Providence,23.5572,7.6599,56.4282,1.7857
1999-06-12,44007,Providence,26.1894,11.039,65.9047,1.8834
1999-06-13,44007,Providence,27.2896,16.4444,67.1007,1.9441
1999-06-14,44007,Providence,24.7224,16.8319,73.356,3.4501
1999-06-15,44007,Providence,26.1336,13.3296,58.3823,3.1394
1999-06-16,44007,Providence,21.8474,9.6795,53.6996,2.6061
1999-06-17,44007,Providence,17.438,11.4544,66.1497,2.0983
1999-06-18,44007,Providence,21.9375,11.608,55.663,1.4461
1999-06-19,44007,Providence,24.8552,12.5949,48.853,1.4766
1999-06-20,44007,Providence,24.0533,11.7569,50.5514,2.3736
1999-06-21,44007,Providence,23.0551,11.165,57.9355,1.3264
1999-06-22,44007,Providence,27.3278,12.1057,52.6573,1.4692
1999-06-23,44007,Providence,30.6548,14.1774,50.5462,1.7609
1999-06-24,44007,Providence,31.0613,15.8446,46.4856,2.9172
1999-06-25,44007,Providence,27.5878,13.8226,58.2582,3.7661
1999-06-26,44007,Providence,32.3812,18.4705,51.1703,2.8543
1999-06-27,44007,Providence,33.4135,18.0953,51.9413,2.3058
1999-06-28,44007,Providence,30.9027,20.1888,65.578,5.1471
1999-06-29,44007,Providence,30.634,21.0188,66.4207,4.1785
1999-06-30,44007,Providence,27.4869,19.0084,57.9078,1.6088
1999-07-01,44007,Providence,26.0759,15.6734,82.1409,3.7703
1999-07-02,44007,Providence,25.9474,20.1657,82.5447,5.9133
1999-07-03,44007,Providence,29.9603,19.1247,63.0566,2.778
1999-07-04,44007,Providence,31.6524,20.3611,74.2125,3.4807
1999-07-05,44007,Providence,35.2122,22.9823,64.7075,3.5706
1999-07-06,44007,Providence,34.8898,24.2537,62.2973,3.4711
1999-07-07,44007,Providence,28.1407,15.5401,58.6657,4.0232
1999-07-08,44007,Providence,25.8508,13.0981,48.3788,3.9179
1999-07-09,44007,Providence,22.7629,11.5308,67.4295,2.8146
1999-07-10,44007,Providence,30.1289,16.7052,56.6063,4.8309
1999-07-11,44007,Providence,24.7922,10.5695,48.2353,2.8157
1999-07-12,44007,Providence,27.0705,12.8556,44.2874,1.7091
1999-07-13,44007,Providence,21.4044,12.3251,67.3108,2.2317
1999-07-14,44007,Providence,25.9223,11.0398,55.7569,1.8244
1999-07-15,44007,Providence,28.8682,12.261,52.0597,2.228
1999-07-16,44007,Providence,33.2223,16.1882,55.14,3.1547
1999-07-17,44007,Providence,34.6154,19.0046,53.6119,3.6714
1999-07-18,44007,Providence,35.2182,20.1512,52.3553,3.1273
1999-07-19,44007,Providence,31.8545,20.5817,63.8283,2.6727
1999-07-20,44007,Providence,26.9142,17.7922,60.6503,1.7173
1999-07-21,44007,Providence,27.4277,15.9985,56.2159,2.0067
1999-07-22,44007,Providence,27.6745,18.5931,71.104,4.0165
1999-07-23,44007,Providence,31.6375,19.2877,61.8706,2.4562
1999-07-24,44007,Providence,31.2268,21.2695,69.6528,2.6419
1999-07-25,44007,Providence,32.2041,20.5335,61.1062,1.5732
1999-07-26,44007,Providence,29.0884,18.3056,68.3326,1.4874
1999-07-27,44007,Providence,30.0496,19.1904,59.8246,2.2021
1999-07-28,44007,Providence,31.7495,17.365,43.969,3.183
1999-07-29,44007,Providence,32.4503,16.4987,47.8412,1.6142
1999-07-30,44007,Providence,31.9118,18.8761,58.4142,1.4708
1999-07-31,44007,Providence,32.2275,18.8694,61.3324,2.7271
1999-08-01,44007,Providence,33.2608,19.1914,62.8477,3.4306
1999-08-02,44007,Providence,29.9821,15.6346,45.9062,2.3933
1999-08-03,44007,Providence,27.5781,13.7037,47.8987,1.7554
1999-08-04,44007,Providence,29.5289,14.5008,51.933,2.7505
1999-08-05,44007,Providence,29.5713,14.7582,62.5723,2.3398
1999-08-06,44007,Providence,29.1791,15.116,54.0437,2.8706
1999-08-07,44007,Providence,26.2232,14.5416,52.0078,3.0795
1999-08-08,44007,Providence,25.0725,14.338,89.2193,3.4622
1999-08-09,44007,Providence,21.603,11.1661,58.2291,3.5418
1999-08-10,44007,Providence,22.6554,9.4834,55.9589,2.178
1999-08-11,44007,Providence,24.2617,15.0789,78.9095,2.3038
1999-08-12,44007,Providence,29.6813,18.6706,69.8504,2.4688
1999-08-13,44007,Providence,30.8267,19.1348,76.308,4.08
1999-08-14,44007,Providence,28.1007,21.597,82.1443,3.3479
1999-08-15,44007,Providence,23.8444,17.2457,85.3267,2.2035
1999-08-16,44007,Providence,26.9145,16.1633,65.4953,1.8651
1999-08-17,44007,Providence,29.7687,17.2294,71.4179,3.7665
1999-08-18,44007,Providence,29.833,17.9686,63.2362,2.6604
1999-08-19,44007,Providence,25.1273,14.8122,55.5088,2.2866
1999-08-20,44007,Providence,23.7368,13.9583,60.4523,2.271
1999-08-21,44007,Providence,19.2173,13.1153,88.505,3.6476
1999-08-22,44007,Providence,19.9585,12.649,84.4348,1.774
1999-08-23,44007,Providence,26.8997,14.4873,56.6428,1.4622
1999-08-24,44007,Providence,29.5098,15.4834,51.1311,1.9067
1999-08-25,44007,Providence,29.371,14.6879,56.3668,2.4216
1999-08-26,44007,Providence,21.5189,15.6989,90.8483,2.0973
1999-08-27,44007,Providence,26.8252,17.9922,81.3009,1.9109
1999-08-28,44007,Providence,29.4512,19.8711,69.0275,3.1707
1999-08-29,44007,Providence,29.1181,16.9854,54.5082,3.7343
1999-08-30,44007,Providence,21.614,11.0673,53.2581,3.5875
1999-08-31,44007,Providence,25.674,9.7722,45.7898,2.8913
1999-09-01,44007,Providence,29.561,10.3808,35.1968,1.4595
1999-09-02,44007,Providence,30.3018,12.8475,40.9064,1.8469
1999-09-03,44007,Providence,31.4807,14.5981,43.2086,1.4649
1999-09-04,44007,Providence,31.0706,16.4064,57.0187,2.12
1999-09-05,44007,Providence,30.4252,15.6696,67.2363,2.842
1999-09-06,44007,Providence,24.0982,18.3728,92.3044,2.178
1999-09-07,44007,Providence,28.0041,19.7581,77.5835,3.4093
1999-09-08,44007,Providence,24.6189,19.4013,86.7585,3.2199
1999-09-09,44007,Providence,27.0094,19.4391,82.6403,2.9698
1999-09-10,44007,Providence,23.1068,15.6668,96.0021,2.9935
1999-09-11,44007,Providence,25.295,12.8563,65.6022,2.4429
1999-09-12,44007,Providence,23.967,12.1579,59.9166,1.3711
1999-09-13,44007,Providence,24.2638,12.8247,65.837,1.953
1999-09-14,44007,Providence,25.3303,13.2166,71.3909,1.8584
1999-09-15,44007,Providence,23.8191,16.7834,80.2447,1.2277
1999-09-16,44007,Providence,20.886,16.2997,96.742,5.5062
1999-09-17,44007,Providence,20.0636,9.7418,70.9667,7.2904
1999-09-18,44007,Providence,19.5124,8.3184,61.8666,3.097
1999-09-19,44007,Providence,20.3603,8.9176,61.3218,1.5427
1999-09-20,44007,Providence,21.7306,10.0659,76.5871,2.5708
1999-09-21,44007,Providence,20.9712,12.9849,87.4066,1.6506
1999-09-22,44007,Providence,18.6293,9.525,92.0403,2.9512
1999-09-23,44007,Providence,19.8558,7.096,69.8717,4.2462
1999-09-24,44007,Providence,22.2942,11.0272,74.4962,4.3981
1999-09-25,44007,Providence,22.6016,11.5181,73.8951,2.7477
1999-09-26,44007,Providence,18.4514,7.8437,65.9482,1.9209
1999-09-27,44007,Providence,21.087,9.3597,71.4476,1.7002
1999-09-28,44007,Providence,22.1053,12.9625,77.8502,1.8921
1999-09-29,44007,Providence,20.6828,13.9032,84.9871,2.6975
1999-09-30,44007,Providence,19.2685,7.0041,90.6337,4.5293
1999-10-01,44007,Providence,19.0958,4.9996,57.6986,2.9329
1999-10-02,44007,Providence,20.3605,7.3122,56.9448,2.6079
1999-10-03,44007,Providence,21.3828,10.3911,67.663,2.7262
1999-10-04,44007,Providence,19.0087,5.9476,77.8675,3.0444
1999-10-05,44007,Providence,11.7457,4.7481,73.2079,2.2747
1999-10-06,44007,Providence,16.0437,4.3353,54.4202,4.0375
1999-10-07,44007,Providence,8.9991,-1.0858,50.0812,3.6375
1999-10-08,44007,Providence,14.2726,-1.265,61.1045,2.7845
1999-10-09,44007,Providence,21.7717,8.1607,68.6518,4.4063
1999-10-10,44007,Providence,17.8241,10.5555,82.5599,2.6217
1999-10-11,44007,Providence,19.9479,6.2872,64.7249,3.7073
1999-10-12,44007,Providence,14.9599,3.4881,50.792,2.2088
1999-10-13,44007,Providence,21.1367,5.2977,72.8318,4.4301
1999-10-14,44007,Providence,16.9663,-0.1741,69.3357,5.5512
1999-10-15,44007,Providence,12.9372,-1.7755,55.3724,2.2812
1999-10-16,44007,Providence,19.3148,3.7687,69.7186,3.2651
1999-10-17,44007,Providence,24.0604,9.9364,73.4795,2.7178
1999-10-18,44007,Providence,18.1316,3.258,70.4168,4.5296
1999-10-19,44007,Providence,10.4016,-0.2161,64.923,2.1912
1999-10-20,44007,Providence,15.7067,5.0898,83.3235,2.3112
1999-10-21,44007,Providence,13.8041,4.8159,58.1119,1.9963
1999-10-22,44007,Providence,16.2932,3.0215,71.4184,3.4822
1999-10-23,44007,Providence,13.1245,4.6517,70.6738,4.7179
1999-10-24,44007,Providence,13.2065,1.9018,61.1002,4.002
1999-10-25,44007,Providence,11.0902,2.3457,54.32,3.3376
1999-10-26,44007,Providence,16.385,2.1491,64.3841,4.3591
1999-10-27,44007,Providence,14.8365,4.1485,53.8512,3.2157
1999-10-28,44007,Providence,10.9592,2.1411,61.7045,2.6916
1999-10-29,44007,Providence,17.7038,3.0769,56.801,2.3593
1999-10-30,44007,Providence,17.2177,4.8602,65.7709,2.5419
1999-10-31,44007,Providence,20.5801,8.0437,70.0659,4.4631
1999-11-01,44007,Providence,17.5571,5.5699,50.2116,2.0476
1999-11-02,44007,Providence,20.0481,5.1654,75.4425,5.8246
1999-11-03,44007,Providence,18.1104,2.3241,64.8771,6.4818
1999-11-04,44007,Providence,8.3124,0.2543,49.2661,5.4755
1999-11-05,44007,Providence,14.8493,-0.2713,49.262,4.9121
1999-11-06,44007,Providence,14.7973,4.4987,42.2337,4.0091
1999-11-07,44007,Providence,6.802,-0.6873,44.0325,5.1749
1999-11-08,44007,Providence,4.887,-2.5502,45.753,3.2996
1999-11-09,44007,Providence,12.056,-1.6884,60.8392,4.0467
1999-11-10,44007,Providence,20.452,7.0507,59.5117,4.3546
1999-11-11,44007,Providence,14.0572,-4.272,42.1441,4.0843
1999-11-12,44007,Providence,6.7408,-4.2701,57.8958,1.7843
1999-11-13,44007,Providence,11.0088,2.1672,63.7847,1.8158
1999-11-14,44007,Providence,13.375,2.5064,68.4814,4.218
1999-11-15,44007,Providence,7.4161,-1.0918,48.7762,5.7218
1999-11-16,44007,Providence,2.7717,-3.3289,50.2823,6.2874
1999-11-17,44007,Providence,3.3124,-3.7062,45.3694,4.707
1999-11-18,44007,Providence,7.7224,-3.0376,48.4209,2.9446
1999-11-19,44007,Providence,12.3089,0.9178,59.39,2.551
1999-11-20,44007,Providence,18.5171,4.9743,69.6054,4.3261
1999-11-21,44007,Providence,16.7638,7.9537,58.8479,1.7313
1999-11-22,44007,Providence,18.2458,7.3084,59.717,1.9075
1999-11-23,44007,Providence,17.7056,7.2654,72.784,2.0351
1999-11-24,44007,Providence,19.7492,11.1241,68.6054,3.8516
1999-11-25,44007,Providence,14.5647,6.5965,71.0021,2.0868
1999-11-26,44007,Providence,18.0118,6.6262,74.44,4.0101
1999-11-27,44007,Providence,15.7157,4.8776,75.2338,3.514
1999-11-28,44007,Providence,8.4525,2.4081,52.2179,4.4421
1999-11-29,44007,Providence,7.2786,-0.8248,50.8975,2.7063
1999-11-30,44007,Providence,3.8895,-4.1058,54.7001,4.5245
1999-12-01,44007,Providence,1.2206,-6.0818,37.2882,6.223
1999-12-02,44007,Providence,4.5932,-7.4971,40.6063,3.638
1999-12-03,44007,Providence,9.5226,-2.8301,45.7966,2.3265
1999-12-04,44007,Providence,11.1221,1.6499,61.0927,2.4981
1999-12-05,44007,Providence,15.3685,2.5887,61.3676,2.7795
1999-12-06,44007,Providence,13.7422,6.5509,76.1298,2.5056
1999-12-07,44007,Providence,13.4138,0.4448,70.1029,3.7367
1999-12-08,44007,Providence,8.9382,-2.3672,48.5848,2.5942
1999-12-09,44007,Providence,8.7784,-1.2314,45.7175,1.5358
1999-12-10,44007,Providence,11.8685,-0.7625,74.0057,4.2643
1999-12-11,44007,Providence,9.5669,-2.6566,43.2012,7.9476
1999-12-12,44007,Providence,6.1833,-2.5927,49.5371,3.3194
1999-12-13,44007,Providence,6.2496,-1.9845,66.28,1.1456
1999-12-14,44007,Providence,6.4044,0.9309,71.0972,5.9236
1999-12-15,44007,Providence,8.8214,1.9443,73.367,4.7904
1999-12-16,44007,Providence,11.5752,0.7441,61.4079,4.3152
1999-12-17,44007,Providence,6.004,-1.8639,46.1139,4.8462
1999-12-18,44007,Providence,3.7153,-3.4255,40.6243,2.301
1999-12-19,44007,Providence,2.8795,-4.7224,44.4081,2.2527
1999-12-20,44007,Providence,8.9939,-4.6188,66.1833,4.2762
1999-12-21,44007,Providence,10.7918,0.0643,58.2052,3.7024
1999-12-22,44007,Providence,3.3641,-4.4095,47.8715,2.8824
1999-12-23,44007,Providence,2.2495,-4.6087,42.046,3.2686
1999-12-24,44007,Providence,0.7301,-8.532,30.7655,4.0717
1999-12-25,44007,Providence,-2.9675,-11.1068,33.4506,3.1807
1999-12-26,44007,Providence,4.697,-8.6322,51.8008,5.5542
1999-12-27,44007,Providence,0.2447,-4.8304,35.6767,5.4254
1999-12-28,44007,Providence,-1.2672,-7.6591,34.6144,2.6879
1999-12-29,44007,Providence,0.5362,-6.0012,56.5202,4.0019
1999-12-30,44007,Providence,6.8038,-4.3592,54.3127,4.6785
1999-12-31,44007,Providence,1.9641,-3.3135,55.3005,1.7768
2000-01-01,44007,Providence,6.3961,-2.5178,48.1036,3.1087
2000-01-02,44007,Providence,10.2506,-1.1481,62.1529,3.4688
2000-01-03,44007,Providence,16.0193,5.8207,54.2328,3.5257
2000-01-04,44007,Providence,15.9078,4.7068,64.2229,5.3762
2000-01-05,44007,Providence,12.7674,-5.4016,33.264,4.6913
2000-01-06,44007,Providence,3.1151,-6.0312,44.0866,2.0773
2000-01-07,44007,Providence,6.8852,-2.0138,49.4796,4.1387
2000-01-08,44007,Providence,2.3606,-4.2095,37.9022,3.925
2000-01-09,44007,Providence,7.5505,-2.9515,48.5268,3.2308
2000-01-10,44007,Providence,11.6749,0.4845,58.4033,4.9706
2000-01-11,44007,Providence,11.5161,1.2152,42.7857,6.4815
2000-01-12,44007,Providence,5.067,-2.7737,40.3631,6.2297
2000-01-13,44007,Providence,1.3393,-11.0262,53.4254,4.5748
2000-01-14,44007,Providence,-8.4651,-16.2752,41.1797,6.8048
2000-01-15,44007,Providence,-7.2494,-17.7647,43.9806,3.0374
2000-01-16,44007,Providence,3.4421,-12.7777,54.6813,5.8255
2000-01-17,44007,Providence,-6.239,-18.8694,34.8884,8.1595
2000-01-18,44007,Providence,-6.1887,-18.1434,34.2194,3.4146
2000-01-19,44007,Providence,-4.9407,-14.1761,28.5044,2.9102
2000-01-20,44007,Providence,-2.1615,-12.7926,41.2931,3.2602
2000-01-21,44007,Providence,-4.1651,-17.2695,38.6447,8.1914
2000-01-22,44007,Providence,-10.4492,-19.8031,28.6792,6.7416
2000-01-23,44007,Providence,-4.2,-17.0778,34.6978,2.1344
2000-01-24,44007,Providence,2.3374,-7.5209,40.9754,2.1335
2000-01-25,44007,Providence,1.7528,-5.8745,64.1072,6.187
2000-01-26,44007,Providence,2.3761,-7.7733,53.8614,3.3658
2000-01-27,44007,Providence,-4.6396,-14.3246,44.8879,4.9157
2000-01-28,44007,Providence,-8.533,-16.7609,43.3662,5.3043
2000-01-29,44007,Providence,-2.5327,-15.8028,39.6414,3.4247
2000-01-30,44007,Providence,2.2825,-11.9776,45.2116,1.8872
2000-01-31,44007,Providence,4.794,-4.0148,56.8236,5.5232
2000-02-01,44007,Providence,2.4218,-5.6756,56.8873,5.1799
2000-02-02,44007,Providence,-0.1602,-10.946,37.3172,6.3594
2000-02-03,44007,Providence,-0.7505,-12.6025,48.9601,2.4371
2000-02-04,44007,Providence,1.7285,-5.7541,61.1876,1.6271
2000-02-05,44007,Providence,2.176,-4.9439,46.805,4.3094
2000-02-06,44007,Providence,0.9325,-5.7642,39.6208,5.2152
2000-02-07,44007,Providence,4.1745,-6.0245,46.7466,5.3476
2000-02-08,44007,Providence,-1.732,-11.7311,31.2156,3.2285
2000-02-09,44007,Providence,5.2526,-8.4402,60.123,5.0976
2000-02-10,44007,Providence,7.6096,-2.5883,55.38,2.4633
2000-02-11,44007,Providence,8.6727,-2.3259,68.5256,3.2967
2000-02-12,44007,Providence,0.8887,-7.8059,32.1221,2.6689
2000-02-13,44007,Providence,4.109,-7.4503,52.2699,1.9367
2000-02-14,44007,Providence,11.276,-1.4294,73.2507,4.4332
2000-02-15,44007,Providence,5.7761,-3.2848,54.639,3.5369
2000-02-16,44007,Providence,6.9503,-3.2688,57.7945,4.3892
2000-02-17,44007,Providence,2.3519,-8.1918,31.8246,4.4573
2000-02-18,44007,Providence,1.5025,-8.4387,61.9917,3.2145
2000-02-19,44007,Providence,1.9545,-3.3602,73.0785,3.4214
2000-02-20,44007,Providence,3.0027,-3.4329,63.384,3.7177
2000-02-21,44007,Providence,3.392,-4.8254,54.7803,3.0579
2000-02-22,44007,Providence,6.7715,-2.9918,54.5502,2.5347
2000-02-23,44007,Providence,10.0804,-2.6145,65.056,3.9019
2000-02-24,44007,Providence,12.8991,0.8651,61.4351,1.9515
2000-02-25,44007,Providence,9.6846,0.3584,67.1959,4.6663
2000-02-26,44007,Providence,9.8081,0.153,68.7695,3.3856
2000-02-27,44007,Providence,15.3307,1.4124,67.9038,3.1496
2000-02-28,44007,Providence,11.9501,-0.1086,67.2532,4.8315
2000-02-29,44007,Providence,9.4772,-1.0573,44.6382,5.0258
2000-03-01,44007,Providence,10.7528,-1.5145,53.2086,2.042
2000-03-02,44007,Providence,9.5504,0.1818,52.6718,4.4737
2000-03-03,44007,Providence,7.4405,-1.6484,46.3926,5.4947
2000-03-04,44007,Providence,9.0471,-2.2733,37.9835,3.7029
2000-03-05,44007,Providence,8.7861,-0.2211,46.4225,3.8542
2000-03-06,44007,Providence,8.7599,-0.9871,38.1094,4.0111
2000-03-07,44007,Providence,11.8988,-1.4279,40.6079,3.1002
2000-03-08,44007,Providence,11.5031,3.251,50.3693,2.3873
2000-03-09,44007,Providence,22.0792,3.7427,52.7297,4.0422
2000-03-10,44007,Providence,12.9564,0.7534,53.4588,3.5729
2000-03-11,44007,Providence,7.0595,0.0847,67.1505,4.4686
2000-03-12,44007,Providence,14.1383,-0.0066,70.5613,3.8577
2000-03-13,44007,Providence,4.6585,-2.452,41.2719,3.6577
2000-03-14,44007,Providence,9.1556,-2.2124,50.4391,2.9842
2000-03-15,44007,Providence,14.1512,-0.3847,54.6325,4.3937
2000-03-16,44007,Providence,13.6417,4.1748,69.1866,3.1449
2000-03-17,44007,Providence,9.3369,-5.569,60.7226,6.3057
2000-03-18,44007,Providence,2.8454,-7.0736,36.0669,3.9851
2000-03-19,44007,Providence,5.6709,-4.5603,47.2136,2.8505
2000-03-20,44007,Providence,7.9898,-3.9122,59.63,3.7606
2000-03-21,44007,Providence,9.9774,-0.6621,61.7545,4.6638
2000-03-22,44007,Providence,12.7119,0.0465,55.1992,3.5325
2000-03-23,44007,Providence,16.0554,-0.7358,42.5527,1.5003
2000-03-24,44007,Providence,17.3929,1.3803,38.6215,2.2821
2000-03-25,44007,Providence,16.7676,1.1022,51.6922,3.8103
2000-03-26,44007,Providence,17.4985,5.9342,43.495,3.5908
2000-03-27,44007,Providence,14.8772,1.9486,49.642,2.9335
2000-03-28,44007,Providence,15.6214,4.8437,70.8258,5.3493
2000-03-29,44007,Providence,14.7235,4.0082,49.471,4.8398
2000-03-30,44007,Providence,11.5402,2.7028,52.9022,3.207
2000-03-31,44007,Providence,10.1356,2.7936,49.5064,2.4302
2000-04-01,44007,Providence,14.6372,2.9094,44.0697,2.8922
2000-04-02,44007,Providence,17.0097,3.6205,59.0712,4.4378
2000-04-03,44007,Providence,14.7348,8.4479,77.5922,1.5489
2000-04-04,44007,Providence,17.1856,9.0109,76.2327,5.4494
2000-04-05,44007,Providence,11.2106,1.6369,47.3116,6.277
2000-04-06,44007,Providence,12.8019,-0.9621,57.0669,4.0044
2000-04-07,44007,Providence,15.0053,4.2922,50.2432,2.9772
2000-04-08,44007,Providence,19.8517,4.5501,70.4587,5.4569
2000-04-09,44007,Providence,12.9498,0.0858,66.1833,6.5592
2000-04-10,44007,Providence,10.0946,-0.5175,42.3187,5.396
2000-04-11,44007,Providence,9.3933,-1.0911,55.4403,1.9862
2000-04-12,44007,Providence,11.812,0.0131,55.1652,3.9493
2000-04-13,44007,Providence,8.7028,-2.4265,37.1399,2.576
2000-04-14,44007,Providence,11.5522,-1.0958,50.5062,3.8699
2000-04-15,44007,Providence,19.8556,2.9731,71.3187,4.2343
2000-04-16,44007,Providence,22.4529,9.803,61.1613,2.4861
2000-04-17,44007,Providence,11.1576,2.2308,54.7452,4.3381
2000-04-18,44007,Providence,7.0049,2.1339,70.4174,5.8628
2000-04-19,44007,Providence,8.6127,3.5582,74.485,5.2548
2000-04-20,44007,Providence,15.6785,3.3148,63.3906,2.2247
2000-04-21,44007,Providence,9.5493,4.5193,76.5143,4.7669
2000-04-22,44007,Providence,13.7791,4.3171,77.8001,3.669
2000-04-23,44007,Providence,11.8753,5.8927,75.2065,3.5493
2000-04-24,44007,Providence,12.6159,4.7489,57.95,4.0094
2000-04-25,44007,Providence,10.8906,2.3415,55.9646,4.3872
2000-04-26,44007,Providence,6.0692,1.4739,69.1965,4.9251
2000-04-27,44007,Providence,10.1381,0.7653,66.4335,1.9551
2000-04-28,44007,Providence,12.9661,3.569,63.9684,2.07
2000-04-29,44007,Providence,16.7041,5.2894,48.1865,2.126
2000-04-30,44007,Providence,15.061,2.793,42.8087,4.0149
2000-05-01,44007,Providence,17.3664,1.5894,41.9942,4.129
2000-05-02,44007,Providence,17.4839,6.193,56.7824,3.2058
2000-05-03,44007,Providence,17.4353,3.6492,42.9203,2.0574
2000-05-04,44007,Providence,19.541,3.344,58.6523,4.2267
2000-05-05,44007,Providence,25.479,8.8952,60.5426,3.2634
2000-05-06,44007,Providence,24.0146,13.4438,57.1964,1.9408
2000-05-07,44007,Providence,30.5737,11.218,53.9979,3.6644
2000-05-08,44007,Providence,30.1673,16.7192,53.9704,2.3154
2000-05-09,44007,Providence,30.8033,15.9186,56.1909,4.0155
2000-05-10,44007,Providence,17.0529,8.7929,66.3015,4.2491
2000-05-11,44007,Providence,20.3663,8.3792,58.3461,2.2589
2000-05-12,44007,Providence,17.4903,9.7939,65.2264,1.5707
2000-05-13,44007,Providence,20.8807,10.134,68.5985,2.236
2000-05-14,44007,Providence,22.4773,9.7539,51.518,3.1909
2000-05-15,44007,Providence,16.3219,5.2035,48.4339,3.4026
2000-05-16,44007,Providence,19.3929,3.1844,44.8127,2.6757
2000-05-17,44007,Providence,21.0784,7.2635,51.1171,2.3031
2000-05-18,44007,Providence,22.3218,8.8629,75.8332,5.7881
2000-05-19,44007,Providence,18.0786,4.9057,63.2606,4.4168
2000-05-20,44007,Providence,13.2026,4.3675,71.871,2.1041
2000-05-21,44007,Providence,14.6032,7.1894,73.4261,1.4357
2000-05-22,44007,Providence,16.0065,8.5164,71.2367,1.9292
2000-05-23,44007,Providence,19.6313,8.3667,66.3895,2.3035
2000-05-24,44007,Providence,22.8685,9.8828,68.5287,2.7054
2000-05-25,44007,Providence,23.2683,11.2038,57.4842,3.6456
2000-05-26,44007,Providence,21.2353,9.2915,55.361,3.8562
2000-05-27,44007,Providence,20.8154,9.1875,58.3792,3.1616
2000-05-28,44007,Providence,18.3793,10.0502,58.5896,2.2391
2000-05-29,44007,Providence,16.6132,6.3589,63.2239,3.4735
2000-05-30,44007,Providence,18.0025,4.5532,63.6563,2.609
2000-05-31,44007,Providence,20.5628,5.5842,66.5676,2.1799
2000-06-01,44007,Providence,28.3478,10.4558,63.2234,2.3109
2000-06-02,44007,Providence,26.782,14.9897,66.2223,2.9852
2000-06-03,44007,Providence,22.1281,12.5348,56.8536,3.3695
2000-06-04,44007,Providence,22.2998,9.4044,54.7938,1.9461
2000-06-05,44007,Providence,18.1824,10.2811,65.4805,3.2685
2000-06-06,44007,Providence,14.4317,7.5509,80.1528,6.9307
2000-06-07,44007,Providence,20.5604,6.7467,58.1875,4.1717
2000-06-08,44007,Providence,22.3457,8.5854,64.4466,3.6094
2000-06-09,44007,Providence,28.775,14.4044,65.3771,3.3589
2000-06-10,44007,Providence,30.7829,17.3335,62.5333,3.6397
2000-06-11,44007,Providence,28.6027,12.2631,69.3682,2.1897
2000-06-12,44007,Providence,16.4818,10.019,74.3132,3.2182
2000-06-13,44007,Providence,16.122,8.7194,72.2576,2.82
2000-06-14,44007,Providence,14.5738,8.7335,78.0047,2.6203
2000-06-15,44007,Providence,24.8075,11.0441,74.798,2.9796
2000-06-16,44007,Providence,29.8241,15.7756,74.032,3.9341
2000-06-17,44007,Providence,30.9882,18.4758,68.6373,4.0561
2000-06-18,44007,Providence,23.3204,14.9176,66.8707,1.7829
2000-06-19,44007,Providence,23.5651,14.6308,69.1918,1.598
2000-06-20,44007,Providence,26.4743,12.561,57.1549,1.9172
2000-06-21,44007,Providence,26.1545,14.4396,66.9138,4.7741
2000-06-22,44007,Providence,28.8377,18.3013,69.5157,4.4145
2000-06-23,44007,Providence,26.702,16.7955,59.2686,2.551
2000-06-24,44007,Providence,26.8587,15.5994,57.5481,1.9217
2000-06-25,44007,Providence,29.0411,14.693,74.767,4.2934
2000-06-26,44007,Providence,29.8032,18.3771,73.7828,3.2458
2000-06-27,44007,Providence,30.666,20.2287,68.1568,3.5108
2000-06-28,44007,Providence,27.2177,17.6505,57.4586,2.126
2000-06-29,44007,Providence,24.0898,15.375,68.6816,1.5078
2000-06-30,44007,Providence,24.3091,14.1919,66.1697,2.6505
2000-07-01,44007,Providence,26.0414,13.5347,60.7345,1.6465
2000-07-02,44007,Providence,27.9257,14.7288,63.0971,2.1624
2000-07-03,44007,Providence,28.3788,15.7216,70.9021,3.0192
2000-07-04,44007,Providence,25.9311,18.8121,79.8986,2.8927
2000-07-05,44007,Providence,26.4758,14.009,63.8776,2.9265
2000-07-06,44007,Providence,22.4989,10.2124,63.6909,1.5981
2000-07-07,44007,Providence,22.3914,12.6295,60.8969,2.577
2000-07-08,44007,Providence,23.2141,9.0481,58.7516,3.0844
2000-07-09,44007,Providence,23.8548,12.2366,69.2159,3.419
2000-07-10,44007,Providence,29.3933,18.1392,66.6521,3.8601
2000-07-11,44007,Providence,25.67,14.3103,56.1943,2.7881
2000-07-12,44007,Providence,26.041,12.5959,54.7052,2.1834
2000-07-13,44007,Providence,27.9609,14.3293,56.6136,2.5137
2000-07-14,44007,Providence,26.4813,15.0168,64.8554,2.9632
2000-07-15,44007,Providence,23.8312,16.6937,77.2576,4.825
2000-07-16,44007,Providence,26.0515,17.3168,72.2149,2.5199
2000-07-17,44007,Providence,26.6702,15.7239,74.3785,1.9044
2000-07-18,44007,Providence,27.5587,17.0522,69.6346,3.6162
2000-07-19,44007,Providence,22.7796,12.083,66.6478,2.7046
2000-07-20,44007,Providence,22.858,14.3566,59.9889,1.6413
2000-07-21,44007,Providence,25.4454,11.268,67.8591,2.7035
2000-07-22,44007,Providence,25.2309,15.9383,68.1599,2.6664
2000-07-23,44007,Providence,25.4599,12.7955,60.8259,2.339
2000-07-24,44007,Providence,26.0765,16.8573,60.7456,1.6229
2000-07-25,44007,Providence,24.1979,15.6252,67.4679,2.2706
2000-07-26,44007,Providence,20.8574,15.0534,83.9032,2.8336
2000-07-27,44007,Providence,24.7553,17.0137,79.324,2.0463
2000-07-28,44007,Providence,22.8209,15.9455,79.0065,0.9296
2000-07-29,44007,Providence,25.1874,17.0886,75.0472,1.1765
2000-07-30,44007,Providence,24.6907,17.0615,76.7949,1.5656
2000-07-31,44007,Providence,21.2739,15.5033,85.8744,2.5841
2000-08-01,44007,Providence,22.9916,15.2328,88.4914,1.7701
2000-08-02,44007,Providence,28.4387,17.9708,80.899,2.7433
2000-08-03,44007,Providence,28.3332,20.7381,79.825,3.9036
2000-08-04,44007,Providence,26.3265,16.8845,71.4409,2.3782
2000-08-05,44007,Providence,25.5906,14.8492,64.17,1.5687
2000-08-06,44007,Providence,21.2679,16.6877,79.9822,2.0889
2000-08-07,44007,Providence,29.0236,17.8495,81.2807,4.0909
2000-08-08,44007,Providence,30.6273,20.2696,67.8517,2.8734
2000-08-09,44007,Providence,30.0224,18.8374,76.9099,3.2274
2000-08-10,44007,Providence,28.3405,20.0455,69.1195,2.0861
2000-08-11,44007,Providence,27.2072,17.0358,73.2392,2.5586
2000-08-12,44007,Providence,23.7046,13.3929,75.9744,4.1457
2000-08-13,44007,Providence,21.1086,12.5421,84.4392,3.9437
2000-08-14,44007,Providence,22.6847,12.4804,86.3597,3.3548
2000-08-15,44007,Providence,25.456,14.2988,80.5221,1.8625
2000-08-16,44007,Providence,26.9618,15.9134,71.6242,3.6399
2000-08-17,44007,Providence,22.7051,12.1732,64.0046,2.8811
2000-08-18,44007,Providence,23.3134,12.6157,71.5462,1.2852
2000-08-19,44007,Providence,24.5197,14.0133,67.7791,1.873
2000-08-20,44007,Providence,20.4014,10.542,60.8589,2.9974
2000-08-21,44007,Providence,22.8721,9.471,61.036,2.0008
2000-08-22,44007,Providence,23.1245,11.4999,62.6105,1.99
2000-08-23,44007,Providence,22.1262,12.2503,79.0622,3.4715
2000-08-24,44007,Providence,25.9791,14.8602,74.0752,1.9686
2000-08-25,44007,Providence,26.0806,15.6067,62.4459,1.5528
2000-08-26,44007,Providence,27.1793,14.0437,61.8793,2.0341
2000-08-27,44007,Providence,27.7037,14.321,71.9236,2.6609
2000-08-28,44007,Providence,25.4887,16.1833,72.9731,1.9763
2000-08-29,44007,Providence,25.0758,13.0031,61.1209,2.2338
2000-08-30,44007,Providence,24.1748,12.7868,85.1375,1.3327
2000-08-31,44007,Providence,29.7569,17.8245,72.7604,2.3511
2000-09-01,44007,Providence,29.8158,18.0558,76.6101,3.1042
2000-09-02,44007,Providence,27.081,18.6145,81.3769,1.6701
2000-09-03,44007,Providence,26.5524,17.7761,82.2521,1.4296
2000-09-04,44007,Providence,25.8093,12.6379,81.5473,2.6725
2000-09-05,44007,Providence,16.7249,6.0828,57.4448,3.3696
2000-09-06,44007,Providence,18.7075,5.7813,57.4718,1.7487
2000-09-07,44007,Providence,21.5328,6.3969,60.669,2.8524
2000-09-08,44007,Providence,25.5512,8.8514,69.5645,4.2166
2000-09-09,44007,Providence,27.4023,15.305,70.7573,2.3663
2000-09-10,44007,Providence,25.9386,13.2247,64.7742,1.9698
2000-09-11,44007,Providence,25.8369,12.6727,66.1432,2.305
2000-09-12,44007,Providence,24.9512,11.9223,86.8016,3.9234
2000-09-13,44007,Providence,26.7457,16.8079,70.552,2.711
2000-09-14,44007,Providence,25.3668,12.6995,64.8384,2.3775
2000-09-15,44007,Providence,21.2347,11.3272,86.4338,3.1192
2000-09-16,44007,Providence,18.4478,7.3601,62.8188,3.5009
2000-09-17,44007,Providence,19.1884,5.1631,66.9068,4.1475
2000-09-18,44007,Providence,23.5848,9.0718,67.0051,3.2581
2000-09-19,44007,Providence,21.693,12.5194,81.9764,2.5227
2000-09-20,44007,Providence,26.6421,13.8175,76.3262,2.6406
2000-09-21,44007,Providence,25.0696,12.605,65.1804,4.4634
2000-09-22,44007,Providence,18.7391,8.4483,61.8589,3.007
2000-09-23,44007,Providence,19.2508,8.1436,88.5918,3.1408
2000-09-24,44007,Providence,23.8105,12.0901,82.4601,3.1474
2000-09-25,44007,Providence,16.5614,7.3377,64.7596,2.4297
2000-09-26,44007,Providence,12.2827,7.901,90.0063,4.333
2000-09-27,44007,Providence,18.6833,5.4358,66.7923,2.5726
2000-09-28,44007,Providence,17.5416,7.2074,65.4777,3.1135
2000-09-29,44007,Providence,12.8499,3.5066,55.7715,1.9448
2000-09-30,44007,Providence,16.5688,2.4575,67.8942,2.9099
2000-10-01,44007,Providence,20.4983,5.1577,62.9972,2.4953
2000-10-02,44007,Providence,22.3023,9.0518,60.221,1.1423
2000-10-03,44007,Providence,25.2613,9.2304,63.0776,3.1433
2000-10-04,44007,Providence,20.3074,9.2345,64.4221,1.9945
2000-10-05,44007,Providence,18.6566,10.8661,70.4526,2.5439
2000-10-06,44007,Providence,23.9376,12.0641,75.2718,1.8078
2000-10-07,44007,Providence,15.9202,8.1905,63.606,2.2906
2000-10-08,44007,Providence,12.6953,2.0829,54.1629,3.3231
2000-10-09,44007,Providence,8.7582,0.4272,69.8313,3.5497
2000-10-10,44007,Providence,8.079,1.7067,61.4118,4.2886
2000-10-11,44007,Providence,17.1585,3.0211,54.3656,4.4752
2000-10-12,44007,Providence,18.8165,2.9259,52.931,3.0674
2000-10-13,44007,Providence,22.2171,4.8287,49.0968,3.0894
2000-10-14,44007,Providence,24.8871,9.882,47.7689,3.4681
2000-10-15,44007,Providence,23.9869,10.6414,49.5099,2.9723
2000-10-16,44007,Providence,13.082,5.2937,75.4466,3.7202
2000-10-17,44007,Providence,14.3264,5.6348,73.8429,2.596
2000-10-18,44007,Providence,15.1813,8.4607,88.2873,2.5764
2000-10-19,44007,Providence,16.4178,5.618,65.7959,4.1622
2000-10-20,44007,Providence,17.2934,3.5264,54.56,2.8682
2000-10-21,44007,Providence,20.8425,5.9574,64.3725,3.577
2000-10-22,44007,Providence,11.8234,1.5119,54.5098,3.7635
2000-10-23,44007,Providence,13.096,0.0644,59.1154,1.874
2000-10-24,44007,Providence,16.3544,3.0141,66.3154,2.9579
2000-10-25,44007,Providence,20.3405,7.8797,58.9819,1.467
2000-10-26,44007,Providence,20.649,8.5436,61.0029,2.0073
2000-10-27,44007,Providence,21.6215,8.2485,60.1569,2.0756
2000-10-28,44007,Providence,14.6087,-0.1044,57.9431,6.0094
2000-10-29,44007,Providence,4.3851,-1.9969,55.6498,4.9933
2000-10-30,44007,Providence,5.4366,-1.5218,75.1936,4.2638
2000-10-31,44007,Providence,7.8437,1.4326,85.3242,4.6995
2000-11-01,44007,Providence,11.6193,1.569,63.1256,4.566
2000-11-02,44007,Providence,15.363,3.0144,56.236,3.8333
2000-11-03,44007,Providence,16.697,3.9485,45.1666,2.2476
2000-11-04,44007,Providence,17.6224,6.4874,48.636,1.1054
2000-11-05,44007,Providence,10.9197,4.1554,67.9187,3.9503
2000-11-06,44007,Providence,9.6389,0.9569,65.1021,3.8376
2000-11-07,44007,Providence,13.9851,1.7864,61.2355,2.7883
2000-11-08,44007,Providence,15.6627,5.8636,60.4272,1.6698
2000-11-09,44007,Providence,16.1517,5.3269,62.9278,1.3472
2000-11-10,44007,Providence,12.9523,6.9614,81.7831,3.8135
2000-11-11,44007,Providence,11.4624,6.5561,80.1079,4.4868
2000-11-12,44007,Providence,11.6787,5.1288,69.6118,3.1574
2000-11-13,44007,Providence,12.3282,4.641,65.6209,1.292
2000-11-14,44007,Providence,12.1941,4.2595,84.1588,2.3292
2000-11-15,44007,Providence,9.4306,0.7998,59.379,5.2918
2000-11-16,44007,Providence,8.1975,-1.9412,64.7382,4.1747
2000-11-17,44007,Providence,10.9058,1.0473,59.353,4.9385
2000-11-18,44007,Providence,6.4265,-1.4631,53.8112,3.8817
2000-11-19,44007,Providence,6.2678,-0.6236,49.9078,1.8862
2000-11-20,44007,Providence,6.758,-1.3739,55.6417,2.2359
2000-11-21,44007,Providence,4.7045,-3.666,56.2759,4.394
2000-11-22,44007,Providence,1.8439,-4.6631,46.4026,5.3919
2000-11-23,44007,Providence,0.8658,-7.7177,44.5073,3.9938
2000-11-24,44007,Providence,-1.1627,-10.3166,40.2914,2.4344
2000-11-25,44007,Providence,2.3846,-7.2644,45.9427,1.3728
2000-11-26,44007,Providence,8.5094,-3.1336,91.0381,3.8377
2000-11-27,44007,Providence,9.9499,3.7703,76.6365,4.1591
2000-11-28,44007,Providence,9.9285,1.9376,67.0057,2.8244
2000-11-29,44007,Providence,8.6476,1.353,61.8726,2.434
2000-11-30,44007,Providence,6.7468,-1.2211,70.6679,3.5893
2000-12-01,44007,Providence,4.1588,-3.6616,51.3116,3.6483
2000-12-02,44007,Providence,0.7672,-7.3967,38.2596,3.9459
2000-12-03,44007,Providence,-0.3218,-9.1273,40.9734,2.3522
2000-12-04,44007,Providence,4.7421,-8.9467,35.805,2.0316
2000-12-05,44007,Providence,6.9699,-5.1403,45.8822,4.172
2000-12-06,44007,Providence,0.8272,-7.3309,30.65,4.5946
2000-12-07,44007,Providence,0.5756,-6.928,36.0771,4.719
2000-12-08,44007,Providence,-2.9782,-8.6095,53.4393,2.3259
2000-12-09,44007,Providence,-2.705,-10.5114,54.7534,2.9665
2000-12-10,44007,Providence,2.2112,-10.4341,56.7427,1.8016
2000-12-11,44007,Providence,6.0018,-1.7905,70.7213,1.323
2000-12-12,44007,Providence,10.9247,-6.9729,55.0795,7.6868
2000-12-13,44007,Providence,-1.1807,-9.7428,36.4825,2.3047
2000-12-14,44007,Providence,5.4755,-5.1594,71.9777,3.815
2000-12-15,44007,Providence,1.2243,-6.413,61.2244,2.6236
2000-12-16,44007,Providence,6.7385,-5.048,69.932,4.0118
2000-12-17,44007,Providence,15.0511,2.7329,73.7361,7.6925
2000-12-18,44007,Providence,5.9817,-4.5112,47.082,6.1796
2000-12-19,44007,Providence,5.2194,-4.6131,58.2177,2.2439
2000-12-20,44007,Providence,3.2192,-7.0846,60.6881,5.4708
2000-12-21,44007,Providence,0.5345,-7.8102,62.3158,1.8522
2000-12-22,44007,Providence,1.2913,-6.1459,66.2183,2.8657
2000-12-23,44007,Providence,-2.491,-10.4754,54.75,4.8339
2000-12-24,44007,Providence,0.2006,-9.3264,62.0769,2.6933
2000-12-25,44007,Providence,-2.4177,-15.1886,47.6982,6.9152
2000-12-26,44007,Providence,-4.761,-15.4005,58.5408,6.7228
2000-12-27,44007,Providence,-1.6133,-11.4428,61.249,5.3872
2000-12-28,44007,Providence,-4.7873,-11.6518,92.8622,4.9844
2000-12-29,44007,Providence,-1.5468,-12.3878,63.2648,2.1331
2000-12-30,44007,Providence,2.5684,-8.4155,73.7464,4.5019
2000-12-31,44007,Providence,3.9975,-7.306,54.672,7.1283
2001-01-01,44007,Providence,-0.198,-10.4977,59.8236,3.9032
2001-01-02,44007,Providence,-0.3472,-11.7025,57.4511,3.0105
2001-01-03,44007,Providence,0.0672,-13.5481,59.4163,2.7209
2001-01-04,44007,Providence,-0.0793,-10.5805,63.5597,3.2917
2001-01-05,44007,Providence,2.1896,-8.994,70.0465,2.3112
2001-01-06,44007,Providence,3.4434,-4.6054,75.0874,3.0935
2001-01-07,44007,Providence,2.6885,-6.8094,63.8088,2.6126
2001-01-08,44007,Providence,3.8957,-4.381,67.7219,2.2202
2001-01-09,44007,Providence,3.0622,-6.6876,70.5416,3.6988
2001-01-10,44007,Providence,-2.8478,-11.7636,56.2073,4.7168
2001-01-11,44007,Providence,3.1883,-11.4131,67.0883,4.1433
2001-01-12,44007,Providence,-0.1132,-9.7409,56.0795,2.6914
2001-01-13,44007,Providence,1.5681,-10.3131,57.2145,1.9031
2001-01-14,44007,Providence,4.27,-6.302,65.2092,2.1164
2001-01-15,44007,Providence,3.802,-2.0229,72.4347,2.6167
2001-01-16,44007,Providence,3.9271,-2.4486,72.268,3.126
2001-01-17,44007,Providence,4.05,-3.2685,64.0869,3.0586
2001-01-18,44007,Providence,2.138,-5.1297,59.1151,1.5466
2001-01-19,44007,Providence,3.9522,-2.3209,75.443,1.9432
2001-01-20,44007,Providence,3.6571,-3.5596,66.885,4.6121
2001-01-21,44007,Providence,0.6173,-9.8896,65.1227,4.946
2001-01-22,44007,Providence,0.721,-11.4865,58.1976,2.1358
2001-01-23,44007,Providence,2.8622,-8.8031,61.2115,1.7966
2001-01-24,44007,Providence,3.4104,-7.6227,60.7082,2.2583
2001-01-25,44007,Providence,3.5006,-6.4755,58.8326,2.5035
2001-01-26,44007,Providence,1.0791,-9.7515,57.9307,2.3112
2001-01-27,44007,Providence,3.3796,-7.8591,71.9923,3.5848
2001-01-28,44007,Providence,1.5538,-8.1424,60.7846,4.225
2001-01-29,44007,Providence,1.5498,-10.3332,59.8472,2.8506
2001-01-30,44007,Providence,6.4121,-6.5522,76.3377,3.852
2001-01-31,44007,Providence,8.8355,0.2685,62.9237,2.6515
2001-02-01,44007,Providence,7.4602,-0.9608,52.4396,2.8716
2001-02-02,44007,Providence,5.5333,-0.5941,52.6461,1.5343
2001-02-03,44007,Providence,3.0952,-7.3365,47.5528,4.812
2001-02-04,44007,Providence,1.726,-8.916,53.1641,1.8407
2001-02-05,44007,Providence,3.8042,-2.7876,65.171,4.8565
2001-02-06,44007,Providence,4.7255,-0.9043,61.4778,5.5759
2001-02-07,44007,Providence,3.9444,-3.5659,56.8618,3.9663
2001-02-08,44007,Providence,3.8858,-5.1277,58.4115,2.0135
2001-02-09,44007,Providence,6.8017,-0.7118,66.3106,2.9074
2001-02-10,44007,Providence,11.3232,-6.2994,48.6597,7.6498
2001-02-11,44007,Providence,-2.9881,-15.8378,40.7187,6.3747
2001-02-12,44007,Providence,-1.6526,-19.4287,51.0126,2.1683
2001-02-13,44007,Providence,4.2057,-6.9583,59.983,2.2533
2001-02-14,44007,Providence,4.8768,-5.2963,65.604,2.8836
2001-02-15,44007,Providence,5.1276,-4.1304,59.7491,3.0523
2001-02-16,44007,Providence,4.2377,-4.3225,60.3215,1.3026
2001-02-17,44007,Providence,3.9015,-9.0165,56.7324,5.544
2001-02-18,44007,Providence,-1.048,-13.3065,48.2314,3.9669
2001-02-19,44007,Providence,3.195,-10.162,57.0676,4.5138
2001-02-20,44007,Providence,5.2847,-1.1253,60.5149,3.3516
2001-02-21,44007,Providence,7.9496,-9.0601,42.6694,5.4402
2001-02-22,44007,Providence,-2.6545,-11.0768,50.0997,2.6309
2001-02-23,44007,Providence,2.6294,-6.446,58.578,3.9408
2001-02-24,44007,Providence,0.469,-8.273,47.0247,3.2953
2001-02-25,44007,Providence,5.7203,-5.5844,67.4498,3.8988
2001-02-26,44007,Providence,6.354,-3.3696,59.0479,5.0903
2001-02-27,44007,Providence,4.1348,-6.3138,57.1504,3.3466
2001-02-28,44007,Providence,1.0043,-7.436,46.9474,3.773
2001-03-01,44007,Providence,-1.8395,-8.1499,61.0292,3.0867
2001-03-02,44007,Providence,0.2144,-5.7256,71.2615,0.9059
2001-03-03,44007,Providence,1.718,-3.5602,72.1178,1.9585
2001-03-04,44007,Providence,0.8818,-4.9413,65.4447,4.1615
2001-03-05,44007,Providence,2.2495,-4.6764,82.0419,7.1176
2001-03-06,44007,Providence,2.8734,-2.3386,75.584,7.6148
2001-03-07,44007,Providence,1.6062,-4.2617,69.667,4.4297
2001-03-08,44007,Providence,2.6963,-4.0241,64.3781,1.2345
2001-03-09,44007,Providence,3.3277,-2.4295,79.9865,2.3853
2001-03-10,44007,Providence,3.9464,-2.7418,68.7861,4.9791
2001-03-11,44007,Providence,6.7656,-4.3265,59.7059,4.8251
2001-03-12,44007,Providence,2.3462,-6.8916,59.6286,2.455
2001-03-13,44007,Providence,6.5944,-3.2992,80.5244,2.8919
2001-03-14,44007,Providence,5.8756,-1.5549,65.1799,5.1137
2001-03-15,44007,Providence,9.1566,-0.5432,54.2581,3.5657
2001-03-16,44007,Providence,9.8655,-0.6279,50.7745,1.6719
2001-03-17,44007,Providence,7.544,0.752,53.9623,1.5413
2001-03-18,44007,Providence,8.259,-0.5956,54.0831,3.6964
2001-03-19,44007,Providence,8.9343,-2.4716,48.1333,3.4918
2001-03-20,44007,Providence,11.9734,-0.8443,44.9935,1.71
2001-03-21,44007,Providence,9.1264,-0.0679,72.8762,5.579
2001-03-22,44007,Providence,11.3939,2.2247,76.7066,5.7187
2001-03-23,44007,Providence,7.2728,0.6945,59.2411,6.282
2001-03-24,44007,Providence,10.8995,-0.9457,51.3491,5.7164
2001-03-25,44007,Providence,6.195,-2.2705,43.6457,3.778
2001-03-26,44007,Providence,4.0154,-2.8576,51.0722,1.8026
2001-03-27,44007,Providence,2.8919,-4.4805,53.4081,4.6024
2001-03-28,44007,Providence,7.1102,-2.561,51.6578,3.3981
2001-03-29,44007,Providence,6.9021,-0.4091,60.3363,2.1629
2001-03-30,44007,Providence,6.1369,0.6772,75.4619,5.3811
2001-03-31,44007,Providence,8.7404,0.2357,61.0736,2.3811
2001-04-01,44007,Providence,6.0624,-0.7551,56.2253,3.3049
2001-04-02,44007,Providence,5.9951,-1.3704,54.3873,3.1697
2001-04-03,44007,Providence,9.233,-0.8839,46.1081,2.8252
2001-04-04,44007,Providence,12.6007,1.3846,39.7302,1.7094
2001-04-05,44007,Providence,15.3495,0.1633,31.5755,2.5979
2001-04-06,44007,Providence,14.2313,2.085,54.6931,2.4298
2001-04-07,44007,Providence,11.3126,1.4139,48.6334,3.5858
2001-04-08,44007,Providence,10.3502,0.5037,62.9032,2.6557
2001-04-09,44007,Providence,22.9937,2.438,47.6272,2.5495
2001-04-10,44007,Providence,14.6857,6.5577,53.2784,2.406
2001-04-11,44007,Providence,14.6527,4.6749,48.1594,2.7688
2001-04-12,44007,Providence,12.7723,4.3499,70.4182,3.0802
2001-04-13,44007,Providence,20.2447,6.9382,48.3879,4.5146
2001-04-14,44007,Providence,15.3536,3.6016,33.4701,4.5616
2001-04-15,44007,Providence,16.4438,0.8859,33.8417,2.3236
2001-04-16,44007,Providence,14.8549,2.3367,39.1327,2.0867
2001-04-17,44007,Providence,12.5153,2.6886,56.0452,1.5574
2001-04-18,44007,Providence,12.3303,0.9842,43.8569,5.059
2001-04-19,44007,Providence,9.8162,-1.5162,39.4197,3.2647
2001-04-20,44007,Providence,18.7698,-0.3023,42.4799,3.2719
2001-04-21,44007,Providence,18.4019,4.8929,62.5152,2.93
2001-04-22,44007,Providence,28.1265,10.4353,46.0142,4.3041
2001-04-23,44007,Providence,23.5412,9.187,45.6863,2.4343
2001-04-24,44007,Providence,27.9338,9.4756,47.6631,4.8863
2001-04-25,44007,Providence,15.3166,5.2419,39.0329,2.7884
2001-04-26,44007,Providence,16.3221,1.9824,34.3647,2.6787
2001-04-27,44007,Providence,19.2095,0.0827,40.51,2.5033
2001-04-28,44007,Providence,14.5611,3.0711,37.8541,3.4931
2001-04-29,44007,Providence,16.4192,-0.1901,31.4548,2.3666
2001-04-30,44007,Providence,20.1425,3.0829,39.1818,3.0522
2001-05-01,44007,Providence,26.6256,10.0594,40.4502,2.3482
2001-05-02,44007,Providence,31.4162,12.0867,36.4782,2.9371
2001-05-03,44007,Providence,31.8803,14.6235,41.253,3.1354
2001-05-04,44007,Providence,31.1373,15.5364,43.5483,3.1307
2001-05-05,44007,Providence,21.3772,10.2351,52.8375,3.3846
2001-05-06,44007,Providence,15.2356,3.7338,45.0258,3.7851
2001-05-07,44007,Providence,17.7485,2.2221,36.818,1.9503
2001-05-08,44007,Providence,19.599,1.0081,50.4461,2.9582
2001-05-09,44007,Providence,22.3349,4.8316,51.617,1.8347
2001-05-10,44007,Providence,26.2782,8.3527,44.8412,1.9805
2001-05-11,44007,Providence,28.419,11.4884,41.5048,2.5044
2001-05-12,44007,Providence,29.3587,13.9575,51.6962,3.4269
2001-05-13,44007,Providence,18.5373,8.0498,55.7581,3.9487
2001-05-14,44007,Providence,18.4879,3.4034,45.5617,3.6277
2001-05-15,44007,Providence,14.769,5.2091,58.7149,4.1838
2001-05-16,44007,Providence,15.2764,6.3069,70.4269,3.6915
2001-05-17,44007,Providence,18.465,7.6615,59.9342,1.4885
2001-05-18,44007,Providence,17.5343,9.1751,65.0684,3.2438
2001-05-19,44007,Providence,24.7886,11.0904,56.6404,2.756
2001-05-20,44007,Providence,19.3608,6.8227,59.7994,2.492
2001-05-21,44007,Providence,15.9909,7.1457,76.2428,2.912
2001-05-22,44007,Providence,16.9421,11.4682,76.4451,5.739
2001-05-23,44007,Providence,15.8826,9.2041,77.993,5.3384
2001-05-24,44007,Providence,20.0181,9.4076,69.5329,4.0133
2001-05-25,44007,Providence,20.9806,9.7422,60.6153,3.2519
2001-05-26,44007,Providence,19.1431,8.4405,78.9305,2.7875
2001-05-27,44007,Providence,22.8302,13.4147,69.9046,2.4854
2001-05-28,44007,Providence,23.3001,13.2733,65.0235,3.358
2001-05-29,44007,Providence,22.7965,11.0505,61.3907,3.5918
2001-05-30,44007,Providence,16.9789,7.8035,55.3198,4.3416
2001-05-31,44007,Providence,16.2823,6.8318,52.6875,4.2512
2001-06-01,44007,Providence,19.455,5.2771,58.9055,2.1716
2001-06-02,44007,Providence,21.2727,10.447,81.678,3.3592
2001-06-03,44007,Providence,24.1252,14.6026,69.344,3.2391
2001-06-04,44007,Providence,22.0305,11.1931,63.0356,3.756
2001-06-05,44007,Providence,22.5291,11.1436,63.9586,3.3881
2001-06-06,44007,Providence,22.7916,12.3764,57.363,2.9794
2001-06-07,44007,Providence,23.9942,10.6365,56.3626,1.926
2001-06-08,44007,Providence,25.4577,13.5704,46.4379,2.6823
2001-06-09,44007,Providence,25.2235,10.6926,47.9467,2.3394
2001-06-10,44007,Providence,26.0492,11.989,50.5204,2.2547
2001-06-11,44007,Providence,26.2979,14.4565,64.253,2.4827
2001-06-12,44007,Providence,27.6382,17.4059,63.5641,1.4242
2001-06-13,44007,Providence,28.2146,16.0751,68.2764,1.7077
2001-06-14,44007,Providence,30.2233,17.2461,67.7512,1.8915
2001-06-15,44007,Providence,30.5347,18.1445,70.2335,3.0261
2001-06-16,44007,Providence,30.6734,19.0267,69.4775,2.854
2001-06-17,44007,Providence,24.6689,18.9887,75.0653,1.5567
2001-06-18,44007,Providence,27.4914,16.4321,56.4069,2.5778
2001-06-19,44007,Providence,29.1291,15.4996,62.3226,3.5359
2001-06-20,44007,Providence,30.4455,16.567,67.6156,2.9697
2001-06-21,44007,Providence,26.0226,15.5682,64.4155,3.2768
2001-06-22,44007,Providence,26.6394,14.5929,74.302,3.0023
2001-06-23,44007,Providence,27.684,18.597,72.2777,3.3851
2001-06-24,44007,Providence,26.6515,20.028,72.1449,2.8536
2001-06-25,44007,Providence,28.6657,18.8137,63.2523,1.3655
2001-06-26,44007,Providence,30.2173,17.4575,61.0075,1.5734
2001-06-27,44007,Providence,31.1871,18.2502,59.6733,2.9838
2001-06-28,44007,Providence,30.5271,17.9145,56.275,3.2956
2001-06-29,44007,Providence,24.5468,13.8191,61.1193,2.6133
2001-06-30,44007,Providence,30.6124,16.5277,73.8524,4.2778
2001-07-01,44007,Providence,28.6713,19.0428,73.4467,4.9885
2001-07-02,44007,Providence,19.905,9.7868,57.6893,4.366
2001-07-03,44007,Providence,21.6213,8.7526,66.059,3.077
2001-07-04,44007,Providence,25.3172,13.8914,80.3526,3.1193
2001-07-05,44007,Providence,27.735,18.2154,73.7545,2.7634
2001-07-06,44007,Providence,22.1986,10.8686,68.5592,3.1854
2001-07-07,44007,Providence,23.9855,9.5208,64.5079,2.8719
2001-07-08,44007,Providence,23.0866,14.3928,83.3282,2.5936
2001-07-09,44007,Providence,27.8217,16.0792,74.3687,1.2863
2001-07-10,44007,Providence,29.5561,18.2416,65.4162,2.6494
2001-07-11,44007,Providence,25.7645,15.0279,66.569,2.1897
2001-07-12,44007,Providence,22.7327,11.5268,65.2813,3.7325
2001-07-13,44007,Providence,23.7401,9.9025,68.5562,3.1602
2001-07-14,44007,Providence,24.711,14.2954,65.3894,2.2904
2001-07-15,44007,Providence,25.0125,14.0131,67.6411,1.7762
2001-07-16,44007,Providence,26.3724,16.2016,62.9175,1.8218
2001-07-17,44007,Providence,25.5873,16.606,70.2391,1.7472
2001-07-18,44007,Providence,25.3391,15.2356,71.539,2.2038
2001-07-19,44007,Providence,24.0276,12.5243,70.0083,3.2079
2001-07-20,44007,Providence,25.8618,11.188,60.4809,1.9567
2001-07-21,44007,Providence,27.0997,12.7167,62.418,2.5163
2001-07-22,44007,Providence,28.2575,14.0597,61.5976,3.6348
2001-07-23,44007,Providence,30.0726,13.5998,69.7146,3.9792
2001-07-24,44007,Providence,31.8778,19.2105,73.2003,5.1146
2001-07-25,44007,Providence,33.8473,21.8485,63.0545,3.1482
2001-07-26,44007,Providence,25.3547,12.1364,77.6571,2.4744
2001-07-27,44007,Providence,22.1746,9.4582,56.7657,2.3616
2001-07-28,44007,Providence,24.9001,12.4481,53.1989,1.8376
2001-07-29,44007,Providence,25.5687,13.0495,61.8859,2.1252
2001-07-30,44007,Providence,25.2184,12.7652,56.9505,2.3607
2001-07-31,44007,Providence,26.0151,12.1894,52.0124,1.7257
2001-08-01,44007,Providence,28.9272,13.9564,58.9854,1.5504
2001-08-02,44007,Providence,30.833,15.3467,61.989,3.9408
2001-08-03,44007,Providence,28.2192,17.2656,73.3145,4.1986
2001-08-04,44007,Providence,27.3667,19.1166,76.91,1.4913
2001-08-05,44007,Providence,28.8995,18.5761,74.6662,1.695
2001-08-06,44007,Providence,31.5224,18.6295,70.7411,2.9156
2001-08-07,44007,Providence,33.9026,19.9682,64.8881,3.4568
2001-08-08,44007,Providence,33.3459,21.3194,63.1626,2.011
2001-08-09,44007,Providence,35.318,20.2414,58.3799,3.369
2001-08-10,44007,Providence,32.7955,21.648,73.529,3.8739
2001-08-11,44007,Providence,27.1932,19.6847,69.1405,2.1245
2001-08-12,44007,Providence,23.8447,18.0972,88.2989,1.4243
2001-08-13,44007,Providence,27.1468,17.5114,79.0529,1.9237
2001-08-14,44007,Providence,26.1759,17.8863,73.7012,2.0536
2001-08-15,44007,Providence,26.3564,15.8232,62.9329,1.4699
2001-08-16,44007,Providence,27.1835,15.2217,62.0698,2.2357
2001-08-17,44007,Providence,27.7007,15.5534,82.6609,3.6296
2001-08-18,44007,Providence,28.247,18.5265,66.6707,3.0852
2001-08-19,44007,Providence,26.8922,17.9263,78.8765,1.6693
2001-08-20,44007,Providence,26.7732,19.7458,83.2823,2.1419
2001-08-21,44007,Providence,27.3082,20.0219,77.7205,2.1855
2001-08-22,44007,Providence,26.8596,18.4948,68.3909,2.2651
2001-08-23,44007,Providence,27.9178,17.0454,68.8935,2.0418
2001-08-24,44007,Providence,25.9213,14.9208,70.7013,2.7649
2001-08-25,44007,Providence,24.898,13.3536,60.4087,1.7487
2001-08-26,44007,Providence,25.6951,12.3999,64.7831,2.7816
2001-08-27,44007,Providence,25.9486,15.3481,90.4274,3.319
2001-08-28,44007,Providence,28.0953,19.2254,75.6461,2.8616
2001-08-29,44007,Providence,25.6454,15.5758,61.6945,2.2469
2001-08-30,44007,Providence,25.7443,12.7205,71.7774,2.2259
2001-08-31,44007,Providence,27.2494,17.5918,81.2135,3.8577
2001-09-01,44007,Providence,26.389,11.1732,73.4464,3.5363
2001-09-02,44007,Providence,21.1547,7.8405,59.6556,1.6306
2001-09-03,44007,Providence,24.3313,10.0233,64.0056,2.5617
2001-09-04,44007,Providence,25.5984,11.2984,76.173,2.9105
2001-09-05,44007,Providence,22.0964,12.9987,64.0626,3.1513
2001-09-06,44007,Providence,23.7079,9.7903,54.205,2.4481
2001-09-07,44007,Providence,27.3585,11.2128,60.5477,2.9833
2001-09-08,44007,Providence,28.5286,14.3159,65.415,3.9463
2001-09-09,44007,Providence,28.9356,14.7947,67.3631,3.1986
2001-09-10,44007,Providence,28.926,15.4124,74.9912,3.336
2001-09-11,44007,Providence,25.7973,11.4788,59.0776,3.1703
2001-09-12,44007,Providence,23.7679,8.8924,52.6459,1.8764
2001-09-13,44007,Providence,27.7742,10.1602,56.6953,2.4965
2001-09-14,44007,Providence,16.393,9.8434,81.93,3.4491
2001-09-15,44007,Providence,17.2598,7.5522,57.926,2.1703
2001-09-16,44007,Providence,20.8898,6.0996,55.648,1.7249
2001-09-17,44007,Providence,22.8847,9.1342,54.5777,1.3104
2001-09-18,44007,Providence,23.2475,9.4259,60.8785,1.3756
2001-09-19,44007,Providence,22.99,12.4843,66.8955,2.4807
2001-09-20,44007,Providence,23.68,12.1218,82.1311,3.7142
2001-09-21,44007,Providence,21.8704,16.6211,89.0585,2.4265
2001-09-22,44007,Providence,25.6695,16.7073,79.4302,2.6728
2001-09-23,44007,Providence,25.0326,15.5401,69.0572,1.2171
2001-09-24,44007,Providence,24.1724,14.4358,81.739,2.8179
2001-09-25,44007,Providence,22.0092,16.2181,92.1199,3.4918
2001-09-26,44007,Providence,19.0212,7.9326,75.3333,3.6479
2001-09-27,44007,Providence,17.6985,5.7924,68.104,2.5934
2001-09-28,44007,Providence,17.3627,9.9627,71.4545,2.2634
2001-09-29,44007,Providence,14.5235,6.4904,79.6319,5.1206
2001-09-30,44007,Providence,16.9884,5.6931,71.4913,5.5155
2001-10-01,44007,Providence,15.9103,7.9848,68.5056,3.5677
2001-10-02,44007,Providence,21.6981,5.4296,57.1678,2.7239
2001-10-03,44007,Providence,24.1607,9.5008,60.4276,3.1032
2001-10-04,44007,Providence,26.8048,12.9719,54.3332,3.7416
2001-10-05,44007,Providence,26.1022,12.2779,57.4439,3.7465
2001-10-06,44007,Providence,21.477,5.4159,68.9793,5.2417
2001-10-07,44007,Providence,12.215,1.8545,48.5922,4.8118
2001-10-08,44007,Providence,9.7708,-0.9254,48.0213,4.8458
2001-10-09,44007,Providence,13.6708,-2.253,49.6821,2.9461
2001-10-10,44007,Providence,19.5896,4.5072,52.102,3.7334
2001-10-11,44007,Providence,22.9431,7.0161,59.5727,3.3428
2001-10-12,44007,Providence,24.2703,9.7047,56.5062,1.9249
2001-10-13,44007,Providence,22.2419,8.7743,59.3133,2.1739
2001-10-14,44007,Providence,20.5763,7.6246,70.7712,2.487
2001-10-15,44007,Providence,21.3314,8.3567,60.349,3.0935
2001-10-16,44007,Providence,19.5618,7.0574,58.8901,3.2147
2001-10-17,44007,Providence,14.9065,6.2207,61.0327,6.283
2001-10-18,44007,Providence,12.0567,1.7187,45.7678,4.1305
2001-10-19,44007,Providence,15.8345,0.6229,54.5072,3.2663
2001-10-20,44007,Providence,18.7183,5.4413,58.6085,3.028
2001-10-21,44007,Providence,20.8747,6.4104,55.2022,3.9789
2001-10-22,44007,Providence,20.2486,9.6913,54.9759,1.5005
2001-10-23,44007,Providence,17.2362,7.2211,74.2419,3.3272
2001-10-24,44007,Providence,24.9808,13.7665,68.2946,2.8587
2001-10-25,44007,Providence,24.617,9.3646,61.4145,4.6299
2001-10-26,44007,Providence,13.5328,3.3474,40.2609,4.7549
2001-10-27,44007,Providence,10.7173,1.6284,50.0204,4.0511
2001-10-28,44007,Providence,8.5118,-0.5417,49.5738,3.1154
2001-10-29,44007,Providence,11.6614,-2.1641,48.8881,2.4133
2001-10-30,44007,Providence,11.3835,-1.9706,49.8493,3.5989
2001-10-31,44007,Providence,10.9589,-2.4416,63.0584,2.4178
2001-11-01,44007,Providence,20.1444,8.766,62.3293,3.0775
2001-11-02,44007,Providence,23.2277,10.9165,66.0102,4.801
2001-11-03,44007,Providence,20.9923,9.2056,68.7072,2.6336
2001-11-04,44007,Providence,14.3504,4.3784,55.8372,2.3361
2001-11-05,44007,Providence,9.5058,3.7799,63.7648,4.7723
2001-11-06,44007,Providence,10.9024,1.6033,55.9683,5.2971
2001-11-07,44007,Providence,16.3799,-0.0354,48.0681,4.8809
2001-11-08,44007,Providence,12.2267,-0.8866,53.7911,2.591
2001-11-09,44007,Providence,11.0897,-0.8747,60.3448,4.7877
2001-11-10,44007,Providence,10.976,-2.2335,53.96,3.148
2001-11-11,44007,Providence,8.2221,-2.1967,48.9444,4.1081
2001-11-12,44007,Providence,4.9132,-3.6399,46.1858,3.3597
2001-11-13,44007,Providence,8.2662,-4.9794,48.2829,2.8191
2001-11-14,44007,Providence,13.7002,0.0318,60.9162,3.9381
2001-11-15,44007,Providence,16.0755,5.3397,59.2522,3.3139
2001-11-16,44007,Providence,21.0619,7.6329,50.4663,3.9601
2001-11-17,44007,Providence,8.4548,-1.1291,45.199,2.4057
2001-11-18,44007,Providence,13.5738,-1.7341,53.6235,3.2016
2001-11-19,44007,Providence,16.0411,2.7641,62.8903,4.2616
2001-11-20,44007,Providence,12.5882,1.3213,65.7253,4.2609
2001-11-21,44007,Providence,6.4089,-0.5116,50.0624,2.3233
2001-11-22,44007,Providence,12.1259,-1.0799,47.8376,2.0081
2001-11-23,44007,Providence,12.7058,0.6853,53.6249,2.3265
2001-11-24,44007,Providence,13.3886,2.2978,77.6081,2.7762
2001-11-25,44007,Providence,17.8371,7.0594,73.9891,3.9265
2001-11-26,44007,Providence,19.1647,7.2894,67.5501,2.5698
2001-11-27,44007,Providence,14.9207,4.2164,66.0967,1.5972
2001-11-28,44007,Providence,16.0605,6.3052,60.3514,3.1132
2001-11-29,44007,Providence,13.5475,4.6973,74.0817,4.0958
2001-11-30,44007,Providence,19.479,9.4555,78.7556,4.0897
2001-12-01,44007,Providence,19.3671,6.553,70.7585,3.6814
2001-12-02,44007,Providence,11.6762,1.3264,59.278,2.2846
2001-12-03,44007,Providence,10.8668,-0.1878,58.01,2.9412
2001-12-04,44007,Providence,14.1777,0.0787,57.8557,2.0289
2001-12-05,44007,Providence,16.5313,6.2091,65.6731,2.7815
2001-12-06,44007,Providence,20.3591,7.8695,50.9053,4.2562
2001-12-07,44007,Providence,13.9477,0.9983,52.9963,3.0949
2001-12-08,44007,Providence,4.7107,-3.3446,61.5265,2.7268
2001-12-09,44007,Providence,3.2532,-5.8593,86.8179,3.3957
2001-12-10,44007,Providence,3.7366,-6.6978,79.0308,2.12
2001-12-11,44007,Providence,9.0309,-1.8401,73.021,2.029
2001-12-12,44007,Providence,6.6184,-2.5342,77.2157,3.5246
2001-12-13,44007,Providence,10.6974,0.7408,91.288,2.565
2001-12-14,44007,Providence,12.1034,5.0729,81.5743,1.968
2001-12-15,44007,Providence,9.2817,-3.5121,73.2307,3.9135
2001-12-16,44007,Providence,3.3291,-4.1526,41.2703,2.9755
2001-12-17,44007,Providence,4.5377,-3.1416,75.5536,1.401
2001-12-18,44007,Providence,6.1982,-1.4986,80.2344,4.0739
2001-12-19,44007,Providence,7.0649,-2.1644,68.8655,3.4055
2001-12-20,44007,Providence,7.0151,-0.76,68.1534,3.8543
2001-12-21,44007,Providence,2.5177,-3.7934,63.5858,5.4603
2001-12-22,44007,Providence,1.1176,-5.6596,50.6051,3.5969
2001-12-23,44007,Providence,3.7951,-6.0394,65.6887,1.819
2001-12-24,44007,Providence,8.9872,-0.263,84.6857,2.5826
2001-12-25,44007,Providence,2.2883,-3.2077,54.4864,2.6557
2001-12-26,44007,Providence,2.3782,-4.5906,68.8752,1.4393
2001-12-27,44007,Providence,-0.5584,-5.0958,48.9917,4.5686
2001-12-28,44007,Providence,1.5134,-5.9337,55.0691,4.1749
2001-12-29,44007,Providence,2.1514,-4.7415,40.2149,4.567
2001-12-30,44007,Providence,-0.9189,-7.1012,49.5094,5.9405
2001-12-31,44007,Providence,-0.003,-5.3147,39.6017,5.4328
2002-01-01,44007,Providence,0.9584,-8.4506,46.4955,4.1126
2002-01-02,44007,Providence,1.6558,-8.3908,50.2742,4.3847
2002-01-03,44007,Providence,2.3614,-7.1058,52.7912,3.2097
2002-01-04,44007,Providence,1.5618,-8.0857,44.565,3.2916
2002-01-05,44007,Providence,4.3146,-4.2329,50.535,3.4429
2002-01-06,44007,Providence,8.5144,-2.0284,58.4862,2.6417
2002-01-07,44007,Providence,5.9537,-2.9025,74.2246,3.3857
2002-01-08,44007,Providence,1.7157,-5.3354,66.1183,3.9066
2002-01-09,44007,Providence,4.845,-2.5906,70.8094,5.0631
2002-01-10,44007,Providence,7.3759,-0.4134,65.2669,4.1119
2002-01-11,44007,Providence,7.7826,-0.6517,68.639,3.0299
2002-01-12,44007,Providence,5.7369,-2.7813,65.2613,3.6099
2002-01-13,44007,Providence,6.0081,-2.7047,67.462,6.0629
2002-01-14,44007,Providence,3.3091,-4.5733,59.9785,3.725
2002-01-15,44007,Providence,6.8749,-0.921,70.9368,2.4752
2002-01-16,44007,Providence,4.2126,-2.4919,61.484,3.9984
2002-01-17,44007,Providence,5.5713,-2.5837,66.6717,3.6284
2002-01-18,44007,Providence,3.0505,-4.5657,54.8821,4.1803
2002-01-19,44007,Providence,2.1582,-5.7984,61.0505,2.4751
2002-01-20,44007,Providence,2.5032,-5.7327,70.0237,2.8789
2002-01-21,44007,Providence,5.0746,-3.6788,70.3255,3.2401
2002-01-22,44007,Providence,5.0948,-3.4448,62.2671,4.5412
2002-01-23,44007,Providence,7.4311,-3.2214,70.6117,4.7959
2002-01-24,44007,Providence,7.9194,0.559,77.3432,2.7486
2002-01-25,44007,Providence,6.0618,-2.5606,61.4781,3.719
2002-01-26,44007,Providence,8.8637,-2.4483,51.8838,4.4078
2002-01-27,44007,Providence,11.0658,-0.1864,46.4857,2.1418
2002-01-28,44007,Providence,12.7554,-0.5662,54.7917,2.8243
2002-01-29,44007,Providence,16.6045,0.9761,54.3074,2.5375
2002-01-30,44007,Providence,10.7868,1.5332,69.4971,2.0254
2002-01-31,44007,Providence,4.5016,-3.373,67.2538,4.2618
2002-02-01,44007,Providence,9.112,-2.7893,63.4587,4.5613
2002-02-02,44007,Providence,4.5387,-11.7248,34.0526,5.3598
2002-02-03,44007,Providence,2.9544,-12.211,60.946,2.6317
2002-02-04,44007,Providence,3.5625,-4.5773,58.665,3.1265
2002-02-05,44007,Providence,0.694,-7.6254,36.7179,5.6899
2002-02-06,44007,Providence,2.4172,-6.9599,46.0225,3.7929
2002-02-07,44007,Providence,4.7447,-4.6896,62.5773,1.6782
2002-02-08,44007,Providence,5.1203,-3.9975,56.9025,3.2895
2002-02-09,44007,Providence,2.8624,-5.3472,44.0365,2.5507
2002-02-10,44007,Providence,8.6113,-5.5184,68.1202,4.659
2002-02-11,44007,Providence,10.1523,-8.4885,53.7185,6.1959
2002-02-12,44007,Providence,5.9958,-8.697,46.2936,5.0817
2002-02-13,44007,Providence,3.968,-8.4977,42.584,5.2477
2002-02-14,44007,Providence,2.4399,-9.698,42.2139,3.7513
2002-02-15,44007,Providence,7.3488,-4.7388,59.3048,4.7179
2002-02-16,44007,Providence,9.8289,-0.9265,61.1103,2.0372
2002-02-17,44007,Providence,6.2151,-1.2545,65.9623,2.7388
2002-02-18,44007,Providence,5.5789,-4.2533,42.697,5.0502
2002-02-19,44007,Providence,7.7776,-5.129,34.4024,2.1899
2002-02-20,44007,Providence,11.6935,-1.6069,57.2886,3.1051
2002-02-21,44007,Providence,17.3079,4.6621,61.8559,2.8768
2002-02-22,44007,Providence,10.2141,0.2853,51.8686,3.8361
2002-02-23,44007,Providence,5.4131,-2.9373,50.9618,2.1282
2002-02-24,44007,Providence,7.2286,-4.092,47.5685,2.0856
2002-02-25,44007,Providence,9.7939,-3.0518,56.433,3.1817
2002-02-26,44007,Providence,14.1903,-1.5876,66.3411,3.9342
2002-02-27,44007,Providence,11.5433,-3.5281,70.1057,4.2367
2002-02-28,44007,Providence,2.8701,-4.591,37.982,5.5683
2002-03-01,44007,Providence,4.5594,-4.8413,38.2866,3.4006
2002-03-02,44007,Providence,8.1369,-2.4536,49.4901,3.4478
2002-03-03,44007,Providence,15.4551,2.7078,67.4358,6.4353
2002-03-04,44007,Providence,10.3662,-4.8509,28.0915,4.9057
2002-03-05,44007,Providence,-0.2888,-7.1635,26.4977,4.7339
2002-03-06,44007,Providence,8.3195,-5.1199,52.1275,4.682
2002-03-07,44007,Providence,14.6601,-0.6995,45.0192,1.8137
2002-03-08,44007,Providence,13.5567,1.3259,53.0009,2.5716
2002-03-09,44007,Providence,18.2549,2.6634,59.1745,4.7099
2002-03-10,44007,Providence,12.4801,-4.2149,41.5548,8.0419
2002-03-11,44007,Providence,3.4009,-6.1737,27.5466,4.6488
2002-03-12,44007,Providence,7.8077,-3.5157,56.3497,3.0132
2002-03-13,44007,Providence,9.9456,-0.5188,67.7715,2.0892
2002-03-14,44007,Providence,14.4301,3.8206,45.1981,2.7358
2002-03-15,44007,Providence,14.3242,1.4377,61.6797,3.6872
2002-03-16,44007,Providence,15.4833,-0.4911,61.1801,3.9118
2002-03-17,44007,Providence,7.0458,-3.8472,40.3429,3.079
2002-03-18,44007,Providence,4.396,-1.3803,56.191,3.7123
2002-03-19,44007,Providence,6.7193,-1.2408,56.227,2.0022
2002-03-20,44007,Providence,6.2505,-1.52,62.8235,3.9711
2002-03-21,44007,Providence,10.1346,-0.6586,48.5024,3.8992
2002-03-22,44007,Providence,3.9394,-8.1415,23.4851,6.9653
2002-03-23,44007,Providence,3.92,-6.0739,40.0053,6.8082
2002-03-24,44007,Providence,8.8257,-1.65,44.1646,3.5368
2002-03-25,44007,Providence,5.5312,-0.7247,47.6601,3.1164
2002-03-26,44007,Providence,8.6263,-1.017,57.8281,5.2535
2002-03-27,44007,Providence,14.2378,2.0763,62.0493,3.9207
2002-03-28,44007,Providence,10.9123,-0.6925,42.3806,2.8094
2002-03-29,44007,Providence,12.9964,-0.6033,44.4404,3.4295
2002-03-30,44007,Providence,19.1885,3.5658,54.3005,3.9632
2002-03-31,44007,Providence,14.6329,6.1067,51.2892,1.2097
2002-04-01,44007,Providence,14.7477,2.7563,53.4062,4.859
2002-04-02,44007,Providence,13.5286,-0.711,46.086,4.2587
2002-04-03,44007,Providence,20.7757,4.0859,57.0727,5.4292
2002-04-04,44007,Providence,9.2987,0.6948,41.1639,3.987
2002-04-05,44007,Providence,6.617,-0.7951,42.8245,1.504
2002-04-06,44007,Providence,5.9748,-2.657,42.1141,3.7103
2002-04-07,44007,Providence,7.1415,-4.1652,34.8226,3.0049
2002-04-08,44007,Providence,13.3738,0.6037,57.2589,4.8219
2002-04-09,44007,Providence,18.3299,6.6402,67.3785,5.7334
2002-04-10,44007,Providence,17.1098,6.4071,49.7954,3.2768
2002-04-11,44007,Providence,13.1403,1.6144,44.9494,3.3096
2002-04-12,44007,Providence,18.3225,0.088,63.0659,3.5983
2002-04-13,44007,Providence,21.1081,10.6132,61.8997,5.1912
2002-04-14,44007,Providence,23.883,11.4934,51.193,3.5735
2002-04-15,44007,Providence,24.658,11.1256,53.5249,3.2909
2002-04-16,44007,Providence,28.8974,10.5019,50.0829,2.6003
2002-04-17,44007,Providence,33.1626,14.7717,40.0215,3.0342
2002-04-18,44007,Providence,27.5269,12.6372,48.4311,2.3035
2002-04-19,44007,Providence,25.1094,8.2474,57.8304,3.3987
2002-04-20,44007,Providence,22.6933,9.2503,46.5596,2.4608
2002-04-21,44007,Providence,11.8022,4.2374,39.3983,3.4623
2002-04-22,44007,Providence,7.6858,1.0703,62.6937,4.0121
2002-04-23,44007,Providence,9.8302,0.6832,49.2413,3.0828
2002-04-24,44007,Providence,13.6875,0.3635,42.0377,2.3152
2002-04-25,44007,Providence,11.1782,1.1767,67.1977,4.1034
2002-04-26,44007,Providence,10.5637,1.5737,47.0825,4.876
2002-04-27,44007,Providence,14.2883,1.1459,40.5761,3.1393
2002-04-28,44007,Providence,13.0229,4.1,69.687,3.592
2002-04-29,44007,Providence,9.8096,2.2965,64.5602,2.8671
2002-04-30,44007,Providence,12.9601,3.1726,53.1605,3.3699
2002-05-01,44007,Providence,17.4342,4.5238,42.6114,3.9841
2002-05-02,44007,Providence,14.6504,6.5865,65.8894,2.3151
2002-05-03,44007,Providence,14.5663,4.8652,48.8407,6.2729
2002-05-04,44007,Providence,19.5457,2.5497,39.7344,3.5138
2002-05-05,44007,Providence,20.7969,5.9095,42.938,2.9843
2002-05-06,44007,Providence,23.6194,6.2975,50.2974,4.1495
2002-05-07,44007,Providence,24.7788,10.5353,58.9532,3.6038
2002-05-08,44007,Providence,20.6724,8.7773,48.3887,3.1591
2002-05-09,44007,Providence,15.0755,7.3712,61.3313,3.2277
2002-05-10,44007,Providence,24.2645,10.4032,45.276,4.7052
2002-05-11,44007,Providence,17.9243,5.9067,38.0855,3.4455
2002-05-12,44007,Providence,13.2414,8.1592,59.8985,2.6364
2002-05-13,44007,Providence,11.5438,7.6606,69.0857,5.4908
2002-05-14,44007,Providence,18.3689,7.3899,52.7432,5.3646
2002-05-15,44007,Providence,16.3605,4.503,45.0434,5.9975
2002-05-16,44007,Providence,23.2826,5.1985,52.0733,5.0333
2002-05-17,44007,Providence,23.6702,13.1756,53.0623,4.0196
2002-05-18,44007,Providence,15.0543,4.6733,57.343,4.9595
2002-05-19,44007,Providence,13.5606,4.1104,46.94,2.669
2002-05-20,44007,Providence,13.9522,4.442,45.5644,2.3871
2002-05-21,44007,Providence,15.7685,4.2042,46.8944,2.9612
2002-05-22,44007,Providence,18.5556,4.5234,46.2138,2.4489
2002-05-23,44007,Providence,21.3667,5.7749,48.6606,3.6022
2002-05-24,44007,Providence,26.6706,7.3577,53.904,3.879
2002-05-25,44007,Providence,18.126,6.4769,49.7977,2.9477
2002-05-26,44007,Providence,22.1355,5.9433,63.2543,3.303
2002-05-27,44007,Providence,25.9518,12.6112,61.136,2.2477
2002-05-28,44007,Providence,26.2686,15.0037,61.2727,2.7287
2002-05-29,44007,Providence,25.8249,15.5046,60.8426,2.1049
2002-05-30,44007,Providence,27.5307,13.9115,60.3127,3.2771
2002-05-31,44007,Providence,24.6163,14.6231,68.7799,4.642
2002-06-01,44007,Providence,27.0014,14.7302,54.3897,4.1181
2002-06-02,44007,Providence,23.4433,9.4819,52.7713,4.2286
2002-06-03,44007,Providence,18.4092,7.7972,48.8203,3.2688
2002-06-04,44007,Providence,20.236,6.7209,58.2183,2.1227
2002-06-05,44007,Providence,24.7546,12.5479,71.6938,5.1351
2002-06-06,44007,Providence,23.6606,12.3526,72.7215,4.4186
2002-06-07,44007,Providence,14.753,6.4254,74.9341,5.2401
2002-06-08,44007,Providence,19.8585,5.0542,58.7542,1.9925
2002-06-09,44007,Providence,24.0792,7.8042,69.274,3.8496
2002-06-10,44007,Providence,23.5307,11.7866,55.1175,2.1751
2002-06-11,44007,Providence,28.5249,11.0636,68.7814,3.3165
2002-06-12,44007,Providence,26.4935,11.8495,72.8837,2.2048
2002-06-13,44007,Providence,19.7492,9.1512,70.1651,1.8613
2002-06-14,44007,Providence,16.9585,9.5523,75.2763,3.4745
2002-06-15,44007,Providence,14.6454,9.9641,76.262,3.2735
2002-06-16,44007,Providence,21.222,9.7032,73.2646,3.3211
2002-06-17,44007,Providence,23.9095,12.2376,61.9062,3.1794
2002-06-18,44007,Providence,24.4065,12.9548,57.4733,2.4504
2002-06-19,44007,Providence,24.9411,15.0836,58.0242,1.5111
2002-06-20,44007,Providence,25.3997,12.9073,59.4333,2.0812
2002-06-21,44007,Providence,26.116,11.5063,63.0181,3.6262
2002-06-22,44007,Providence,27.6677,13.7311,67.1801,3.7713
2002-06-23,44007,Providence,26.8347,17.6022,67.3328,4.1813
2002-06-24,44007,Providence,27.4941,15.0682,58.0867,3.5296
2002-06-25,44007,Providence,26.6573,13.104,52.8873,1.8878
2002-06-26,44007,Providence,31.6387,15.8528,68.2681,3.9234
2002-06-27,44007,Providence,30.5679,20.0999,67.9173,4.9902
2002-06-28,44007,Providence,27.962,19.4978,64.786,2.924
2002-06-29,44007,Providence,27.8916,16.4834,56.9957,1.8198
2002-06-30,44007,Providence,27.0592,14.7247,64.0624,2.7387
2002-07-01,44007,Providence,28.9409,17.8977,68.3091,4.5127
2002-07-02,44007,Providence,32.5709,19.5718,70.1555,3.2827
2002-07-03,44007,Providence,34.88,23.3682,64.8968,2.0323
2002-07-04,44007,Providence,34.2572,24.2434,62.1905,2.4042
2002-07-05,44007,Providence,27.4779,16.7662,62.3082,3.6389
2002-07-06,44007,Providence,26.0503,15.2188,58.1621,2.5044
2002-07-07,44007,Providence,28.336,14.7726,57.9701,2.6568
2002-07-08,44007,Providence,29.8009,16.8921,59.9036,3.2537
2002-07-09,44007,Providence,30.1173,19.6057,66.273,3.7333
2002-07-10,44007,Providence,24.7799,11.6801,62.9247,3.5262
2002-07-11,44007,Providence,21.0156,9.2377,55.9182,3.0783
2002-07-12,44007,Providence,24.8325,10.2672,55.5878,2.3687
2002-07-13,44007,Providence,27.2656,13.65,63.9165,3.6402
2002-07-14,44007,Providence,27.708,15.7711,63.2454,3.1215
2002-07-15,44007,Providence,29.6204,17.8279,62.7272,3.3422
2002-07-16,44007,Providence,24.6239,15.2595,55.9791,3.4589
2002-07-17,44007,Providence,27.8212,12.3674,60.4031,2.3191
2002-07-18,44007,Providence,32.8293,18.7618,61.6757,2.368
2002-07-19,44007,Providence,28.5705,20.0908,69.4526,1.394
2002-07-20,44007,Providence,26.7439,17.4967,66.2735,1.8682
2002-07-21,44007,Providence,27.84,15.5537,63.8002,2.8632
2002-07-22,44007,Providence,29.021,17.2499,65.3932,4.6896
2002-07-23,44007,Providence,31.9023,20.657,65.0085,4.1045
2002-07-24,44007,Providence,22.2559,12.5616,68.7969,3.8048
2002-07-25,44007,Providence,23.4959,11.3515,55.8661,2.5505
2002-07-26,44007,Providence,23.6776,10.9477,61.3527,2.3506
2002-07-27,44007,Providence,25.5258,16.0117,66.3425,2.4064
2002-07-28,44007,Providence,27.3561,18.2276,72.1291,2.6452
2002-07-29,44007,Providence,33.9122,20.543,59.4711,2.8304
2002-07-30,44007,Providence,33.5557,20.962,55.1963,3.1442
2002-07-31,44007,Providence,30.5251,17.7659,55.2527,2.4891
2002-08-01,44007,Providence,31.5203,18.6115,58.7653,1.8348
2002-08-02,44007,Providence,29.3346,18.6444,70.215,2.6642
2002-08-03,44007,Providence,31.137,19.833,67.3383,1.7792
2002-08-04,44007,Providence,30.8628,20.4522,64.518,2.0877
2002-08-05,44007,Providence,31.2796,20.8398,67.4806,3.7664
2002-08-06,44007,Providence,22.4031,12.3494,66.9123,4.4087
2002-08-07,44007,Providence,22.4361,10.9535,62.0552,2.7914
2002-08-08,44007,Providence,24.2564,11.6334,54.4674,2.2345
2002-08-09,44007,Providence,26.1295,11.628,47.7095,1.9571
2002-08-10,44007,Providence,28.7841,13.8439,51.7738,2.8424
2002-08-11,44007,Providence,30.6826,15.6554,56.3831,3.1068
2002-08-12,44007,Providence,32.1818,16.0719,57.145,2.7748
2002-08-13,44007,Providence,34.227,18.6182,53.1267,2.424
2002-08-14,44007,Providence,35.6664,20.0383,53.1098,3.2968
2002-08-15,44007,Providence,32.684,19.4663,62.1999,4.3909
2002-08-16,44007,Providence,32.6153,20.7561,64.5845,3.7093
2002-08-17,44007,Providence,33.3516,21.1919,56.9627,2.5928
2002-08-18,44007,Providence,32.4236,20.8317,59.358,2.7439
2002-08-19,44007,Providence,33.1222,20.5106,54.018,2.1246
2002-08-20,44007,Providence,25.7804,17.6642,69.6043,2.4575
2002-08-21,44007,Providence,26.139,15.0748,57.6166,2.0869
2002-08-22,44007,Providence,26.6005,14.0837,69.6205,3.6844
2002-08-23,44007,Providence,22.9783,13.9837,76.6708,3.47
2002-08-24,44007,Providence,18.7981,12.8359,87.0234,1.7701
2002-08-25,44007,Providence,25.8921,13.6669,65.5151,1.8217
2002-08-26,44007,Providence,27.9716,15.4104,60.5,2.2952
2002-08-27,44007,Providence,28.0187,16.4049,56.5214,2.5494
2002-08-28,44007,Providence,22.6091,14.5187,57.255,3.7296
2002-08-29,44007,Providence,18.3582,13.5115,90.8067,4.5215
2002-08-30,44007,Providence,20.5715,11.6415,85.2717,2.0313
2002-08-31,44007,Providence,22.4605,10.3663,69.4503,4.0288
2002-09-01,44007,Providence,18.1586,9.6017,86.6655,3.3179
2002-09-02,44007,Providence,21.9441,14.8086,81.4427,3.9487
2002-09-03,44007,Providence,24.9995,13.8195,79.2291,1.2807
2002-09-04,44007,Providence,28.8135,17.4886,69.2365,3.0658
2002-09-05,44007,Providence,23.4449,12.7448,60.9028,3.498
2002-09-06,44007,Providence,23.5466,9.4155,49.3183,2.177
2002-09-07,44007,Providence,26.2563,11.1713,54.3262,1.8542
2002-09-08,44007,Providence,27.485,12.5137,59.6471,3.0279
2002-09-09,44007,Providence,30.8457,14.8179,60.6086,2.4788
2002-09-10,44007,Providence,29.1838,17.1908,65.5917,3.5066
2002-09-11,44007,Providence,26.5197,10.8749,64.0602,5.6414
2002-09-12,44007,Providence,19.0844,7.5335,49.1273,3.885
2002-09-13,44007,Providence,25.6492,6.782,55.1051,4.2713
2002-09-14,44007,Providence,27.268,13.3715,65.605,3.4015
2002-09-15,44007,Providence,23.6026,18.012,83.0729,4.2992
2002-09-16,44007,Providence,24.1747,18.6986,78.5985,3.175
2002-09-17,44007,Providence,24.2144,13.892,69.442,1.5917
2002-09-18,44007,Providence,23.4036,11.7882,60.9665,1.8665
2002-09-19,44007,Providence,24.2327,12.1179,63.4013,2.7834
2002-09-20,44007,Providence,25.3725,12.5513,71.1838,3.8201
2002-09-21,44007,Providence,26.3134,14.8955,75.6211,3.5972
2002-09-22,44007,Providence,25.5423,17.4899,78.4113,3.1079
2002-09-23,44007,Providence,24.9517,16.6749,77.1047,2.0937
2002-09-24,44007,Providence,21.6926,15.0302,77.0304,2.8884
2002-09-25,44007,Providence,21.1411,11.9657,68.1896,2.8291
2002-09-26,44007,Providence,17.5892,11.2847,80.1886,2.9567
2002-09-27,44007,Providence,20.911,13.572,86.7103,3.8246
2002-09-28,44007,Providence,22.4058,10.9298,74.4092,4.6521
2002-09-29,44007,Providence,17.6999,7.5744,54.9008,1.4503
2002-09-30,44007,Providence,20.7615,6.9023,72.4943,3.5559
2002-10-01,44007,Providence,25.2031,12.5146,65.0058,4.7099
2002-10-02,44007,Providence,27.7147,15.3997,64.6925,3.6321
2002-10-03,44007,Providence,22.6232,10.9748,69.0885,3.6019
2002-10-04,44007,Providence,18.2308,9.3628,77.8187,3.8683
2002-10-05,44007,Providence,26.95,12.9931,63.6895,5.2594
2002-10-06,44007,Providence,17.4235,6.4967,57.8946,3.3513
2002-10-07,44007,Providence,21.9852,6.3725,66.4182,3.6594
2002-10-08,44007,Providence,13.599,3.6541,50.0306,2.7079
2002-10-09,44007,Providence,14.5474,2.5808,57.8365,2.3845
2002-10-10,44007,Providence,16.3785,6.2256,65.7647,2.1426
2002-10-11,44007,Providence,15.5427,8.7508,79.2277,4.2303
2002-10-12,44007,Providence,15.1391,10.1451,78.8117,6.5025
2002-10-13,44007,Providence,16.6849,9.5724,79.5615,3.0381
2002-10-14,44007,Providence,15.0069,0.3756,51.0176,4.1871
2002-10-15,44007,Providence,11.9706,-1.4137,62.2874,2.3758
2002-10-16,44007,Providence,13.5802,5.1335,84.2069,6.1627
2002-10-17,44007,Providence,16.4092,7.8431,64.556,3.1629
2002-10-18,44007,Providence,12.4263,2.6269,59.9527,3.424
2002-10-19,44007,Providence,14.9242,2.0124,72.1582,5.9615
2002-10-20,44007,Providence,13.7016,3.8549,55.8741,3.7451
2002-10-21,44007,Providence,11.692,0.8464,51.8456,2.6995
2002-10-22,44007,Providence,9.5286,-0.9543,51.3185,1.5301
2002-10-23,44007,Providence,7.2011,-2.5996,70.6667,2.5731
2002-10-24,44007,Providence,8.4652,-3.5985,55.3324,1.7957
2002-10-25,44007,Providence,7.914,-0.2074,59.4215,2.2112
2002-10-26,44007,Providence,12.5247,2.4593,81.612,4.4951
2002-10-27,44007,Providence,12.4393,5.4001,61.3037,3.7579
2002-10-28,44007,Providence,9.7348,3.0939,54.6003,3.3042
2002-10-29,44007,Providence,6.7447,-0.025,50.7697,3.4242
2002-10-30,44007,Providence,4.406,-0.0821,55.0936,3.4983
2002-10-31,44007,Providence,8.0092,-1.288,50.6994,2.1961
2002-11-01,44007,Providence,8.0832,0.7279,52.0401,4.3667
2002-11-02,44007,Providence,2.7761,-3.6087,45.1907,4.6892
2002-11-03,44007,Providence,4.7021,-3.3684,43.3374,1.9736
2002-11-04,44007,Providence,7.6238,-1.4567,59.369,1.9416
2002-11-05,44007,Providence,8.7973,-0.2338,64.0755,3.1261
2002-11-06,44007,Providence,10.8907,2.2223,75.0372,5.476
2002-11-07,44007,Providence,5.3429,-4.1757,52.6777,4.7893
2002-11-08,44007,Providence,11.1445,-3.4285,63.362,5.9444
2002-11-09,44007,Providence,15.6779,4.7207,66.1893,4.5012
2002-11-10,44007,Providence,18.9057,8.5775,72.1897,5.2429
2002-11-11,44007,Providence,20.8831,13.0976,70.6048,4.8135
2002-11-12,44007,Providence,15.9392,6.3848,66.1334,3.4661
2002-11-13,44007,Providence,9.5851,4.4684,73.3156,4.3267
2002-11-14,44007,Providence,9.4056,1.0,63.565,3.1055
2002-11-15,44007,Providence,14.3697,3.5237,62.4191,3.6242
2002-11-16,44007,Providence,8.2546,0.8348,70.0799,6.2996
2002-11-17,44007,Providence,8.4787,1.7475,76.6398,4.312
2002-11-18,44007,Providence,5.7421,-0.5048,61.6047,6.0301
2002-11-19,44007,Providence,7.3812,-2.4552,68.5768,2.0396
2002-11-20,44007,Providence,12.034,2.4969,60.5153,2.1894
2002-11-21,44007,Providence,10.5344,1.0171,78.6168,2.1112
2002-11-22,44007,Providence,13.0721,6.5133,72.7016,2.7065
2002-11-23,44007,Providence,9.4488,-2.9892,56.376,7.0635
2002-11-24,44007,Providence,6.9933,-3.0566,58.976,5.3934
2002-11-25,44007,Providence,8.3821,-1.2975,65.2166,2.1975
2002-11-26,44007,Providence,6.9977,-0.9023,63.0426,2.651
2002-11-27,44007,Providence,2.0862,-7.9681,75.0699,4.1524
2002-11-28,44007,Providence,-2.12,-11.2325,64.9773,4.4508
2002-11-29,44007,Providence,2.7264,-5.1371,69.3727,5.2905
2002-11-30,44007,Providence,8.6006,0.4012,59.6743,3.9672
2002-12-01,44007,Providence,4.2088,-7.7511,50.7818,6.737
2002-12-02,44007,Providence,3.4418,-7.9774,64.7103,3.803
2002-12-03,44007,Providence,2.0107,-10.7007,45.7891,5.7043
2002-12-04,44007,Providence,-2.0874,-11.5325,59.1502,3.8995
2002-12-05,44007,Providence,-0.0669,-8.5755,67.6774,2.9923
2002-12-06,44007,Providence,1.4066,-7.0861,67.1938,2.2821
2002-12-07,44007,Providence,1.572,-7.6627,64.9139,4.8929
2002-12-08,44007,Providence,3.3688,-4.939,61.2404,4.6584
2002-12-09,44007,Providence,-0.7121,-10.8529,45.2381,3.1369
2002-12-10,44007,Providence,2.7387,-8.3999,59.2901,2.687
2002-12-11,44007,Providence,3.9154,-5.8841,70.0057,5.1359
2002-12-12,44007,Providence,4.0048,-2.1686,69.6969,4.1335
2002-12-13,44007,Providence,4.7096,-2.228,70.3648,2.2129
2002-12-14,44007,Providence,8.4067,0.1791,64.2254,4.0384
2002-12-15,44007,Providence,6.3445,-1.1189,61.1792,4.1793
2002-12-16,44007,Providence,4.0495,-4.7705,69.0266,3.533
2002-12-17,44007,Providence,-1.2895,-8.3483,58.4759,4.0359
2002-12-18,44007,Providence,1.6692,-9.6746,55.3376,2.3111
2002-12-19,44007,Providence,4.374,-6.4082,66.4903,3.5712
2002-12-20,44007,Providence,12.439,0.4015,73.9468,4.9397
2002-12-21,44007,Providence,7.5558,0.2304,55.2242,6.0686
2002-12-22,44007,Providence,9.0864,-1.4267,50.4781,4.9972
2002-12-23,44007,Providence,5.0735,-1.5231,54.0716,5.5125
2002-12-24,44007,Providence,3.5262,-2.9982,43.2123,3.959
2002-12-25,44007,Providence,3.6476,-2.7045,64.0967,7.5281
2002-12-26,44007,Providence,1.6544,-6.0022,60.2851,6.7629
2002-12-27,44007,Providence,0.1868,-8.6197,62.5538,2.8419
2002-12-28,44007,Providence,1.209,-6.7485,66.2982,2.7681
2002-12-29,44007,Providence,2.9123,-4.4613,75.7056,3.9139
2002-12-30,44007,Providence,0.6133,-7.0442,61.2568,2.2666
2002-12-31,44007,Providence,4.4087,-2.9443,75.0921,2.8744
2003-01-01,44007,Providence,5.0564,0.7788,58.427,4.0834
2003-01-02,44007,Providence,2.4053,-5.723,54.2858,5.9966
2003-01-03,44007,Providence,2.8353,-4.828,65.5604,6.3784
2003-01-04,44007,Providence,2.8508,-2.5756,61.5541,5.1932
2003-01-05,44007,Providence,-0.168,-6.7994,62.0373,1.5148
2003-01-06,44007,Providence,1.5404,-2.4665,61.3174,1.5062
2003-01-07,44007,Providence,-0.6321,-9.6772,60.5733,4.1319
2003-01-08,44007,Providence,1.893,-8.1017,70.1045,4.348
2003-01-09,44007,Providence,3.494,-0.4692,61.5653,3.2729
2003-01-10,44007,Providence,2.9581,-7.7859,58.7482,3.4062
2003-01-11,44007,Providence,-1.9297,-7.7175,49.9491,5.292
2003-01-12,44007,Providence,-0.5777,-7.5334,51.6858,4.591
2003-01-13,44007,Providence,1.1976,-6.6303,49.7215,5.5473
2003-01-14,44007,Providence,-5.2628,-11.3778,49.1799,3.9141
2003-01-15,44007,Providence,-4.2825,-10.8629,52.9496,3.234
2003-01-16,44007,Providence,-3.3361,-9.8649,52.8261,3.867
2003-01-17,44007,Providence,-0.958,-10.5302,56.2594,3.6529
2003-01-18,44007,Providence,-8.1176,-16.0586,50.4448,2.2375
2003-01-19,44007,Providence,-2.5902,-12.3317,52.7568,2.8895
2003-01-20,44007,Providence,-2.2909,-11.1866,49.0451,6.3861
2003-01-21,44007,Providence,-7.719,-14.7542,44.3915,6.0874
2003-01-22,44007,Providence,-10.696,-17.3881,44.3658,7.1242
2003-01-23,44007,Providence,-10.9728,-18.5443,52.009,4.6431
2003-01-24,44007,Providence,-6.6667,-14.7577,47.822,5.3649
2003-01-25,44007,Providence,-2.6553,-14.4372,53.4927,3.548
2003-01-26,44007,Providence,1.9303,-7.1228,58.3558,2.6916
2003-01-27,44007,Providence,-0.6746,-19.4745,42.4618,5.3923
2003-01-28,44007,Providence,-6.6055,-21.3945,47.8272,3.2335
2003-01-29,44007,Providence,0.7085,-12.2325,61.1588,1.8739
2003-01-30,44007,Providence,0.3316,-9.5144,56.5592,2.3994
2003-01-31,44007,Providence,2.3435,-7.2184,69.1042,4.4426
2003-02-01,44007,Providence,2.0409,-1.9032,63.8585,3.7783
2003-02-02,44007,Providence,3.2833,-1.5568,59.6933,6.4359
2003-02-03,44007,Providence,3.9586,-3.0207,53.7624,3.5681
2003-02-04,44007,Providence,6.8948,-1.2375,56.7415,5.2335
2003-02-05,44007,Providence,1.5342,-8.0345,40.7359,6.3731
2003-02-06,44007,Providence,-1.1725,-10.2663,51.6584,2.9168
2003-02-07,44007,Providence,0.2595,-6.1654,61.2526,2.9206
2003-02-08,44007,Providence,-1.7895,-11.975,50.8744,4.4142
2003-02-09,44007,Providence,1.1243,-9.8149,51.3832,4.3311
2003-02-10,44007,Providence,2.4355,-6.5187,62.0626,2.0763
2003-02-11,44007,Providence,0.9067,-8.4917,44.3377,4.4263
2003-02-12,44007,Providence,0.5585,-10.7597,52.1721,5.3623
2003-02-13,44007,Providence,-6.5654,-12.3387,44.0079,5.2793
2003-02-14,44007,Providence,-5.7504,-13.8211,46.5903,4.3411
2003-02-15,44007,Providence,-7.4068,-17.8364,47.3071,4.3411
2003-02-16,44007,Providence,-7.8207,-19.6053,48.1091,4.3421
2003-02-17,44007,Providence,-0.6413,-13.1147,63.7112,7.3824
2003-02-18,44007,Providence,-0.4997,-5.4792,59.1743,3.3302
2003-02-19,44007,Providence,2.1239,-5.9511,62.4735,3.1029
2003-02-20,44007,Providence,2.8821,-7.141,58.0557,3.107
2003-02-21,44007,Providence,4.1612,-7.6406,55.2451,2.734
2003-02-22,44007,Providence,3.5027,-1.5936,63.9867,2.626
2003-02-23,44007,Providence,8.4512,-4.2282,57.379,5.0589
2003-02-24,44007,Providence,1.1204,-7.4955,54.9747,4.0066
2003-02-25,44007,Providence,-0.6255,-13.0207,43.6671,4.8189
2003-02-26,44007,Providence,-4.6668,-15.7179,45.3268,1.762
2003-02-27,44007,Providence,-0.9631,-12.3627,55.9301,2.4931
2003-02-28,44007,Providence,2.1285,-6.4792,51.6591,3.055
2003-03-01,44007,Providence,3.6373,-6.5779,63.0493,2.0932
2003-03-02,44007,Providence,5.8662,-0.9689,67.0075,3.4424
2003-03-03,44007,Providence,3.4487,-17.7982,35.6756,5.6995
2003-03-04,44007,Providence,1.2987,-18.5038,56.8509,3.6068
2003-03-05,44007,Providence,5.3503,-4.2443,74.3146,2.9723
2003-03-06,44007,Providence,3.7874,-8.1868,61.0355,3.744
2003-03-07,44007,Providence,-0.2282,-12.8258,55.85,2.3939
2003-03-08,44007,Providence,5.5835,-6.0278,59.9138,3.0703
2003-03-09,44007,Providence,7.4852,-5.4008,52.4302,5.7482
2003-03-10,44007,Providence,-2.4417,-12.9649,32.9751,4.6467
2003-03-11,44007,Providence,1.3595,-13.755,57.2048,4.3712
2003-03-12,44007,Providence,6.1049,-3.8402,61.5534,3.8961
2003-03-13,44007,Providence,4.4884,-3.3008,60.4836,2.6856
2003-03-14,44007,Providence,0.0272,-9.9227,51.4388,4.048
2003-03-15,44007,Providence,5.4591,-4.5955,55.1339,2.7909
2003-03-16,44007,Providence,10.157,-3.0462,57.0062,2.314
2003-03-17,44007,Providence,19.3276,1.7166,54.3795,1.6154
2003-03-18,44007,Providence,13.935,1.3816,51.726,3.446
2003-03-19,44007,Providence,5.0062,-4.1414,43.9314,3.5627
2003-03-20,44007,Providence,8.1084,-4.3027,61.5611,3.2106
2003-03-21,44007,Providence,20.6535,4.4594,58.7577,3.7268
2003-03-22,44007,Providence,20.7834,7.311,49.9827,2.3699
2003-03-23,44007,Providence,13.7586,4.1197,43.4094,3.3277
2003-03-24,44007,Providence,13.4433,2.7829,44.5258,1.042
2003-03-25,44007,Providence,12.8317,-0.454,52.1185,3.8612
2003-03-26,44007,Providence,17.8975,1.3939,56.1512,3.0674
2003-03-27,44007,Providence,15.8576,4.6527,39.7647,2.8012
2003-03-28,44007,Providence,16.1662,2.4969,40.7641,2.7826
2003-03-29,44007,Providence,21.2249,3.9305,63.7024,4.9647
2003-03-30,44007,Providence,15.9296,1.28,63.914,3.1772
2003-03-31,44007,Providence,3.6918,-3.2238,48.6538,5.6835
2003-04-01,44007,Providence,5.0275,-4.0288,51.4892,3.373
2003-04-02,44007,Providence,11.5263,-0.4223,58.357,1.579
2003-04-03,44007,Providence,8.7339,2.7537,64.9586,2.7729
2003-04-04,44007,Providence,4.7903,-1.5164,63.8523,5.349
2003-04-05,44007,Providence,4.5092,-1.5999,68.8589,3.1983
2003-04-06,44007,Providence,5.5558,-3.2148,46.6213,4.6401
2003-04-07,44007,Providence,3.4539,-3.6456,49.3907,4.639
2003-04-08,44007,Providence,3.8212,-1.8318,64.8355,4.5233
2003-04-09,44007,Providence,5.106,-0.8705,62.8724,3.9518
2003-04-10,44007,Providence,11.0807,-1.1291,48.0473,3.4052
2003-04-11,44007,Providence,9.2564,0.1043,65.8797,5.3998
2003-04-12,44007,Providence,14.356,3.7905,56.1495,4.2709
2003-04-13,44007,Providence,12.5044,3.0494,45.1901,2.6326
2003-04-14,44007,Providence,13.3522,0.9023,38.0634,3.2816
2003-04-15,44007,Providence,21.6519,4.5206,50.8368,6.4048
2003-04-16,44007,Providence,27.1688,6.5969,40.2015,5.2256
2003-04-17,44007,Providence,7.5708,-1.7699,33.1414,5.6676
2003-04-18,44007,Providence,9.9236,-1.4016,51.8878,3.8385
2003-04-19,44007,Providence,15.354,0.1294,51.0414,3.6097
2003-04-20,44007,Providence,18.3223,1.4051,43.4152,2.7832
2003-04-21,44007,Providence,18.5908,3.7207,43.0438,2.2661
2003-04-22,44007,Providence,12.5727,6.4319,66.4236,1.7306
2003-04-23,44007,Providence,12.369,3.8819,61.9914,3.9575
2003-04-24,44007,Providence,10.3036,1.9206,47.8913,4.7423
2003-04-25,44007,Providence,15.4842,-0.0232,43.7383,2.7173
2003-04-26,44007,Providence,12.4638,5.163,73.1842,4.4681
2003-04-27,44007,Providence,19.6281,6.1455,50.6461,3.1728
2003-04-28,44007,Providence,22.5866,6.2153,44.6546,4.1092
2003-04-29,44007,Providence,24.9391,7.5394,43.3521,3.6069
2003-04-30,44007,Providence,16.2845,5.0271,44.2878,2.2436
2003-05-01,44007,Providence,18.4788,4.4415,67.6904,3.7617
2003-05-02,44007,Providence,22.9337,10.7913,64.6771,3.4905
2003-05-03,44007,Providence,15.3865,6.7624,49.7642,3.749
2003-05-04,44007,Providence,16.7093,3.9728,40.7137,1.6187
2003-05-05,44007,Providence,18.6221,4.9471,40.7529,1.804
2003-05-06,44007,Providence,14.5252,6.6253,72.2161,2.3055
2003-05-07,44007,Providence,23.6151,7.7221,57.7179,2.4119
2003-05-08,44007,Providence,14.9139,8.9018,71.2732,2.7083
2003-05-09,44007,Providence,19.9974,7.7833,58.4782,1.5629
2003-05-10,44007,Providence,20.6501,7.3991,52.2185,1.9581
2003-05-11,44007,Providence,16.6314,7.3711,59.9413,3.7463
2003-05-12,44007,Providence,19.1659,5.8578,59.3059,3.3328
2003-05-13,44007,Providence,15.1927,8.1066,62.6903,3.58
2003-05-14,44007,Providence,17.0731,6.8959,61.8046,2.1561
2003-05-15,44007,Providence,16.6739,8.1493,61.4519,2.8245
2003-05-16,44007,Providence,12.5654,4.3523,65.0086,4.7812
2003-05-17,44007,Providence,13.8719,1.9815,59.5731,3.5592
2003-05-18,44007,Providence,19.6679,0.6513,41.8176,1.7613
2003-05-19,44007,Providence,24.5254,5.5895,40.1617,1.3749
2003-05-20,44007,Providence,24.6558,8.4985,44.6247,2.3566
2003-05-21,44007,Providence,18.2214,8.1842,69.6524,2.1855
2003-05-22,44007,Providence,14.1335,8.8908,72.3575,3.4721
2003-05-23,44007,Providence,14.0221,8.7282,72.4603,3.4705
2003-05-24,44007,Providence,14.2397,8.412,73.743,4.4832
2003-05-25,44007,Providence,19.8587,8.839,64.8036,1.8424
2003-05-26,44007,Providence,13.2182,4.5881,78.2044,3.9284
2003-05-27,44007,Providence,17.0685,6.4335,73.7912,2.0763
2003-05-28,44007,Providence,18.8515,10.6683,66.7486,2.6022
2003-05-29,44007,Providence,21.4253,9.8916,63.3917,4.0854
2003-05-30,44007,Providence,22.9036,10.7843,59.9837,2.4691
2003-05-31,44007,Providence,23.0396,12.799,61.2833,2.2476
2003-06-01,44007,Providence,18.2978,12.0365,73.5474,5.8022
2003-06-02,44007,Providence,19.3439,8.9631,52.8393,4.14
2003-06-03,44007,Providence,20.4287,7.4799,55.743,3.3073
2003-06-04,44007,Providence,15.0151,10.3823,77.4797,2.7786
2003-06-05,44007,Providence,19.448,11.2241,76.4544,1.9377
2003-06-06,44007,Providence,23.5423,12.3549,60.0524,3.4481
2003-06-07,44007,Providence,20.3444,12.4738,70.8142,2.456
2003-06-08,44007,Providence,22.1945,12.5644,68.6648,2.363
2003-06-09,44007,Providence,22.0206,10.5219,71.4045,2.8796
2003-06-10,44007,Providence,22.9939,12.9039,59.7171,2.8072
2003-06-11,44007,Providence,24.2234,12.8171,74.9867,3.8893
2003-06-12,44007,Providence,24.3048,17.4458,71.036,1.918
2003-06-13,44007,Providence,18.7306,13.2869,78.6118,3.3311
2003-06-14,44007,Providence,24.7893,13.0747,67.2636,1.8876
2003-06-15,44007,Providence,24.0867,13.5397,62.9834,2.0954
2003-06-16,44007,Providence,18.3363,8.3068,66.8075,2.8135
2003-06-17,44007,Providence,19.1308,6.5194,69.7832,2.9224
2003-06-18,44007,Providence,19.1024,9.2395,85.4625,2.7207
2003-06-19,44007,Providence,24.3694,15.7826,73.5269,1.9326
2003-06-20,44007,Providence,21.2163,14.0413,73.9563,2.9254
2003-06-21,44007,Providence,20.4041,13.3633,70.6438,3.1562
2003-06-22,44007,Providence,17.4666,10.0519,81.0905,2.6383
2003-06-23,44007,Providence,24.6562,13.766,68.9392,1.5554
2003-06-24,44007,Providence,29.2838,15.1293,65.7242,1.4258
2003-06-25,44007,Providence,30.7274,17.5486,63.4961,2.2006
2003-06-26,44007,Providence,31.8524,20.4647,62.8433,1.6103
2003-06-27,44007,Providence,31.4088,20.474,66.5406,2.4819
2003-06-28,44007,Providence,26.8371,16.9997,59.2054,2.2443
2003-06-29,44007,Providence,26.108,15.7528,64.1644,2.6974
2003-06-30,44007,Providence,28.6673,16.3828,65.7631,3.3807
2003-07-01,44007,Providence,25.9584,13.9178,58.847,2.1233
2003-07-02,44007,Providence,27.4863,13.5666,62.3748,2.1498
2003-07-03,44007,Providence,25.8516,15.5879,72.1321,2.7195
2003-07-04,44007,Providence,29.7692,17.6806,71.7452,2.5096
2003-07-05,44007,Providence,31.4524,20.4609,68.5876,3.5047
2003-07-06,44007,Providence,30.4655,20.343,62.3083,2.6523
2003-07-07,44007,Providence,29.3165,19.4211,63.6389,1.7469
2003-07-08,44007,Providence,30.9369,18.8727,70.2759,2.6172
2003-07-09,44007,Providence,25.9836,15.4137,68.1908,2.1189
2003-07-10,44007,Providence,23.7961,14.2824,68.9477,2.8441
2003-07-11,44007,Providence,26.2369,15.0208,75.762,2.5836
2003-07-12,44007,Providence,26.5932,18.1288,67.1319,4.0934
2003-07-13,44007,Providence,26.6296,16.329,62.9314,2.7384
2003-07-14,44007,Providence,25.6232,15.7408,65.4006,1.6237
2003-07-15,44007,Providence,26.2632,15.2302,69.024,1.4436
2003-07-16,44007,Providence,25.2913,13.6364,80.686,3.1677
2003-07-17,44007,Providence,28.5062,18.4227,65.9253,2.2607
2003-07-18,44007,Providence,27.199,16.1806,69.3257,2.8436
2003-07-19,44007,Providence,27.1203,17.4785,62.6553,1.3732
2003-07-20,44007,Providence,26.9959,15.1312,59.2513,2.2185
2003-07-21,44007,Providence,26.3949,15.8038,73.3668,4.7036
2003-07-22,44007,Providence,27.0455,19.0115,75.2312,4.1409
2003-07-23,44007,Providence,26.4521,19.3945,74.6646,4.5314
2003-07-24,44007,Providence,26.4409,17.6152,75.4032,4.5144
2003-07-25,44007,Providence,27.9225,17.9828,64.107,3.2842
2003-07-26,44007,Providence,28.7702,16.4833,64.8932,3.8901
2003-07-27,44007,Providence,29.6942,18.5038,70.9115,5.1135
2003-07-28,44007,Providence,26.8323,17.7508,62.7209,3.0071
2003-07-29,44007,Providence,25.5216,15.2982,62.1495,1.4417
2003-07-30,44007,Providence,26.2848,13.8475,65.3636,1.7538
2003-07-31,44007,Providence,26.0589,13.7957,65.4228,2.2829
2003-08-01,44007,Providence,24.4511,14.624,82.4845,2.2676
2003-08-02,44007,Providence,27.7301,19.027,76.1916,3.1308
2003-08-03,44007,Providence,27.9,20.1175,74.8013,3.0812
2003-08-04,44007,Providence,25.6333,19.469,79.4671,2.5511
2003-08-05,44007,Providence,27.556,19.8114,74.0305,2.8902
2003-08-06,44007,Providence,26.5175,19.1374,74.1486,3.2603
2003-08-07,44007,Providence,27.6111,19.4193,75.5161,2.2706
2003-08-08,44007,Providence,27.1454,18.4595,78.0961,2.1084
2003-08-09,44007,Providence,27.7389,20.8205,74.9288,2.8972
2003-08-10,44007,Providence,27.2846,21.0862,75.4542,4.2779
2003-08-11,44007,Providence,28.1316,20.6191,72.9781,3.0007
2003-08-12,44007,Providence,27.3204,19.9775,74.9328,1.6765
2003-08-13,44007,Providence,29.3452,20.7221,70.0317,2.4973
2003-08-14,44007,Providence,30.9479,20.179,62.383,2.5331
2003-08-15,44007,Providence,30.3398,20.0903,62.203,1.9012
2003-08-16,44007,Providence,30.1188,19.3661,67.6751,3.424
2003-08-17,44007,Providence,25.1908,17.9689,72.2998,2.1715
2003-08-18,44007,Providence,24.162,17.0542,68.88,1.4961
2003-08-19,44007,Providence,27.8336,16.7832,67.148,2.986
2003-08-20,44007,Providence,30.2577,17.4531,63.5266,2.7155
2003-08-21,44007,Providence,30.4593,18.4531,68.2046,2.7578
2003-08-22,44007,Providence,31.7023,20.5817,71.5811,3.6149
2003-08-23,44007,Providence,26.5497,12.1635,61.2257,3.6929
2003-08-24,44007,Providence,21.2847,8.938,52.6732,3.4103
2003-08-25,44007,Providence,23.4835,12.0964,70.5021,2.5953
2003-08-26,44007,Providence,27.1931,16.6369,64.9778,1.9976
2003-08-27,44007,Providence,29.1523,17.8128,57.7146,3.5586
2003-08-28,44007,Providence,24.1092,14.7003,53.9457,2.1706
2003-08-29,44007,Providence,25.6597,13.0666,72.3349,3.5998
2003-08-30,44007,Providence,28.5908,17.5472,66.7336,2.9283
2003-08-31,44007,Providence,21.7734,11.3033,61.5266,2.0016
2003-09-01,44007,Providence,18.4134,11.7656,81.6294,1.5063
2003-09-02,44007,Providence,16.7024,12.8306,83.6202,3.9542
2003-09-03,44007,Providence,19.212,12.5585,81.5124,3.0212
2003-09-04,44007,Providence,24.826,15.2918,80.5083,2.6503
2003-09-05,44007,Providence,25.0685,15.6979,67.8109,1.9889
2003-09-06,44007,Providence,22.3396,12.9783,63.6098,2.0894
2003-09-07,44007,Providence,25.1011,11.7557,64.2408,2.4434
2003-09-08,44007,Providence,22.3049,13.6685,69.0395,2.3177
2003-09-09,44007,Providence,19.7144,7.7721,65.3677,3.3784
2003-09-10,44007,Providence,21.3535,5.9586,60.4323,1.8181
2003-09-11,44007,Providence,23.9568,11.0133,61.7157,2.8287
2003-09-12,44007,Providence,20.8241,9.7941,64.4762,3.2281
2003-09-13,44007,Providence,24.1236,10.8861,80.6238,3.2725
2003-09-14,44007,Providence,25.746,16.4147,75.6284,1.9445
2003-09-15,44007,Providence,26.0146,16.8948,76.0353,2.4767
2003-09-16,44007,Providence,25.5588,15.0489,73.0752,2.2706
2003-09-17,44007,Providence,23.2725,12.1419,59.9114,3.0825
2003-09-18,44007,Providence,22.3449,11.6169,66.5278,4.8943
2003-09-19,44007,Providence,23.5984,13.2919,85.5418,4.6346
2003-09-20,44007,Providence,27.232,17.8725,70.2755,2.3608
2003-09-21,44007,Providence,24.3814,13.6124,68.3041,1.6737
2003-09-22,44007,Providence,22.3816,12.4208,66.6512,2.0443
2003-09-23,44007,Providence,22.8003,13.6234,77.6585,4.4547
2003-09-24,44007,Providence,21.1586,10.609,61.7162,2.5944
2003-09-25,44007,Providence,23.168,10.6435,72.0972,3.3343
2003-09-26,44007,Providence,23.3369,13.9437,72.3157,2.0222
2003-09-27,44007,Providence,23.9529,13.414,76.7743,3.211
2003-09-28,44007,Providence,22.4123,14.0006,80.963,2.7428
2003-09-29,44007,Providence,20.7373,8.9936,66.6879,3.1438
2003-09-30,44007,Providence,16.6646,5.2828,60.1541,2.7835
2003-10-01,44007,Providence,15.6676,4.4832,61.6868,1.9093
2003-10-02,44007,Providence,15.4191,2.8064,57.6803,3.479
2003-10-03,44007,Providence,12.699,-0.6939,53.8477,3.0009
2003-10-04,44007,Providence,18.1506,3.2752,71.6362,5.2001
2003-10-05,44007,Providence,13.2338,2.8191,54.6831,3.9426
2003-10-06,44007,Providence,12.1462,0.8622,52.5684,2.8714
2003-10-07,44007,Providence,13.8096,0.0008,57.869,2.7767
2003-10-08,44007,Providence,20.2533,5.9604,64.377,3.714
2003-10-09,44007,Providence,23.7557,9.4843,61.2201,1.9021
2003-10-10,44007,Providence,21.6368,8.4031,64.8415,3.1619
2003-10-11,44007,Providence,20.8882,7.527,62.3719,3.5643
2003-10-12,44007,Providence,16.7003,7.5616,81.6972,3.2421
2003-10-13,44007,Providence,18.9007,7.4891,56.3911,3.3068
2003-10-14,44007,Providence,17.9875,6.3256,61.7338,3.2884
2003-10-15,44007,Providence,17.9338,6.1254,67.5983,8.1867
2003-10-16,44007,Providence,14.599,4.1034,52.8082,4.8635
2003-10-17,44007,Providence,13.217,4.7903,54.4546,1.9083
2003-10-18,44007,Providence,11.202,3.7494,60.0535,2.2056
2003-10-19,44007,Providence,9.1183,2.528,65.1426,1.9043
2003-10-20,44007,Providence,11.4214,0.1087,60.5017,2.9367
2003-10-21,44007,Providence,19.1783,4.8114,73.0502,5.2208
2003-10-22,44007,Providence,11.5295,0.9916,67.7118,3.6207
2003-10-23,44007,Providence,4.8148,-0.8909,61.0113,4.72
2003-10-24,44007,Providence,6.9261,-1.6496,53.977,4.033
2003-10-25,44007,Providence,11.3359,-2.3843,65.1949,3.2912
2003-10-26,44007,Providence,17.5431,7.6199,83.7212,5.5899
2003-10-27,44007,Providence,19.5529,12.1703,75.3362,6.2846
2003-10-28,44007,Providence,15.4201,7.3183,63.6755,2.2062
2003-10-29,44007,Providence,19.6481,7.7119,77.4269,6.0143
2003-10-30,44007,Providence,12.8042,4.0418,57.4727,3.6605
2003-10-31,44007,Providence,16.883,4.6048,62.4217,3.2826
2003-11-01,44007,Providence,22.0345,9.0622,57.9787,3.5285
2003-11-02,44007,Providence,17.5789,11.304,56.233,1.4639
2003-11-03,44007,Providence,21.4106,10.6663,59.0342,2.033
2003-11-04,44007,Providence,13.5059,4.8902,63.0803,4.3047
2003-11-05,44007,Providence,17.3505,4.9553,72.7496,2.8644
2003-11-06,44007,Providence,18.3332,9.1478,60.8052,1.4268
2003-11-07,44007,Providence,14.3802,4.5237,54.5183,2.4418
2003-11-08,44007,Providence,6.5779,-4.75,35.9842,4.7508
2003-11-09,44007,Providence,2.6582,-5.4618,36.3584,3.2009
2003-11-10,44007,Providence,6.5572,-4.7453,40.8008,2.6306
2003-11-11,44007,Providence,9.4147,-3.1842,60.6005,2.8303
2003-11-12,44007,Providence,13.8116,6.2011,67.4419,2.0696
2003-11-13,44007,Providence,13.5401,0.8071,51.9291,8.5594
2003-11-14,44007,Providence,2.3655,-2.8632,41.6462,8.6845
2003-11-15,44007,Providence,3.6002,-4.2141,39.2402,5.5588
2003-11-16,44007,Providence,4.7793,-3.9492,52.0013,2.4358
2003-11-17,44007,Providence,5.9759,0.496,63.6218,1.5132
2003-11-18,44007,Providence,11.2625,1.9418,58.4638,1.682
2003-11-19,44007,Providence,15.3073,3.5885,73.5864,5.5604
2003-11-20,44007,Providence,14.337,3.6664,68.0142,5.1647
2003-11-21,44007,Providence,11.7083,2.3959,56.6736,3.4228
2003-11-22,44007,Providence,12.3957,1.1659,49.883,2.9524
2003-11-23,44007,Providence,10.0241,-1.1699,51.0476,2.1276
2003-11-24,44007,Providence,10.9044,-0.02,59.7472,1.8944
2003-11-25,44007,Providence,8.3542,-1.3748,56.6568,2.8365
2003-11-26,44007,Providence,7.9779,-1.4048,54.1048,2.5872
2003-11-27,44007,Providence,10.9494,1.9266,53.69,1.5325
2003-11-28,44007,Providence,14.5264,4.5912,74.8161,4.2659
2003-11-29,44007,Providence,14.4435,0.1506,45.6992,8.8788
2003-11-30,44007,Providence,8.3337,-0.031,47.0313,5.0334
2003-12-01,44007,Providence,10.0757,-1.2063,45.6432,5.7662
2003-12-02,44007,Providence,2.5831,-8.0903,32.4285,6.8705
2003-12-03,44007,Providence,-1.4929,-9.226,39.8633,5.3487
2003-12-04,44007,Providence,1.7239,-8.4118,60.0153,3.5604
2003-12-05,44007,Providence,0.126,-5.8222,58.4541,4.7092
2003-12-06,44007,Providence,3.5449,-3.0285,65.246,9.1089
2003-12-07,44007,Providence,1.5747,-5.4106,59.9217,7.5397
2003-12-08,44007,Providence,0.9445,-9.7148,56.3655,4.0281
2003-12-09,44007,Providence,1.122,-9.9505,63.8844,1.2923
2003-12-10,44007,Providence,4.4017,-3.8425,69.5129,2.7206
2003-12-11,44007,Providence,10.5471,1.6958,65.817,6.3599
2003-12-12,44007,Providence,6.1196,-2.4777,48.6056,5.1643
2003-12-13,44007,Providence,0.8623,-6.9794,48.0404,3.9576
2003-12-14,44007,Providence,4.2828,-7.9534,60.0661,5.8438
2003-12-15,44007,Providence,5.128,-4.5765,59.995,6.2764
2003-12-16,44007,Providence,3.4482,-5.4406,61.2834,3.4015
2003-12-17,44007,Providence,10.2556,-0.939,70.8061,4.8431
2003-12-18,44007,Providence,6.3878,-2.2501,50.4673,6.704
2003-12-19,44007,Providence,1.8584,-5.3932,61.3802,2.4418
2003-12-20,44007,Providence,2.6472,-3.2952,56.7505,2.386
2003-12-21,44007,Providence,2.1685,-5.9964,59.9753,4.6369
2003-12-22,44007,Providence,5.7377,-1.8195,57.9611,4.0636
2003-12-23,44007,Providence,9.4491,0.5238,60.1255,3.2084
2003-12-24,44007,Providence,15.6759,3.5779,69.184,4.4868
2003-12-25,44007,Providence,11.7372,0.8697,63.933,3.9154
2003-12-26,44007,Providence,5.1235,-1.4591,50.8526,5.9665
2003-12-27,44007,Providence,7.3438,-2.006,43.0564,3.3577
2003-12-28,44007,Providence,8.3717,-2.2078,37.836,2.3668
2003-12-29,44007,Providence,10.0971,-1.159,46.2319,3.6761
2003-12-30,44007,Providence,11.9766,-0.0974,55.8249,5.7471
2003-12-31,44007,Providence,5.7116,0.208,50.8423,4.5537
2004-01-01,44007,Providence,4.6353,-2.3475,42.5095,4.1114
2004-01-02,44007,Providence,4.1601,-2.7761,56.1055,1.6096
2004-01-03,44007,Providence,7.0499,0.2,58.5918,2.5649
2004-01-04,44007,Providence,10.2516,1.43,54.8527,2.5855
2004-01-05,44007,Providence,3.567,-1.2223,58.2666,3.0001
2004-01-06,44007,Providence,2.1007,-6.4403,48.0521,4.9559
2004-01-07,44007,Providence,-4.3084,-9.1765,32.1969,6.5627
2004-01-08,44007,Providence,-6.4035,-11.5827,41.5407,5.3265
2004-01-09,44007,Providence,-9.4872,-18.6178,40.5581,5.1197
2004-01-10,44007,Providence,-11.9408,-19.693,44.0906,4.4257
2004-01-11,44007,Providence,-4.8709,-18.0716,42.2055,3.7723
2004-01-12,44007,Providence,0.0607,-7.0706,63.0596,3.4123
2004-01-13,44007,Providence,1.8229,-12.9722,55.6628,5.627
2004-01-14,44007,Providence,-12.0688,-20.6492,39.6934,4.5549
2004-01-15,44007,Providence,-13.9691,-21.8086,47.8465,5.8567
2004-01-16,44007,Providence,-11.695,-22.691,46.571,7.4935
2004-01-17,44007,Providence,-1.2151,-15.4679,44.3247,4.935
2004-01-18,44007,Providence,1.6503,-7.4062,61.4423,3.0412
2004-01-19,44007,Providence,-1.7239,-10.5655,44.9987,6.0961
2004-01-20,44007,Providence,-4.9767,-12.5312,46.7357,5.6998
2004-01-21,44007,Providence,-4.6401,-14.2252,49.1078,3.3694
2004-01-22,44007,Providence,1.0826,-11.8319,52.7594,4.9473
2004-01-23,44007,Providence,-4.9672,-14.0243,32.668,5.7795
2004-01-24,44007,Providence,-9.3244,-16.4814,41.7895,5.2887
2004-01-25,44007,Providence,-11.0516,-19.4557,39.3007,4.1275
2004-01-26,44007,Providence,-9.3475,-17.3148,46.1293,3.179
2004-01-27,44007,Providence,-5.7677,-12.1694,47.4231,2.8434
2004-01-28,44007,Providence,-1.6321,-8.4253,55.4811,3.7454
2004-01-29,44007,Providence,-4.0033,-11.8764,47.1867,6.3078
2004-01-30,44007,Providence,-6.0298,-13.2258,49.8484,4.9113
2004-01-31,44007,Providence,-3.3287,-10.6408,41.0331,4.6434
2004-02-01,44007,Providence,0.9729,-12.6408,49.469,3.742
2004-02-02,44007,Providence,3.1472,-8.7613,52.0349,1.6828
2004-02-03,44007,Providence,5.4568,-6.8753,58.8731,3.5925
2004-02-04,44007,Providence,6.2374,-3.6311,49.9222,5.1326
2004-02-05,44007,Providence,2.959,-6.0323,41.5758,3.639
2004-02-06,44007,Providence,5.2183,-3.4329,56.705,2.2397
2004-02-07,44007,Providence,5.8344,-2.581,56.4631,3.367
2004-02-08,44007,Providence,0.5813,-9.9701,35.6335,6.0929
2004-02-09,44007,Providence,4.7904,-8.5392,52.5532,5.3875
2004-02-10,44007,Providence,7.0208,-1.0386,48.1539,3.4295
2004-02-11,44007,Providence,3.9242,-5.4232,40.8469,4.9231
2004-02-12,44007,Providence,2.4247,-7.4027,50.9766,3.0071
2004-02-13,44007,Providence,4.6515,-2.8731,50.5352,4.3033
2004-02-14,44007,Providence,5.082,-3.9619,48.2932,4.0887
2004-02-15,44007,Providence,1.5772,-10.6972,30.8575,3.935
2004-02-16,44007,Providence,-1.2644,-12.6353,38.6269,3.0508
2004-02-17,44007,Providence,0.5365,-10.9769,53.1605,2.1346
2004-02-18,44007,Providence,2.7788,-4.7473,53.8163,4.9206
2004-02-19,44007,Providence,3.5005,-6.9742,48.4399,4.6137
2004-02-20,44007,Providence,4.3638,-6.8927,53.4311,2.043
2004-02-21,44007,Providence,5.7336,-1.3068,60.4225,2.7452
2004-02-22,44007,Providence,6.0825,-2.1923,49.5926,5.0168
2004-02-23,44007,Providence,5.4999,-3.84,44.1248,3.4103
2004-02-24,44007,Providence,4.1714,-4.3979,43.6098,2.2056
2004-02-25,44007,Providence,4.0709,-6.3364,38.4777,4.482
2004-02-26,44007,Providence,4.838,-6.4547,35.8297,3.4765
2004-02-27,44007,Providence,5.1941,-6.6303,33.8633,3.4882
2004-02-28,44007,Providence,7.7015,-5.7272,38.048,2.924
2004-02-29,44007,Providence,9.464,-1.7679,38.5871,2.8763
2004-03-01,44007,Providence,11.5681,-1.0276,49.5157,2.0422
2004-03-02,44007,Providence,14.8702,0.85,62.5875,4.339
2004-03-03,44007,Providence,11.1848,0.7612,52.085,4.0666
2004-03-04,44007,Providence,8.6126,-0.2728,66.4098,2.0721
2004-03-05,44007,Providence,8.277,0.6803,76.6911,3.2896
2004-03-06,44007,Providence,16.6829,4.6758,66.6994,4.7801
2004-03-07,44007,Providence,7.3481,-1.5585,52.2608,3.1339
2004-03-08,44007,Providence,3.6918,-2.505,64.8879,4.1034
2004-03-09,44007,Providence,2.6186,-2.636,67.6758,1.4392
2004-03-10,44007,Providence,5.6875,-2.7644,57.5359,4.3239
2004-03-11,44007,Providence,8.5109,-2.7861,48.254,5.2875
2004-03-12,44007,Providence,9.3905,-2.0766,47.3592,5.7256
2004-03-13,44007,Providence,2.5528,-4.6141,46.8248,5.3979
2004-03-14,44007,Providence,4.6651,-5.8009,46.577,3.5244
2004-03-15,44007,Providence,9.4496,-0.237,48.8688,4.9552
2004-03-16,44007,Providence,4.5143,-4.8606,51.3407,5.3766
2004-03-17,44007,Providence,-1.1685,-5.6781,73.3735,4.8945
2004-03-18,44007,Providence,0.5301,-5.8719,71.5655,1.8351
2004-03-19,44007,Providence,1.277,-3.7121,71.4488,3.736
2004-03-20,44007,Providence,3.6923,-3.5628,67.5864,3.6933
2004-03-21,44007,Providence,9.0481,-1.1451,55.7167,4.7293
2004-03-22,44007,Providence,0.6909,-6.6551,38.156,5.1088
2004-03-23,44007,Providence,3.1571,-7.1458,41.5577,4.571
2004-03-24,44007,Providence,9.4,-1.7037,51.0192,2.456
2004-03-25,44007,Providence,9.966,0.2533,71.5913,3.3271
2004-03-26,44007,Providence,17.5475,4.3377,60.9656,3.1976
2004-03-27,44007,Providence,19.1984,6.6257,59.9725,3.6438
2004-03-28,44007,Providence,9.4224,-0.6851,63.4246,6.1123
2004-03-29,44007,Providence,8.5225,-2.8046,56.3678,3.4589
2004-03-30,44007,Providence,10.188,-3.4105,61.6713,2.3971
2004-03-31,44007,Providence,10.1772,1.7835,73.0992,3.6009
2004-04-01,44007,Providence,11.098,4.4317,65.9098,5.0183
2004-04-02,44007,Providence,12.671,2.0425,59.3411,3.7109
2004-04-03,44007,Providence,12.7421,0.1224,61.4098,2.1557
2004-04-04,44007,Providence,10.8884,4.6212,61.1794,2.69
2004-04-05,44007,Providence,6.3483,-1.4421,42.0431,6.6485
2004-04-06,44007,Providence,8.6542,-2.4592,33.9152,5.0608
2004-04-07,44007,Providence,11.4688,-0.176,42.0754,2.7104
2004-04-08,44007,Providence,13.7265,0.763,45.3555,2.421
2004-04-09,44007,Providence,14.1123,2.9039,42.1601,3.0105
2004-04-10,44007,Providence,11.1959,-0.0487,41.5188,3.368
2004-04-11,44007,Providence,13.3658,3.7039,43.7122,1.3881
2004-04-12,44007,Providence,11.1384,3.589,51.9772,4.8163
2004-04-13,44007,Providence,15.7125,3.5305,66.2851,5.0683
2004-04-14,44007,Providence,17.1121,10.2085,67.4173,2.8302
2004-04-15,44007,Providence,11.857,2.6662,51.518,5.0843
2004-04-16,44007,Providence,13.5651,-0.3007,34.1478,3.3308
2004-04-17,44007,Providence,20.1264,1.6268,45.4487,3.6697
2004-04-18,44007,Providence,22.5672,7.6565,44.7537,2.4716
2004-04-19,44007,Providence,25.9841,6.0717,49.3145,5.2474
2004-04-20,44007,Providence,19.5909,7.7834,45.265,3.2155
2004-04-21,44007,Providence,14.377,4.1828,48.6102,3.227
2004-04-22,44007,Providence,23.7929,6.2797,57.081,2.9893
2004-04-23,44007,Providence,16.1081,5.1525,57.9056,3.5739
2004-04-24,44007,Providence,17.8434,4.8246,40.8513,3.6728
2004-04-25,44007,Providence,12.0678,0.3148,39.7282,3.0544
2004-04-26,44007,Providence,16.718,4.1076,72.0372,2.9025
2004-04-27,44007,Providence,20.089,9.3256,50.6013,2.6345
2004-04-28,44007,Providence,12.6817,3.3791,44.6492,4.2769
2004-04-29,44007,Providence,19.6778,2.4967,49.7334,5.3904
2004-04-30,44007,Providence,22.0068,7.9162,58.3396,4.6185
2004-05-01,44007,Providence,22.8574,9.3097,63.6577,4.4047
2004-05-02,44007,Providence,20.6426,11.5825,69.2655,4.4483
2004-05-03,44007,Providence,17.9487,8.1982,77.1528,3.1488
2004-05-04,44007,Providence,11.6852,3.2272,53.1462,4.8565
2004-05-05,44007,Providence,15.2898,0.8901,58.3431,3.189
2004-05-06,44007,Providence,17.9855,5.9775,57.5573,2.3538
2004-05-07,44007,Providence,24.7811,8.4025,46.8356,4.2243
2004-05-08,44007,Providence,12.6737,2.8042,48.275,3.0149
2004-05-09,44007,Providence,13.6031,5.6554,69.21,2.8187
2004-05-10,44007,Providence,20.3044,8.225,64.8872,2.73
2004-05-11,44007,Providence,27.3238,11.9758,57.2306,3.2519
2004-05-12,44007,Providence,28.413,15.8604,51.3496,2.4708
2004-05-13,44007,Providence,23.3835,9.0513,65.3386,3.0607
2004-05-14,44007,Providence,23.4072,6.4717,67.9736,2.6783
2004-05-15,44007,Providence,27.7394,14.6904,63.1001,3.993
2004-05-16,44007,Providence,22.171,12.7845,65.7261,2.3845
2004-05-17,44007,Providence,22.4323,10.1716,61.8021,2.6799
2004-05-18,44007,Providence,24.2236,11.9586,67.9497,5.2882
2004-05-19,44007,Providence,23.2917,13.8065,55.2459,1.6826
2004-05-20,44007,Providence,21.5644,8.479,52.1025,2.1983
2004-05-21,44007,Providence,25.2418,9.0951,63.2912,1.9814
2004-05-22,44007,Providence,22.0551,12.6465,68.0855,1.6944
2004-05-23,44007,Providence,26.6414,10.8808,62.2094,2.6318
2004-05-24,44007,Providence,22.8247,11.5443,67.9638,2.3425
2004-05-25,44007,Providence,21.5767,8.8329,64.3733,2.4788
2004-05-26,44007,Providence,17.8915,7.5745,70.6923,1.8501
2004-05-27,44007,Providence,22.5677,11.2165,64.0135,1.4649
2004-05-28,44007,Providence,20.6165,10.6715,71.2141,3.0156
2004-05-29,44007,Providence,13.8117,5.332,54.7218,4.463
2004-05-30,44007,Providence,18.2392,3.3234,49.7156,3.228
2004-05-31,44007,Providence,20.6795,7.7355,48.702,2.6595
2004-06-01,44007,Providence,15.7677,9.549,69.4423,2.7806
2004-06-02,44007,Providence,23.939,9.0319,64.5866,2.6129
2004-06-03,44007,Providence,21.7636,12.4194,56.909,2.6535
2004-06-04,44007,Providence,21.1728,7.4853,53.3782,1.8931
2004-06-05,44007,Providence,21.2136,9.4346,55.9785,2.8039
2004-06-06,44007,Providence,14.0495,8.4027,74.735,3.6304
2004-06-07,44007,Providence,24.7039,9.5199,63.3152,2.1551
2004-06-08,44007,Providence,29.2507,14.177,59.5423,3.5791
2004-06-09,44007,Providence,32.0014,16.8271,63.8153,4.021
2004-06-10,44007,Providence,25.2845,12.8371,65.6293,2.296
2004-06-11,44007,Providence,20.802,8.9397,47.4164,2.4277
2004-06-12,44007,Providence,20.6481,6.6675,49.8603,2.1552
2004-06-13,44007,Providence,22.6417,8.1071,59.238,4.211
2004-06-14,44007,Providence,22.0598,12.626,74.7357,4.4704
2004-06-15,44007,Providence,29.3832,16.5932,68.2816,3.8631
2004-06-16,44007,Providence,28.6208,19.0373,55.6504,2.1077
2004-06-17,44007,Providence,27.5702,18.2154,66.0671,1.2196
2004-06-18,44007,Providence,25.1613,17.8058,71.6781,1.3606
2004-06-19,44007,Providence,26.842,14.729,59.7342,3.0171
2004-06-20,44007,Providence,20.4873,10.4605,50.5915,3.4317
2004-06-21,44007,Providence,23.7071,8.4824,57.1994,3.7936
2004-06-22,44007,Providence,24.7588,13.0416,73.8926,4.0618
2004-06-23,44007,Providence,26.1416,17.0114,52.502,2.4489
2004-06-24,44007,Providence,26.0969,14.6446,56.1678,2.4161
2004-06-25,44007,Providence,26.7771,13.5003,68.1219,2.8979
2004-06-26,44007,Providence,25.5005,14.0251,63.7798,2.1165
2004-06-27,44007,Providence,23.5333,9.431,55.6471,3.8807
2004-06-28,44007,Providence,24.4991,11.6329,57.2244,2.7191
2004-06-29,44007,Providence,25.8469,14.7797,57.8014,2.0126
2004-06-30,44007,Providence,25.1621,13.6128,58.8674,3.1155
2004-07-01,44007,Providence,26.444,14.1561,69.4536,3.2643
2004-07-02,44007,Providence,26.6486,16.322,74.2491,2.8387
2004-07-03,44007,Providence,25.9158,16.2843,63.3359,1.9356
2004-07-04,44007,Providence,27.0803,15.3665,65.4893,2.1561
2004-07-05,44007,Providence,23.7672,14.6,86.0663,2.7957
2004-07-06,44007,Providence,25.9173,17.9365,74.086,2.3352
2004-07-07,44007,Providence,26.1104,16.6706,68.4877,1.7467
2004-07-08,44007,Providence,25.3713,15.9507,80.162,2.1664
2004-07-09,44007,Providence,24.8403,15.7916,66.6423,3.445
2004-07-10,44007,Providence,25.7689,13.6213,69.0933,2.4022
2004-07-11,44007,Providence,25.8116,14.6439,65.2423,1.7025
2004-07-12,44007,Providence,25.2814,13.5184,65.3174,2.734
2004-07-13,44007,Providence,19.1343,15.3146,86.834,3.7638
2004-07-14,44007,Providence,21.9221,15.8703,83.751,2.0477
2004-07-15,44007,Providence,25.6461,16.9182,73.4338,3.3632
2004-07-16,44007,Providence,24.5268,17.4152,69.8705,4.1258
2004-07-17,44007,Providence,27.7165,16.5562,68.9319,2.745
2004-07-18,44007,Providence,27.5176,18.8957,68.5052,2.4957
2004-07-19,44007,Providence,25.8902,16.6084,77.7387,1.4394
2004-07-20,44007,Providence,28.0786,19.1161,68.9698,2.7846
2004-07-21,44007,Providence,28.9023,18.5487,60.7396,1.471
2004-07-22,44007,Providence,28.9097,17.1309,63.0848,2.4259
2004-07-23,44007,Providence,29.6267,16.8633,67.9804,3.4103
2004-07-24,44007,Providence,24.8729,16.1738,77.6384,2.8777
2004-07-25,44007,Providence,22.2392,14.7678,70.2621,3.1444
2004-07-26,44007,Providence,24.0753,13.9588,62.0128,2.3809
2004-07-27,44007,Providence,22.7471,14.7966,71.3486,2.3608
2004-07-28,44007,Providence,24.7734,17.2427,76.6825,1.0188
2004-07-29,44007,Providence,28.3844,18.0455,67.0859,1.9084
2004-07-30,44007,Providence,29.6759,17.4406,68.8745,3.4641
2004-07-31,44007,Providence,29.9674,20.8628,71.9506,5.4121
2004-08-01,44007,Providence,27.0392,20.8779,79.7624,3.8911
2004-08-02,44007,Providence,30.3313,20.4914,68.5688,1.9409
2004-08-03,44007,Providence,30.8149,19.4767,67.7713,2.9612
2004-08-04,44007,Providence,29.5233,19.138,66.5911,1.6378
2004-08-05,44007,Providence,21.1675,15.6149,82.2513,2.2361
2004-08-06,44007,Providence,21.5484,13.532,67.3041,2.3693
2004-08-07,44007,Providence,21.1423,12.094,62.5984,2.61
2004-08-08,44007,Providence,23.4487,10.6347,64.1207,3.4018
2004-08-09,44007,Providence,25.928,14.106,59.0206,2.9584
2004-08-10,44007,Providence,26.866,14.4558,69.0411,3.6949
2004-08-11,44007,Providence,26.7233,17.7526,74.0228,4.4711
2004-08-12,44007,Providence,26.9374,17.9884,75.5647,3.5489
2004-08-13,44007,Providence,26.2138,17.8897,80.6079,3.316
2004-08-14,44007,Providence,27.9324,18.746,70.8016,2.2613
2004-08-15,44007,Providence,21.9717,16.2544,84.4191,1.3626
2004-08-16,44007,Providence,21.0113,15.4866,86.3654,1.1927
2004-08-17,44007,Providence,24.2534,14.7725,74.6822,1.7621
2004-08-18,44007,Providence,25.4874,14.7089,77.3778,3.0259
2004-08-19,44007,Providence,27.1732,17.4307,82.0395,4.3249
2004-08-20,44007,Providence,29.9055,19.6876,77.3719,3.3266
2004-08-21,44007,Providence,26.1253,16.8249,85.2133,4.5517
2004-08-22,44007,Providence,21.7587,12.9416,67.2844,1.9362
2004-08-23,44007,Providence,25.0285,11.3439,74.0036,2.7659
2004-08-24,44007,Providence,22.5271,12.8849,67.0917,2.3976
2004-08-25,44007,Providence,22.3991,11.6446,62.7013,1.7053
2004-08-26,44007,Providence,22.9273,10.7022,71.6129,2.3119
2004-08-27,44007,Providence,27.5165,12.9635,81.1035,4.1004
2004-08-28,44007,Providence,29.1864,19.8534,79.8519,3.7853
2004-08-29,44007,Providence,28.703,20.4501,78.6121,3.3747
2004-08-30,44007,Providence,29.1128,19.4209,77.6082,3.0178
2004-08-31,44007,Providence,27.6919,17.603,77.085,2.0423
2004-09-01,44007,Providence,24.5893,14.119,65.411,2.5061
2004-09-02,44007,Providence,22.4001,11.9303,65.2906,1.8911
2004-09-03,44007,Providence,24.7725,13.6949,68.3422,3.0601
2004-09-04,44007,Providence,28.0012,15.3141,66.475,2.8768
2004-09-05,44007,Providence,19.7462,9.1428,71.6644,3.6631
2004-09-06,44007,Providence,22.3489,7.8536,67.8305,2.4468
2004-09-07,44007,Providence,26.742,12.001,78.7868,2.4241
2004-09-08,44007,Providence,23.768,18.266,83.4189,2.537
2004-09-09,44007,Providence,24.4645,17.9305,86.9987,5.1117
2004-09-10,44007,Providence,23.7773,14.2396,73.7007,4.0873
2004-09-11,44007,Providence,21.3147,11.2901,66.0003,2.2868
2004-09-12,44007,Providence,22.9271,10.0564,68.6298,1.5797
2004-09-13,44007,Providence,25.3704,13.0497,67.2308,2.288
2004-09-14,44007,Providence,19.6793,8.6343,66.9009,2.4036
2004-09-15,44007,Providence,21.5543,8.0248,77.6726,1.6658
2004-09-16,44007,Providence,22.5913,15.192,80.1014,1.4247
2004-09-17,44007,Providence,26.6306,15.3437,78.1328,2.4141
2004-09-18,44007,Providence,21.4377,10.6345,84.5426,3.9628
2004-09-19,44007,Providence,14.389,7.0455,68.8974,5.0463
2004-09-20,44007,Providence,18.6704,6.7231,64.1321,2.9723
2004-09-21,44007,Providence,21.4239,11.2517,63.446,1.8927
2004-09-22,44007,Providence,25.0088,13.2561,63.9724,2.7643
2004-09-23,44007,Providence,23.8365,13.2044,64.3473,2.4329
2004-09-24,44007,Providence,21.6527,11.1641,66.5292,1.3553
2004-09-25,44007,Providence,23.0135,10.2299,77.1064,4.0324
2004-09-26,44007,Providence,23.1414,14.0178,63.3086,1.768
2004-09-27,44007,Providence,22.4942,12.0114,67.1814,1.9
2004-09-28,44007,Providence,21.5271,12.0202,94.1525,2.3951
2004-09-29,44007,Providence,18.2967,8.345,79.6536,5.7084
2004-09-30,44007,Providence,18.3945,6.9148,75.9539,2.0366
2004-10-01,44007,Providence,20.0213,9.5403,65.2951,1.3316
2004-10-02,44007,Providence,20.0391,9.6234,73.8637,2.767
2004-10-03,44007,Providence,18.1937,8.6974,65.7328,1.9287
2004-10-04,44007,Providence,18.8539,6.916,68.6255,2.4533
2004-10-05,44007,Providence,13.5393,2.078,56.9592,3.1662
2004-10-06,44007,Providence,14.0925,0.2361,58.9033,2.5427
2004-10-07,44007,Providence,20.2757,4.7449,57.7369,1.9832
2004-10-08,44007,Providence,21.7934,8.2683,62.7176,2.63
2004-10-09,44007,Providence,21.97,9.1318,69.5041,3.495
2004-10-10,44007,Providence,19.4114,9.0215,64.352,2.9187
2004-10-11,44007,Providence,15.0794,7.6123,63.6617,4.6813
2004-10-12,44007,Providence,15.4039,5.1779,61.0654,4.6939
2004-10-13,44007,Providence,18.4765,3.5322,53.8543,1.8761
2004-10-14,44007,Providence,16.2627,7.5542,79.3651,3.1257
2004-10-15,44007,Providence,18.0375,10.7784,81.6504,2.4601
2004-10-16,44007,Providence,16.2747,8.916,70.676,4.9395
2004-10-17,44007,Providence,11.5976,4.5221,61.089,5.2938
2004-10-18,44007,Providence,12.4123,3.5008,63.2069,2.8925
2004-10-19,44007,Providence,9.5076,5.7749,79.7573,4.5632
2004-10-20,44007,Providence,11.6474,4.9068,69.3446,5.0787
2004-10-21,44007,Providence,12.5847,4.3578,68.535,4.3634
2004-10-22,44007,Providence,9.9441,4.8772,76.9354,4.938
2004-10-23,44007,Providence,11.99,4.6543,66.633,4.8902
2004-10-24,44007,Providence,12.1993,5.0377,72.7484,4.0282
2004-10-25,44007,Providence,12.8721,5.4917,69.098,2.7589
2004-10-26,44007,Providence,13.4565,4.0937,62.5193,2.9142
2004-10-27,44007,Providence,13.0621,2.3157,68.5787,2.9011
2004-10-28,44007,Providence,10.0414,1.6517,55.2432,2.3954
2004-10-29,44007,Providence,12.0863,0.2348,74.1743,2.4875
2004-10-30,44007,Providence,15.6514,7.4486,84.7752,3.7165
2004-10-31,44007,Providence,21.4029,10.394,60.1494,5.0923
2004-11-01,44007,Providence,13.706,3.2969,57.526,4.3475
2004-11-02,44007,Providence,11.8589,2.8825,68.2596,3.0752
2004-11-03,44007,Providence,13.3998,-1.4042,60.5978,5.0938
2004-11-04,44007,Providence,10.4532,-4.0114,68.4453,2.8272
2004-11-05,44007,Providence,10.8744,1.8898,57.8542,7.5662
2004-11-06,44007,Providence,11.9903,1.5056,58.7723,5.5345
2004-11-07,44007,Providence,16.1166,2.3643,59.4893,4.076
2004-11-08,44007,Providence,10.6372,-2.1154,48.859,3.7538
2004-11-09,44007,Providence,4.1973,-5.1337,42.4077,3.4817
2004-11-10,44007,Providence,3.2798,-5.6283,49.7812,2.4183
2004-11-11,44007,Providence,12.0034,-1.5421,65.2959,4.3398
2004-11-12,44007,Providence,6.8066,-0.6396,69.3229,4.6648
2004-11-13,44007,Providence,3.4877,-5.5863,66.5892,5.7632
2004-11-14,44007,Providence,3.3275,-7.1353,60.9484,4.3835
2004-11-15,44007,Providence,8.386,-3.474,54.0118,2.8007
2004-11-16,44007,Providence,9.3608,-2.422,55.8023,1.8668
2004-11-17,44007,Providence,9.5127,-1.6617,64.1372,1.792
2004-11-18,44007,Providence,14.0844,2.1962,60.2901,2.3923
2004-11-19,44007,Providence,16.2985,3.5049,57.5389,2.4465
2004-11-20,44007,Providence,8.4227,-0.8101,64.2842,1.7975
2004-11-21,44007,Providence,10.3362,2.5536,77.04,1.922
2004-11-22,44007,Providence,12.1943,4.8842,65.1325,1.918
2004-11-23,44007,Providence,11.4708,1.1065,61.9316,1.874
2004-11-24,44007,Providence,13.9729,1.3266,79.2824,3.9815
2004-11-25,44007,Providence,17.637,1.5363,77.7723,6.2027
2004-11-26,44007,Providence,4.5742,-3.7991,46.9472,4.2155
2004-11-27,44007,Providence,8.7089,-2.1355,60.464,3.1116
2004-11-28,44007,Providence,14.153,3.6098,76.0656,6.1701
2004-11-29,44007,Providence,10.6698,-1.0091,53.1646,3.3129
2004-11-30,44007,Providence,7.5118,-1.2983,62.4648,1.193
2004-12-01,44007,Providence,13.0854,0.8184,66.6573,7.334
2004-12-02,44007,Providence,7.4131,-2.2096,55.4026,3.405
2004-12-03,44007,Providence,6.548,-0.901,55.8075,2.6585
2004-12-04,44007,Providence,2.6381,-3.3618,53.0094,3.3363
2004-12-05,44007,Providence,9.3228,-3.6127,52.9918,4.3989
2004-12-06,44007,Providence,2.0347,-4.7991,49.8163,3.2637
2004-12-07,44007,Providence,7.4317,-2.1658,73.5482,4.4977
2004-12-08,44007,Providence,11.7475,0.5089,63.3916,5.2847
2004-12-09,44007,Providence,6.8596,-2.3905,65.4398,2.0099
2004-12-10,44007,Providence,7.1464,1.0675,74.9124,5.3346
2004-12-11,44007,Providence,12.7489,1.8293,71.2986,2.5282
2004-12-12,44007,Providence,7.3804,-0.6395,64.2115,3.6113
2004-12-13,44007,Providence,7.3939,-0.6,63.5376,3.6582
2004-12-14,44007,Providence,2.4573,-7.4527,49.2203,4.5895
2004-12-15,44007,Providence,-3.6504,-9.2664,41.6553,3.9432
2004-12-16,44007,Providence,2.4324,-9.675,59.7857,3.9465
2004-12-17,44007,Providence,4.4539,-6.1443,55.1816,4.6727
2004-12-18,44007,Providence,2.8204,-6.5399,58.0155,2.1391
2004-12-19,44007,Providence,5.1176,-3.3009,72.9004,1.6878
2004-12-20,44007,Providence,1.6457,-16.3532,55.8758,5.4279
2004-12-21,44007,Providence,0.0238,-16.7366,68.1869,3.7633
2004-12-22,44007,Providence,4.9229,-5.5625,73.086,2.3813
2004-12-23,44007,Providence,11.8551,-0.7664,76.314,5.4905
2004-12-24,44007,Providence,10.592,-4.558,32.8823,3.7103
2004-12-25,44007,Providence,0.1559,-5.3545,39.8228,1.9541
2004-12-26,44007,Providence,2.5151,-4.6267,69.8197,5.5091
2004-12-27,44007,Providence,-1.0667,-15.2675,54.0335,6.527
2004-12-28,44007,Providence,-1.7504,-16.2851,99.2353,4.2659
2004-12-29,44007,Providence,1.4891,-4.7814,71.9098,3.7175
2004-12-30,44007,Providence,1.7258,-4.3674,64.8094,1.5292
2004-12-31,44007,Providence,4.2853,-2.9521,72.9463,3.6338
2005-01-01,44007,Providence,7.2819,-2.0617,54.0953,4.0223
2005-01-02,44007,Providence,3.4582,-3.5357,55.1738,3.4803
2005-01-03,44007,Providence,11.0789,2.0443,64.8456,2.4636
2005-01-04,44007,Providence,7.0748,0.2732,68.0705,2.1071
2005-01-05,44007,Providence,3.2823,-3.3318,59.0412,2.7014
2005-01-06,44007,Providence,2.1471,-3.8577,68.2597,3.7139
2005-01-07,44007,Providence,1.7927,-3.6742,59.7352,4.0464
2005-01-08,44007,Providence,1.51,-3.6535,65.1694,2.7858
2005-01-09,44007,Providence,0.408,-6.6994,66.5285,2.0596
2005-01-10,44007,Providence,3.0568,-4.0731,64.7494,4.0546
2005-01-11,44007,Providence,-0.1223,-5.4093,60.0339,2.3562
2005-01-12,44007,Providence,2.9095,-2.9322,69.9171,3.0853
2005-01-13,44007,Providence,8.7598,0.903,63.7965,2.7425
2005-01-14,44007,Providence,13.982,-0.3814,62.5215,5.7235
2005-01-15,44007,Providence,0.9509,-4.1771,44.1934,1.59
2005-01-16,44007,Providence,0.83,-3.805,46.2063,4.416
2005-01-17,44007,Providence,-1.2447,-10.5217,50.555,5.3325
2005-01-18,44007,Providence,-9.0451,-15.823,42.0541,5.7313
2005-01-19,44007,Providence,-1.3256,-15.9161,63.7877,2.4865
2005-01-20,44007,Providence,-1.8916,-9.5547,54.6832,4.4006
2005-01-21,44007,Providence,-8.4214,-17.4728,41.2423,5.1841
2005-01-22,44007,Providence,-2.5055,-18.0703,58.5187,4.6965
2005-01-23,44007,Providence,-1.2145,-18.5194,52.6941,9.5937
2005-01-24,44007,Providence,-6.0413,-20.7373,57.7114,4.5231
2005-01-25,44007,Providence,-4.3379,-11.5362,54.3422,3.6045
2005-01-26,44007,Providence,-0.8354,-10.0101,65.2702,4.1771
2005-01-27,44007,Providence,-6.1678,-20.1066,48.4996,5.51
2005-01-28,44007,Providence,-8.0497,-21.7134,48.7456,3.9836
2005-01-29,44007,Providence,-1.3273,-18.6914,51.4033,3.1077
2005-01-30,44007,Providence,-0.0334,-9.5602,56.0173,3.0514
2005-01-31,44007,Providence,0.4728,-12.4232,52.111,3.2542
2005-02-01,44007,Providence,1.0834,-13.7821,54.8829,1.2132
2005-02-02,44007,Providence,1.7951,-13.0905,60.033,3.0943
2005-02-03,44007,Providence,2.782,-9.3133,74.031,3.4483
2005-02-04,44007,Providence,3.6763,-4.5172,69.0628,4.1578
2005-02-05,44007,Providence,5.0782,-6.127,58.1444,3.298
2005-02-06,44007,Providence,5.9577,-4.2235,57.9562,3.0374
2005-02-07,44007,Providence,6.1395,-4.6157,51.9955,1.4373
2005-02-08,44007,Providence,7.3932,-1.8886,50.8329,2.428
2005-02-09,44007,Providence,6.9377,-0.708,62.9489,1.7873
2005-02-10,44007,Providence,8.2755,-2.3318,68.0189,3.194
2005-02-11,44007,Providence,2.6248,-6.7653,54.4895,6.4727
2005-02-12,44007,Providence,3.4196,-6.9297,63.6469,4.2945
2005-02-13,44007,Providence,2.6343,-6.1386,57.0473,3.4989
2005-02-14,44007,Providence,5.0379,-6.8876,63.2903,4.3495
2005-02-15,44007,Providence,11.1428,1.1993,55.6215,3.9194
2005-02-16,44007,Providence,13.3684,1.0417,59.1146,3.7407
2005-02-17,44007,Providence,5.4187,-2.9311,42.8479,3.1468
2005-02-18,44007,Providence,1.8696,-7.2117,32.5044,4.9568
2005-02-19,44007,Providence,-0.9728,-10.7793,29.3028,4.3474
2005-02-20,44007,Providence,0.6164,-6.6626,37.8095,3.1844
2005-02-21,44007,Providence,3.0435,-7.1511,70.8372,4.1675
2005-02-22,44007,Providence,3.4697,-2.8685,65.9604,2.5157
2005-02-23,44007,Providence,3.0696,-5.632,56.4484,4.031
2005-02-24,44007,Providence,-0.6689,-8.3104,50.7075,3.3724
2005-02-25,44007,Providence,-0.5782,-8.2689,59.0947,3.4328
2005-02-26,44007,Providence,1.7787,-9.7682,55.5808,2.8099
2005-02-27,44007,Providence,0.3903,-9.6717,50.8448,4.1506
2005-02-28,44007,Providence,1.6739,-8.3043,63.1555,5.3074
2005-03-01,44007,Providence,1.7277,-3.1796,67.1611,3.9543
2005-03-02,44007,Providence,1.5805,-6.7309,58.0407,5.3508
2005-03-03,44007,Providence,-1.343,-10.2589,50.8665,5.6951
2005-03-04,44007,Providence,0.8831,-10.3783,52.8466,4.4325
2005-03-05,44007,Providence,2.4868,-6.7676,53.9454,3.3599
2005-03-06,44007,Providence,5.3942,-4.8556,55.0937,4.5244
2005-03-07,44007,Providence,8.5916,-0.7112,56.0459,3.3194
2005-03-08,44007,Providence,7.9579,-10.3488,70.229,5.2679
2005-03-09,44007,Providence,-3.8284,-13.4515,48.2088,7.5679
2005-03-10,44007,Providence,-0.7158,-11.0526,48.7038,3.4797
2005-03-11,44007,Providence,2.7004,-7.8942,65.785,2.5182
2005-03-12,44007,Providence,3.0297,-2.7592,70.9263,3.0411
2005-03-13,44007,Providence,4.1814,-4.0357,56.4009,2.237
2005-03-14,44007,Providence,3.4878,-4.8835,50.0266,4.1836
2005-03-15,44007,Providence,3.8229,-4.4994,52.3018,5.1021
2005-03-16,44007,Providence,3.8311,-5.8324,53.0594,4.152
2005-03-17,44007,Providence,4.4148,-4.5969,48.7255,2.3447
2005-03-18,44007,Providence,5.6803,-3.888,49.3819,2.707
2005-03-19,44007,Providence,6.7877,-2.9875,41.0494,3.0442
2005-03-20,44007,Providence,9.4164,-2.6369,44.0055,1.6289
2005-03-21,44007,Providence,6.4824,-0.7997,57.6924,1.7644
2005-03-22,44007,Providence,10.8507,-3.3878,41.7337,2.7389
2005-03-23,44007,Providence,8.6517,-1.7737,42.4472,4.8867
2005-03-24,44007,Providence,5.127,-2.7995,60.3027,4.7843
2005-03-25,44007,Providence,8.8792,-3.2186,50.2224,3.0568
2005-03-26,44007,Providence,7.3745,-4.3501,42.8791,1.8478
2005-03-27,44007,Providence,9.156,-2.6028,47.8335,1.9401
2005-03-28,44007,Providence,13.5738,-1.1858,70.2329,3.5223
2005-03-29,44007,Providence,12.1452,4.1925,64.2818,4.1578
2005-03-30,44007,Providence,14.3669,1.549,44.6976,3.3347
2005-03-31,44007,Providence,13.9579,1.4169,48.0149,2.0238
2005-04-01,44007,Providence,13.9525,1.0865,55.474,1.6575
2005-04-02,44007,Providence,11.6021,1.8275,72.9571,6.3667
2005-04-03,44007,Providence,13.2543,2.9893,60.8184,4.7618
2005-04-04,44007,Providence,11.1787,2.4829,56.3252,4.205
2005-04-05,44007,Providence,16.6135,1.331,37.0246,3.4852
2005-04-06,44007,Providence,17.5405,6.3447,42.5438,1.3662
2005-04-07,44007,Providence,20.748,5.6359,55.5266,3.6536
2005-04-08,44007,Providence,16.0349,5.854,54.8152,2.1424
2005-04-09,44007,Providence,15.9448,1.6359,37.5787,2.3081
2005-04-10,44007,Providence,19.4432,0.7691,33.4119,1.9849
2005-04-11,44007,Providence,10.0357,1.2298,38.503,3.7555
2005-04-12,44007,Providence,9.8337,-1.4117,41.6104,3.5199
2005-04-13,44007,Providence,10.0431,0.8657,42.9784,1.9292
2005-04-14,44007,Providence,13.9495,-0.1743,43.7819,4.3825
2005-04-15,44007,Providence,11.5464,-1.1658,38.0186,4.3793
2005-04-16,44007,Providence,14.4417,-0.9398,34.8079,2.0879
2005-04-17,44007,Providence,21.6241,-0.1593,31.96,2.4728
2005-04-18,44007,Providence,20.9139,5.5935,31.5889,2.8522
2005-04-19,44007,Providence,23.0853,3.7985,37.1114,2.7379
2005-04-20,44007,Providence,29.1122,9.0807,37.4362,3.9635
2005-04-21,44007,Providence,17.6825,4.4273,40.5737,3.4345
2005-04-22,44007,Providence,15.9335,2.2711,42.5989,2.7171
2005-04-23,44007,Providence,19.9768,5.4496,66.483,5.2417
2005-04-24,44007,Providence,17.7145,4.3834,63.3163,4.9277
2005-04-25,44007,Providence,11.5334,3.9803,53.6137,4.6074
2005-04-26,44007,Providence,18.5124,2.7875,48.7201,3.6039
2005-04-27,44007,Providence,15.3383,7.1888,70.9177,3.3375
2005-04-28,44007,Providence,17.8934,6.0562,49.3001,4.2545
2005-04-29,44007,Providence,17.0987,3.4068,46.6004,3.9101
2005-04-30,44007,Providence,14.8075,7.2203,73.4472,3.412
2005-05-01,44007,Providence,17.6322,6.8253,65.6154,2.9739
2005-05-02,44007,Providence,15.6069,3.835,51.2468,3.7706
2005-05-03,44007,Providence,13.5492,4.2646,54.2834,3.1133
2005-05-04,44007,Providence,13.855,5.9929,47.8648,2.3455
2005-05-05,44007,Providence,14.1793,3.5118,47.057,1.6437
2005-05-06,44007,Providence,14.5342,3.5523,55.5524,4.1713
2005-05-07,44007,Providence,9.6131,4.6761,75.8803,7.078
2005-05-08,44007,Providence,11.4936,4.6351,69.7659,6.1157
2005-05-09,44007,Providence,14.8457,6.167,67.051,3.4448
2005-05-10,44007,Providence,19.5495,8.264,62.616,1.5021
2005-05-11,44007,Providence,21.5093,8.8257,63.9394,3.7877
2005-05-12,44007,Providence,16.6121,1.6323,58.3287,4.4728
2005-05-13,44007,Providence,14.7263,-1.1055,45.4378,2.857
2005-05-14,44007,Providence,16.8788,4.8652,67.5901,2.5539
2005-05-15,44007,Providence,21.9435,8.9087,68.7474,1.7069
2005-05-16,44007,Providence,18.7412,8.9878,62.7513,1.6139
2005-05-17,44007,Providence,16.8843,7.7942,62.1343,1.0795
2005-05-18,44007,Providence,16.382,7.9111,53.6345,1.4966
2005-05-19,44007,Providence,17.434,7.0849,52.0498,2.16
2005-05-20,44007,Providence,18.3092,5.5586,54.6898,1.7653
2005-05-21,44007,Providence,15.5095,4.2793,65.8338,3.6026
2005-05-22,44007,Providence,12.3551,6.6069,72.0143,2.0845
2005-05-23,44007,Providence,14.6985,6.2967,72.6195,1.2492
2005-05-24,44007,Providence,11.0077,5.6813,77.1515,5.7941
2005-05-25,44007,Providence,10.4474,5.9236,75.9569,7.5577
2005-05-26,44007,Providence,14.4224,7.0999,76.1533,3.9967
2005-05-27,44007,Providence,17.6273,9.2217,71.681,2.2514
2005-05-28,44007,Providence,22.9078,8.6368,59.4712,2.8182
2005-05-29,44007,Providence,22.1725,10.7738,61.3341,1.4798
2005-05-30,44007,Providence,22.0182,10.5404,55.8677,2.0635
2005-05-31,44007,Providence,20.5445,10.6084,62.0076,1.9173
2005-06-01,44007,Providence,21.7415,9.8393,62.7993,1.9116
2005-06-02,44007,Providence,23.1087,9.6683,63.3781,3.1693
2005-06-03,44007,Providence,22.5709,8.9641,67.5762,3.3605
2005-06-04,44007,Providence,27.0194,14.0324,59.905,1.8122
2005-06-05,44007,Providence,29.0793,15.1607,58.4296,1.6091
2005-06-06,44007,Providence,25.4426,15.4502,68.8306,3.3777
2005-06-07,44007,Providence,28.4927,16.7233,63.7137,4.401
2005-06-08,44007,Providence,28.982,15.6367,57.4421,2.2315
2005-06-09,44007,Providence,29.9209,17.4831,63.5278,2.6923
2005-06-10,44007,Providence,28.0071,16.5365,69.236,3.924
2005-06-11,44007,Providence,28.8267,18.5292,67.7917,3.3918
2005-06-12,44007,Providence,29.498,19.1343,68.8622,3.5519
2005-06-13,44007,Providence,30.9557,20.3906,66.5204,2.7813
2005-06-14,44007,Providence,30.0496,19.9129,65.3695,1.6938
2005-06-15,44007,Providence,21.2119,12.4197,69.0787,2.5923
2005-06-16,44007,Providence,21.9488,11.2902,70.2757,2.0644
2005-06-17,44007,Providence,22.9516,10.962,64.9723,3.0065
2005-06-18,44007,Providence,20.5168,12.6402,66.0614,1.7413
2005-06-19,44007,Providence,19.9752,10.0573,66.0515,2.6788
2005-06-20,44007,Providence,21.8014,8.0341,60.6064,1.8696
2005-06-21,44007,Providence,25.833,10.31,67.0795,3.7014
2005-06-22,44007,Providence,25.086,14.879,62.0432,2.4296
2005-06-23,44007,Providence,22.7169,11.4904,53.672,2.604
2005-06-24,44007,Providence,27.0748,11.1393,61.9245,4.0478
2005-06-25,44007,Providence,30.9573,16.2947,63.0007,4.418
2005-06-26,44007,Providence,31.7745,18.748,64.114,2.6213
2005-06-27,44007,Providence,30.3457,17.716,66.9486,2.2338
2005-06-28,44007,Providence,26.5506,19.3528,70.2364,2.7148
2005-06-29,44007,Providence,30.119,19.5862,65.01,4.113
2005-06-30,44007,Providence,25.5571,19.3165,70.2059,1.8611
2005-07-01,44007,Providence,24.479,18.3098,77.522,1.9189
2005-07-02,44007,Providence,26.9161,15.4537,67.3489,2.7704
2005-07-03,44007,Providence,24.2815,11.9113,59.4294,2.2739
2005-07-04,44007,Providence,25.2505,12.8655,60.6239,1.5279
2005-07-05,44007,Providence,27.1333,13.6296,75.6242,3.4685
2005-07-06,44007,Providence,24.9376,17.3656,76.0146,2.3785
2005-07-07,44007,Providence,18.6684,15.3374,79.1711,3.5984
2005-07-08,44007,Providence,18.7039,13.4228,83.7376,3.6245
2005-07-09,44007,Providence,23.4384,12.016,71.7964,3.6887
2005-07-10,44007,Providence,29.1627,16.0773,60.2585,3.9264
2005-07-11,44007,Providence,30.3327,17.7004,64.5754,2.9825
2005-07-12,44007,Providence,27.0588,16.1583,69.0363,2.0178
2005-07-13,44007,Providence,22.6146,15.627,75.7977,2.8236
2005-07-14,44007,Providence,28.3534,16.2121,78.0976,3.5475
2005-07-15,44007,Providence,30.1532,19.7189,70.7448,1.6061
2005-07-16,44007,Providence,28.4423,18.5552,70.5331,1.9361
2005-07-17,44007,Providence,27.9684,17.8912,75.8367,2.0743
2005-07-18,44007,Providence,29.2974,20.6684,73.4359,2.7285
2005-07-19,44007,Providence,31.2462,21.4071,70.9068,2.7627
2005-07-20,44007,Providence,31.807,20.6499,60.866,2.3782
2005-07-21,44007,Providence,29.1897,18.6568,56.4084,2.172
2005-07-22,44007,Providence,31.4515,17.6727,61.9167,2.1793
2005-07-23,44007,Providence,27.3395,15.8534,57.1469,3.4809
2005-07-24,44007,Providence,27.4829,13.5884,55.5436,2.7339
2005-07-25,44007,Providence,30.3935,16.7265,66.7808,4.2952
2005-07-26,44007,Providence,32.7357,18.7514,56.435,3.221
2005-07-27,44007,Providence,34.1016,21.9012,63.8447,4.1394
2005-07-28,44007,Providence,25.0159,15.937,64.7028,2.9934
2005-07-29,44007,Providence,29.0242,14.9015,59.2769,2.5495
2005-07-30,44007,Providence,29.0375,16.2065,58.0419,1.006
2005-07-31,44007,Providence,27.3351,15.6665,61.4987,2.2681
2005-08-01,44007,Providence,28.4105,14.6042,66.0308,2.5071
2005-08-02,44007,Providence,30.9785,19.2377,62.1752,2.5122
2005-08-03,44007,Providence,32.3455,18.7503,54.9449,1.9743
2005-08-04,44007,Providence,31.0397,18.256,56.8032,2.4233
2005-08-05,44007,Providence,33.8481,18.0456,60.1342,3.4624
2005-08-06,44007,Providence,28.1517,17.8802,56.126,1.8423
2005-08-07,44007,Providence,29.1917,15.9864,61.4968,2.7505
2005-08-08,44007,Providence,31.7569,18.0161,65.4041,2.7332
2005-08-09,44007,Providence,28.9777,19.7816,68.5259,3.4665
2005-08-10,44007,Providence,30.3531,19.2138,66.0276,2.764
2005-08-11,44007,Providence,32.3781,19.5476,63.4693,2.3468
2005-08-12,44007,Providence,31.3556,19.1621,62.5303,2.4462
2005-08-13,44007,Providence,34.4846,21.9194,64.7076,3.4616
2005-08-14,44007,Providence,33.6072,24.0088,66.8161,2.3956
2005-08-15,44007,Providence,23.6437,17.0525,82.4322,2.5866
2005-08-16,44007,Providence,25.5473,15.4277,69.9828,1.6287
2005-08-17,44007,Providence,27.9952,16.8621,57.0587,2.9038
2005-08-18,44007,Providence,24.9773,14.2387,54.9124,1.6316
2005-08-19,44007,Providence,25.2769,14.8884,66.3249,2.5353
2005-08-20,44007,Providence,25.9553,17.5019,73.9283,1.9185
2005-08-21,44007,Providence,28.4841,19.6451,75.9359,3.3501
2005-08-22,44007,Providence,28.8358,15.9393,55.1899,2.5129
2005-08-23,44007,Providence,25.517,12.9404,57.8762,2.5199
2005-08-24,44007,Providence,23.9266,16.0914,58.1219,2.2455
2005-08-25,44007,Providence,24.8935,13.3139,60.3844,2.6591
2005-08-26,44007,Providence,27.9312,15.8127,51.6367,2.3518
2005-08-27,44007,Providence,28.5517,14.5299,58.1515,2.7603
2005-08-28,44007,Providence,27.3594,18.0393,73.2608,2.9874
2005-08-29,44007,Providence,28.3779,19.4551,74.9215,2.6237
2005-08-30,44007,Providence,24.5569,19.9205,86.3119,2.1853
2005-08-31,44007,Providence,26.4143,19.635,91.9973,5.1686
2005-09-01,44007,Providence,27.1663,16.7681,64.5817,3.1613
2005-09-02,44007,Providence,27.5927,14.3343,63.5429,2.9589
2005-09-03,44007,Providence,24.6514,14.0962,58.241,2.6579
2005-09-04,44007,Providence,24.1467,12.0635,61.5012,2.8347
2005-09-05,44007,Providence,23.3637,10.9973,61.2422,2.5028
2005-09-06,44007,Providence,23.5952,11.2622,58.4193,1.3914
2005-09-07,44007,Providence,25.3218,10.5369,57.9023,1.8339
2005-09-08,44007,Providence,26.3045,11.2569,61.7388,2.9054
2005-09-09,44007,Providence,24.7774,12.9795,57.4244,2.2519
2005-09-10,44007,Providence,21.5536,8.914,52.0987,2.848
2005-09-11,44007,Providence,21.7713,6.5299,59.7322,2.4896
2005-09-12,44007,Providence,29.8683,12.1283,59.367,4.1293
2005-09-13,44007,Providence,30.0047,16.3989,60.4066,1.7929
2005-09-14,44007,Providence,29.9416,15.1417,62.2255,2.8852
2005-09-15,44007,Providence,24.2954,17.3186,82.7617,1.7343
2005-09-16,44007,Providence,23.8643,16.4552,81.0676,3.0272
2005-09-17,44007,Providence,25.7534,15.8102,77.4856,2.0373
2005-09-18,44007,Providence,24.0899,15.173,72.5978,2.387
2005-09-19,44007,Providence,24.9873,12.8509,65.0845,2.3363
2005-09-20,44007,Providence,25.8873,14.4565,77.5408,4.2297
2005-09-21,44007,Providence,24.6519,13.8707,60.099,3.0077
2005-09-22,44007,Providence,26.3266,12.7506,59.929,3.117
2005-09-23,44007,Providence,26.3678,13.3025,66.929,3.571
2005-09-24,44007,Providence,18.0934,7.9494,57.1451,2.2133
2005-09-25,44007,Providence,19.5826,6.8094,74.3966,3.0933
2005-09-26,44007,Providence,24.8263,14.1202,77.6379,6.0741
2005-09-27,44007,Providence,21.4625,10.2547,70.3158,3.7089
2005-09-28,44007,Providence,19.978,8.2889,60.3268,2.0677
2005-09-29,44007,Providence,23.3812,7.3203,71.4528,5.7312
2005-09-30,44007,Providence,16.0799,3.8664,56.5084,1.8322
2005-10-01,44007,Providence,19.6074,7.6344,52.9927,1.906
2005-10-02,44007,Providence,22.6037,8.1023,55.3275,1.4179
2005-10-03,44007,Providence,22.3067,10.9232,60.0755,1.1477
2005-10-04,44007,Providence,24.2316,10.3883,60.2016,1.2735
2005-10-05,44007,Providence,24.6074,13.0185,62.8593,1.3435
2005-10-06,44007,Providence,25.4281,14.2185,66.1962,2.7958
2005-10-07,44007,Providence,24.8888,17.0984,72.3934,3.8762
2005-10-08,44007,Providence,22.5415,18.6735,78.6937,6.0449
2005-10-09,44007,Providence,21.7737,11.9731,77.9906,2.8933
2005-10-10,44007,Providence,15.5084,10.5737,75.4797,2.9537
2005-10-11,44007,Providence,15.9946,10.7898,75.5909,5.1263
2005-10-12,44007,Providence,13.4751,10.7925,75.9998,8.3656
2005-10-13,44007,Providence,16.0781,11.4829,79.8517,6.9095
2005-10-14,44007,Providence,18.0329,13.6652,82.8138,5.0667
2005-10-15,44007,Providence,19.435,8.6009,70.9953,4.5317
2005-10-16,44007,Providence,14.0042,7.2703,60.6115,8.0256
2005-10-17,44007,Providence,14.0891,6.1065,62.7477,5.2507
2005-10-18,44007,Providence,16.4874,5.4431,62.7838,4.5881
2005-10-19,44007,Providence,16.3228,6.9545,63.9658,4.0859
2005-10-20,44007,Providence,12.163,2.9207,57.376,3.0435
2005-10-21,44007,Providence,11.6979,2.2057,55.0528,2.183
2005-10-22,44007,Providence,8.9493,1.4254,79.9735,4.812
2005-10-23,44007,Providence,10.4866,5.2474,73.3295,3.9349
2005-10-24,44007,Providence,10.9794,4.7604,72.5129,3.9994
2005-10-25,44007,Providence,9.7893,3.5616,81.1502,7.6786
2005-10-26,44007,Providence,8.204,2.2986,65.5138,5.0208
2005-10-27,44007,Providence,8.0125,0.3147,61.136,2.6751
2005-10-28,44007,Providence,6.9569,2.0646,59.2073,2.1397
2005-10-29,44007,Providence,5.4896,1.758,62.7818,3.5026
2005-10-30,44007,Providence,14.6495,1.2474,57.3932,3.8062
2005-10-31,44007,Providence,18.3963,3.4351,50.291,3.2638
2005-11-01,44007,Providence,18.8036,5.1762,54.7508,3.9074
2005-11-02,44007,Providence,13.3738,1.4377,55.1298,3.7629
2005-11-03,44007,Providence,14.6414,-0.5153,56.1176,5.4754
2005-11-04,44007,Providence,17.6198,6.2391,57.2087,2.6315
2005-11-05,44007,Providence,20.0268,7.6774,58.02,2.2252
2005-11-06,44007,Providence,19.5384,7.6719,65.4693,3.5008
2005-11-07,44007,Providence,15.2198,3.8394,50.0761,4.8499
2005-11-08,44007,Providence,15.8726,4.0739,46.9261,3.8815
2005-11-09,44007,Providence,13.6208,-0.9291,60.8173,4.5734
2005-11-10,44007,Providence,15.0229,1.0387,56.3187,5.1785
2005-11-11,44007,Providence,4.6746,-1.4833,47.4074,4.3174
2005-11-12,44007,Providence,8.5588,-3.2875,53.1158,2.56
2005-11-13,44007,Providence,15.0865,1.3652,61.0429,4.3873
2005-11-14,44007,Providence,16.7539,2.8492,52.4478,3.6918
2005-11-15,44007,Providence,14.413,1.6461,69.6849,3.1871
2005-11-16,44007,Providence,19.7251,11.4717,68.3788,5.7397
2005-11-17,44007,Providence,15.253,-1.0929,48.0811,4.1546
2005-11-18,44007,Providence,3.6661,-3.0936,42.7307,2.7953
2005-11-19,44007,Providence,5.1059,-3.1927,46.356,1.7274
2005-11-20,44007,Providence,10.7377,-0.5538,52.3398,3.9056
2005-11-21,44007,Providence,13.5435,0.3834,57.8525,2.8351
2005-11-22,44007,Providence,12.9992,0.9712,69.0449,4.5157
2005-11-23,44007,Providence,3.2595,-6.0357,48.3168,3.8465
2005-11-24,44007,Providence,5.0064,-5.2676,65.8385,4.7281
2005-11-25,44007,Providence,0.6319,-8.0953,47.9751,4.4225
2005-11-26,44007,Providence,2.5202,-5.7849,61.3307,1.0733
2005-11-27,44007,Providence,5.5116,-0.5418,62.7243,1.6682
2005-11-28,44007,Providence,11.9831,1.2033,71.7552,2.4386
2005-11-29,44007,Providence,16.1448,7.7446,67.6345,4.8568
2005-11-30,44007,Providence,15.5567,6.756,72.3098,4.0289
2005-12-01,44007,Providence,10.098,1.6145,61.5479,2.9282
2005-12-02,44007,Providence,5.5482,-1.7316,57.6118,5.926
2005-12-03,44007,Providence,1.5819,-4.8582,44.7459,6.3849
2005-12-04,44007,Providence,0.9544,-5.122,67.8651,2.5515
2005-12-05,44007,Providence,1.9829,-6.138,63.3021,2.4345
2005-12-06,44007,Providence,0.9865,-5.2142,63.2233,4.0199
2005-12-07,44007,Providence,-1.2763,-9.5691,49.2261,6.3327
2005-12-08,44007,Providence,-1.6047,-11.2749,56.5046,2.927
2005-12-09,44007,Providence,3.3815,-7.5539,68.5462,4.1037
2005-12-10,44007,Providence,2.115,-6.8267,71.1341,3.8988
2005-12-11,44007,Providence,3.5188,-3.7197,66.6488,2.6916
2005-12-12,44007,Providence,3.2107,-5.4049,62.8622,3.1814
2005-12-13,44007,Providence,-1.7933,-12.9082,59.9313,4.265
2005-12-14,44007,Providence,-5.7257,-15.3462,59.1007,3.9046
2005-12-15,44007,Providence,-1.3114,-13.4403,65.6047,1.8743
2005-12-16,44007,Providence,5.3431,-4.7836,74.0884,5.5948
2005-12-17,44007,Providence,2.9087,-6.3498,58.9797,3.5814
2005-12-18,44007,Providence,0.8261,-6.6318,65.3955,2.4286
2005-12-19,44007,Providence,0.2241,-8.1556,64.1217,3.7296
2005-12-20,44007,Providence,-0.7539,-9.0552,62.8282,4.3347
2005-12-21,44007,Providence,-1.6903,-9.2473,64.8944,2.7872
2005-12-22,44007,Providence,0.3022,-8.2319,68.7582,4.0905
2005-12-23,44007,Providence,3.601,-3.7571,71.3095,4.4678
2005-12-24,44007,Providence,5.8028,-2.1429,63.3945,2.1292
2005-12-25,44007,Providence,8.4739,-1.3189,74.0329,2.4613
2005-12-26,44007,Providence,10.727,-0.928,74.8676,3.7994
2005-12-27,44007,Providence,3.2171,-4.7302,54.1803,4.9811
2005-12-28,44007,Providence,5.6818,-4.876,64.4296,2.3273
2005-12-29,44007,Providence,12.1623,0.5749,45.5286,2.8703
2005-12-30,44007,Providence,9.0439,-4.631,61.1445,4.6396
2005-12-31,44007,Providence,2.1574,-3.0667,53.188,2.0427
2006-01-01,44007,Providence,2.6174,-1.9132,69.7445,1.7051
2006-01-02,44007,Providence,4.4752,-0.9782,67.0427,1.9306
2006-01-03,44007,Providence,4.0462,-2.2972,69.127,7.2384
2006-01-04,44007,Providence,2.648,-3.9964,67.6929,3.1192
2006-01-05,44007,Providence,4.3653,-2.5243,72.9053,2.1784
2006-01-06,44007,Providence,3.9219,-3.3511,69.9299,2.372
2006-01-07,44007,Providence,-0.347,-6.3309,63.2802,2.9453
2006-01-08,44007,Providence,3.3423,-3.8029,66.1811,1.9222
2006-01-09,44007,Providence,7.3106,-1.7668,64.6393,3.7444
2006-01-10,44007,Providence,6.3183,-2.5516,56.3302,2.5841
2006-01-11,44007,Providence,8.8648,-2.6354,69.4672,3.4941
2006-01-12,44007,Providence,11.3533,1.1126,60.5307,3.7719
2006-01-13,44007,Providence,12.2629,0.1878,68.0035,2.7947
2006-01-14,44007,Providence,15.2757,6.1387,73.3255,4.2345
2006-01-15,44007,Providence,8.5016,-13.4764,39.8618,8.154
2006-01-16,44007,Providence,-3.5696,-15.0195,58.302,6.0366
2006-01-17,44007,Providence,2.9629,-8.9807,63.7358,3.3408
2006-01-18,44007,Providence,13.2076,0.0384,65.371,8.7532
2006-01-19,44007,Providence,5.9057,-1.1751,51.9811,5.1534
2006-01-20,44007,Providence,12.2272,0.5556,59.2839,4.2375
2006-01-21,44007,Providence,14.2441,1.4959,54.3952,5.6748
2006-01-22,44007,Providence,4.333,-2.9737,38.5116,2.4047
2006-01-23,44007,Providence,4.6243,-2.7329,71.8012,2.6418
2006-01-24,44007,Providence,4.5535,-3.1966,65.263,2.03
2006-01-25,44007,Providence,4.0581,-1.7925,69.8635,3.4751
2006-01-26,44007,Providence,2.0323,-6.7361,63.5598,5.4312
2006-01-27,44007,Providence,1.5537,-7.5658,56.5629,4.2963
2006-01-28,44007,Providence,5.3435,-3.6526,60.1929,4.3217
2006-01-29,44007,Providence,8.6772,-0.7971,64.6351,2.4415
2006-01-30,44007,Providence,10.4405,1.63,66.2117,2.5595
2006-01-31,44007,Providence,4.8035,-2.3409,76.8901,5.3594
2006-02-01,44007,Providence,5.9477,-3.0169,54.724,2.889
2006-02-02,44007,Providence,7.0849,-2.7453,55.4336,2.3018
2006-02-03,44007,Providence,13.1448,-0.374,68.0444,4.489
2006-02-04,44007,Providence,13.1157,1.1103,57.7734,3.2713
2006-02-05,44007,Providence,13.6411,0.6297,58.6297,5.5393
2006-02-06,44007,Providence,3.8661,-2.3499,38.8508,7.4296
2006-02-07,44007,Providence,2.7814,-4.7161,39.0008,5.2278
2006-02-08,44007,Providence,0.6564,-5.7945,34.0257,3.4227
2006-02-09,44007,Providence,0.5926,-6.3079,29.8272,3.4597
2006-02-10,44007,Providence,-0.0502,-6.6611,33.1202,4.2445
2006-02-11,44007,Providence,-0.6971,-6.4213,45.006,3.7615
2006-02-12,44007,Providence,-2.0109,-9.0178,63.6459,7.3259
2006-02-13,44007,Providence,0.9804,-10.9272,51.3534,4.8079
2006-02-14,44007,Providence,2.7531,-5.4643,54.2468,4.1677
2006-02-15,44007,Providence,7.5038,-3.7842,57.8966,3.591
2006-02-16,44007,Providence,9.9232,-2.1355,52.8055,1.8919
2006-02-17,44007,Providence,12.0449,-4.7733,53.5276,7.7542
2006-02-18,44007,Providence,0.9962,-13.6293,26.4012,6.5989
2006-02-19,44007,Providence,-2.8265,-14.7584,33.0636,5.0347
2006-02-20,44007,Providence,0.2738,-10.5549,40.9621,3.6353
2006-02-21,44007,Providence,2.5391,-6.3738,40.728,3.1793
2006-02-22,44007,Providence,3.6707,-4.1502,44.2283,2.2821
2006-02-23,44007,Providence,4.4021,-3.0843,64.9029,1.8144
2006-02-24,44007,Providence,1.6908,-7.9831,55.1981,6.4996
2006-02-25,44007,Providence,1.8408,-8.8816,55.245,3.4899
2006-02-26,44007,Providence,-0.8905,-13.9331,43.8971,5.6987
2006-02-27,44007,Providence,-4.5067,-14.94,45.9966,6.0106
2006-02-28,44007,Providence,-0.7841,-12.2417,43.8753,4.6704
2006-03-01,44007,Providence,0.3367,-9.1784,44.1143,4.0717
2006-03-02,44007,Providence,3.8133,-8.3491,53.8916,2.9703
2006-03-03,44007,Providence,0.948,-8.8101,42.7024,5.8294
2006-03-04,44007,Providence,3.1473,-9.1259,49.4067,5.7564
2006-03-05,44007,Providence,4.812,-5.5896,45.016,4.3976
2006-03-06,44007,Providence,4.2297,-5.9926,45.2187,2.5113
2006-03-07,44007,Providence,4.2643,-2.6599,48.9092,2.1297
2006-03-08,44007,Providence,5.6139,-2.6083,45.4301,1.793
2006-03-09,44007,Providence,7.4626,-1.4753,58.1028,3.4314
2006-03-10,44007,Providence,19.8682,2.5478,53.104,5.0278
2006-03-11,44007,Providence,14.949,2.6794,38.0274,3.4591
2006-03-12,44007,Providence,14.0845,1.0239,52.235,3.314
2006-03-13,44007,Providence,16.3001,5.1835,57.8033,2.2539
2006-03-14,44007,Providence,17.5803,1.9385,47.9871,5.1898
2006-03-15,44007,Providence,6.9754,-1.0163,31.8998,7.6246
2006-03-16,44007,Providence,6.0632,-2.6333,33.4517,5.4937
2006-03-17,44007,Providence,5.5064,-3.8878,29.4597,4.1526
2006-03-18,44007,Providence,4.1643,-4.9448,26.6432,4.503
2006-03-19,44007,Providence,3.2253,-4.1589,30.7019,4.5714
2006-03-20,44007,Providence,3.1823,-5.7514,31.4704,5.2339
2006-03-21,44007,Providence,6.9059,-6.5413,38.7166,3.4477
2006-03-22,44007,Providence,5.6489,-1.9381,45.8332,3.7388
2006-03-23,44007,Providence,10.22,-2.9246,45.1704,3.7183
2006-03-24,44007,Providence,9.3642,0.9929,47.9587,2.0071
2006-03-25,44007,Providence,9.6045,-0.6508,47.9406,3.5683
2006-03-26,44007,Providence,10.6422,-0.8713,43.1386,3.7317
2006-03-27,44007,Providence,13.5152,-1.0782,32.9973,3.5052
2006-03-28,44007,Providence,13.574,-1.3698,33.6191,1.7708
2006-03-29,44007,Providence,16.5038,-0.1459,30.3007,1.8646
2006-03-30,44007,Providence,19.5828,0.5729,28.3613,2.4799
2006-03-31,44007,Providence,19.8453,2.7544,39.2083,3.7381
2006-04-01,44007,Providence,18.8697,5.5571,54.9238,4.4709
2006-04-02,44007,Providence,14.7417,2.7704,37.6643,3.9876
2006-04-03,44007,Providence,13.8298,0.569,43.4219,3.2728
2006-04-04,44007,Providence,11.6568,1.0714,56.9102,5.1704
2006-04-05,44007,Providence,6.8369,-1.0509,55.5548,2.5856
2006-04-06,44007,Providence,10.9424,-1.4863,46.7372,3.8218
2006-04-07,44007,Providence,14.5005,0.5387,61.8918,4.4611
2006-04-08,44007,Providence,11.8936,1.8378,59.3838,3.0803
2006-04-09,44007,Providence,11.5488,-1.0483,41.408,3.2224
2006-04-10,44007,Providence,14.9705,-0.1089,39.1631,2.5968
2006-04-11,44007,Providence,17.2625,1.1171,40.2271,2.5123
2006-04-12,44007,Providence,19.1384,3.282,51.6967,4.0365
2006-04-13,44007,Providence,21.4848,9.3598,49.6116,4.1374
2006-04-14,44007,Providence,20.9529,7.6556,46.4683,2.4059
2006-04-15,44007,Providence,23.8664,8.716,47.5129,3.4766
2006-04-16,44007,Providence,15.9212,6.6117,41.5202,4.6133
2006-04-17,44007,Providence,13.6532,4.1913,50.5079,3.3404
2006-04-18,44007,Providence,18.484,5.5698,46.5337,4.008
2006-04-19,44007,Providence,20.2566,8.0921,35.2085,4.6026
2006-04-20,44007,Providence,20.767,5.3013,33.7943,2.9971
2006-04-21,44007,Providence,14.9436,2.1022,47.4335,3.2539
2006-04-22,44007,Providence,12.5097,-0.5809,48.6007,3.7514
2006-04-23,44007,Providence,11.8357,4.4618,63.8654,5.5476
2006-04-24,44007,Providence,14.7362,3.6641,66.3329,1.8898
2006-04-25,44007,Providence,18.8497,6.0884,50.299,4.3344
2006-04-26,44007,Providence,14.4964,0.8564,39.8971,3.2685
2006-04-27,44007,Providence,19.487,1.7254,42.1087,1.9869
2006-04-28,44007,Providence,14.2361,3.5635,41.6746,3.1866
2006-04-29,44007,Providence,14.2806,0.3405,38.594,3.9603
2006-04-30,44007,Providence,16.8036,1.0454,35.4433,4.0316
2006-05-01,44007,Providence,13.7318,2.8541,48.1182,5.5048
2006-05-02,44007,Providence,11.1184,4.9689,71.8245,4.2488
2006-05-03,44007,Providence,13.4925,7.7203,74.459,3.6004
2006-05-04,44007,Providence,23.1557,10.9775,54.8472,2.6633
2006-05-05,44007,Providence,25.229,11.676,42.8875,2.5859
2006-05-06,44007,Providence,21.8434,9.9286,43.6861,2.4267
2006-05-07,44007,Providence,17.0447,5.0025,44.3709,1.8631
2006-05-08,44007,Providence,17.7758,6.089,43.5348,2.6613
2006-05-09,44007,Providence,14.4419,6.9598,63.3213,5.4979
2006-05-10,44007,Providence,15.043,8.3182,69.8152,3.806
2006-05-11,44007,Providence,17.2189,10.3198,70.7272,3.913
2006-05-12,44007,Providence,17.0753,11.3757,72.9521,5.7738
2006-05-13,44007,Providence,14.3402,7.4285,68.1267,3.8871
2006-05-14,44007,Providence,13.1624,3.9423,77.2245,3.9116
2006-05-15,44007,Providence,16.2757,9.3193,70.1076,3.8841
2006-05-16,44007,Providence,17.6256,9.6807,66.0685,3.6834
2006-05-17,44007,Providence,20.0963,8.4991,59.8566,4.5419
2006-05-18,44007,Providence,22.6323,11.2601,58.6936,3.653
2006-05-19,44007,Providence,18.653,10.6767,64.2916,3.9745
2006-05-20,44007,Providence,18.6252,8.848,58.1442,4.8623
2006-05-21,44007,Providence,17.9649,7.4605,54.2313,4.742
2006-05-22,44007,Providence,16.6031,4.867,54.9518,4.9759
2006-05-23,44007,Providence,12.7331,4.0097,61.5987,3.837
2006-05-24,44007,Providence,18.7657,6.005,55.3816,2.8807
2006-05-25,44007,Providence,22.6659,8.5432,52.9264,2.9839
2006-05-26,44007,Providence,26.3459,13.4778,64.2932,2.7754
2006-05-27,44007,Providence,26.0847,16.1957,61.6722,1.3841
2006-05-28,44007,Providence,26.1344,15.2312,57.0146,1.8576
2006-05-29,44007,Providence,27.4327,13.8862,64.3581,2.4936
2006-05-30,44007,Providence,26.6681,14.9601,61.4742,2.7345
2006-05-31,44007,Providence,25.2837,12.5599,67.9774,2.4875
2006-06-01,44007,Providence,28.196,15.7537,70.8283,3.8619
2006-06-02,44007,Providence,24.4156,17.9884,73.2981,1.3048
2006-06-03,44007,Providence,21.5971,16.6496,78.4596,2.5474
2006-06-04,44007,Providence,17.3849,13.3193,74.5446,2.5799
2006-06-05,44007,Providence,20.3692,11.5392,72.7778,1.9074
2006-06-06,44007,Providence,21.4756,13.9267,71.4284,2.739
2006-06-07,44007,Providence,18.2114,9.8114,79.4232,5.6542
2006-06-08,44007,Providence,16.5442,9.7549,81.6089,2.3388
2006-06-09,44007,Providence,18.8226,11.3491,78.3921,1.445
2006-06-10,44007,Providence,16.3407,10.1505,78.0555,5.2979
2006-06-11,44007,Providence,17.961,9.7722,70.4393,4.4369
2006-06-12,44007,Providence,23.864,12.3567,70.2295,2.375
2006-06-13,44007,Providence,24.0322,16.4775,67.8414,1.8079
2006-06-14,44007,Providence,25.0689,15.3412,66.618,1.7415
2006-06-15,44007,Providence,23.1706,14.3365,60.8416,3.4107
2006-06-16,44007,Providence,26.0889,12.0703,56.8843,2.7848
2006-06-17,44007,Providence,26.6179,14.2998,58.0466,3.0681
2006-06-18,44007,Providence,30.3837,16.6154,67.6078,3.2026
2006-06-19,44007,Providence,30.1834,19.029,67.3801,4.2766
2006-06-20,44007,Providence,28.0196,17.8483,66.0593,2.8711
2006-06-21,44007,Providence,25.6982,15.0489,60.6605,2.3465
2006-06-22,44007,Providence,26.9953,14.75,71.8342,3.4363
2006-06-23,44007,Providence,28.6451,18.3024,71.5778,2.6006
2006-06-24,44007,Providence,23.1979,18.8579,76.4608,2.23
2006-06-25,44007,Providence,22.8517,14.0754,79.4309,1.7969
2006-06-26,44007,Providence,26.439,18.4386,72.9154,4.0158
2006-06-27,44007,Providence,27.4097,19.2737,71.6377,4.1381
2006-06-28,44007,Providence,24.7235,18.4188,77.86,3.9255
2006-06-29,44007,Providence,27.1772,19.3136,72.7287,3.3148
2006-06-30,44007,Providence,26.4019,16.3683,64.6446,3.5226
2006-07-01,44007,Providence,26.7154,13.7022,64.7485,4.029
2006-07-02,44007,Providence,29.1206,17.3501,73.0478,5.4152
2006-07-03,44007,Providence,28.6044,19.0004,65.4656,2.3696
2006-07-04,44007,Providence,29.4757,19.4027,73.1324,3.4972
2006-07-05,44007,Providence,27.3413,18.4386,68.7158,2.6297
2006-07-06,44007,Providence,25.7519,16.6556,62.7957,1.6203
2006-07-07,44007,Providence,25.9542,13.2922,63.9095,2.0154
2006-07-08,44007,Providence,27.3249,16.4759,65.161,1.4746
2006-07-09,44007,Providence,28.0365,16.2285,68.3926,3.5046
2006-07-10,44007,Providence,27.1491,16.1225,72.5656,3.9029
2006-07-11,44007,Providence,27.6124,18.4339,77.3241,3.7467
2006-07-12,44007,Providence,28.8195,21.1164,73.2711,2.995
2006-07-13,44007,Providence,27.0942,18.901,73.1169,2.5996
2006-07-14,44007,Providence,29.9048,16.7766,70.3637,2.7237
2006-07-15,44007,Providence,29.0539,18.7633,71.1959,2.9133
2006-07-16,44007,Providence,30.5936,19.6692,67.0816,1.5873
2006-07-17,44007,Providence,32.1537,21.0279,66.4337,2.4855
2006-07-18,44007,Providence,33.6709,21.4667,65.8086,2.7736
2006-07-19,44007,Providence,28.5365,18.2502,68.1444,2.2433
2006-07-20,44007,Providence,27.4044,17.3715,72.7101,3.121
2006-07-21,44007,Providence,29.5956,18.6426,73.1412,3.0538
2006-07-22,44007,Providence,27.1447,21.2491,74.4507,3.5206
2006-07-23,44007,Providence,26.523,19.3696,72.4526,2.5296
2006-07-24,44007,Providence,26.6372,16.5297,62.3981,2.5268
2006-07-25,44007,Providence,28.0898,16.879,69.9326,4.0397
2006-07-26,44007,Providence,28.9294,19.7374,68.9502,2.7729
2006-07-27,44007,Providence,29.7725,18.6411,72.744,4.0093
2006-07-28,44007,Providence,31.1633,21.0278,68.3501,4.4995
2006-07-29,44007,Providence,30.6108,18.4589,66.7829,3.6928
2006-07-30,44007,Providence,29.5402,20.3695,62.7238,1.4716
2006-07-31,44007,Providence,28.4957,16.9161,62.9255,1.8608
2006-08-01,44007,Providence,32.2361,18.9305,72.3301,3.3752
2006-08-02,44007,Providence,34.4372,23.9464,64.9974,3.6131
2006-08-03,44007,Providence,33.4932,22.5724,64.1636,2.5375
2006-08-04,44007,Providence,28.029,19.0984,70.3507,1.7139
2006-08-05,44007,Providence,28.3287,17.1918,59.5477,1.7994
2006-08-06,44007,Providence,26.2957,16.1367,63.3018,2.2003
2006-08-07,44007,Providence,28.3602,17.3194,75.8134,4.2043
2006-08-08,44007,Providence,26.8835,15.3079,64.0945,3.1477
2006-08-09,44007,Providence,25.3484,12.6786,56.1061,2.2134
2006-08-10,44007,Providence,26.9528,14.0209,66.2797,3.462
2006-08-11,44007,Providence,23.597,12.9968,55.7397,3.0951
2006-08-12,44007,Providence,21.7554,9.9708,50.761,3.361
2006-08-13,44007,Providence,22.9306,8.9372,51.897,3.1629
2006-08-14,44007,Providence,25.9073,11.246,61.9654,3.7474
2006-08-15,44007,Providence,26.2778,17.3768,70.4588,3.5693
2006-08-16,44007,Providence,26.6818,15.7923,56.6854,2.0537
2006-08-17,44007,Providence,26.5689,14.9102,58.7884,2.0439
2006-08-18,44007,Providence,26.6285,15.0564,60.6438,2.1421
2006-08-19,44007,Providence,27.3526,14.6417,64.0367,3.0821
2006-08-20,44007,Providence,27.5083,16.5186,71.0056,3.5352
2006-08-21,44007,Providence,25.7598,15.3353,63.2173,2.6184
2006-08-22,44007,Providence,26.2561,15.1207,56.9891,2.7155
2006-08-23,44007,Providence,27.0597,15.4412,59.6998,2.1081
2006-08-24,44007,Providence,24.524,15.0299,62.1179,1.3409
2006-08-25,44007,Providence,20.8324,14.7505,74.4998,1.9912
2006-08-26,44007,Providence,22.044,13.412,66.2837,2.8436
2006-08-27,44007,Providence,18.9912,12.9631,73.1482,3.3624
2006-08-28,44007,Providence,21.1868,13.289,82.7592,1.7586
2006-08-29,44007,Providence,20.0763,15.8397,80.9841,2.9477
2006-08-30,44007,Providence,24.2037,15.3833,65.6207,1.5785
2006-08-31,44007,Providence,20.1854,10.862,61.1879,2.8718
2006-09-01,44007,Providence,21.3402,9.98,67.1847,3.4555
2006-09-02,44007,Providence,19.2786,11.4262,78.1005,6.5226
2006-09-03,44007,Providence,22.847,13.7428,79.9366,2.9611
2006-09-04,44007,Providence,22.8973,13.9116,69.1846,3.5287
2006-09-05,44007,Providence,22.198,13.1176,72.3796,1.8765
2006-09-06,44007,Providence,23.0376,14.2646,71.8433,1.779
2006-09-07,44007,Providence,23.9276,14.1754,66.7709,1.5143
2006-09-08,44007,Providence,25.1194,12.8034,66.2058,2.4252
2006-09-09,44007,Providence,26.0381,13.5304,67.9501,3.212
2006-09-10,44007,Providence,19.5211,9.7961,66.3906,3.0557
2006-09-11,44007,Providence,17.3886,5.8687,60.7453,4.1339
2006-09-12,44007,Providence,18.5252,4.4819,55.8513,2.5467
2006-09-13,44007,Providence,18.6087,5.9679,68.076,2.6182
2006-09-14,44007,Providence,19.4911,12.0048,82.6467,2.2352
2006-09-15,44007,Providence,20.3368,14.0769,82.8808,3.4213
2006-09-16,44007,Providence,24.8632,13.8311,65.6247,2.0538
2006-09-17,44007,Providence,25.4814,12.3529,66.1613,1.572
2006-09-18,44007,Providence,25.6185,12.3393,69.9384,2.7992
2006-09-19,44007,Providence,25.5475,13.2534,75.5416,3.2764
2006-09-20,44007,Providence,20.6248,10.6971,65.2241,3.6668
2006-09-21,44007,Providence,17.1286,6.4988,53.9067,3.4456
2006-09-22,44007,Providence,19.0893,4.6339,60.9689,2.593
2006-09-23,44007,Providence,21.6633,10.9349,84.4602,4.0495
2006-09-24,44007,Providence,27.3061,16.4101,67.6588,5.2618
2006-09-25,44007,Providence,20.2441,9.7052,63.491,2.8658
2006-09-26,44007,Providence,20.7609,8.0783,53.7608,3.0843
2006-09-27,44007,Providence,20.7106,7.585,61.8818,1.834
2006-09-28,44007,Providence,21.3938,9.6821,65.6438,2.957
2006-09-29,44007,Providence,19.6973,5.363,72.5674,3.9531
2006-09-30,44007,Providence,17.0078,3.133,61.262,2.3315
2006-10-01,44007,Providence,17.7358,9.3084,71.3405,3.4551
2006-10-02,44007,Providence,18.8327,7.821,55.6138,3.3301
2006-10-03,44007,Providence,23.0236,7.1788,60.3726,3.3837
2006-10-04,44007,Providence,24.8924,12.6528,62.5404,3.7112
2006-10-05,44007,Providence,18.827,7.3944,54.779,4.0365
2006-10-06,44007,Providence,14.2775,6.8111,55.7467,4.6701
2006-10-07,44007,Providence,16.7297,6.082,55.1434,3.6891
2006-10-08,44007,Providence,19.0506,4.4225,47.0727,1.7857
2006-10-09,44007,Providence,23.152,5.2176,57.8258,2.893
2006-10-10,44007,Providence,21.4386,8.9182,54.6108,2.9344
2006-10-11,44007,Providence,19.084,8.9504,68.631,4.6546
2006-10-12,44007,Providence,22.6204,11.0553,65.7149,3.6553
2006-10-13,44007,Providence,13.0255,1.5008,49.4561,3.2483
2006-10-14,44007,Providence,13.9478,0.5132,45.6534,3.3173
2006-10-15,44007,Providence,12.7919,0.3056,49.9352,3.4239
2006-10-16,44007,Providence,13.3416,3.1302,44.786,1.3808
2006-10-17,44007,Providence,13.5898,3.7492,69.946,3.6418
2006-10-18,44007,Providence,21.0589,9.8167,66.992,3.3942
2006-10-19,44007,Providence,19.719,8.7229,66.1023,3.2306
2006-10-20,44007,Providence,19.1856,5.9837,75.7561,5.2985
2006-10-21,44007,Providence,10.8229,0.9585,53.9064,5.1008
2006-10-22,44007,Providence,12.1512,-1.1665,65.3668,2.2992
2006-10-23,44007,Providence,14.1798,4.7211,60.349,3.4434
2006-10-24,44007,Providence,10.1284,3.2702,57.6764,4.0634
2006-10-25,44007,Providence,10.1968,2.1971,57.1443,5.1353
2006-10-26,44007,Providence,9.2169,1.934,53.661,4.3411
2006-10-27,44007,Providence,9.8244,-1.827,57.4417,2.1221
2006-10-28,44007,Providence,16.0014,3.388,75.4196,8.1887
2006-10-29,44007,Providence,10.4427,3.1014,47.1333,9.111
2006-10-30,44007,Providence,11.9528,1.6181,49.0337,5.1048
2006-10-31,44007,Providence,18.2781,2.5727,61.11,4.0038
2006-11-01,44007,Providence,18.9146,9.0707,60.1127,2.3107
2006-11-02,44007,Providence,11.1705,1.0583,75.8621,2.395
2006-11-03,44007,Providence,7.1364,-0.9886,50.204,3.209
2006-11-04,44007,Providence,6.4058,-2.1338,50.6427,2.5937
2006-11-05,44007,Providence,6.0734,-1.7072,51.5429,1.661
2006-11-06,44007,Providence,10.1225,0.1574,57.8543,2.5041
2006-11-07,44007,Providence,12.935,2.0913,72.9172,2.5109
2006-11-08,44007,Providence,16.5526,8.4295,83.3533,3.3424
2006-11-09,44007,Providence,19.3747,11.0375,68.4862,2.5454
2006-11-10,44007,Providence,15.2439,6.434,57.4172,2.9105
2006-11-11,44007,Providence,16.4558,3.7849,67.083,2.7484
2006-11-12,44007,Providence,18.2851,8.9379,77.1893,2.9535
2006-11-13,44007,Providence,16.1764,9.8582,73.1549,5.3265
2006-11-14,44007,Providence,15.6071,9.5249,77.5354,2.919
2006-11-15,44007,Providence,18.9807,9.454,68.0163,2.046
2006-11-16,44007,Providence,19.7962,10.704,75.5165,4.9057
2006-11-17,44007,Providence,18.5312,7.4428,72.5863,5.1101
2006-11-18,44007,Providence,10.0742,2.8541,63.8523,1.7851
2006-11-19,44007,Providence,8.382,3.7471,63.0119,2.0843
2006-11-20,44007,Providence,6.5574,0.2272,57.6535,2.5608
2006-11-21,44007,Providence,5.4425,-2.8647,56.8842,2.4505
2006-11-22,44007,Providence,7.8454,-1.683,68.1764,5.3867
2006-11-23,44007,Providence,8.2413,2.8135,77.0633,7.2544
2006-11-24,44007,Providence,11.4933,0.7825,54.7172,4.6319
2006-11-25,44007,Providence,8.006,-1.0912,65.7814,2.0665
2006-11-26,44007,Providence,12.0252,-0.1665,67.3593,3.0109
2006-11-27,44007,Providence,15.2274,3.6811,60.9799,2.0585
2006-11-28,44007,Providence,10.2364,4.4974,70.365,3.167
2006-11-29,44007,Providence,13.1806,3.9349,73.111,2.3709
2006-11-30,44007,Providence,17.6932,7.321,73.4795,5.1868
2006-12-01,44007,Providence,18.0141,11.5404,72.0287,7.0327
2006-12-02,44007,Providence,14.5843,-0.2115,38.8372,6.3097
2006-12-03,44007,Providence,5.6833,-3.2938,55.6154,2.8257
2006-12-04,44007,Providence,3.8109,-5.1374,60.0801,4.0123
2006-12-05,44007,Providence,0.2581,-5.2298,52.4114,2.6973
2006-12-06,44007,Providence,5.6387,-5.3735,64.0933,4.1293
2006-12-07,44007,Providence,9.964,0.2146,60.8953,3.1304
2006-12-08,44007,Providence,2.4281,-8.0022,32.8869,6.5533
2006-12-09,44007,Providence,1.9891,-7.1073,49.7863,4.6807
2006-12-10,44007,Providence,7.7637,-2.5217,45.0825,4.7837
2006-12-11,44007,Providence,7.4941,-1.5021,56.308,2.6441
2006-12-12,44007,Providence,6.5313,-2.7373,63.1035,2.6106
2006-12-13,44007,Providence,11.1037,-0.7876,79.6093,3.682
2006-12-14,44007,Providence,12.4642,2.2263,64.9086,3.3739
2006-12-15,44007,Providence,11.8446,1.9843,72.4078,3.602
2006-12-16,44007,Providence,9.5379,-0.6145,58.5166,3.9432
2006-12-17,44007,Providence,10.645,-1.4036,62.8342,4.3375
2006-12-18,44007,Providence,11.5618,2.1417,63.6436,2.9473
2006-12-19,44007,Providence,4.6929,-0.6823,47.106,3.5288
2006-12-20,44007,Providence,3.8528,-2.7512,51.9747,3.524
2006-12-21,44007,Providence,7.8567,-1.624,50.5325,4.2833
2006-12-22,44007,Providence,5.4201,-2.8553,63.5625,2.4058
2006-12-23,44007,Providence,13.9489,2.9754,73.1631,4.4918
2006-12-24,44007,Providence,8.691,-0.3381,58.0021,4.7313
2006-12-25,44007,Providence,8.6575,-1.7917,59.7237,2.9363
2006-12-26,44007,Providence,12.6012,2.276,70.9113,4.0143
2006-12-27,44007,Providence,6.6478,-1.6004,52.8806,4.3777
2006-12-28,44007,Providence,7.0655,-2.5106,54.0882,3.5454
2006-12-29,44007,Providence,3.2108,-3.9163,48.712,2.5349
2006-12-30,44007,Providence,4.6157,-3.7121,56.5967,3.4382
2006-12-31,44007,Providence,3.9057,-3.134,51.9093,2.8299
2007-01-01,44007,Providence,8.7699,-2.6425,68.5738,3.711
2007-01-02,44007,Providence,8.6425,-1.9512,48.3009,5.0986
2007-01-03,44007,Providence,7.9243,-1.9731,48.7064,4.8635
2007-01-04,44007,Providence,11.1281,-0.2775,54.2519,4.3487
2007-01-05,44007,Providence,14.6994,3.859,69.01,4.7946
2007-01-06,44007,Providence,17.689,9.4627,59.0767,6.2413
2007-01-07,44007,Providence,11.4182,3.0914,41.2111,3.4308
2007-01-08,44007,Providence,15.6688,3.0368,55.3957,6.4713
2007-01-09,44007,Providence,5.5246,-1.4088,41.1593,5.0199
2007-01-10,44007,Providence,2.5561,-5.6905,36.8624,5.0421
2007-01-11,44007,Providence,0.8061,-6.5856,45.6048,4.0667
2007-01-12,44007,Providence,6.9817,-1.8712,56.9064,5.4707
2007-01-13,44007,Providence,9.4728,1.7017,59.603,3.3422
2007-01-14,44007,Providence,4.8551,1.277,62.4317,2.3232
2007-01-15,44007,Providence,8.9927,0.8728,63.4514,3.0546
2007-01-16,44007,Providence,8.4696,-7.6139,43.1355,5.304
2007-01-17,44007,Providence,-5.5317,-12.9878,29.182,4.3297
2007-01-18,44007,Providence,2.4081,-10.2334,57.1265,2.3817
2007-01-19,44007,Providence,3.2264,-2.7002,57.0525,4.8471
2007-01-20,44007,Providence,-0.2012,-11.6081,37.4272,7.8573
2007-01-21,44007,Providence,-3.2842,-13.2941,36.6395,4.1762
2007-01-22,44007,Providence,-1.7496,-8.626,58.3179,1.5877
2007-01-23,44007,Providence,-1.2248,-5.8701,57.2926,2.6756
2007-01-24,44007,Providence,1.604,-5.8343,55.2789,2.6266
2007-01-25,44007,Providence,-1.1976,-12.3182,46.7853,4.0715
2007-01-26,44007,Providence,-10.5454,-16.8687,37.7323,6.0332
2007-01-27,44007,Providence,-1.6748,-16.137,61.7391,2.1033
2007-01-28,44007,Providence,1.1199,-5.2089,58.9386,2.2888
2007-01-29,44007,Providence,-2.3348,-9.6267,47.1564,4.7377
2007-01-30,44007,Providence,-1.8318,-10.2534,50.9364,3.4305
2007-01-31,44007,Providence,0.6151,-6.2173,45.4051,3.3727
2007-02-01,44007,Providence,3.4451,-7.5502,47.2203,2.4747
2007-02-02,44007,Providence,3.8325,-2.2663,58.1264,2.1623
2007-02-03,44007,Providence,3.3345,-7.2822,42.3406,6.0998
2007-02-04,44007,Providence,-3.238,-10.2814,40.9295,5.9992
2007-02-05,44007,Providence,-6.5185,-13.7844,37.3451,7.387
2007-02-06,44007,Providence,-3.4768,-12.0896,42.5519,5.2393
2007-02-07,44007,Providence,-4.3469,-11.7372,39.3558,4.7498
2007-02-08,44007,Providence,-2.5903,-11.3237,40.6729,5.8138
2007-02-09,44007,Providence,-3.4869,-9.8724,42.3305,6.2169
2007-02-10,44007,Providence,0.1967,-11.0855,43.0893,3.4112
2007-02-11,44007,Providence,0.2259,-8.9082,40.3725,3.5846
2007-02-12,44007,Providence,1.6616,-6.7303,40.0237,4.5076
2007-02-13,44007,Providence,-1.8663,-11.6901,28.0936,4.2031
2007-02-14,44007,Providence,3.7959,-8.4169,56.8099,7.0154
2007-02-15,44007,Providence,-3.7408,-13.0652,41.9561,7.5191
2007-02-16,44007,Providence,-2.1555,-13.2586,45.9045,7.1611
2007-02-17,44007,Providence,1.4042,-9.7949,46.9608,4.6689
2007-02-18,44007,Providence,1.3238,-7.6283,46.9831,4.3879
2007-02-19,44007,Providence,-5.0946,-14.7164,39.0949,6.1237
2007-02-20,44007,Providence,5.1372,-8.8464,52.3822,4.066
2007-02-21,44007,Providence,5.4309,-2.6461,46.9742,2.8726
2007-02-22,44007,Providence,6.4314,-3.2187,49.3625,2.1256
2007-02-23,44007,Providence,3.1476,-9.8907,47.9047,6.2001
2007-02-24,44007,Providence,0.0495,-11.8316,46.0986,5.9987
2007-02-25,44007,Providence,3.6549,-8.496,48.5803,2.5931
2007-02-26,44007,Providence,2.4615,-2.3949,56.2153,2.7988
2007-02-27,44007,Providence,2.9636,-2.3822,55.0886,0.9307
2007-02-28,44007,Providence,5.0955,-1.3003,46.301,2.0338
2007-03-01,44007,Providence,4.6012,-3.3936,45.7627,1.851
2007-03-02,44007,Providence,7.7816,0.016,54.9861,5.3172
2007-03-03,44007,Providence,9.1103,-0.1163,45.3656,2.7983
2007-03-04,44007,Providence,5.509,-2.1772,43.4029,5.0307
2007-03-05,44007,Providence,4.2383,-6.2577,38.8979,7.0856
2007-03-06,44007,Providence,-4.0396,-15.6934,25.952,7.6998
2007-03-07,44007,Providence,-6.1349,-16.1042,44.4611,3.5173
2007-03-08,44007,Providence,-3.7056,-14.4826,39.488,4.882
2007-03-09,44007,Providence,-0.1491,-16.0439,41.7724,2.6266
2007-03-10,44007,Providence,9.6018,-5.8518,55.0257,4.0801
2007-03-11,44007,Providence,12.3252,-2.1528,46.9743,3.3879
2007-03-12,44007,Providence,11.5232,-3.2924,38.2754,2.9848
2007-03-13,44007,Providence,11.4924,0.3293,45.3311,3.5082
2007-03-14,44007,Providence,21.161,4.2386,44.2032,4.8734
2007-03-15,44007,Providence,17.338,2.2189,50.6295,4.01
2007-03-16,44007,Providence,4.8762,-2.2017,47.3991,7.765
2007-03-17,44007,Providence,5.1842,-4.3529,58.9374,3.5019
2007-03-18,44007,Providence,1.6446,-6.3623,42.1789,5.6693
2007-03-19,44007,Providence,4.4448,-6.5074,49.4032,5.0754
2007-03-20,44007,Providence,7.0428,-7.8988,46.429,5.4312
2007-03-21,44007,Providence,3.9132,-10.0548,44.8539,2.8006
2007-03-22,44007,Providence,11.9278,-1.3476,56.3658,6.0786
2007-03-23,44007,Providence,18.6083,3.7839,39.0916,3.6053
2007-03-24,44007,Providence,11.8765,0.4952,41.5012,2.3034
2007-03-25,44007,Providence,10.4927,0.9579,46.6026,2.003
2007-03-26,44007,Providence,10.7318,1.6253,52.5868,4.1991
2007-03-27,44007,Providence,18.9866,4.2696,50.9881,2.6886
2007-03-28,44007,Providence,13.0855,0.0385,37.3287,5.2379
2007-03-29,44007,Providence,9.4022,-1.3182,24.571,5.8145
2007-03-30,44007,Providence,14.892,-1.1678,25.5375,3.7559
2007-03-31,44007,Providence,11.3777,-1.065,30.1865,2.3262
2007-04-01,44007,Providence,13.0326,0.1639,39.8221,2.262
2007-04-02,44007,Providence,13.0455,3.7934,58.0843,2.695
2007-04-03,44007,Providence,11.1947,1.6069,56.4606,2.8732
2007-04-04,44007,Providence,7.1938,0.8839,64.5369,4.81
2007-04-05,44007,Providence,6.0295,-3.0557,52.6134,4.6898
2007-04-06,44007,Providence,3.1654,-5.9228,51.3595,4.2147
2007-04-07,44007,Providence,4.6433,-2.7309,44.4522,1.9514
2007-04-08,44007,Providence,4.4142,-4.3035,47.83,5.6347
2007-04-09,44007,Providence,7.5443,-3.3618,48.0978,4.4046
2007-04-10,44007,Providence,7.5687,-0.8322,43.1568,3.2591
2007-04-11,44007,Providence,8.3982,-0.4434,44.5887,1.5646
2007-04-12,44007,Providence,6.9639,0.6056,63.8436,4.5502
2007-04-13,44007,Providence,9.6571,-0.3315,56.0879,4.7378
2007-04-14,44007,Providence,12.3984,1.8748,46.2413,2.8921
2007-04-15,44007,Providence,8.2137,3.9726,64.0729,7.1669
2007-04-16,44007,Providence,11.8006,3.6591,65.5859,5.9847
2007-04-17,44007,Providence,7.506,2.6042,61.8022,6.1683
2007-04-18,44007,Providence,6.9004,2.2693,63.1425,5.627
2007-04-19,44007,Providence,14.2235,2.4778,42.7055,3.8104
2007-04-20,44007,Providence,17.2978,1.3561,33.0182,3.068
2007-04-21,44007,Providence,22.6423,2.2504,30.1396,2.9367
2007-04-22,44007,Providence,22.0182,5.8272,34.1179,1.9993
2007-04-23,44007,Providence,25.8796,6.3784,41.2901,4.6515
2007-04-24,44007,Providence,21.9871,9.7082,42.5713,3.8682
2007-04-25,44007,Providence,15.8817,5.2435,45.9712,1.4365
2007-04-26,44007,Providence,16.6577,3.8937,46.1849,1.9973
2007-04-27,44007,Providence,16.4392,6.1184,66.578,2.6346
2007-04-28,44007,Providence,19.9847,8.8985,58.1877,2.7054
2007-04-29,44007,Providence,18.2069,9.5771,56.203,1.8619
2007-04-30,44007,Providence,21.8138,7.5746,42.6353,4.6357
2007-05-01,44007,Providence,18.1017,5.1727,41.4506,3.0911
2007-05-02,44007,Providence,16.9518,6.5773,45.4328,2.4023
2007-05-03,44007,Providence,17.8571,3.2939,32.4622,3.1505
2007-05-04,44007,Providence,17.4765,3.2498,31.1339,3.4447
2007-05-05,44007,Providence,18.5729,4.0544,35.0196,2.605
2007-05-06,44007,Providence,13.7508,3.2574,45.0136,4.1373
2007-05-07,44007,Providence,19.1735,1.4517,36.0198,1.9991
2007-05-08,44007,Providence,22.4008,3.3321,40.2239,4.4335
2007-05-09,44007,Providence,26.3981,9.2699,48.4316,3.8744
2007-05-10,44007,Providence,28.225,13.7825,52.9726,3.3386
2007-05-11,44007,Providence,24.4385,14.403,55.6338,2.8873
2007-05-12,44007,Providence,20.3775,9.0346,52.9599,2.6642
2007-05-13,44007,Providence,17.786,5.7349,38.1653,3.2636
2007-05-14,44007,Providence,20.7525,3.0679,33.9851,3.2529
2007-05-15,44007,Providence,24.8301,7.6901,50.6294,5.2015
2007-05-16,44007,Providence,27.4417,14.4011,51.4938,3.9562
2007-05-17,44007,Providence,19.7631,7.5761,52.6707,2.8973
2007-05-18,44007,Providence,10.5325,6.051,62.3231,4.7273
2007-05-19,44007,Providence,16.0337,6.4753,61.2798,2.3617
2007-05-20,44007,Providence,21.2927,8.6133,51.3088,2.9905
2007-05-21,44007,Providence,19.3202,9.4024,46.899,2.8128
2007-05-22,44007,Providence,20.9829,7.5746,39.5905,1.509
2007-05-23,44007,Providence,21.2485,7.4499,51.0536,3.007
2007-05-24,44007,Providence,28.5194,10.349,49.2181,3.3276
2007-05-25,44007,Providence,31.8892,16.0807,42.4691,3.0668
2007-05-26,44007,Providence,28.9076,16.5506,43.4622,3.34
2007-05-27,44007,Providence,23.8295,14.0138,47.7948,2.1825
2007-05-28,44007,Providence,28.1509,14.0206,47.5966,3.5907
2007-05-29,44007,Providence,22.947,11.4657,45.2274,2.9306
2007-05-30,44007,Providence,25.335,13.2176,44.5422,2.0837
2007-05-31,44007,Providence,22.6642,13.4461,57.7851,2.0573
2007-06-01,44007,Providence,29.3427,12.3495,62.8307,2.8535
2007-06-02,44007,Providence,29.5517,17.5545,57.8741,2.8048
2007-06-03,44007,Providence,24.1441,16.0625,69.7558,3.2838
2007-06-04,44007,Providence,20.1809,15.6889,74.9444,4.6332
2007-06-05,44007,Providence,26.2418,16.1729,66.0567,4.0062
2007-06-06,44007,Providence,19.6374,10.9708,58.6401,3.3119
2007-06-07,44007,Providence,21.3995,8.4226,56.3376,2.6685
2007-06-08,44007,Providence,25.6963,12.9425,67.6979,2.2922
2007-06-09,44007,Providence,20.0448,13.0428,75.5349,2.0572
2007-06-10,44007,Providence,22.1769,10.8527,64.5691,1.8603
2007-06-11,44007,Providence,25.293,14.2389,63.6187,2.5486
2007-06-12,44007,Providence,24.5793,15.4336,64.2315,3.617
2007-06-13,44007,Providence,17.9585,8.7658,70.7661,4.4122
2007-06-14,44007,Providence,17.8883,8.7702,67.6516,3.8794
2007-06-15,44007,Providence,21.2567,10.4597,62.7277,2.003
2007-06-16,44007,Providence,24.7487,11.3876,65.0694,2.138
2007-06-17,44007,Providence,28.32,14.1478,61.8251,2.91
2007-06-18,44007,Providence,25.9406,15.8545,55.893,2.2047
2007-06-19,44007,Providence,25.9302,14.9529,61.4822,2.5506
2007-06-20,44007,Providence,26.1719,14.5632,64.4734,3.0349
2007-06-21,44007,Providence,24.2561,11.6785,58.6252,3.3677
2007-06-22,44007,Providence,21.599,12.0044,55.5383,4.4831
2007-06-23,44007,Providence,20.2727,8.9556,52.6444,3.7369
2007-06-24,44007,Providence,23.6237,7.7936,54.5338,3.11
2007-06-25,44007,Providence,28.0718,14.2236,59.9556,3.7557
2007-06-26,44007,Providence,31.4046,17.3852,63.2052,3.5157
2007-06-27,44007,Providence,32.6319,19.7608,62.1509,4.0119
2007-06-28,44007,Providence,30.8036,19.5075,60.8944,4.1009
2007-06-29,44007,Providence,23.8028,13.849,59.3474,2.1822
2007-06-30,44007,Providence,23.82,11.7736,54.35,2.4233
2007-07-01,44007,Providence,20.9799,11.6516,59.4397,2.7086
2007-07-02,44007,Providence,21.1317,7.9779,57.8052,3.213
2007-07-03,44007,Providence,23.892,9.5106,59.4419,2.4308
2007-07-04,44007,Providence,24.0263,13.9141,68.2958,4.3582
2007-07-05,44007,Providence,24.5154,16.0245,81.5263,4.4691
2007-07-06,44007,Providence,26.0351,17.1727,68.8445,2.6405
2007-07-07,44007,Providence,26.603,14.9662,65.4671,3.0783
2007-07-08,44007,Providence,29.3484,17.6458,64.0641,3.1728
2007-07-09,44007,Providence,28.1594,19.1881,71.8412,2.9936
2007-07-10,44007,Providence,31.1783,20.0099,69.4498,2.4217
2007-07-11,44007,Providence,29.17,19.9674,72.3459,3.8286
2007-07-12,44007,Providence,27.705,16.3871,61.0516,2.8505
2007-07-13,44007,Providence,27.106,14.2178,56.1942,3.4088
2007-07-14,44007,Providence,27.2002,16.3393,54.8858,2.6372
2007-07-15,44007,Providence,30.2412,17.0314,65.5027,4.0715
2007-07-16,44007,Providence,28.2166,19.1476,60.4273,1.5899
2007-07-17,44007,Providence,29.073,17.9601,52.193,1.4381
2007-07-18,44007,Providence,25.8707,17.7094,70.79,2.2638
2007-07-19,44007,Providence,29.262,18.052,67.8983,2.9214
2007-07-20,44007,Providence,28.3092,15.2929,65.0163,3.7199
2007-07-21,44007,Providence,26.4407,12.551,58.2223,2.4106
2007-07-22,44007,Providence,26.8932,14.6101,53.5057,3.2749
2007-07-23,44007,Providence,21.9751,14.6634,83.8526,3.9209
2007-07-24,44007,Providence,28.4349,17.0641,60.8033,2.7624
2007-07-25,44007,Providence,30.3342,16.9601,49.8944,2.2132
2007-07-26,44007,Providence,31.5596,16.5533,53.176,2.4924
2007-07-27,44007,Providence,31.59,19.7241,55.7747,2.7828
2007-07-28,44007,Providence,29.6659,19.5311,65.5804,2.6382
2007-07-29,44007,Providence,29.4948,20.9568,64.0256,1.206
2007-07-30,44007,Providence,27.3394,21.0873,68.7181,0.8717
2007-07-31,44007,Providence,28.017,18.3622,65.3271,1.43
2007-08-01,44007,Providence,29.0809,18.6052,63.4843,1.3583
2007-08-02,44007,Providence,31.6232,19.1125,64.4015,2.5302
2007-08-03,44007,Providence,32.0441,20.4164,62.5528,3.5767
2007-08-04,44007,Providence,31.3201,19.1508,59.4874,3.0777
2007-08-05,44007,Providence,25.953,14.788,50.8163,2.1491
2007-08-06,44007,Providence,27.2552,14.2985,76.0552,3.2006
2007-08-07,44007,Providence,30.0204,19.7413,70.4463,1.4293
2007-08-08,44007,Providence,31.5617,20.2238,68.1981,4.0216
2007-08-09,44007,Providence,26.0232,15.8333,58.5853,2.0292
2007-08-10,44007,Providence,19.3904,13.7909,69.3078,2.2642
2007-08-11,44007,Providence,27.1808,11.3372,55.8621,2.06
2007-08-12,44007,Providence,29.4663,15.8899,57.0992,2.2735
2007-08-13,44007,Providence,29.223,17.3903,60.9928,2.693
2007-08-14,44007,Providence,23.822,14.331,55.3673,2.3656
2007-08-15,44007,Providence,27.7217,13.2955,58.5398,3.7845
2007-08-16,44007,Providence,29.4002,17.145,66.2679,3.0699
2007-08-17,44007,Providence,26.5428,17.8733,63.1652,2.509
2007-08-18,44007,Providence,20.2158,10.698,59.8686,4.6191
2007-08-19,44007,Providence,22.1797,9.2328,56.7524,2.3312
2007-08-20,44007,Providence,22.0492,12.5398,54.5508,2.4141
2007-08-21,44007,Providence,19.9966,9.6816,64.2203,2.5377
2007-08-22,44007,Providence,20.5446,9.0059,66.3231,2.1639
2007-08-23,44007,Providence,22.3374,15.1246,73.1959,1.6875
2007-08-24,44007,Providence,29.8093,17.385,67.4039,3.9963
2007-08-25,44007,Providence,33.743,19.7052,65.8063,4.2263
2007-08-26,44007,Providence,31.027,18.8757,57.0759,2.7034
2007-08-27,44007,Providence,27.784,15.5157,56.1173,2.6483
2007-08-28,44007,Providence,27.4034,13.9945,51.023,1.7177
2007-08-29,44007,Providence,27.7728,14.5879,52.8788,1.6585
2007-08-30,44007,Providence,29.4907,14.8047,53.343,2.1442
2007-08-31,44007,Providence,27.8698,16.3777,65.5878,2.4834
2007-09-01,44007,Providence,24.0475,10.611,52.509,3.5941
2007-09-02,44007,Providence,23.5337,7.8051,46.2151,2.1821
2007-09-03,44007,Providence,27.6564,11.1243,57.7883,4.214
2007-09-04,44007,Providence,25.5384,10.8917,52.8436,2.817
2007-09-05,44007,Providence,23.4743,8.4575,40.1086,1.9465
2007-09-06,44007,Providence,25.6464,10.315,57.2037,3.459
2007-09-07,44007,Providence,31.1991,15.5178,58.7071,4.498
2007-09-08,44007,Providence,32.5539,18.5196,55.348,4.3537
2007-09-09,44007,Providence,28.0253,17.5897,66.3895,2.02
2007-09-10,44007,Providence,26.8875,16.7359,68.1024,1.6759
2007-09-11,44007,Providence,21.1821,15.1677,87.2315,3.5521
2007-09-12,44007,Providence,20.9868,11.5967,60.597,4.4017
2007-09-13,44007,Providence,20.4814,9.576,59.3456,1.2022
2007-09-14,44007,Providence,22.4689,12.2621,65.0191,2.5609
2007-09-15,44007,Providence,18.3228,8.4496,85.7297,3.0324
2007-09-16,44007,Providence,16.2808,6.0713,59.5931,1.8777
2007-09-17,44007,Providence,16.1316,9.026,60.0172,2.6264
2007-09-18,44007,Providence,17.8758,6.504,61.3254,2.753
2007-09-19,44007,Providence,20.9124,6.9013,62.0042,1.6541
2007-09-20,44007,Providence,24.6793,9.7559,62.059,2.3949
2007-09-21,44007,Providence,24.4992,13.5019,63.8457,1.6279
2007-09-22,44007,Providence,25.106,12.2693,73.6071,3.5251
2007-09-23,44007,Providence,23.2255,11.2444,55.721,3.3686
2007-09-24,44007,Providence,24.8864,9.1368,46.5404,2.8179
2007-09-25,44007,Providence,27.9216,11.0765,56.0863,4.396
2007-09-26,44007,Providence,30.7814,17.3463,58.2114,4.117
2007-09-27,44007,Providence,28.2168,17.5623,66.5813,3.7089
2007-09-28,44007,Providence,24.4765,14.9045,64.1743,3.1957
2007-09-29,44007,Providence,20.9742,9.2195,48.0706,3.6757
2007-09-30,44007,Providence,18.9476,6.2359,55.273,2.157
2007-10-01,44007,Providence,20.4706,6.8502,54.447,2.4815
2007-10-02,44007,Providence,23.4842,7.4871,55.971,1.9557
2007-10-03,44007,Providence,25.6637,11.5196,64.8799,2.493
2007-10-04,44007,Providence,28.4262,13.9502,55.2133,2.1866
2007-10-05,44007,Providence,28.4909,15.6569,55.2918,2.481
2007-10-06,44007,Providence,28.7622,14.6056,53.9119,2.7133
2007-10-07,44007,Providence,19.5748,12.2028,69.9164,2.5776
2007-10-08,44007,Providence,24.9089,11.7742,67.914,2.3892
2007-10-09,44007,Providence,18.1635,8.9555,71.6617,2.5742
2007-10-10,44007,Providence,17.017,9.2636,82.7168,2.9592
2007-10-11,44007,Providence,17.7721,11.4901,78.4841,4.3109
2007-10-12,44007,Providence,16.4089,5.526,75.2098,4.214
2007-10-13,44007,Providence,14.0879,2.9057,52.5648,3.763
2007-10-14,44007,Providence,13.2905,6.855,52.6877,3.9096
2007-10-15,44007,Providence,15.025,5.1485,56.4629,3.4459
2007-10-16,44007,Providence,15.6285,5.9548,48.4003,2.6527
2007-10-17,44007,Providence,19.4681,4.0422,58.9791,1.8386
2007-10-18,44007,Providence,23.5943,11.7098,66.7225,2.5725
2007-10-19,44007,Providence,19.5712,14.6803,84.7743,4.3166
2007-10-20,44007,Providence,21.0685,11.9965,66.5747,4.9143
2007-10-21,44007,Providence,21.8013,9.5985,51.6503,3.9473
2007-10-22,44007,Providence,23.7176,10.0813,57.8521,3.9643
2007-10-23,44007,Providence,23.9685,13.1989,74.096,5.9753
2007-10-24,44007,Providence,18.9184,9.3746,79.252,2.909
2007-10-25,44007,Providence,12.2884,5.2379,69.3873,3.8749
2007-10-26,44007,Providence,14.8803,4.0913,71.7038,4.1098
2007-10-27,44007,Providence,19.3845,11.2259,85.5141,5.2437
2007-10-28,44007,Providence,14.3189,2.1551,55.0302,4.8192
2007-10-29,44007,Providence,7.7217,-0.4526,46.7628,3.1935
2007-10-30,44007,Providence,14.875,0.1357,56.7046,2.8698
2007-10-31,44007,Providence,16.8822,4.2752,63.5075,4.092
2007-11-01,44007,Providence,19.5557,5.7726,56.709,4.5107
2007-11-02,44007,Providence,10.283,0.4897,51.5781,4.4758
2007-11-03,44007,Providence,8.7903,1.879,73.5407,7.2033
2007-11-04,44007,Providence,12.1574,-0.4768,46.7994,2.9242
2007-11-05,44007,Providence,12.8443,0.8034,48.3803,1.8945
2007-11-06,44007,Providence,12.3185,1.0214,71.3419,4.9861
2007-11-07,44007,Providence,9.159,-0.8143,50.9177,3.9692
2007-11-08,44007,Providence,5.9327,-0.7523,48.6289,1.7483
2007-11-09,44007,Providence,6.6547,-0.3342,54.9263,2.9052
2007-11-10,44007,Providence,3.9502,-3.0477,63.4839,4.4735
2007-11-11,44007,Providence,3.9149,-4.5859,50.0857,3.2363
2007-11-12,44007,Providence,7.2307,-3.9862,53.4227,2.295
2007-11-13,44007,Providence,12.9538,1.9266,63.426,2.8816
2007-11-14,44007,Providence,13.6176,0.2876,73.086,3.7832
2007-11-15,44007,Providence,17.6072,7.1859,71.1348,5.1193
2007-11-16,44007,Providence,9.3352,-1.236,53.0501,6.5938
2007-11-17,44007,Providence,5.0861,-2.3918,48.2466,4.1219
2007-11-18,44007,Providence,5.2065,-2.8408,46.5049,2.6907
2007-11-19,44007,Providence,4.123,-3.3617,63.0119,3.7685
2007-11-20,44007,Providence,5.2107,-4.4188,77.045,2.3291
2007-11-21,44007,Providence,7.4644,-1.1512,71.2646,1.6163
2007-11-22,44007,Providence,17.4657,4.9046,68.1016,4.1608
2007-11-23,44007,Providence,10.0926,-5.0368,37.3568,5.1622
2007-11-24,44007,Providence,0.1202,-6.9244,40.3016,3.1342
2007-11-25,44007,Providence,6.3203,-4.3215,47.6958,3.7308
2007-11-26,44007,Providence,12.0188,-1.3866,78.2341,3.2469
2007-11-27,44007,Providence,14.1994,0.8244,64.7314,5.8733
2007-11-28,44007,Providence,4.6171,-2.2412,49.9933,3.0005
2007-11-29,44007,Providence,10.3646,-1.6977,63.3282,5.2014
2007-11-30,44007,Providence,5.4269,-1.3951,42.6363,5.2579
2007-12-01,44007,Providence,1.8874,-10.0078,33.3563,6.1672
2007-12-02,44007,Providence,-1.2419,-10.0021,58.4678,2.3399
2007-12-03,44007,Providence,4.5681,-3.8869,70.8183,5.0901
2007-12-04,44007,Providence,-1.5823,-6.8921,58.5984,6.2443
2007-12-05,44007,Providence,0.2714,-7.3052,65.0602,3.0888
2007-12-06,44007,Providence,-2.5214,-9.6472,60.2468,3.4763
2007-12-07,44007,Providence,2.8525,-8.7772,71.0603,2.7212
2007-12-08,44007,Providence,3.6506,-3.368,63.5382,3.2017
2007-12-09,44007,Providence,0.8696,-4.7608,67.026,1.5679
2007-12-10,44007,Providence,0.9442,-2.9151,74.5364,1.9987
2007-12-11,44007,Providence,3.4924,-4.7072,70.8648,2.7944
2007-12-12,44007,Providence,7.7589,-4.2029,66.291,4.9201
2007-12-13,44007,Providence,-0.1538,-5.9329,62.0368,3.1378
2007-12-14,44007,Providence,1.4787,-3.6267,71.3674,3.6639
2007-12-15,44007,Providence,-0.7047,-9.5236,51.1974,4.1275
2007-12-16,44007,Providence,3.7807,-8.0977,81.8391,6.9912
2007-12-17,44007,Providence,1.2745,-10.5642,46.7991,6.9658
2007-12-18,44007,Providence,-1.7728,-10.5817,63.5339,3.2453
2007-12-19,44007,Providence,2.5192,-7.8152,78.4007,1.8827
2007-12-20,44007,Providence,2.2179,-1.8567,74.4915,2.6449
2007-12-21,44007,Providence,1.0402,-5.823,74.1427,3.1666
2007-12-22,44007,Providence,1.9466,-6.0347,73.8942,2.5428
2007-12-23,44007,Providence,9.3442,-1.628,71.4028,4.9102
2007-12-24,44007,Providence,8.9434,-1.7352,49.5776,5.8837
2007-12-25,44007,Providence,4.3578,-3.2914,59.0924,3.8784
2007-12-26,44007,Providence,5.0534,-3.5927,61.1253,2.4275
2007-12-27,44007,Providence,4.0529,-0.6445,72.9601,3.5376
2007-12-28,44007,Providence,5.029,-2.344,62.5912,2.7297
2007-12-29,44007,Providence,9.0416,-1.9287,54.4949,3.248
2007-12-30,44007,Providence,3.7629,-4.437,64.6344,2.2635
2007-12-31,44007,Providence,2.7211,-5.0707,80.2327,4.3133
2008-01-01,44007,Providence,4.5031,-5.4075,63.0882,3.3195
2008-01-02,44007,Providence,1.6447,-12.8927,58.6141,5.3153
2008-01-03,44007,Providence,-9.8536,-15.7292,49.26,4.9766
2008-01-04,44007,Providence,-0.9161,-15.6756,58.5346,3.9365
2008-01-05,44007,Providence,3.358,-6.7838,59.593,3.067
2008-01-06,44007,Providence,4.5367,-0.6459,59.1331,2.7314
2008-01-07,44007,Providence,7.8958,-0.3543,62.3944,2.9812
2008-01-08,44007,Providence,11.9534,2.0546,54.7731,3.4969
2008-01-09,44007,Providence,16.4387,2.5231,49.8178,6.2905
2008-01-10,44007,Providence,8.8313,-0.9633,40.505,2.6779
2008-01-11,44007,Providence,13.8087,0.4776,61.7926,3.9797
2008-01-12,44007,Providence,9.4285,-0.4998,50.3227,2.6322
2008-01-13,44007,Providence,7.0138,-1.5547,50.7804,3.856
2008-01-14,44007,Providence,3.6405,-3.1766,61.4331,4.4259
2008-01-15,44007,Providence,2.7286,-4.3105,60.1709,2.98
2008-01-16,44007,Providence,1.2562,-6.0188,52.9077,3.7574
2008-01-17,44007,Providence,2.3619,-6.8751,59.479,2.0834
2008-01-18,44007,Providence,6.6735,-4.3142,58.9771,4.7392
2008-01-19,44007,Providence,1.913,-6.5512,54.9053,2.9927
2008-01-20,44007,Providence,0.2387,-10.3025,47.0087,4.7388
2008-01-21,44007,Providence,-3.7369,-11.9996,48.8464,4.0127
2008-01-22,44007,Providence,3.8357,-8.8241,62.7796,5.1744
2008-01-23,44007,Providence,3.0051,-5.0824,51.0106,3.542
2008-01-24,44007,Providence,0.089,-6.8719,48.6099,2.2405
2008-01-25,44007,Providence,-0.6776,-11.1385,50.0013,4.5285
2008-01-26,44007,Providence,0.7226,-9.289,54.9106,1.9913
2008-01-27,44007,Providence,2.7482,-4.7326,58.7155,5.1521
2008-01-28,44007,Providence,2.0171,-6.8788,52.5616,4.7999
2008-01-29,44007,Providence,3.9897,-6.9901,56.0151,2.1655
2008-01-30,44007,Providence,5.7049,-4.3221,58.7044,5.2311
2008-01-31,44007,Providence,0.655,-6.238,48.977,2.6844
2008-02-01,44007,Providence,7.687,-5.5235,65.5753,5.6245
2008-02-02,44007,Providence,7.2662,-3.5927,60.3399,5.2745
2008-02-03,44007,Providence,5.226,-4.3719,58.8311,2.5924
2008-02-04,44007,Providence,3.4469,-3.7227,65.7266,1.6552
2008-02-05,44007,Providence,6.5075,-1.5144,69.8662,3.4337
2008-02-06,44007,Providence,8.4722,-0.073,65.2919,1.9911
2008-02-07,44007,Providence,4.1819,-2.1926,67.2381,2.601
2008-02-08,44007,Providence,4.3262,-2.6718,68.6834,1.8181
2008-02-09,44007,Providence,3.8202,-4.4636,65.0236,2.1635
2008-02-10,44007,Providence,5.6487,-8.6393,58.8838,5.4738
2008-02-11,44007,Providence,-3.4414,-12.0912,33.3856,7.3873
2008-02-12,44007,Providence,-0.7933,-12.3691,53.2217,2.8113
2008-02-13,44007,Providence,8.3264,-5.4625,75.9389,4.5769
2008-02-14,44007,Providence,4.2257,-4.225,50.4585,4.2451
2008-02-15,44007,Providence,7.3741,-3.6148,47.5859,5.1859
2008-02-16,44007,Providence,0.2293,-8.5534,39.227,3.4599
2008-02-17,44007,Providence,5.6298,-8.2301,65.3,3.9615
2008-02-18,44007,Providence,15.7537,2.5334,70.0949,5.598
2008-02-19,44007,Providence,7.4231,-3.14,42.1121,5.8088
2008-02-20,44007,Providence,0.3079,-5.8663,28.3341,4.7747
2008-02-21,44007,Providence,-1.7133,-8.5755,34.438,3.2348
2008-02-22,44007,Providence,1.235,-7.6728,67.2521,3.0129
2008-02-23,44007,Providence,1.3083,-5.4686,67.2788,2.2117
2008-02-24,44007,Providence,1.9398,-7.187,58.0862,3.2033
2008-02-25,44007,Providence,4.0428,-6.8565,59.0354,2.6267
2008-02-26,44007,Providence,5.5084,-4.0181,67.5257,2.6308
2008-02-27,44007,Providence,5.3262,-5.3392,65.6069,3.7434
2008-02-28,44007,Providence,-1.8414,-10.2036,47.3641,4.6786
2008-02-29,44007,Providence,-1.4742,-12.0812,47.7974,2.7591
2008-03-01,44007,Providence,4.8289,-4.0896,62.344,4.9609
2008-03-02,44007,Providence,3.6828,-5.3316,45.0361,4.7156
2008-03-03,44007,Providence,7.0608,-5.9504,55.0966,4.174
2008-03-04,44007,Providence,15.4906,1.5243,57.6186,3.5144
2008-03-05,44007,Providence,14.294,0.0751,55.3075,5.8964
2008-03-06,44007,Providence,9.3039,-1.8725,43.2035,1.4647
2008-03-07,44007,Providence,10.6406,-0.6399,56.4208,3.3508
2008-03-08,44007,Providence,15.6883,5.4465,66.5191,5.4374
2008-03-09,44007,Providence,9.1866,-3.2394,30.7763,7.4811
2008-03-10,44007,Providence,3.9842,-4.2769,32.824,3.8663
2008-03-11,44007,Providence,6.0342,-3.8797,40.5113,2.7946
2008-03-12,44007,Providence,7.6965,-1.7254,55.0369,3.9972
2008-03-13,44007,Providence,6.6909,-3.3473,40.2948,2.4662
2008-03-14,44007,Providence,10.6667,-1.4948,56.8269,1.909
2008-03-15,44007,Providence,8.9208,-0.671,58.9927,4.0524
2008-03-16,44007,Providence,8.1685,-0.8831,50.701,3.7767
2008-03-17,44007,Providence,6.8143,-2.7991,35.6453,5.3587
2008-03-18,44007,Providence,6.3292,-2.8823,35.7753,1.667
2008-03-19,44007,Providence,9.464,-0.4409,66.0856,3.4117
2008-03-20,44007,Providence,11.7119,0.866,55.165,6.1232
2008-03-21,44007,Providence,3.7054,-3.5093,36.6749,8.2205
2008-03-22,44007,Providence,6.5895,-3.9535,28.2986,4.2756
2008-03-23,44007,Providence,5.8109,-4.3502,30.6828,2.9
2008-03-24,44007,Providence,7.1125,-2.9579,35.373,1.508
2008-03-25,44007,Providence,5.7908,-2.8947,42.5283,3.0902
2008-03-26,44007,Providence,14.1179,-0.3525,43.8837,4.7004
2008-03-27,44007,Providence,12.8596,1.5456,39.1826,2.2903
2008-03-28,44007,Providence,8.438,1.229,60.7474,3.0168
2008-03-29,44007,Providence,4.5463,-5.169,42.0379,5.24
2008-03-30,44007,Providence,7.0896,-5.7611,34.1405,2.3531
2008-03-31,44007,Providence,9.4127,-2.2425,64.8369,4.5871
2008-04-01,44007,Providence,16.7258,7.4698,67.0436,7.4171
2008-04-02,44007,Providence,13.9425,-1.1985,30.7271,6.1918
2008-04-03,44007,Providence,10.4893,-1.7752,33.1615,3.8612
2008-04-04,44007,Providence,9.9273,0.4494,71.0022,2.5575
2008-04-05,44007,Providence,16.0151,5.7284,55.7577,2.0169
2008-04-06,44007,Providence,10.475,2.4576,55.1723,5.3925
2008-04-07,44007,Providence,10.4652,0.53,53.6441,5.3383
2008-04-08,44007,Providence,12.5765,-1.0374,47.0986,2.8959
2008-04-09,44007,Providence,14.4745,-0.3871,52.4584,2.4337
2008-04-10,44007,Providence,19.3762,5.7951,44.005,3.6807
2008-04-11,44007,Providence,12.3329,4.8703,56.0082,1.6363
2008-04-12,44007,Providence,22.3791,7.2057,55.8714,2.8214
2008-04-13,44007,Providence,13.1342,3.52,46.9438,3.3406
2008-04-14,44007,Providence,11.1469,-0.3595,38.6789,2.677
2008-04-15,44007,Providence,13.9099,-0.0976,32.0996,2.2307
2008-04-16,44007,Providence,17.2787,1.3951,31.575,1.6768
2008-04-17,44007,Providence,19.0472,3.0879,31.1899,2.0788
2008-04-18,44007,Providence,23.704,3.0684,30.1316,1.5375
2008-04-19,44007,Providence,22.516,6.9263,36.6154,2.3693
2008-04-20,44007,Providence,18.7398,5.0359,47.7122,3.3738
2008-04-21,44007,Providence,15.994,4.5458,52.912,2.6557
2008-04-22,44007,Providence,21.6441,4.6935,46.93,1.856
2008-04-23,44007,Providence,23.6264,7.739,49.6691,3.4457
2008-04-24,44007,Providence,22.3084,8.4689,37.6156,3.5012
2008-04-25,44007,Providence,21.6889,5.8842,32.5191,1.795
2008-04-26,44007,Providence,15.1182,4.1853,47.0656,2.8443
2008-04-27,44007,Providence,13.4215,5.7436,54.2269,1.5367
2008-04-28,44007,Providence,14.458,4.1784,68.4361,4.4178
2008-04-29,44007,Providence,16.7201,3.652,64.8394,3.9338
2008-04-30,44007,Providence,11.9904,1.3524,41.5047,3.1457
2008-05-01,44007,Providence,15.1644,2.5542,38.4221,2.273
2008-05-02,44007,Providence,12.3605,5.5524,62.1049,2.5906
2008-05-03,44007,Providence,10.2463,6.4271,62.1251,3.9526
2008-05-04,44007,Providence,19.3771,6.8459,59.3388,2.3676
2008-05-05,44007,Providence,19.4821,7.4028,46.5002,1.6514
2008-05-06,44007,Providence,22.1351,8.1901,39.1055,1.6457
2008-05-07,44007,Providence,21.9553,8.578,38.1988,2.9966
2008-05-08,44007,Providence,24.2041,12.3129,50.8897,3.8334
2008-05-09,44007,Providence,14.1255,7.5286,60.7957,3.7988
2008-05-10,44007,Providence,16.2126,7.258,52.9251,3.8719
2008-05-11,44007,Providence,16.8913,5.2708,48.5631,2.9779
2008-05-12,44007,Providence,12.9642,5.2196,53.0091,6.5869
2008-05-13,44007,Providence,17.5443,5.7832,41.9953,4.5095
2008-05-14,44007,Providence,20.4416,5.3907,40.2953,1.8755
2008-05-15,44007,Providence,20.2022,7.3793,53.9618,2.5168
2008-05-16,44007,Providence,17.656,8.5472,56.2352,3.303
2008-05-17,44007,Providence,21.6516,7.8609,46.9471,4.2687
2008-05-18,44007,Providence,20.7042,10.5531,49.7637,2.9631
2008-05-19,44007,Providence,16.0456,6.906,46.3055,5.8883
2008-05-20,44007,Providence,16.7059,4.0332,55.6522,3.1153
2008-05-21,44007,Providence,18.9872,7.0533,50.2108,3.2338
2008-05-22,44007,Providence,15.0401,8.0482,51.3538,3.5993
2008-05-23,44007,Providence,20.6166,5.6618,46.4061,4.3168
2008-05-24,44007,Providence,19.3285,6.9174,47.1435,3.3579
2008-05-25,44007,Providence,22.7719,8.0599,40.7687,2.4492
2008-05-26,44007,Providence,24.3631,9.1876,52.2689,5.2591
2008-05-27,44007,Providence,27.7078,14.1611,53.4561,3.6351
2008-05-28,44007,Providence,17.4402,7.2723,43.6302,3.668
2008-05-29,44007,Providence,22.0514,4.7573,43.4691,3.6875
2008-05-30,44007,Providence,23.7009,8.9829,45.2017,2.3193
2008-05-31,44007,Providence,22.8887,12.9761,65.4027,4.5775
2008-06-01,44007,Providence,25.6072,13.8338,57.6411,3.7225
2008-06-02,44007,Providence,23.8906,10.0076,54.2569,2.7078
2008-06-03,44007,Providence,26.6041,12.2307,52.2185,3.0132
2008-06-04,44007,Providence,18.122,13.9177,73.0148,2.3548
2008-06-05,44007,Providence,21.9049,12.4866,68.3904,2.6737
2008-06-06,44007,Providence,19.6611,12.6481,69.74,2.8302
2008-06-07,44007,Providence,30.6644,12.9233,69.5142,3.2467
2008-06-08,44007,Providence,31.5695,20.6439,62.286,3.0504
2008-06-09,44007,Providence,32.6188,20.6006,59.9878,2.3168
2008-06-10,44007,Providence,32.7,21.8254,59.0964,2.2373
2008-06-11,44007,Providence,27.4018,17.7833,56.2674,3.1608
2008-06-12,44007,Providence,24.2277,13.7426,51.0212,2.9082
2008-06-13,44007,Providence,24.9124,11.7667,48.8072,1.6725
2008-06-14,44007,Providence,27.2129,14.5432,62.4817,1.3836
2008-06-15,44007,Providence,21.4102,13.3293,70.6878,1.92
2008-06-16,44007,Providence,25.3976,12.3998,68.9195,3.2772
2008-06-17,44007,Providence,24.5993,14.4729,60.9386,3.0794
2008-06-18,44007,Providence,22.1771,10.2246,60.5563,2.6066
2008-06-19,44007,Providence,22.9135,12.5184,61.5437,1.9581
2008-06-20,44007,Providence,23.0337,11.8636,62.8404,2.4136
2008-06-21,44007,Providence,25.3598,15.7834,59.4702,2.4966
2008-06-22,44007,Providence,26.5005,15.4934,64.0731,2.8772
2008-06-23,44007,Providence,24.8858,16.2222,70.7683,2.7076
2008-06-24,44007,Providence,25.7632,15.3313,60.0643,2.6987
2008-06-25,44007,Providence,26.4269,13.4155,56.9667,3.148
2008-06-26,44007,Providence,27.1018,14.8495,66.0972,3.253
2008-06-27,44007,Providence,29.5826,18.3943,63.481,2.4257
2008-06-28,44007,Providence,28.5659,19.1299,65.2218,1.933
2008-06-29,44007,Providence,30.9095,18.5864,64.185,2.9493
2008-06-30,44007,Providence,27.731,19.8655,66.7705,3.3969
2008-07-01,44007,Providence,26.3338,18.9198,69.212,2.4324
2008-07-02,44007,Providence,26.1751,17.3178,69.5961,2.67
2008-07-03,44007,Providence,27.617,15.4904,69.9795,4.4111
2008-07-04,44007,Providence,25.2847,18.2345,71.1689,1.2254
2008-07-05,44007,Providence,22.1761,16.8644,80.7019,1.4127
2008-07-06,44007,Providence,25.7563,17.4391,76.9249,1.6282
2008-07-07,44007,Providence,27.6658,18.3034,75.088,2.6809
2008-07-08,44007,Providence,29.2228,18.815,74.2316,4.089
2008-07-09,44007,Providence,29.8143,20.5732,71.1812,4.5568
2008-07-10,44007,Providence,27.3566,14.9894,61.8711,3.7939
2008-07-11,44007,Providence,26.9573,12.7496,58.3857,1.3377
2008-07-12,44007,Providence,28.4244,16.4336,58.5391,2.4532
2008-07-13,44007,Providence,28.6437,16.2821,67.3602,3.9928
2008-07-14,44007,Providence,28.4192,18.1866,65.3729,3.0543
2008-07-15,44007,Providence,29.3727,15.1609,50.1193,1.545
2008-07-16,44007,Providence,30.8334,16.5514,47.1816,1.3165
2008-07-17,44007,Providence,32.558,16.5458,49.3891,1.933
2008-07-18,44007,Providence,33.4476,19.043,51.5308,2.6069
2008-07-19,44007,Providence,34.5085,20.2639,52.5781,3.8478
2008-07-20,44007,Providence,33.1413,21.5747,60.3265,4.2717
2008-07-21,44007,Providence,30.0354,21.8359,66.883,2.6379
2008-07-22,44007,Providence,29.781,19.5377,63.187,2.2286
2008-07-23,44007,Providence,26.9381,17.4667,74.8146,2.7853
2008-07-24,44007,Providence,24.445,19.9562,78.8062,4.6311
2008-07-25,44007,Providence,27.1662,18.6318,67.0427,2.2758
2008-07-26,44007,Providence,27.3042,16.4401,68.1531,2.9359
2008-07-27,44007,Providence,26.0658,18.5131,76.3683,3.3937
2008-07-28,44007,Providence,27.0643,17.2488,69.1604,2.495
2008-07-29,44007,Providence,28.1185,18.2688,64.61,2.9767
2008-07-30,44007,Providence,28.1649,17.348,67.6038,1.9751
2008-07-31,44007,Providence,29.3741,19.287,71.4959,1.6932
2008-08-01,44007,Providence,28.4241,17.9205,68.2075,1.8763
2008-08-02,44007,Providence,28.062,18.6638,67.2696,1.9441
2008-08-03,44007,Providence,26.1516,16.8561,67.2491,2.4633
2008-08-04,44007,Providence,26.6049,15.1052,65.4728,2.8389
2008-08-05,44007,Providence,23.9093,16.253,73.2043,1.966
2008-08-06,44007,Providence,21.2969,15.5925,81.8276,1.8013
2008-08-07,44007,Providence,25.3612,14.1101,72.489,1.7155
2008-08-08,44007,Providence,24.4742,15.4889,67.6279,1.2959
2008-08-09,44007,Providence,24.4337,13.8538,67.2857,1.9002
2008-08-10,44007,Providence,25.1178,16.6624,65.08,1.7692
2008-08-11,44007,Providence,21.8147,14.6416,75.8235,2.6384
2008-08-12,44007,Providence,21.9898,13.2193,72.6298,2.7991
2008-08-13,44007,Providence,25.4617,13.8147,65.81,2.3977
2008-08-14,44007,Providence,24.8295,16.35,69.3249,1.3476
2008-08-15,44007,Providence,25.2416,16.0073,71.8636,1.7357
2008-08-16,44007,Providence,25.4667,15.8342,65.0167,2.4645
2008-08-17,44007,Providence,27.19,13.1895,64.0058,3.351
2008-08-18,44007,Providence,28.2837,16.2434,65.2571,3.5464
2008-08-19,44007,Providence,26.6997,12.705,65.4212,3.5292
2008-08-20,44007,Providence,21.1385,8.6247,61.4705,2.9002
2008-08-21,44007,Providence,24.387,10.2854,60.0724,1.547
2008-08-22,44007,Providence,25.8315,13.9057,61.5961,1.8536
2008-08-23,44007,Providence,26.2823,13.4976,60.0446,1.6874
2008-08-24,44007,Providence,26.2094,13.613,68.1525,2.0785
2008-08-25,44007,Providence,28.054,17.7952,66.7993,3.6442
2008-08-26,44007,Providence,21.1216,10.7353,59.6384,3.2052
2008-08-27,44007,Providence,23.7789,9.6772,55.1959,1.5311
2008-08-28,44007,Providence,25.6169,12.2636,58.5873,2.2095
2008-08-29,44007,Providence,25.1881,12.4617,67.6155,1.4116
2008-08-30,44007,Providence,26.2175,16.4059,71.9391,2.3554
2008-08-31,44007,Providence,25.2992,13.575,58.2668,3.3449
2008-09-01,44007,Providence,24.7428,11.209,53.3255,3.5612
2008-09-02,44007,Providence,25.0582,12.4518,61.1772,2.7977
2008-09-03,44007,Providence,25.1788,14.1643,63.0385,1.961
2008-09-04,44007,Providence,29.3973,15.9159,62.9728,3.0246
2008-09-05,44007,Providence,29.427,17.1986,61.0125,3.3716
2008-09-06,44007,Providence,27.0411,17.736,81.0386,3.5797
2008-09-07,44007,Providence,24.3641,14.9968,69.7204,3.996
2008-09-08,44007,Providence,23.6464,12.4433,61.4745,2.7105
2008-09-09,44007,Providence,23.9851,14.2713,73.3659,3.7932
2008-09-10,44007,Providence,19.2816,11.8378,61.6746,2.4447
2008-09-11,44007,Providence,19.4647,11.7416,62.4537,1.3355
2008-09-12,44007,Providence,19.5111,11.1685,82.5263,3.2787
2008-09-13,44007,Providence,24.2552,16.0772,75.3168,1.3347
2008-09-14,44007,Providence,24.8953,16.992,82.1343,4.1198
2008-09-15,44007,Providence,26.0469,14.6646,69.1202,5.262
2008-09-16,44007,Providence,19.7993,10.9985,73.6652,1.5118
2008-09-17,44007,Providence,20.4716,12.8001,67.0349,1.6257
2008-09-18,44007,Providence,19.9743,8.1891,63.9453,3.7244
2008-09-19,44007,Providence,15.0461,5.8418,64.2617,3.2018
2008-09-20,44007,Providence,18.0824,5.3474,63.5783,1.4989
2008-09-21,44007,Providence,23.125,7.1839,66.2101,1.6241
2008-09-22,44007,Providence,19.0297,9.117,75.4163,2.9878
2008-09-23,44007,Providence,16.3772,7.3166,64.3463,2.9037
2008-09-24,44007,Providence,17.5554,6.7085,62.6466,2.6155
2008-09-25,44007,Providence,19.1965,6.7867,66.6616,3.9828
2008-09-26,44007,Providence,19.5934,12.0999,90.6099,5.0909
2008-09-27,44007,Providence,22.1101,17.1265,82.5395,2.0402
2008-09-28,44007,Providence,23.2414,17.043,75.3464,1.6218
2008-09-29,44007,Providence,20.3341,13.936,80.2438,2.0518
2008-09-30,44007,Providence,21.1634,11.3628,71.3393,1.9446
2008-10-01,44007,Providence,20.3933,11.7895,71.8706,2.3438
2008-10-02,44007,Providence,17.0699,6.9594,64.4746,4.8376
2008-10-03,44007,Providence,16.4341,5.3742,56.1795,5.0205
2008-10-04,44007,Providence,16.2728,3.1708,53.5501,3.3999
2008-10-05,44007,Providence,16.4264,5.3959,62.1398,1.3122
2008-10-06,44007,Providence,13.8264,3.1197,56.7463,3.0487
2008-10-07,44007,Providence,15.6347,2.021,48.2032,3.1877
2008-10-08,44007,Providence,18.6891,2.1541,53.9662,2.5255
2008-10-09,44007,Providence,22.0377,8.5609,68.6214,4.245
2008-10-10,44007,Providence,20.1389,8.3057,49.9254,2.8264
2008-10-11,44007,Providence,18.6974,5.4785,51.6407,1.9545
2008-10-12,44007,Providence,18.343,6.3988,53.5908,1.9763
2008-10-13,44007,Providence,19.4211,8.0374,60.7594,2.3002
2008-10-14,44007,Providence,18.1871,9.5001,67.6999,3.1259
2008-10-15,44007,Providence,20.2375,9.8455,63.0195,1.6744
2008-10-16,44007,Providence,21.1808,8.7759,68.2954,3.7077
2008-10-17,44007,Providence,13.8668,3.9704,57.3774,3.2209
2008-10-18,44007,Providence,11.7681,1.2896,56.2108,3.6645
2008-10-19,44007,Providence,11.0784,0.7089,55.5178,4.7965
2008-10-20,44007,Providence,12.2232,-0.6587,54.6813,3.1638
2008-10-21,44007,Providence,15.525,1.9474,53.9623,3.3063
2008-10-22,44007,Providence,9.3597,2.859,65.7668,4.9095
2008-10-23,44007,Providence,8.7872,-1.6682,52.5963,3.2152
2008-10-24,44007,Providence,13.7205,-2.5564,47.4507,2.5494
2008-10-25,44007,Providence,18.1447,2.5493,79.7555,5.3427
2008-10-26,44007,Providence,18.5609,6.037,65.8746,3.2509
2008-10-27,44007,Providence,17.4882,4.333,60.5834,1.8142
2008-10-28,44007,Providence,12.7952,3.5039,69.6927,4.8169
2008-10-29,44007,Providence,6.5847,-0.0576,53.0764,6.4544
2008-10-30,44007,Providence,7.4675,-1.7079,48.875,3.823
2008-10-31,44007,Providence,13.0779,-2.5959,54.4916,3.7925
2008-11-01,44007,Providence,14.6213,3.1162,47.4559,2.8027
2008-11-02,44007,Providence,5.9452,-2.6508,45.9008,2.8732
2008-11-03,44007,Providence,9.4623,-2.5994,72.2762,2.0848
2008-11-04,44007,Providence,16.4997,4.176,61.0938,2.1267
2008-11-05,44007,Providence,18.9825,7.9548,62.9167,2.6149
2008-11-06,44007,Providence,17.3133,11.2296,69.605,4.4869
2008-11-07,44007,Providence,18.1966,10.2763,69.8263,1.2933
2008-11-08,44007,Providence,17.6688,10.4144,68.9823,2.7602
2008-11-09,44007,Providence,13.5239,3.618,58.423,3.9242
2008-11-10,44007,Providence,10.3642,1.8215,47.265,4.3553
2008-11-11,44007,Providence,8.1898,-1.9236,50.9724,3.6654
2008-11-12,44007,Providence,6.7888,-1.6442,52.4042,1.5445
2008-11-13,44007,Providence,10.9752,-0.2918,70.8959,2.8837
2008-11-14,44007,Providence,17.1388,8.2648,71.6099,1.926
2008-11-15,44007,Providence,18.9576,10.7874,71.7372,4.3279
2008-11-16,44007,Providence,15.6498,2.2287,55.1847,6.2316
2008-11-17,44007,Providence,7.4421,-0.5105,46.4266,3.992
2008-11-18,44007,Providence,4.322,-3.792,45.7125,4.0328
2008-11-19,44007,Providence,0.0245,-5.9409,39.9069,5.0206
2008-11-20,44007,Providence,0.3947,-6.21,38.1147,4.2417
2008-11-21,44007,Providence,-0.0638,-6.0383,36.9089,4.0348
2008-11-22,44007,Providence,-2.1341,-7.5439,34.8274,6.5944
2008-11-23,44007,Providence,-0.1231,-8.656,42.733,4.9862
2008-11-24,44007,Providence,4.5912,-5.3902,55.7342,2.6491
2008-11-25,44007,Providence,11.2714,1.09,72.2177,4.3102
2008-11-26,44007,Providence,6.2008,-2.3658,58.4659,2.8183
2008-11-27,44007,Providence,5.7522,-2.0713,52.908,2.9396
2008-11-28,44007,Providence,7.3635,-2.8032,56.0122,3.3612
2008-11-29,44007,Providence,5.7745,-2.8701,50.996,2.7596
2008-11-30,44007,Providence,7.1085,-3.3885,62.5114,3.7723
2008-12-01,44007,Providence,14.2112,3.7011,69.5887,5.3439
2008-12-02,44007,Providence,7.3436,-0.5177,53.1229,4.1793
2008-12-03,44007,Providence,5.076,-2.5997,53.6231,3.0572
2008-12-04,44007,Providence,8.9907,-1.3247,66.6964,4.3684
2008-12-05,44007,Providence,5.2749,-3.4152,46.8897,2.5421
2008-12-06,44007,Providence,3.2039,-5.2941,52.952,1.7703
2008-12-07,44007,Providence,1.5889,-7.0134,70.902,4.4398
2008-12-08,44007,Providence,-4.9377,-12.1328,46.2161,4.5618
2008-12-09,44007,Providence,7.7015,-11.6903,72.5188,3.9908
2008-12-10,44007,Providence,15.4502,5.0132,75.4668,6.0964
2008-12-11,44007,Providence,8.0456,0.0421,65.546,5.0
2008-12-12,44007,Providence,14.5993,-3.6947,63.7803,5.6623
2008-12-13,44007,Providence,-0.7422,-6.8039,43.853,4.0216
2008-12-14,44007,Providence,3.4298,-7.158,66.6011,3.2003
2008-12-15,44007,Providence,12.7476,-0.2717,80.137,5.8898
2008-12-16,44007,Providence,12.3505,-3.7143,48.8196,3.7848
2008-12-17,44007,Providence,2.9237,-3.7883,74.0486,3.0029
2008-12-18,44007,Providence,2.5241,-4.959,63.3139,2.5448
2008-12-19,44007,Providence,0.7972,-5.2994,68.4747,5.0128
2008-12-20,44007,Providence,-1.9793,-8.5543,66.994,5.0736
2008-12-21,44007,Providence,1.9068,-6.8612,75.5086,6.1818
2008-12-22,44007,Providence,-2.927,-12.5817,52.8324,7.2954
2008-12-23,44007,Providence,-1.9215,-14.1134,62.7488,3.2162
2008-12-24,44007,Providence,8.7335,-4.3746,72.1181,6.5777
2008-12-25,44007,Providence,9.1843,-4.2015,56.3391,5.287
2008-12-26,44007,Providence,1.1789,-5.8474,64.4044,1.6514
2008-12-27,44007,Providence,5.459,-2.1631,75.7869,3.7409
2008-12-28,44007,Providence,15.2804,2.6021,33.7447,6.0081
2008-12-29,44007,Providence,7.0185,-2.9619,54.5184,3.5814
2008-12-30,44007,Providence,2.7225,-5.0316,50.7177,5.7598
2008-12-31,44007,Providence,-0.3293,-13.4484,70.3745,5.063
2009-01-01,44007,Providence,-8.4908,-15.2371,48.9795,6.3271
2009-01-02,44007,Providence,1.0091,-15.2914,63.1744,3.8777
2009-01-03,44007,Providence,-0.4945,-7.8696,55.2834,5.901
2009-01-04,44007,Providence,-0.2698,-9.0114,57.2599,3.9015
2009-01-05,44007,Providence,3.3439,-4.4845,56.5978,3.6812
2009-01-06,44007,Providence,-0.189,-5.447,51.9786,1.8425
2009-01-07,44007,Providence,4.3453,-7.8967,69.455,4.4897
2009-01-08,44007,Providence,2.6335,-5.2213,53.9309,7.0624
2009-01-09,44007,Providence,-2.8011,-10.0034,46.3137,5.7465
2009-01-10,44007,Providence,-2.6109,-12.406,52.7368,2.7743
2009-01-11,44007,Providence,-1.1744,-8.9654,63.5106,3.4101
2009-01-12,44007,Providence,-3.611,-10.7713,57.8984,2.7327
2009-01-13,44007,Providence,1.6097,-10.8151,68.8894,2.3649
2009-01-14,44007,Providence,1.4608,-11.7413,39.398,4.8456
2009-01-15,44007,Providence,-8.9154,-15.0553,50.3171,3.6988
2009-01-16,44007,Providence,-8.6082,-16.4642,47.4802,3.3344
2009-01-17,44007,Providence,-7.4318,-16.1237,52.555,2.514
2009-01-18,44007,Providence,1.3571,-10.0651,75.4194,2.1185
2009-01-19,44007,Providence,0.9516,-4.8606,64.4336,1.4092
2009-01-20,44007,Providence,-1.6763,-7.8944,60.6741,2.7524
2009-01-21,44007,Providence,-4.19,-11.6025,55.0995,3.61
2009-01-22,44007,Providence,-0.5444,-11.179,56.6365,4.7159
2009-01-23,44007,Providence,1.7927,-8.41,63.8983,2.6895
2009-01-24,44007,Providence,1.4271,-13.4962,53.1169,5.3173
2009-01-25,44007,Providence,-4.6278,-16.2536,52.369,3.2177
2009-01-26,44007,Providence,-4.101,-13.1201,49.9656,1.8652
2009-01-27,44007,Providence,-3.6146,-9.2131,51.7417,2.32
2009-01-28,44007,Providence,5.176,-8.1817,61.7728,4.837
2009-01-29,44007,Providence,2.7763,-5.6501,48.2731,4.2222
2009-01-30,44007,Providence,1.6138,-7.2227,50.4654,3.1393
2009-01-31,44007,Providence,1.0568,-7.9048,39.3823,5.077
2009-02-01,44007,Providence,7.155,-8.0275,47.5701,3.816
2009-02-02,44007,Providence,8.9551,-1.5023,50.0062,1.7932
2009-02-03,44007,Providence,3.5683,-6.2594,59.765,5.4831
2009-02-04,44007,Providence,-1.2913,-10.1062,49.5386,3.788
2009-02-05,44007,Providence,-5.3502,-13.0656,46.6561,4.9553
2009-02-06,44007,Providence,-1.445,-13.7778,52.5558,3.0546
2009-02-07,44007,Providence,5.0155,-8.9651,59.9046,4.4431
2009-02-08,44007,Providence,10.6797,-1.8718,45.7248,5.4467
2009-02-09,44007,Providence,4.0154,-5.7801,40.2279,3.8602
2009-02-10,44007,Providence,5.6876,-5.0445,57.9382,2.1645
2009-02-11,44007,Providence,10.4186,-0.6676,58.6828,2.6957
2009-02-12,44007,Providence,12.3239,0.8503,55.5405,7.2326
2009-02-13,44007,Providence,4.9993,-6.8258,43.7143,6.0328
2009-02-14,44007,Providence,4.2592,-7.204,43.7344,4.5647
2009-02-15,44007,Providence,3.0901,-8.0558,50.0293,3.4891
2009-02-16,44007,Providence,2.6935,-7.5258,56.607,2.7753
2009-02-17,44007,Providence,3.8475,-4.7842,41.8463,2.3752
2009-02-18,44007,Providence,4.9051,-4.8346,55.9132,3.4
2009-02-19,44007,Providence,8.5113,-1.0126,56.4519,3.7934
2009-02-20,44007,Providence,2.2341,-6.0204,32.4345,7.4684
2009-02-21,44007,Providence,3.9507,-5.8813,44.8388,4.5186
2009-02-22,44007,Providence,8.1056,-4.9122,59.3527,4.1331
2009-02-23,44007,Providence,2.4247,-6.9492,47.5828,7.2904
2009-02-24,44007,Providence,1.7281,-8.2968,45.6459,4.6637
2009-02-25,44007,Providence,2.0495,-8.303,46.9466,1.9203
2009-02-26,44007,Providence,5.318,-5.4437,59.9952,2.8105
2009-02-27,44007,Providence,12.8902,-0.4497,63.1121,5.3304
2009-02-28,44007,Providence,9.4098,-4.9592,52.7888,3.9276
2009-03-01,44007,Providence,-0.4867,-5.1868,63.6016,5.5777
2009-03-02,44007,Providence,-1.8615,-9.3029,64.9499,5.8681
2009-03-03,44007,Providence,-4.0945,-14.7023,52.6479,3.8707
2009-03-04,44007,Providence,-0.3084,-17.0028,51.1333,3.4333
2009-03-05,44007,Providence,2.3619,-10.4963,55.1522,2.7672
2009-03-06,44007,Providence,6.6627,-1.8133,62.42,4.7046
2009-03-07,44007,Providence,14.9046,1.4191,49.8494,2.5803
2009-03-08,44007,Providence,15.0223,4.0639,53.7105,3.5418
2009-03-09,44007,Providence,6.0803,-1.0001,64.6178,4.3198
2009-03-10,44007,Providence,6.4393,-2.6674,55.7809,1.7308
2009-03-11,44007,Providence,10.1419,0.3995,61.7962,4.8599
2009-03-12,44007,Providence,6.0963,-4.1794,33.8327,4.0302
2009-03-13,44007,Providence,1.7621,-5.556,42.4318,1.909
2009-03-14,44007,Providence,7.9629,-4.8659,44.7095,2.5615
2009-03-15,44007,Providence,12.2131,-0.9171,39.4747,1.641
2009-03-16,44007,Providence,9.8144,-0.4561,48.153,2.8346
2009-03-17,44007,Providence,10.2957,-1.5245,45.3782,1.838
2009-03-18,44007,Providence,12.746,-0.6175,52.5234,4.7563
2009-03-19,44007,Providence,11.4765,1.3865,53.1327,2.4977
2009-03-20,44007,Providence,6.3409,-2.5513,38.8053,3.0454
2009-03-21,44007,Providence,7.0369,-3.4234,31.9732,2.3494
2009-03-22,44007,Providence,7.5247,-1.7527,41.1475,3.6806
2009-03-23,44007,Providence,1.7694,-5.2797,27.3516,5.203
2009-03-24,44007,Providence,6.2523,-5.2913,38.5025,5.4151
2009-03-25,44007,Providence,10.2184,-3.1349,36.0837,2.2781
2009-03-26,44007,Providence,10.8654,-0.5561,46.4614,2.4024
2009-03-27,44007,Providence,16.4791,3.1345,49.4525,1.6883
2009-03-28,44007,Providence,14.4308,3.164,55.0165,2.563
2009-03-29,44007,Providence,14.9338,4.2472,64.4596,3.1653
2009-03-30,44007,Providence,10.3232,3.695,60.9645,4.9952
2009-03-31,44007,Providence,11.2562,2.3643,50.0764,2.5765
2009-04-01,44007,Providence,9.2203,0.1553,59.7524,3.1338
2009-04-02,44007,Providence,16.3606,3.9858,61.8022,1.7042
2009-04-03,44007,Providence,15.8126,8.2706,65.3099,4.6001
2009-04-04,44007,Providence,11.6555,3.4747,53.4328,6.6334
2009-04-05,44007,Providence,14.0657,2.0475,44.6839,4.3562
2009-04-06,44007,Providence,12.353,3.1068,65.3796,3.845
2009-04-07,44007,Providence,11.2834,1.9254,54.654,5.0255
2009-04-08,44007,Providence,7.5462,-0.1052,45.3828,4.9292
2009-04-09,44007,Providence,14.71,0.906,38.7436,3.5276
2009-04-10,44007,Providence,17.4734,4.7632,39.2246,2.455
2009-04-11,44007,Providence,9.6786,3.997,63.9794,4.8946
2009-04-12,44007,Providence,7.1179,-0.7291,37.4631,5.7957
2009-04-13,44007,Providence,11.3315,-1.6753,33.5207,4.1282
2009-04-14,44007,Providence,14.0995,1.4202,35.113,2.0547
2009-04-15,44007,Providence,11.3774,0.5214,39.5729,5.2521
2009-04-16,44007,Providence,12.9857,-0.5124,35.0492,3.0195
2009-04-17,44007,Providence,18.4352,-0.0495,34.6837,3.4526
2009-04-18,44007,Providence,18.0281,5.9813,40.5681,2.5481
2009-04-19,44007,Providence,14.3102,2.2605,46.2058,3.1218
2009-04-20,44007,Providence,12.3862,0.0157,55.1813,5.8492
2009-04-21,44007,Providence,18.9359,7.2304,59.7606,3.9336
2009-04-22,44007,Providence,17.4449,7.6923,55.931,3.3966
2009-04-23,44007,Providence,13.596,5.0941,46.0615,5.8042
2009-04-24,44007,Providence,18.248,2.5714,42.7199,3.1982
2009-04-25,44007,Providence,25.2567,6.5625,51.8534,3.575
2009-04-26,44007,Providence,28.5651,13.4236,43.1066,2.4292
2009-04-27,44007,Providence,26.1709,10.6604,48.3146,2.8236
2009-04-28,44007,Providence,29.8584,12.2852,41.0256,4.3566
2009-04-29,44007,Providence,17.3298,5.2317,37.1445,3.2544
2009-04-30,44007,Providence,18.3656,2.8679,41.1128,3.321
2009-05-01,44007,Providence,22.4655,9.1119,63.2662,5.4144
2009-05-02,44007,Providence,19.7204,10.4645,55.6605,2.636
2009-05-03,44007,Providence,15.9232,9.0241,55.3819,1.7608
2009-05-04,44007,Providence,16.6301,7.7162,62.0372,2.0946
2009-05-05,44007,Providence,13.063,8.5548,68.1726,3.599
2009-05-06,44007,Providence,16.8415,8.2415,68.5175,1.7168
2009-05-07,44007,Providence,21.2274,11.0355,68.4444,3.8181
2009-05-08,44007,Providence,23.2367,11.196,56.8657,2.8376
2009-05-09,44007,Providence,23.4484,12.8591,64.0696,3.5451
2009-05-10,44007,Providence,19.0246,8.6837,51.3456,6.2378
2009-05-11,44007,Providence,15.2112,6.2764,49.2858,2.3866
2009-05-12,44007,Providence,18.2041,6.7287,47.0154,1.4428
2009-05-13,44007,Providence,20.8011,7.1596,44.7352,2.6166
2009-05-14,44007,Providence,18.1976,6.5524,69.399,5.4299
2009-05-15,44007,Providence,25.1402,12.0657,56.6379,2.3437
2009-05-16,44007,Providence,20.9349,11.4716,67.0706,2.8186
2009-05-17,44007,Providence,20.3162,9.918,64.0139,3.0512
2009-05-18,44007,Providence,13.897,7.2544,50.0677,2.2361
2009-05-19,44007,Providence,18.1592,4.9208,45.7123,2.5019
2009-05-20,44007,Providence,25.3661,6.4047,44.0408,3.1192
2009-05-21,44007,Providence,26.1204,10.3306,47.026,4.5785
2009-05-22,44007,Providence,27.5321,11.6887,50.6794,3.0447
2009-05-23,44007,Providence,20.3994,11.725,55.8576,2.8797
2009-05-24,44007,Providence,23.5009,10.5529,67.7343,2.7946
2009-05-25,44007,Providence,23.5842,10.2326,48.1372,2.9704
2009-05-26,44007,Providence,16.5969,5.1575,50.6799,2.5082
2009-05-27,44007,Providence,15.241,7.454,70.9091,2.0922
2009-05-28,44007,Providence,16.1407,10.8885,68.4439,3.5135
2009-05-29,44007,Providence,20.5611,10.5784,69.347,1.7905
2009-05-30,44007,Providence,23.5439,12.773,57.2948,3.046
2009-05-31,44007,Providence,22.6923,8.8011,50.0286,4.3097
2009-06-01,44007,Providence,18.1598,2.9714,58.8444,3.4724
2009-06-02,44007,Providence,24.2403,10.9436,64.8794,1.9003
2009-06-03,44007,Providence,20.8541,12.2521,62.6561,1.3281
2009-06-04,44007,Providence,20.9824,11.3572,64.3758,1.188
2009-06-05,44007,Providence,17.5131,11.0883,75.2439,3.1382
2009-06-06,44007,Providence,22.7919,11.6772,67.293,2.46
2009-06-07,44007,Providence,22.9306,12.2824,61.4388,2.2233
2009-06-08,44007,Providence,20.658,14.1139,61.1415,1.6127
2009-06-09,44007,Providence,16.2089,12.0704,75.1014,3.0063
2009-06-10,44007,Providence,23.1133,10.9151,73.836,2.2741
2009-06-11,44007,Providence,21.1401,12.5773,78.941,2.6617
2009-06-12,44007,Providence,23.5625,15.4296,77.6825,2.1386
2009-06-13,44007,Providence,24.0531,15.1781,70.4384,1.8258
2009-06-14,44007,Providence,18.4658,12.8165,76.0106,1.7454
2009-06-15,44007,Providence,19.3956,11.4216,71.8783,1.7101
2009-06-16,44007,Providence,19.9274,10.2632,66.0234,2.0689
2009-06-17,44007,Providence,20.5907,8.8589,61.13,1.9166
2009-06-18,44007,Providence,19.042,9.6233,86.0379,3.7614
2009-06-19,44007,Providence,22.4123,16.1248,79.2809,1.9762
2009-06-20,44007,Providence,24.1321,15.7962,72.9136,1.6958
2009-06-21,44007,Providence,21.3803,16.278,78.3317,4.044
2009-06-22,44007,Providence,18.9596,13.3942,82.2364,5.0999
2009-06-23,44007,Providence,20.0143,14.8564,79.9875,3.1055
2009-06-24,44007,Providence,20.7382,15.7486,79.7991,2.0442
2009-06-25,44007,Providence,24.1043,16.1387,76.3537,1.5392
2009-06-26,44007,Providence,24.4751,17.4277,75.4361,2.4117
2009-06-27,44007,Providence,25.2154,15.8935,71.2745,1.4189
2009-06-28,44007,Providence,22.351,16.0259,78.7804,2.045
2009-06-29,44007,Providence,24.575,16.0709,75.1126,2.0746
2009-06-30,44007,Providence,25.4014,17.2075,70.0284,2.6167
2009-07-01,44007,Providence,22.5187,15.0759,83.0452,2.4149
2009-07-02,44007,Providence,23.9319,14.7132,83.749,2.771
2009-07-03,44007,Providence,24.5883,16.0832,71.7935,2.9812
2009-07-04,44007,Providence,23.9094,14.6755,67.8008,4.0721
2009-07-05,44007,Providence,23.9277,11.6181,63.3681,3.2507
2009-07-06,44007,Providence,25.0003,14.5913,63.1086,1.2507
2009-07-07,44007,Providence,20.8974,14.5241,77.6117,1.7904
2009-07-08,44007,Providence,22.6192,13.517,73.5638,1.5519
2009-07-09,44007,Providence,19.6507,12.0573,73.4183,2.3925
2009-07-10,44007,Providence,23.2164,10.5685,62.2188,1.5831
2009-07-11,44007,Providence,23.9203,11.3093,69.9049,3.7913
2009-07-12,44007,Providence,25.503,14.8998,62.8467,3.2169
2009-07-13,44007,Providence,22.9624,11.8077,60.8168,3.2459
2009-07-14,44007,Providence,22.9027,11.5688,56.8625,3.001
2009-07-15,44007,Providence,24.4529,11.7562,60.6087,3.0881
2009-07-16,44007,Providence,26.438,14.6401,75.4826,3.335
2009-07-17,44007,Providence,28.4923,17.7531,69.3062,2.2299
2009-07-18,44007,Providence,28.1801,17.8738,69.962,3.0546
2009-07-19,44007,Providence,25.8475,15.0774,59.6639,3.1282
2009-07-20,44007,Providence,26.5035,14.5512,63.8327,1.6054
2009-07-21,44007,Providence,23.3072,16.9442,82.9336,2.5555
2009-07-22,44007,Providence,27.2609,18.1088,70.1999,2.4187
2009-07-23,44007,Providence,26.1945,17.1723,70.9226,3.514
2009-07-24,44007,Providence,22.0186,16.366,77.3479,2.5059
2009-07-25,44007,Providence,26.9975,17.0591,65.561,2.8991
2009-07-26,44007,Providence,27.708,17.1399,75.6247,3.3833
2009-07-27,44007,Providence,26.151,19.5454,75.1487,3.3192
2009-07-28,44007,Providence,28.603,19.2843,69.0978,2.544
2009-07-29,44007,Providence,29.1635,20.4874,71.6211,3.3239
2009-07-30,44007,Providence,28.7037,20.3523,69.618,3.1991
2009-07-31,44007,Providence,25.3721,18.3134,83.0543,3.2031
2009-08-01,44007,Providence,26.8185,16.7122,71.2894,2.1465
2009-08-02,44007,Providence,26.4317,16.171,80.8111,3.0212
2009-08-03,44007,Providence,27.5349,18.7571,69.9367,1.6872
2009-08-04,44007,Providence,27.8987,17.7064,72.2075,2.7958
2009-08-05,44007,Providence,28.5384,18.3274,75.9059,2.7512
2009-08-06,44007,Providence,23.7616,14.8091,66.7368,2.2529
2009-08-07,44007,Providence,24.36,12.7575,57.4626,3.4467
2009-08-08,44007,Providence,22.9901,10.5968,55.1053,1.6924
2009-08-09,44007,Providence,20.2716,12.08,88.8712,2.3468
2009-08-10,44007,Providence,30.1372,16.9971,76.0696,2.8604
2009-08-11,44007,Providence,29.1183,21.529,72.2116,1.4863
2009-08-12,44007,Providence,24.984,17.6566,81.1331,2.3705
2009-08-13,44007,Providence,19.8626,16.2488,89.4654,3.1447
2009-08-14,44007,Providence,27.9284,14.5998,68.0773,1.5079
2009-08-15,44007,Providence,30.4403,16.3772,65.433,2.4964
2009-08-16,44007,Providence,31.0571,18.7352,65.6329,2.327
2009-08-17,44007,Providence,31.8396,19.2225,65.1413,2.6821
2009-08-18,44007,Providence,32.1731,19.9646,59.9152,3.3711
2009-08-19,44007,Providence,31.4991,19.572,65.2082,2.7847
2009-08-20,44007,Providence,29.471,20.8919,70.8841,2.3036
2009-08-21,44007,Providence,28.928,20.499,79.6022,3.7526
2009-08-22,44007,Providence,29.548,21.6771,75.5507,2.5868
2009-08-23,44007,Providence,28.5393,20.1816,75.6805,2.4473
2009-08-24,44007,Providence,28.9966,19.9615,68.1813,1.7694
2009-08-25,44007,Providence,28.2209,18.3422,67.2645,1.9353
2009-08-26,44007,Providence,29.4457,17.8041,64.9042,3.6059
2009-08-27,44007,Providence,22.7717,14.0192,55.5535,2.1283
2009-08-28,44007,Providence,23.1544,11.9609,62.6862,2.5414
2009-08-29,44007,Providence,21.1062,15.164,88.3125,2.9693
2009-08-30,44007,Providence,24.6716,14.4813,79.2975,2.424
2009-08-31,44007,Providence,20.541,13.7817,68.1069,2.6451
2009-09-01,44007,Providence,20.227,11.4468,61.9394,1.883
2009-09-02,44007,Providence,21.9075,11.5317,60.6806,1.6113
2009-09-03,44007,Providence,23.9114,9.5215,63.3394,1.3575
2009-09-04,44007,Providence,26.3469,11.9042,61.1006,1.705
2009-09-05,44007,Providence,26.066,14.0982,65.9136,1.5258
2009-09-06,44007,Providence,19.7197,9.4683,68.8708,3.4465
2009-09-07,44007,Providence,21.4287,7.9845,68.4384,1.5647
2009-09-08,44007,Providence,24.9038,10.5489,70.2818,1.3149
2009-09-09,44007,Providence,23.4228,9.8775,67.6846,4.0791
2009-09-10,44007,Providence,19.0539,8.2266,65.6584,4.542
2009-09-11,44007,Providence,17.436,9.3668,95.3718,5.6826
2009-09-12,44007,Providence,21.7184,14.732,84.1378,3.082
2009-09-13,44007,Providence,24.4629,15.1105,73.1247,2.2598
2009-09-14,44007,Providence,22.8222,11.5096,64.322,2.7081
2009-09-15,44007,Providence,25.3061,12.6682,62.4434,2.5843
2009-09-16,44007,Providence,17.3083,9.9151,77.5348,4.3167
2009-09-17,44007,Providence,17.9991,7.5807,69.6421,2.5376
2009-09-18,44007,Providence,21.8889,8.5797,65.8587,4.5599
2009-09-19,44007,Providence,17.0981,7.9527,52.4443,3.2211
2009-09-20,44007,Providence,20.4011,5.4633,56.3858,2.5482
2009-09-21,44007,Providence,23.021,6.7478,61.6832,2.2725
2009-09-22,44007,Providence,25.4897,9.1118,72.7173,3.3463
2009-09-23,44007,Providence,25.8215,16.1875,75.2215,4.3174
2009-09-24,44007,Providence,26.4458,16.4693,63.8349,2.7039
2009-09-25,44007,Providence,17.7943,4.5743,58.0827,4.181
2009-09-26,44007,Providence,17.1876,2.8036,59.9338,2.4922
2009-09-27,44007,Providence,19.6165,8.9705,99.3548,4.0445
2009-09-28,44007,Providence,22.4787,13.4862,72.8232,4.2305
2009-09-29,44007,Providence,19.4416,11.8645,65.5229,4.9522
2009-09-30,44007,Providence,15.852,6.9463,68.5872,3.6968
2009-10-01,44007,Providence,13.289,4.8952,58.2754,3.0011
2009-10-02,44007,Providence,15.8667,5.1381,60.3396,2.8212
2009-10-03,44007,Providence,20.9891,11.2034,78.0507,2.5546
2009-10-04,44007,Providence,21.8761,10.9182,64.7267,1.8451
2009-10-05,44007,Providence,18.5058,8.5375,56.5026,3.9622
2009-10-06,44007,Providence,18.4384,5.9584,57.8709,3.265
2009-10-07,44007,Providence,20.2153,8.0552,60.833,6.6666
2009-10-08,44007,Providence,16.37,6.899,55.1389,4.0468
2009-10-09,44007,Providence,17.4505,6.9161,80.9188,2.7079
2009-10-10,44007,Providence,18.9152,4.4122,71.6137,3.3382
2009-10-11,44007,Providence,16.3647,1.8589,50.6642,3.6094
2009-10-12,44007,Providence,11.1376,0.2492,52.9218,1.7983
2009-10-13,44007,Providence,13.4841,2.2844,67.1309,3.7792
2009-10-14,44007,Providence,10.2067,-1.2235,54.8844,2.8861
2009-10-15,44007,Providence,8.1037,0.9651,62.9567,4.1008
2009-10-16,44007,Providence,6.2184,2.1603,71.3827,4.9949
2009-10-17,44007,Providence,9.6066,2.0835,70.1248,4.2627
2009-10-18,44007,Providence,8.4344,2.1392,78.6498,6.2972
2009-10-19,44007,Providence,11.7006,0.5501,55.3933,2.6221
2009-10-20,44007,Providence,15.8966,0.0327,60.4452,2.7989
2009-10-21,44007,Providence,17.5214,6.9967,61.2133,1.6467
2009-10-22,44007,Providence,20.4421,9.7803,59.808,3.8329
2009-10-23,44007,Providence,13.8119,4.2123,57.7278,4.5081
2009-10-24,44007,Providence,20.5947,4.9619,87.1465,5.5612
2009-10-25,44007,Providence,18.4038,5.3655,61.9968,3.4833
2009-10-26,44007,Providence,13.5982,2.3326,54.9861,1.892
2009-10-27,44007,Providence,13.8265,2.8208,78.4408,2.7932
2009-10-28,44007,Providence,12.275,6.6108,79.2961,6.127
2009-10-29,44007,Providence,11.1031,5.377,67.9973,3.0427
2009-10-30,44007,Providence,13.1467,5.1301,65.9118,2.212
2009-10-31,44007,Providence,19.8979,7.2189,81.8531,5.7311
2009-11-01,44007,Providence,16.1492,5.6675,62.1844,3.2826
2009-11-02,44007,Providence,9.6698,3.5956,70.1019,3.5519
2009-11-03,44007,Providence,12.7255,2.5839,64.7834,3.1027
2009-11-04,44007,Providence,8.574,0.4928,52.8155,2.1474
2009-11-05,44007,Providence,8.6744,3.316,63.8747,1.1407
2009-11-06,44007,Providence,7.7973,1.0976,60.4077,3.7127
2009-11-07,44007,Providence,8.0378,-1.5396,60.3465,2.8305
2009-11-08,44007,Providence,16.9012,3.0716,58.1179,2.6459
2009-11-09,44007,Providence,17.0515,4.6581,59.004,3.3428
2009-11-10,44007,Providence,18.6059,8.5613,59.61,2.304
2009-11-11,44007,Providence,11.1764,2.8381,63.1559,4.0591
2009-11-12,44007,Providence,9.9403,2.6977,68.2151,5.8602
2009-11-13,44007,Providence,12.5167,4.6657,74.8473,7.1321
2009-11-14,44007,Providence,13.888,9.3748,84.9948,4.7844
2009-11-15,44007,Providence,18.3708,12.4099,80.0464,1.2719
2009-11-16,44007,Providence,14.5309,4.1682,63.8412,3.2851
2009-11-17,44007,Providence,9.2316,0.322,55.5779,3.0183
2009-11-18,44007,Providence,9.1118,0.2924,68.2283,1.5259
2009-11-19,44007,Providence,13.6385,2.7553,77.8814,1.5696
2009-11-20,44007,Providence,16.4904,5.528,76.3488,4.1451
2009-11-21,44007,Providence,12.5052,2.3244,64.0584,2.6441
2009-11-22,44007,Providence,10.563,1.4177,66.302,3.2343
2009-11-23,44007,Providence,9.1881,1.4056,83.2316,4.5574
2009-11-24,44007,Providence,11.337,5.8626,76.8577,4.2202
2009-11-25,44007,Providence,12.6313,4.7592,78.9394,1.9598
2009-11-26,44007,Providence,13.1198,7.6037,75.0826,1.5397
2009-11-27,44007,Providence,8.8805,5.1091,75.2015,5.4778
2009-11-28,44007,Providence,8.4889,2.0369,62.529,7.5267
2009-11-29,44007,Providence,9.8492,0.1635,65.3968,3.346
2009-11-30,44007,Providence,12.3748,3.7451,70.9114,3.2429
2009-12-01,44007,Providence,5.3392,-1.4695,51.1858,3.7268
2009-12-02,44007,Providence,11.0802,-0.1419,61.617,3.2369
2009-12-03,44007,Providence,18.9457,8.1438,58.7029,6.5208
2009-12-04,44007,Providence,10.5534,2.7492,50.2439,2.3552
2009-12-05,44007,Providence,6.7672,0.9168,62.0449,4.273
2009-12-06,44007,Providence,2.8043,-3.4865,55.6935,4.356
2009-12-07,44007,Providence,3.8668,-3.5468,58.6321,2.0553
2009-12-08,44007,Providence,3.8866,-3.1369,54.4697,2.7019
2009-12-09,44007,Providence,8.2793,-2.3528,73.0925,5.2852
2009-12-10,44007,Providence,6.5734,-3.8263,49.1987,6.5475
2009-12-11,44007,Providence,-2.2713,-7.2919,42.128,7.6635
2009-12-12,44007,Providence,-1.5206,-8.2209,47.3049,4.5456
2009-12-13,44007,Providence,5.4869,-7.9041,68.2666,3.3191
2009-12-14,44007,Providence,5.9066,-1.1578,60.8978,2.3343
2009-12-15,44007,Providence,6.8443,0.2965,63.4868,3.3234
2009-12-16,44007,Providence,3.6165,-5.3099,40.0735,5.3759
2009-12-17,44007,Providence,-3.5816,-12.5847,47.0504,5.9707
2009-12-18,44007,Providence,-5.0825,-13.8187,53.4959,3.2688
2009-12-19,44007,Providence,-1.3516,-11.0065,62.117,4.6036
2009-12-20,44007,Providence,-1.953,-7.3103,56.6144,6.5114
2009-12-21,44007,Providence,-2.1846,-10.2997,50.4073,5.8162
2009-12-22,44007,Providence,-3.8389,-12.3407,54.0775,4.6997
2009-12-23,44007,Providence,-6.3252,-14.7457,58.5138,4.2262
2009-12-24,44007,Providence,1.3696,-10.3777,69.7198,3.6808
2009-12-25,44007,Providence,2.1234,-4.5956,65.2778,2.9108
2009-12-26,44007,Providence,4.4287,-2.3944,69.7151,5.9106
2009-12-27,44007,Providence,11.1637,0.045,64.679,4.3603
2009-12-28,44007,Providence,5.0683,-2.8795,57.6184,3.863
2009-12-29,44007,Providence,-0.5218,-14.0225,72.6693,8.0052
2009-12-30,44007,Providence,-2.5884,-14.2019,48.8273,3.7408
2009-12-31,44007,Providence,1.8937,-6.6152,68.0756,1.311
2010-01-01,44007,Providence,1.5423,-2.9935,72.7522,1.4071
2010-01-02,44007,Providence,-1.5176,-10.2576,83.1489,5.4265
2010-01-03,44007,Providence,-3.8378,-10.3111,59.748,7.3428
2010-01-04,44007,Providence,0.0432,-8.1084,61.0973,4.935
2010-01-05,44007,Providence,-1.5874,-7.1442,62.7536,4.0056
2010-01-06,44007,Providence,-0.4573,-6.3495,60.1466,4.4928
2010-01-07,44007,Providence,3.5314,-6.6415,54.8031,3.7677
2010-01-08,44007,Providence,-2.5232,-8.1903,69.6153,2.8406
2010-01-09,44007,Providence,-2.8896,-14.4914,56.0607,4.6276
2010-01-10,44007,Providence,-3.1268,-14.69,49.2643,3.6032
2010-01-11,44007,Providence,0.8405,-12.6948,59.7908,3.49
2010-01-12,44007,Providence,0.5165,-11.2848,55.7868,4.0609
2010-01-13,44007,Providence,-2.0675,-10.4801,49.6556,3.6478
2010-01-14,44007,Providence,1.917,-7.2926,60.8528,1.9888
2010-01-15,44007,Providence,7.1348,-4.1407,52.8867,3.4241
2010-01-16,44007,Providence,7.4891,-3.8181,50.6648,3.0518
2010-01-17,44007,Providence,4.1511,-3.0277,67.3033,4.0481
2010-01-18,44007,Providence,1.3905,-1.4747,74.2333,5.5907
2010-01-19,44007,Providence,1.8414,-0.6568,74.8873,1.6392
2010-01-20,44007,Providence,3.0119,-3.7105,67.3398,2.9941
2010-01-21,44007,Providence,5.1313,-6.4974,51.0493,2.0974
2010-01-22,44007,Providence,3.5157,-6.396,54.6332,3.3863
2010-01-23,44007,Providence,3.2447,-7.6781,47.9896,2.3961
2010-01-24,44007,Providence,10.7415,-6.6344,49.797,2.3021
2010-01-25,44007,Providence,13.1733,2.8283,68.9037,6.3524
2010-01-26,44007,Providence,7.1462,-2.4816,55.6039,4.2091
2010-01-27,44007,Providence,5.0752,-4.9962,49.4475,3.5111
2010-01-28,44007,Providence,1.2802,-12.1269,68.3241,4.8503
2010-01-29,44007,Providence,-7.6619,-15.5999,30.5225,8.0433
2010-01-30,44007,Providence,-6.6267,-15.3318,31.5803,4.0903
2010-01-31,44007,Providence,-2.2265,-10.8796,31.4853,3.7258
2010-02-01,44007,Providence,0.6132,-8.8516,37.2238,4.672
2010-02-02,44007,Providence,-1.0471,-8.4552,42.5677,1.5098
2010-02-03,44007,Providence,0.1158,-7.0437,67.2923,2.0702
2010-02-04,44007,Providence,0.5777,-8.937,44.7015,4.4307
2010-02-05,44007,Providence,1.7938,-8.0284,39.6006,3.1612
2010-02-06,44007,Providence,-5.242,-11.2469,53.1894,6.044
2010-02-07,44007,Providence,0.2364,-9.5416,43.9706,5.442
2010-02-08,44007,Providence,0.2444,-7.1999,44.7964,5.5086
2010-02-09,44007,Providence,3.9206,-5.9001,46.6241,2.9483
2010-02-10,44007,Providence,1.0748,-2.6209,68.4171,6.558
2010-02-11,44007,Providence,3.792,-6.0372,59.0047,5.2479
2010-02-12,44007,Providence,3.4151,-7.5495,51.428,3.9391
2010-02-13,44007,Providence,1.587,-6.8045,56.4594,3.4022
2010-02-14,44007,Providence,3.269,-3.4477,51.7722,5.3602
2010-02-15,44007,Providence,4.4622,-2.6601,50.4921,4.2868
2010-02-16,44007,Providence,0.6247,-3.6851,74.2638,3.587
2010-02-17,44007,Providence,2.0616,-2.9425,60.9124,3.9907
2010-02-18,44007,Providence,6.9649,-0.6875,49.5602,4.8413
2010-02-19,44007,Providence,5.5938,-1.6184,50.155,5.3843
2010-02-20,44007,Providence,8.7999,-2.2214,46.9231,3.8263
2010-02-21,44007,Providence,4.7182,-2.8775,46.7361,4.3402
2010-02-22,44007,Providence,7.8868,-2.529,47.0774,2.8354
2010-02-23,44007,Providence,3.7875,0.6097,66.5838,5.1621
2010-02-24,44007,Providence,6.5262,2.4273,62.9094,4.9361
2010-02-25,44007,Providence,8.3518,-0.2064,69.4345,4.9827
2010-02-26,44007,Providence,3.0641,-0.6232,68.7519,4.1319
2010-02-27,44007,Providence,3.0921,-3.5532,70.1674,2.0262
2010-02-28,44007,Providence,3.0576,-1.5939,64.428,2.637
2010-03-01,44007,Providence,7.9859,-0.2215,55.5309,6.3144
2010-03-02,44007,Providence,8.769,-0.0435,52.9951,2.094
2010-03-03,44007,Providence,1.9206,-0.2083,69.455,5.9139
2010-03-04,44007,Providence,3.5226,-0.6972,57.606,4.8563
2010-03-05,44007,Providence,7.2168,-3.3091,44.5875,4.3397
2010-03-06,44007,Providence,13.1087,-2.0716,26.1323,3.0611
2010-03-07,44007,Providence,13.6463,0.022,35.113,3.235
2010-03-08,44007,Providence,15.0567,0.2553,39.266,3.6195
2010-03-09,44007,Providence,11.7368,-3.29,36.7213,2.3348
2010-03-10,44007,Providence,14.0967,-0.3816,34.1955,0.8227
2010-03-11,44007,Providence,8.843,2.2685,54.0237,2.9102
2010-03-12,44007,Providence,9.1224,2.6638,53.7601,5.4256
2010-03-13,44007,Providence,8.1432,3.3383,64.7673,9.1584
2010-03-14,44007,Providence,8.7276,4.3453,66.9847,8.5346
2010-03-15,44007,Providence,5.7888,2.0623,69.8482,7.9523
2010-03-16,44007,Providence,12.6728,-1.4005,41.1776,3.9683
2010-03-17,44007,Providence,18.0479,1.2045,32.0452,2.8147
2010-03-18,44007,Providence,18.9343,2.7666,36.2378,3.5123
2010-03-19,44007,Providence,21.1778,3.1166,34.1235,2.1799
2010-03-20,44007,Providence,22.0302,5.0727,34.7243,2.7182
2010-03-21,44007,Providence,16.0757,4.0825,51.2139,2.5744
2010-03-22,44007,Providence,9.7655,4.846,89.565,2.674
2010-03-23,44007,Providence,7.8602,4.3392,99.8367,2.6597
2010-03-24,44007,Providence,12.3203,0.8717,46.3117,5.6971
2010-03-25,44007,Providence,16.854,2.385,41.9527,3.5975
2010-03-26,44007,Providence,4.9925,-4.9339,67.4719,5.1822
2010-03-27,44007,Providence,5.4643,-3.9917,33.4852,2.6659
2010-03-28,44007,Providence,9.5434,0.207,56.1922,3.9535
2010-03-29,44007,Providence,11.5207,7.428,83.2421,4.8605
2010-03-30,44007,Providence,11.6455,5.2815,75.4065,4.6573
2010-03-31,44007,Providence,9.3063,5.3883,76.8831,2.6402
2010-04-01,44007,Providence,16.9064,3.5647,59.6576,1.9326
2010-04-02,44007,Providence,21.2813,4.9438,52.2788,1.865
2010-04-03,44007,Providence,22.1982,6.8463,48.3456,3.3182
2010-04-04,44007,Providence,24.3846,6.2388,38.7306,3.2589
2010-04-05,44007,Providence,21.8623,7.7788,39.2313,3.0353
2010-04-06,44007,Providence,21.793,7.7858,49.4753,1.8417
2010-04-07,44007,Providence,32.0311,10.1622,36.059,3.4136
2010-04-08,44007,Providence,20.1411,9.4613,64.9595,3.1496
2010-04-09,44007,Providence,12.765,3.9938,87.3751,3.5751
2010-04-10,44007,Providence,14.3258,4.2207,37.6381,5.1766
2010-04-11,44007,Providence,21.237,3.431,36.3487,3.544
2010-04-12,44007,Providence,16.7109,1.8002,37.3892,2.5541
2010-04-13,44007,Providence,14.7966,0.2711,41.8947,1.779
2010-04-14,44007,Providence,18.4862,4.1239,33.3732,3.0188
2010-04-15,44007,Providence,18.2091,3.2595,34.3682,3.323
2010-04-16,44007,Providence,8.3272,3.3512,68.3228,3.7181
2010-04-17,44007,Providence,7.0395,3.3998,79.1031,1.7777
2010-04-18,44007,Providence,10.9308,3.1343,58.5759,2.7999
2010-04-19,44007,Providence,14.9016,4.8259,46.7102,3.7018
2010-04-20,44007,Providence,19.9532,4.2956,42.0978,2.7455
2010-04-21,44007,Providence,21.1386,6.0814,42.3682,2.5608
2010-04-22,44007,Providence,20.9472,5.8066,52.4126,2.6527
2010-04-23,44007,Providence,17.3189,3.468,47.0984,3.8035
2010-04-24,44007,Providence,19.903,8.0297,33.4153,2.6322
2010-04-25,44007,Providence,14.0107,7.9629,60.9734,2.3353
2010-04-26,44007,Providence,14.8917,7.4246,64.7287,3.4611
2010-04-27,44007,Providence,10.082,-0.1694,83.0471,3.2407
2010-04-28,44007,Providence,8.6728,3.291,54.2896,5.8459
2010-04-29,44007,Providence,16.7439,1.715,34.8796,5.3993
2010-04-30,44007,Providence,23.9132,10.7963,28.9366,3.8569
2010-05-01,44007,Providence,26.6118,12.3333,41.661,1.8908
2010-05-02,44007,Providence,29.1181,15.0186,57.1527,3.1982
2010-05-03,44007,Providence,27.0101,11.0062,67.8039,4.7241
2010-05-04,44007,Providence,26.5405,9.8313,44.272,3.9581
2010-05-05,44007,Providence,25.5131,12.3864,37.833,3.2185
2010-05-06,44007,Providence,25.2404,8.7083,51.2454,4.9919
2010-05-07,44007,Providence,21.9576,9.7921,38.9534,3.364
2010-05-08,44007,Providence,20.0239,4.8128,61.2856,4.6487
2010-05-09,44007,Providence,12.5218,2.6694,45.5833,6.778
2010-05-10,44007,Providence,14.442,0.8858,41.0642,4.4397
2010-05-11,44007,Providence,14.3145,5.4413,41.0451,2.2773
2010-05-12,44007,Providence,10.1351,2.1907,70.3291,1.4853
2010-05-13,44007,Providence,18.951,7.9567,42.3827,2.8486
2010-05-14,44007,Providence,21.3056,9.1331,67.1814,3.0649
2010-05-15,44007,Providence,21.4647,8.5995,52.1161,4.3618
2010-05-16,44007,Providence,22.373,6.5139,42.7307,2.9025
2010-05-17,44007,Providence,23.9545,7.5082,36.0236,2.3795
2010-05-18,44007,Providence,15.1399,7.9157,64.6592,3.8276
2010-05-19,44007,Providence,14.1734,10.0241,76.4921,3.356
2010-05-20,44007,Providence,27.0381,11.8037,49.4939,2.9444
2010-05-21,44007,Providence,24.8757,10.3585,53.3369,2.359
2010-05-22,44007,Providence,24.0321,11.9343,54.8607,2.5349
2010-05-23,44007,Providence,24.4379,13.25,62.3677,2.3109
2010-05-24,44007,Providence,26.4645,14.0594,62.2062,1.7882
2010-05-25,44007,Providence,30.68,15.7242,55.5327,2.9094
2010-05-26,44007,Providence,34.5928,13.5341,55.6551,2.398
2010-05-27,44007,Providence,23.3574,10.7635,69.1097,2.3933
2010-05-28,44007,Providence,23.6579,11.6929,54.8864,1.4447
2010-05-29,44007,Providence,24.5913,14.5529,63.8528,3.3217
2010-05-30,44007,Providence,26.7451,14.4423,50.7033,3.175
2010-05-31,44007,Providence,25.0198,15.2499,46.3954,2.619
2010-06-01,44007,Providence,27.9111,15.2435,68.8991,3.7023
2010-06-02,44007,Providence,27.0517,15.7689,62.9996,2.0554
2010-06-03,44007,Providence,26.9286,16.2345,72.6207,3.1075
2010-06-04,44007,Providence,27.9151,17.1899,66.9144,1.7924
2010-06-05,44007,Providence,27.9911,18.4887,71.0167,3.3449
2010-06-06,44007,Providence,27.0517,11.8051,78.9098,4.2663
2010-06-07,44007,Providence,22.5879,9.5397,51.3201,3.6482
2010-06-08,44007,Providence,20.1985,7.2938,53.4663,3.1126
2010-06-09,44007,Providence,20.0186,10.7147,55.8503,2.1533
2010-06-10,44007,Providence,17.8311,11.9522,80.9421,1.6655
2010-06-11,44007,Providence,19.6607,12.113,72.9666,2.029
2010-06-12,44007,Providence,20.2419,14.6847,71.2634,2.0579
2010-06-13,44007,Providence,18.5912,14.7347,80.4466,2.1662
2010-06-14,44007,Providence,23.7537,12.1448,78.9404,1.4737
2010-06-15,44007,Providence,25.2592,10.6742,60.5559,1.9107
2010-06-16,44007,Providence,23.5869,14.962,63.3603,2.9056
2010-06-17,44007,Providence,22.5458,12.7456,77.6772,3.6136
2010-06-18,44007,Providence,29.6511,14.5387,55.6409,2.4305
2010-06-19,44007,Providence,27.2962,17.1372,59.7688,3.6567
2010-06-20,44007,Providence,30.0172,17.7715,68.3205,2.8399
2010-06-21,44007,Providence,29.8382,15.9328,61.3105,1.9938
2010-06-22,44007,Providence,27.8423,18.3363,56.9799,1.8311
2010-06-23,44007,Providence,28.4103,17.6194,70.2667,2.601
2010-06-24,44007,Providence,31.3546,17.0142,65.6783,4.2732
2010-06-25,44007,Providence,27.7647,16.4275,56.966,2.1839
2010-06-26,44007,Providence,28.4733,17.0215,61.2044,2.7322
2010-06-27,44007,Providence,29.3238,20.4655,64.517,2.3118
2010-06-28,44007,Providence,32.3363,21.1334,67.2009,4.0044
2010-06-29,44007,Providence,30.2697,13.487,67.8519,3.2316
2010-06-30,44007,Providence,23.7524,11.1601,50.3156,3.2794
2010-07-01,44007,Providence,22.4501,11.508,54.6839,3.6425
2010-07-02,44007,Providence,25.7961,12.1357,50.0242,2.344
2010-07-03,44007,Providence,28.8332,16.0062,49.9391,2.7415
2010-07-04,44007,Providence,32.3222,17.4134,51.2946,3.186
2010-07-05,44007,Providence,34.5144,20.7561,45.1651,2.1935
2010-07-06,44007,Providence,36.5496,22.235,52.8708,1.7499
2010-07-07,44007,Providence,33.5249,21.6591,59.7932,1.6877
2010-07-08,44007,Providence,29.899,21.0315,67.4604,2.731
2010-07-09,44007,Providence,30.1169,22.0574,67.873,3.0793
2010-07-10,44007,Providence,29.1749,18.8031,72.2181,1.7357
2010-07-11,44007,Providence,30.6985,19.4282,62.1108,1.8119
2010-07-12,44007,Providence,30.2099,21.7037,59.2979,2.8666
2010-07-13,44007,Providence,29.8225,22.4328,66.5244,3.2118
2010-07-14,44007,Providence,26.561,18.8955,87.3443,1.5339
2010-07-15,44007,Providence,26.0676,18.6934,80.819,2.1926
2010-07-16,44007,Providence,30.67,20.9881,70.9857,3.6377
2010-07-17,44007,Providence,31.5435,20.9256,64.4433,3.6331
2010-07-18,44007,Providence,31.0617,17.7313,60.9416,3.6112
2010-07-19,44007,Providence,27.8167,19.7513,74.3692,2.8167
2010-07-20,44007,Providence,28.4316,19.1334,70.3694,1.9185
2010-07-21,44007,Providence,29.523,18.7484,72.6321,2.7361
2010-07-22,44007,Providence,28.2764,16.1461,62.3786,3.8082
2010-07-23,44007,Providence,24.5843,18.3562,70.6054,2.0187
2010-07-24,44007,Providence,30.9927,22.0552,71.7995,1.3415
2010-07-25,44007,Providence,30.6537,15.3926,71.6543,3.634
2010-07-26,44007,Providence,27.8287,15.5719,51.5769,3.9432
2010-07-27,44007,Providence,30.1737,16.5802,50.3546,2.997
2010-07-28,44007,Providence,29.5758,21.9875,58.3701,4.4269
2010-07-29,44007,Providence,29.4214,13.8988,75.9273,3.4449
2010-07-30,44007,Providence,26.2361,13.5909,50.3582,2.4597
2010-07-31,44007,Providence,25.3546,12.47,54.6842,1.6152
2010-08-01,44007,Providence,25.5107,13.6056,64.934,1.8663
2010-08-02,44007,Providence,26.2056,16.9742,60.8379,2.1552
2010-08-03,44007,Providence,27.6284,20.8757,62.1559,4.4818
2010-08-04,44007,Providence,30.4608,22.6237,68.0913,4.6116
2010-08-05,44007,Providence,30.2666,19.3575,75.6307,3.55
2010-08-06,44007,Providence,29.0389,12.2505,62.2116,3.4132
2010-08-07,44007,Providence,25.3252,14.2521,47.2581,2.1998
2010-08-08,44007,Providence,28.6492,18.5888,57.687,3.0517
2010-08-09,44007,Providence,31.8467,20.5403,57.5055,3.1813
2010-08-10,44007,Providence,30.4752,20.1925,66.5769,2.0457
2010-08-11,44007,Providence,28.6728,16.5448,67.2811,1.9224
2010-08-12,44007,Providence,26.7718,17.1983,57.0354,2.2694
2010-08-13,44007,Providence,26.1671,11.3319,57.6753,2.253
2010-08-14,44007,Providence,25.9399,12.9333,51.7935,1.7337
2010-08-15,44007,Providence,24.4606,16.8561,64.7205,2.8913
2010-08-16,44007,Providence,25.8289,19.3694,83.9584,3.306
2010-08-17,44007,Providence,30.4417,16.694,73.8615,3.2037
2010-08-18,44007,Providence,27.5812,13.9914,57.6114,1.0772
2010-08-19,44007,Providence,30.2691,16.7721,50.815,1.7165
2010-08-20,44007,Providence,28.7981,12.1407,55.2343,2.6765
2010-08-21,44007,Providence,26.1439,16.4117,50.7619,1.5914
2010-08-22,44007,Providence,20.2802,16.5826,99.4816,4.824
2010-08-23,44007,Providence,17.5819,15.6931,94.3885,7.0497
2010-08-24,44007,Providence,17.4869,15.9832,90.5727,5.5412
2010-08-25,44007,Providence,19.9106,15.8355,80.7569,3.2997
2010-08-26,44007,Providence,26.9561,12.7968,73.7173,3.0736
2010-08-27,44007,Providence,24.4908,10.4949,61.8432,2.5526
2010-08-28,44007,Providence,26.7324,13.5951,55.8149,2.3857
2010-08-29,44007,Providence,32.3393,16.0895,54.0685,2.8241
2010-08-30,44007,Providence,31.6945,17.4637,50.2741,2.9628
2010-08-31,44007,Providence,33.2198,18.948,57.1863,2.847
2010-09-01,44007,Providence,33.0195,19.6387,54.5786,2.5607
2010-09-02,44007,Providence,32.8328,19.8784,56.5327,3.5351
2010-09-03,44007,Providence,27.0491,20.0261,80.384,3.4511
2010-09-04,44007,Providence,25.9416,12.5044,63.8531,5.5401
2010-09-05,44007,Providence,22.3765,8.8878,53.8662,4.161
2010-09-06,44007,Providence,24.1053,12.8521,49.6317,2.5025
2010-09-07,44007,Providence,27.4178,18.1296,60.9421,4.1398
2010-09-08,44007,Providence,27.8839,13.0048,64.2087,4.728
2010-09-09,44007,Providence,21.0763,12.7845,64.2539,3.7807
2010-09-10,44007,Providence,19.611,10.4062,69.1999,3.5157
2010-09-11,44007,Providence,21.6948,9.5499,64.2026,2.6803
2010-09-12,44007,Providence,17.8941,11.6896,71.581,3.0644
2010-09-13,44007,Providence,18.7481,12.4144,73.9688,2.2738
2010-09-14,44007,Providence,23.223,9.8386,57.749,3.2939
2010-09-15,44007,Providence,19.4803,5.9163,51.778,3.7526
2010-09-16,44007,Providence,20.456,10.2742,66.7822,4.0087
2010-09-17,44007,Providence,20.3787,10.3291,90.2885,3.3018
2010-09-18,44007,Providence,19.4016,9.7308,75.5649,1.759
2010-09-19,44007,Providence,23.6888,12.1963,70.324,1.5335
2010-09-20,44007,Providence,20.9116,5.6699,64.8832,3.6447
2010-09-21,44007,Providence,20.385,10.3793,50.3153,3.5729
2010-09-22,44007,Providence,27.9621,14.9047,63.5991,4.8282
2010-09-23,44007,Providence,24.1887,13.8444,65.1121,1.9124
2010-09-24,44007,Providence,26.5379,16.7876,71.6812,4.5171
2010-09-25,44007,Providence,29.2419,13.1795,64.4894,4.0628
2010-09-26,44007,Providence,21.2589,13.491,65.6448,4.1068
2010-09-27,44007,Providence,20.8188,14.6265,83.2379,3.5661
2010-09-28,44007,Providence,24.0841,18.5874,80.7674,4.9527
2010-09-29,44007,Providence,26.4939,17.2764,66.3542,2.9391
2010-09-30,44007,Providence,25.1086,20.4673,78.6745,5.043
2010-10-01,44007,Providence,25.2116,10.2131,73.2586,5.5646
2010-10-02,44007,Providence,18.4899,6.3572,59.137,2.6087
2010-10-03,44007,Providence,13.6699,8.432,69.7182,4.8117
2010-10-04,44007,Providence,14.4907,10.3087,73.2029,6.3945
2010-10-05,44007,Providence,14.3375,12.3157,82.9313,4.5371
2010-10-06,44007,Providence,15.0334,8.6416,84.6954,2.5247
2010-10-07,44007,Providence,17.8374,7.3372,62.1667,5.0808
2010-10-08,44007,Providence,21.0098,6.9363,50.2219,4.2579
2010-10-09,44007,Providence,18.0874,1.9253,45.9659,3.8288
2010-10-10,44007,Providence,17.7638,3.7196,43.6618,3.6569
2010-10-11,44007,Providence,20.0594,6.8124,50.4757,2.3579
2010-10-12,44007,Providence,18.0213,2.6249,68.3887,2.1491
2010-10-13,44007,Providence,16.9906,2.738,51.2712,1.4455
2010-10-14,44007,Providence,15.3477,5.85,71.0462,3.6032
2010-10-15,44007,Providence,12.0572,6.6534,75.9416,6.7534
2010-10-16,44007,Providence,13.7768,3.2296,59.3614,6.1373
2010-10-17,44007,Providence,17.7641,4.3123,50.9323,3.8788
2010-10-18,44007,Providence,14.8121,2.4602,47.4478,3.6601
2010-10-19,44007,Providence,14.2154,2.6675,51.3822,2.0146
2010-10-20,44007,Providence,15.7889,2.5083,62.2681,2.3856
2010-10-21,44007,Providence,14.395,1.9272,64.0653,4.0392
2010-10-22,44007,Providence,9.609,0.371,50.7197,5.3792
2010-10-23,44007,Providence,14.3728,3.3818,50.7097,3.9054
2010-10-24,44007,Providence,10.7736,6.2426,68.8262,1.9116
2010-10-25,44007,Providence,19.1429,8.3238,76.6059,3.1229
2010-10-26,44007,Providence,23.6122,16.9276,62.8796,3.2962
2010-10-27,44007,Providence,20.8605,15.4813,81.2632,4.3266
2010-10-28,44007,Providence,23.7577,5.4354,64.7836,3.8292
2010-10-29,44007,Providence,12.9619,2.2614,59.0368,4.1396
2010-10-30,44007,Providence,12.9045,4.3216,51.6121,5.0818
2010-10-31,44007,Providence,13.8814,-1.128,53.8752,4.5205
2010-11-01,44007,Providence,9.3658,-0.0948,45.7765,3.9045
2010-11-02,44007,Providence,8.4873,-3.7885,49.9302,2.7072
2010-11-03,44007,Providence,10.3076,-1.7187,49.7796,1.5731
2010-11-04,44007,Providence,13.0234,5.3913,79.7895,3.5772
2010-11-05,44007,Providence,14.7578,4.376,83.2431,3.6548
2010-11-06,44007,Providence,9.4319,2.58,62.8953,2.7214
2010-11-07,44007,Providence,6.3762,0.8639,61.2154,4.5265
2010-11-08,44007,Providence,7.9725,2.6428,67.2348,5.5821
2010-11-09,44007,Providence,11.0125,6.0148,69.2754,5.7941
2010-11-10,44007,Providence,8.5105,3.1431,67.9668,6.2395
2010-11-11,44007,Providence,9.6633,1.2635,51.7432,4.9934
2010-11-12,44007,Providence,14.2774,0.5937,46.3395,3.555
2010-11-13,44007,Providence,17.6137,0.6299,40.1095,2.3364
2010-11-14,44007,Providence,12.7132,2.0902,56.526,2.4943
2010-11-15,44007,Providence,12.2311,7.3228,69.5244,1.9401
2010-11-16,44007,Providence,15.1315,8.2252,64.5329,2.281
2010-11-17,44007,Providence,16.7631,6.0094,64.9157,7.1735
2010-11-18,44007,Providence,11.2293,-0.794,53.1637,4.2417
2010-11-19,44007,Providence,6.9981,-2.7435,51.5197,3.054
2010-11-20,44007,Providence,10.4338,-1.5955,49.8561,5.1304
2010-11-21,44007,Providence,5.1254,-1.3041,46.8826,2.6276
2010-11-22,44007,Providence,13.5903,3.4826,66.4859,3.7545
2010-11-23,44007,Providence,16.5444,4.4344,70.3476,4.1132
2010-11-24,44007,Providence,7.6958,-3.0321,41.5904,6.0923
2010-11-25,44007,Providence,5.1458,-1.7681,34.7629,2.3038
2010-11-26,44007,Providence,10.0089,-2.8115,65.8182,3.8014
2010-11-27,44007,Providence,5.09,-3.9772,47.2778,4.5681
2010-11-28,44007,Providence,6.1543,-4.611,42.3259,2.9637
2010-11-29,44007,Providence,7.9517,-3.4064,47.6634,1.3496
2010-11-30,44007,Providence,9.6664,0.2741,66.698,3.2629
2010-12-01,44007,Providence,13.4273,0.7912,92.038,6.9334
2010-12-02,44007,Providence,6.314,-1.5882,55.2508,3.7953
2010-12-03,44007,Providence,3.666,-1.1018,50.2562,3.3423
2010-12-04,44007,Providence,4.3432,-3.617,51.3642,4.4241
2010-12-05,44007,Providence,1.1844,-4.517,49.953,4.2008
2010-12-06,44007,Providence,-0.3861,-3.8819,46.6147,6.2067
2010-12-07,44007,Providence,1.111,-4.0949,43.6822,5.7893
2010-12-08,44007,Providence,-0.4966,-8.1451,44.1528,5.5324
2010-12-09,44007,Providence,-3.0583,-13.32,44.4607,4.5516
2010-12-10,44007,Providence,-2.1974,-12.06,56.5432,1.7268
2010-12-11,44007,Providence,7.1262,-4.1405,58.4357,1.8623
2010-12-12,44007,Providence,12.9727,2.0865,69.8013,6.8437
2010-12-13,44007,Providence,9.7138,-5.1974,98.0653,3.9768
2010-12-14,44007,Providence,-3.1329,-9.5371,60.3777,4.6786
2010-12-15,44007,Providence,-5.7678,-9.4164,46.6617,5.7405
2010-12-16,44007,Providence,0.2892,-10.5665,55.6591,3.0592
2010-12-17,44007,Providence,1.2576,-9.183,59.7928,2.7579
2010-12-18,44007,Providence,3.3506,-7.4727,57.2235,1.6994
2010-12-19,44007,Providence,1.5479,-6.2762,68.3651,2.5193
2010-12-20,44007,Providence,-1.7347,-4.3141,68.0548,5.5331
2010-12-21,44007,Providence,3.3998,-2.868,61.2162,6.184
2010-12-22,44007,Providence,3.6829,-1.8011,58.9192,4.9692
2010-12-23,44007,Providence,2.4617,-3.4219,61.5469,6.3425
2010-12-24,44007,Providence,2.3631,-7.7875,57.3159,4.3369
2010-12-25,44007,Providence,-0.0815,-7.6123,56.6818,2.0016
2010-12-26,44007,Providence,-1.0946,-5.5192,77.3328,6.6443
2010-12-27,44007,Providence,-2.1828,-8.9281,71.5296,9.3287
2010-12-28,44007,Providence,0.6917,-7.6076,47.4413,6.1191
2010-12-29,44007,Providence,2.4456,-8.4429,68.4214,3.2087
2010-12-30,44007,Providence,6.2945,-8.3502,51.3952,2.747
2010-12-31,44007,Providence,7.1638,-1.0375,48.9565,3.1223
2011-01-01,44007,Providence,7.1638,-1.0375,57.4507,2.9166
2011-01-02,44007,Providence,5.8678,-0.6593,69.7431,2.3466
2011-01-03,44007,Providence,2.0209,-4.8473,56.436,4.4538
2011-01-04,44007,Providence,3.0851,-4.7408,38.0469,3.6521
2011-01-05,44007,Providence,3.3023,-5.1534,53.4752,3.1434
2011-01-06,44007,Providence,0.2722,-6.7011,44.5667,1.925
2011-01-07,44007,Providence,1.2726,-5.9937,48.2745,2.3097
2011-01-08,44007,Providence,2.2077,-3.3088,65.615,1.8164
2011-01-09,44007,Providence,0.6896,-6.8531,70.2284,5.1907
2011-01-10,44007,Providence,-0.6121,-8.193,57.2556,5.5122
2011-01-11,44007,Providence,0.2895,-9.1695,60.5867,2.2923
2011-01-12,44007,Providence,1.8222,-5.6817,68.3741,5.3105
2011-01-13,44007,Providence,-0.2138,-13.2716,69.8235,5.5562
2011-01-14,44007,Providence,-1.1211,-14.8358,56.1235,2.7437
2011-01-15,44007,Providence,0.8073,-13.2523,53.0613,2.7616
2011-01-16,44007,Providence,1.0528,-11.2648,71.723,3.8743
2011-01-17,44007,Providence,-5.8864,-13.6267,57.5895,2.4901
2011-01-18,44007,Providence,3.6684,-9.5707,57.4532,3.6825
2011-01-19,44007,Providence,2.7595,-3.0062,75.4165,2.6109
2011-01-20,44007,Providence,0.5937,-5.7573,67.2276,2.7058
2011-01-21,44007,Providence,0.5678,-10.7561,73.9935,2.8494
2011-01-22,44007,Providence,-3.7887,-13.9334,56.3171,3.238
2011-01-23,44007,Providence,-5.1855,-18.6009,57.3079,2.8156
2011-01-24,44007,Providence,-10.5158,-22.0164,51.8365,3.5447
2011-01-25,44007,Providence,1.0797,-14.3045,53.8455,1.9607
2011-01-26,44007,Providence,1.0266,-9.1914,66.1103,2.9502
2011-01-27,44007,Providence,1.3848,-7.0148,68.9854,5.8571
2011-01-28,44007,Providence,1.0389,-8.1031,57.3329,1.8311
2011-01-29,44007,Providence,1.8892,-6.6168,61.7871,1.5772
2011-01-30,44007,Providence,1.2558,-7.591,61.084,2.531
2011-01-31,44007,Providence,-3.2077,-11.2009,58.51,2.8906
2011-02-01,44007,Providence,0.3471,-9.4768,56.2351,3.049
2011-02-02,44007,Providence,2.8079,-4.941,67.0756,3.8441
2011-02-03,44007,Providence,-1.0124,-14.4771,75.5238,3.3091
2011-02-04,44007,Providence,0.4939,-15.1937,50.6796,4.0835
2011-02-05,44007,Providence,4.2434,-10.9528,53.6875,2.4421
2011-02-06,44007,Providence,4.2601,-4.7417,72.4654,4.894
2011-02-07,44007,Providence,3.8979,-4.6588,57.3739,1.7503
2011-02-08,44007,Providence,3.4835,-11.044,84.217,3.0121
2011-02-09,44007,Providence,-0.8478,-13.0951,48.5185,6.177
2011-02-10,44007,Providence,-2.6467,-11.945,59.129,3.8293
2011-02-11,44007,Providence,-0.2404,-12.2615,45.666,3.455
2011-02-12,44007,Providence,3.1532,-8.0371,53.7509,3.3503
2011-02-13,44007,Providence,3.1418,-8.2253,52.0791,4.851
2011-02-14,44007,Providence,7.8859,-1.0576,53.2547,5.0076
2011-02-15,44007,Providence,2.2117,-10.0805,47.7547,6.8826
2011-02-16,44007,Providence,3.1635,-10.3618,42.6171,3.433
2011-02-17,44007,Providence,8.658,-1.2975,49.2902,2.7869
2011-02-18,44007,Providence,13.7118,0.5674,54.8156,3.5224
2011-02-19,44007,Providence,7.0439,-11.9856,53.7846,7.0454
2011-02-20,44007,Providence,0.3911,-13.1569,41.0792,6.4548
2011-02-21,44007,Providence,-0.7807,-12.8119,64.1138,3.1859
2011-02-22,44007,Providence,0.0505,-13.239,43.2651,4.3373
2011-02-23,44007,Providence,2.8203,-12.465,41.1076,3.2858
2011-02-24,44007,Providence,4.282,-8.4591,43.6901,2.2011
2011-02-25,44007,Providence,7.6374,-3.5207,67.3017,3.2908
2011-02-26,44007,Providence,4.0834,-4.3132,47.5295,4.8234
2011-02-27,44007,Providence,3.3203,-4.3377,65.2928,1.7432
2011-02-28,44007,Providence,7.2746,-3.9117,60.4659,4.031
2011-03-01,44007,Providence,4.1425,-6.9787,56.1761,5.0057
2011-03-02,44007,Providence,6.2196,-8.54,50.4633,4.4398
2011-03-03,44007,Providence,-2.1587,-12.3831,44.9295,5.4585
2011-03-04,44007,Providence,2.4168,-12.152,40.1094,2.2566
2011-03-05,44007,Providence,8.9016,-2.6568,60.5286,3.7553
2011-03-06,44007,Providence,13.8571,4.5497,65.445,5.2532
2011-03-07,44007,Providence,11.8548,-3.4888,78.8509,6.2564
2011-03-08,44007,Providence,6.4892,-4.5018,38.1166,3.3769
2011-03-09,44007,Providence,5.6426,-4.4497,51.7795,3.8136
2011-03-10,44007,Providence,9.6195,-1.3401,58.156,5.508
2011-03-11,44007,Providence,14.9979,2.879,68.3844,6.041
2011-03-12,44007,Providence,10.1849,0.4703,60.2368,4.9334
2011-03-13,44007,Providence,11.7796,0.8225,52.9044,3.8591
2011-03-14,44007,Providence,5.5916,-0.7725,60.1624,2.3616
2011-03-15,44007,Providence,7.3023,-1.8721,53.5184,1.6688
2011-03-16,44007,Providence,11.8411,-1.5419,58.0167,2.5374
2011-03-17,44007,Providence,15.7545,0.0049,48.9388,2.6455
2011-03-18,44007,Providence,21.3386,2.8703,40.888,5.025
2011-03-19,44007,Providence,9.1374,-0.3292,53.1583,3.2491
2011-03-20,44007,Providence,8.1155,-1.2861,41.0864,1.8303
2011-03-21,44007,Providence,6.8199,-0.9563,53.91,3.5824
2011-03-22,44007,Providence,8.8759,-0.244,58.7391,4.2376
2011-03-23,44007,Providence,5.225,-1.6265,51.8287,1.802
2011-03-24,44007,Providence,5.0626,-1.9804,58.1341,3.3534
2011-03-25,44007,Providence,5.8613,-4.3127,45.3055,2.7991
2011-03-26,44007,Providence,3.9624,-5.351,33.3639,4.6998
2011-03-27,44007,Providence,4.844,-5.1703,32.4231,4.5554
2011-03-28,44007,Providence,6.1049,-5.6709,31.7688,5.0674
2011-03-29,44007,Providence,6.525,-2.7118,38.285,3.8257
2011-03-30,44007,Providence,10.5399,-1.523,40.4543,2.5113
2011-03-31,44007,Providence,7.4022,0.2009,56.9311,2.6773
2011-04-01,44007,Providence,5.9002,0.2648,64.5576,4.6755
2011-04-02,44007,Providence,11.3047,0.228,49.7603,4.7888
2011-04-03,44007,Providence,12.3628,0.3747,35.9125,4.8649
2011-04-04,44007,Providence,10.7949,2.12,48.9282,3.3089
2011-04-05,44007,Providence,16.4013,1.1229,73.4399,4.8515
2011-04-06,44007,Providence,11.2736,0.0535,43.3749,5.867
2011-04-07,44007,Providence,12.06,-0.1281,46.1861,2.0497
2011-04-08,44007,Providence,12.4657,-0.1062,41.8094,1.7781
2011-04-09,44007,Providence,14.5354,0.1503,41.8805,2.0587
2011-04-10,44007,Providence,16.2097,1.2619,41.6092,2.7171
2011-04-11,44007,Providence,20.5286,5.661,58.123,4.715
2011-04-12,44007,Providence,17.3175,5.3289,70.6704,4.1122
2011-04-13,44007,Providence,13.809,5.1148,63.9135,5.1274
2011-04-14,44007,Providence,17.0491,5.9432,57.4302,2.3299
2011-04-15,44007,Providence,10.1645,-1.0719,58.9725,3.1707
2011-04-16,44007,Providence,11.4575,-0.9842,52.9505,5.3559
2011-04-17,44007,Providence,15.6084,6.332,60.4778,7.7386
2011-04-18,44007,Providence,15.3852,5.1626,44.9652,4.7167
2011-04-19,44007,Providence,12.9309,5.8132,64.2391,2.2218
2011-04-20,44007,Providence,19.1834,5.6516,57.032,4.0252
2011-04-21,44007,Providence,12.5563,0.9234,72.5279,5.232
2011-04-22,44007,Providence,11.9379,-0.9904,41.2886,2.8908
2011-04-23,44007,Providence,12.589,4.1264,61.2554,4.0247
2011-04-24,44007,Providence,22.2304,9.2828,58.2015,3.0644
2011-04-25,44007,Providence,18.4309,8.7494,75.5111,1.2068
2011-04-26,44007,Providence,24.8642,8.7277,59.6768,3.0528
2011-04-27,44007,Providence,24.8673,12.4673,63.4031,4.3681
2011-04-28,44007,Providence,23.1017,13.4214,67.5541,6.0479
2011-04-29,44007,Providence,22.391,10.3429,55.7446,3.1825
2011-04-30,44007,Providence,17.4224,6.7029,52.1909,3.0637
2011-05-01,44007,Providence,16.8681,5.0403,45.7657,2.4582
2011-05-02,44007,Providence,19.6598,4.0006,46.0496,2.0234
2011-05-03,44007,Providence,20.8865,10.3077,54.7127,2.4319
2011-05-04,44007,Providence,21.4326,8.8999,64.892,3.1917
2011-05-05,44007,Providence,13.2556,5.2847,65.9829,4.5657
2011-05-06,44007,Providence,19.9048,3.5874,40.1614,3.8471
2011-05-07,44007,Providence,21.6263,7.4553,50.9867,2.7596
2011-05-08,44007,Providence,20.2151,9.2413,53.3979,2.8774
2011-05-09,44007,Providence,17.8054,8.3424,52.5201,3.9936
2011-05-10,44007,Providence,14.5715,8.343,58.6627,5.0173
2011-05-11,44007,Providence,16.6881,8.1417,60.7481,4.7644
2011-05-12,44007,Providence,17.3834,8.8968,57.0128,3.7681
2011-05-13,44007,Providence,19.6507,8.7902,57.3787,1.3808
2011-05-14,44007,Providence,18.7122,9.5995,62.8232,1.9921
2011-05-15,44007,Providence,20.3158,10.7068,66.1255,2.9263
2011-05-16,44007,Providence,18.2327,10.8506,73.1562,3.2577
2011-05-17,44007,Providence,19.0576,10.6941,68.7297,4.4241
2011-05-18,44007,Providence,19.0684,12.4096,71.1323,4.7504
2011-05-19,44007,Providence,21.7732,12.5503,66.1766,3.1725
2011-05-20,44007,Providence,22.5831,12.1192,64.5423,2.1324
2011-05-21,44007,Providence,22.5106,11.8731,62.7444,1.2771
2011-05-22,44007,Providence,18.931,10.0003,68.1569,2.9139
2011-05-23,44007,Providence,17.9254,9.8715,68.3812,3.5107
2011-05-24,44007,Providence,27.1303,13.7734,60.9607,4.1082
2011-05-25,44007,Providence,25.6312,13.0703,62.7559,2.1211
2011-05-26,44007,Providence,26.446,12.1035,60.9035,3.0884
2011-05-27,44007,Providence,29.4713,15.8708,61.6705,2.6931
2011-05-28,44007,Providence,27.7424,15.3735,64.4484,2.8927
2011-05-29,44007,Providence,27.3147,16.4751,64.435,3.4023
2011-05-30,44007,Providence,30.1303,18.5024,60.0023,2.5753
2011-05-31,44007,Providence,28.0767,14.8647,60.4683,1.5638
2011-06-01,44007,Providence,28.3712,14.962,61.0862,4.178
2011-06-02,44007,Providence,22.0958,9.5663,76.7512,5.2226
2011-06-03,44007,Providence,20.0343,8.0414,52.4923,4.7735
2011-06-04,44007,Providence,21.7622,7.9463,49.1364,2.3373
2011-06-05,44007,Providence,20.8778,7.7319,59.7352,1.4311
2011-06-06,44007,Providence,24.3539,11.9968,59.8729,1.4925
2011-06-07,44007,Providence,28.3987,13.2543,56.2441,1.5873
2011-06-08,44007,Providence,31.3576,17.0615,58.0047,1.9721
2011-06-09,44007,Providence,33.289,20.0656,64.4818,3.1135
2011-06-10,44007,Providence,27.7706,17.0733,70.1306,2.1834
2011-06-11,44007,Providence,19.0164,13.2256,86.5253,3.4019
2011-06-12,44007,Providence,22.4149,13.2719,68.8234,2.6241
2011-06-13,44007,Providence,22.0438,12.6504,72.8926,1.0303
2011-06-14,44007,Providence,18.8989,12.5023,71.0592,2.0755
2011-06-15,44007,Providence,25.2655,11.6219,56.1326,2.5952
2011-06-16,44007,Providence,28.0524,12.3573,57.2132,2.6806
2011-06-17,44007,Providence,23.8268,14.0331,71.9794,3.2783
2011-06-18,44007,Providence,26.7194,15.4927,66.9847,2.7768
2011-06-19,44007,Providence,24.4099,13.8236,64.5515,2.7076
2011-06-20,44007,Providence,24.5335,11.6185,53.6067,1.2945
2011-06-21,44007,Providence,27.0717,13.5299,58.6193,1.518
2011-06-22,44007,Providence,26.27,16.6498,70.7401,1.9702
2011-06-23,44007,Providence,25.1558,14.7937,77.0936,2.2311
2011-06-24,44007,Providence,23.9273,13.9833,71.5473,2.852
2011-06-25,44007,Providence,25.3505,13.7988,69.0461,1.749
2011-06-26,44007,Providence,25.9629,16.3216,67.2338,1.9053
2011-06-27,44007,Providence,28.0879,16.8869,63.8242,1.5478
2011-06-28,44007,Providence,27.7906,17.5923,67.0747,2.1008
2011-06-29,44007,Providence,28.5134,15.2332,73.8043,2.5965
2011-06-30,44007,Providence,25.4104,13.8274,64.0785,3.2759
2011-07-01,44007,Providence,25.1815,13.2033,61.0843,2.2555
2011-07-02,44007,Providence,25.9073,16.8742,67.1735,1.0583
2011-07-03,44007,Providence,27.2202,16.4096,72.0259,2.704
2011-07-04,44007,Providence,29.8346,17.4867,69.1547,2.2815
2011-07-05,44007,Providence,29.5604,18.3861,64.2559,1.9747
2011-07-06,44007,Providence,29.487,17.5609,65.0417,3.0593
2011-07-07,44007,Providence,29.2107,19.1447,70.0415,2.0818
2011-07-08,44007,Providence,26.0021,17.8631,74.8638,2.1952
2011-07-09,44007,Providence,28.2099,16.0753,72.0662,2.521
2011-07-10,44007,Providence,26.8276,15.5749,58.9586,1.8973
2011-07-11,44007,Providence,29.9132,16.7826,66.9586,2.9749
2011-07-12,44007,Providence,31.5117,20.1963,71.6455,3.7119
2011-07-13,44007,Providence,29.4957,16.288,68.1735,2.2403
2011-07-14,44007,Providence,24.1426,13.8038,70.0276,3.7007
2011-07-15,44007,Providence,27.1823,13.1249,55.75,2.1677
2011-07-16,44007,Providence,28.6562,14.7189,56.4865,2.2604
2011-07-17,44007,Providence,30.8513,17.4117,59.3089,3.5732
2011-07-18,44007,Providence,31.1469,19.4272,64.8829,4.2624
2011-07-19,44007,Providence,30.6876,19.2681,66.979,1.9695
2011-07-20,44007,Providence,30.8997,18.4956,61.0367,2.364
2011-07-21,44007,Providence,33.5224,20.389,65.8244,4.5875
2011-07-22,44007,Providence,36.8816,22.7763,61.8087,3.3849
2011-07-23,44007,Providence,34.9498,22.1192,53.9789,2.2691
2011-07-24,44007,Providence,32.2167,17.0932,69.0369,2.1771
2011-07-25,44007,Providence,24.2151,16.5025,70.1762,2.2537
2011-07-26,44007,Providence,29.1971,16.8043,64.2122,2.1061
2011-07-27,44007,Providence,28.1418,17.0417,63.9732,2.7346
2011-07-28,44007,Providence,28.8921,17.4579,57.7559,1.4723
2011-07-29,44007,Providence,27.0012,18.6545,73.171,2.904
2011-07-30,44007,Providence,31.5315,18.4205,62.5084,3.0495
2011-07-31,44007,Providence,30.5874,16.9451,54.7138,1.8708
2011-08-01,44007,Providence,31.9021,18.0616,56.4131,2.896
2011-08-02,44007,Providence,30.6952,17.8695,58.1839,2.8459
2011-08-03,44007,Providence,27.351,16.802,60.0792,1.4227
2011-08-04,44007,Providence,27.0869,17.0598,64.7728,1.7921
2011-08-05,44007,Providence,27.341,16.9681,64.9873,1.4735
2011-08-06,44007,Providence,29.7427,18.1137,64.9774,3.1109
2011-08-07,44007,Providence,23.4143,19.0168,88.3038,3.1311
2011-08-08,44007,Providence,28.9062,19.7652,75.4222,1.8476
2011-08-09,44007,Providence,27.6274,13.3993,82.8488,2.305
2011-08-10,44007,Providence,28.2857,13.7357,71.8788,2.0897
2011-08-11,44007,Providence,26.046,13.8402,70.3971,2.8385
2011-08-12,44007,Providence,25.5701,12.567,60.0885,2.7225
2011-08-13,44007,Providence,27.86,14.5487,59.3896,2.0043
2011-08-14,44007,Providence,25.0265,17.2006,76.8353,2.4871
2011-08-15,44007,Providence,22.5265,11.2152,99.7313,3.4588
2011-08-16,44007,Providence,21.152,12.1399,79.0087,2.1952
2011-08-17,44007,Providence,27.5728,14.9149,67.7392,2.1043
2011-08-18,44007,Providence,28.2749,16.8873,71.1157,3.1181
2011-08-19,44007,Providence,27.0974,18.127,78.243,3.2269
2011-08-20,44007,Providence,27.2509,17.7903,73.9445,1.6511
2011-08-21,44007,Providence,28.077,17.2169,74.6551,3.4431
2011-08-22,44007,Providence,24.4216,13.8646,81.899,4.0643
2011-08-23,44007,Providence,23.0563,12.2576,60.4899,2.7948
2011-08-24,44007,Providence,25.7473,13.1901,62.5387,3.388
2011-08-25,44007,Providence,27.255,18.0705,77.3232,4.6717
2011-08-26,44007,Providence,28.1306,19.0663,75.5008,2.3722
2011-08-27,44007,Providence,26.1673,18.12,81.2118,1.9512
2011-08-28,44007,Providence,23.8899,15.9105,98.9855,8.2993
2011-08-29,44007,Providence,23.5629,13.877,70.2875,4.9701
2011-08-30,44007,Providence,24.5936,12.7043,61.8552,1.6395
2011-08-31,44007,Providence,27.185,13.0056,60.6463,1.4601
2011-09-01,44007,Providence,24.6974,13.1023,73.1373,2.0868
2011-09-02,44007,Providence,23.5437,12.1431,66.7898,1.9415
2011-09-03,44007,Providence,26.5244,12.8722,69.0102,2.8459
2011-09-04,44007,Providence,28.2208,17.5336,72.7411,3.5571
2011-09-05,44007,Providence,27.0549,18.6083,76.0002,4.248
2011-09-06,44007,Providence,22.8897,14.4698,91.8246,3.1088
2011-09-07,44007,Providence,20.6434,13.4677,82.7391,4.1436
2011-09-08,44007,Providence,23.0456,13.095,73.1309,2.716
2011-09-09,44007,Providence,26.1113,14.7552,70.2362,2.8998
2011-09-10,44007,Providence,24.7202,14.4359,65.8439,1.9064
2011-09-11,44007,Providence,21.2093,14.1395,69.8431,2.3731
2011-09-12,44007,Providence,25.7642,15.1173,69.6602,2.7244
2011-09-13,44007,Providence,25.9639,17.6568,70.3603,3.0088
2011-09-14,44007,Providence,27.7473,17.0117,70.8219,3.6908
2011-09-15,44007,Providence,26.5236,8.6697,89.5989,2.8537
2011-09-16,44007,Providence,15.9311,6.1622,68.624,4.363
2011-09-17,44007,Providence,16.0362,5.1632,59.6039,2.0295
2011-09-18,44007,Providence,17.9855,7.2692,63.8541,3.1306
2011-09-19,44007,Providence,19.2409,6.8502,63.6855,2.7572
2011-09-20,44007,Providence,19.1876,9.1879,76.8895,2.8661
2011-09-21,44007,Providence,24.2349,13.3356,73.216,2.1791
2011-09-22,44007,Providence,24.5719,17.016,74.7494,1.3232
2011-09-23,44007,Providence,24.8852,17.7889,78.6615,1.8729
2011-09-24,44007,Providence,26.6884,18.7532,75.2124,2.4581
2011-09-25,44007,Providence,26.8556,18.8019,76.506,1.3299
2011-09-26,44007,Providence,27.2709,18.1472,74.5879,1.2179
2011-09-27,44007,Providence,25.5304,16.5769,77.5727,1.4028
2011-09-28,44007,Providence,23.6466,14.5167,78.4414,3.2995
2011-09-29,44007,Providence,22.5316,14.4435,81.8324,3.0854
2011-09-30,44007,Providence,24.2507,11.7295,70.618,3.516
2011-10-01,44007,Providence,21.9604,13.3952,83.3386,1.5579
2011-10-02,44007,Providence,19.9677,12.0131,78.67,2.5729
2011-10-03,44007,Providence,18.2218,8.8101,76.4297,1.7412
2011-10-04,44007,Providence,16.3082,9.1619,74.1261,1.4058
2011-10-05,44007,Providence,18.7939,3.7303,69.3106,4.8094
2011-10-06,44007,Providence,14.8496,2.1538,50.5635,3.4332
2011-10-07,44007,Providence,15.8765,2.1287,46.6734,1.6343
2011-10-08,44007,Providence,24.3773,5.7643,50.8098,2.8257
2011-10-09,44007,Providence,27.5205,10.7761,51.8988,2.8361
2011-10-10,44007,Providence,26.6611,11.4341,56.3612,2.6732
2011-10-11,44007,Providence,19.9905,8.1451,64.2595,2.4995
2011-10-12,44007,Providence,16.8641,7.9023,70.5245,3.2193
2011-10-13,44007,Providence,22.9226,12.6243,70.235,3.9577
2011-10-14,44007,Providence,21.9835,13.1577,80.7236,3.1468
2011-10-15,44007,Providence,18.3063,8.989,67.6803,6.6093
2011-10-16,44007,Providence,16.8167,7.7474,52.6422,5.9575
2011-10-17,44007,Providence,17.773,7.3399,65.1871,5.0215
2011-10-18,44007,Providence,18.6046,6.4015,54.309,3.3212
2011-10-19,44007,Providence,16.8468,10.028,73.704,4.1616
2011-10-20,44007,Providence,21.4949,9.7768,78.3542,5.2298
2011-10-21,44007,Providence,15.1963,7.4671,65.1425,5.4627
2011-10-22,44007,Providence,14.9601,6.9814,61.7117,3.2605
2011-10-23,44007,Providence,13.4242,6.3234,62.1325,2.1269
2011-10-24,44007,Providence,14.9483,7.2004,62.5673,1.64
2011-10-25,44007,Providence,14.888,3.0263,70.1709,3.8399
2011-10-26,44007,Providence,12.7246,2.8209,59.6303,1.966
2011-10-27,44007,Providence,10.0255,0.9769,93.3513,2.9842
2011-10-28,44007,Providence,7.3082,-1.7882,65.2584,4.2049
2011-10-29,44007,Providence,7.1339,-0.5017,65.2924,4.266
2011-10-30,44007,Providence,5.9476,-2.7752,73.707,7.321
2011-10-31,44007,Providence,10.9962,-2.6061,52.3186,2.1454
2011-11-01,44007,Providence,11.9143,0.4114,62.2341,2.7333
2011-11-02,44007,Providence,12.6403,-0.3356,54.987,2.137
2011-11-03,44007,Providence,14.9324,1.279,56.2543,3.1845
2011-11-04,44007,Providence,10.0253,-1.7878,70.8039,4.143
2011-11-05,44007,Providence,8.751,-1.996,46.9266,3.2372
2011-11-06,44007,Providence,11.6964,-1.3793,44.7919,2.4487
2011-11-07,44007,Providence,14.8499,0.7415,54.6086,3.6262
2011-11-08,44007,Providence,19.3416,5.3144,54.0767,2.2937
2011-11-09,44007,Providence,18.5753,7.176,59.1208,1.9592
2011-11-10,44007,Providence,17.3982,7.4338,71.1055,1.9723
2011-11-11,44007,Providence,11.7758,1.5223,74.6214,4.6989
2011-11-12,44007,Providence,10.1213,-0.1199,51.0798,5.4527
2011-11-13,44007,Providence,16.3236,2.8704,53.2196,4.0415
2011-11-14,44007,Providence,17.9491,7.6321,58.4297,4.6737
2011-11-15,44007,Providence,19.9483,10.5495,62.4375,3.8582
2011-11-16,44007,Providence,15.7705,8.727,71.7338,1.9141
2011-11-17,44007,Providence,13.5147,1.5751,77.6506,2.5936
2011-11-18,44007,Providence,6.6346,-1.0557,51.2555,5.0141
2011-11-19,44007,Providence,10.3639,-0.9127,46.0374,4.3128
2011-11-20,44007,Providence,15.818,4.4894,58.4565,5.3104
2011-11-21,44007,Providence,11.6613,1.7645,71.3165,2.9216
2011-11-22,44007,Providence,9.0566,0.6517,56.8791,1.7759
2011-11-23,44007,Providence,12.9663,-0.8285,72.6472,4.5274
2011-11-24,44007,Providence,6.946,-2.1472,59.0379,3.6671
2011-11-25,44007,Providence,13.8505,0.0916,53.5634,3.2651
2011-11-26,44007,Providence,16.3178,2.958,49.6555,3.1338
2011-11-27,44007,Providence,15.1162,2.9008,56.7771,2.0906
2011-11-28,44007,Providence,19.2529,7.9342,59.0845,4.2
2011-11-29,44007,Providence,20.325,8.7851,63.3088,2.8415
2011-11-30,44007,Providence,16.1554,3.7483,73.125,6.0808
2011-12-01,44007,Providence,7.7377,-1.2049,58.6254,3.7549
2011-12-02,44007,Providence,9.6652,-1.3692,46.9839,2.1379
2011-12-03,44007,Providence,7.1897,-2.0986,57.896,2.6969
2011-12-04,44007,Providence,11.4884,-0.7073,59.9083,2.2859
2011-12-05,44007,Providence,14.3107,2.8381,65.1717,2.7174
2011-12-06,44007,Providence,16.1384,8.8101,71.9274,3.5184
2011-12-07,44007,Providence,15.1268,7.5504,82.9986,2.5053
2011-12-08,44007,Providence,10.615,-1.7275,70.8641,4.9762
2011-12-09,44007,Providence,9.7777,-1.8505,53.1651,3.1326
2011-12-10,44007,Providence,7.8553,-2.8821,67.3474,2.8538
2011-12-11,44007,Providence,2.728,-4.371,42.7297,2.451
2011-12-12,44007,Providence,7.3215,-2.7842,45.4076,2.6739
2011-12-13,44007,Providence,6.9744,-3.2726,53.3053,2.4012
2011-12-14,44007,Providence,6.7416,-1.453,60.2052,2.2072
2011-12-15,44007,Providence,12.3622,0.4166,62.9636,4.4871
2011-12-16,44007,Providence,11.4232,-0.7611,73.4102,6.117
2011-12-17,44007,Providence,5.3164,-3.1927,58.636,2.813
2011-12-18,44007,Providence,0.1817,-6.329,40.6105,3.175
2011-12-19,44007,Providence,4.9073,-6.3744,41.3282,3.5826
2011-12-20,44007,Providence,5.5752,-2.3436,59.3288,4.0093
2011-12-21,44007,Providence,12.6289,-1.5209,54.116,2.7076
2011-12-22,44007,Providence,13.0252,3.1505,73.6611,4.6838
2011-12-23,44007,Providence,7.9993,-2.7237,81.3016,2.8723
2011-12-24,44007,Providence,0.4412,-5.6391,62.2764,3.3538
2011-12-25,44007,Providence,3.6632,-6.0089,51.3525,1.8581
2011-12-26,44007,Providence,5.8067,-3.2364,67.1114,3.4614
2011-12-27,44007,Providence,12.6205,-2.8202,49.2193,3.211
2011-12-28,44007,Providence,10.1922,-4.6302,83.0813,6.3281
2011-12-29,44007,Providence,0.6339,-5.1324,40.6223,5.9294
2011-12-30,44007,Providence,7.0525,-2.7232,44.2395,1.6642
2011-12-31,44007,Providence,9.949,0.3053,71.5212,1.9582
2012-01-01,44007,Providence,10.8906,-1.0526,59.8449,2.719
2012-01-02,44007,Providence,9.6484,-2.2841,62.9735,5.3177
2012-01-03,44007,Providence,1.1583,-11.1943,49.6248,4.4974
2012-01-04,44007,Providence,-1.1401,-13.2919,26.4328,4.6893
2012-01-05,44007,Providence,2.8246,-4.6638,34.4181,3.7696
2012-01-06,44007,Providence,7.6799,-3.2741,46.5857,3.1709
2012-01-07,44007,Providence,11.3854,-0.8737,51.7133,3.0742
2012-01-08,44007,Providence,7.0083,-2.2666,54.7277,2.7554
2012-01-09,44007,Providence,2.6367,-3.5102,38.8103,2.4282
2012-01-10,44007,Providence,6.2235,-2.0294,46.7518,2.6496
2012-01-11,44007,Providence,5.2144,-3.028,49.9222,2.1433
2012-01-12,44007,Providence,6.9725,-0.2849,65.3581,5.13
2012-01-13,44007,Providence,10.5215,-3.1599,61.8665,4.6456
2012-01-14,44007,Providence,1.3727,-8.9455,46.1614,6.8994
2012-01-15,44007,Providence,-5.751,-14.4995,49.3257,5.3234
2012-01-16,44007,Providence,2.9048,-14.3839,33.7301,3.5175
2012-01-17,44007,Providence,7.2549,-0.5037,57.34,4.8276
2012-01-18,44007,Providence,7.4141,-8.1414,65.6208,6.2502
2012-01-19,44007,Providence,2.6129,-8.6582,37.0929,3.3698
2012-01-20,44007,Providence,2.3999,-7.981,64.6018,4.0137
2012-01-21,44007,Providence,-1.3672,-8.801,58.7918,3.1835
2012-01-22,44007,Providence,-0.0588,-11.5068,60.6119,3.3799
2012-01-23,44007,Providence,7.7964,-6.709,54.2544,2.7396
2012-01-24,44007,Providence,11.9949,-0.3658,63.2603,3.3446
2012-01-25,44007,Providence,6.0728,-1.749,53.7336,3.774
2012-01-26,44007,Providence,5.6602,-1.8314,49.7646,1.66
2012-01-27,44007,Providence,13.7508,0.2874,64.5331,4.1942
2012-01-28,44007,Providence,7.4828,-2.1211,58.2636,4.4182
2012-01-29,44007,Providence,6.3549,-2.7231,46.801,5.0197
2012-01-30,44007,Providence,4.2194,-3.1044,46.6278,4.3199
2012-01-31,44007,Providence,9.4962,-2.4359,40.4201,2.6391
2012-02-01,44007,Providence,12.9372,1.0972,52.4161,3.4459
2012-02-02,44007,Providence,7.4273,-1.3195,62.3389,3.0081
2012-02-03,44007,Providence,4.1468,-3.6249,47.2083,3.7799
2012-02-04,44007,Providence,6.2156,-3.5553,41.4427,3.133
2012-02-05,44007,Providence,2.4539,-5.2923,42.6371,2.4642
2012-02-06,44007,Providence,7.7488,-3.9874,38.2485,4.065
2012-02-07,44007,Providence,8.3075,-2.6789,48.1468,3.3528
2012-02-08,44007,Providence,4.7235,-4.5364,38.6117,2.1981
2012-02-09,44007,Providence,7.4199,-2.8541,39.8827,2.5635
2012-02-10,44007,Providence,8.9149,-2.5922,37.0313,2.8792
2012-02-11,44007,Providence,4.6062,-3.7206,66.7742,2.9379
2012-02-12,44007,Providence,-0.3889,-7.9484,42.3514,6.3887
2012-02-13,44007,Providence,5.3886,-7.6707,31.1044,5.7376
2012-02-14,44007,Providence,6.3361,-3.2681,39.5956,2.1766
2012-02-15,44007,Providence,7.0836,-0.2283,59.9251,1.1868
2012-02-16,44007,Providence,9.4729,-1.9058,54.3189,1.8803
2012-02-17,44007,Providence,10.7654,0.1798,60.4877,2.7044
2012-02-18,44007,Providence,7.99,-1.0931,44.1634,4.1322
2012-02-19,44007,Providence,7.4215,-2.8538,46.3433,2.4287
2012-02-20,44007,Providence,4.5446,-4.2836,38.3792,3.8108
2012-02-21,44007,Providence,5.9319,-4.9963,39.9537,2.9648
2012-02-22,44007,Providence,13.0217,0.6827,51.2336,3.6958
2012-02-23,44007,Providence,14.85,-0.2915,51.8993,3.709
2012-02-24,44007,Providence,6.7159,-0.3483,55.958,3.3423
2012-02-25,44007,Providence,7.1371,-3.1039,58.2598,7.0134
2012-02-26,44007,Providence,4.7658,-4.7704,35.6284,6.4072
2012-02-27,44007,Providence,9.7451,-3.3038,38.2789,3.357
2012-02-28,44007,Providence,7.6988,-0.4071,52.3186,4.6349
2012-02-29,44007,Providence,5.8367,-3.2599,47.6278,5.0057
2012-03-01,44007,Providence,4.8684,-2.0431,73.2655,5.2973
2012-03-02,44007,Providence,4.686,-3.0393,60.8354,3.1205
2012-03-03,44007,Providence,9.2228,-0.4309,65.2182,3.438
2012-03-04,44007,Providence,8.4249,-1.341,49.6012,3.0378
2012-03-05,44007,Providence,2.7386,-8.0531,58.0412,4.6137
2012-03-06,44007,Providence,3.226,-8.3921,39.4833,3.6522
2012-03-07,44007,Providence,11.1113,-2.7828,47.5893,4.6052
2012-03-08,44007,Providence,18.5081,4.0321,52.4673,6.8633
2012-03-09,44007,Providence,13.0173,0.9453,60.975,6.2703
2012-03-10,44007,Providence,6.6307,-2.7645,42.5682,3.6483
2012-03-11,44007,Providence,12.3743,-2.7249,39.7349,3.7391
2012-03-12,44007,Providence,19.7041,1.0654,38.0195,3.0985
2012-03-13,44007,Providence,19.5771,6.8881,53.0589,3.2502
2012-03-14,44007,Providence,17.8163,2.6948,63.2485,1.917
2012-03-15,44007,Providence,11.2716,0.8229,60.2734,2.1038
2012-03-16,44007,Providence,9.8152,2.216,62.3334,2.3378
2012-03-17,44007,Providence,15.5485,2.8668,56.9889,1.9337
2012-03-18,44007,Providence,20.4545,2.1077,50.5924,3.2021
2012-03-19,44007,Providence,24.3521,6.2801,49.0707,2.4529
2012-03-20,44007,Providence,23.1478,7.5384,53.1068,1.9458
2012-03-21,44007,Providence,22.9784,8.9678,56.1409,2.8103
2012-03-22,44007,Providence,25.9451,11.4721,53.2099,3.9827
2012-03-23,44007,Providence,23.1082,10.1666,49.8636,2.645
2012-03-24,44007,Providence,13.9217,5.7005,44.8073,2.6359
2012-03-25,44007,Providence,11.8374,5.2552,54.5862,1.9851
2012-03-26,44007,Providence,11.43,-3.5811,67.2085,4.1473
2012-03-27,44007,Providence,7.6454,-3.697,25.2329,5.7235
2012-03-28,44007,Providence,12.4006,0.1363,39.8046,3.1935
2012-03-29,44007,Providence,9.2754,1.9903,68.5872,3.6098
2012-03-30,44007,Providence,10.2265,1.1903,40.874,3.5553
2012-03-31,44007,Providence,6.6714,2.0737,57.4478,2.3617
2012-04-01,44007,Providence,10.8569,1.496,51.7942,1.8394
2012-04-02,44007,Providence,10.5534,-0.1538,61.6774,4.2137
2012-04-03,44007,Providence,13.6713,-0.5125,29.9093,3.679
2012-04-04,44007,Providence,16.0967,4.4983,30.6894,3.0805
2012-04-05,44007,Providence,10.6793,1.7145,45.3232,3.8289
2012-04-06,44007,Providence,9.7022,0.2542,43.9756,2.893
2012-04-07,44007,Providence,10.6122,-0.4853,35.8965,3.0941
2012-04-08,44007,Providence,11.7797,3.8211,40.495,2.6039
2012-04-09,44007,Providence,14.8261,3.9803,42.0631,5.3271
2012-04-10,44007,Providence,15.5581,3.0887,37.8579,4.0631
2012-04-11,44007,Providence,13.5025,5.1822,45.5117,2.25
2012-04-12,44007,Providence,13.8584,4.7999,50.8042,2.5827
2012-04-13,44007,Providence,15.985,4.2583,43.0095,2.282
2012-04-14,44007,Providence,20.0155,4.6129,34.0405,3.4197
2012-04-15,44007,Providence,22.5266,10.4613,46.4987,3.3415
2012-04-16,44007,Providence,28.6208,13.2401,48.6823,2.8911
2012-04-17,44007,Providence,25.9384,9.6799,48.878,3.2144
2012-04-18,44007,Providence,16.8876,6.3135,42.5277,2.8414
2012-04-19,44007,Providence,19.5814,4.6875,46.2702,2.4741
2012-04-20,44007,Providence,21.5118,6.1544,49.0303,3.0617
2012-04-21,44007,Providence,21.9699,11.8161,56.8795,3.5917
2012-04-22,44007,Providence,17.8604,11.0959,72.8499,2.5163
2012-04-23,44007,Providence,18.9119,6.8628,76.0212,5.6769
2012-04-24,44007,Providence,13.5844,5.7942,57.5846,5.7154
2012-04-25,44007,Providence,16.5911,4.2092,46.5265,3.3776
2012-04-26,44007,Providence,15.8299,2.7109,50.2984,2.7576
2012-04-27,44007,Providence,13.17,1.9054,72.9583,5.2741
2012-04-28,44007,Providence,13.0826,1.0535,37.9507,5.1492
2012-04-29,44007,Providence,13.0787,0.8189,39.0031,3.5737
2012-04-30,44007,Providence,15.4447,0.1092,33.5204,2.2522
2012-05-01,44007,Providence,13.5371,6.5587,64.4058,3.0987
2012-05-02,44007,Providence,16.0011,6.0454,65.1122,2.9659
2012-05-03,44007,Providence,14.1222,7.5717,70.0935,2.2179
2012-05-04,44007,Providence,18.0908,6.7295,68.4429,2.4737
2012-05-05,44007,Providence,17.6812,8.92,71.7213,1.1523
2012-05-06,44007,Providence,18.7581,6.9509,62.449,1.4905
2012-05-07,44007,Providence,20.2775,6.6145,51.1166,1.6809
2012-05-08,44007,Providence,15.3392,8.3186,64.0469,3.7935
2012-05-09,44007,Providence,20.7308,12.5851,68.0264,3.5544
2012-05-10,44007,Providence,18.7559,7.552,76.727,3.3616
2012-05-11,44007,Providence,17.6496,5.8912,48.724,4.421
2012-05-12,44007,Providence,22.585,5.5858,38.6844,3.2748
2012-05-13,44007,Providence,25.6647,10.979,45.7042,2.4482
2012-05-14,44007,Providence,22.8374,13.0992,62.3976,2.871
2012-05-15,44007,Providence,22.4153,12.0806,68.7452,3.9287
2012-05-16,44007,Providence,24.5128,12.5491,62.9412,3.0772
2012-05-17,44007,Providence,21.1834,8.4365,62.68,2.9334
2012-05-18,44007,Providence,20.6816,8.42,42.7598,1.6541
2012-05-19,44007,Providence,23.1159,7.4313,41.3443,2.0669
2012-05-20,44007,Providence,24.5095,9.8561,43.4538,2.0994
2012-05-21,44007,Providence,22.4886,10.2388,64.3171,3.0854
2012-05-22,44007,Providence,20.246,14.4428,74.6623,3.2474
2012-05-23,44007,Providence,24.5254,14.5918,64.4474,1.0315
2012-05-24,44007,Providence,22.0109,14.5225,71.8383,2.3723
2012-05-25,44007,Providence,23.8202,13.87,67.7742,2.736
2012-05-26,44007,Providence,29.906,15.6648,61.8869,3.179
2012-05-27,44007,Providence,26.8868,16.058,61.6191,1.9319
2012-05-28,44007,Providence,28.9273,15.9812,61.0829,1.6523
2012-05-29,44007,Providence,30.4728,16.3384,64.2513,3.0969
2012-05-30,44007,Providence,26.7518,16.3919,68.1146,2.3635
2012-05-31,44007,Providence,26.9994,15.0925,52.5831,1.546
2012-06-01,44007,Providence,21.1185,12.9355,63.9468,3.3983
2012-06-02,44007,Providence,18.3498,12.7354,74.9496,4.7606
2012-06-03,44007,Providence,22.5044,10.9536,64.6983,2.134
2012-06-04,44007,Providence,13.7738,8.7584,83.7622,3.5223
2012-06-05,44007,Providence,14.4196,8.596,72.3297,3.5241
2012-06-06,44007,Providence,19.0058,9.3336,63.7727,1.2403
2012-06-07,44007,Providence,21.4527,11.6803,62.9145,1.0804
2012-06-08,44007,Providence,23.9519,12.5001,59.8204,1.8626
2012-06-09,44007,Providence,24.5408,13.8755,58.4412,2.863
2012-06-10,44007,Providence,26.0868,12.6753,57.1457,1.8268
2012-06-11,44007,Providence,20.5826,11.9627,66.0706,2.6035
2012-06-12,44007,Providence,22.8852,14.4897,67.1149,3.3681
2012-06-13,44007,Providence,21.6825,15.5395,75.1769,2.5271
2012-06-14,44007,Providence,24.1028,13.3192,69.3017,2.181
2012-06-15,44007,Providence,23.5723,11.7036,60.1588,2.5457
2012-06-16,44007,Providence,22.8191,9.8831,62.8074,2.501
2012-06-17,44007,Providence,20.7568,8.7761,66.4243,2.4575
2012-06-18,44007,Providence,21.2369,7.9564,65.5384,1.8801
2012-06-19,44007,Providence,23.8399,11.0868,66.4759,3.0702
2012-06-20,44007,Providence,32.9905,16.3402,61.0066,3.3704
2012-06-21,44007,Providence,33.3392,22.1616,60.3832,2.9078
2012-06-22,44007,Providence,32.3509,21.1496,60.7772,2.0775
2012-06-23,44007,Providence,27.9777,15.233,71.708,1.842
2012-06-24,44007,Providence,27.1786,13.6815,57.0289,2.7778
2012-06-25,44007,Providence,23.4644,15.1897,71.9177,2.8967
2012-06-26,44007,Providence,22.6264,12.9494,65.1861,3.1003
2012-06-27,44007,Providence,24.1223,12.713,57.5286,4.2476
2012-06-28,44007,Providence,27.6922,13.6292,52.5896,3.0691
2012-06-29,44007,Providence,31.5608,16.7028,58.9382,2.6864
2012-06-30,44007,Providence,30.0117,17.4801,58.0747,3.2917
2012-07-01,44007,Providence,30.102,17.7751,63.4789,3.1395
2012-07-02,44007,Providence,27.7086,16.0775,65.3275,2.7116
2012-07-03,44007,Providence,28.0825,15.6143,60.2407,2.4909
2012-07-04,44007,Providence,29.4333,17.1414,67.3072,2.0429
2012-07-05,44007,Providence,29.8698,19.7141,69.5322,2.5174
2012-07-06,44007,Providence,29.96,18.7622,66.079,1.8172
2012-07-07,44007,Providence,32.1664,19.1847,66.6188,3.1576
2012-07-08,44007,Providence,28.7538,17.535,65.5269,2.3298
2012-07-09,44007,Providence,26.6273,15.2413,60.232,2.2123
2012-07-10,44007,Providence,26.9079,13.6549,52.4315,1.8396
2012-07-11,44007,Providence,28.7202,16.7069,54.4338,1.2533
2012-07-12,44007,Providence,29.4767,16.2191,59.4386,1.9722
2012-07-13,44007,Providence,31.0176,16.6122,59.664,2.9069
2012-07-14,44007,Providence,31.2441,18.423,60.1812,2.9479
2012-07-15,44007,Providence,31.3947,17.6298,62.0737,3.0538
2012-07-16,44007,Providence,31.2097,21.1991,65.7187,3.018
2012-07-17,44007,Providence,33.252,20.7418,57.9294,2.9921
2012-07-18,44007,Providence,35.5749,22.2358,57.3777,2.8979
2012-07-19,44007,Providence,27.9933,19.1297,69.7849,1.9465
2012-07-20,44007,Providence,22.0543,14.6798,79.7636,2.7411
2012-07-21,44007,Providence,26.4415,13.2762,58.0045,1.7344
2012-07-22,44007,Providence,28.5967,13.933,53.9664,2.6413
2012-07-23,44007,Providence,29.9168,15.9902,62.049,3.4387
2012-07-24,44007,Providence,33.5374,18.3747,62.3392,3.8722
2012-07-25,44007,Providence,27.1708,15.7945,54.4837,4.0345
2012-07-26,44007,Providence,30.7191,16.1022,52.8303,3.3745
2012-07-27,44007,Providence,30.0636,19.6741,72.02,2.0031
2012-07-28,44007,Providence,30.3186,18.2854,66.8319,2.0623
2012-07-29,44007,Providence,27.5898,18.0572,67.7426,2.258
2012-07-30,44007,Providence,28.3117,16.6082,64.8885,1.8164
2012-07-31,44007,Providence,26.9537,15.8714,68.3091,2.5664
2012-08-01,44007,Providence,28.6212,17.6003,70.3147,2.3165
2012-08-02,44007,Providence,30.9767,19.1143,64.7965,2.0523
2012-08-03,44007,Providence,33.4746,19.82,60.6181,2.9824
2012-08-04,44007,Providence,33.5523,20.3644,63.1533,2.4606
2012-08-05,44007,Providence,32.693,20.4314,67.7789,4.0769
2012-08-06,44007,Providence,31.2102,18.5516,66.1913,3.7649
2012-08-07,44007,Providence,28.6284,17.0611,52.6762,1.9969
2012-08-08,44007,Providence,32.3352,17.3486,51.2542,1.5954
2012-08-09,44007,Providence,32.9778,18.808,56.5419,1.8719
2012-08-10,44007,Providence,31.7174,18.3663,66.3531,3.6746
2012-08-11,44007,Providence,28.3003,21.1048,75.4822,2.9703
2012-08-12,44007,Providence,27.6711,20.1981,79.4802,3.2618
2012-08-13,44007,Providence,28.8158,18.4562,68.8983,2.7265
2012-08-14,44007,Providence,28.7407,17.4945,62.9218,2.2052
2012-08-15,44007,Providence,28.6446,19.1072,69.8335,2.1909
2012-08-16,44007,Providence,28.5385,18.3607,69.7486,2.2468
2012-08-17,44007,Providence,29.9098,17.0081,59.7628,2.8775
2012-08-18,44007,Providence,24.0294,16.925,84.4648,1.6347
2012-08-19,44007,Providence,24.7427,15.6071,65.6387,1.7743
2012-08-20,44007,Providence,25.92,16.385,60.4985,1.1175
2012-08-21,44007,Providence,27.5849,16.0012,61.8244,2.3128
2012-08-22,44007,Providence,28.0125,14.7666,54.8236,1.6896
2012-08-23,44007,Providence,29.4178,15.7005,55.087,2.4326
2012-08-24,44007,Providence,30.6445,16.6693,53.3457,1.7545
2012-08-25,44007,Providence,29.0048,16.223,58.7448,2.2364
2012-08-26,44007,Providence,29.7082,14.7457,49.1201,2.2359
2012-08-27,44007,Providence,30.3378,14.7903,53.6159,2.724
2012-08-28,44007,Providence,29.2631,16.8245,73.332,3.4783
2012-08-29,44007,Providence,23.8824,11.1132,64.6552,3.0163
2012-08-30,44007,Providence,27.8991,10.4593,45.7041,3.2505
2012-08-31,44007,Providence,32.7863,13.5828,44.8484,4.1544
2012-09-01,44007,Providence,30.2615,15.7069,56.3454,3.1281
2012-09-02,44007,Providence,27.8058,15.2041,57.0521,1.933
2012-09-03,44007,Providence,28.1501,14.3312,57.0915,2.4017
2012-09-04,44007,Providence,24.8182,15.839,74.8672,2.2782
2012-09-05,44007,Providence,27.4473,20.3017,75.5992,3.7546
2012-09-06,44007,Providence,28.0281,18.2653,72.5387,1.8236
2012-09-07,44007,Providence,29.3399,17.55,67.3344,2.0968
2012-09-08,44007,Providence,29.4462,18.051,71.1547,4.098
2012-09-09,44007,Providence,23.1857,13.2383,75.8248,2.539
2012-09-10,44007,Providence,20.8269,8.259,64.5754,3.5839
2012-09-11,44007,Providence,20.9816,6.9861,52.0974,3.1961
2012-09-12,44007,Providence,25.4476,8.9418,48.2702,2.0985
2012-09-13,44007,Providence,27.0844,12.2949,57.9276,2.8376
2012-09-14,44007,Providence,27.2176,12.9428,60.8183,2.9446
2012-09-15,44007,Providence,23.533,8.3069,71.6586,3.3572
2012-09-16,44007,Providence,20.138,7.545,54.045,3.1749
2012-09-17,44007,Providence,24.0559,7.5759,48.1845,2.143
2012-09-18,44007,Providence,24.9096,11.2003,67.6873,4.2881
2012-09-19,44007,Providence,21.7666,8.155,83.7661,4.8353
2012-09-20,44007,Providence,20.2398,6.9001,58.0916,3.206
2012-09-21,44007,Providence,21.7206,7.9174,59.606,2.3728
2012-09-22,44007,Providence,24.3399,10.4759,62.2648,2.4518
2012-09-23,44007,Providence,20.989,6.7597,75.408,3.1441
2012-09-24,44007,Providence,18.1664,5.3241,49.3147,2.7642
2012-09-25,44007,Providence,21.9731,6.0907,47.4957,3.8922
2012-09-26,44007,Providence,23.898,11.4511,64.7973,3.8339
2012-09-27,44007,Providence,23.0947,12.3693,70.0766,2.4793
2012-09-28,44007,Providence,17.5194,10.8167,78.9977,3.6705
2012-09-29,44007,Providence,20.4166,12.2191,74.3466,1.5759
2012-09-30,44007,Providence,18.3786,10.067,81.4275,1.7224
2012-10-01,44007,Providence,20.3103,8.2201,59.6718,4.6752
2012-10-02,44007,Providence,22.1983,11.1234,60.295,1.9927
2012-10-03,44007,Providence,22.5189,14.1364,71.6244,1.3149
2012-10-04,44007,Providence,23.0058,14.0048,76.3498,1.2043
2012-10-05,44007,Providence,24.8231,12.8385,61.2682,2.1699
2012-10-06,44007,Providence,25.3679,8.6042,65.7507,4.0826
2012-10-07,44007,Providence,15.0919,5.7326,67.6662,2.4066
2012-10-08,44007,Providence,15.1109,5.2147,61.2433,1.7651
2012-10-09,44007,Providence,14.028,8.394,71.237,3.4684
2012-10-10,44007,Providence,17.3829,9.1733,72.5257,3.2112
2012-10-11,44007,Providence,14.3456,4.6427,64.3165,4.4707
2012-10-12,44007,Providence,12.8787,-0.9638,62.3274,4.0751
2012-10-13,44007,Providence,10.9686,-1.9431,44.2383,3.0369
2012-10-14,44007,Providence,17.639,5.2077,58.3001,4.3882
2012-10-15,44007,Providence,24.6367,12.5489,61.6999,5.0118
2012-10-16,44007,Providence,16.1972,2.0309,82.9768,4.4889
2012-10-17,44007,Providence,15.5833,1.0422,51.3348,2.1227
2012-10-18,44007,Providence,18.2418,6.3327,55.4549,2.15
2012-10-19,44007,Providence,19.9019,9.7448,73.9688,4.3605
2012-10-20,44007,Providence,23.7448,8.1782,74.3541,3.2866
2012-10-21,44007,Providence,15.918,6.2327,59.7405,3.7648
2012-10-22,44007,Providence,16.9511,6.4422,53.8291,4.2379
2012-10-23,44007,Providence,17.7651,5.4382,53.8794,2.5905
2012-10-24,44007,Providence,13.315,8.176,69.0701,1.8757
2012-10-25,44007,Providence,16.3283,7.4926,57.8824,1.5743
2012-10-26,44007,Providence,18.5634,8.9321,57.4806,1.6722
2012-10-27,44007,Providence,19.71,8.5672,61.7496,1.9861
2012-10-28,44007,Providence,16.5418,7.524,67.3089,5.4327
2012-10-29,44007,Providence,17.7023,9.8233,68.4354,10.5635
2012-10-30,44007,Providence,18.9622,11.8212,75.8826,7.2974
2012-10-31,44007,Providence,15.0844,6.2128,82.8124,2.966
2012-11-01,44007,Providence,13.6847,5.7114,59.9637,3.3178
2012-11-02,44007,Providence,10.977,4.2499,64.2481,3.2772
2012-11-03,44007,Providence,10.5301,1.1734,59.1437,4.1362
2012-11-04,44007,Providence,11.3675,0.1769,52.2988,3.4967
2012-11-05,44007,Providence,7.2694,-3.0265,61.5367,3.139
2012-11-06,44007,Providence,6.2642,-4.4112,46.3101,2.2993
2012-11-07,44007,Providence,7.627,-1.8484,57.3767,6.5699
2012-11-08,44007,Providence,6.3247,1.5981,67.8266,8.5759
2012-11-09,44007,Providence,10.3887,-0.029,50.9391,5.0602
2012-11-10,44007,Providence,11.1104,0.1448,51.0541,2.5236
2012-11-11,44007,Providence,16.8391,3.2364,50.2142,2.5501
2012-11-12,44007,Providence,18.8708,6.5135,60.9587,3.2426
2012-11-13,44007,Providence,16.7894,2.8315,86.4525,3.9188
2012-11-14,44007,Providence,8.698,-1.2187,61.5928,3.8311
2012-11-15,44007,Providence,8.4121,-1.2934,57.0237,3.1756
2012-11-16,44007,Providence,8.6033,-1.186,56.0206,2.4504
2012-11-17,44007,Providence,9.6556,-1.6871,52.662,2.8321
2012-11-18,44007,Providence,9.1007,-1.6379,55.2266,2.6298
2012-11-19,44007,Providence,10.8806,-1.1829,58.6348,2.96
2012-11-20,44007,Providence,10.3814,-0.9311,59.9123,2.7164
2012-11-21,44007,Providence,10.3521,-0.1242,61.9544,2.624
2012-11-22,44007,Providence,12.2426,0.1488,60.6757,2.2969
2012-11-23,44007,Providence,12.7491,0.5416,58.8867,1.6467
2012-11-24,44007,Providence,7.8377,-1.7348,69.1598,4.4296
2012-11-25,44007,Providence,5.0596,-2.1788,40.5325,5.8701
2012-11-26,44007,Providence,7.2978,-1.3811,45.8673,4.4018
2012-11-27,44007,Providence,6.9362,-0.723,50.3029,1.6492
2012-11-28,44007,Providence,6.1405,-2.611,65.1483,2.8519
2012-11-29,44007,Providence,5.6156,-2.2462,48.8723,3.7484
2012-11-30,44007,Providence,4.6346,-2.7277,52.2165,3.2216
2012-12-01,44007,Providence,6.2475,-1.4949,53.6044,3.9896
2012-12-02,44007,Providence,14.5871,3.0509,59.6298,3.1776
2012-12-03,44007,Providence,15.2927,3.5777,62.5219,3.7864
2012-12-04,44007,Providence,13.0099,1.5596,64.4412,1.8207
2012-12-05,44007,Providence,15.0874,-1.5469,72.6066,4.487
2012-12-06,44007,Providence,4.4922,-4.1648,46.7868,3.9669
2012-12-07,44007,Providence,9.0134,-2.8996,52.4389,1.8003
2012-12-08,44007,Providence,12.9112,3.9137,66.3607,1.4381
2012-12-09,44007,Providence,9.9168,3.3379,63.9506,2.8055
2012-12-10,44007,Providence,14.8755,5.4376,65.6718,4.3242
2012-12-11,44007,Providence,13.4404,-1.1202,78.0304,3.6279
2012-12-12,44007,Providence,4.8129,-2.9817,53.6356,2.6405
2012-12-13,44007,Providence,5.3811,-2.2924,45.8085,1.9805
2012-12-14,44007,Providence,8.0259,-2.9468,48.8032,3.1508
2012-12-15,44007,Providence,5.1993,-2.7603,52.3932,2.4598
2012-12-16,44007,Providence,5.6239,-1.9693,57.1729,3.7014
2012-12-17,44007,Providence,8.8856,2.4492,65.233,4.4822
2012-12-18,44007,Providence,14.3432,4.0347,67.6858,3.2214
2012-12-19,44007,Providence,7.0827,-1.3541,72.7845,5.6024
2012-12-20,44007,Providence,6.8422,-2.1896,56.662,2.8901
2012-12-21,44007,Providence,12.7525,0.5279,65.2848,6.7826
2012-12-22,44007,Providence,4.3528,-3.7668,65.2464,6.0333
2012-12-23,44007,Providence,4.1982,-3.662,45.771,5.5601
2012-12-24,44007,Providence,4.5065,-2.8447,48.9735,2.6979
2012-12-25,44007,Providence,3.5374,-4.462,66.7302,2.4372
2012-12-26,44007,Providence,4.8934,-5.1843,50.0363,3.7034
2012-12-27,44007,Providence,8.8069,-1.8223,72.761,7.2741
2012-12-28,44007,Providence,2.5127,-3.6376,61.1841,5.1898
2012-12-29,44007,Providence,3.7637,-4.0049,58.3627,2.6574
2012-12-30,44007,Providence,1.4599,-7.0597,69.6889,6.6382
2012-12-31,44007,Providence,2.3133,-7.0658,45.8302,5.9034
2013-01-01,44007,Providence,3.5364,-7.6421,59.4596,5.0862
2013-01-02,44007,Providence,-1.0019,-10.1671,42.1465,4.6088
2013-01-03,44007,Providence,-2.7073,-12.7652,35.5715,4.2971
2013-01-04,44007,Providence,3.2748,-6.0313,51.0757,4.5211
2013-01-05,44007,Providence,4.0049,-3.1633,48.5274,4.7472
2013-01-06,44007,Providence,4.1435,-2.8241,56.0858,2.2238
2013-01-07,44007,Providence,4.4221,-3.6208,60.3873,2.8386
2013-01-08,44007,Providence,6.7803,-3.3235,52.9593,3.6997
2013-01-09,44007,Providence,7.8628,-2.1061,57.7446,2.7418
2013-01-10,44007,Providence,6.2562,-2.7992,58.859,5.2878
2013-01-11,44007,Providence,6.5774,-3.0406,50.8151,1.9979
2013-01-12,44007,Providence,10.1326,1.4696,62.7151,2.0547
2013-01-13,44007,Providence,12.7204,1.0679,60.8649,2.2758
2013-01-14,44007,Providence,16.202,2.3203,60.6785,3.2091
2013-01-15,44007,Providence,5.5319,-1.1133,59.2004,2.3315
2013-01-16,44007,Providence,5.4937,-1.2348,61.0441,2.1683
2013-01-17,44007,Providence,5.0473,-3.9202,63.5356,3.9114
2013-01-18,44007,Providence,-0.7279,-7.3406,45.6218,3.514
2013-01-19,44007,Providence,6.4178,-4.6374,44.2078,5.8822
2013-01-20,44007,Providence,10.788,-4.185,54.948,6.2367
2013-01-21,44007,Providence,1.4228,-5.613,36.3318,3.7679
2013-01-22,44007,Providence,-0.1442,-11.0947,50.0568,4.1318
2013-01-23,44007,Providence,-6.8799,-13.4591,33.9173,5.0933
2013-01-24,44007,Providence,-6.6942,-14.6912,28.6145,5.3667
2013-01-25,44007,Providence,-3.7827,-14.9051,28.2355,5.1756
2013-01-26,44007,Providence,-3.344,-13.2923,45.9462,3.5989
2013-01-27,44007,Providence,-1.7476,-13.7182,43.5302,4.8035
2013-01-28,44007,Providence,1.3417,-10.3818,48.6684,2.3872
2013-01-29,44007,Providence,5.0126,-2.731,63.1332,1.8224
2013-01-30,44007,Providence,13.9436,0.625,60.6087,4.1111
2013-01-31,44007,Providence,13.6375,-2.4714,72.1809,8.7154
2013-02-01,44007,Providence,2.0871,-6.1026,31.0397,6.9029
2013-02-02,44007,Providence,1.405,-7.55,27.5572,4.9633
2013-02-03,44007,Providence,0.7773,-5.0678,38.3015,2.582
2013-02-04,44007,Providence,1.1034,-5.6928,34.4601,4.7786
2013-02-05,44007,Providence,0.6572,-5.847,32.4576,2.9534
2013-02-06,44007,Providence,3.6779,-4.828,53.616,2.4994
2013-02-07,44007,Providence,-0.798,-6.7228,33.0331,3.1823
2013-02-08,44007,Providence,4.3583,-4.3968,52.5401,6.0546
2013-02-09,44007,Providence,0.0015,-11.0631,69.0224,9.514
2013-02-10,44007,Providence,1.4445,-11.7668,43.7042,4.6045
2013-02-11,44007,Providence,5.6283,-6.0384,57.2774,3.1551
2013-02-12,44007,Providence,5.6245,-1.7986,63.4161,5.2764
2013-02-13,44007,Providence,5.1147,-2.3653,54.0255,3.2213
2013-02-14,44007,Providence,4.8947,-2.6236,53.0981,2.1892
2013-02-15,44007,Providence,9.6798,-1.8851,49.7627,2.879
2013-02-16,44007,Providence,5.777,-3.3846,60.9524,2.2966
2013-02-17,44007,Providence,0.085,-10.7373,55.966,7.2807
2013-02-18,44007,Providence,0.6222,-11.3244,30.71,8.1111
2013-02-19,44007,Providence,9.4144,-6.2554,39.6518,3.6862
2013-02-20,44007,Providence,4.6347,-5.5615,62.4262,5.546
2013-02-21,44007,Providence,0.0509,-6.4919,44.051,6.3432
2013-02-22,44007,Providence,4.1815,-6.2564,49.1862,3.458
2013-02-23,44007,Providence,5.4354,-2.6703,60.4299,2.5127
2013-02-24,44007,Providence,5.5713,-1.1308,67.0493,4.1336
2013-02-25,44007,Providence,5.7944,-2.227,56.9484,2.8035
2013-02-26,44007,Providence,7.2634,-1.2477,50.4629,1.5141
2013-02-27,44007,Providence,7.51,-0.0662,61.6748,6.2695
2013-02-28,44007,Providence,9.4808,-0.8013,59.7848,1.8843
2013-03-01,44007,Providence,8.2118,-0.9858,55.5542,3.2329
2013-03-02,44007,Providence,6.609,-1.8339,53.0366,3.3778
2013-03-03,44007,Providence,4.1258,-1.5696,53.6127,2.9474
2013-03-04,44007,Providence,4.1432,-2.5842,49.5956,4.6716
2013-03-05,44007,Providence,6.8776,-2.8479,47.4557,4.5291
2013-03-06,44007,Providence,6.1792,-0.0833,64.7523,5.1726
2013-03-07,44007,Providence,5.3473,-0.5785,61.4869,8.9907
2013-03-08,44007,Providence,4.7272,-1.9251,62.247,7.4673
2013-03-09,44007,Providence,8.3975,-2.4323,48.1675,5.3784
2013-03-10,44007,Providence,9.1427,-1.8786,52.3805,2.4026
2013-03-11,44007,Providence,11.7077,-1.597,56.1193,2.8765
2013-03-12,44007,Providence,16.1471,2.0452,61.6418,4.3645
2013-03-13,44007,Providence,10.7142,-0.7491,67.4993,3.8519
2013-03-14,44007,Providence,3.7451,-4.4868,47.5834,4.1162
2013-03-15,44007,Providence,4.9782,-4.7336,27.1698,5.5079
2013-03-16,44007,Providence,3.6346,-2.1925,42.1722,3.1685
2013-03-17,44007,Providence,3.3275,-5.387,42.6589,3.1056
2013-03-18,44007,Providence,3.6836,-5.8086,28.4672,2.7619
2013-03-19,44007,Providence,4.7772,-1.7419,65.3205,4.8072
2013-03-20,44007,Providence,4.6175,-2.7994,55.3901,5.0967
2013-03-21,44007,Providence,5.8675,-2.5415,45.6924,2.0561
2013-03-22,44007,Providence,4.9983,-3.368,48.2112,3.6923
2013-03-23,44007,Providence,6.6357,-2.9517,45.8158,5.7309
2013-03-24,44007,Providence,8.6546,-2.184,43.6205,4.0616
2013-03-25,44007,Providence,8.3279,-1.3474,51.3807,4.1528
2013-03-26,44007,Providence,9.9095,-1.3361,48.1821,4.1681
2013-03-27,44007,Providence,11.0086,-1.4959,37.9456,3.1296
2013-03-28,44007,Providence,10.7508,0.0969,47.1264,3.1147
2013-03-29,44007,Providence,14.5101,0.0468,41.1985,2.9486
2013-03-30,44007,Providence,13.8452,0.2169,38.5951,2.8178
2013-03-31,44007,Providence,15.0289,0.4529,33.7923,3.0186
2013-04-01,44007,Providence,15.9656,-1.6495,61.3715,4.8875
2013-04-02,44007,Providence,5.1177,-2.5908,40.8044,5.75
2013-04-03,44007,Providence,6.3733,-2.4196,32.4286,6.3319
2013-04-04,44007,Providence,9.7334,-2.926,36.0112,4.2467
2013-04-05,44007,Providence,14.2896,0.1404,46.0518,3.82
2013-04-06,44007,Providence,6.9595,-0.0631,37.5243,4.616
2013-04-07,44007,Providence,11.1113,-0.5691,41.9035,3.6996
2013-04-08,44007,Providence,19.2345,3.1833,47.7183,2.9251
2013-04-09,44007,Providence,21.7923,5.0007,48.3484,3.3763
2013-04-10,44007,Providence,20.2408,7.157,53.5322,1.286
2013-04-11,44007,Providence,12.0238,4.2483,76.2441,2.4212
2013-04-12,44007,Providence,8.3097,3.1435,63.4465,5.4405
2013-04-13,44007,Providence,13.1051,2.6296,56.1823,3.2797
2013-04-14,44007,Providence,12.5077,1.6943,54.9097,3.6847
2013-04-15,44007,Providence,13.4027,0.6093,41.2741,2.1973
2013-04-16,44007,Providence,15.6134,2.4254,56.1095,4.2074
2013-04-17,44007,Providence,18.6649,5.0591,56.8216,3.8246
2013-04-18,44007,Providence,16.5411,3.0532,44.119,3.4066
2013-04-19,44007,Providence,23.7105,8.5391,58.2413,5.2437
2013-04-20,44007,Providence,16.1891,4.0361,76.7317,6.2121
2013-04-21,44007,Providence,11.3265,0.3506,40.9673,4.1749
2013-04-22,44007,Providence,11.0191,-0.3885,48.3179,3.8682
2013-04-23,44007,Providence,9.0915,0.9933,67.95,4.8507
2013-04-24,44007,Providence,19.5687,4.5848,51.0015,3.9061
2013-04-25,44007,Providence,16.394,5.1526,57.0055,4.0508
2013-04-26,44007,Providence,17.6953,3.5498,38.5017,1.5777
2013-04-27,44007,Providence,17.9608,4.8663,43.5807,1.0316
2013-04-28,44007,Providence,18.8708,4.9992,41.2857,2.2032
2013-04-29,44007,Providence,18.3606,4.8802,47.0887,2.6951
2013-04-30,44007,Providence,20.1345,6.0044,38.5799,1.5715
2013-05-01,44007,Providence,18.6868,4.9739,43.5827,2.3528
2013-05-02,44007,Providence,22.1234,5.2769,41.0912,1.0624
2013-05-03,44007,Providence,16.2153,5.1699,55.5602,3.795
2013-05-04,44007,Providence,16.5835,2.0989,53.3796,3.4026
2013-05-05,44007,Providence,17.2859,0.8234,49.0157,2.6839
2013-05-06,44007,Providence,19.9685,3.9136,50.3566,1.6726
2013-05-07,44007,Providence,23.6359,7.9804,52.6122,1.9307
2013-05-08,44007,Providence,23.2717,11.167,60.2655,3.5781
2013-05-09,44007,Providence,20.8907,10.8848,64.083,2.521
2013-05-10,44007,Providence,25.3743,11.6422,52.988,2.5705
2013-05-11,44007,Providence,22.5582,12.1382,64.1284,3.9539
2013-05-12,44007,Providence,21.5341,6.2688,70.7233,3.5789
2013-05-13,44007,Providence,14.1718,4.1663,46.4324,4.3273
2013-05-14,44007,Providence,15.155,3.2742,43.7609,2.8967
2013-05-15,44007,Providence,17.8093,3.6721,47.6426,3.6421
2013-05-16,44007,Providence,24.7718,9.6855,46.3356,3.8204
2013-05-17,44007,Providence,20.3474,9.3365,47.2212,3.3784
2013-05-18,44007,Providence,21.7731,9.247,42.6249,1.7583
2013-05-19,44007,Providence,21.6395,8.3094,56.8397,3.6034
2013-05-20,44007,Providence,27.3128,13.5065,54.4113,3.4553
2013-05-21,44007,Providence,28.831,15.4173,60.6234,2.5622
2013-05-22,44007,Providence,27.5679,14.0122,61.5894,2.6929
2013-05-23,44007,Providence,25.0953,15.7887,66.9683,4.4225
2013-05-24,44007,Providence,23.0337,8.957,77.0354,3.4327
2013-05-25,44007,Providence,12.478,5.6297,77.4973,4.0328
2013-05-26,44007,Providence,13.0758,5.0658,58.7753,5.8225
2013-05-27,44007,Providence,20.289,4.9164,41.844,3.7482
2013-05-28,44007,Providence,23.0469,9.0763,41.6612,2.1525
2013-05-29,44007,Providence,25.815,13.119,58.6659,3.2938
2013-05-30,44007,Providence,30.8956,16.8977,56.5775,3.3322
2013-05-31,44007,Providence,31.9797,18.8311,53.556,2.9479
2013-06-01,44007,Providence,30.7978,17.8389,57.7017,3.7285
2013-06-02,44007,Providence,29.2279,17.1235,66.567,4.6532
2013-06-03,44007,Providence,24.3643,14.7534,77.0655,3.2177
2013-06-04,44007,Providence,19.5005,9.0655,65.7677,3.7314
2013-06-05,44007,Providence,21.6931,8.2913,49.3492,1.5844
2013-06-06,44007,Providence,22.0402,9.2147,59.013,2.9929
2013-06-07,44007,Providence,18.0211,12.5941,74.0039,3.9076
2013-06-08,44007,Providence,25.1634,14.6496,62.72,3.4173
2013-06-09,44007,Providence,25.3633,14.7089,62.6363,2.6176
2013-06-10,44007,Providence,24.05,14.3125,63.2561,2.4319
2013-06-11,44007,Providence,25.9177,15.1091,66.4969,3.9845
2013-06-12,44007,Providence,21.3318,13.1298,70.9435,5.5372
2013-06-13,44007,Providence,19.0955,11.2265,71.2929,2.7977
2013-06-14,44007,Providence,22.15,11.1754,60.3369,5.0384
2013-06-15,44007,Providence,23.8703,12.6553,57.4358,2.7633
2013-06-16,44007,Providence,25.3187,11.8548,58.1579,3.4601
2013-06-17,44007,Providence,28.301,15.7053,63.3498,3.4373
2013-06-18,44007,Providence,26.6862,15.597,67.0947,1.8574
2013-06-19,44007,Providence,23.228,14.0627,62.3267,3.0791
2013-06-20,44007,Providence,23.8965,13.4992,54.7667,1.9396
2013-06-21,44007,Providence,26.1573,14.4948,57.8967,3.0446
2013-06-22,44007,Providence,27.1208,14.1596,60.938,3.4512
2013-06-23,44007,Providence,29.0212,16.0353,64.6431,3.6058
2013-06-24,44007,Providence,32.5299,19.2608,62.8104,3.8491
2013-06-25,44007,Providence,31.9627,20.8916,61.3199,3.5493
2013-06-26,44007,Providence,30.2197,20.5888,63.9375,3.69
2013-06-27,44007,Providence,27.1986,18.3175,74.3017,2.2862
2013-06-28,44007,Providence,27.006,18.0455,72.1485,4.2135
2013-06-29,44007,Providence,28.3316,19.223,71.0938,3.9785
2013-06-30,44007,Providence,28.6607,18.5917,72.4755,3.3228
2013-07-01,44007,Providence,27.2188,19.7902,74.5551,2.9442
2013-07-02,44007,Providence,27.7015,19.9767,79.3419,3.4022
2013-07-03,44007,Providence,29.9677,20.109,73.0976,3.9974
2013-07-04,44007,Providence,31.3676,21.1238,73.2879,3.957
2013-07-05,44007,Providence,32.5332,22.0253,71.2919,3.57
2013-07-06,44007,Providence,32.3517,22.1543,70.3671,3.4249
2013-07-07,44007,Providence,32.372,21.755,67.5579,2.5979
2013-07-08,44007,Providence,31.19,22.203,71.2989,2.9
2013-07-09,44007,Providence,28.1824,20.2589,75.7206,1.3463
2013-07-10,44007,Providence,28.6804,20.2214,77.6797,2.8251
2013-07-11,44007,Providence,28.6292,21.6448,78.6941,2.7289
2013-07-12,44007,Providence,25.0604,18.6497,80.6496,3.6227
2013-07-13,44007,Providence,26.2434,18.3662,76.1981,2.6331
2013-07-14,44007,Providence,30.7253,20.248,73.1939,1.7724
2013-07-15,44007,Providence,32.7179,22.1621,66.9343,2.4152
2013-07-16,44007,Providence,32.4276,21.5703,65.6056,2.5344
2013-07-17,44007,Providence,31.8343,22.3304,64.0153,1.2163
2013-07-18,44007,Providence,33.5403,22.0074,65.5719,2.383
2013-07-19,44007,Providence,34.1493,22.8836,66.6549,3.8956
2013-07-20,44007,Providence,32.9569,21.4183,71.5189,4.4879
2013-07-21,44007,Providence,28.7571,19.3778,68.4254,1.8088
2013-07-22,44007,Providence,29.835,18.9694,65.8767,2.089
2013-07-23,44007,Providence,28.1066,19.5369,76.1755,2.6876
2013-07-24,44007,Providence,28.2233,19.6306,76.9504,2.2056
2013-07-25,44007,Providence,20.5142,16.318,85.0111,3.7528
2013-07-26,44007,Providence,21.521,16.4545,81.2922,3.9305
2013-07-27,44007,Providence,27.5195,15.7583,65.6869,2.7787
2013-07-28,44007,Providence,29.3182,17.5239,66.6146,2.004
2013-07-29,44007,Providence,29.2672,18.7697,70.8139,2.2583
2013-07-30,44007,Providence,27.1846,15.3863,68.1479,2.8123
2013-07-31,44007,Providence,27.8,14.4521,55.6732,1.7588
2013-08-01,44007,Providence,27.8714,15.5806,63.5458,3.1562
2013-08-02,44007,Providence,28.3273,17.5903,66.7395,2.6077
2013-08-03,44007,Providence,27.8454,14.9886,64.1686,3.9258
2013-08-04,44007,Providence,26.4273,11.7561,59.4269,3.1321
2013-08-05,44007,Providence,24.9213,10.2152,49.8655,3.2878
2013-08-06,44007,Providence,26.5689,10.553,42.9882,1.7345
2013-08-07,44007,Providence,28.0909,13.2417,50.0694,2.3421
2013-08-08,44007,Providence,28.0645,17.4545,68.1825,3.0633
2013-08-09,44007,Providence,26.4064,19.4074,80.4136,3.832
2013-08-10,44007,Providence,28.9896,13.3719,66.6733,3.6886
2013-08-11,44007,Providence,25.7098,11.6332,51.6515,2.7715
2013-08-12,44007,Providence,29.1295,14.4232,53.3523,2.6735
2013-08-13,44007,Providence,26.9877,16.8803,71.677,2.8166
2013-08-14,44007,Providence,25.6522,10.5969,67.8549,3.6926
2013-08-15,44007,Providence,25.8051,9.4952,48.2736,2.9827
2013-08-16,44007,Providence,27.5672,11.3058,45.8966,2.5126
2013-08-17,44007,Providence,28.6658,14.5692,45.3979,1.5749
2013-08-18,44007,Providence,27.8949,14.6462,48.3397,1.3003
2013-08-19,44007,Providence,29.4557,13.5225,50.5952,3.1898
2013-08-20,44007,Providence,32.5405,16.2003,49.1778,2.7716
2013-08-21,44007,Providence,32.8307,16.3082,50.1333,2.5049
2013-08-22,44007,Providence,29.8599,17.648,65.0459,3.7601
2013-08-23,44007,Providence,28.3671,13.0951,63.5374,3.6926
2013-08-24,44007,Providence,26.7932,11.7677,43.962,2.8054
2013-08-25,44007,Providence,28.4803,11.0017,39.8609,1.5954
2013-08-26,44007,Providence,29.9089,15.3549,54.4631,3.987
2013-08-27,44007,Providence,28.4636,18.3811,70.6922,2.4744
2013-08-28,44007,Providence,30.0734,17.5767,64.7193,1.0764
2013-08-29,44007,Providence,25.9554,15.9988,74.0264,2.9764
2013-08-30,44007,Providence,29.7283,15.7132,60.8651,2.5882
2013-08-31,44007,Providence,27.1589,18.7891,76.9438,3.776
2013-09-01,44007,Providence,25.6334,18.757,82.0516,2.9613
2013-09-02,44007,Providence,24.2466,18.8538,83.7879,2.0646
2013-09-03,44007,Providence,26.4897,17.2773,82.6408,2.5461
2013-09-04,44007,Providence,25.3534,14.2169,68.1591,3.3173
2013-09-05,44007,Providence,23.9743,9.5776,65.7201,3.2165
2013-09-06,44007,Providence,19.7365,7.7126,54.4202,2.3222
2013-09-07,44007,Providence,24.948,7.9766,51.1404,3.3055
2013-09-08,44007,Providence,24.769,6.5443,70.508,3.7587
2013-09-09,44007,Providence,21.1334,5.3621,48.8152,2.5437
2013-09-10,44007,Providence,26.9469,11.3977,64.5408,4.1298
2013-09-11,44007,Providence,34.2032,19.3777,62.2385,3.6134
2013-09-12,44007,Providence,30.8449,19.1074,70.1736,3.8146
2013-09-13,44007,Providence,24.5576,12.3119,87.9355,2.6317
2013-09-14,44007,Providence,22.3247,10.155,66.0435,2.8185
2013-09-15,44007,Providence,21.8214,8.2332,56.7762,2.8353
2013-09-16,44007,Providence,21.3951,7.1381,64.991,2.9151
2013-09-17,44007,Providence,17.087,4.0921,57.1618,3.4601
2013-09-18,44007,Providence,22.1965,5.4997,41.913,1.8863
2013-09-19,44007,Providence,26.177,7.5643,43.9006,2.6112
2013-09-20,44007,Providence,26.8747,9.7322,46.5785,2.1092
2013-09-21,44007,Providence,25.7097,9.9162,60.9396,3.3318
2013-09-22,44007,Providence,22.6513,10.6544,85.9146,3.7678
2013-09-23,44007,Providence,18.1919,5.918,58.9644,3.7931
2013-09-24,44007,Providence,18.8783,3.4439,53.2073,3.3864
2013-09-25,44007,Providence,19.8868,5.8561,54.2867,2.4744
2013-09-26,44007,Providence,19.5812,11.7271,58.3259,2.3039
2013-09-27,44007,Providence,20.0972,11.8109,61.8335,2.1606
2013-09-28,44007,Providence,22.403,10.1116,57.7503,2.2316
2013-09-29,44007,Providence,21.3277,8.8531,59.7808,1.6398
2013-09-30,44007,Providence,23.607,7.5611,56.1222,1.6867
2013-10-01,44007,Providence,25.3925,9.9212,50.8248,2.3299
2013-10-02,44007,Providence,29.3864,10.5593,40.7008,3.3529
2013-10-03,44007,Providence,27.3727,11.5231,40.1739,2.4749
2013-10-04,44007,Providence,24.2534,10.3596,47.3508,1.4877
2013-10-05,44007,Providence,22.9292,13.665,59.9292,1.2155
2013-10-06,44007,Providence,17.3676,13.4294,69.7249,2.6622
2013-10-07,44007,Providence,24.4969,13.7856,68.4109,3.9723
2013-10-08,44007,Providence,20.0224,4.9144,62.5564,3.9378
2013-10-09,44007,Providence,19.412,4.3082,44.2832,3.7229
2013-10-10,44007,Providence,20.1952,4.8794,56.3621,3.3164
2013-10-11,44007,Providence,24.1425,7.5841,54.2453,3.4982
2013-10-12,44007,Providence,22.8812,7.3748,51.5094,4.5034
2013-10-13,44007,Providence,18.9699,4.8091,59.03,3.6555
2013-10-14,44007,Providence,19.7329,4.0846,47.4646,1.668
2013-10-15,44007,Providence,22.0673,6.5864,45.1695,1.5773
2013-10-16,44007,Providence,21.8323,6.7906,60.4845,2.1731
2013-10-17,44007,Providence,24.8905,12.1608,55.9864,2.3426
2013-10-18,44007,Providence,21.534,5.4756,65.4209,3.8425
2013-10-19,44007,Providence,20.0264,4.509,43.6041,2.8291
2013-10-20,44007,Providence,17.1089,2.7991,59.2935,3.8615
2013-10-21,44007,Providence,18.4771,2.2032,37.2686,2.9348
2013-10-22,44007,Providence,21.5782,3.6579,47.748,3.2742
2013-10-23,44007,Providence,12.2146,2.0742,56.7085,1.9927
2013-10-24,44007,Providence,12.7511,1.444,46.0297,4.0464
2013-10-25,44007,Providence,11.4275,-0.0022,40.3725,3.8728
2013-10-26,44007,Providence,13.8353,-1.0903,40.2551,4.2333
2013-10-27,44007,Providence,14.5994,0.277,48.6179,3.7332
2013-10-28,44007,Providence,14.5551,-0.5757,39.0239,3.685
2013-10-29,44007,Providence,11.623,-1.0511,40.6577,2.2832
2013-10-30,44007,Providence,12.8154,0.5432,44.7278,1.6723
2013-10-31,44007,Providence,18.4275,3.3746,58.2266,2.6705
2013-11-01,44007,Providence,22.0948,9.1862,75.9116,6.9099
2013-11-02,44007,Providence,20.1242,8.0954,51.1268,2.5352
2013-11-03,44007,Providence,11.2656,-0.0906,69.9163,3.5954
2013-11-04,44007,Providence,7.102,-2.0102,40.824,3.7603
2013-11-05,44007,Providence,10.7134,-1.8033,46.8288,2.0871
2013-11-06,44007,Providence,16.3268,2.4267,52.1139,2.5732
2013-11-07,44007,Providence,18.8821,3.627,75.7121,4.4039
2013-11-08,44007,Providence,9.3365,0.601,61.5588,4.5494
2013-11-09,44007,Providence,8.299,-1.2904,41.0278,4.089
2013-11-10,44007,Providence,13.7669,3.4297,48.2783,3.4684
2013-11-11,44007,Providence,9.8982,0.6085,48.732,5.3184
2013-11-12,44007,Providence,8.7311,-5.663,61.8854,4.8189
2013-11-13,44007,Providence,2.5519,-6.2645,41.8125,4.2186
2013-11-14,44007,Providence,10.0736,-4.4146,35.0735,4.6674
2013-11-15,44007,Providence,15.7138,-1.1562,34.0482,3.7114
2013-11-16,44007,Providence,15.1444,2.1008,44.9728,2.3435
2013-11-17,44007,Providence,15.1123,2.7059,64.045,2.0404
2013-11-18,44007,Providence,18.9442,5.9073,69.6118,4.4299
2013-11-19,44007,Providence,8.0139,-3.93,57.2855,5.3276
2013-11-20,44007,Providence,5.5458,-5.3284,40.1562,4.3527
2013-11-21,44007,Providence,8.3093,-5.5497,41.4748,1.6292
2013-11-22,44007,Providence,10.6872,2.4268,67.1696,2.1866
2013-11-23,44007,Providence,8.8184,-3.6015,73.0062,4.5141
2013-11-24,44007,Providence,-1.412,-9.6166,42.6315,7.433
2013-11-25,44007,Providence,0.1424,-11.81,32.0851,5.1348
2013-11-26,44007,Providence,7.4998,-3.0978,44.0883,3.2545
2013-11-27,44007,Providence,16.5909,0.8418,83.8058,5.4012
2013-11-28,44007,Providence,3.0359,-4.7966,69.2066,6.2047
2013-11-29,44007,Providence,0.4072,-4.9216,38.0079,3.5509
2013-11-30,44007,Providence,1.9896,-7.7344,46.6363,2.5625
2013-12-01,44007,Providence,7.9028,-0.9913,70.364,1.8076
2013-12-02,44007,Providence,7.7419,-1.2407,73.863,1.3978
2013-12-03,44007,Providence,9.2342,-1.6363,63.7938,2.1735
2013-12-04,44007,Providence,8.5494,-2.0314,56.1886,2.1028
2013-12-05,44007,Providence,12.8258,1.8246,63.7461,2.1176
2013-12-06,44007,Providence,14.2195,1.1281,84.9719,2.9074
2013-12-07,44007,Providence,5.6396,-2.6167,67.5108,3.4803
2013-12-08,44007,Providence,2.5728,-4.0249,42.5217,2.5709
2013-12-09,44007,Providence,4.8972,-2.9029,65.3694,3.6504
2013-12-10,44007,Providence,5.161,-4.9642,71.7142,3.1922
2013-12-11,44007,Providence,0.9372,-4.7915,51.3344,5.1299
2013-12-12,44007,Providence,-0.7442,-7.8219,50.1368,3.8042
2013-12-13,44007,Providence,1.2307,-8.1848,40.984,5.4006
2013-12-14,44007,Providence,1.2169,-10.0016,39.7078,3.9577
2013-12-15,44007,Providence,3.7596,-4.9393,75.2398,5.1925
2013-12-16,44007,Providence,-0.0939,-8.2694,64.755,4.8203
2013-12-17,44007,Providence,-0.2821,-9.584,55.7127,3.0062
2013-12-18,44007,Providence,0.3611,-7.1163,70.3677,3.6152
2013-12-19,44007,Providence,4.2283,-4.5045,57.7898,4.4378
2013-12-20,44007,Providence,6.7183,-1.5459,60.6586,2.3929
2013-12-21,44007,Providence,12.3743,2.0692,64.1905,3.5856
2013-12-22,44007,Providence,17.0807,7.8434,69.2968,4.1529
2013-12-23,44007,Providence,12.0993,1.9147,88.7861,1.9937
2013-12-24,44007,Providence,4.6444,-4.9255,69.0863,3.7657
2013-12-25,44007,Providence,-2.0659,-8.4576,43.9711,4.051
2013-12-26,44007,Providence,3.1507,-5.5932,62.3502,1.8511
2013-12-27,44007,Providence,2.7884,-4.5978,57.4381,3.882
2013-12-28,44007,Providence,5.93,-3.5247,58.054,3.9699
2013-12-29,44007,Providence,7.8493,-1.1643,63.9145,2.6532
2013-12-30,44007,Providence,6.4352,-7.9286,78.9606,4.1363
2013-12-31,44007,Providence,6.4352,-7.9286,28.1196,3.3216
2014-01-01,44007,Providence,-2.0412,-9.0499,39.7831,4.4591
2014-01-02,44007,Providence,-5.9311,-16.0658,90.0466,4.7242
2014-01-03,44007,Providence,-10.1909,-21.2344,90.8718,7.5226
2014-01-04,44007,Providence,-2.7546,-19.8875,48.8405,3.7363
2014-01-05,44007,Providence,11.797,-10.3226,40.596,2.7276
2014-01-06,44007,Providence,14.0552,-11.8585,69.0386,4.2909
2014-01-07,44007,Providence,-9.9176,-14.7124,64.8665,7.5495
2014-01-08,44007,Providence,-5.916,-14.5204,33.4166,4.9508
2014-01-09,44007,Providence,-1.3803,-11.3219,37.9647,3.5286
2014-01-10,44007,Providence,5.7384,-6.5127,43.9803,1.4846
2014-01-11,44007,Providence,14.9079,4.5139,49.35,3.766
2014-01-12,44007,Providence,7.4065,-2.5875,80.8107,5.7911
2014-01-13,44007,Providence,10.1279,-1.2282,44.3932,3.6978
2014-01-14,44007,Providence,8.5629,-0.9874,82.4022,2.8921
2014-01-15,44007,Providence,8.202,-0.9652,71.9683,2.2933
2014-01-16,44007,Providence,4.3134,-0.3061,71.2431,1.5197
2014-01-17,44007,Providence,6.8267,-1.3442,57.2219,2.0456
2014-01-18,44007,Providence,2.1325,-1.3534,77.5744,1.7201
2014-01-19,44007,Providence,1.6393,-2.0227,60.4847,5.0737
2014-01-20,44007,Providence,5.7316,-8.142,57.0613,5.2858
2014-01-21,44007,Providence,-7.8093,-13.4216,74.5891,4.2744
2014-01-22,44007,Providence,-8.5663,-16.9779,70.5505,6.0874
2014-01-23,44007,Providence,-6.6284,-16.44,50.1625,3.9716
2014-01-24,44007,Providence,-5.0703,-14.8125,37.4904,4.9239
2014-01-25,44007,Providence,2.2504,-9.6678,53.7971,6.0033
2014-01-26,44007,Providence,2.3303,-9.7929,38.5457,6.0261
2014-01-27,44007,Providence,7.3126,-11.3713,55.555,4.4759
2014-01-28,44007,Providence,-7.5646,-11.2078,33.5369,4.3439
2014-01-29,44007,Providence,-4.0316,-13.874,44.2744,2.6141
2014-01-30,44007,Providence,-1.6913,-12.2042,38.0818,3.1161
2014-01-31,44007,Providence,5.7159,-2.2317,37.4067,3.2633
2014-02-01,44007,Providence,7.1689,-1.0142,46.1269,1.6662
2014-02-02,44007,Providence,11.9429,0.8291,48.1902,2.4157
2014-02-03,44007,Providence,1.9281,-9.2973,86.7409,2.9105
2014-02-04,44007,Providence,1.6297,-8.2634,62.1767,1.703
2014-02-05,44007,Providence,0.5167,-7.9446,78.2206,3.2767
2014-02-06,44007,Providence,-1.872,-13.2895,80.1167,2.8606
2014-02-07,44007,Providence,-0.5395,-13.2091,62.6443,3.5399
2014-02-08,44007,Providence,-1.1721,-10.4992,50.885,2.9346
2014-02-09,44007,Providence,-0.087,-8.2475,45.9086,1.5838
2014-02-10,44007,Providence,-1.999,-14.7307,78.4119,3.7768
2014-02-11,44007,Providence,-3.9779,-16.8686,51.4622,3.3427
2014-02-12,44007,Providence,-2.4458,-15.5604,43.5145,3.0426
2014-02-13,44007,Providence,1.8284,-4.0719,63.7123,5.365
2014-02-14,44007,Providence,2.6662,-4.9334,74.2432,6.445
2014-02-15,44007,Providence,1.6974,-6.0547,67.836,3.7918
2014-02-16,44007,Providence,-0.7467,-10.6439,72.2791,6.5362
2014-02-17,44007,Providence,-1.2414,-14.1961,53.038,5.0236
2014-02-18,44007,Providence,0.3645,-9.9437,65.5782,2.3115
2014-02-19,44007,Providence,3.016,-8.2558,76.8513,3.0986
2014-02-20,44007,Providence,9.5719,0.1168,49.119,3.2042
2014-02-21,44007,Providence,8.4396,-1.0858,67.0402,2.8422
2014-02-22,44007,Providence,10.6559,-0.5207,53.3691,4.2672
2014-02-23,44007,Providence,10.9393,-0.3217,47.7271,3.261
2014-02-24,44007,Providence,1.8256,-7.9534,72.3265,3.7271
2014-02-25,44007,Providence,-1.6603,-10.8645,39.3201,5.2306
2014-02-26,44007,Providence,-0.7499,-14.8102,44.4454,3.5731
2014-02-27,44007,Providence,-1.5781,-13.8565,45.6011,3.3375
2014-02-28,44007,Providence,-4.3834,-15.4127,42.9881,4.9104
2014-03-01,44007,Providence,2.2626,-12.0402,40.9411,2.1093
2014-03-02,44007,Providence,3.2135,-7.1785,65.9943,2.9341
2014-03-03,44007,Providence,-4.9171,-15.8255,66.7813,4.1417
2014-03-04,44007,Providence,-0.9542,-12.7959,44.2645,2.5441
2014-03-05,44007,Providence,-0.4548,-12.6578,67.653,2.1122
2014-03-06,44007,Providence,-1.1782,-13.7403,54.9302,4.1013
2014-03-07,44007,Providence,3.4543,-11.1517,53.5982,2.087
2014-03-08,44007,Providence,12.7507,-1.881,40.5462,2.3392
2014-03-09,44007,Providence,5.3825,-1.7125,49.6505,3.2176
2014-03-10,44007,Providence,6.5966,-0.9377,47.6979,2.0561
2014-03-11,44007,Providence,14.7106,1.5456,40.629,2.665
2014-03-12,44007,Providence,12.4987,-6.9233,63.0323,2.6787
2014-03-13,44007,Providence,-4.4615,-12.066,100.0,5.9236
2014-03-14,44007,Providence,5.2636,-8.9125,35.4667,4.8268
2014-03-15,44007,Providence,13.8046,-2.8926,47.0009,4.8084
2014-03-16,44007,Providence,1.5897,-8.373,58.0346,4.8375
2014-03-17,44007,Providence,-0.3046,-10.0464,28.0697,4.1778
2014-03-18,44007,Providence,5.2734,-7.6474,35.7095,2.5263
2014-03-19,44007,Providence,7.9964,-3.3189,46.3411,3.1766
2014-03-20,44007,Providence,11.4172,1.455,57.999,4.3683
2014-03-21,44007,Providence,7.2256,-4.5986,53.972,5.4892
2014-03-22,44007,Providence,14.4344,-2.3398,38.0427,4.1538
2014-03-23,44007,Providence,6.1012,-9.2209,54.6227,3.5197
2014-03-24,44007,Providence,1.333,-9.913,30.6232,4.6577
2014-03-25,44007,Providence,3.2977,-6.0683,29.5258,2.1493
2014-03-26,44007,Providence,2.1209,-6.8384,51.8485,6.4365
2014-03-27,44007,Providence,7.5011,-5.2176,24.6582,5.4742
2014-03-28,44007,Providence,13.4717,2.3054,48.8011,5.3483
2014-03-29,44007,Providence,12.2983,3.9354,71.3793,3.804
2014-03-30,44007,Providence,7.1694,1.4666,98.8963,3.9508
2014-03-31,44007,Providence,4.0135,0.4859,68.2245,5.535
2014-04-01,44007,Providence,12.1208,-1.5038,45.2476,3.9352
2014-04-02,44007,Providence,13.8014,-0.6953,47.9887,1.7072
2014-04-03,44007,Providence,14.5457,0.8945,40.8214,2.2344
2014-04-04,44007,Providence,10.1159,2.2549,46.4762,3.4005
2014-04-05,44007,Providence,11.2927,-1.6216,69.2466,4.2241
2014-04-06,44007,Providence,14.475,-0.1023,34.9082,3.9001
2014-04-07,44007,Providence,14.3299,3.7171,39.3908,2.7298
2014-04-08,44007,Providence,17.1458,2.6932,73.6938,5.1007
2014-04-09,44007,Providence,15.1254,-2.234,55.6232,4.395
2014-04-10,44007,Providence,14.0826,2.8744,32.2547,3.9717
2014-04-11,44007,Providence,20.7556,6.9019,44.2392,3.78
2014-04-12,44007,Providence,20.6101,5.2314,46.2314,2.385
2014-04-13,44007,Providence,19.0379,8.4198,47.4572,3.3957
2014-04-14,44007,Providence,22.4528,13.4578,54.0024,5.9539
2014-04-15,44007,Providence,18.653,-0.8924,86.6917,6.6501
2014-04-16,44007,Providence,7.2943,-2.1188,66.5802,5.9952
2014-04-17,44007,Providence,6.7343,-2.5003,44.2608,4.0716
2014-04-18,44007,Providence,9.3248,0.507,53.0376,2.5768
2014-04-19,44007,Providence,17.4,0.8147,41.1848,3.177
2014-04-20,44007,Providence,13.6641,-0.9658,43.0896,2.7525
2014-04-21,44007,Providence,18.875,3.345,31.8874,2.0864
2014-04-22,44007,Providence,21.721,7.6149,43.0551,2.9675
2014-04-23,44007,Providence,12.002,4.3879,77.9851,3.7521
2014-04-24,44007,Providence,14.5044,3.5211,53.8483,6.9864
2014-04-25,44007,Providence,17.7704,5.3126,32.6255,3.0654
2014-04-26,44007,Providence,8.1207,4.9005,75.9836,2.0032
2014-04-27,44007,Providence,10.8817,2.6637,71.0464,1.9849
2014-04-28,44007,Providence,14.9802,4.6122,49.864,2.9695
2014-04-29,44007,Providence,8.0408,3.9288,72.9171,5.0725
2014-04-30,44007,Providence,13.0839,4.1903,55.9565,4.5886
2014-05-01,44007,Providence,19.7359,9.177,67.2871,4.573
2014-05-02,44007,Providence,19.3326,5.3245,66.8976,3.0357
2014-05-03,44007,Providence,19.7006,8.2522,46.1962,2.7785
2014-05-04,44007,Providence,17.0089,8.6089,50.1566,5.1507
2014-05-05,44007,Providence,17.3175,4.7731,52.7572,4.826
2014-05-06,44007,Providence,17.6408,3.7086,46.7689,2.7782
2014-05-07,44007,Providence,19.4471,4.9819,38.0499,2.5182
2014-05-08,44007,Providence,18.0477,9.4807,50.7334,2.1452
2014-05-09,44007,Providence,16.7633,11.7226,62.1103,2.1848
2014-05-10,44007,Providence,26.647,13.0893,55.3823,3.1623
2014-05-11,44007,Providence,25.9865,9.863,55.3787,4.1347
2014-05-12,44007,Providence,28.7539,10.1979,37.1282,2.9603
2014-05-13,44007,Providence,15.9653,5.8209,75.6369,3.5132
2014-05-14,44007,Providence,21.2206,9.9315,50.8261,2.7892
2014-05-15,44007,Providence,23.0578,16.0461,62.1592,3.0513
2014-05-16,44007,Providence,19.8393,15.875,77.8871,4.944
2014-05-17,44007,Providence,23.0289,8.0018,68.6445,4.7524
2014-05-18,44007,Providence,19.9482,8.3213,46.1501,3.3079
2014-05-19,44007,Providence,18.6815,9.3542,41.6918,3.8143
2014-05-20,44007,Providence,23.0528,6.8503,43.5361,3.4136
2014-05-21,44007,Providence,23.3665,10.2006,46.3609,1.2616
2014-05-22,44007,Providence,17.3942,11.2403,68.6852,2.1248
2014-05-23,44007,Providence,17.2549,10.3186,71.1111,1.4591
2014-05-24,44007,Providence,18.4508,8.7675,66.647,2.5561
2014-05-25,44007,Providence,21.2265,9.5878,61.1307,1.3618
2014-05-26,44007,Providence,25.3693,13.833,51.2305,3.3897
2014-05-27,44007,Providence,25.1874,8.9614,67.3838,2.3138
2014-05-28,44007,Providence,10.6555,3.2259,100.0,4.1136
2014-05-29,44007,Providence,18.8345,4.7763,55.9027,2.8916
2014-05-30,44007,Providence,21.1321,8.9711,48.2467,1.5823
2014-05-31,44007,Providence,18.2618,5.0131,69.6895,3.1524
2014-06-01,44007,Providence,24.101,8.0371,47.5476,1.861
2014-06-02,44007,Providence,26.8844,10.6051,47.0698,2.6869
2014-06-03,44007,Providence,26.8882,11.924,56.188,2.6831
2014-06-04,44007,Providence,20.3694,13.2003,73.3628,2.31
2014-06-05,44007,Providence,16.971,11.6147,92.4179,2.2283
2014-06-06,44007,Providence,23.2573,11.8971,60.387,2.9918
2014-06-07,44007,Providence,27.6636,13.2033,50.6081,2.5397
2014-06-08,44007,Providence,28.7454,13.6577,54.5679,1.6101
2014-06-09,44007,Providence,24.2825,16.0278,64.2545,2.2961
2014-06-10,44007,Providence,25.5994,14.086,75.0687,2.1893
2014-06-11,44007,Providence,21.9645,12.8586,81.168,2.9709
2014-06-12,44007,Providence,20.6886,15.0692,74.85,3.4016
2014-06-13,44007,Providence,20.8377,16.1221,84.4421,3.2786
2014-06-14,44007,Providence,24.0127,11.5781,84.0813,1.6692
2014-06-15,44007,Providence,25.9769,11.567,58.7172,3.8605
2014-06-16,44007,Providence,26.6957,14.444,49.8946,2.0954
2014-06-17,44007,Providence,27.7107,17.6084,60.9193,2.9749
2014-06-18,44007,Providence,28.9999,18.8487,66.7958,4.0872
2014-06-19,44007,Providence,27.3945,10.1933,67.6986,2.5406
2014-06-20,44007,Providence,24.0811,8.5295,53.1044,2.9778
2014-06-21,44007,Providence,23.5845,10.0059,50.6623,1.695
2014-06-22,44007,Providence,24.1912,10.3222,55.815,1.2801
2014-06-23,44007,Providence,25.8434,11.7322,54.9073,1.3624
2014-06-24,44007,Providence,26.9124,15.9975,52.2405,3.2912
2014-06-25,44007,Providence,28.7394,19.7898,58.5722,3.8163
2014-06-26,44007,Providence,28.3841,13.2873,74.163,2.6223
2014-06-27,44007,Providence,25.5116,11.5384,70.4058,2.0872
2014-06-28,44007,Providence,28.4653,12.0376,48.1362,1.3142
2014-06-29,44007,Providence,28.7274,15.0267,46.9474,2.704
2014-06-30,44007,Providence,29.4334,18.1232,50.618,3.1788
2014-07-01,44007,Providence,29.9282,20.8162,60.1257,4.0263
2014-07-02,44007,Providence,31.371,22.0377,64.6801,3.9728
2014-07-03,44007,Providence,31.1941,18.7861,72.2186,2.8129
2014-07-04,44007,Providence,22.6764,14.4034,99.9275,2.6189
2014-07-05,44007,Providence,25.6204,13.7351,59.7468,5.8112
2014-07-06,44007,Providence,28.0263,18.2949,46.7643,4.2636
2014-07-07,44007,Providence,28.9201,19.7839,56.2133,4.4905
2014-07-08,44007,Providence,31.3937,20.8305,62.1573,4.2008
2014-07-09,44007,Providence,29.1387,18.7578,64.6472,4.1476
2014-07-10,44007,Providence,26.761,16.5008,65.7887,1.8659
2014-07-11,44007,Providence,27.1913,13.6404,54.5912,1.7561
2014-07-12,44007,Providence,29.2304,16.8066,49.298,1.6046
2014-07-13,44007,Providence,27.5984,20.5424,54.6092,4.2579
2014-07-14,44007,Providence,27.6301,21.7708,69.0376,3.6802
2014-07-15,44007,Providence,26.6682,21.1384,79.3289,3.2448
2014-07-16,44007,Providence,24.1174,16.9405,92.7959,2.8497
2014-07-17,44007,Providence,26.5102,13.8052,73.5619,1.975
2014-07-18,44007,Providence,26.3988,14.0111,52.8127,1.5548
2014-07-19,44007,Providence,24.9171,15.0917,58.0493,1.4408
2014-07-20,44007,Providence,24.0909,14.1323,71.0541,2.5335
2014-07-21,44007,Providence,26.5242,15.6049,66.0433,1.9217
2014-07-22,44007,Providence,30.5839,18.9172,56.6319,2.0946
2014-07-23,44007,Providence,30.5442,19.8859,62.6121,4.3584
2014-07-24,44007,Providence,24.7717,13.5339,86.6506,2.7309
2014-07-25,44007,Providence,26.6141,14.9519,55.992,2.3492
2014-07-26,44007,Providence,27.3854,16.8321,48.7762,3.5293
2014-07-27,44007,Providence,24.6172,18.8875,68.3565,3.6004
2014-07-28,44007,Providence,27.4966,16.1351,77.8182,2.8768
2014-07-29,44007,Providence,24.8142,13.3911,67.9273,3.1
2014-07-30,44007,Providence,25.4302,12.7669,55.1469,1.789
2014-07-31,44007,Providence,26.6603,14.7676,53.0309,2.8104
2014-08-01,44007,Providence,27.7692,18.2863,59.1404,2.7374
2014-08-02,44007,Providence,20.3607,15.6806,88.853,2.1922
2014-08-03,44007,Providence,22.6242,15.6472,80.9925,1.2074
2014-08-04,44007,Providence,28.0497,16.6956,66.9715,2.3703
2014-08-05,44007,Providence,29.9389,18.5777,58.4473,1.7957
2014-08-06,44007,Providence,27.5234,13.548,67.5349,2.2648
2014-08-07,44007,Providence,26.3565,12.2782,54.3661,2.697
2014-08-08,44007,Providence,27.6007,13.563,44.9088,2.9242
2014-08-09,44007,Providence,28.4332,14.334,47.7067,2.0714
2014-08-10,44007,Providence,29.1785,14.942,49.5659,0.9671
2014-08-11,44007,Providence,28.4527,14.8306,51.9242,1.4228
2014-08-12,44007,Providence,26.2094,18.2659,58.0356,2.8132
2014-08-13,44007,Providence,21.4753,14.1824,98.0789,4.312
2014-08-14,44007,Providence,23.2057,11.2554,72.8397,3.201
2014-08-15,44007,Providence,22.505,12.0939,57.9714,2.4575
2014-08-16,44007,Providence,24.1452,14.4934,55.1273,3.7332
2014-08-17,44007,Providence,25.5552,12.5982,65.9418,2.6925
2014-08-18,44007,Providence,24.6351,9.3614,61.5092,2.9064
2014-08-19,44007,Providence,25.6185,11.3594,51.4144,1.5252
2014-08-20,44007,Providence,27.0581,12.2349,52.9858,1.3328
2014-08-21,44007,Providence,25.4857,15.6566,57.7098,1.4174
2014-08-22,44007,Providence,22.2464,15.8318,74.1387,2.7307
2014-08-23,44007,Providence,22.6535,11.4871,76.3508,3.172
2014-08-24,44007,Providence,25.6251,13.2573,56.8943,2.2366
2014-08-25,44007,Providence,30.2536,14.0014,48.0605,1.4155
2014-08-26,44007,Providence,29.2332,15.3386,53.3196,2.4803
2014-08-27,44007,Providence,29.9437,17.692,55.2693,3.4971
2014-08-28,44007,Providence,26.2627,11.4086,68.6385,3.4307
2014-08-29,44007,Providence,23.6865,10.1416,55.6252,2.6743
2014-08-30,44007,Providence,23.9187,14.6984,55.4178,3.0757
2014-08-31,44007,Providence,27.6146,21.0369,64.628,4.1577
2014-09-01,44007,Providence,29.7537,20.5511,66.4628,2.556
2014-09-02,44007,Providence,31.5009,20.2095,62.2651,2.9977
2014-09-03,44007,Providence,27.6531,13.0188,62.1931,3.8257
2014-09-04,44007,Providence,28.85,15.6744,40.6671,2.438
2014-09-05,44007,Providence,29.7404,20.5301,46.5423,3.3792
2014-09-06,44007,Providence,30.3873,16.9543,70.0738,4.2776
2014-09-07,44007,Providence,24.8931,11.1819,67.7422,2.8938
2014-09-08,44007,Providence,23.3247,11.9568,50.0976,2.8607
2014-09-09,44007,Providence,21.3936,14.0408,62.782,3.9381
2014-09-10,44007,Providence,22.6604,14.2928,61.457,2.6593
2014-09-11,44007,Providence,24.7797,12.8204,69.5168,3.483
2014-09-12,44007,Providence,22.2066,8.976,74.6809,2.7154
2014-09-13,44007,Providence,19.5358,8.6688,64.1395,3.1463
2014-09-14,44007,Providence,19.3869,6.5963,65.0729,2.3392
2014-09-15,44007,Providence,19.0718,8.1085,45.3171,1.5088
2014-09-16,44007,Providence,19.4578,6.5753,63.296,1.7556
2014-09-17,44007,Providence,21.2068,6.768,53.4688,2.1436
2014-09-18,44007,Providence,23.1696,6.5601,43.781,2.214
2014-09-19,44007,Providence,15.0741,2.4656,68.3502,2.8253
2014-09-20,44007,Providence,20.7486,10.4431,51.7567,3.8325
2014-09-21,44007,Providence,24.5793,15.8799,75.176,2.7785
2014-09-22,44007,Providence,21.8855,4.2245,85.738,4.0469
2014-09-23,44007,Providence,20.2019,7.3613,42.7062,2.7793
2014-09-24,44007,Providence,20.319,9.743,51.5267,2.719
2014-09-25,44007,Providence,16.1212,11.338,76.6118,3.3941
2014-09-26,44007,Providence,23.2263,9.4198,55.6549,3.5578
2014-09-27,44007,Providence,28.0607,11.4453,41.7294,2.2811
2014-09-28,44007,Providence,28.5538,14.0746,45.7158,2.1198
2014-09-29,44007,Providence,23.5539,12.9756,60.2155,2.1692
2014-09-30,44007,Providence,14.3439,12.4345,99.681,2.7322
2014-10-01,44007,Providence,14.6007,12.4222,89.7597,3.8566
2014-10-02,44007,Providence,14.0366,6.5388,97.7598,4.5636
2014-10-03,44007,Providence,14.8274,9.5094,68.7847,2.726
2014-10-04,44007,Providence,18.1381,6.6459,77.6211,2.9744
2014-10-05,44007,Providence,15.6368,2.0665,74.0738,3.3335
2014-10-06,44007,Providence,18.5017,7.0515,43.2321,3.1162
2014-10-07,44007,Providence,22.2519,15.1069,55.904,4.6161
2014-10-08,44007,Providence,22.0574,4.2399,75.1856,4.9576
2014-10-09,44007,Providence,18.4065,4.2525,46.6864,4.1466
2014-10-10,44007,Providence,16.4349,5.9873,43.648,2.837
2014-10-11,44007,Providence,10.5517,1.588,79.3627,2.293
2014-10-12,44007,Providence,16.0909,2.0209,52.6821,2.1988
2014-10-13,44007,Providence,17.3182,6.7974,51.4863,2.7166
2014-10-14,44007,Providence,23.535,16.1002,62.5307,3.5401
2014-10-15,44007,Providence,25.34,18.6811,64.7496,4.0363
2014-10-16,44007,Providence,21.3922,12.9158,91.1859,4.0479
2014-10-17,44007,Providence,21.3211,12.1714,70.8523,3.7134
2014-10-18,44007,Providence,20.8214,8.9827,69.4123,3.2143
2014-10-19,44007,Providence,12.161,-1.3861,83.104,4.2954
2014-10-20,44007,Providence,13.0253,2.3835,43.9988,3.7321
2014-10-21,44007,Providence,17.1999,8.7961,63.4081,2.5395
2014-10-22,44007,Providence,12.498,8.4471,84.9296,4.7767
2014-10-23,44007,Providence,12.5716,8.4632,83.3748,5.8412
2014-10-24,44007,Providence,11.7235,4.0976,86.4424,4.1647
2014-10-25,44007,Providence,18.0939,6.9295,52.4139,3.3174
2014-10-26,44007,Providence,13.9541,4.6524,65.6701,4.4348
2014-10-27,44007,Providence,16.7403,2.7694,53.511,4.1299
2014-10-28,44007,Providence,20.4135,7.3612,48.3175,2.2322
2014-10-29,44007,Providence,22.4012,4.4556,70.055,2.8936
2014-10-30,44007,Providence,14.3539,2.2495,68.9258,3.1453
2014-10-31,44007,Providence,11.8781,4.9552,61.6498,2.1845
2014-11-01,44007,Providence,7.8017,2.9245,82.8719,6.0598
2014-11-02,44007,Providence,5.415,-0.3831,68.3049,8.3144
2014-11-03,44007,Providence,11.3304,0.8203,34.4397,5.586
2014-11-04,44007,Providence,17.2867,7.0745,34.6276,2.5187
2014-11-05,44007,Providence,18.8889,6.1325,48.3947,4.0341
2014-11-06,44007,Providence,9.593,6.295,70.8976,2.1073
2014-11-07,44007,Providence,9.2555,-1.113,93.5089,3.8473
2014-11-08,44007,Providence,8.4638,0.0735,50.5295,3.9148
2014-11-09,44007,Providence,13.1899,-0.8248,55.2592,2.9962
2014-11-10,44007,Providence,14.8566,0.7756,46.5261,1.7247
2014-11-11,44007,Providence,16.2153,3.7882,61.635,2.5756
2014-11-12,44007,Providence,16.6452,-0.1283,89.1616,1.4909
2014-11-13,44007,Providence,10.1042,0.3159,59.8512,2.3572
2014-11-14,44007,Providence,5.6406,-4.418,66.643,3.0098
2014-11-15,44007,Providence,3.7031,-6.4795,54.0776,3.4401
2014-11-16,44007,Providence,4.8508,-3.2507,48.5419,2.3349
2014-11-17,44007,Providence,12.6792,2.0642,66.2874,2.6565
2014-11-18,44007,Providence,4.0729,-6.8125,98.8046,5.9283
2014-11-19,44007,Providence,2.0397,-5.6379,33.7547,5.7037
2014-11-20,44007,Providence,8.3414,-4.6084,48.9477,4.4497
2014-11-21,44007,Providence,1.9124,-7.5017,47.7641,5.019
2014-11-22,44007,Providence,6.5485,-5.4968,35.411,4.7676
2014-11-23,44007,Providence,14.4507,3.1502,43.2349,4.5897
2014-11-24,44007,Providence,17.9911,12.2666,58.264,4.5834
2014-11-25,44007,Providence,16.8951,5.3143,66.8412,4.3084
2014-11-26,44007,Providence,5.9204,-0.5507,73.1307,3.76
2014-11-27,44007,Providence,2.9166,-2.1267,73.0171,4.75
2014-11-28,44007,Providence,1.9982,-8.1762,79.5333,3.0288
2014-11-29,44007,Providence,5.4554,-7.1403,46.3068,2.1949
2014-11-30,44007,Providence,12.6502,5.8951,44.7566,3.2825
2014-12-01,44007,Providence,17.4381,0.2242,55.7846,3.5152
2014-12-02,44007,Providence,3.8951,0.1284,56.7664,4.8033
2014-12-03,44007,Providence,9.4747,-1.109,72.545,4.2514
2014-12-04,44007,Providence,5.7665,-5.5755,65.2409,4.2081
2014-12-05,44007,Providence,5.4184,-4.2575,51.7903,3.0482
2014-12-06,44007,Providence,6.4727,0.0626,85.5282,2.4807
2014-12-07,44007,Providence,2.1025,-7.2156,85.6457,6.1535
2014-12-08,44007,Providence,1.8005,-6.7709,53.0765,5.4265
2014-12-09,44007,Providence,8.3376,1.5933,69.7974,5.9999
2014-12-10,44007,Providence,4.6304,-0.2674,100.0,1.5855
2014-12-11,44007,Providence,0.684,-3.0898,89.5337,4.43
2014-12-12,44007,Providence,2.6704,-1.7796,61.354,3.5333
2014-12-13,44007,Providence,4.2974,-2.0416,59.1157,3.9007
2014-12-14,44007,Providence,6.766,-2.9573,56.6757,3.2699
2014-12-15,44007,Providence,5.9766,-2.9044,60.5448,2.2565
2014-12-16,44007,Providence,5.1508,0.51,71.2647,1.8847
2014-12-17,44007,Providence,9.0477,1.5102,75.1035,2.6397
2014-12-18,44007,Providence,5.2201,-0.3539,66.358,5.1006
2014-12-19,44007,Providence,1.6684,-4.5964,67.6377,3.8736
2014-12-20,44007,Providence,1.1634,-2.8244,66.9927,2.1893
2014-12-21,44007,Providence,0.7331,-0.8926,78.9164,1.8328
2014-12-22,44007,Providence,5.3605,0.2785,68.2546,2.3753
2014-12-23,44007,Providence,7.1718,4.4671,77.3619,3.929
2014-12-24,44007,Providence,16.5649,5.3329,64.3022,2.824
2014-12-25,44007,Providence,13.8495,0.5064,86.5934,5.6523
2014-12-26,44007,Providence,8.6453,-1.0225,56.0,3.8023
2014-12-27,44007,Providence,10.7662,-0.3103,51.6967,2.5304
2014-12-28,44007,Providence,9.8409,-2.2378,68.8093,3.409
2014-12-29,44007,Providence,4.8614,-6.4226,73.0926,3.1847
2014-12-30,44007,Providence,-1.5122,-10.6851,53.831,3.0129
2014-12-31,44007,Providence,-1.6051,-9.5872,37.5826,3.1723
2015-01-01,44007,Providence,1.1702,-6.0276,30.0454,5.1802
2015-01-02,44007,Providence,4.1308,-5.3605,40.5888,5.1434
2015-01-03,44007,Providence,2.3229,-5.5591,44.5922,2.9623
2015-01-04,44007,Providence,11.5923,1.2188,55.5255,4.2664
2015-01-05,44007,Providence,2.271,-10.536,85.436,6.6043
2015-01-06,44007,Providence,-7.7608,-13.0961,43.3171,3.5376
2015-01-07,44007,Providence,-4.7895,-18.8499,63.749,4.4845
2015-01-08,44007,Providence,-4.3558,-18.3561,26.2799,6.0249
2015-01-09,44007,Providence,-0.7256,-13.345,60.4217,6.1222
2015-01-10,44007,Providence,-5.4981,-13.5118,55.9095,4.3535
2015-01-11,44007,Providence,1.8709,-10.931,40.6139,3.0096
2015-01-12,44007,Providence,2.9996,-5.5119,71.4531,3.1246
2015-01-13,44007,Providence,-4.6247,-11.3877,86.9927,4.7577
2015-01-14,44007,Providence,-4.0551,-9.1114,64.4386,2.7536
2015-01-15,44007,Providence,-1.6531,-6.8015,85.4637,2.0213
2015-01-16,44007,Providence,2.6477,-13.4208,65.454,4.5597
2015-01-17,44007,Providence,-1.3637,-10.8497,25.7319,4.515
2015-01-18,44007,Providence,10.2204,-1.4408,46.514,3.4972
2015-01-19,44007,Providence,5.1041,-1.9583,71.1896,4.9919
2015-01-20,44007,Providence,2.6337,-7.9438,58.4107,4.6763
2015-01-21,44007,Providence,0.8732,-7.3576,36.5436,2.4546
2015-01-22,44007,Providence,2.8328,-6.8888,59.6862,2.3721
2015-01-23,44007,Providence,2.4981,-6.6139,47.5634,3.2436
2015-01-24,44007,Providence,0.5205,-1.7502,69.6298,3.2192
2015-01-25,44007,Providence,2.3287,-10.5469,69.0589,4.8369
2015-01-26,44007,Providence,-3.1873,-10.5416,63.545,4.3735
2015-01-27,44007,Providence,-6.8024,-11.6157,95.8393,8.5131
2015-01-28,44007,Providence,-4.6141,-16.3522,59.8557,5.0266
2015-01-29,44007,Providence,0.1874,-15.5568,48.8425,2.5137
2015-01-30,44007,Providence,0.7735,-11.8114,91.5038,2.3973
2015-01-31,44007,Providence,-6.1168,-14.2854,59.2594,7.714
2015-02-01,44007,Providence,-0.6045,-12.4898,45.5265,4.1098
2015-02-02,44007,Providence,-3.9097,-15.7076,98.7083,4.7096
2015-02-03,44007,Providence,-5.4565,-16.9281,58.8362,4.6926
2015-02-04,44007,Providence,3.494,-9.8727,44.6314,3.1087
2015-02-05,44007,Providence,1.4487,-19.034,98.8794,4.0311
2015-02-06,44007,Providence,-6.2585,-17.0426,49.1209,4.3688
2015-02-07,44007,Providence,-2.2586,-6.8315,49.3005,3.4363
2015-02-08,44007,Providence,-0.9942,-10.2558,91.2563,2.8359
2015-02-09,44007,Providence,-5.9227,-9.5073,100.0,5.5789
2015-02-10,44007,Providence,-0.3094,-8.7902,75.7197,5.7128
2015-02-11,44007,Providence,-5.1704,-13.7572,88.7177,4.3125
2015-02-12,44007,Providence,-0.5777,-15.3615,69.1957,2.0378
2015-02-13,44007,Providence,-8.6687,-20.9589,89.8615,5.2087
2015-02-14,44007,Providence,-2.645,-17.7365,51.1607,2.6371
2015-02-15,44007,Providence,-6.6374,-20.688,99.7913,6.0023
2015-02-16,44007,Providence,-8.1919,-19.4493,40.7615,7.3643
2015-02-17,44007,Providence,-5.4261,-13.7915,47.2193,2.6804
2015-02-18,44007,Providence,-1.448,-12.3525,55.1778,1.6698
2015-02-19,44007,Providence,-3.9458,-17.0974,83.5966,3.5355
2015-02-20,44007,Providence,-7.6706,-21.3386,54.941,6.6122
2015-02-21,44007,Providence,1.5048,-19.1031,44.474,4.0143
2015-02-22,44007,Providence,3.7112,-4.287,72.6476,2.8092
2015-02-23,44007,Providence,-3.5924,-22.5108,86.3437,3.9979
2015-02-24,44007,Providence,-6.8516,-20.2676,41.5603,3.2473
2015-02-25,44007,Providence,1.2047,-11.968,58.0345,3.2229
2015-02-26,44007,Providence,-4.9128,-14.685,66.6438,3.4866
2015-02-27,44007,Providence,-2.6588,-15.7669,61.7427,2.7474
2015-02-28,44007,Providence,-1.0088,-15.6359,41.3548,2.7986
2015-03-01,44007,Providence,-1.4062,-11.7137,51.875,2.1988
2015-03-02,44007,Providence,1.7674,-13.7558,82.5288,4.0768
2015-03-03,44007,Providence,4.1769,-9.9314,39.2886,3.4098
2015-03-04,44007,Providence,5.9227,-1.7486,64.2828,4.017
2015-03-05,44007,Providence,-0.6851,-15.2029,99.2868,3.4589
2015-03-06,44007,Providence,-3.5823,-14.8562,51.7188,3.1373
2015-03-07,44007,Providence,2.8403,-10.5718,43.5975,4.1992
2015-03-08,44007,Providence,6.421,-7.3524,57.7828,2.8881
2015-03-09,44007,Providence,8.6508,-4.7657,43.0521,2.9755
2015-03-10,44007,Providence,10.0832,-0.8174,37.2574,2.3586
2015-03-11,44007,Providence,13.1336,0.766,49.1551,3.1458
2015-03-12,44007,Providence,3.4755,-7.3291,59.8154,4.7344
2015-03-13,44007,Providence,4.8981,-4.9893,34.9385,2.2003
2015-03-14,44007,Providence,6.2213,0.4155,54.9119,2.4607
2015-03-15,44007,Providence,6.4964,-3.4872,67.821,4.0035
2015-03-16,44007,Providence,7.639,-1.7015,43.1836,3.8438
2015-03-17,44007,Providence,10.2676,-5.8239,55.0576,3.5687
2015-03-18,44007,Providence,-0.0747,-8.5728,49.7295,6.8388
2015-03-19,44007,Providence,1.6106,-9.3668,41.3833,4.851
2015-03-20,44007,Providence,0.0321,-5.4292,47.4895,1.6239
2015-03-21,44007,Providence,5.9194,-3.7041,59.6674,2.1234
2015-03-22,44007,Providence,0.8002,-10.6671,66.1174,5.9148
2015-03-23,44007,Providence,0.1429,-8.4749,39.553,4.4401
2015-03-24,44007,Providence,4.2062,-7.1033,41.0333,2.2985
2015-03-25,44007,Providence,8.6071,-0.5985,38.0089,2.145
2015-03-26,44007,Providence,12.9768,2.9322,50.3321,3.8579
2015-03-27,44007,Providence,5.5024,0.6442,72.8495,3.4724
2015-03-28,44007,Providence,2.0823,-6.0683,79.7964,3.531
2015-03-29,44007,Providence,5.8502,-4.944,47.4033,3.1365
2015-03-30,44007,Providence,7.6911,-0.5496,45.7787,3.5371
2015-03-31,44007,Providence,9.1367,-2.4943,49.6582,3.6063
2015-04-01,44007,Providence,8.353,-4.4992,52.6579,3.6067
2015-04-02,44007,Providence,15.1617,0.8751,33.002,3.6094
2015-04-03,44007,Providence,14.5939,6.2455,56.398,3.9936
2015-04-04,44007,Providence,10.8476,-2.7409,74.9387,4.3043
2015-04-05,44007,Providence,9.1893,-1.296,45.1248,4.1732
2015-04-06,44007,Providence,11.6661,1.8024,54.6759,2.43
2015-04-07,44007,Providence,6.013,0.5336,95.3478,2.6924
2015-04-08,44007,Providence,7.1144,0.1232,62.0085,4.7058
2015-04-09,44007,Providence,3.7281,0.5999,70.6662,5.1267
2015-04-10,44007,Providence,12.7233,2.7383,68.5893,3.4643
2015-04-11,44007,Providence,13.6187,0.0701,70.9192,4.9311
2015-04-12,44007,Providence,19.2597,1.6204,34.4286,3.1075
2015-04-13,44007,Providence,20.1855,9.0626,36.5998,3.6282
2015-04-14,44007,Providence,18.7591,5.8953,54.1525,3.7826
2015-04-15,44007,Providence,19.6188,1.016,34.6999,3.2093
2015-04-16,44007,Providence,16.1783,6.5407,30.6375,2.3719
2015-04-17,44007,Providence,17.6746,5.9325,58.5366,4.0016
2015-04-18,44007,Providence,22.3721,4.7293,48.1946,2.7895
2015-04-19,44007,Providence,14.8604,3.1622,52.1467,3.072
2015-04-20,44007,Providence,13.1402,4.9892,61.6604,4.852
2015-04-21,44007,Providence,19.2622,3.7294,67.0721,4.0058
2015-04-22,44007,Providence,19.1351,3.2247,50.4265,4.0693
2015-04-23,44007,Providence,8.9808,0.7279,66.2572,5.1795
2015-04-24,44007,Providence,9.5738,-1.3762,49.5662,4.1882
2015-04-25,44007,Providence,13.9684,2.2674,38.8503,3.6846
2015-04-26,44007,Providence,13.5127,6.0293,42.9094,2.1313
2015-04-27,44007,Providence,14.2623,4.903,52.282,2.8407
2015-04-28,44007,Providence,17.4906,6.2848,46.1288,4.3529
2015-04-29,44007,Providence,16.8943,4.4899,50.1398,2.782
2015-04-30,44007,Providence,15.109,4.7941,60.3963,2.2086
2015-05-01,44007,Providence,13.6763,1.3122,69.4923,2.3915
2015-05-02,44007,Providence,17.5251,4.1637,53.4481,1.7203
2015-05-03,44007,Providence,20.5653,6.8935,51.4336,2.3733
2015-05-04,44007,Providence,27.4564,13.7684,40.3771,3.6095
2015-05-05,44007,Providence,25.2746,11.109,50.7991,2.9196
2015-05-06,44007,Providence,22.6491,6.3111,51.9628,1.64
2015-05-07,44007,Providence,27.7074,10.3378,35.1738,2.531
2015-05-08,44007,Providence,25.8095,7.4572,50.3002,2.3874
2015-05-09,44007,Providence,22.921,9.4223,65.9002,2.6037
2015-05-10,44007,Providence,30.0857,17.6711,49.9087,3.8271
2015-05-11,44007,Providence,28.7895,11.9514,67.3903,4.1522
2015-05-12,44007,Providence,29.0395,10.3675,64.5852,4.0592
2015-05-13,44007,Providence,19.7144,5.1048,64.1896,4.5606
2015-05-14,44007,Providence,21.2353,4.4819,41.0103,2.4368
2015-05-15,44007,Providence,21.7779,10.8915,38.5327,2.5321
2015-05-16,44007,Providence,20.399,11.7519,59.7148,3.0651
2015-05-17,44007,Providence,28.0691,9.7929,61.172,1.5297
2015-05-18,44007,Providence,21.2714,9.9055,70.12,3.12
2015-05-19,44007,Providence,18.9862,10.6818,72.7015,3.2117
2015-05-20,44007,Providence,17.9474,4.4882,80.6242,4.616
2015-05-21,44007,Providence,19.2032,9.2008,41.3885,3.0669
2015-05-22,44007,Providence,22.8822,4.8081,50.439,3.425
2015-05-23,44007,Providence,17.7686,7.5135,39.7545,4.013
2015-05-24,44007,Providence,26.7122,11.3159,35.2113,3.9482
2015-05-25,44007,Providence,26.4224,15.9819,46.9339,3.391
2015-05-26,44007,Providence,28.4341,16.4937,56.511,4.5594
2015-05-27,44007,Providence,27.2771,16.9474,64.1934,4.519
2015-05-28,44007,Providence,27.9707,12.8397,69.4021,4.5681
2015-05-29,44007,Providence,26.732,12.2052,63.6674,2.1421
2015-05-30,44007,Providence,29.1471,17.8577,52.8448,3.8353
2015-05-31,44007,Providence,25.3338,8.8015,83.2613,3.7919
2015-06-01,44007,Providence,11.0709,7.7053,100.0,3.3844
2015-06-02,44007,Providence,10.9302,6.6993,92.5492,3.016
2015-06-03,44007,Providence,17.1689,6.8262,71.7112,1.8284
2015-06-04,44007,Providence,18.8973,8.9157,62.5292,2.253
2015-06-05,44007,Providence,21.9863,12.751,56.4022,1.3524
2015-06-06,44007,Providence,21.9966,7.7228,77.7378,2.5386
2015-06-07,44007,Providence,22.4049,10.6047,52.5512,2.15
2015-06-08,44007,Providence,23.0687,16.1685,57.588,4.3696
2015-06-09,44007,Providence,23.5686,13.7943,81.0984,4.8056
2015-06-10,44007,Providence,27.5286,16.8573,55.9221,3.2237
2015-06-11,44007,Providence,29.3985,16.8234,59.8999,4.2023
2015-06-12,44007,Providence,28.9479,19.679,53.0798,2.249
2015-06-13,44007,Providence,28.0586,14.7058,67.7634,3.4192
2015-06-14,44007,Providence,27.0627,12.6632,59.3739,2.0112
2015-06-15,44007,Providence,15.8803,12.2986,86.8736,3.2827
2015-06-16,44007,Providence,23.728,14.7351,63.5852,2.485
2015-06-17,44007,Providence,21.9007,9.4822,80.8226,2.882
2015-06-18,44007,Providence,23.356,15.2088,58.1511,2.6436
2015-06-19,44007,Providence,28.6862,12.2089,65.1834,2.7087
2015-06-20,44007,Providence,22.8587,15.9644,68.07,2.5697
2015-06-21,44007,Providence,27.2819,18.6251,66.9962,3.0278
2015-06-22,44007,Providence,29.1111,15.642,65.4837,2.6102
2015-06-23,44007,Providence,29.3034,16.3556,69.9152,3.9059
2015-06-24,44007,Providence,27.8559,14.2006,66.8889,3.2226
2015-06-25,44007,Providence,27.0159,16.6798,51.2126,2.4715
2015-06-26,44007,Providence,23.7064,10.1735,69.3892,2.6513
2015-06-27,44007,Providence,22.4729,13.2761,59.598,2.4858
2015-06-28,44007,Providence,17.0184,10.9394,98.2684,4.0309
2015-06-29,44007,Providence,22.8807,12.713,78.6116,2.8363
2015-06-30,44007,Providence,27.0529,17.1741,58.7629,2.2076
2015-07-01,44007,Providence,26.4516,14.6495,77.8544,3.6255
2015-07-02,44007,Providence,25.8136,13.9227,71.3888,2.3983
2015-07-03,44007,Providence,25.9817,13.9873,61.2973,2.0523
2015-07-04,44007,Providence,23.0814,11.6357,71.6382,1.3969
2015-07-05,44007,Providence,27.7952,15.0756,59.4875,2.2442
2015-07-06,44007,Providence,28.5521,17.0386,70.6187,2.0111
2015-07-07,44007,Providence,27.6215,20.7401,73.2916,3.1594
2015-07-08,44007,Providence,29.8244,16.9516,82.0893,3.1017
2015-07-09,44007,Providence,24.2059,16.195,87.4018,2.109
2015-07-10,44007,Providence,26.8982,14.4325,78.3425,2.316
2015-07-11,44007,Providence,29.4707,16.7124,56.5439,1.7887
2015-07-12,44007,Providence,30.0751,18.4398,59.9396,2.5243
2015-07-13,44007,Providence,28.2996,16.3765,74.2098,1.931
2015-07-14,44007,Providence,26.5683,20.3365,70.8408,2.6168
2015-07-15,44007,Providence,28.6131,14.0278,80.3529,1.765
2015-07-16,44007,Providence,23.5366,11.5298,74.7212,2.7486
2015-07-17,44007,Providence,25.5173,17.8798,53.6847,1.3509
2015-07-18,44007,Providence,25.2088,19.2138,74.4441,3.4889
2015-07-19,44007,Providence,30.7969,21.8311,71.8012,3.3498
2015-07-20,44007,Providence,32.6177,18.9798,73.9777,2.4706
2015-07-21,44007,Providence,30.4775,16.6517,73.0957,1.8427
2015-07-22,44007,Providence,27.7364,13.1904,67.8127,3.2955
2015-07-23,44007,Providence,27.2949,12.4509,54.5867,2.6289
2015-07-24,44007,Providence,26.3784,12.8017,57.016,1.945
2015-07-25,44007,Providence,23.4807,15.6804,64.6488,1.3957
2015-07-26,44007,Providence,26.0601,18.4167,66.2819,3.2715
2015-07-27,44007,Providence,27.3948,18.5432,72.3422,3.0873
2015-07-28,44007,Providence,31.178,17.6857,65.3207,2.143
2015-07-29,44007,Providence,32.8052,20.7916,56.9065,1.9195
2015-07-30,44007,Providence,30.0163,19.175,73.2809,4.0906
2015-07-31,44007,Providence,29.9072,15.4565,69.2829,3.3236
2015-08-01,44007,Providence,29.973,14.5561,56.1565,3.4429
2015-08-02,44007,Providence,29.0984,17.9423,49.1041,3.0202
2015-08-03,44007,Providence,30.2559,18.6933,56.0868,3.9821
2015-08-04,44007,Providence,29.441,15.0255,77.2209,3.7275
2015-08-05,44007,Providence,28.093,13.2573,64.8151,2.6166
2015-08-06,44007,Providence,26.2871,13.6613,54.5889,3.0254
2015-08-07,44007,Providence,26.4065,13.2436,56.4602,2.0405
2015-08-08,44007,Providence,26.0027,14.2028,57.8087,2.6255
2015-08-09,44007,Providence,23.5977,11.8413,72.6059,2.998
2015-08-10,44007,Providence,27.0017,17.8339,55.5428,2.4185
2015-08-11,44007,Providence,21.748,18.2842,84.124,3.5627
2015-08-12,44007,Providence,27.668,14.353,75.0897,2.6085
2015-08-13,44007,Providence,27.2899,13.1171,65.0866,2.1664
2015-08-14,44007,Providence,28.4227,17.316,55.3811,1.9448
2015-08-15,44007,Providence,30.5433,17.6887,59.4071,2.5711
2015-08-16,44007,Providence,30.6615,18.5277,66.4197,2.1386
2015-08-17,44007,Providence,31.6183,19.5592,61.864,2.6795
2015-08-18,44007,Providence,31.66,20.3741,63.1015,2.9648
2015-08-19,44007,Providence,29.3916,20.1699,67.9675,2.9724
2015-08-20,44007,Providence,28.3314,21.7253,69.4428,3.2501
2015-08-21,44007,Providence,28.3513,18.7411,75.6176,2.4476
2015-08-22,44007,Providence,25.2359,18.6089,84.8864,1.4321
2015-08-23,44007,Providence,24.4691,19.1383,83.4644,2.237
2015-08-24,44007,Providence,26.7885,19.0019,78.0021,1.8527
2015-08-25,44007,Providence,29.2298,18.5039,70.1538,2.7125
2015-08-26,44007,Providence,27.7012,13.7703,83.3191,2.6054
2015-08-27,44007,Providence,26.2552,11.8004,60.4518,3.0381
2015-08-28,44007,Providence,25.9364,12.459,56.3653,2.1718
2015-08-29,44007,Providence,26.4892,16.3049,51.0376,2.3727
2015-08-30,44007,Providence,29.6368,18.6052,54.8434,2.9777
2015-08-31,44007,Providence,29.6624,16.6801,66.3295,3.4227
2015-09-01,44007,Providence,28.5261,15.9793,61.6704,2.2749
2015-09-02,44007,Providence,30.8347,16.5059,54.3506,2.0015
2015-09-03,44007,Providence,30.6263,18.2022,59.0308,1.804
2015-09-04,44007,Providence,23.8038,10.5183,88.6548,3.2483
2015-09-05,44007,Providence,26.2095,10.7565,54.0553,2.3171
2015-09-06,44007,Providence,27.9985,14.8911,46.6378,2.2353
2015-09-07,44007,Providence,31.2646,19.8535,44.9678,3.7962
2015-09-08,44007,Providence,33.9084,20.2714,51.8887,2.8682
2015-09-09,44007,Providence,31.2031,20.4928,66.0073,3.8347
2015-09-10,44007,Providence,23.9086,15.6612,99.708,2.0733
2015-09-11,44007,Providence,23.261,12.1165,99.4636,2.0047
2015-09-12,44007,Providence,24.5792,15.3811,70.9449,1.8693
2015-09-13,44007,Providence,20.2396,11.697,99.9852,2.8165
2015-09-14,44007,Providence,20.2915,12.7303,76.9175,4.523
2015-09-15,44007,Providence,27.3122,12.4199,52.3774,3.0482
2015-09-16,44007,Providence,27.8072,13.0976,57.1271,2.0407
2015-09-17,44007,Providence,29.2898,13.2661,56.2964,2.4098
2015-09-18,44007,Providence,28.0574,13.708,57.2994,2.6136
2015-09-19,44007,Providence,26.2532,16.7931,65.8312,2.5233
2015-09-20,44007,Providence,24.0802,8.9288,85.7711,3.0541
2015-09-21,44007,Providence,19.8846,10.8433,55.5038,3.9423
2015-09-22,44007,Providence,21.5434,8.3428,63.2944,3.2987
2015-09-23,44007,Providence,22.8862,8.6515,55.4302,2.0427
2015-09-24,44007,Providence,24.0389,8.301,54.8476,2.3947
2015-09-25,44007,Providence,20.6337,7.4711,65.1441,2.6996
2015-09-26,44007,Providence,18.4991,3.0294,65.9163,3.1536
2015-09-27,44007,Providence,21.2284,8.086,50.8256,2.2518
2015-09-28,44007,Providence,25.3635,13.889,60.4329,2.5869
2015-09-29,44007,Providence,26.7115,19.5345,67.4511,3.4839
2015-09-30,44007,Providence,24.1628,11.7163,99.7086,4.4534
2015-10-01,44007,Providence,14.2801,9.2265,80.7369,5.3056
2015-10-02,44007,Providence,10.6185,8.4135,79.4951,6.3501
2015-10-03,44007,Providence,11.4404,8.6135,70.8578,6.8604
2015-10-04,44007,Providence,13.8476,7.4731,69.1128,5.9379
2015-10-05,44007,Providence,15.8659,4.5427,73.3806,4.2032
2015-10-06,44007,Providence,20.1374,6.5968,56.6995,2.0514
2015-10-07,44007,Providence,20.6083,8.1384,54.0945,2.378
2015-10-08,44007,Providence,18.268,8.2134,59.6591,2.1286
2015-10-09,44007,Providence,20.2285,6.0485,76.0195,3.9556
2015-10-10,44007,Providence,15.4278,4.778,70.8654,3.6322
2015-10-11,44007,Providence,18.9529,6.6557,49.1978,3.6389
2015-10-12,44007,Providence,23.221,9.9288,49.974,2.9498
2015-10-13,44007,Providence,21.3049,10.0124,71.5211,2.6034
2015-10-14,44007,Providence,19.1693,2.5528,77.1058,4.0187
2015-10-15,44007,Providence,15.5017,5.982,55.5335,2.9041
2015-10-16,44007,Providence,16.1487,2.2612,62.5069,3.6903
2015-10-17,44007,Providence,12.0201,-1.4262,61.4323,3.5574
2015-10-18,44007,Providence,7.03,-3.8482,53.5025,3.6453
2015-10-19,44007,Providence,9.371,-0.3812,37.4445,3.1113
2015-10-20,44007,Providence,19.6956,9.908,39.2456,4.8922
2015-10-21,44007,Providence,19.2189,10.7238,55.036,1.6879
2015-10-22,44007,Providence,22.2122,6.7193,61.5851,3.2751
2015-10-23,44007,Providence,10.1623,0.2116,80.6536,4.4622
2015-10-24,44007,Providence,11.5555,2.991,58.1492,2.6783
2015-10-25,44007,Providence,16.1713,2.4356,78.709,3.3337
2015-10-26,44007,Providence,12.396,-1.3932,66.5351,3.2394
2015-10-27,44007,Providence,13.089,1.6324,49.978,1.5017
2015-10-28,44007,Providence,20.2945,6.9083,48.9474,4.625
2015-10-29,44007,Providence,22.7802,5.3551,79.6561,6.8636
2015-10-30,44007,Providence,15.0252,-1.9279,60.307,4.7941
2015-10-31,44007,Providence,12.049,1.0135,53.6021,2.1624
2015-11-01,44007,Providence,16.1895,5.9595,62.6718,3.6995
2015-11-02,44007,Providence,17.1241,2.6895,61.653,2.9419
2015-11-03,44007,Providence,22.0011,5.1066,44.9874,2.0015
2015-11-04,44007,Providence,18.8933,6.9539,51.7581,1.9655
2015-11-05,44007,Providence,21.5339,12.493,53.8817,3.2162
2015-11-06,44007,Providence,21.5394,10.9872,76.0239,4.1521
2015-11-07,44007,Providence,15.6571,3.8187,84.27,4.06
2015-11-08,44007,Providence,12.7169,-0.8349,53.1102,3.1689
2015-11-09,44007,Providence,14.7524,1.6504,42.1674,2.7598
2015-11-10,44007,Providence,13.0603,6.2958,62.1507,3.1331
2015-11-11,44007,Providence,8.8961,6.6851,86.7765,6.2645
2015-11-12,44007,Providence,13.695,6.8497,71.8435,2.8522
2015-11-13,44007,Providence,14.621,3.926,69.7864,6.1017
2015-11-14,44007,Providence,7.5413,-1.5917,60.226,6.3309
2015-11-15,44007,Providence,12.2737,1.0305,44.5232,4.0551
2015-11-16,44007,Providence,16.3177,-2.2542,53.2318,3.0089
2015-11-17,44007,Providence,7.8756,-4.7906,57.1291,2.9922
2015-11-18,44007,Providence,9.7029,-2.4695,58.8766,1.6801
2015-11-19,44007,Providence,14.8352,6.5184,64.4553,4.0993
2015-11-20,44007,Providence,15.357,-0.1222,90.021,4.6014
2015-11-21,44007,Providence,9.735,-0.4413,53.7948,3.1766
2015-11-22,44007,Providence,8.816,0.3982,83.172,1.9199
2015-11-23,44007,Providence,5.3005,-6.3823,67.7587,4.9983
2015-11-24,44007,Providence,6.1015,-6.2189,38.4095,2.7228
2015-11-25,44007,Providence,8.1875,-3.1258,43.0203,1.5412
2015-11-26,44007,Providence,13.8134,2.4429,55.2857,2.9544
2015-11-27,44007,Providence,17.6551,7.1154,56.0321,3.4757
2015-11-28,44007,Providence,12.1719,-0.6387,91.7553,2.7964
2015-11-29,44007,Providence,7.3969,-3.4592,73.8212,2.2845
2015-11-30,44007,Providence,3.7032,-4.1696,66.0731,3.1024
2015-12-01,44007,Providence,6.4846,-1.3622,73.6215,2.8278
2015-12-02,44007,Providence,12.6181,4.8412,72.4992,2.188
2015-12-03,44007,Providence,9.148,-1.46,95.5711,4.7111
2015-12-04,44007,Providence,9.0849,-1.8963,54.7434,3.9399
2015-12-05,44007,Providence,11.3335,-3.0376,53.0881,2.3348
2015-12-06,44007,Providence,13.381,-1.3096,48.7095,2.6431
2015-12-07,44007,Providence,13.1138,1.6252,49.4432,2.6916
2015-12-08,44007,Providence,5.909,0.0486,72.9024,2.9711
2015-12-09,44007,Providence,8.5701,0.6568,60.1567,1.7441
2015-12-10,44007,Providence,15.6098,4.1031,62.0233,2.3282
2015-12-11,44007,Providence,14.9357,5.8419,62.5274,2.536
2015-12-12,44007,Providence,16.2047,7.096,49.7316,3.1093
2015-12-13,44007,Providence,12.3469,7.4603,60.2268,1.822
2015-12-14,44007,Providence,16.6578,7.3973,62.2802,2.3625
2015-12-15,44007,Providence,14.5944,3.562,79.2867,5.7179
2015-12-16,44007,Providence,7.6322,1.2123,66.0644,3.3941
2015-12-17,44007,Providence,11.5807,5.4833,69.8075,3.0029
2015-12-18,44007,Providence,10.2478,-0.4958,100.0,1.9797
2015-12-19,44007,Providence,3.7626,-1.7016,55.6171,5.9084
2015-12-20,44007,Providence,4.8411,-2.9718,40.0038,5.2139
2015-12-21,44007,Providence,11.9875,2.7328,48.2445,4.9912
2015-12-22,44007,Providence,14.7606,5.7979,72.9845,4.671
2015-12-23,44007,Providence,16.2459,6.1064,69.6223,3.2682
2015-12-24,44007,Providence,19.8789,8.8397,74.3745,4.9606
2015-12-25,44007,Providence,17.8797,5.8458,70.1919,2.0304
2015-12-26,44007,Providence,10.6453,4.5414,64.4215,3.0559
2015-12-27,44007,Providence,14.1333,0.7098,75.5506,3.7274
2015-12-28,44007,Providence,1.3495,-2.3588,72.5896,4.914
2015-12-29,44007,Providence,3.4182,-3.7044,74.6844,4.9762
2015-12-30,44007,Providence,2.3717,-2.9465,84.5119,1.9884
2015-12-31,44007,Providence,4.6288,-2.5986,90.7939,2.3669
2016-01-01,44007,Providence,5.095,-1.6906,46.853,4.1268
2016-01-02,44007,Providence,4.0628,-2.1228,55.2572,4.1724
2016-01-03,44007,Providence,6.4451,-3.2555,35.1252,4.3109
2016-01-04,44007,Providence,-1.1638,-13.2158,36.1597,4.8108
2016-01-05,44007,Providence,-2.9326,-13.0115,62.9646,3.8038
2016-01-06,44007,Providence,6.5047,-9.9929,42.2024,3.2372
2016-01-07,44007,Providence,7.2251,-6.118,60.8569,1.7779
2016-01-08,44007,Providence,3.8298,-2.7667,84.5782,3.4238
2016-01-09,44007,Providence,7.2938,2.6053,93.6391,3.2336
2016-01-10,44007,Providence,15.1725,0.0442,21.9674,6.4672
2016-01-11,44007,Providence,2.3433,-8.757,59.4028,5.3638
2016-01-12,44007,Providence,3.0164,-7.8023,38.685,3.4294
2016-01-13,44007,Providence,-2.3376,-7.5953,57.4381,6.712
2016-01-14,44007,Providence,-0.8888,-7.0947,95.136,3.9433
2016-01-15,44007,Providence,3.9182,-2.6624,82.2893,1.9241
2016-01-16,44007,Providence,4.5476,-1.5199,52.4307,3.8306
2016-01-17,44007,Providence,1.0401,-3.5366,43.8332,2.8181
2016-01-18,44007,Providence,-3.1382,-8.306,42.0824,6.4669
2016-01-19,44007,Providence,-3.9755,-8.0578,56.2506,7.9632
2016-01-20,44007,Providence,0.9587,-7.5973,42.0409,5.1681
2016-01-21,44007,Providence,0.3689,-8.4031,37.7899,4.9386
2016-01-22,44007,Providence,-0.9585,-8.1017,71.9168,3.9834
2016-01-23,44007,Providence,-0.8354,-7.6209,60.7911,8.3966
2016-01-24,44007,Providence,1.8964,-7.9297,62.8378,4.1509
2016-01-25,44007,Providence,3.8113,-6.3077,80.6315,1.8896
2016-01-26,44007,Providence,10.0903,-1.3571,45.1131,4.8963
2016-01-27,44007,Providence,7.5983,-6.572,53.4794,2.8148
2016-01-28,44007,Providence,5.7441,-5.8731,64.7431,2.1315
2016-01-29,44007,Providence,5.4235,-2.2767,52.9822,2.4142
2016-01-30,44007,Providence,5.6144,-1.7352,67.2892,3.8621
2016-01-31,44007,Providence,13.9876,2.8674,48.7548,3.4017
2016-02-01,44007,Providence,17.3522,-1.5772,29.393,3.7491
2016-02-02,44007,Providence,9.4935,-1.3357,85.2624,2.5032
2016-02-03,44007,Providence,13.3975,2.5721,68.2167,5.7582
2016-02-04,44007,Providence,12.977,0.806,35.1855,2.7903
2016-02-05,44007,Providence,0.5877,-9.3509,62.0837,5.4808
2016-02-06,44007,Providence,2.6624,-8.0341,68.2783,2.6446
2016-02-07,44007,Providence,6.8542,-4.0917,49.2451,2.5895
2016-02-08,44007,Providence,-1.5377,-7.3104,71.162,6.5343
2016-02-09,44007,Providence,-0.9861,-8.107,83.7969,1.8092
2016-02-10,44007,Providence,2.1221,-5.5791,38.8046,2.2908
2016-02-11,44007,Providence,-3.0065,-15.41,57.1979,5.8275
2016-02-12,44007,Providence,-4.5247,-14.3967,47.6292,2.9757
2016-02-13,44007,Providence,-5.4021,-23.3563,36.9401,5.9177
2016-02-14,44007,Providence,-11.8346,-22.862,100.0,4.7044
2016-02-15,44007,Providence,9.0452,-18.5899,90.6578,2.6851
2016-02-16,44007,Providence,12.7775,-0.4117,38.4858,6.7545
2016-02-17,44007,Providence,6.5324,-3.4306,37.4424,2.8272
2016-02-18,44007,Providence,1.4496,-8.4731,52.8151,3.9631
2016-02-19,44007,Providence,6.6594,-7.0287,86.7677,3.0001
2016-02-20,44007,Providence,14.4244,3.5683,40.6261,5.0632
2016-02-21,44007,Providence,11.4999,0.0977,37.3351,3.6682
2016-02-22,44007,Providence,9.0145,-3.2899,46.1647,2.0887
2016-02-23,44007,Providence,3.9679,-2.547,100.0,5.0134
2016-02-24,44007,Providence,16.7543,3.6667,58.4341,4.8703
2016-02-25,44007,Providence,14.462,-0.6213,20.9989,7.7422
2016-02-26,44007,Providence,2.5467,-7.6303,39.8156,6.1341
2016-02-27,44007,Providence,3.591,-6.0111,76.8446,4.0057
2016-02-28,44007,Providence,14.0027,2.5366,54.2619,5.0914
2016-02-29,44007,Providence,16.2565,0.0504,28.2068,4.8406
2016-03-01,44007,Providence,11.7427,0.0363,51.2928,3.8531
2016-03-02,44007,Providence,11.0587,-6.7254,16.4878,6.525
2016-03-03,44007,Providence,1.756,-5.6697,55.2373,3.1867
2016-03-04,44007,Providence,0.3534,-4.7825,40.4778,4.8517
2016-03-05,44007,Providence,2.9527,-4.3894,44.309,2.898
2016-03-06,44007,Providence,6.6557,-3.798,64.6116,1.0104
2016-03-07,44007,Providence,10.4298,-1.0202,64.5655,4.3076
2016-03-08,44007,Providence,15.1128,2.9858,66.1035,1.6203
2016-03-09,44007,Providence,23.5415,8.5419,52.4313,4.4247
2016-03-10,44007,Providence,20.7846,10.7063,40.9739,2.858
2016-03-11,44007,Providence,16.549,-0.4204,43.9474,3.2035
2016-03-12,44007,Providence,14.6135,2.8093,41.6365,3.529
2016-03-13,44007,Providence,18.13,4.8948,39.0936,3.313
2016-03-14,44007,Providence,7.4155,3.7449,83.4765,5.4164
2016-03-15,44007,Providence,9.3015,5.227,72.7742,3.8362
2016-03-16,44007,Providence,12.9211,5.1759,58.2378,2.2408
2016-03-17,44007,Providence,17.8729,2.2643,33.071,3.2506
2016-03-18,44007,Providence,11.4951,-2.6784,29.2016,4.8816
2016-03-19,44007,Providence,7.9741,-4.4565,41.2946,3.0829
2016-03-20,44007,Providence,4.9477,-2.8991,55.2411,3.8307
2016-03-21,44007,Providence,7.8837,-1.6628,46.0687,3.6803
2016-03-22,44007,Providence,10.0394,0.5182,68.3972,4.7972
2016-03-23,44007,Providence,18.3852,3.7587,44.6259,3.3638
2016-03-24,44007,Providence,8.4112,2.7092,100.0,4.2391
2016-03-25,44007,Providence,16.7415,2.6756,40.6437,3.5539
2016-03-26,44007,Providence,8.7375,-1.2025,62.5481,3.5066
2016-03-27,44007,Providence,10.702,1.6161,74.9115,1.6872
2016-03-28,44007,Providence,9.0606,2.8384,44.4461,3.7025
2016-03-29,44007,Providence,10.5113,-1.8333,46.9685,6.4969
2016-03-30,44007,Providence,13.6865,1.1752,85.17,4.0569
2016-03-31,44007,Providence,20.9492,11.0994,69.4317,6.7859
2016-04-01,44007,Providence,18.6364,8.0263,51.5235,5.651
2016-04-02,44007,Providence,9.3788,0.0706,36.8778,2.1442
2016-04-03,44007,Providence,3.3057,-4.736,62.3456,5.7077
2016-04-04,44007,Providence,-0.7631,-5.6105,55.3688,4.1037
2016-04-05,44007,Providence,3.2425,-7.2351,64.7993,4.6655
2016-04-06,44007,Providence,11.7856,-3.655,82.0747,3.7164
2016-04-07,44007,Providence,13.1548,6.1683,43.5555,5.601
2016-04-08,44007,Providence,11.5399,-1.7344,39.6396,5.2128
2016-04-09,44007,Providence,8.9377,-1.5049,38.7015,2.9207
2016-04-10,44007,Providence,10.1524,0.3553,78.5856,4.0035
2016-04-11,44007,Providence,15.3829,6.0287,64.2894,5.4539
2016-04-12,44007,Providence,14.929,-0.2216,41.255,5.0297
2016-04-13,44007,Providence,13.2508,0.2524,41.9289,2.6782
2016-04-14,44007,Providence,12.6343,0.391,39.4638,3.1231
2016-04-15,44007,Providence,15.0326,2.0837,40.1075,3.7505
2016-04-16,44007,Providence,13.7857,1.5481,49.4306,4.5761
2016-04-17,44007,Providence,20.2583,3.2799,42.9189,2.4273
2016-04-18,44007,Providence,23.6451,6.0155,32.2482,2.2566
2016-04-19,44007,Providence,16.8997,4.7973,33.1934,3.7246
2016-04-20,44007,Providence,16.303,1.9798,54.2871,3.2247
2016-04-21,44007,Providence,24.0175,7.7948,56.401,3.6099
2016-04-22,44007,Providence,24.9944,11.9446,43.3673,2.4423
2016-04-23,44007,Providence,18.9443,3.6657,29.0927,3.4087
2016-04-24,44007,Providence,16.7489,4.866,48.1716,2.4417
2016-04-25,44007,Providence,18.2816,5.7813,48.0632,1.6557
2016-04-26,44007,Providence,7.7693,0.3805,67.2716,3.043
2016-04-27,44007,Providence,16.2225,1.5506,41.3734,2.2796
2016-04-28,44007,Providence,16.2062,4.9883,46.3405,1.8449
2016-04-29,44007,Providence,14.8656,3.6036,51.7227,2.3961
2016-04-30,44007,Providence,18.1097,4.5366,48.0127,1.7868
2016-05-01,44007,Providence,11.5732,4.7812,89.6262,2.5342
2016-05-02,44007,Providence,13.0074,7.2877,74.9233,2.523
2016-05-03,44007,Providence,11.0172,7.0211,69.9671,2.2489
2016-05-04,44007,Providence,10.7973,6.1473,75.6226,4.225
2016-05-05,44007,Providence,9.2366,6.5784,79.9623,4.9973
2016-05-06,44007,Providence,14.664,7.6869,80.0163,3.7469
2016-05-07,44007,Providence,13.462,8.1376,62.8151,2.5752
2016-05-08,44007,Providence,17.5363,5.1569,44.1438,4.1002
2016-05-09,44007,Providence,20.5418,2.583,39.8056,3.902
2016-05-10,44007,Providence,20.6965,5.5753,46.0534,2.8173
2016-05-11,44007,Providence,24.3053,7.9986,41.9479,1.6658
2016-05-12,44007,Providence,25.059,9.2338,59.5908,2.0194
2016-05-13,44007,Providence,22.1815,11.8381,58.8973,2.941
2016-05-14,44007,Providence,24.8559,8.7666,31.3622,3.5158
2016-05-15,44007,Providence,15.3853,4.3919,40.254,6.0204
2016-05-16,44007,Providence,15.9861,5.2248,56.5622,6.0494
2016-05-17,44007,Providence,21.2254,7.292,46.1771,3.4732
2016-05-18,44007,Providence,20.3328,9.6378,49.0443,2.011
2016-05-19,44007,Providence,19.5796,7.6253,55.8946,1.2744
2016-05-20,44007,Providence,23.3373,8.3268,49.5392,2.1405
2016-05-21,44007,Providence,21.8085,11.4882,53.6675,3.1425
2016-05-22,44007,Providence,19.9062,7.9264,65.7295,3.5191
2016-05-23,44007,Providence,24.5377,10.8032,55.4559,1.9038
2016-05-24,44007,Providence,16.4463,11.2525,82.7429,1.8297
2016-05-25,44007,Providence,30.8465,12.4706,48.9748,3.0063
2016-05-26,44007,Providence,29.998,15.0163,56.6618,2.3292
2016-05-27,44007,Providence,28.7798,15.9701,67.9654,2.7483
2016-05-28,44007,Providence,31.7028,17.6807,55.1259,2.9406
2016-05-29,44007,Providence,24.4325,13.3504,77.8629,1.9165
2016-05-30,44007,Providence,23.3412,14.0552,76.6162,3.6231
2016-05-31,44007,Providence,28.5768,13.891,51.1423,3.0851
2016-06-01,44007,Providence,25.4854,11.7462,64.1774,2.7603
2016-06-02,44007,Providence,23.426,13.2856,67.9342,2.6683
2016-06-03,44007,Providence,21.7632,14.5809,80.2038,1.843
2016-06-04,44007,Providence,27.6149,16.7112,55.5749,2.1548
2016-06-05,44007,Providence,19.9536,16.7215,81.3959,3.5678
2016-06-06,44007,Providence,27.7219,16.5116,60.2764,3.5771
2016-06-07,44007,Providence,28.5091,14.3982,39.2541,3.2514
2016-06-08,44007,Providence,22.1879,9.4285,46.1835,4.4718
2016-06-09,44007,Providence,19.853,11.3038,52.7267,5.4535
2016-06-10,44007,Providence,22.2999,10.227,65.1588,3.0614
2016-06-11,44007,Providence,22.9147,12.5451,59.8864,3.1644
2016-06-12,44007,Providence,25.2851,11.2907,51.2193,5.1061
2016-06-13,44007,Providence,21.5846,11.2217,58.3818,4.2825
2016-06-14,44007,Providence,25.423,12.1879,57.5285,3.6487
2016-06-15,44007,Providence,28.5959,14.8471,51.5338,2.9492
2016-06-16,44007,Providence,27.8801,13.8919,47.6001,1.5304
2016-06-17,44007,Providence,26.0473,11.1417,54.4407,2.519
2016-06-18,44007,Providence,27.2317,11.991,54.0218,1.9632
2016-06-19,44007,Providence,24.4458,13.5302,68.46,3.4147
2016-06-20,44007,Providence,26.3265,15.7619,58.6415,4.0502
2016-06-21,44007,Providence,28.9952,12.1345,45.1096,3.8274
2016-06-22,44007,Providence,26.2904,10.2488,58.4017,2.693
2016-06-23,44007,Providence,27.0105,13.2032,52.7089,1.5483
2016-06-24,44007,Providence,27.4774,12.2073,50.4473,2.4504
2016-06-25,44007,Providence,27.8878,12.554,57.4778,1.8311
2016-06-26,44007,Providence,27.199,14.0676,57.3071,2.5043
2016-06-27,44007,Providence,27.2791,18.3524,64.5894,3.5783
2016-06-28,44007,Providence,24.5875,19.0762,74.1145,2.88
2016-06-29,44007,Providence,26.976,16.0924,63.2354,2.2595
2016-06-30,44007,Providence,28.5563,16.5149,65.3696,2.4975
2016-07-01,44007,Providence,26.3971,16.653,55.9756,3.5957
2016-07-02,44007,Providence,24.2815,12.9415,58.8069,3.7581
2016-07-03,44007,Providence,27.2509,14.4597,58.6782,3.3921
2016-07-04,44007,Providence,29.4298,17.6839,66.4746,3.4198
2016-07-05,44007,Providence,28.2799,18.1144,70.6629,2.3047
2016-07-06,44007,Providence,32.3797,19.7678,66.5554,2.3962
2016-07-07,44007,Providence,28.4603,17.1645,72.7602,1.895
2016-07-08,44007,Providence,21.5793,15.2384,80.0729,2.6097
2016-07-09,44007,Providence,19.148,14.9916,89.411,2.4808
2016-07-10,44007,Providence,21.966,13.677,74.344,1.0726
2016-07-11,44007,Providence,23.9647,13.988,66.0738,1.6646
2016-07-12,44007,Providence,28.7165,17.9965,59.5874,2.9869
2016-07-13,44007,Providence,29.6142,19.394,72.5909,3.7831
2016-07-14,44007,Providence,27.309,20.2097,77.767,4.1613
2016-07-15,44007,Providence,32.1703,19.2324,52.0871,3.0938
2016-07-16,44007,Providence,31.7622,20.9446,61.6619,2.6271
2016-07-17,44007,Providence,29.7316,19.5634,69.2632,2.1582
2016-07-18,44007,Providence,32.5259,21.0207,41.9122,4.2871
2016-07-19,44007,Providence,28.2755,13.4519,43.569,3.4327
2016-07-20,44007,Providence,27.3951,14.2637,57.351,2.5403
2016-07-21,44007,Providence,30.895,18.221,66.1481,3.3699
2016-07-22,44007,Providence,32.9113,19.6052,54.2069,5.2712
2016-07-23,44007,Providence,33.918,17.9494,44.6455,3.3931
2016-07-24,44007,Providence,31.3701,18.7272,63.4179,2.4588
2016-07-25,44007,Providence,33.0174,20.6502,54.5694,3.1815
2016-07-26,44007,Providence,33.0717,18.6928,51.7946,3.0473
2016-07-27,44007,Providence,31.8009,19.1842,57.8349,1.9602
2016-07-28,44007,Providence,30.7014,21.148,63.3565,1.8918
2016-07-29,44007,Providence,28.6656,18.8358,60.9557,1.5839
2016-07-30,44007,Providence,29.8018,20.7907,61.1756,0.9594
2016-07-31,44007,Providence,25.1417,17.0193,73.9951,2.7975
2016-08-01,44007,Providence,25.3631,17.2278,66.8293,2.7136
2016-08-02,44007,Providence,22.272,13.3249,70.0138,2.5017
2016-08-03,44007,Providence,26.6893,12.5406,57.4528,2.4435
2016-08-04,44007,Providence,27.43,14.1559,64.8609,2.4019
2016-08-05,44007,Providence,28.2656,17.8004,79.701,3.3402
2016-08-06,44007,Providence,29.5615,16.6045,55.4761,3.8937
2016-08-07,44007,Providence,29.2795,15.0301,51.9255,2.7602
2016-08-08,44007,Providence,28.2548,14.3091,56.6202,1.9546
2016-08-09,44007,Providence,29.9815,17.5109,74.5542,2.3625
2016-08-10,44007,Providence,25.7222,20.8062,95.7949,2.9379
2016-08-11,44007,Providence,32.0645,22.9634,76.4963,3.7669
2016-08-12,44007,Providence,32.786,22.2108,75.8264,4.1232
2016-08-13,44007,Providence,29.5868,19.7461,86.1213,2.2401
2016-08-14,44007,Providence,33.1533,21.1949,69.4573,3.3025
2016-08-15,44007,Providence,30.1362,19.0368,72.1465,3.5391
2016-08-16,44007,Providence,28.1149,21.8221,66.6272,4.4952
2016-08-17,44007,Providence,27.8828,17.2659,64.8079,4.2781
2016-08-18,44007,Providence,29.4858,18.963,61.3762,2.4151
2016-08-19,44007,Providence,29.3697,18.717,65.0045,1.263
2016-08-20,44007,Providence,27.2645,17.9669,76.7879,2.8711
2016-08-21,44007,Providence,27.8355,18.0815,55.3396,3.5331
2016-08-22,44007,Providence,25.3807,11.628,56.5795,3.9111
2016-08-23,44007,Providence,25.3797,13.9249,70.9232,2.8295
2016-08-24,44007,Providence,28.9576,17.1925,65.8851,3.1188
2016-08-25,44007,Providence,27.8358,20.1934,76.6889,4.2438
2016-08-26,44007,Providence,30.7384,17.8471,50.7876,2.8839
2016-08-27,44007,Providence,29.861,17.0615,56.4229,1.8553
2016-08-28,44007,Providence,28.6815,18.1923,54.1959,2.1969
2016-08-29,44007,Providence,30.0992,13.3384,47.7731,3.6443
2016-08-30,44007,Providence,26.1672,16.0822,69.6982,2.3112
2016-08-31,44007,Providence,25.8536,19.484,70.6177,3.1969
2016-09-01,44007,Providence,22.7122,13.9477,63.2191,1.763
2016-09-02,44007,Providence,25.1876,13.281,54.5245,2.6387
2016-09-03,44007,Providence,22.2784,12.6792,60.6649,2.1302
2016-09-04,44007,Providence,22.7822,13.6404,66.2442,4.33
2016-09-05,44007,Providence,22.8084,15.499,87.91,5.8796
2016-09-06,44007,Providence,22.6719,17.758,89.0116,4.9367
2016-09-07,44007,Providence,25.6895,19.3742,76.9003,2.5533
2016-09-08,44007,Providence,27.2918,19.8382,71.1584,1.9392
2016-09-09,44007,Providence,31.278,20.5873,57.9955,2.9657
2016-09-10,44007,Providence,28.2903,21.1383,54.0265,2.2149
2016-09-11,44007,Providence,25.6429,9.2636,64.0007,4.3777
2016-09-12,44007,Providence,23.7061,11.1976,72.7861,3.7675
2016-09-13,44007,Providence,25.3681,14.2325,66.8016,3.5091
2016-09-14,44007,Providence,29.2825,10.0488,36.7005,3.73
2016-09-15,44007,Providence,20.9196,8.2598,55.2189,2.5858
2016-09-16,44007,Providence,21.7605,8.3478,72.7159,1.552
2016-09-17,44007,Providence,23.4622,11.9336,94.3748,3.1609
2016-09-18,44007,Providence,25.7747,20.3924,78.4436,4.4114
2016-09-19,44007,Providence,22.1737,18.4656,85.3057,2.8745
2016-09-20,44007,Providence,25.713,16.9733,53.3996,1.8047
2016-09-21,44007,Providence,26.7535,12.6305,50.8033,1.868
2016-09-22,44007,Providence,27.8554,11.7858,54.9718,1.8834
2016-09-23,44007,Providence,26.391,11.7419,41.6739,2.3252
2016-09-24,44007,Providence,18.5227,5.7376,42.5816,2.9321
2016-09-25,44007,Providence,18.0756,3.4852,58.5441,3.1707
2016-09-26,44007,Providence,19.1751,7.477,98.5286,2.2263
2016-09-27,44007,Providence,20.943,13.011,75.3821,2.5346
2016-09-28,44007,Providence,15.0287,11.887,74.5138,4.7244
2016-09-29,44007,Providence,15.0009,11.5835,77.7745,5.9827
2016-09-30,44007,Providence,15.8533,12.2967,78.6529,6.06
2016-10-01,44007,Providence,14.9195,11.3887,84.6157,4.3321
2016-10-02,44007,Providence,14.4682,11.8029,85.536,1.8058
2016-10-03,44007,Providence,21.912,12.8361,54.3482,1.7883
2016-10-04,44007,Providence,18.5314,6.8013,60.3063,3.8738
2016-10-05,44007,Providence,18.1271,5.1747,61.4878,2.5021
2016-10-06,44007,Providence,21.2898,6.6699,55.3696,1.3808
2016-10-07,44007,Providence,22.8326,6.7911,65.879,1.3385
2016-10-08,44007,Providence,19.655,8.5564,74.5919,1.8212
2016-10-09,44007,Providence,14.2681,5.5605,48.3062,4.0638
2016-10-10,44007,Providence,14.8362,2.1405,56.571,4.9441
2016-10-11,44007,Providence,17.3571,3.7341,68.8241,1.6765
2016-10-12,44007,Providence,17.7524,6.3785,75.5881,1.9388
2016-10-13,44007,Providence,20.3605,4.5415,38.838,3.2133
2016-10-14,44007,Providence,15.0737,1.1025,55.0164,2.82
2016-10-15,44007,Providence,15.3424,3.5359,83.5789,1.8574
2016-10-16,44007,Providence,19.8042,7.7669,83.4477,4.4192
2016-10-17,44007,Providence,23.7672,14.1199,69.477,2.4019
2016-10-18,44007,Providence,24.9908,15.4907,56.0175,3.3498
2016-10-19,44007,Providence,25.7863,9.7116,50.4038,3.1604
2016-10-20,44007,Providence,19.2568,10.9353,85.3043,3.932
2016-10-21,44007,Providence,21.9902,15.6872,47.1648,2.6838
2016-10-22,44007,Providence,16.5496,5.9074,44.0065,5.0303
2016-10-23,44007,Providence,13.9874,6.9721,50.794,6.6203
2016-10-24,44007,Providence,14.3078,1.9763,38.6111,4.9617
2016-10-25,44007,Providence,9.2412,0.026,48.2707,5.0978
2016-10-26,44007,Providence,8.199,-1.6273,81.7113,3.7524
2016-10-27,44007,Providence,9.2243,0.3422,89.8706,3.4556
2016-10-28,44007,Providence,8.4249,3.2556,86.027,5.7201
2016-10-29,44007,Providence,14.196,4.4774,88.0484,3.9802
2016-10-30,44007,Providence,18.3205,3.7256,39.8195,2.6281
2016-10-31,44007,Providence,10.4057,-1.7282,64.2566,3.4348
2016-11-01,44007,Providence,12.1855,-0.263,98.7849,1.874
2016-11-02,44007,Providence,20.2622,9.3239,64.1519,3.0304
2016-11-03,44007,Providence,19.5705,7.0268,37.902,3.4785
2016-11-04,44007,Providence,13.3099,-0.7736,55.9008,3.1694
2016-11-05,44007,Providence,12.3494,1.4029,58.2146,2.9956
2016-11-06,44007,Providence,9.2789,0.1784,54.5619,4.5928
2016-11-07,44007,Providence,8.8383,-1.5399,66.1544,3.2708
2016-11-08,44007,Providence,17.4053,2.0787,53.1847,2.0589
2016-11-09,44007,Providence,15.1439,0.656,46.6969,2.5108
2016-11-10,44007,Providence,11.7902,2.6416,49.6821,3.6971
2016-11-11,44007,Providence,15.2715,-0.673,32.2507,6.0296
2016-11-12,44007,Providence,8.0645,0.7985,58.324,4.1966
2016-11-13,44007,Providence,15.0115,2.1981,43.9059,4.1315
2016-11-14,44007,Providence,17.7929,3.7718,55.6369,2.9092
2016-11-15,44007,Providence,12.791,7.6852,63.5348,3.0276
2016-11-16,44007,Providence,11.7262,4.6786,63.4976,3.5884
2016-11-17,44007,Providence,12.1331,1.9179,63.8479,3.6579
2016-11-18,44007,Providence,16.1689,2.7928,58.6541,2.9833
2016-11-19,44007,Providence,14.6703,3.5149,42.5426,2.3394
2016-11-20,44007,Providence,5.5674,-1.1304,39.4836,6.3343
2016-11-21,44007,Providence,1.8139,-1.5155,52.9778,6.8344
2016-11-22,44007,Providence,4.1765,-1.8466,51.8705,5.8638
2016-11-23,44007,Providence,5.7806,-2.6163,81.7835,3.6376
2016-11-24,44007,Providence,5.8963,-0.1163,99.4008,1.9591
2016-11-25,44007,Providence,7.9547,3.0395,71.7683,1.9105
2016-11-26,44007,Providence,9.1743,0.4929,51.1631,1.7232
2016-11-27,44007,Providence,7.6308,-2.7974,53.4306,3.9366
2016-11-28,44007,Providence,7.9574,-2.381,99.6302,2.592
2016-11-29,44007,Providence,14.4936,2.6287,80.6777,4.7331
2016-11-30,44007,Providence,12.8905,7.8937,61.8477,3.4875
2016-12-01,44007,Providence,13.1728,2.1817,44.7593,5.3466
2016-12-02,44007,Providence,9.0798,2.5106,44.5649,4.9822
2016-12-03,44007,Providence,6.9626,-0.3362,41.5534,5.3934
2016-12-04,44007,Providence,4.7215,-3.116,71.6785,2.8813
2016-12-05,44007,Providence,3.6769,-2.7238,69.1517,2.3007
2016-12-06,44007,Providence,6.6601,-1.6516,74.1367,2.9048
2016-12-07,44007,Providence,5.5205,-0.6891,60.0285,2.0681
2016-12-08,44007,Providence,4.9401,-1.5956,35.2707,3.9794
2016-12-09,44007,Providence,1.6928,-7.7732,35.3336,5.6936
2016-12-10,44007,Providence,-1.8511,-10.7486,60.2631,4.3444
2016-12-11,44007,Providence,1.397,-10.0762,100.0,1.6732
2016-12-12,44007,Providence,6.1495,-1.9276,53.2924,4.1718
2016-12-13,44007,Providence,5.1127,-2.029,53.3679,2.7497
2016-12-14,44007,Providence,4.7415,-4.2304,23.1636,3.83
2016-12-15,44007,Providence,-3.4242,-14.273,42.8165,7.7882
2016-12-16,44007,Providence,-5.404,-13.9667,100.0,4.7727
2016-12-17,44007,Providence,10.3057,-5.5249,74.3279,2.4816
2016-12-18,44007,Providence,12.8958,-4.7229,16.3156,6.2815
2016-12-19,44007,Providence,-3.254,-9.4769,80.3689,3.7096
2016-12-20,44007,Providence,1.112,-9.4037,72.4217,1.9265
2016-12-21,44007,Providence,3.802,-4.7881,72.3371,3.1479
2016-12-22,44007,Providence,4.8277,-2.714,60.5072,2.4774
2016-12-23,44007,Providence,6.9478,-1.9711,72.8676,3.2154
2016-12-24,44007,Providence,5.9298,-1.5154,47.5578,4.5496
2016-12-25,44007,Providence,6.953,-6.8562,64.6039,4.065
2016-12-26,44007,Providence,12.4221,-5.8429,77.5678,4.0146
2016-12-27,44007,Providence,13.0124,-0.0469,33.2521,5.9656
2016-12-28,44007,Providence,3.835,-4.4296,82.8218,2.5955
2016-12-29,44007,Providence,2.7635,-3.165,59.2484,4.0904
2016-12-30,44007,Providence,4.81,-4.4661,76.291,6.4301
2016-12-31,44007,Providence,6.1115,-4.63,72.1933,5.2694
2017-01-01,44007,Providence,6.9861,-3.4887,56.2925,3.4932
2017-01-02,44007,Providence,4.2147,-2.5289,59.1246,2.5481
2017-01-03,44007,Providence,6.5961,3.5653,70.242,4.6982
2017-01-04,44007,Providence,8.3257,-3.0202,72.4343,4.5156
2017-01-05,44007,Providence,0.1624,-3.6541,42.2566,4.6382
2017-01-06,44007,Providence,0.5507,-7.0118,61.1636,2.3217
2017-01-07,44007,Providence,-5.0152,-12.5712,79.6509,4.8439
2017-01-08,44007,Providence,-5.3214,-16.8919,60.5415,3.7997
2017-01-09,44007,Providence,-6.5218,-16.0864,62.4825,2.784
2017-01-10,44007,Providence,8.3844,-12.3342,56.1503,3.3097
2017-01-11,44007,Providence,12.1122,4.0649,46.5694,5.0661
2017-01-12,44007,Providence,15.0011,6.3906,61.3723,5.5514
2017-01-13,44007,Providence,6.6631,-7.5071,60.248,5.2046
2017-01-14,44007,Providence,-0.9371,-6.6722,38.7349,2.4031
2017-01-15,44007,Providence,2.9812,-8.015,48.1923,2.4819
2017-01-16,44007,Providence,4.7206,-7.3643,46.9893,2.973
2017-01-17,44007,Providence,5.2448,-1.2265,54.5889,2.4953
2017-01-18,44007,Providence,3.6875,0.735,74.5142,3.4965
2017-01-19,44007,Providence,7.1994,-1.1754,61.8338,1.9134
2017-01-20,44007,Providence,5.203,0.2243,59.2721,1.32
2017-01-21,44007,Providence,12.8014,2.0599,55.378,2.6743
2017-01-22,44007,Providence,9.8154,2.0404,60.0423,4.0194
2017-01-23,44007,Providence,3.5443,1.9513,62.3568,8.4604
2017-01-24,44007,Providence,4.8463,1.8102,78.474,6.1713
2017-01-25,44007,Providence,6.2228,1.4683,52.6689,4.9852
2017-01-26,44007,Providence,9.3716,3.1135,58.0531,4.7346
2017-01-27,44007,Providence,5.5479,0.1413,46.9049,6.8827
2017-01-28,44007,Providence,4.3161,-1.1932,46.5532,5.6103
2017-01-29,44007,Providence,5.4989,-5.0543,47.1061,3.9944
2017-01-30,44007,Providence,1.2587,-7.5612,41.1582,2.8872
2017-01-31,44007,Providence,-2.0264,-7.3432,59.9618,2.0115
2017-02-01,44007,Providence,5.7375,-4.6873,58.4665,3.6819
2017-02-02,44007,Providence,3.6555,-6.9776,56.2729,3.6254
2017-02-03,44007,Providence,0.1014,-8.0319,45.9847,3.5376
2017-02-04,44007,Providence,0.177,-7.0562,35.7449,4.8292
2017-02-05,44007,Providence,5.8326,-2.7589,42.2784,5.0299
2017-02-06,44007,Providence,3.3831,-1.8538,43.095,3.9224
2017-02-07,44007,Providence,3.2432,-0.9889,78.9375,3.26
2017-02-08,44007,Providence,11.6793,-0.1655,64.2757,4.0743
2017-02-09,44007,Providence,1.5502,-13.4049,73.5269,6.6884
2017-02-10,44007,Providence,-2.6194,-11.8786,49.859,4.3939
2017-02-11,44007,Providence,-2.2706,-7.2235,88.581,1.9753
2017-02-12,44007,Providence,0.493,-6.1541,85.254,3.568
2017-02-13,44007,Providence,1.2864,-7.0719,64.011,7.2376
2017-02-14,44007,Providence,2.5735,-6.9938,53.6504,2.919
2017-02-15,44007,Providence,5.5625,-3.1644,63.8971,2.7388
2017-02-16,44007,Providence,1.9751,-5.9587,63.263,5.0635
2017-02-17,44007,Providence,3.993,-6.1023,50.1144,4.5077
2017-02-18,44007,Providence,10.7792,-3.0582,44.7473,4.2693
2017-02-19,44007,Providence,15.7263,0.6729,38.0866,3.2108
2017-02-20,44007,Providence,7.2401,-4.8227,51.8447,3.4854
2017-02-21,44007,Providence,7.5209,-2.8835,48.2207,2.0918
2017-02-22,44007,Providence,14.0539,2.1735,44.4647,2.1111
2017-02-23,44007,Providence,18.2277,4.4743,48.6392,3.5543
2017-02-24,44007,Providence,21.5261,7.1244,54.7936,3.7001
2017-02-25,44007,Providence,18.7223,1.8631,73.6398,3.6312
2017-02-26,44007,Providence,5.4036,-3.0301,48.9841,5.617
2017-02-27,44007,Providence,11.2708,-0.7075,41.0261,4.8624
2017-02-28,44007,Providence,12.4981,4.0126,55.3219,2.7433
2017-03-01,44007,Providence,15.2128,8.4636,76.1634,5.6845
2017-03-02,44007,Providence,10.5373,-3.7836,49.2864,7.7542
2017-03-03,44007,Providence,2.5142,-10.2197,31.5244,4.7231
2017-03-04,44007,Providence,-4.1142,-12.6521,25.1267,7.0093
2017-03-05,44007,Providence,0.5853,-11.3485,27.0598,5.3021
2017-03-06,44007,Providence,5.272,-8.1943,28.6931,1.9551
2017-03-07,44007,Providence,11.0193,2.3863,60.8906,4.2224
2017-03-08,44007,Providence,14.1426,3.4726,55.7769,5.8783
2017-03-09,44007,Providence,11.8215,-0.9926,36.3528,5.8572
2017-03-10,44007,Providence,0.5976,-10.7465,73.487,3.9281
2017-03-11,44007,Providence,-5.6254,-12.2176,42.6393,7.0395
2017-03-12,44007,Providence,-2.7614,-12.403,41.0431,5.5797
2017-03-13,44007,Providence,1.7288,-9.0898,44.6761,2.5815
2017-03-14,44007,Providence,3.921,-8.9229,77.2304,7.0323
2017-03-15,44007,Providence,-0.8377,-7.6557,52.2334,6.2082
2017-03-16,44007,Providence,2.0733,-6.286,44.7675,5.8801
2017-03-17,44007,Providence,6.0207,-6.2312,42.3226,3.5603
2017-03-18,44007,Providence,5.7867,-4.5267,50.5997,3.4546
2017-03-19,44007,Providence,3.6075,-0.9792,60.2104,5.5849
2017-03-20,44007,Providence,11.0728,-0.3293,36.5131,3.8447
2017-03-21,44007,Providence,12.6476,-0.1343,40.7141,2.6393
2017-03-22,44007,Providence,3.8373,-9.0192,44.0455,6.4383
2017-03-23,44007,Providence,3.7942,-7.1421,32.9047,4.0872
2017-03-24,44007,Providence,7.7296,-0.689,53.5038,4.971
2017-03-25,44007,Providence,7.4219,-2.8262,74.1149,2.5922
2017-03-26,44007,Providence,5.7982,-0.4848,56.9267,3.3585
2017-03-27,44007,Providence,7.2231,2.2896,84.5068,2.8738
2017-03-28,44007,Providence,6.182,2.6647,87.8716,2.3639
2017-03-29,44007,Providence,9.7232,-1.3581,59.6186,4.5335
2017-03-30,44007,Providence,10.6838,0.8337,40.983,2.4882
2017-03-31,44007,Providence,3.8183,0.6448,67.01,5.0068
2017-04-01,44007,Providence,3.4559,0.065,76.7005,6.4684
2017-04-02,44007,Providence,14.6627,0.7021,42.879,3.3247
2017-04-03,44007,Providence,16.1173,3.4312,41.2789,1.7176
2017-04-04,44007,Providence,5.655,2.4575,86.629,3.8696
2017-04-05,44007,Providence,9.8072,2.4667,70.9909,1.5472
2017-04-06,44007,Providence,11.7621,3.1395,67.1312,4.6858
2017-04-07,44007,Providence,12.1799,1.6438,61.3577,5.3574
2017-04-08,44007,Providence,10.1067,1.0817,46.4132,5.0562
2017-04-09,44007,Providence,18.9666,5.5878,32.5266,2.7849
2017-04-10,44007,Providence,22.0038,8.786,41.4911,4.1512
2017-04-11,44007,Providence,26.6462,7.7021,44.6212,3.113
2017-04-12,44007,Providence,22.8065,3.3298,57.5263,2.2609
2017-04-13,44007,Providence,15.2181,2.1967,46.0836,3.3954
2017-04-14,44007,Providence,17.8711,2.4768,33.5535,1.9773
2017-04-15,44007,Providence,19.5167,7.9136,41.332,5.1119
2017-04-16,44007,Providence,29.4091,15.0524,39.5092,5.4341
2017-04-17,44007,Providence,23.45,6.3258,43.1926,3.7438
2017-04-18,44007,Providence,14.7693,1.4183,50.5613,2.9504
2017-04-19,44007,Providence,10.5655,4.8662,58.0321,4.3223
2017-04-20,44007,Providence,17.4,6.7618,61.2422,2.5763
2017-04-21,44007,Providence,9.2984,5.087,85.6799,3.7304
2017-04-22,44007,Providence,9.3737,3.3961,89.9652,1.944
2017-04-23,44007,Providence,18.2618,3.6682,47.5447,2.3808
2017-04-24,44007,Providence,19.1952,8.1999,46.7013,2.0698
2017-04-25,44007,Providence,12.5094,8.2343,73.4134,5.2779
2017-04-26,44007,Providence,16.1014,10.5466,76.4444,2.8806
2017-04-27,44007,Providence,19.4387,11.9166,72.0554,2.1421
2017-04-28,44007,Providence,27.6045,12.8915,54.3238,2.8549
2017-04-29,44007,Providence,29.6957,10.8965,46.0137,4.1896
2017-04-30,44007,Providence,16.5826,6.8928,51.0657,2.8436
2017-05-01,44007,Providence,18.1312,7.5822,80.7112,3.4256
2017-05-02,44007,Providence,22.2923,7.6888,67.1932,6.1528
2017-05-03,44007,Providence,17.8688,3.0878,50.335,4.619
2017-05-04,44007,Providence,17.5038,6.5692,41.8007,2.1677
2017-05-05,44007,Providence,16.5389,8.7656,72.5321,5.033
2017-05-06,44007,Providence,18.8448,10.4688,77.6764,4.6699
2017-05-07,44007,Providence,16.4199,5.1261,64.4399,4.7509
2017-05-08,44007,Providence,12.4478,2.3734,54.762,4.2214
2017-05-09,44007,Providence,12.3745,4.9494,51.7272,0.9747
2017-05-10,44007,Providence,14.4663,7.3865,50.3268,1.5526
2017-05-11,44007,Providence,15.3392,4.5723,61.402,1.898
2017-05-12,44007,Providence,15.0609,5.5855,71.2331,1.9585
2017-05-13,44007,Providence,13.6806,6.5914,68.7631,4.2584
2017-05-14,44007,Providence,11.0516,6.5093,74.3665,4.9604
2017-05-15,44007,Providence,16.0864,7.6974,63.8572,4.7604
2017-05-16,44007,Providence,25.9279,11.8514,44.516,3.3714
2017-05-17,44007,Providence,30.9355,16.4499,46.5972,4.1537
2017-05-18,44007,Providence,33.7773,17.192,51.2259,4.6495
2017-05-19,44007,Providence,31.8211,11.1471,53.3311,3.9364
2017-05-20,44007,Providence,21.199,6.1693,47.6284,2.8912
2017-05-21,44007,Providence,20.7094,8.4588,44.5588,1.7166
2017-05-22,44007,Providence,13.2218,9.8643,73.6852,2.9152
2017-05-23,44007,Providence,21.5764,11.5495,60.6182,1.996
2017-05-24,44007,Providence,19.9719,10.0049,61.5448,2.0072
2017-05-25,44007,Providence,12.7664,9.0508,84.1147,4.7766
2017-05-26,44007,Providence,14.1727,9.1409,84.3702,2.9646
2017-05-27,44007,Providence,20.2382,11.7246,61.6087,2.0169
2017-05-28,44007,Providence,19.9903,8.7659,65.8807,2.6541
2017-05-29,44007,Providence,12.3504,8.9873,80.4866,2.6717
2017-05-30,44007,Providence,16.3704,10.3607,73.4138,2.6474
2017-05-31,44007,Providence,20.9773,12.0649,71.1423,2.6046
2017-06-01,44007,Providence,25.0496,8.787,61.7761,3.2047
2017-06-02,44007,Providence,22.9239,6.7651,54.1748,3.3294
2017-06-03,44007,Providence,20.0838,8.4043,54.1931,3.2464
2017-06-04,44007,Providence,21.904,11.6291,57.3764,3.1234
2017-06-05,44007,Providence,14.754,9.4551,99.9771,3.631
2017-06-06,44007,Providence,11.435,8.0358,82.5195,5.1261
2017-06-07,44007,Providence,21.3775,7.9427,57.1787,1.8451
2017-06-08,44007,Providence,23.1304,11.3921,54.241,1.9047
2017-06-09,44007,Providence,25.6388,12.5694,55.5084,3.3546
2017-06-10,44007,Providence,28.5488,14.7592,53.5977,3.7974
2017-06-11,44007,Providence,31.4214,17.4484,59.6632,4.2812
2017-06-12,44007,Providence,34.1892,18.6468,58.2216,3.0353
2017-06-13,44007,Providence,34.151,18.6853,57.919,2.6907
2017-06-14,44007,Providence,27.7522,10.2545,57.6783,2.46
2017-06-15,44007,Providence,22.3652,13.6234,52.9945,2.3489
2017-06-16,44007,Providence,20.834,14.5812,77.8002,3.3968
2017-06-17,44007,Providence,22.995,15.8426,84.9268,2.2196
2017-06-18,44007,Providence,26.2135,18.6943,77.5563,4.231
2017-06-19,44007,Providence,26.9877,18.7921,76.8119,5.3349
2017-06-20,44007,Providence,28.4608,15.4242,65.756,4.5541
2017-06-21,44007,Providence,28.3137,13.7924,59.9923,3.7673
2017-06-22,44007,Providence,28.3098,16.9097,53.2225,2.3373
2017-06-23,44007,Providence,30.3172,20.0508,65.8529,4.2799
2017-06-24,44007,Providence,29.1364,15.3037,71.5869,3.5851
2017-06-25,44007,Providence,28.1451,13.4534,57.6722,3.1097
2017-06-26,44007,Providence,25.8675,12.9372,54.7754,2.8483
2017-06-27,44007,Providence,23.7449,10.5437,70.4612,3.1137
2017-06-28,44007,Providence,24.798,14.0596,52.0131,3.1792
2017-06-29,44007,Providence,25.5405,16.2592,63.6047,4.3497
2017-06-30,44007,Providence,28.2208,17.7041,70.4067,4.8442
2017-07-01,44007,Providence,28.0253,19.541,78.8641,4.5951
2017-07-02,44007,Providence,30.7577,18.222,67.5945,3.3058
2017-07-03,44007,Providence,29.7664,14.8288,64.695,3.5848
2017-07-04,44007,Providence,28.2527,14.2505,59.6946,1.659
2017-07-05,44007,Providence,28.0504,13.8314,58.5214,1.9404
2017-07-06,44007,Providence,25.7571,16.7667,64.543,2.7531
2017-07-07,44007,Providence,21.1627,16.6388,88.021,2.1336
2017-07-08,44007,Providence,28.7839,15.6361,73.8735,3.2459
2017-07-09,44007,Providence,27.3047,14.9362,59.9614,3.2491
2017-07-10,44007,Providence,28.6593,17.8479,60.7443,3.5194
2017-07-11,44007,Providence,28.6743,19.0321,77.2411,3.3833
2017-07-12,44007,Providence,29.2287,19.8376,76.4851,1.8185
2017-07-13,44007,Providence,24.2625,13.95,97.1859,2.6715
2017-07-14,44007,Providence,18.7383,14.6832,96.0064,2.1896
2017-07-15,44007,Providence,25.2999,16.5419,79.0346,1.8895
2017-07-16,44007,Providence,29.7206,17.6795,67.3594,1.9778
2017-07-17,44007,Providence,27.3761,18.8011,75.3216,2.3869
2017-07-18,44007,Providence,28.7873,20.9406,72.6306,2.6535
2017-07-19,44007,Providence,31.6504,19.222,76.0563,3.5764
2017-07-20,44007,Providence,32.4602,19.6858,68.2866,2.5219
2017-07-21,44007,Providence,31.3988,18.7289,68.3261,2.9377
2017-07-22,44007,Providence,29.3523,19.5521,66.1042,1.3098
2017-07-23,44007,Providence,25.1509,15.3472,77.2317,2.9512
2017-07-24,44007,Providence,16.1631,13.1541,96.6526,4.87
2017-07-25,44007,Providence,18.1597,11.241,88.009,2.7533
2017-07-26,44007,Providence,26.2983,13.6598,58.2884,1.914
2017-07-27,44007,Providence,22.6152,16.0742,81.0737,2.8235
2017-07-28,44007,Providence,27.8294,17.3986,70.9637,1.7446
2017-07-29,44007,Providence,21.4103,10.8723,90.3353,4.329
2017-07-30,44007,Providence,26.7572,12.3639,55.9718,2.5444
2017-07-31,44007,Providence,27.7283,14.936,63.4211,1.672
2017-08-01,44007,Providence,29.459,18.1059,66.581,1.6424
2017-08-02,44007,Providence,28.0101,18.0482,75.2041,2.3575
2017-08-03,44007,Providence,26.7389,18.2198,76.367,2.4616
2017-08-04,44007,Providence,26.8435,20.1708,71.3653,2.6672
2017-08-05,44007,Providence,24.9889,14.3521,86.9613,2.4012
2017-08-06,44007,Providence,24.1997,13.5028,63.3808,3.5008
2017-08-07,44007,Providence,22.9285,15.1874,72.894,1.9628
2017-08-08,44007,Providence,24.1144,13.078,77.8158,2.1939
2017-08-09,44007,Providence,27.2142,14.276,63.4806,2.5689
2017-08-10,44007,Providence,27.7164,14.7449,67.9224,2.0316
2017-08-11,44007,Providence,26.1684,14.9191,73.3014,2.2438
2017-08-12,44007,Providence,23.4533,15.7864,90.7355,2.6104
2017-08-13,44007,Providence,28.0868,14.9507,71.8635,2.2236
2017-08-14,44007,Providence,26.5145,16.9114,66.8834,1.7064
2017-08-15,44007,Providence,25.0846,17.5202,80.0646,1.9003
2017-08-16,44007,Providence,28.3056,13.2585,67.5921,2.4046
2017-08-17,44007,Providence,26.2874,14.9408,53.5572,2.254
2017-08-18,44007,Providence,25.8223,18.0993,82.1193,3.1518
2017-08-19,44007,Providence,30.4746,19.0232,72.4967,3.0427
2017-08-20,44007,Providence,27.8193,15.6643,65.0229,3.0878
2017-08-21,44007,Providence,28.8222,16.6793,63.2745,3.3069
2017-08-22,44007,Providence,29.9428,21.2884,72.5881,4.9516
2017-08-23,44007,Providence,27.2176,12.8744,76.3851,3.9017
2017-08-24,44007,Providence,25.8486,13.7271,54.892,2.0427
2017-08-25,44007,Providence,24.0677,10.2669,60.7196,2.3044
2017-08-26,44007,Providence,23.4434,10.4742,50.4754,1.4223
2017-08-27,44007,Providence,24.3964,10.2957,54.0442,2.3048
2017-08-28,44007,Providence,23.7703,10.5367,53.0329,3.0947
2017-08-29,44007,Providence,20.4041,12.4689,67.3638,3.4452
2017-08-30,44007,Providence,22.5651,11.4716,61.9811,4.2018
2017-08-31,44007,Providence,24.9787,8.2766,64.7059,3.7442
2017-09-01,44007,Providence,19.6843,5.8023,49.098,3.7642
2017-09-02,44007,Providence,20.674,9.6976,47.4635,2.1017
2017-09-03,44007,Providence,17.9469,11.8266,84.4865,4.4782
2017-09-04,44007,Providence,25.3495,14.8994,60.9078,4.4025
2017-09-05,44007,Providence,27.3306,18.0789,70.4299,4.7007
2017-09-06,44007,Providence,23.1303,15.104,87.3239,2.6479
2017-09-07,44007,Providence,22.567,10.523,77.63,3.7878
2017-09-08,44007,Providence,22.1608,9.6812,58.8836,3.4045
2017-09-09,44007,Providence,20.9872,9.8682,61.675,2.5582
2017-09-10,44007,Providence,21.9736,8.8966,59.0811,2.7703
2017-09-11,44007,Providence,24.8252,9.9646,51.6896,2.5951
2017-09-12,44007,Providence,27.6572,11.6129,52.4243,2.9789
2017-09-13,44007,Providence,26.9958,16.4303,57.2369,2.4343
2017-09-14,44007,Providence,26.0823,18.589,71.7299,3.716
2017-09-15,44007,Providence,26.5589,16.5859,71.2813,2.286
2017-09-16,44007,Providence,26.6732,16.4897,69.1804,0.8099
2017-09-17,44007,Providence,26.0347,16.9486,67.3349,1.227
2017-09-18,44007,Providence,21.5613,17.3098,80.5045,2.9245
2017-09-19,44007,Providence,19.371,17.3752,88.9975,5.0019
2017-09-20,44007,Providence,21.3153,18.7804,84.4634,5.5366
2017-09-21,44007,Providence,21.1453,14.4295,84.8616,6.2008
2017-09-22,44007,Providence,17.0978,14.6183,78.2783,6.4874
2017-09-23,44007,Providence,26.632,14.403,66.4964,3.4361
2017-09-24,44007,Providence,29.5043,15.7489,60.4792,1.3954
2017-09-25,44007,Providence,28.4722,17.8342,63.3044,1.1966
2017-09-26,44007,Providence,27.8081,16.8082,67.8221,1.7791
2017-09-27,44007,Providence,28.1239,17.4081,74.7827,2.1482
2017-09-28,44007,Providence,24.7527,7.5683,70.5095,3.7734
2017-09-29,44007,Providence,18.7123,7.6541,52.6114,2.1805
2017-09-30,44007,Providence,15.2729,5.3673,80.8683,2.8088
2017-10-01,44007,Providence,19.0502,5.6936,48.1971,2.4434
2017-10-02,44007,Providence,21.0352,6.7858,46.5302,2.8081
2017-10-03,44007,Providence,19.6009,7.5663,53.0997,2.0303
2017-10-04,44007,Providence,23.3883,11.6664,54.3475,4.7723
2017-10-05,44007,Providence,26.2936,12.6477,57.9348,4.1092
2017-10-06,44007,Providence,24.6809,12.6115,53.3898,1.9206
2017-10-07,44007,Providence,24.4216,15.4987,64.6525,3.2523
2017-10-08,44007,Providence,23.3892,19.9431,73.3418,4.7133
2017-10-09,44007,Providence,23.4941,18.0205,78.4892,3.8033
2017-10-10,44007,Providence,24.7146,12.8419,64.9696,2.7206
2017-10-11,44007,Providence,22.1322,11.5356,59.2737,3.1441
2017-10-12,44007,Providence,15.8139,4.126,62.1207,4.2765
2017-10-13,44007,Providence,18.0423,5.9832,66.1209,2.793
2017-10-14,44007,Providence,19.5004,13.6998,80.8864,1.7422
2017-10-15,44007,Providence,21.8369,15.1823,76.7023,4.8969
2017-10-16,44007,Providence,14.8925,2.3927,86.0094,4.0329
2017-10-17,44007,Providence,13.8463,3.7549,43.8486,2.7519
2017-10-18,44007,Providence,21.5398,6.1367,44.297,3.0072
2017-10-19,44007,Providence,21.0985,8.538,54.3335,4.3004
2017-10-20,44007,Providence,20.6578,6.9873,44.2838,3.4254
2017-10-21,44007,Providence,23.0919,7.014,39.3187,2.475
2017-10-22,44007,Providence,24.6927,9.2666,43.7291,1.6473
2017-10-23,44007,Providence,21.1586,10.8814,72.9355,3.4496
2017-10-24,44007,Providence,21.913,18.7818,69.3524,6.2079
2017-10-25,44007,Providence,18.9993,14.9502,86.2603,3.5518
2017-10-26,44007,Providence,15.6865,6.471,83.117,3.3435
2017-10-27,44007,Providence,16.3369,4.8508,52.8966,3.2748
2017-10-28,44007,Providence,17.8066,5.9076,69.0842,3.1043
2017-10-29,44007,Providence,18.207,14.9623,77.4076,6.4489
2017-10-30,44007,Providence,14.7181,7.8782,73.0787,6.7699
2017-10-31,44007,Providence,13.785,0.8132,55.9128,4.7563
2017-11-01,44007,Providence,12.3846,1.8283,60.8536,2.2499
2017-11-02,44007,Providence,20.6869,12.1627,70.7548,3.7479
2017-11-03,44007,Providence,22.6204,4.9724,69.3067,4.0795
2017-11-04,44007,Providence,12.6581,5.4034,50.8556,3.0241
2017-11-05,44007,Providence,17.0055,8.3152,66.8237,3.4802
2017-11-06,44007,Providence,17.7718,4.0223,89.2364,4.3578
2017-11-07,44007,Providence,8.7269,1.6887,70.8393,3.0204
2017-11-08,44007,Providence,6.9111,-3.1695,76.2187,3.8323
2017-11-09,44007,Providence,10.2952,-1.1104,66.5764,2.2833
2017-11-10,44007,Providence,4.4791,-6.5932,57.8627,6.3275
2017-11-11,44007,Providence,2.6558,-6.1197,36.53,2.8077
2017-11-12,44007,Providence,8.3818,-3.7409,45.9978,0.9152
2017-11-13,44007,Providence,4.8257,0.9789,81.87,3.0037
2017-11-14,44007,Providence,4.4308,-1.6963,80.1649,3.0972
2017-11-15,44007,Providence,7.6951,-1.5686,63.2508,1.9746
2017-11-16,44007,Providence,9.4718,2.6003,77.2328,3.5998
2017-11-17,44007,Providence,6.6827,-4.9074,57.7828,5.2739
2017-11-18,44007,Providence,14.7986,-2.2385,53.4647,3.6983
2017-11-19,44007,Providence,14.3675,-0.1579,69.1823,6.8063
2017-11-20,44007,Providence,5.0154,-0.3761,50.2159,5.9084
2017-11-21,44007,Providence,13.7587,3.6668,52.9164,5.0819
2017-11-22,44007,Providence,10.8275,-2.3953,87.0366,3.5771
2017-11-23,44007,Providence,5.4206,-3.8689,51.4182,2.9203
2017-11-24,44007,Providence,9.2324,-2.4221,52.1193,2.9954
2017-11-25,44007,Providence,13.3439,1.9381,57.9063,3.135
2017-11-26,44007,Providence,7.9349,-0.4042,56.2172,4.7203
2017-11-27,44007,Providence,7.1899,-6.0235,55.0743,4.5527
2017-11-28,44007,Providence,9.9407,-4.7869,50.548,2.9616
2017-11-29,44007,Providence,15.6131,-3.4546,52.9953,4.9251
2017-11-30,44007,Providence,7.9987,-2.0924,61.9361,2.4519
2017-12-01,44007,Providence,10.3314,-2.1014,66.6294,2.9094
2017-12-02,44007,Providence,6.9138,-1.8707,57.488,1.0407
2017-12-03,44007,Providence,6.0662,-1.5423,66.9469,0.6437
2017-12-04,44007,Providence,8.6114,-0.7406,58.7342,1.6048
2017-12-05,44007,Providence,14.8877,4.4753,66.8514,5.644
2017-12-06,44007,Providence,10.1632,-1.9263,68.7455,4.704
2017-12-07,44007,Providence,7.3639,-2.9893,46.7311,4.0309
2017-12-08,44007,Providence,3.9386,-2.808,47.921,2.887
2017-12-09,44007,Providence,1.3097,-1.6055,66.7034,2.9684
2017-12-10,44007,Providence,3.211,-2.2171,61.4862,4.0167
2017-12-11,44007,Providence,3.8231,-1.5792,56.4015,2.6596
2017-12-12,44007,Providence,6.5121,-7.0458,82.4763,3.4996
2017-12-13,44007,Providence,-4.568,-7.1574,61.7202,7.1704
2017-12-14,44007,Providence,-1.9098,-11.2518,63.8017,4.0045
2017-12-15,44007,Providence,-4.0124,-10.668,74.8497,2.3002
2017-12-16,44007,Providence,0.8223,-10.3718,66.5815,4.9895
2017-12-17,44007,Providence,-0.5065,-9.3246,60.7478,2.4581
2017-12-18,44007,Providence,3.3538,-3.9297,70.2915,1.5021
2017-12-19,44007,Providence,10.3366,1.0338,55.0108,4.3569
2017-12-20,44007,Providence,5.3709,-4.5575,56.5954,4.5837
2017-12-21,44007,Providence,1.7639,-4.3513,41.0086,2.6472
2017-12-22,44007,Providence,-0.6908,-3.7573,66.9284,2.6254
2017-12-23,44007,Providence,7.1837,-2.2097,87.3812,3.8591
2017-12-24,44007,Providence,2.4992,-1.7392,59.0286,3.9743
2017-12-25,44007,Providence,1.9613,-7.0666,73.1274,6.2535
2017-12-26,44007,Providence,-3.1765,-14.5004,45.5036,5.6059
2017-12-27,44007,Providence,-6.1888,-15.3841,45.9366,4.4828
2017-12-28,44007,Providence,-11.6647,-16.8963,43.2715,6.3327
2017-12-29,44007,Providence,-9.926,-16.5225,48.7334,4.1806
2017-12-30,44007,Providence,-8.171,-15.6317,70.1325,2.3032
2017-12-31,44007,Providence,2.898,-6.5472,23.2433,3.5543
2018-01-01,44007,Providence,-10.0614,-18.5588,44.6704,4.5958
2018-01-02,44007,Providence,-6.8096,-15.4395,60.05,4.285
2018-01-03,44007,Providence,-1.5391,-12.4654,62.14,2.4467
2018-01-04,44007,Providence,-1.2796,-11.3075,83.5319,8.3603
2018-01-05,44007,Providence,-9.765,-15.143,55.2041,8.827
2018-01-06,44007,Providence,-11.0892,-20.7069,45.0535,7.1367
2018-01-07,44007,Providence,-4.8815,-19.7521,44.02,4.2514
2018-01-08,44007,Providence,1.8301,-4.8069,58.8341,5.916
2018-01-09,44007,Providence,5.3188,-9.8589,58.4898,4.1139
2018-01-10,44007,Providence,3.6557,-9.7474,56.7103,2.0011
2018-01-11,44007,Providence,10.7336,0.8048,51.1376,3.4703
2018-01-12,44007,Providence,16.8157,8.5381,46.6338,5.5702
2018-01-13,44007,Providence,14.8747,-9.1109,54.3919,6.2612
2018-01-14,44007,Providence,-4.3685,-10.2047,37.2187,4.1722
2018-01-15,44007,Providence,-6.1338,-9.7345,70.5306,4.166
2018-01-16,44007,Providence,1.2714,-5.8321,63.6118,1.7938
2018-01-17,44007,Providence,1.2969,-7.8141,83.6621,2.7725
2018-01-18,44007,Providence,-0.6845,-8.2637,56.8196,3.1707
2018-01-19,44007,Providence,2.1546,-6.4626,50.7842,3.307
2018-01-20,44007,Providence,8.6306,-1.079,42.9798,4.8084
2018-01-21,44007,Providence,9.0458,-0.9521,45.7936,1.3982
2018-01-22,44007,Providence,3.5779,1.4963,69.5567,2.3742
2018-01-23,44007,Providence,12.8712,1.2485,74.0304,5.1577
2018-01-24,44007,Providence,3.5157,-6.8305,60.063,5.0423
2018-01-25,44007,Providence,-0.8778,-7.9668,31.1473,5.0254
2018-01-26,44007,Providence,1.727,-7.1701,29.8671,2.9216
2018-01-27,44007,Providence,10.7881,-1.9032,50.0849,5.4655
2018-01-28,44007,Providence,9.6121,0.9364,62.9731,2.7451
2018-01-29,44007,Providence,3.8763,-5.2858,63.144,5.735
2018-01-30,44007,Providence,-0.0129,-9.9886,64.8465,5.2456
2018-01-31,44007,Providence,0.5537,-9.9013,53.1193,3.8861
2018-02-01,44007,Providence,7.3583,-1.0955,55.9612,3.5916
2018-02-02,44007,Providence,-0.1924,-13.6949,65.1799,5.635
2018-02-03,44007,Providence,-0.3698,-11.375,36.3663,5.0232
2018-02-04,44007,Providence,7.1901,-0.1986,62.6883,4.7412
2018-02-05,44007,Providence,4.9475,-7.1816,60.1872,4.3147
2018-02-06,44007,Providence,1.029,-6.9222,46.7689,2.6259
2018-02-07,44007,Providence,6.2359,-5.7893,66.6493,4.4785
2018-02-08,44007,Providence,-0.1586,-9.1636,45.1548,4.3577
2018-02-09,44007,Providence,3.0037,-7.6456,41.3787,3.605
2018-02-10,44007,Providence,11.5621,2.3185,59.349,2.6212
2018-02-11,44007,Providence,13.7184,4.6254,67.2331,3.0346
2018-02-12,44007,Providence,6.6214,-4.9198,68.1442,4.2804
2018-02-13,44007,Providence,1.907,-4.5183,28.6959,2.681
2018-02-14,44007,Providence,9.5613,-0.5541,50.4977,4.0747
2018-02-15,44007,Providence,10.1892,3.074,72.4205,3.3828
2018-02-16,44007,Providence,12.0255,-3.6949,72.4332,4.2982
2018-02-17,44007,Providence,4.0613,-2.6884,48.862,3.0868
2018-02-18,44007,Providence,6.6596,-6.2133,57.3934,3.1902
2018-02-19,44007,Providence,10.6965,-2.5073,58.5945,4.0378
2018-02-20,44007,Providence,19.1549,9.4557,51.0321,4.5763
2018-02-21,44007,Providence,19.8665,5.9832,64.7922,4.4141
2018-02-22,44007,Providence,6.6694,-1.5447,54.2846,4.1151
2018-02-23,44007,Providence,6.4574,-0.6742,58.2778,3.0959
2018-02-24,44007,Providence,13.6032,2.512,51.9678,3.0004
2018-02-25,44007,Providence,5.0847,2.0656,74.0153,3.8784
2018-02-26,44007,Providence,9.6014,-2.1239,54.304,2.8301
2018-02-27,44007,Providence,11.8281,0.4253,35.7557,2.9513
2018-02-28,44007,Providence,14.5481,2.2162,42.6058,3.9838
2018-03-01,44007,Providence,16.6846,2.4346,50.7628,3.442
2018-03-02,44007,Providence,6.5696,1.003,77.8162,10.137
2018-03-03,44007,Providence,6.1075,2.5966,58.4069,7.5474
2018-03-04,44007,Providence,6.0311,-0.5217,58.3191,4.6691
2018-03-05,44007,Providence,6.9177,-1.5061,56.251,5.2173
2018-03-06,44007,Providence,5.047,-1.9865,60.4997,2.3486
2018-03-07,44007,Providence,3.564,-0.6114,73.4933,6.3532
2018-03-08,44007,Providence,4.0823,-2.875,67.8956,5.0483
2018-03-09,44007,Providence,3.2993,-1.277,52.2431,4.6316
2018-03-10,44007,Providence,4.7995,-2.0442,49.0222,5.5278
2018-03-11,44007,Providence,7.6543,-3.3767,46.6445,3.5058
2018-03-12,44007,Providence,6.3836,-1.8827,56.1595,4.5361
2018-03-13,44007,Providence,0.7706,-3.3266,81.7935,7.1385
2018-03-14,44007,Providence,4.4292,-1.8821,57.1198,6.2253
2018-03-15,44007,Providence,6.1152,-2.1355,52.387,5.7857
2018-03-16,44007,Providence,3.0619,-4.9938,50.0949,6.1318
2018-03-17,44007,Providence,6.1611,-9.5465,45.1781,5.359
2018-03-18,44007,Providence,1.3934,-8.5093,44.9193,3.9089
2018-03-19,44007,Providence,3.7221,-7.0461,41.8215,3.613
2018-03-20,44007,Providence,5.0211,-3.6077,41.8651,2.8467
2018-03-21,44007,Providence,2.9707,-0.7913,61.5586,7.3631
2018-03-22,44007,Providence,7.6993,-2.1332,52.3988,5.0105
2018-03-23,44007,Providence,8.524,-0.0655,45.1636,2.8143
2018-03-24,44007,Providence,8.267,-1.4203,45.6514,2.5819
2018-03-25,44007,Providence,3.5029,-4.3071,63.689,4.788
2018-03-26,44007,Providence,6.3051,-4.8277,51.3862,4.0537
2018-03-27,44007,Providence,9.6798,0.4236,42.2454,2.2204
2018-03-28,44007,Providence,13.851,2.063,47.3038,2.1807
2018-03-29,44007,Providence,13.9384,5.079,58.7668,2.1109
2018-03-30,44007,Providence,16.4993,2.7251,66.5504,4.1942
2018-03-31,44007,Providence,14.3297,2.8536,35.3375,4.0774
2018-04-01,44007,Providence,15.2522,-1.4898,44.7554,5.2047
2018-04-02,44007,Providence,4.8199,-3.2068,57.9941,1.7283
2018-04-03,44007,Providence,7.2692,0.7538,68.4686,2.8058
2018-04-04,44007,Providence,13.6336,-2.7475,76.3069,6.3559
2018-04-05,44007,Providence,5.6359,-4.8229,35.4117,5.7078
2018-04-06,44007,Providence,6.3672,-0.7949,65.8147,4.6371
2018-04-07,44007,Providence,8.7158,-1.7178,49.4288,3.4003
2018-04-08,44007,Providence,6.8424,-3.1822,37.5288,3.7097
2018-04-09,44007,Providence,8.2938,-1.4231,32.7854,2.7038
2018-04-10,44007,Providence,4.7168,-3.639,71.4761,1.5198
2018-04-11,44007,Providence,9.7594,-0.8506,46.2295,2.1095
2018-04-12,44007,Providence,15.1423,5.276,48.3272,4.4306
2018-04-13,44007,Providence,19.2591,4.8109,58.8452,3.5981
2018-04-14,44007,Providence,15.9117,1.7043,65.157,4.0864
2018-04-15,44007,Providence,3.8093,0.6349,62.6058,7.6961
2018-04-16,44007,Providence,14.8309,3.0203,55.2283,6.6948
2018-04-17,44007,Providence,9.7837,0.0697,57.72,4.8463
2018-04-18,44007,Providence,11.8871,0.9301,49.1649,4.8861
2018-04-19,44007,Providence,6.5504,-0.0049,73.8885,2.7484
2018-04-20,44007,Providence,11.943,0.3817,46.1354,4.7025
2018-04-21,44007,Providence,15.7536,-0.4825,38.0933,3.2004
2018-04-22,44007,Providence,17.2463,0.846,30.6952,2.1135
2018-04-23,44007,Providence,19.6697,0.8236,30.8851,1.9687
2018-04-24,44007,Providence,19.7214,8.2427,38.4132,3.0824
2018-04-25,44007,Providence,14.1808,8.8523,73.9288,3.9473
2018-04-26,44007,Providence,19.9182,6.4118,60.2058,3.6623
2018-04-27,44007,Providence,16.5577,8.6903,57.0513,2.4003
2018-04-28,44007,Providence,22.8575,7.8845,50.4501,2.7304
2018-04-29,44007,Providence,15.1361,3.2751,64.0102,2.9031
2018-04-30,44007,Providence,10.3473,3.5267,61.24,3.0425
2018-05-01,44007,Providence,21.2328,8.8693,42.3606,3.0003
2018-05-02,44007,Providence,31.3485,15.2245,35.884,4.8086
2018-05-03,44007,Providence,32.0106,16.7228,43.43,4.3912
2018-05-04,44007,Providence,27.5476,13.7703,59.8104,4.7968
2018-05-05,44007,Providence,23.4341,12.4887,45.6138,4.3265
2018-05-06,44007,Providence,18.2905,9.4253,65.9836,2.778
2018-05-07,44007,Providence,20.4416,7.1275,59.433,1.8961
2018-05-08,44007,Providence,22.9888,6.8729,48.6819,1.5329
2018-05-09,44007,Providence,24.238,9.4744,45.9188,1.9648
2018-05-10,44007,Providence,22.5772,9.812,56.2461,3.7043
2018-05-11,44007,Providence,21.446,7.7155,46.7342,3.0383
2018-05-12,44007,Providence,11.6312,8.2218,71.8757,2.2475
2018-05-13,44007,Providence,15.2391,8.6718,67.144,2.5953
2018-05-14,44007,Providence,22.17,10.5063,61.5835,2.2881
2018-05-15,44007,Providence,28.1975,12.2934,63.6978,3.6241
2018-05-16,44007,Providence,17.2188,11.7127,71.8994,2.681
2018-05-17,44007,Providence,22.4349,12.7266,66.2376,2.082
2018-05-18,44007,Providence,14.8385,4.2595,77.2877,4.3781
2018-05-19,44007,Providence,17.7998,9.0238,66.0972,3.6668
2018-05-20,44007,Providence,24.6813,10.6549,70.5298,4.3672
2018-05-21,44007,Providence,24.2864,9.7587,49.317,2.3316
2018-05-22,44007,Providence,20.3692,10.9487,60.3077,2.2597
2018-05-23,44007,Providence,27.4894,10.1655,51.8427,2.7267
2018-05-24,44007,Providence,24.6534,9.4701,45.4283,2.9896
2018-05-25,44007,Providence,29.9752,16.4833,44.1007,5.1209
2018-05-26,44007,Providence,31.4671,12.881,60.5978,2.8333
2018-05-27,44007,Providence,14.0208,9.3054,88.9188,5.3662
2018-05-28,44007,Providence,18.8131,12.3496,68.8744,2.4482
2018-05-29,44007,Providence,30.6916,14.4077,54.6302,2.2049
2018-05-30,44007,Providence,26.4729,10.2239,58.7708,2.3743
2018-05-31,44007,Providence,25.5042,14.3949,61.5308,2.3574
2018-06-01,44007,Providence,24.145,17.4524,79.062,2.685
2018-06-02,44007,Providence,28.1913,11.0138,74.9195,3.1795
2018-06-03,44007,Providence,18.6367,7.7635,65.2029,4.6023
2018-06-04,44007,Providence,12.7303,9.0421,83.0768,3.1
2018-06-05,44007,Providence,19.9428,9.7107,68.5738,3.0687
2018-06-06,44007,Providence,19.9807,10.1919,66.9126,1.98
2018-06-07,44007,Providence,20.8309,10.5167,66.3362,3.3166
2018-06-08,44007,Providence,26.3372,13.3797,59.894,2.9078
2018-06-09,44007,Providence,25.8862,12.5811,55.3866,1.4934
2018-06-10,44007,Providence,22.23,10.3163,59.5888,1.5212
2018-06-11,44007,Providence,21.5827,8.3477,55.7769,2.6121
2018-06-12,44007,Providence,24.0717,12.1693,51.2975,4.9243
2018-06-13,44007,Providence,22.6907,16.6135,74.5767,5.0066
2018-06-14,44007,Providence,26.558,13.595,61.9367,4.8204
2018-06-15,44007,Providence,19.3539,10.6347,76.0697,2.2146
2018-06-16,44007,Providence,27.8494,12.3447,52.0303,2.5467
2018-06-17,44007,Providence,30.4924,15.596,46.7811,1.7412
2018-06-18,44007,Providence,29.6103,19.0816,66.9231,5.1606
2018-06-19,44007,Providence,28.3657,11.9257,61.2427,3.8953
2018-06-20,44007,Providence,27.349,15.4765,52.4605,2.5741
2018-06-21,44007,Providence,28.2105,12.8515,66.4608,1.7787
2018-06-22,44007,Providence,25.2842,13.2095,60.5881,2.8816
2018-06-23,44007,Providence,17.6746,13.7334,92.6515,2.5467
2018-06-24,44007,Providence,25.0226,16.369,74.2597,2.767
2018-06-25,44007,Providence,24.6011,9.8074,64.4228,3.3724
2018-06-26,44007,Providence,25.5603,13.6436,50.0947,2.4459
2018-06-27,44007,Providence,24.4344,16.7705,66.447,4.3907
2018-06-28,44007,Providence,23.2286,18.2083,80.1855,3.8405
2018-06-29,44007,Providence,30.6556,18.3497,64.1447,2.2413
2018-06-30,44007,Providence,31.4712,19.617,59.429,2.1193
2018-07-01,44007,Providence,34.7203,19.8917,69.7553,1.7619
2018-07-02,44007,Providence,31.0851,20.1584,76.5515,2.4051
2018-07-03,44007,Providence,32.6758,21.639,71.8917,2.5583
2018-07-04,44007,Providence,32.9124,21.0566,72.0793,1.8373
2018-07-05,44007,Providence,31.3206,22.9908,71.3218,4.2318
2018-07-06,44007,Providence,27.1117,11.5041,92.1094,4.7909
2018-07-07,44007,Providence,25.1988,11.3658,53.797,2.181
2018-07-08,44007,Providence,27.9199,13.1247,51.4167,1.6491
2018-07-09,44007,Providence,29.9076,15.8116,58.4759,3.1505
2018-07-10,44007,Providence,32.1315,18.341,59.7594,3.2633
2018-07-11,44007,Providence,25.8354,13.4929,76.0729,3.0301
2018-07-12,44007,Providence,26.7601,13.961,57.063,2.0338
2018-07-13,44007,Providence,27.329,14.5444,54.8173,2.2237
2018-07-14,44007,Providence,25.8123,18.3078,64.6233,2.2961
2018-07-15,44007,Providence,30.3265,19.1019,67.6574,1.5097
2018-07-16,44007,Providence,31.2922,20.9613,66.4453,2.5853
2018-07-17,44007,Providence,30.2938,19.616,76.4668,4.0942
2018-07-18,44007,Providence,27.6603,12.6366,68.062,3.0126
2018-07-19,44007,Providence,27.2531,13.6356,53.183,1.4616
2018-07-20,44007,Providence,29.0529,12.5435,55.2939,1.9591
2018-07-21,44007,Providence,25.7476,17.0317,58.6025,3.2466
2018-07-22,44007,Providence,25.3892,19.8131,81.0878,4.9582
2018-07-23,44007,Providence,27.7385,22.1792,73.9978,4.4087
2018-07-24,44007,Providence,28.8929,22.3862,70.6508,3.9984
2018-07-25,44007,Providence,27.1679,21.5997,75.2195,4.752
2018-07-26,44007,Providence,28.1745,19.6269,75.5825,3.83
2018-07-27,44007,Providence,30.7336,21.276,68.3159,3.1502
2018-07-28,44007,Providence,29.6801,18.7599,73.2591,2.7871
2018-07-29,44007,Providence,27.7289,15.47,70.2461,2.3317
2018-07-30,44007,Providence,27.355,16.9956,60.2109,2.0163
2018-07-31,44007,Providence,29.3232,17.3871,58.5181,1.9455
2018-08-01,44007,Providence,27.4988,20.8796,76.5144,3.463
2018-08-02,44007,Providence,32.3049,22.4398,68.8465,4.5071
2018-08-03,44007,Providence,30.9257,21.8705,72.292,4.2625
2018-08-04,44007,Providence,26.3114,18.5204,84.0216,3.5526
2018-08-05,44007,Providence,31.1614,19.0718,61.0814,2.042
2018-08-06,44007,Providence,32.5693,20.7482,62.8203,2.8345
2018-08-07,44007,Providence,31.802,21.8268,68.7209,3.8941
2018-08-08,44007,Providence,31.0794,21.7821,71.1235,2.7975
2018-08-09,44007,Providence,29.9835,17.4299,74.5272,3.0412
2018-08-10,44007,Providence,30.0022,19.1488,57.9152,1.8383
2018-08-11,44007,Providence,22.8595,19.911,89.1731,2.2287
2018-08-12,44007,Providence,26.2247,18.9793,77.8649,2.6637
2018-08-13,44007,Providence,22.2345,19.4507,86.8886,2.8443
2018-08-14,44007,Providence,27.7389,19.7304,73.5712,2.1438
2018-08-15,44007,Providence,29.7134,20.1958,71.2238,2.3179
2018-08-16,44007,Providence,30.4867,19.3674,73.2718,2.3838
2018-08-17,44007,Providence,30.0304,21.1236,71.5154,2.6379
2018-08-18,44007,Providence,29.1085,17.6737,80.2765,3.0998
2018-08-19,44007,Providence,22.8718,17.3115,80.2162,4.366
2018-08-20,44007,Providence,24.3245,15.3041,78.2578,3.5235
2018-08-21,44007,Providence,23.6337,17.0502,82.2203,2.3319
2018-08-22,44007,Providence,27.6276,17.0191,74.5773,3.0622
2018-08-23,44007,Providence,24.3953,12.1933,62.0951,3.0441
2018-08-24,44007,Providence,27.4334,13.7477,59.32,2.2361
2018-08-25,44007,Providence,26.3745,12.4487,67.3631,2.0557
2018-08-26,44007,Providence,26.786,17.9629,68.1576,3.1835
2018-08-27,44007,Providence,29.6381,20.3218,71.7019,2.5677
2018-08-28,44007,Providence,33.1094,22.4527,68.0509,3.986
2018-08-29,44007,Providence,33.6719,21.8923,66.9963,3.8011
2018-08-30,44007,Providence,31.0854,17.3016,73.6911,2.9874
2018-08-31,44007,Providence,23.8318,13.2988,75.05,3.3069
2018-09-01,44007,Providence,25.8544,13.9972,63.7826,2.1377
2018-09-02,44007,Providence,27.5569,18.7144,58.8392,2.4243
2018-09-03,44007,Providence,32.3249,21.6278,62.4679,3.5935
2018-09-04,44007,Providence,31.2938,18.7727,63.4423,2.0634
2018-09-05,44007,Providence,29.8121,20.3689,62.1809,2.6649
2018-09-06,44007,Providence,32.6055,17.8758,67.9271,3.2106
2018-09-07,44007,Providence,20.9024,16.0157,86.4266,1.9005
2018-09-08,44007,Providence,19.7739,11.1721,72.0177,2.7801
2018-09-09,44007,Providence,16.9059,11.1269,67.5821,3.7347
2018-09-10,44007,Providence,17.6849,13.3323,87.7621,5.0534
2018-09-11,44007,Providence,26.2161,17.0138,78.7687,1.8118
2018-09-12,44007,Providence,20.9736,16.9797,98.4316,1.5484
2018-09-13,44007,Providence,21.0611,15.8331,85.2853,1.6019
2018-09-14,44007,Providence,23.6124,16.0462,73.1034,1.8777
2018-09-15,44007,Providence,25.431,14.1262,71.7941,1.2093
2018-09-16,44007,Providence,27.8778,16.2807,70.3917,1.5384
2018-09-17,44007,Providence,26.402,18.9754,71.0751,3.0672
2018-09-18,44007,Providence,23.9171,16.4917,91.4446,3.1886
2018-09-19,44007,Providence,18.4559,13.3354,96.0528,3.5605
2018-09-20,44007,Providence,19.114,13.181,77.5145,2.7996
2018-09-21,44007,Providence,20.8064,15.0633,77.9754,4.2807
2018-09-22,44007,Providence,21.0894,8.8791,76.0591,3.7559
2018-09-23,44007,Providence,16.569,8.157,78.6156,1.1476
2018-09-24,44007,Providence,13.6021,7.6878,85.8902,4.312
2018-09-25,44007,Providence,21.5694,10.7241,83.4747,4.9326
2018-09-26,44007,Providence,25.4536,14.8903,87.9715,4.7375
2018-09-27,44007,Providence,20.5328,12.6297,78.4953,3.0765
2018-09-28,44007,Providence,14.5813,9.1909,98.8847,3.2204
2018-09-29,44007,Providence,21.8048,7.1059,69.4223,2.4879
2018-09-30,44007,Providence,20.0117,9.7621,61.2103,2.1254
2018-10-01,44007,Providence,20.5441,11.9385,77.0578,1.8316
2018-10-02,44007,Providence,19.1175,13.0187,87.7388,3.0598
2018-10-03,44007,Providence,19.0246,12.9903,84.6313,1.6334
2018-10-04,44007,Providence,21.5042,12.8224,80.3562,3.1416
2018-10-05,44007,Providence,17.2617,6.7343,80.9625,3.2696
2018-10-06,44007,Providence,18.6908,10.287,65.1153,2.5592
2018-10-07,44007,Providence,24.9979,13.0769,72.6189,2.9706
2018-10-08,44007,Providence,17.0925,12.758,74.7099,3.0227
2018-10-09,44007,Providence,24.3344,16.6708,72.6582,4.3342
2018-10-10,44007,Providence,27.447,18.7759,68.0344,4.1178
2018-10-11,44007,Providence,23.8743,14.1707,85.1953,3.6276
2018-10-12,44007,Providence,16.8352,7.3312,85.8534,3.5646
2018-10-13,44007,Providence,11.1284,3.3234,69.3715,2.8945
2018-10-14,44007,Providence,14.0484,3.5932,58.9419,3.0419
2018-10-15,44007,Providence,19.3374,5.482,78.9149,5.1677
2018-10-16,44007,Providence,13.3859,2.4523,60.2491,4.652
2018-10-17,44007,Providence,15.847,2.0341,51.5745,5.9426
2018-10-18,44007,Providence,7.8116,-1.3152,47.7897,5.4214
2018-10-19,44007,Providence,15.5506,2.0256,57.2778,5.3656
2018-10-20,44007,Providence,16.5173,5.2943,73.057,4.9622
2018-10-21,44007,Providence,7.8932,-3.414,71.5603,5.1422
2018-10-22,44007,Providence,9.3099,-0.2566,59.4287,3.1115
2018-10-23,44007,Providence,13.1118,4.337,67.3273,2.2998
2018-10-24,44007,Providence,8.5771,0.0788,74.1813,4.5205
2018-10-25,44007,Providence,8.8838,-2.8989,56.5342,4.4543
2018-10-26,44007,Providence,7.6592,-0.8268,53.0475,2.3337
2018-10-27,44007,Providence,10.2559,4.9119,85.6307,6.5119
2018-10-28,44007,Providence,12.0026,5.4496,80.0251,3.7708
2018-10-29,44007,Providence,13.3837,3.4449,72.2095,3.8523
2018-10-30,44007,Providence,8.648,-2.357,70.8847,3.7812
2018-10-31,44007,Providence,13.8493,-0.5658,67.4056,2.9203
2018-11-01,44007,Providence,20.1352,10.9392,62.9732,2.4653
2018-11-02,44007,Providence,19.179,13.2805,78.7265,6.1082
2018-11-03,44007,Providence,16.5571,3.3124,73.1146,7.0872
2018-11-04,44007,Providence,12.1675,1.8924,45.5678,2.7743
2018-11-05,44007,Providence,9.7295,3.4671,76.4568,3.9271
2018-11-06,44007,Providence,14.8477,7.1719,89.1713,3.7631
2018-11-07,44007,Providence,15.9152,3.2059,63.8209,4.7846
2018-11-08,44007,Providence,11.4269,-1.6088,56.679,3.034
2018-11-09,44007,Providence,9.7458,0.8723,71.7204,4.3123
2018-11-10,44007,Providence,8.3709,-1.255,73.9119,6.0149
2018-11-11,44007,Providence,6.2634,-4.2554,48.8395,4.6886
2018-11-12,44007,Providence,9.9906,-1.6576,48.0274,2.2678
2018-11-13,44007,Providence,12.3617,-1.1425,76.0705,4.1978
2018-11-14,44007,Providence,1.9437,-5.8313,35.3351,5.5497
2018-11-15,44007,Providence,3.2979,-5.2201,48.4247,3.8504
2018-11-16,44007,Providence,5.2986,-0.0145,71.9685,5.482
2018-11-17,44007,Providence,6.7302,-0.92,59.6126,4.1205
2018-11-18,44007,Providence,4.4748,0.0861,59.0454,1.7214
2018-11-19,44007,Providence,5.132,1.6175,80.4623,1.4075
2018-11-20,44007,Providence,3.0029,-2.8168,99.4692,2.7339
2018-11-21,44007,Providence,4.2697,-10.6436,64.655,5.6999
2018-11-22,44007,Providence,-6.9892,-12.3551,33.5426,6.5453
2018-11-23,44007,Providence,-0.8634,-10.8482,40.5985,3.2214
2018-11-24,44007,Providence,7.0721,-2.9236,60.167,3.3324
2018-11-25,44007,Providence,7.6144,1.9472,74.584,3.4271
2018-11-26,44007,Providence,7.0678,2.8665,78.9747,4.6809
2018-11-27,44007,Providence,6.2188,0.2921,74.8912,5.3389
2018-11-28,44007,Providence,5.0277,0.9074,56.5389,5.6643
2018-11-29,44007,Providence,6.1779,-4.1181,60.0531,5.0702
2018-11-30,44007,Providence,4.0199,-3.1131,64.6395,2.1408
2018-12-01,44007,Providence,6.4031,-1.3118,56.1305,1.9838
2018-12-02,44007,Providence,12.1911,4.4016,74.0566,3.7049
2018-12-03,44007,Providence,13.6067,0.3995,66.7765,4.7076
2018-12-04,44007,Providence,4.0781,-7.3195,55.2014,4.3738
2018-12-05,44007,Providence,1.9869,-6.642,47.1306,1.6681
2018-12-06,44007,Providence,4.0321,-3.6811,43.3098,3.8069
2018-12-07,44007,Providence,2.5646,-9.3786,54.2229,4.4298
2018-12-08,44007,Providence,-1.3553,-9.6038,37.6623,3.5744
2018-12-09,44007,Providence,1.6298,-8.3494,52.7639,3.4385
2018-12-10,44007,Providence,2.9846,-8.7749,56.4986,2.66
2018-12-11,44007,Providence,2.2906,-7.0275,62.2004,1.4065
2018-12-12,44007,Providence,2.7448,-7.3327,45.4875,3.6883
2018-12-13,44007,Providence,0.784,-6.6318,57.4388,2.376
2018-12-14,44007,Providence,8.5642,-3.7212,68.1591,2.5912
2018-12-15,44007,Providence,10.5808,2.9197,62.7941,2.8673
2018-12-16,44007,Providence,5.6766,1.5317,71.627,6.2389
2018-12-17,44007,Providence,4.5732,-4.3602,75.7048,5.1431
2018-12-18,44007,Providence,0.0882,-7.6868,40.2635,6.5338
2018-12-19,44007,Providence,4.5245,-6.5816,43.3362,3.2413
2018-12-20,44007,Providence,12.2901,-3.2901,49.4957,2.4389
2018-12-21,44007,Providence,16.7627,10.2547,64.378,6.5077
2018-12-22,44007,Providence,11.0991,-1.2098,70.0766,5.6379
2018-12-23,44007,Providence,3.8631,-1.7981,48.0172,2.8901
2018-12-24,44007,Providence,2.2238,-2.0349,65.8187,2.0237
2018-12-25,44007,Providence,3.2116,-6.4875,50.3536,3.432
2018-12-26,44007,Providence,3.1492,-5.4689,43.0247,3.3027
2018-12-27,44007,Providence,3.9714,-1.4231,36.9792,2.6254
2018-12-28,44007,Providence,12.7465,3.4773,66.4614,5.3826
2018-12-29,44007,Providence,10.894,-2.6751,63.103,4.5338
2018-12-30,44007,Providence,2.0681,-4.4676,52.8632,1.3253
2018-12-31,44007,Providence,2.898,-6.5472,56.289,1.149
2019-01-01,44007,Providence,13.8871,-3.0108,59.8112,6.2332
2019-01-02,44007,Providence,2.5012,-3.1192,40.5776,2.262
2019-01-03,44007,Providence,7.0297,-1.319,57.0435,2.8053
2019-01-04,44007,Providence,7.5005,-0.8534,53.4214,4.107
2019-01-05,44007,Providence,5.8285,-0.7654,75.3629,3.1201
2019-01-06,44007,Providence,6.7754,-7.5633,54.3619,4.964
2019-01-07,44007,Providence,-0.796,-7.3669,24.6948,3.8726
2019-01-08,44007,Providence,5.6675,-0.6928,65.7703,3.1404
2019-01-09,44007,Providence,6.125,0.1369,59.1111,5.9692
2019-01-10,44007,Providence,0.7983,-6.4581,49.1935,5.9311
2019-01-11,44007,Providence,-2.8507,-10.7782,39.0591,5.5801
2019-01-12,44007,Providence,-1.8596,-10.1804,27.5696,3.8686
2019-01-13,44007,Providence,-2.5793,-9.0403,40.1169,3.6039
2019-01-14,44007,Providence,-0.4527,-8.9541,57.034,3.2961
2019-01-15,44007,Providence,1.6098,-8.5659,38.7451,2.0999
2019-01-16,44007,Providence,2.0795,-8.2855,56.8835,4.2522
2019-01-17,44007,Providence,-1.6356,-7.5261,28.1881,2.5639
2019-01-18,44007,Providence,3.5107,-5.1507,62.6845,1.8836
2019-01-19,44007,Providence,1.0991,-4.155,59.0861,3.7547
2019-01-20,44007,Providence,0.4705,-17.7235,99.9554,5.4264
2019-01-21,44007,Providence,-14.4548,-17.6037,40.305,7.8334
2019-01-22,44007,Providence,-3.8922,-13.8611,41.7661,4.4729
2019-01-23,44007,Providence,11.4224,-6.2114,46.7369,4.9898
2019-01-24,44007,Providence,13.9091,-0.9548,69.2055,7.1277
2019-01-25,44007,Providence,3.5371,-7.7683,55.1227,4.6954
2019-01-26,44007,Providence,0.7443,-7.3418,37.5595,2.5965
2019-01-27,44007,Providence,6.7532,-5.7579,55.7015,3.6347
2019-01-28,44007,Providence,-0.6947,-6.6013,43.2204,3.8007
2019-01-29,44007,Providence,2.2579,-4.8391,60.7408,3.5154
2019-01-30,44007,Providence,-0.3572,-17.2869,73.1938,5.5796
2019-01-31,44007,Providence,-9.397,-17.2163,35.0791,5.7791
2019-02-01,44007,Providence,-6.0115,-15.0524,33.56,3.7029
2019-02-02,44007,Providence,0.1908,-12.7876,45.5647,4.6027
2019-02-03,44007,Providence,5.4495,-1.2799,53.9523,2.2083
2019-02-04,44007,Providence,15.3022,0.4424,41.5081,2.6924
2019-02-05,44007,Providence,16.911,-1.0826,46.2245,3.1542
2019-02-06,44007,Providence,6.6385,-0.2613,51.8481,2.569
2019-02-07,44007,Providence,4.5605,1.355,76.384,2.6095
2019-02-08,44007,Providence,11.0479,-5.0331,58.0337,5.0708
2019-02-09,44007,Providence,0.125,-7.1634,26.6291,6.5478
2019-02-10,44007,Providence,1.1755,-6.0086,29.0646,3.6128
2019-02-11,44007,Providence,2.3948,-8.1454,30.6016,2.4497
2019-02-12,44007,Providence,1.8673,-7.5968,56.6686,4.9272
2019-02-13,44007,Providence,4.8555,-1.9021,64.0049,5.1654
2019-02-14,44007,Providence,4.0957,-1.9971,41.9015,4.7345
2019-02-15,44007,Providence,10.0862,-0.1965,64.9738,4.4949
2019-02-16,44007,Providence,5.0809,-5.9308,57.2536,3.3363
2019-02-17,44007,Providence,3.5698,-5.0774,35.5717,1.7
2019-02-18,44007,Providence,0.5859,-10.1797,83.7773,3.2242
2019-02-19,44007,Providence,-0.1876,-10.6483,38.0517,4.1505
2019-02-20,44007,Providence,-0.3768,-8.7014,50.4759,2.1814
2019-02-21,44007,Providence,7.9396,-1.2417,53.8044,3.7833
2019-02-22,44007,Providence,6.7449,-4.2445,48.3843,2.9831
2019-02-23,44007,Providence,5.1176,-2.9504,49.7431,1.3292
2019-02-24,44007,Providence,7.5302,0.1307,67.3874,4.9798
2019-02-25,44007,Providence,2.4438,-5.6265,40.9259,9.7162
2019-02-26,44007,Providence,-1.2095,-10.7845,26.9278,6.9957
2019-02-27,44007,Providence,-3.4321,-10.1656,32.6153,2.6536
2019-02-28,44007,Providence,-0.547,-9.4412,56.0232,2.6619
2019-03-01,44007,Providence,2.972,-5.5395,45.2478,1.3034
2019-03-02,44007,Providence,1.3842,-4.2434,75.4388,3.4433
2019-03-03,44007,Providence,6.5156,-1.6337,53.7415,2.121
2019-03-04,44007,Providence,4.1871,-10.1024,73.7323,4.2648
2019-03-05,44007,Providence,-0.7444,-10.8347,55.871,3.3723
2019-03-06,44007,Providence,-3.706,-14.1686,53.4414,4.3899
2019-03-07,44007,Providence,-2.5268,-13.5854,52.149,4.1903
2019-03-08,44007,Providence,2.6031,-10.6505,49.8182,3.2647
2019-03-09,44007,Providence,7.6707,-4.9254,42.2377,2.4513
2019-03-10,44007,Providence,3.9923,-1.117,69.7912,4.7409
2019-03-11,44007,Providence,9.984,-0.5618,49.001,5.0238
2019-03-12,44007,Providence,5.8996,-5.3043,50.534,3.661
2019-03-13,44007,Providence,6.868,-3.261,47.4392,1.9508
2019-03-14,44007,Providence,11.118,2.8196,53.1535,3.0789
2019-03-15,44007,Providence,15.6459,4.5042,62.6077,4.9832
2019-03-16,44007,Providence,9.3647,-1.7966,51.5514,5.5709
2019-03-17,44007,Providence,5.0511,-6.2019,38.588,4.2745
2019-03-18,44007,Providence,5.9718,-4.8901,33.5163,2.9687
2019-03-19,44007,Providence,7.4489,-4.7112,37.2275,3.0154
2019-03-20,44007,Providence,9.9496,-1.9804,39.5735,2.9923
2019-03-21,44007,Providence,9.6804,1.655,60.2359,4.2233
2019-03-22,44007,Providence,5.9829,-1.5465,78.9379,5.8743
2019-03-23,44007,Providence,7.1968,-1.9028,46.2456,6.922
2019-03-24,44007,Providence,13.6353,1.6726,34.6119,4.4711
2019-03-25,44007,Providence,10.2863,-3.2559,41.7754,2.4331
2019-03-26,44007,Providence,7.1706,-4.3861,30.982,3.6528
2019-03-27,44007,Providence,7.6883,-3.8541,35.334,2.3819
2019-03-28,44007,Providence,10.2714,0.2548,50.3223,4.429
2019-03-29,44007,Providence,11.7621,5.1307,66.4148,3.5397
2019-03-30,44007,Providence,18.5276,6.9189,55.9629,3.4204
2019-03-31,44007,Providence,17.8424,0.2078,67.0866,5.5268
2019-04-01,44007,Providence,7.2276,-4.9475,40.8991,5.0494
2019-04-02,44007,Providence,9.2694,-0.7208,44.9222,3.0088
2019-04-03,44007,Providence,17.5689,1.7314,38.3677,6.3152
2019-04-04,44007,Providence,10.9803,-2.0185,31.7257,5.3388
2019-04-05,44007,Providence,7.7111,0.3239,42.2573,2.6468
2019-04-06,44007,Providence,17.8044,1.9514,52.7745,2.4068
2019-04-07,44007,Providence,17.3033,5.6971,48.0764,2.6049
2019-04-08,44007,Providence,9.3021,1.401,96.6542,2.4279
2019-04-09,44007,Providence,10.2708,1.4245,75.2097,2.7666
2019-04-10,44007,Providence,8.905,-1.1402,59.9741,3.4016
2019-04-11,44007,Providence,11.3414,1.7318,39.3944,2.4828
2019-04-12,44007,Providence,14.7645,5.9356,60.9228,4.096
2019-04-13,44007,Providence,21.1769,9.2077,67.8092,4.4625
2019-04-14,44007,Providence,22.2922,10.7796,56.5397,2.4438
2019-04-15,44007,Providence,19.9204,4.2015,63.5876,6.9362
2019-04-16,44007,Providence,15.2031,1.982,36.4089,5.6445
2019-04-17,44007,Providence,16.9224,2.5093,36.1361,1.7753
2019-04-18,44007,Providence,17.7376,6.1169,52.8655,4.4227
2019-04-19,44007,Providence,22.2785,16.3077,58.9043,5.9885
2019-04-20,44007,Providence,20.7786,12.338,71.0442,5.2082
2019-04-21,44007,Providence,19.6324,8.1222,70.9878,2.7452
2019-04-22,44007,Providence,16.4624,8.3461,70.9681,2.9768
2019-04-23,44007,Providence,17.58,8.3923,67.9087,2.1632
2019-04-24,44007,Providence,18.9027,4.2918,58.2505,3.8365
2019-04-25,44007,Providence,18.1945,7.2198,47.4031,1.9815
2019-04-26,44007,Providence,13.16,7.0048,77.9187,5.0731
2019-04-27,44007,Providence,11.94,4.5043,60.5234,6.1583
2019-04-28,44007,Providence,10.7621,1.1844,63.9566,2.5372
2019-04-29,44007,Providence,15.8561,3.761,42.6444,2.8839
2019-04-30,44007,Providence,11.5776,3.7107,71.5768,2.589
2019-05-01,44007,Providence,13.7712,6.5426,51.85,2.3821
2019-05-02,44007,Providence,12.4738,6.0274,78.0499,2.8153
2019-05-03,44007,Providence,15.7195,7.3813,72.0507,2.1722
2019-05-04,44007,Providence,16.7951,9.2162,80.4505,1.6069
2019-05-05,44007,Providence,12.0049,7.7161,84.2093,3.6368
2019-05-06,44007,Providence,18.0769,3.9545,61.8086,3.421
2019-05-07,44007,Providence,21.5045,9.5977,56.239,3.1943
2019-05-08,44007,Providence,20.935,4.3287,50.2943,2.5499
2019-05-09,44007,Providence,17.6783,7.6263,43.0956,2.7906
2019-05-10,44007,Providence,17.9749,9.8503,69.2984,5.085
2019-05-11,44007,Providence,20.8494,6.2154,58.4857,2.7602
2019-05-12,44007,Providence,8.7437,4.1792,78.6475,3.712
2019-05-13,44007,Providence,12.907,4.0013,61.7346,5.2619
2019-05-14,44007,Providence,8.4735,4.4433,75.9243,2.9645
2019-05-15,44007,Providence,16.0242,6.463,57.2238,2.5421
2019-05-16,44007,Providence,20.6508,7.0091,52.7537,1.5403
2019-05-17,44007,Providence,21.5769,9.49,63.7701,3.3559
2019-05-18,44007,Providence,23.0087,9.0469,47.2691,2.7876
2019-05-19,44007,Providence,21.5036,12.8269,59.7486,4.2387
2019-05-20,44007,Providence,28.8222,11.2377,65.5621,4.6502
2019-05-21,44007,Providence,20.1972,8.6293,50.6055,5.2658
2019-05-22,44007,Providence,22.144,8.8461,40.3805,3.184
2019-05-23,44007,Providence,19.2229,12.248,63.2405,4.6934
2019-05-24,44007,Providence,22.6817,7.136,64.6284,4.8407
2019-05-25,44007,Providence,23.373,10.8961,50.9998,2.8919
2019-05-26,44007,Providence,29.9216,14.5699,52.1632,3.4896
2019-05-27,44007,Providence,26.3383,12.3072,52.4888,2.5551
2019-05-28,44007,Providence,16.2485,7.709,75.3103,2.7834
2019-05-29,44007,Providence,13.2778,8.246,94.3307,1.7209
2019-05-30,44007,Providence,17.3314,10.6178,82.5977,2.6436
2019-05-31,44007,Providence,25.2279,12.6461,63.0506,2.1567
2019-06-01,44007,Providence,24.1492,12.8452,65.0142,1.7063
2019-06-02,44007,Providence,23.1625,10.2521,76.5076,2.9639
2019-06-03,44007,Providence,21.0125,6.2371,54.5013,4.291
2019-06-04,44007,Providence,20.6931,12.2985,46.1381,3.6387
2019-06-05,44007,Providence,25.9684,17.2601,61.2299,4.4674
2019-06-06,44007,Providence,26.9073,14.3511,68.9742,2.5037
2019-06-07,44007,Providence,26.0243,11.7022,69.4113,1.3394
2019-06-08,44007,Providence,26.2734,8.7163,55.6654,1.7304
2019-06-09,44007,Providence,24.279,9.0787,53.4767,2.1586
2019-06-10,44007,Providence,24.8602,15.2674,61.1459,3.0609
2019-06-11,44007,Providence,23.9734,9.9557,74.4441,4.0491
2019-06-12,44007,Providence,23.9274,10.7516,52.6881,2.4332
2019-06-13,44007,Providence,14.6229,10.2777,91.452,3.1231
2019-06-14,44007,Providence,21.8254,11.5152,64.3848,4.2718
2019-06-15,44007,Providence,25.5933,16.1414,54.4892,4.4784
2019-06-16,44007,Providence,21.7599,16.5928,81.5978,2.675
2019-06-17,44007,Providence,24.989,16.8359,68.7895,1.7012
2019-06-18,44007,Providence,21.2862,16.5353,82.409,1.5047
2019-06-19,44007,Providence,23.0591,16.2726,79.2228,1.8743
2019-06-20,44007,Providence,20.5645,15.6655,86.7393,1.9853
2019-06-21,44007,Providence,21.0994,13.353,81.2532,3.3763
2019-06-22,44007,Providence,25.8423,12.3271,52.8025,3.7904
2019-06-23,44007,Providence,28.1323,14.7855,50.6399,3.4621
2019-06-24,44007,Providence,28.8687,15.4452,51.719,1.8783
2019-06-25,44007,Providence,22.4192,17.8687,72.1908,2.4722
2019-06-26,44007,Providence,28.4406,17.1347,70.5112,1.2489
2019-06-27,44007,Providence,29.743,15.5778,67.9631,1.4135
2019-06-28,44007,Providence,31.1251,18.5722,55.8891,1.6814
2019-06-29,44007,Providence,29.3337,17.339,70.1271,3.2114
2019-06-30,44007,Providence,24.9007,14.418,67.9503,3.0071
2019-07-01,44007,Providence,27.9085,17.2759,59.4659,2.7017
2019-07-02,44007,Providence,27.287,16.8583,67.8078,2.6898
2019-07-03,44007,Providence,31.3373,17.6928,62.1621,1.2163
2019-07-04,44007,Providence,31.7783,17.2119,64.7178,1.9025
2019-07-05,44007,Providence,29.8012,20.6744,64.6545,2.4327
2019-07-06,44007,Providence,31.2288,19.9934,74.435,3.3591
2019-07-07,44007,Providence,26.6638,13.8284,75.6108,2.3537
2019-07-08,44007,Providence,27.1974,14.5624,63.7635,1.1658
2019-07-09,44007,Providence,29.5611,15.7644,55.8927,1.9827
2019-07-10,44007,Providence,30.7805,17.9182,57.3207,1.7817
2019-07-11,44007,Providence,27.5471,20.1195,74.3591,3.208
2019-07-12,44007,Providence,30.2662,19.4857,72.5903,1.7323
2019-07-13,44007,Providence,29.6693,18.2229,66.6159,2.1771
2019-07-14,44007,Providence,31.2231,15.463,68.0231,2.7543
2019-07-15,44007,Providence,28.0237,15.1259,56.6642,2.7663
2019-07-16,44007,Providence,29.8259,21.1627,57.4473,2.4975
2019-07-17,44007,Providence,32.0604,20.2643,73.9846,3.1143
2019-07-18,44007,Providence,23.0775,17.4766,93.3531,1.7324
2019-07-19,44007,Providence,31.3018,20.6148,71.6396,2.8898
2019-07-20,44007,Providence,34.1786,23.4,70.8147,3.3753
2019-07-21,44007,Providence,34.5203,20.7515,65.4494,3.4725
2019-07-22,44007,Providence,28.1869,17.5586,77.5455,1.6117
2019-07-23,44007,Providence,20.9765,16.6318,89.2619,1.9804
2019-07-24,44007,Providence,27.2199,15.4791,66.8435,1.8423
2019-07-25,44007,Providence,27.4023,15.2642,63.8926,1.2615
2019-07-26,44007,Providence,29.1352,16.1831,60.8523,1.6078
2019-07-27,44007,Providence,27.0293,16.7236,71.0711,2.2448
2019-07-28,44007,Providence,31.4216,20.7161,62.8696,3.4613
2019-07-29,44007,Providence,31.6309,20.4226,66.7463,3.1896
2019-07-30,44007,Providence,33.0082,20.603,64.8482,2.863
2019-07-31,44007,Providence,31.5185,18.5241,70.034,2.7949
2019-08-01,44007,Providence,29.2954,14.3997,71.6662,1.5404
2019-08-02,44007,Providence,29.0097,15.8455,62.5004,1.8482
2019-08-03,44007,Providence,29.0184,19.0472,67.211,3.2823
2019-08-04,44007,Providence,29.3303,13.7691,71.879,2.0197
2019-08-05,44007,Providence,27.456,14.939,59.2094,1.7067
2019-08-06,44007,Providence,25.5364,17.0792,81.8947,2.0473
2019-08-07,44007,Providence,28.1897,19.1686,77.1633,3.2932
2019-08-08,44007,Providence,28.6636,16.3239,78.5569,3.8549
2019-08-09,44007,Providence,27.9822,13.8722,66.5201,3.2593
2019-08-10,44007,Providence,25.6778,11.5887,61.7122,3.5796
2019-08-11,44007,Providence,25.4074,13.6508,55.2316,2.8816
2019-08-12,44007,Providence,28.0957,19.0277,56.9461,3.2957
2019-08-13,44007,Providence,23.5961,17.4377,95.5178,2.6563
2019-08-14,44007,Providence,26.2471,14.778,85.033,1.5282
2019-08-15,44007,Providence,27.2915,15.3874,67.4448,2.4387
2019-08-16,44007,Providence,27.781,17.8732,61.9922,1.934
2019-08-17,44007,Providence,26.1293,19.7959,77.2446,1.8779
2019-08-18,44007,Providence,30.55,21.1037,72.9989,2.5424
2019-08-19,44007,Providence,31.8917,18.1201,76.5163,3.0591
2019-08-20,44007,Providence,29.6961,17.4409,64.0086,1.3081
2019-08-21,44007,Providence,27.8248,19.7891,79.1577,3.5162
2019-08-22,44007,Providence,30.3108,17.7535,78.0281,3.0333
2019-08-23,44007,Providence,24.1883,12.2678,74.9958,1.9131
2019-08-24,44007,Providence,23.5824,12.7524,63.3341,3.2439
2019-08-25,44007,Providence,20.4135,10.3138,78.5628,4.2933
2019-08-26,44007,Providence,22.6284,8.9765,67.6672,3.1904
2019-08-27,44007,Providence,23.1355,12.5103,61.8219,1.747
2019-08-28,44007,Providence,24.0767,16.5729,78.5036,1.5954
2019-08-29,44007,Providence,27.6899,12.6106,71.4852,2.3748
2019-08-30,44007,Providence,27.6373,14.0202,66.1129,3.5885
2019-08-31,44007,Providence,25.2032,11.8057,58.9105,2.4536
2019-09-01,44007,Providence,23.5456,12.9708,59.3423,2.4101
2019-09-02,44007,Providence,23.4511,15.0883,75.9707,3.5639
2019-09-03,44007,Providence,26.408,14.9931,65.397,1.684
2019-09-04,44007,Providence,27.1598,12.803,80.781,4.0422
2019-09-05,44007,Providence,21.1264,11.2739,68.4291,1.8591
2019-09-06,44007,Providence,18.532,11.4966,81.1858,4.385
2019-09-07,44007,Providence,21.4954,11.3147,67.9912,4.4134
2019-09-08,44007,Providence,22.9564,10.9055,59.8679,2.7682
2019-09-09,44007,Providence,23.1082,12.1499,62.4943,1.597
2019-09-10,44007,Providence,22.6346,14.7659,72.3865,2.9716
2019-09-11,44007,Providence,27.6103,16.587,73.5891,4.309
2019-09-12,44007,Providence,18.7236,7.9627,99.9594,3.186
2019-09-13,44007,Providence,19.8266,6.4926,63.8571,3.1155
2019-09-14,44007,Providence,21.0235,11.8878,85.0905,3.9258
2019-09-15,44007,Providence,24.9551,13.3743,71.286,3.0665
2019-09-16,44007,Providence,22.327,8.4948,68.5817,2.5193
2019-09-17,44007,Providence,20.4312,9.931,59.4293,3.0021
2019-09-18,44007,Providence,17.2149,4.1349,66.5947,3.642
2019-09-19,44007,Providence,19.8458,5.1279,51.7328,1.8457
2019-09-20,44007,Providence,24.979,8.5802,51.873,2.6436
2019-09-21,44007,Providence,27.3283,11.8883,53.6174,1.8318
2019-09-22,44007,Providence,27.4407,15.9122,57.7625,3.7936
2019-09-23,44007,Providence,28.5148,15.9895,68.6546,5.2523
2019-09-24,44007,Providence,23.2373,9.731,71.3502,3.5567
2019-09-25,44007,Providence,21.8036,10.6249,57.9927,2.7022
2019-09-26,44007,Providence,24.9005,9.2181,71.8736,3.6398
2019-09-27,44007,Providence,21.8978,9.6508,57.837,2.3545
2019-09-28,44007,Providence,24.1509,14.4979,68.3803,3.7135
2019-09-29,44007,Providence,23.4464,8.8921,61.4206,3.2591
2019-09-30,44007,Providence,18.8136,9.4265,60.3735,2.2252
2019-10-01,44007,Providence,22.0945,14.2695,66.366,4.4106
2019-10-02,44007,Providence,26.1067,9.4605,70.4674,3.2962
2019-10-03,44007,Providence,12.3364,8.6791,73.026,3.4151
2019-10-04,44007,Providence,16.1272,1.5516,70.9591,4.1569
2019-10-05,44007,Providence,15.4223,1.629,41.882,2.3243
2019-10-06,44007,Providence,19.8705,5.7165,68.6661,4.6115
2019-10-07,44007,Providence,24.4727,12.1471,70.4512,5.1347
2019-10-08,44007,Providence,16.44,9.9708,66.3856,3.5657
2019-10-09,44007,Providence,12.9156,9.6699,75.7298,6.0459
2019-10-10,44007,Providence,12.6792,10.0481,70.2187,8.1208
2019-10-11,44007,Providence,12.9241,10.4499,73.3084,7.7737
2019-10-12,44007,Providence,13.5937,7.5635,85.8214,3.1964
2019-10-13,44007,Providence,19.1677,6.998,60.4194,1.9
2019-10-14,44007,Providence,19.6653,5.4934,71.9158,2.9336
2019-10-15,44007,Providence,16.3273,2.0346,52.9262,1.8511
2019-10-16,44007,Providence,16.2536,4.8291,76.6619,5.1884
2019-10-17,44007,Providence,12.4408,7.8703,74.886,8.4728
2019-10-18,44007,Providence,14.6098,1.8124,61.9862,4.5512
2019-10-19,44007,Providence,14.8113,1.0045,54.8772,2.343
2019-10-20,44007,Providence,15.743,2.8952,71.6047,2.005
2019-10-21,44007,Providence,17.3133,6.4153,68.1892,3.6713
2019-10-22,44007,Providence,14.7325,9.4227,83.2272,3.7545
2019-10-23,44007,Providence,18.603,2.4595,69.1358,3.7237
2019-10-24,44007,Providence,18.3496,3.2589,51.2189,3.1382
2019-10-25,44007,Providence,18.0008,6.7259,59.2293,1.5141
2019-10-26,44007,Providence,15.4991,6.8163,58.4555,2.1412
2019-10-27,44007,Providence,11.589,8.7102,82.1029,4.8632
2019-10-28,44007,Providence,12.998,8.8913,72.9504,3.0003
2019-10-29,44007,Providence,13.2497,9.6887,85.1876,2.2649
2019-10-30,44007,Providence,17.5306,12.0238,81.8195,2.108
2019-10-31,44007,Providence,20.8561,9.5173,90.5708,6.837
2019-11-01,44007,Providence,13.1433,-1.6271,67.1014,6.4927
2019-11-02,44007,Providence,9.8357,-0.3834,59.9093,1.6751
2019-11-03,44007,Providence,11.4566,-1.5749,55.2742,3.147
2019-11-04,44007,Providence,11.4957,1.33,49.9665,2.5282
2019-11-05,44007,Providence,12.7304,1.1992,91.4138,3.683
2019-11-06,44007,Providence,11.1284,-0.5585,49.5689,3.2759
2019-11-07,44007,Providence,13.0715,-1.3747,69.0889,3.7719
2019-11-08,44007,Providence,1.341,-7.151,65.0329,5.1271
2019-11-09,44007,Providence,3.4829,-5.4223,44.9366,2.2248
2019-11-10,44007,Providence,10.1938,-1.5964,54.5816,3.334
2019-11-11,44007,Providence,15.5771,3.3035,54.6524,2.1218
2019-11-12,44007,Providence,9.2613,-8.2158,81.9058,5.4348
2019-11-13,44007,Providence,-1.0233,-9.77,36.7084,4.6831
2019-11-14,44007,Providence,3.8945,-7.1853,61.8048,2.2934
2019-11-15,44007,Providence,10.9835,-4.095,47.5623,3.6314
2019-11-16,44007,Providence,2.4599,-5.4419,43.415,5.0222
2019-11-17,44007,Providence,2.5784,-3.4792,74.9868,4.9307
2019-11-18,44007,Providence,4.3691,1.6232,81.0301,5.0341
2019-11-19,44007,Providence,7.0541,3.2789,70.6536,1.7526
2019-11-20,44007,Providence,4.4956,-0.3741,78.4219,3.2566
2019-11-21,44007,Providence,9.2424,0.3064,53.3582,2.7631
2019-11-22,44007,Providence,11.7627,-2.2862,66.9559,5.4692
2019-11-23,44007,Providence,6.8832,-0.824,45.8548,3.0951
2019-11-24,44007,Providence,7.1023,2.5688,73.8851,4.4652
2019-11-25,44007,Providence,10.707,0.2876,59.1426,3.3344
2019-11-26,44007,Providence,14.9769,0.6814,57.1079,3.154
2019-11-27,44007,Providence,11.1277,1.8522,80.2618,3.3283
2019-11-28,44007,Providence,7.7389,-1.2126,64.0965,6.8716
2019-11-29,44007,Providence,4.9652,-2.8719,49.3029,4.6724
2019-11-30,44007,Providence,2.9368,-8.2066,39.9951,4.3641
2019-12-01,44007,Providence,2.3847,-6.8933,66.4742,4.2804
2019-12-02,44007,Providence,2.6198,-2.4803,82.9709,8.0197
2019-12-03,44007,Providence,1.1216,-4.0645,66.5646,5.4075
2019-12-04,44007,Providence,2.2845,-2.7993,65.158,2.6706
2019-12-05,44007,Providence,4.9878,-4.0457,63.2644,4.1278
2019-12-06,44007,Providence,4.5299,-4.1979,60.9462,4.1865
2019-12-07,44007,Providence,0.6002,-11.0026,63.1467,3.461
2019-12-08,44007,Providence,4.2292,-9.9954,56.1949,2.578
2019-12-09,44007,Providence,13.757,3.6601,63.2544,4.9865
2019-12-10,44007,Providence,14.2337,-1.5411,85.0683,5.0634
2019-12-11,44007,Providence,0.674,-7.3257,70.6395,3.7921
2019-12-12,44007,Providence,-0.545,-7.2669,58.4499,2.5372
2019-12-13,44007,Providence,11.6293,-4.7141,55.817,3.0202
2019-12-14,44007,Providence,15.4907,5.2631,52.9856,4.8226
2019-12-15,44007,Providence,8.3504,-1.8902,50.8586,7.2309
2019-12-16,44007,Providence,-0.0009,-3.0365,40.5022,3.0514
2019-12-17,44007,Providence,0.3044,-3.0169,76.0642,3.4194
2019-12-18,44007,Providence,1.4073,-11.6713,76.115,4.6652
2019-12-19,44007,Providence,-6.1989,-11.4321,51.6419,6.4088
2019-12-20,44007,Providence,-1.2448,-9.9156,52.9697,3.9046
2019-12-21,44007,Providence,0.7738,-8.1973,67.9245,1.7029
2019-12-22,44007,Providence,5.479,-3.8309,62.6512,3.7342
2019-12-23,44007,Providence,12.4744,-1.9112,46.0966,3.9853
2019-12-24,44007,Providence,7.0084,-4.6031,50.9845,3.1769
2019-12-25,44007,Providence,5.0986,-4.1174,58.5985,1.4677
2019-12-26,44007,Providence,4.9548,0.1272,58.745,2.7335
2019-12-27,44007,Providence,9.5704,1.6188,64.3056,3.5336
2019-12-28,44007,Providence,8.2615,-1.5404,59.0299,3.2776
2019-12-29,44007,Providence,6.0173,-1.0627,50.863,1.9921
2019-12-30,44007,Providence,3.3281,0.9178,71.4629,6.2895
2019-12-31,44007,Providence,2.898,-6.5472,85.8819,3.485
2020-01-01,44007,Providence,4.8303,-0.8535,49.8768,4.7477
2020-01-02,44007,Providence,8.5212,-0.26,46.981,4.3093
2020-01-03,44007,Providence,9.3857,5.0636,57.1249,2.9621
2020-01-04,44007,Providence,7.2321,1.8759,77.3547,1.3674
2020-01-05,44007,Providence,3.3058,-3.3201,53.738,5.2536
2020-01-06,44007,Providence,2.6119,-2.9642,57.2489,2.9979
2020-01-07,44007,Providence,5.1931,-3.5667,51.4135,2.5834
2020-01-08,44007,Providence,4.512,-7.4127,58.387,5.2115
2020-01-09,44007,Providence,-0.2383,-7.2584,34.0598,3.7813
2020-01-10,44007,Providence,11.9194,-1.9127,54.3908,4.9991
2020-01-11,44007,Providence,18.0026,11.9506,50.9693,6.0517
2020-01-12,44007,Providence,20.667,1.2492,51.9258,6.3599
2020-01-13,44007,Providence,4.8819,0.8817,67.6046,2.3093
2020-01-14,44007,Providence,4.8461,0.8048,67.439,2.0591
2020-01-15,44007,Providence,8.642,-1.4099,60.0219,2.3393
2020-01-16,44007,Providence,6.9989,-8.0959,63.6612,5.9202
2020-01-17,44007,Providence,-4.9834,-10.6518,32.0475,6.7489
2020-01-18,44007,Providence,0.2955,-9.9323,48.1055,3.0921
2020-01-19,44007,Providence,5.2636,-8.8311,67.2359,4.3436
2020-01-20,44007,Providence,-2.3573,-12.129,52.3322,4.6672
2020-01-21,44007,Providence,-3.04,-12.226,52.3864,2.4689
2020-01-22,44007,Providence,1.8128,-11.6454,56.8714,1.9844
2020-01-23,44007,Providence,7.584,-8.3094,50.9752,2.4424
2020-01-24,44007,Providence,8.8017,-2.2484,47.8939,2.1051
2020-01-25,44007,Providence,9.7211,3.3579,54.0509,4.6148
2020-01-26,44007,Providence,8.4094,-0.2507,55.2697,4.0136
2020-01-27,44007,Providence,6.5994,1.0526,51.6194,3.8809
2020-01-28,44007,Providence,4.4673,-1.1207,52.7638,3.0433
2020-01-29,44007,Providence,4.1572,-7.2336,46.1802,3.6038
2020-01-30,44007,Providence,1.9149,-6.9118,37.1159,1.8602
2020-01-31,44007,Providence,6.1677,-5.0549,49.4976,1.6855
2020-02-01,44007,Providence,4.1987,-0.5317,64.0388,1.3825
2020-02-02,44007,Providence,4.9374,-2.8747,61.3015,2.2216
2020-02-03,44007,Providence,7.8809,-2.4583,56.1439,3.087
2020-02-04,44007,Providence,9.0516,0.6463,62.1437,2.2057
2020-02-05,44007,Providence,5.3749,-0.4507,52.2846,2.5704
2020-02-06,44007,Providence,3.7034,0.7643,72.336,2.8857
2020-02-07,44007,Providence,12.2351,-4.4449,61.7718,6.0786
2020-02-08,44007,Providence,2.4702,-7.483,38.5421,5.202
2020-02-09,44007,Providence,4.8537,-6.3867,50.3798,2.2731
2020-02-10,44007,Providence,7.07,3.7936,64.3858,4.6063
2020-02-11,44007,Providence,5.6846,1.2819,76.4919,1.9486
2020-02-12,44007,Providence,6.2662,0.7521,46.1035,3.9567
2020-02-13,44007,Providence,3.7983,-2.0752,89.9909,2.7363
2020-02-14,44007,Providence,-0.7622,-13.5735,48.0415,4.65
2020-02-15,44007,Providence,-0.772,-12.0073,35.1496,3.5644
2020-02-16,44007,Providence,5.811,-4.033,53.1805,4.2211
2020-02-17,44007,Providence,7.5365,-3.748,45.4003,2.426
2020-02-18,44007,Providence,4.4596,-1.1081,71.4309,4.5898
2020-02-19,44007,Providence,6.4973,-6.4163,50.8714,4.7432
2020-02-20,44007,Providence,0.4799,-9.9991,31.651,3.4884
2020-02-21,44007,Providence,0.1786,-9.0739,30.6845,3.6306
2020-02-22,44007,Providence,8.0012,-4.7937,34.5702,3.8615
2020-02-23,44007,Providence,12.2113,-2.9086,37.0759,2.9402
2020-02-24,44007,Providence,16.1917,0.2882,40.3891,3.0869
2020-02-25,44007,Providence,12.6841,4.8598,56.8424,1.5866
2020-02-26,44007,Providence,10.034,5.1722,59.7054,3.4748
2020-02-27,44007,Providence,10.2693,-2.9885,53.1056,7.6143
2020-02-28,44007,Providence,3.1901,-5.9799,30.5278,6.2536
2020-02-29,44007,Providence,2.3088,-7.7542,34.3994,4.2655
2020-03-01,44007,Providence,1.7506,-6.9171,33.6258,4.0325
2020-03-02,44007,Providence,12.8201,-2.0579,48.1459,4.5378
2020-03-03,44007,Providence,17.1008,5.5901,58.1067,4.1879
2020-03-04,44007,Providence,11.3239,1.9502,48.8029,6.2142
2020-03-05,44007,Providence,11.3011,-2.2098,40.5238,3.2167
2020-03-06,44007,Providence,10.1606,-1.3337,50.5469,5.3538
2020-03-07,44007,Providence,7.4464,-2.8128,31.3202,6.4114
2020-03-08,44007,Providence,13.2566,0.1984,28.9622,3.8719
2020-03-09,44007,Providence,22.3198,5.8904,31.0941,4.3593
2020-03-10,44007,Providence,19.9612,4.7428,49.1395,4.9763
2020-03-11,44007,Providence,13.6026,-0.665,47.5652,2.6387
2020-03-12,44007,Providence,10.2823,2.2476,55.0733,3.0454
2020-03-13,44007,Providence,16.6933,2.517,61.5858,6.0195
2020-03-14,44007,Providence,11.4375,2.4686,39.3549,4.8333
2020-03-15,44007,Providence,10.413,-4.141,35.696,3.3748
2020-03-16,44007,Providence,5.8555,-2.9276,41.7056,3.1298
2020-03-17,44007,Providence,8.7592,-0.9081,68.6812,3.2294
2020-03-18,44007,Providence,12.8241,0.9372,40.467,2.2379
2020-03-19,44007,Providence,8.2525,3.8881,76.703,2.9497
2020-03-20,44007,Providence,18.9765,4.8875,69.3188,5.1003
2020-03-21,44007,Providence,9.9997,-3.7341,45.4015,4.3998
2020-03-22,44007,Providence,5.4039,-3.2259,34.041,3.255
2020-03-23,44007,Providence,4.4954,-0.4911,67.5294,5.1588
2020-03-24,44007,Providence,9.7851,0.3353,59.8618,3.2629
2020-03-25,44007,Providence,6.5628,-0.0225,65.4627,4.1911
2020-03-26,44007,Providence,13.2877,0.8529,47.293,2.9979
2020-03-27,44007,Providence,17.5981,-0.6367,40.4696,3.4197
2020-03-28,44007,Providence,12.5975,4.463,48.0531,2.5045
2020-03-29,44007,Providence,7.8268,3.29,80.2367,4.9275
2020-03-30,44007,Providence,6.6226,0.4151,82.4655,3.544
2020-03-31,44007,Providence,8.9098,-1.8652,54.8354,3.3563
2020-04-01,44007,Providence,8.3023,0.3838,55.0915,3.9041
2020-04-02,44007,Providence,11.4598,3.6559,50.8949,6.3952
2020-04-03,44007,Providence,8.3017,4.0291,70.8793,7.1775
2020-04-04,44007,Providence,11.3576,3.4064,60.5883,3.6934
2020-04-05,44007,Providence,12.9933,3.2548,65.454,2.8732
2020-04-06,44007,Providence,16.9786,4.9765,39.6101,2.6952
2020-04-07,44007,Providence,18.128,5.6525,34.3128,3.0253
2020-04-08,44007,Providence,12.2341,3.6427,61.6609,2.0943
2020-04-09,44007,Providence,10.1708,2.6721,68.8598,5.5746
2020-04-10,44007,Providence,9.6946,0.4767,47.208,6.6516
2020-04-11,44007,Providence,11.1815,-1.6736,40.8981,5.2134
2020-04-12,44007,Providence,16.0372,6.0784,42.2346,4.2738
2020-04-13,44007,Providence,15.9512,6.0293,75.689,7.9342
2020-04-14,44007,Providence,15.0404,2.5372,47.5946,3.2298
2020-04-15,44007,Providence,12.1593,-0.6651,42.7927,3.0858
2020-04-16,44007,Providence,9.0678,-0.6602,40.7609,3.9758
2020-04-17,44007,Providence,10.2011,-0.1406,40.8097,3.9967
2020-04-18,44007,Providence,4.9704,-1.0541,78.9576,3.8464
2020-04-19,44007,Providence,15.9713,3.798,44.5176,5.1617
2020-04-20,44007,Providence,12.0312,-1.1367,57.4945,2.5018
2020-04-21,44007,Providence,11.0595,-0.3387,66.2029,5.5491
2020-04-22,44007,Providence,8.2605,-1.2393,36.2097,6.3238
2020-04-23,44007,Providence,12.1832,2.3265,37.7424,3.4913
2020-04-24,44007,Providence,8.5902,0.2042,74.3339,3.9326
2020-04-25,44007,Providence,18.6857,3.4138,35.2024,1.5699
2020-04-26,44007,Providence,12.0069,3.5909,57.718,5.2693
2020-04-27,44007,Providence,6.0825,1.7352,76.5555,5.3306
2020-04-28,44007,Providence,14.2362,0.4225,48.6682,2.976
2020-04-29,44007,Providence,17.3991,5.867,41.247,3.0887
2020-04-30,44007,Providence,13.0009,5.9763,73.2997,6.3817
2020-05-01,44007,Providence,19.3367,7.379,71.9744,3.8849
2020-05-02,44007,Providence,21.6186,9.6106,41.4562,3.8977
2020-05-03,44007,Providence,25.0241,12.6245,46.5775,3.6919
2020-05-04,44007,Providence,22.1228,5.5424,44.0413,3.9646
2020-05-05,44007,Providence,15.8858,1.922,44.7655,3.4612
2020-05-06,44007,Providence,14.7541,3.045,52.8787,2.0763
2020-05-07,44007,Providence,17.7486,6.2017,43.0782,3.0775
2020-05-08,44007,Providence,14.0989,1.3084,56.3784,2.7403
2020-05-09,44007,Providence,7.8758,0.1814,48.329,7.2601
2020-05-10,44007,Providence,16.4194,3.3655,40.4708,6.295
2020-05-11,44007,Providence,16.7147,3.3577,60.9514,4.3577
2020-05-12,44007,Providence,13.6641,1.3416,46.5075,4.8856
2020-05-13,44007,Providence,15.4731,2.3992,35.9791,4.4245
2020-05-14,44007,Providence,21.3752,9.5852,33.6122,3.3979
2020-05-15,44007,Providence,26.1058,11.3424,57.0634,3.6363
2020-05-16,44007,Providence,22.6396,8.7532,58.9489,2.9044
2020-05-17,44007,Providence,19.0167,9.1637,54.6137,2.3219
2020-05-18,44007,Providence,18.4634,6.763,62.174,2.503
2020-05-19,44007,Providence,17.3301,4.7115,51.0209,5.224
2020-05-20,44007,Providence,19.1012,2.7913,43.0909,2.5731
2020-05-21,44007,Providence,23.2395,8.2765,41.0866,3.1669
2020-05-22,44007,Providence,26.6638,15.3817,50.3018,4.1561
2020-05-23,44007,Providence,20.6682,6.5398,72.4076,3.7763
2020-05-24,44007,Providence,18.9422,8.7843,54.4282,3.7459
2020-05-25,44007,Providence,21.1837,10.1872,68.4842,2.1695
2020-05-26,44007,Providence,27.1926,14.8358,58.6117,2.4478
2020-05-27,44007,Providence,27.7179,16.2519,55.5893,3.3686
2020-05-28,44007,Providence,24.6123,18.3102,67.1494,3.7683
2020-05-29,44007,Providence,24.6772,17.8412,71.2362,5.1909
2020-05-30,44007,Providence,26.1877,13.1599,57.7388,3.6501
2020-05-31,44007,Providence,19.6302,3.9915,53.4076,3.7964
2020-06-01,44007,Providence,17.6465,5.5165,50.1874,2.6872
2020-06-02,44007,Providence,21.7504,11.1697,50.1517,2.3363
2020-06-03,44007,Providence,26.1603,14.8605,63.1966,2.5576
2020-06-04,44007,Providence,29.9728,17.6683,52.7987,2.9633
2020-06-05,44007,Providence,25.5805,18.3816,73.9315,3.6387
2020-06-06,44007,Providence,29.0083,12.8543,72.4688,3.4659
2020-06-07,44007,Providence,20.9154,9.3053,65.2908,3.2662
2020-06-08,44007,Providence,25.3915,11.8109,45.7005,2.7307
2020-06-09,44007,Providence,27.7049,14.9936,51.8398,1.877
2020-06-10,44007,Providence,26.69,17.5086,63.2363,3.403
2020-06-11,44007,Providence,21.9881,17.8662,80.7709,4.7515
2020-06-12,44007,Providence,27.4261,13.748,64.9706,2.8582
2020-06-13,44007,Providence,23.2448,9.8564,54.813,2.485
2020-06-14,44007,Providence,22.091,10.2611,55.5557,3.2946
2020-06-15,44007,Providence,22.0521,8.6887,64.8152,2.9828
2020-06-16,44007,Providence,24.7987,9.2989,56.3343,2.1008
2020-06-17,44007,Providence,27.0742,14.2398,53.7676,1.6134
2020-06-18,44007,Providence,28.5863,17.798,62.5853,2.7162
2020-06-19,44007,Providence,28.9346,17.4101,66.0568,3.4539
2020-06-20,44007,Providence,31.1486,18.0015,59.3044,3.1878
2020-06-21,44007,Providence,31.5286,17.7555,61.8597,2.6659
2020-06-22,44007,Providence,28.6706,18.0495,70.347,1.7754
2020-06-23,44007,Providence,28.8494,19.0289,68.8754,3.0765
2020-06-24,44007,Providence,28.9151,14.9277,72.7033,3.3506
2020-06-25,44007,Providence,29.1509,16.1125,52.4842,2.9981
2020-06-26,44007,Providence,28.0374,14.4498,60.337,2.7889
2020-06-27,44007,Providence,27.8859,15.9737,64.8963,2.7214
2020-06-28,44007,Providence,28.5605,17.5416,67.6085,2.5039
2020-06-29,44007,Providence,24.6966,17.1052,70.8945,1.6407
2020-06-30,44007,Providence,23.0939,15.9222,76.4625,1.7611
2020-07-01,44007,Providence,25.4822,15.2303,73.5637,0.5983
2020-07-02,44007,Providence,29.7965,19.8201,65.4051,1.7235
2020-07-03,44007,Providence,25.4019,17.0259,82.1963,2.7745
2020-07-04,44007,Providence,27.2088,17.5007,71.074,2.0112
2020-07-05,44007,Providence,28.9864,18.0887,68.7983,2.3667
2020-07-06,44007,Providence,26.2254,16.6869,72.21,2.1299
2020-07-07,44007,Providence,24.1928,18.0489,67.277,2.9984
2020-07-08,44007,Providence,28.7772,21.012,71.7014,3.4312
2020-07-09,44007,Providence,31.5562,20.4291,69.1103,2.8131
2020-07-10,44007,Providence,28.4681,21.9075,72.426,3.776
2020-07-11,44007,Providence,29.776,21.4318,77.8898,4.6219
2020-07-12,44007,Providence,30.0529,20.6931,68.4077,4.4957
2020-07-13,44007,Providence,29.5947,18.1021,69.4165,2.7162
2020-07-14,44007,Providence,27.8165,16.8138,70.9368,1.8408
2020-07-15,44007,Providence,24.1348,13.3276,76.6861,2.6647
2020-07-16,44007,Providence,25.2255,14.9202,59.9248,2.4355
2020-07-17,44007,Providence,22.9354,16.1445,81.3376,2.8073
2020-07-18,44007,Providence,31.7943,19.4786,59.3388,2.5837
2020-07-19,44007,Providence,33.5321,22.1592,57.6268,4.1374
2020-07-20,44007,Providence,33.1017,19.6425,69.4762,3.7726
2020-07-21,44007,Providence,31.8022,19.5106,52.3053,2.2165
2020-07-22,44007,Providence,30.3771,20.8796,64.2981,2.1662
2020-07-23,44007,Providence,30.9823,20.9013,71.5888,3.2532
2020-07-24,44007,Providence,28.6296,18.2463,72.2943,1.6329
2020-07-25,44007,Providence,31.7883,21.1321,55.3034,2.6837
2020-07-26,44007,Providence,32.8022,21.5199,55.5955,4.2551
2020-07-27,44007,Providence,34.3708,23.4075,50.9602,4.0497
2020-07-28,44007,Providence,34.7377,19.0141,60.6608,3.6471
2020-07-29,44007,Providence,31.4498,20.1094,51.9875,2.581
2020-07-30,44007,Providence,31.3845,20.0455,59.129,3.5971
2020-07-31,44007,Providence,29.4043,17.1874,60.0675,1.2996
2020-08-01,44007,Providence,31.541,19.3928,51.8506,1.741
2020-08-02,44007,Providence,28.4832,22.7546,67.5749,3.7902
2020-08-03,44007,Providence,32.2616,21.8435,58.1649,4.5101
2020-08-04,44007,Providence,27.9697,19.9826,75.9972,5.5346
2020-08-05,44007,Providence,30.943,15.7409,61.8877,3.715
2020-08-06,44007,Providence,27.6721,16.6656,50.5634,1.8016
2020-08-07,44007,Providence,27.0376,17.397,54.1084,2.0692
2020-08-08,44007,Providence,29.2647,18.2804,59.2493,1.5149
2020-08-09,44007,Providence,31.1789,19.7334,59.033,3.2816
2020-08-10,44007,Providence,33.1871,21.0446,59.4905,3.3834
2020-08-11,44007,Providence,32.607,22.3405,61.8739,3.9241
2020-08-12,44007,Providence,32.5955,20.8839,64.927,3.2496
2020-08-13,44007,Providence,30.0056,17.4873,63.3978,1.2992
2020-08-14,44007,Providence,30.2409,17.1628,50.2775,3.1276
2020-08-15,44007,Providence,21.8834,17.7375,73.0288,4.1689
2020-08-16,44007,Providence,21.0113,16.1442,86.9509,4.0516
2020-08-17,44007,Providence,25.5283,17.1379,65.6475,2.8238
2020-08-18,44007,Providence,27.8504,13.1579,64.4233,3.4693
2020-08-19,44007,Providence,25.2404,12.3866,61.6236,2.6165
2020-08-20,44007,Providence,26.0533,14.187,47.6724,2.323
2020-08-21,44007,Providence,29.8133,17.281,53.4727,3.6387
2020-08-22,44007,Providence,30.5881,16.7521,64.2986,2.766
2020-08-23,44007,Providence,31.2763,18.5601,63.3038,2.4782
2020-08-24,44007,Providence,30.0745,20.2794,68.1528,2.5978
2020-08-25,44007,Providence,31.1858,14.4724,60.2159,3.9782
2020-08-26,44007,Providence,23.7818,13.3718,48.0258,3.7279
2020-08-27,44007,Providence,22.2494,14.4127,73.3462,2.1636
2020-08-28,44007,Providence,26.7072,16.5576,61.1858,2.4609
2020-08-29,44007,Providence,24.4906,15.5766,95.0979,3.89
2020-08-30,44007,Providence,24.7042,8.9165,64.7375,4.0928
2020-08-31,44007,Providence,23.2958,11.1758,54.0069,1.9146
2020-09-01,44007,Providence,24.7262,13.9873,68.7459,3.1957
2020-09-02,44007,Providence,22.2441,17.0779,90.3297,2.9735
2020-09-03,44007,Providence,27.5832,18.4522,75.2969,1.989
2020-09-04,44007,Providence,28.4579,11.9731,62.4108,2.9501
2020-09-05,44007,Providence,25.0035,13.0765,44.7986,2.9294
2020-09-06,44007,Providence,26.0262,13.9931,52.0864,2.9229
2020-09-07,44007,Providence,25.6554,15.262,60.8431,3.1604
2020-09-08,44007,Providence,28.6831,16.8997,51.4808,1.993
2020-09-09,44007,Providence,26.5028,17.869,62.1959,1.5295
2020-09-10,44007,Providence,26.3727,18.9091,78.097,2.2678
2020-09-11,44007,Providence,19.8724,8.9144,89.529,3.2224
2020-09-12,44007,Providence,21.8677,8.623,54.74,3.0266
2020-09-13,44007,Providence,23.1331,13.4849,70.6182,3.6943
2020-09-14,44007,Providence,23.7918,5.9955,66.514,3.902
2020-09-15,44007,Providence,18.6483,7.3013,46.1069,2.1376
2020-09-16,44007,Providence,21.9424,11.1669,58.7495,4.368
2020-09-17,44007,Providence,23.5871,13.2438,66.4047,3.3295
2020-09-18,44007,Providence,18.0231,5.5611,77.1838,4.211
2020-09-19,44007,Providence,16.5051,3.5762,38.4548,3.6922
2020-09-20,44007,Providence,15.4753,2.2331,42.1345,4.1307
2020-09-21,44007,Providence,17.0801,2.5523,42.3391,3.9959
2020-09-22,44007,Providence,18.2504,6.5741,39.8043,4.0615
2020-09-23,44007,Providence,24.817,10.4955,47.5855,3.6348
2020-09-24,44007,Providence,25.0516,10.5809,50.5107,3.0655
2020-09-25,44007,Providence,27.3912,13.014,50.0698,2.2582
2020-09-26,44007,Providence,24.4478,16.144,58.6524,2.703
2020-09-27,44007,Providence,24.7229,18.5886,68.7253,2.9225
2020-09-28,44007,Providence,24.2004,16.9017,78.021,3.5204
2020-09-29,44007,Providence,23.587,18.1086,75.4282,3.5161
2020-09-30,44007,Providence,21.9177,11.2179,69.5914,6.2154
2020-10-01,44007,Providence,23.7237,11.3866,59.0302,3.4773
2020-10-02,44007,Providence,17.3166,4.6338,74.0996,2.0209
2020-10-03,44007,Providence,19.4614,3.8142,51.6351,1.9734
2020-10-04,44007,Providence,19.6356,7.8253,52.259,2.3195
2020-10-05,44007,Providence,18.1652,6.8786,68.1103,2.2871
2020-10-06,44007,Providence,19.6818,9.4463,61.0876,3.1695
2020-10-07,44007,Providence,22.558,9.1896,56.7176,6.184
2020-10-08,44007,Providence,16.4509,2.3905,45.5911,5.0025
2020-10-09,44007,Providence,16.6166,5.6279,46.2619,3.8337
2020-10-10,44007,Providence,23.3666,13.1845,58.9156,6.7593
2020-10-11,44007,Providence,18.196,7.5367,56.0194,3.5156
2020-10-12,44007,Providence,12.327,8.8935,65.795,5.1374
2020-10-13,44007,Providence,15.1184,8.3964,75.9194,3.9842
2020-10-14,44007,Providence,20.1002,5.9159,54.0695,3.211
2020-10-15,44007,Providence,21.6514,8.7622,62.8684,4.1793
2020-10-16,44007,Providence,20.0054,5.3023,87.0443,2.5734
2020-10-17,44007,Providence,14.0886,0.3875,59.0132,3.7585
2020-10-18,44007,Providence,16.1283,2.1461,54.5461,2.538
2020-10-19,44007,Providence,17.5616,5.2232,74.1539,2.1467
2020-10-20,44007,Providence,18.8563,9.8623,79.4093,1.5549
2020-10-21,44007,Providence,22.4438,14.8315,69.0567,2.7822
2020-10-22,44007,Providence,24.3999,13.2314,63.0553,1.6242
2020-10-23,44007,Providence,19.6584,11.1274,71.7355,2.2675
2020-10-24,44007,Providence,18.7386,4.5802,79.1118,2.8072
2020-10-25,44007,Providence,11.0661,5.9675,55.0464,3.3396
2020-10-26,44007,Providence,12.4894,8.2562,79.5548,2.7656
2020-10-27,44007,Providence,13.07,6.2589,70.4936,2.0098
2020-10-28,44007,Providence,10.1118,6.3303,79.5271,1.8876
2020-10-29,44007,Providence,8.0785,1.2015,97.5591,3.1678
2020-10-30,44007,Providence,0.5869,-6.1592,100.0,5.5159
2020-10-31,44007,Providence,5.6024,-4.3568,52.6474,2.0057
2020-11-01,44007,Providence,9.5822,0.7252,78.1676,3.6526
2020-11-02,44007,Providence,4.7283,0.0688,51.4435,6.9487
2020-11-03,44007,Providence,6.1069,-1.9595,53.1045,4.9142
2020-11-04,44007,Providence,13.1003,0.7132,56.13,3.0015
2020-11-05,44007,Providence,19.8317,10.5366,55.1113,4.3791
2020-11-06,44007,Providence,21.0432,7.8972,58.1063,4.2059
2020-11-07,44007,Providence,23.8657,5.87,46.5461,3.1079
2020-11-08,44007,Providence,23.5608,4.0454,46.5216,1.4084
2020-11-09,44007,Providence,24.3247,5.4322,43.9294,2.3243
2020-11-10,44007,Providence,22.7634,8.5453,56.3534,3.8712
2020-11-11,44007,Providence,21.5953,16.8416,63.8804,5.0162
2020-11-12,44007,Providence,17.17,5.9442,78.95,3.2838
2020-11-13,44007,Providence,8.3193,0.6659,83.8375,2.9327
2020-11-14,44007,Providence,9.0759,-3.7479,59.7979,3.727
2020-11-15,44007,Providence,14.9731,-1.3139,57.866,4.7431
2020-11-16,44007,Providence,10.7246,-0.3436,59.1688,5.5464
2020-11-17,44007,Providence,8.4279,-2.6815,52.3276,3.7128
2020-11-18,44007,Providence,-0.0633,-8.2038,50.2448,4.0464
2020-11-19,44007,Providence,7.7673,-5.6008,53.3334,5.0225
2020-11-20,44007,Providence,16.5826,4.8251,51.5564,6.0179
2020-11-21,44007,Providence,16.1087,0.3683,51.6724,2.9537
2020-11-22,44007,Providence,12.8623,1.4181,55.3871,4.4791
2020-11-23,44007,Providence,14.2991,-0.9724,73.6485,5.5347
2020-11-24,44007,Providence,6.2919,-2.8926,48.4055,3.4538
2020-11-25,44007,Providence,11.514,0.0915,67.1986,3.0856
2020-11-26,44007,Providence,14.9981,4.7748,79.6075,3.3474
2020-11-27,44007,Providence,12.9814,5.2628,67.4814,1.7601
2020-11-28,44007,Providence,11.4691,-1.1923,63.1743,3.0219
2020-11-29,44007,Providence,11.6994,-0.0397,51.1027,3.0676
2020-11-30,44007,Providence,17.4957,2.4502,71.7538,6.2555
2020-12-01,44007,Providence,15.6102,-0.4252,76.3964,6.1312
2020-12-02,44007,Providence,5.4678,-1.5377,59.5453,5.0452
2020-12-03,44007,Providence,9.1673,-0.273,52.2334,4.5489
2020-12-04,44007,Providence,13.9413,5.4058,52.2804,4.8542
2020-12-05,44007,Providence,6.1299,-0.3861,85.669,5.7936
2020-12-06,44007,Providence,2.2452,-4.6456,57.067,5.8898
2020-12-07,44007,Providence,1.8273,-4.6311,53.3731,2.989
2020-12-08,44007,Providence,-0.9535,-7.0608,67.4707,3.9424
2020-12-09,44007,Providence,2.4787,-5.5428,64.5409,3.3471
2020-12-10,44007,Providence,7.3369,-4.065,57.0845,3.4516
2020-12-11,44007,Providence,10.2298,-2.6646,61.1061,2.9936
2020-12-12,44007,Providence,7.6953,2.2705,78.5118,2.1302
2020-12-13,44007,Providence,15.1998,-0.7672,69.1981,2.9373
2020-12-14,44007,Providence,2.08,-2.1946,75.2377,2.3716
2020-12-15,44007,Providence,1.5743,-7.8871,39.4055,4.9544
2020-12-16,44007,Providence,-0.9865,-7.8163,42.0149,5.038
2020-12-17,44007,Providence,-3.1448,-6.4865,86.4936,6.9965
2020-12-18,44007,Providence,-0.9072,-13.0417,66.9722,3.8505
2020-12-19,44007,Providence,0.3891,-12.2757,70.1502,1.8209
2020-12-20,44007,Providence,1.4652,-4.8841,80.924,1.5466
2020-12-21,44007,Providence,3.2129,-2.7324,76.3277,1.6248
2020-12-22,44007,Providence,6.0875,-2.8254,60.5437,4.0934
2020-12-23,44007,Providence,4.8942,-3.3422,53.1333,2.9832
2020-12-24,44007,Providence,15.0746,1.4221,52.0145,4.7546
2020-12-25,44007,Providence,15.5255,-2.3306,63.3601,6.972
2020-12-26,44007,Providence,-0.0671,-5.6977,55.7181,5.6089
2020-12-27,44007,Providence,3.1531,-5.4836,45.7062,2.4226
2020-12-28,44007,Providence,9.208,-1.7583,66.3308,3.7009
2020-12-29,44007,Providence,1.8562,-7.0138,51.9029,5.0151
2020-12-30,44007,Providence,7.7591,-5.6468,43.0343,4.7411
2020-12-31,44007,Providence,7.5557,-4.6296,91.8259,4.7094
2021-01-01,44007,Providence,5.4519,-3.33,51.8452,2.3163
2021-01-02,44007,Providence,8.5256,-2.2391,64.1278,3.7901
2021-01-03,44007,Providence,2.2355,-0.3342,63.0459,3.5649
2021-01-04,44007,Providence,4.5955,-0.772,61.8442,3.6834
2021-01-05,44007,Providence,2.2164,-0.3519,64.4028,3.2803
2021-01-06,44007,Providence,5.5464,-0.361,46.5634,4.5364
2021-01-07,44007,Providence,5.2482,-4.4137,43.1528,4.1422
2021-01-08,44007,Providence,6.3554,-4.4716,37.5702,3.3224
2021-01-09,44007,Providence,2.0693,-4.059,44.0844,4.2366
2021-01-10,44007,Providence,5.8172,-6.5234,38.5584,2.8975
2021-01-11,44007,Providence,2.7535,-5.7485,49.9308,2.3141
2021-01-12,44007,Providence,4.9948,-3.3106,47.648,2.5235
2021-01-13,44007,Providence,5.4716,-2.2809,45.9475,2.0879
2021-01-14,44007,Providence,6.0524,0.6755,58.6887,1.7131
2021-01-15,44007,Providence,6.6099,1.8591,55.6621,3.8054
2021-01-16,44007,Providence,11.4802,1.3146,65.5292,6.0099
2021-01-17,44007,Providence,6.0371,1.8038,47.8481,6.9378
2021-01-18,44007,Providence,7.0229,-2.9664,50.1461,4.7996
2021-01-19,44007,Providence,4.7539,-2.5888,45.7932,3.933
2021-01-20,44007,Providence,3.4902,-6.7715,47.092,3.5503
2021-01-21,44007,Providence,1.1751,-6.2667,48.7033,3.7525
2021-01-22,44007,Providence,6.4064,-2.7779,48.8894,3.2349
2021-01-23,44007,Providence,-1.2114,-8.374,39.7214,6.3478
2021-01-24,44007,Providence,-1.2588,-8.0871,30.45,6.3893
2021-01-25,44007,Providence,2.7555,-7.1291,32.4641,3.2987
2021-01-26,44007,Providence,1.8534,-4.1769,50.7862,2.9608
2021-01-27,44007,Providence,1.9862,-1.7891,67.0702,2.2834
2021-01-28,44007,Providence,0.0352,-12.6896,72.3036,4.8217
2021-01-29,44007,Providence,-7.4855,-13.7204,39.971,7.4379
2021-01-30,44007,Providence,-4.6574,-15.2746,40.8602,4.5573
2021-01-31,44007,Providence,-2.6572,-14.8014,57.5434,2.2191
2021-02-01,44007,Providence,1.2607,-4.4253,71.2573,8.2637
2021-02-02,44007,Providence,1.4486,-2.4841,73.7551,5.8552
2021-02-03,44007,Providence,1.0963,-2.4887,61.9219,3.5499
2021-02-04,44007,Providence,3.4752,-6.0637,61.5849,3.1889
2021-02-05,44007,Providence,5.5467,-3.8064,62.8737,2.9582
2021-02-06,44007,Providence,6.0049,-4.0943,47.3136,4.7038
2021-02-07,44007,Providence,0.3732,-9.9434,84.7834,3.5639
2021-02-08,44007,Providence,-1.8529,-11.8422,56.1303,3.5233
2021-02-09,44007,Providence,-2.0674,-10.845,85.7635,2.1472
2021-02-10,44007,Providence,0.0705,-9.7508,59.9144,2.7975
2021-02-11,44007,Providence,0.3336,-12.5133,54.8681,2.8489
2021-02-12,44007,Providence,-1.3872,-11.7601,48.0565,2.89
2021-02-13,44007,Providence,-1.688,-7.4261,54.4597,3.3444
2021-02-14,44007,Providence,2.795,-2.9679,61.0259,2.1081
2021-02-15,44007,Providence,2.4029,-2.0245,65.1776,3.3339
2021-02-16,44007,Providence,8.0865,-6.3095,68.8825,4.3898
2021-02-17,44007,Providence,-0.1583,-6.698,49.3722,3.6682
2021-02-18,44007,Providence,-1.867,-5.0612,57.8425,2.8354
2021-02-19,44007,Providence,-1.0556,-4.5526,76.3864,3.9898
2021-02-20,44007,Providence,0.6604,-8.8454,66.8201,3.591
2021-02-21,44007,Providence,1.2906,-10.6668,52.8681,3.4888
2021-02-22,44007,Providence,5.2164,-5.1619,63.0149,4.3389
2021-02-23,44007,Providence,6.5997,-0.6488,56.3666,4.1403
2021-02-24,44007,Providence,10.3156,2.1446,45.0359,4.447
2021-02-25,44007,Providence,6.8447,-4.0662,50.074,5.2877
2021-02-26,44007,Providence,6.2272,-3.329,39.5005,2.1898
2021-02-27,44007,Providence,9.2318,-1.3312,58.2858,3.6168
2021-02-28,44007,Providence,7.308,-0.4716,60.6275,2.3469
2021-03-01,44007,Providence,7.8802,-10.4722,76.1844,5.1231
2021-03-02,44007,Providence,-2.0176,-10.1051,34.9192,7.949
2021-03-03,44007,Providence,8.3079,-2.6999,38.6571,3.5865
2021-03-04,44007,Providence,4.9718,-6.0238,47.7956,4.9192
2021-03-05,44007,Providence,0.7726,-6.8589,31.5892,5.8187
2021-03-06,44007,Providence,1.1638,-8.8756,34.5002,4.548
2021-03-07,44007,Providence,2.4907,-6.9513,33.933,3.3002
2021-03-08,44007,Providence,4.9414,-5.0228,34.6067,2.7417
2021-03-09,44007,Providence,15.3699,-3.7666,36.3537,3.8988
2021-03-10,44007,Providence,11.1586,-1.2043,48.6641,2.4514
2021-03-11,44007,Providence,21.4247,4.8855,42.8967,4.5853
2021-03-12,44007,Providence,17.4649,-1.0004,41.8982,5.2806
2021-03-13,44007,Providence,8.3321,-1.0873,33.3283,4.9754
2021-03-14,44007,Providence,7.9643,-9.193,33.3362,6.0533
2021-03-15,44007,Providence,-1.0403,-9.5591,25.0863,5.9423
2021-03-16,44007,Providence,3.5704,-7.6549,27.0071,2.3295
2021-03-17,44007,Providence,9.8731,-0.5199,47.3092,2.3159
2021-03-18,44007,Providence,8.4922,-1.504,83.5833,3.231
2021-03-19,44007,Providence,5.0562,-4.8613,40.2713,5.6029
2021-03-20,44007,Providence,13.3188,-2.3066,31.7682,2.7373
2021-03-21,44007,Providence,17.9801,-2.5068,33.767,1.6363
2021-03-22,44007,Providence,15.8556,-0.857,47.0746,1.966
2021-03-23,44007,Providence,19.1398,1.1779,45.1469,1.3809
2021-03-24,44007,Providence,16.4367,4.1919,59.7045,2.7226
2021-03-25,44007,Providence,20.7112,10.0889,56.7333,2.862
2021-03-26,44007,Providence,19.3716,7.3562,65.9129,6.5234
2021-03-27,44007,Providence,18.3059,4.9376,41.6135,3.268
2021-03-28,44007,Providence,13.4026,5.093,72.5438,5.534
2021-03-29,44007,Providence,9.215,-2.392,52.0,6.124
2021-03-30,44007,Providence,13.2327,1.6056,41.4041,3.2116
2021-03-31,44007,Providence,18.3547,6.6852,64.344,4.6993
2021-04-01,44007,Providence,9.0931,-2.4515,84.4406,4.471
2021-04-02,44007,Providence,2.8483,-4.6363,40.5,3.2537
2021-04-03,44007,Providence,10.3723,-3.6404,31.2809,2.6912
2021-04-04,44007,Providence,15.3472,4.2384,27.7007,3.3374
2021-04-05,44007,Providence,16.5386,2.73,34.0621,5.202
2021-04-06,44007,Providence,18.1551,1.7749,40.3523,2.8834
2021-04-07,44007,Providence,17.2102,5.5905,50.6684,2.3445
2021-04-08,44007,Providence,19.7401,3.3712,54.0961,1.7504
2021-04-09,44007,Providence,20.1053,6.4688,47.11,2.0153
2021-04-10,44007,Providence,23.1533,8.8535,48.9405,2.8712
2021-04-11,44007,Providence,11.9713,6.1932,79.0646,3.6386
2021-04-12,44007,Providence,11.1322,3.0121,65.6219,4.7501
2021-04-13,44007,Providence,16.5759,5.3669,52.3968,2.6369
2021-04-14,44007,Providence,17.3101,6.4604,55.2897,1.9174
2021-04-15,44007,Providence,10.9387,1.6415,78.7873,4.0646
2021-04-16,44007,Providence,4.4997,0.7504,86.3703,4.4595
2021-04-17,44007,Providence,9.5537,2.3754,60.6688,3.0453
2021-04-18,44007,Providence,16.4527,4.1531,47.897,2.4727
2021-04-19,44007,Providence,19.2261,3.1141,46.5828,2.5369
2021-04-20,44007,Providence,22.6436,5.921,41.8474,3.9095
2021-04-21,44007,Providence,20.3235,-0.6654,62.1117,5.1542
2021-04-22,44007,Providence,8.6542,0.8758,36.4641,7.1322
2021-04-23,44007,Providence,15.6885,2.3891,34.7854,5.8691
2021-04-24,44007,Providence,22.2971,7.4522,32.679,4.2767
2021-04-25,44007,Providence,12.9484,4.4178,70.2768,2.8134
2021-04-26,44007,Providence,14.167,2.6861,41.3579,4.9883
2021-04-27,44007,Providence,21.2309,6.3427,29.7366,3.271
2021-04-28,44007,Providence,22.6362,9.5182,46.2947,1.7652
2021-04-29,44007,Providence,14.3772,8.746,86.8472,1.8589
2021-04-30,44007,Providence,17.5045,4.4335,62.3739,7.2326
2021-05-01,44007,Providence,17.3084,6.1451,43.9758,4.6171
2021-05-02,44007,Providence,24.9219,10.6531,42.6498,3.7449
2021-05-03,44007,Providence,22.5752,8.8712,51.1375,2.3503
2021-05-04,44007,Providence,12.5437,8.2772,78.0654,2.9945
2021-05-05,44007,Providence,11.8116,7.9362,91.1802,1.9105
2021-05-06,44007,Providence,18.5524,5.1943,50.0578,3.5497
2021-05-07,44007,Providence,16.7017,4.5152,51.7963,3.2564
2021-05-08,44007,Providence,14.1179,5.0457,56.4146,2.1737
2021-05-09,44007,Providence,19.0729,7.399,47.567,4.3515
2021-05-10,44007,Providence,16.0421,7.4451,65.6916,2.0279
2021-05-11,44007,Providence,17.9742,5.4099,45.2278,4.3813
2021-05-12,44007,Providence,19.2389,4.2964,44.7453,3.1522
2021-05-13,44007,Providence,20.6679,5.3904,39.3261,2.5562
2021-05-14,44007,Providence,24.603,7.7343,37.4619,2.6837
2021-05-15,44007,Providence,25.0749,10.3506,36.7373,2.4406
2021-05-16,44007,Providence,24.3204,8.3957,42.641,2.6668
2021-05-17,44007,Providence,25.1593,9.2743,44.3846,2.1331
2021-05-18,44007,Providence,27.4718,11.8284,41.6773,3.6836
2021-05-19,44007,Providence,27.3974,8.5446,43.2408,2.4346
2021-05-20,44007,Providence,25.1147,8.5003,43.9608,1.8953
2021-05-21,44007,Providence,25.0909,12.2186,49.0615,2.9073
2021-05-22,44007,Providence,28.1402,16.124,53.5483,3.0833
2021-05-23,44007,Providence,30.562,9.6961,54.3957,3.9091
2021-05-24,44007,Providence,20.5357,7.9924,51.4883,2.9138
2021-05-25,44007,Providence,22.8053,12.8332,51.5525,5.3403
2021-05-26,44007,Providence,30.1458,16.8338,57.4165,5.2901
2021-05-27,44007,Providence,26.6363,10.7544,56.7326,3.6774
2021-05-28,44007,Providence,17.1942,5.9955,56.8366,3.8066
2021-05-29,44007,Providence,8.9,6.7704,75.5772,6.5909
2021-05-30,44007,Providence,9.8865,7.8969,77.6709,5.319
2021-05-31,44007,Providence,15.2976,8.1749,72.6748,2.5453
2021-06-01,44007,Providence,23.0649,10.7508,56.8484,3.1762
2021-06-02,44007,Providence,24.9525,12.8574,62.2074,3.0542
2021-06-03,44007,Providence,20.8996,14.9133,75.3738,3.6728
2021-06-04,44007,Providence,23.8557,13.325,81.1399,3.945
2021-06-05,44007,Providence,29.5631,16.768,62.8818,4.1858
2021-06-06,44007,Providence,32.206,18.1067,58.0031,3.7687
2021-06-07,44007,Providence,31.8471,19.637,64.1717,4.1629
2021-06-08,44007,Providence,31.891,20.908,66.1698,3.3047
2021-06-09,44007,Providence,31.3529,15.8807,67.8298,2.103
2021-06-10,44007,Providence,23.9906,8.7298,60.2738,3.0409
2021-06-11,44007,Providence,22.8365,12.6331,55.5959,2.3841
2021-06-12,44007,Providence,21.7061,11.7319,67.3948,1.9718
2021-06-13,44007,Providence,26.2032,11.6926,61.7524,2.9521
2021-06-14,44007,Providence,18.1592,14.9504,82.9436,1.8824
2021-06-15,44007,Providence,25.2324,13.0116,72.9979,2.0357
2021-06-16,44007,Providence,22.7358,8.693,61.3385,2.9964
2021-06-17,44007,Providence,23.9026,9.4028,50.8857,2.6294
2021-06-18,44007,Providence,26.7804,15.6346,51.2218,3.4052
2021-06-19,44007,Providence,29.5116,16.4546,62.5778,3.4667
2021-06-20,44007,Providence,28.2573,17.7977,62.0724,2.8398
2021-06-21,44007,Providence,26.3991,18.9108,81.3503,3.8282
2021-06-22,44007,Providence,27.1996,10.9303,79.5478,3.1254
2021-06-23,44007,Providence,22.1286,9.2259,61.3628,2.5475
2021-06-24,44007,Providence,23.1395,12.371,59.8477,2.2112
2021-06-25,44007,Providence,24.1902,15.3715,74.3921,2.6155
2021-06-26,44007,Providence,26.5018,20.3855,70.1872,4.1189
2021-06-27,44007,Providence,27.9783,20.0604,75.2907,5.2725
2021-06-28,44007,Providence,31.9632,21.3306,68.9925,4.5298
2021-06-29,44007,Providence,34.1702,21.5512,64.6101,3.344
2021-06-30,44007,Providence,33.7717,20.6116,67.5554,3.3532
2021-07-01,44007,Providence,27.8596,18.8713,78.1692,1.9871
2021-07-02,44007,Providence,19.5467,13.9661,96.4647,2.4597
2021-07-03,44007,Providence,16.2154,12.5756,85.9168,3.4357
2021-07-04,44007,Providence,20.7025,13.5762,73.8157,1.6802
2021-07-05,44007,Providence,22.4062,15.9878,81.0393,3.1335
2021-07-06,44007,Providence,31.1628,19.3103,72.5326,4.5898
2021-07-07,44007,Providence,32.0841,17.4685,72.5447,2.522
2021-07-08,44007,Providence,22.2048,17.4483,99.8921,2.6281
2021-07-09,44007,Providence,25.2674,18.7109,85.2092,2.7388
2021-07-10,44007,Providence,24.5142,14.8947,89.3653,1.7449
2021-07-11,44007,Providence,25.7686,18.5118,77.573,2.0606
2021-07-12,44007,Providence,21.953,17.2253,97.1181,1.3596
2021-07-13,44007,Providence,21.4095,18.0764,90.8321,2.346
2021-07-14,44007,Providence,28.4435,19.3504,80.7748,2.3928
2021-07-15,44007,Providence,31.1404,21.6315,68.809,2.377
2021-07-16,44007,Providence,32.6465,21.0213,69.258,3.0968
2021-07-17,44007,Providence,30.7489,20.241,73.089,1.5991
2021-07-18,44007,Providence,27.2691,19.007,80.0226,2.2106
2021-07-19,44007,Providence,23.7842,17.892,83.6126,1.3398
2021-07-20,44007,Providence,29.623,18.4905,73.6077,2.2432
2021-07-21,44007,Providence,27.9631,15.267,76.3671,2.4117
2021-07-22,44007,Providence,27.5617,16.7355,56.5661,2.3383
2021-07-23,44007,Providence,27.9723,14.3696,54.8412,1.6026
2021-07-24,44007,Providence,28.1647,16.8565,55.9204,1.5829
2021-07-25,44007,Providence,23.9248,19.3876,81.8595,3.8931
2021-07-26,44007,Providence,31.6036,17.1844,68.52,2.4792
2021-07-27,44007,Providence,31.637,18.0565,58.3679,2.5773
2021-07-28,44007,Providence,24.8105,15.9051,75.4252,2.1495
2021-07-29,44007,Providence,25.1542,18.142,73.2542,4.3797
2021-07-30,44007,Providence,27.2066,11.2478,69.0088,3.4194
2021-07-31,44007,Providence,23.4089,11.2526,58.1128,2.6786
2021-08-01,44007,Providence,24.6711,13.8343,66.9116,2.0855
2021-08-02,44007,Providence,25.6344,12.2065,71.4519,2.4476
2021-08-03,44007,Providence,24.5302,14.2878,68.5857,2.2774
2021-08-04,44007,Providence,22.7541,15.4331,83.8492,1.7934
2021-08-05,44007,Providence,20.5384,16.1985,91.8744,1.4202
2021-08-06,44007,Providence,28.9322,16.9673,71.7209,3.0185
2021-08-07,44007,Providence,30.2783,19.6969,65.9573,2.9289
2021-08-08,44007,Providence,26.7026,17.989,79.0844,1.5425
2021-08-09,44007,Providence,24.2052,18.0086,88.4788,2.2247
2021-08-10,44007,Providence,26.0262,19.1861,83.3174,1.9671
2021-08-11,44007,Providence,31.2148,21.4261,74.933,4.0137
2021-08-12,44007,Providence,32.8715,21.1303,73.29,3.5835
2021-08-13,44007,Providence,32.7756,21.6388,71.7405,2.2749
2021-08-14,44007,Providence,30.4158,16.9897,79.8892,2.6918
2021-08-15,44007,Providence,26.5561,14.6909,59.7568,2.262
2021-08-16,44007,Providence,26.2587,14.8759,63.7827,1.3842
2021-08-17,44007,Providence,26.434,18.3142,73.5224,1.9674
2021-08-18,44007,Providence,27.7115,20.1322,75.6129,2.4998
2021-08-19,44007,Providence,27.7566,21.0766,81.0465,3.5142
2021-08-20,44007,Providence,27.6697,20.515,73.2263,1.4279
2021-08-21,44007,Providence,29.299,21.0567,75.7728,2.161
2021-08-22,44007,Providence,23.2732,20.569,83.0487,4.3005
2021-08-23,44007,Providence,27.2532,20.5287,73.521,2.6367
2021-08-24,44007,Providence,30.6426,19.6639,69.7532,2.2862
2021-08-25,44007,Providence,32.1401,19.6738,65.9676,2.0479
2021-08-26,44007,Providence,33.2967,21.5239,67.6858,2.183
2021-08-27,44007,Providence,32.7026,19.114,75.2862,1.5154
2021-08-28,44007,Providence,22.8126,14.9928,78.0124,3.4908
2021-08-29,44007,Providence,22.5104,16.34,82.5585,1.6388
2021-08-30,44007,Providence,28.2362,18.8389,82.1619,3.2674
2021-08-31,44007,Providence,26.9115,16.9129,77.8314,2.6915
2021-09-01,44007,Providence,20.7973,14.2257,89.5157,2.9268
2021-09-02,44007,Providence,22.9363,11.6089,71.4849,3.8206
2021-09-03,44007,Providence,22.3832,11.6147,62.7379,2.8417
2021-09-04,44007,Providence,24.4129,13.1898,60.844,2.6334
2021-09-05,44007,Providence,22.1638,16.6937,75.6974,2.2677
2021-09-06,44007,Providence,26.702,12.858,73.1894,3.2339
2021-09-07,44007,Providence,25.0125,14.1259,59.6501,2.7887
2021-09-08,44007,Providence,27.0203,18.9634,69.1259,4.2334
2021-09-09,44007,Providence,22.413,16.6013,91.4946,2.5279
2021-09-10,44007,Providence,23.1395,9.4447,72.9611,3.4056
2021-09-11,44007,Providence,23.5886,13.4724,60.8799,3.199
2021-09-12,44007,Providence,26.1909,18.7801,69.2672,4.6268
2021-09-13,44007,Providence,25.8851,13.3335,69.2073,2.8973
2021-09-14,44007,Providence,23.8201,16.4649,64.9757,2.5115
2021-09-15,44007,Providence,28.0501,18.4976,79.9366,4.4144
2021-09-16,44007,Providence,22.0647,17.4422,84.751,2.5147
2021-09-17,44007,Providence,20.0996,17.1849,90.551,3.1008
2021-09-18,44007,Providence,25.492,16.0769,78.5979,1.4846
2021-09-19,44007,Providence,22.6828,10.2853,70.6545,2.2788
2021-09-20,44007,Providence,23.189,9.3232,65.8819,1.4649
2021-09-21,44007,Providence,23.5353,12.486,71.4672,2.2596
2021-09-22,44007,Providence,23.093,19.3759,83.6753,3.3218
2021-09-23,44007,Providence,26.0763,21.1524,75.9802,4.4297
2021-09-24,44007,Providence,23.0179,14.3445,91.667,3.0235
2021-09-25,44007,Providence,23.9902,14.9002,72.053,1.1778
2021-09-26,44007,Providence,22.4292,9.771,68.5955,3.1391
2021-09-27,44007,Providence,23.2561,14.0885,61.1109,3.9258
2021-09-28,44007,Providence,20.6045,8.9697,92.599,2.8075
2021-09-29,44007,Providence,17.9774,9.2306,66.3889,3.0973
2021-09-30,44007,Providence,16.4396,6.2775,68.9831,2.9941
2021-10-01,44007,Providence,18.5662,6.2273,55.8458,2.8897
2021-10-02,44007,Providence,22.3183,10.0099,57.8017,2.9139
2021-10-03,44007,Providence,21.8922,13.2036,68.5386,0.9517
2021-10-04,44007,Providence,15.2085,11.0034,93.3683,4.374
2021-10-05,44007,Providence,15.1839,9.597,82.6116,2.6468
2021-10-06,44007,Providence,21.332,9.5643,67.6945,1.4577
2021-10-07,44007,Providence,22.3974,10.7946,64.013,1.696
2021-10-08,44007,Providence,22.3846,13.4367,61.947,2.5948
2021-10-09,44007,Providence,17.1463,11.9765,74.8802,4.3271
2021-10-10,44007,Providence,17.3972,13.2587,78.2359,3.7005
2021-10-11,44007,Providence,21.8205,10.294,74.9148,3.1025
2021-10-12,44007,Providence,22.4424,10.4494,63.666,1.3717
2021-10-13,44007,Providence,22.4402,11.8935,64.7293,2.1666
2021-10-14,44007,Providence,23.6841,12.5339,65.8022,1.6461
2021-10-15,44007,Providence,23.0455,15.2607,66.6417,1.6398
2021-10-16,44007,Providence,22.8482,10.6968,84.2977,4.546
2021-10-17,44007,Providence,16.9137,7.6678,65.3127,3.778
2021-10-18,44007,Providence,14.8949,4.8576,56.3177,4.1044
2021-10-19,44007,Providence,16.0182,6.8083,51.5667,4.5951
2021-10-20,44007,Providence,21.8107,10.5689,52.737,2.9264
2021-10-21,44007,Providence,22.5322,12.8906,56.3957,2.9398
2021-10-22,44007,Providence,21.0691,8.3805,67.4845,3.1784
2021-10-23,44007,Providence,15.242,3.8798,67.4797,1.9749
2021-10-24,44007,Providence,14.1169,5.5947,57.2268,2.2862
2021-10-25,44007,Providence,14.2546,10.3142,86.8561,3.1583
2021-10-26,44007,Providence,16.445,9.7874,84.1919,7.0302
2021-10-27,44007,Providence,9.8929,7.3236,82.9126,7.8376
2021-10-28,44007,Providence,9.7677,3.7267,75.6106,3.0991
2021-10-29,44007,Providence,11.203,4.945,70.3099,4.0011
2021-10-30,44007,Providence,16.0369,11.6862,77.6576,4.2765
2021-10-31,44007,Providence,18.4352,8.3685,70.3538,3.8935
2021-11-01,44007,Providence,14.8708,2.9054,53.5922,3.7541
2021-11-02,44007,Providence,12.9215,1.6615,55.6538,2.2469
2021-11-03,44007,Providence,10.5404,-1.5334,53.156,2.8388
2021-11-04,44007,Providence,10.1448,-0.2024,49.2276,1.7508
2021-11-05,44007,Providence,10.1983,-2.8016,48.9744,2.7416
2021-11-06,44007,Providence,11.4177,-2.5709,44.2434,1.2236
2021-11-07,44007,Providence,13.7839,-0.4089,42.9253,0.879
2021-11-08,44007,Providence,16.6197,1.9994,47.0432,2.4265
2021-11-09,44007,Providence,20.5377,4.4,47.6295,2.2329
2021-11-10,44007,Providence,16.9717,0.2949,58.1863,2.4321
2021-11-11,44007,Providence,14.1751,2.6263,44.8716,2.2999
2021-11-12,44007,Providence,16.7951,2.6458,84.5457,6.0863
2021-11-13,44007,Providence,15.9071,1.3058,62.0984,3.6085
2021-11-14,44007,Providence,9.6642,2.0325,59.2893,3.4197
2021-11-15,44007,Providence,9.1435,1.0852,61.2306,4.0499
2021-11-16,44007,Providence,8.5422,-2.3674,50.9525,4.0779
2021-11-17,44007,Providence,12.7079,-0.3315,53.8248,2.7076
2021-11-18,44007,Providence,20.1829,3.93,68.6108,4.2771
2021-11-19,44007,Providence,8.0048,-2.6404,63.6264,4.5609
2021-11-20,44007,Providence,7.5307,-0.9237,48.0831,2.1569
2021-11-21,44007,Providence,13.2605,3.3597,64.8784,2.6279
2021-11-22,44007,Providence,11.6745,-1.2962,77.1825,4.2547
2021-11-23,44007,Providence,3.8953,-3.6977,40.2889,4.8267
2021-11-24,44007,Providence,5.6543,-3.1995,36.5146,4.0603
2021-11-25,44007,Providence,12.2075,0.6328,42.3224,2.6123
2021-11-26,44007,Providence,7.2608,0.5774,71.0891,4.2278
2021-11-27,44007,Providence,3.5537,-2.4055,51.5838,5.3573
2021-11-28,44007,Providence,1.9412,-2.362,57.8366,2.0838
2021-11-29,44007,Providence,4.7173,-5.1123,63.0734,2.6867
2021-11-30,44007,Providence,4.3075,-4.5148,55.6852,2.9107
2021-12-01,44007,Providence,8.3219,-0.9021,53.3231,2.8869
2021-12-02,44007,Providence,15.1883,2.9651,63.9558,4.6061
2021-12-03,44007,Providence,5.5323,-3.5759,53.4499,5.3189
2021-12-04,44007,Providence,4.751,-2.6708,53.5994,2.9193
2021-12-05,44007,Providence,9.3344,-0.1761,42.3104,2.3183
2021-12-06,44007,Providence,15.7907,1.3911,75.9141,5.9685
2021-12-07,44007,Providence,5.2444,-1.597,49.5598,3.4132
2021-12-08,44007,Providence,2.5077,-5.0856,70.2066,2.7829
2021-12-09,44007,Providence,2.4566,-4.1761,60.2871,2.1904
2021-12-10,44007,Providence,7.2336,-1.1893,64.103,2.0886
2021-12-11,44007,Providence,17.3703,2.0012,64.3784,5.0628
2021-12-12,44007,Providence,7.5696,0.2701,51.9979,5.2793
2021-12-13,44007,Providence,11.424,1.3189,41.1466,4.6949
2021-12-14,44007,Providence,10.9049,-3.4798,43.1379,3.2395
2021-12-15,44007,Providence,12.8898,-2.181,44.5213,2.702
2021-12-16,44007,Providence,16.0111,11.3607,57.0197,5.2137
2021-12-17,44007,Providence,14.6239,2.1813,45.9256,4.6248
2021-12-18,44007,Providence,4.2499,1.5859,62.5381,2.3424
2021-12-19,44007,Providence,2.7361,-8.6121,77.7106,4.7442
2021-12-20,44007,Providence,1.4406,-8.3092,51.631,2.9243
2021-12-21,44007,Providence,5.976,-2.5303,50.9049,2.721
2021-12-22,44007,Providence,6.7446,-3.5444,71.1556,3.6499
2021-12-23,44007,Providence,-0.5087,-6.0653,37.6447,3.7539
2021-12-24,44007,Providence,-1.9969,-5.3991,71.1729,0.8081
2021-12-25,44007,Providence,1.9197,-0.9382,75.4399,1.4293
2021-12-26,44007,Providence,4.6507,-2.2739,64.9319,4.1486
2021-12-27,44007,Providence,1.4612,-1.7987,54.9111,2.2459
2021-12-28,44007,Providence,7.7284,0.4018,62.3634,1.9843
2021-12-29,44007,Providence,4.3569,1.3921,70.7714,1.4864
2021-12-30,44007,Providence,5.0446,3.0266,75.0369,1.2975
2021-12-31,44007,Providence,7.8762,4.5581,71.1029,0.7719
2022-01-01,44007,Providence,12.7624,8.5816,63.8619,2.0118
2022-01-02,44007,Providence,11.4689,-1.0247,72.1905,2.4923
2022-01-03,44007,Providence,-1.3528,-8.2046,47.3176,5.3588
2022-01-04,44007,Providence,2.0134,-7.9732,33.991,3.1089
2022-01-05,44007,Providence,10.6621,1.4787,57.3668,3.7774
2022-01-06,44007,Providence,4.1791,-1.8187,52.755,3.0953
2022-01-07,44007,Providence,0.0851,-8.8574,67.6319,4.6917
2022-01-08,44007,Providence,-0.2974,-10.2623,37.3716,3.6316
2022-01-09,44007,Providence,6.5558,-2.0203,58.9327,5.7107
2022-01-10,44007,Providence,-1.1422,-9.8166,59.4518,4.6112
2022-01-11,44007,Providence,-9.3966,-14.0579,47.6108,4.061
2022-01-12,44007,Providence,5.5905,-9.1968,51.9275,4.1371
2022-01-13,44007,Providence,8.8729,-1.1487,47.4957,1.7067
2022-01-14,44007,Providence,5.6339,-14.256,69.7487,6.3447
2022-01-15,44007,Providence,-8.5373,-15.7675,35.2938,6.2498
2022-01-16,44007,Providence,4.9653,-15.218,32.2983,3.2951
2022-01-17,44007,Providence,7.6916,-2.2226,65.4265,7.2112
2022-01-18,44007,Providence,-0.0934,-7.8044,42.4098,6.3818
2022-01-19,44007,Providence,7.7601,-5.0396,49.463,3.9945
2022-01-20,44007,Providence,2.1332,-10.9281,66.6028,3.9892
2022-01-21,44007,Providence,-5.8025,-11.1229,35.3412,4.9662
2022-01-22,44007,Providence,-1.9364,-10.5608,46.9215,2.5229
2022-01-23,44007,Providence,1.607,-6.8176,47.3903,2.4777
2022-01-24,44007,Providence,0.3509,-4.8156,52.5874,1.7934
2022-01-25,44007,Providence,4.7979,-7.2659,63.0743,2.2797
2022-01-26,44007,Providence,-3.1405,-15.1116,37.4685,4.4444
2022-01-27,44007,Providence,-2.1886,-14.169,41.3488,2.2824
2022-01-28,44007,Providence,1.3608,-4.9864,56.2179,2.8395
2022-01-29,44007,Providence,-5.8593,-12.6509,73.1931,8.7163
2022-01-30,44007,Providence,-4.8344,-17.3062,47.5378,4.5233
2022-01-31,44007,Providence,0.5994,-18.4874,40.4831,2.1551
2022-02-01,44007,Providence,0.8453,-12.7499,61.8738,2.7865
2022-02-02,44007,Providence,7.6347,-1.2245,54.306,1.5477
2022-02-03,44007,Providence,10.6123,2.9374,53.6482,2.202
2022-02-04,44007,Providence,5.0867,-5.6141,73.2185,3.3854
2022-02-05,44007,Providence,-3.6231,-12.9331,58.9561,4.7791
2022-02-06,44007,Providence,-1.3719,-11.9849,51.9156,2.2987
2022-02-07,44007,Providence,4.4546,-4.6381,66.2424,2.1361
2022-02-08,44007,Providence,5.373,-3.1855,67.4396,3.1129
2022-02-09,44007,Providence,6.4015,-3.1524,48.2683,2.5806
2022-02-10,44007,Providence,10.6422,-2.3921,51.2051,3.4954
2022-02-11,44007,Providence,11.7509,-0.7386,44.9577,2.8126
2022-02-12,44007,Providence,15.436,-2.163,43.9371,3.8783
2022-02-13,44007,Providence,0.0054,-7.4975,72.556,3.4482
2022-02-14,44007,Providence,-5.4382,-15.9794,59.8185,5.3176
2022-02-15,44007,Providence,-2.6436,-14.9534,40.1504,3.7913
2022-02-16,44007,Providence,9.2251,-12.7555,53.2221,4.878
2022-02-17,44007,Providence,15.4331,9.5517,43.6444,6.5703
2022-02-18,44007,Providence,14.9724,-8.9625,49.6614,6.8856
2022-02-19,44007,Providence,3.7785,-10.5778,40.9586,5.5499
2022-02-20,44007,Providence,0.9897,-9.0572,37.2178,5.2376
2022-02-21,44007,Providence,12.7958,-2.182,40.3755,3.5926
2022-02-22,44007,Providence,13.4358,-0.8386,66.7374,4.6397
2022-02-23,44007,Providence,19.578,-3.6197,56.3536,5.8574
2022-02-24,44007,Providence,-1.2787,-4.4666,27.6562,3.1267
2022-02-25,44007,Providence,0.813,-10.6519,79.1484,3.7162
2022-02-26,44007,Providence,0.8589,-9.9561,47.4901,2.9602
2022-02-27,44007,Providence,5.3342,-8.1552,50.5155,5.336
2022-02-28,44007,Providence,-0.7942,-9.7783,43.0109,3.9687
2022-03-01,44007,Providence,4.802,-6.4895,59.509,2.845
2022-03-02,44007,Providence,6.3454,-1.7091,56.5343,2.8583
2022-03-03,44007,Providence,4.2054,-10.5268,57.4837,4.9133
2022-03-04,44007,Providence,1.4617,-8.9525,39.4091,3.4707
2022-03-05,44007,Providence,6.3411,-5.4646,45.3276,2.5509
2022-03-06,44007,Providence,16.5571,5.2556,54.863,5.2372
2022-03-07,44007,Providence,16.0166,1.9933,68.9552,4.0073
2022-03-08,44007,Providence,6.1035,-2.1345,45.6833,4.9483
2022-03-09,44007,Providence,3.4447,-4.4674,61.3608,2.6467
2022-03-10,44007,Providence,9.9716,-3.6302,55.3494,1.9719
2022-03-11,44007,Providence,11.9887,-0.1131,54.2108,2.4933
2022-03-12,44007,Providence,8.1854,-7.0244,79.3313,4.7703
2022-03-13,44007,Providence,2.0162,-6.0043,37.3558,6.6581
2022-03-14,44007,Providence,11.4214,0.4436,40.5526,3.8566
2022-03-15,44007,Providence,17.7485,0.9223,44.035,2.1479
2022-03-16,44007,Providence,14.7067,1.2245,52.825,1.9688
2022-03-17,44007,Providence,13.2011,5.6292,66.718,2.1184
2022-03-18,44007,Providence,22.8667,6.5055,47.1243,2.3062
2022-03-19,44007,Providence,12.833,7.3308,82.3804,3.1747
2022-03-20,44007,Providence,16.2453,3.4851,60.6091,3.5805
2022-03-21,44007,Providence,14.2028,1.2401,37.6058,5.1274
2022-03-22,44007,Providence,11.1933,-2.6163,34.9649,4.8757
2022-03-23,44007,Providence,9.6144,0.3712,40.0126,2.2989
2022-03-24,44007,Providence,6.4793,2.3824,78.4395,4.5168
2022-03-25,44007,Providence,14.4977,2.7918,61.0423,3.2021
2022-03-26,44007,Providence,12.1842,2.5943,56.7211,2.898
2022-03-27,44007,Providence,8.34,-5.6604,57.5571,4.4624
2022-03-28,44007,Providence,-0.6161,-8.9454,27.6187,6.3743
2022-03-29,44007,Providence,3.2354,-6.417,31.6046,5.2707
2022-03-30,44007,Providence,8.5108,-1.7426,35.7075,3.431
2022-03-31,44007,Providence,16.5067,5.5248,70.3449,5.771
2022-04-01,44007,Providence,14.1167,2.4163,64.6794,5.0453
2022-04-02,44007,Providence,11.7577,-1.0872,40.3333,4.1992
2022-04-03,44007,Providence,11.6656,1.4936,51.1678,1.4919
2022-04-04,44007,Providence,13.1116,0.465,43.7259,3.6701
2022-04-05,44007,Providence,15.1621,4.3761,40.7197,2.0736
2022-04-06,44007,Providence,8.3877,3.3593,75.8988,4.7048
2022-04-07,44007,Providence,12.2735,6.3191,64.6892,5.8419
2022-04-08,44007,Providence,17.2649,5.1918,57.6196,3.6132
2022-04-09,44007,Providence,14.2132,2.4954,60.5093,3.3769
2022-04-10,44007,Providence,11.8055,2.7484,47.8916,4.3806
2022-04-11,44007,Providence,16.9637,5.7542,36.9259,3.8451
2022-04-12,44007,Providence,20.0785,5.1852,51.0254,3.2482
2022-04-13,44007,Providence,21.4052,7.4597,44.9988,2.4234
2022-04-14,44007,Providence,17.1099,7.0459,75.0537,2.2003
2022-04-15,44007,Providence,19.5694,9.6633,35.0909,4.0704
2022-04-16,44007,Providence,19.9911,2.4501,54.6857,4.8539
2022-04-17,44007,Providence,9.1029,-0.6171,55.4117,3.914
2022-04-18,44007,Providence,14.142,4.7674,39.3113,4.2697
2022-04-19,44007,Providence,11.922,3.2331,63.8968,7.4766
2022-04-20,44007,Providence,13.7277,0.9341,42.2002,4.2668
2022-04-21,44007,Providence,15.7383,6.5366,47.1025,4.7234
2022-04-22,44007,Providence,18.6822,2.9179,44.1096,3.857
2022-04-23,44007,Providence,18.5658,6.4673,35.3907,2.2058
2022-04-24,44007,Providence,12.9268,3.0281,47.2073,2.2766
2022-04-25,44007,Providence,17.8386,6.3447,36.6561,2.1812
2022-04-26,44007,Providence,12.5186,7.821,69.1905,2.6235
2022-04-27,44007,Providence,14.2231,2.8519,56.3768,5.0036
2022-04-28,44007,Providence,11.3519,2.5705,39.474,5.7541
2022-04-29,44007,Providence,14.3949,1.8563,33.1923,4.6799
2022-04-30,44007,Providence,16.701,1.9032,38.3934,2.739
2022-05-01,44007,Providence,20.0516,4.2628,39.1413,1.9674
2022-05-02,44007,Providence,13.0817,6.8822,66.8248,2.5975
2022-05-03,44007,Providence,13.7236,7.5244,67.0841,3.1456
2022-05-04,44007,Providence,13.5568,7.6866,80.816,2.0802
2022-05-05,44007,Providence,20.5529,7.9051,52.1787,2.5594
2022-05-06,44007,Providence,17.7623,7.648,59.938,1.7175
2022-05-07,44007,Providence,10.4106,6.1992,66.0468,6.62
2022-05-08,44007,Providence,12.5319,3.6557,52.5879,6.7529
2022-05-09,44007,Providence,14.3205,5.7195,45.9012,6.4849
2022-05-10,44007,Providence,16.22,6.9038,47.4647,5.8777
2022-05-11,44007,Providence,19.5101,10.6349,50.0536,4.3889
2022-05-12,44007,Providence,25.3517,12.6002,53.5799,2.2304
2022-05-13,44007,Providence,26.3142,15.8324,55.2135,2.1871
2022-05-14,44007,Providence,27.7968,15.8966,57.7549,3.1504
2022-05-15,44007,Providence,24.6604,14.5807,62.1166,2.7527
2022-05-16,44007,Providence,25.5543,11.7607,66.004,3.6312
2022-05-17,44007,Providence,22.1818,9.3609,50.2429,5.2493
2022-05-18,44007,Providence,21.8915,10.412,38.4653,3.4413
2022-05-19,44007,Providence,13.4899,7.8979,76.9889,2.6598
2022-05-20,44007,Providence,21.9458,12.3819,60.5508,2.8759
2022-05-21,44007,Providence,30.5937,15.9101,59.3897,2.3289
2022-05-22,44007,Providence,32.1239,15.1323,61.7581,2.821
2022-05-23,44007,Providence,22.8153,11.0482,56.7175,3.0223
2022-05-24,44007,Providence,19.3118,6.4807,57.9492,2.2276
2022-05-25,44007,Providence,20.3127,6.9304,56.6385,1.8586
2022-05-26,44007,Providence,19.8666,11.951,54.8727,3.6286
2022-05-27,44007,Providence,24.35,16.7955,69.197,4.5347
2022-05-28,44007,Providence,21.7252,11.2467,83.494,3.0738
2022-05-29,44007,Providence,24.8132,11.7121,58.8719,2.004
2022-05-30,44007,Providence,29.4299,18.1818,51.9819,3.5081
2022-05-31,44007,Providence,28.8736,12.2175,63.8312,2.7418
2022-06-01,44007,Providence,18.1294,12.2953,71.124,2.4773
2022-06-02,44007,Providence,23.4502,12.1435,72.3675,1.7188
2022-06-03,44007,Providence,22.8397,12.0818,67.9026,1.2308
2022-06-04,44007,Providence,23.3365,8.7294,68.7092,2.2366
2022-06-05,44007,Providence,23.8631,9.263,43.9216,2.6855
2022-06-06,44007,Providence,26.6814,11.3114,46.5114,1.7865
2022-06-07,44007,Providence,24.9791,15.8754,56.9775,4.1726
2022-06-08,44007,Providence,26.2247,14.8791,69.9523,3.2872
2022-06-09,44007,Providence,27.006,12.2271,69.1196,4.3796
2022-06-10,44007,Providence,24.6385,12.8666,57.3033,3.1775
2022-06-11,44007,Providence,25.1634,12.6478,59.2719,2.0313
2022-06-12,44007,Providence,23.4072,16.5224,65.8912,2.8393
2022-06-13,44007,Providence,28.1053,13.8892,67.2432,2.6864
2022-06-14,44007,Providence,26.8892,13.7972,58.1842,2.0339
2022-06-15,44007,Providence,24.8965,11.631,66.8109,2.0108
2022-06-16,44007,Providence,21.9487,16.6994,64.8201,3.933
2022-06-17,44007,Providence,27.9282,15.6921,70.8788,4.4213
2022-06-18,44007,Providence,20.3329,9.157,63.9157,4.561
2022-06-19,44007,Providence,17.8873,8.9225,60.6036,4.0477
2022-06-20,44007,Providence,24.793,9.121,48.0432,2.2964
2022-06-21,44007,Providence,24.3098,13.6074,56.218,1.807
2022-06-22,44007,Providence,22.0622,12.7632,69.6976,2.6675
2022-06-23,44007,Providence,24.2224,11.0221,68.0385,2.5536
2022-06-24,44007,Providence,26.3637,14.4877,65.3658,1.6893
2022-06-25,44007,Providence,31.0809,15.8603,59.2702,1.6665
2022-06-26,44007,Providence,31.1209,18.7401,58.8561,2.9612
2022-06-27,44007,Providence,22.256,11.6929,97.961,3.9567
2022-06-28,44007,Providence,25.7631,12.6356,59.2804,2.2022
2022-06-29,44007,Providence,27.1529,14.3618,60.0525,2.4528
2022-06-30,44007,Providence,26.9129,15.5697,56.541,2.1575
2022-07-01,44007,Providence,30.1865,19.4981,67.4596,4.2268
2022-07-02,44007,Providence,28.1933,18.7672,81.0099,3.5185
2022-07-03,44007,Providence,27.7346,13.4941,65.6895,2.6133
2022-07-04,44007,Providence,27.2448,14.767,52.3645,2.5384
2022-07-05,44007,Providence,23.8871,17.8859,72.9697,3.2948
2022-07-06,44007,Providence,27.7229,13.579,73.7694,2.9058
2022-07-07,44007,Providence,26.173,14.3111,67.3824,1.7084
2022-07-08,44007,Providence,27.5318,17.5396,67.7671,2.9334
2022-07-09,44007,Providence,27.4346,12.4644,58.2793,1.9678
2022-07-10,44007,Providence,26.6605,13.2401,49.9151,1.9413
2022-07-11,44007,Providence,27.3293,16.4667,57.912,3.8998
2022-07-12,44007,Providence,28.3429,18.4065,68.6576,5.1836
2022-07-13,44007,Providence,29.9184,17.8389,61.8854,1.8491
2022-07-14,44007,Providence,28.7747,15.7509,68.617,1.8326
2022-07-15,44007,Providence,28.2744,14.7426,52.1096,2.1015
2022-07-16,44007,Providence,27.7559,18.2893,59.7033,2.8314
2022-07-17,44007,Providence,30.1037,19.9308,60.6505,2.4089
2022-07-18,44007,Providence,26.5545,21.4691,76.7253,3.7014
2022-07-19,44007,Providence,31.5501,20.6945,60.9047,4.2139
2022-07-20,44007,Providence,33.7818,21.0313,57.6731,2.8962
2022-07-21,44007,Providence,32.1657,20.6478,70.6003,4.2607
2022-07-22,44007,Providence,33.2765,20.5669,54.5346,3.0256
2022-07-23,44007,Providence,34.1611,20.613,49.8826,2.7293
2022-07-24,44007,Providence,34.4432,23.9609,52.3802,4.3059
2022-07-25,44007,Providence,29.1174,18.3163,80.5406,5.0561
2022-07-26,44007,Providence,26.4464,13.7159,66.3258,2.6153
2022-07-27,44007,Providence,29.1587,16.9241,52.7185,2.3727
2022-07-28,44007,Providence,29.3913,20.1341,67.808,2.5897
2022-07-29,44007,Providence,31.7207,20.3028,55.5172,3.3939
2022-07-30,44007,Providence,29.0448,15.1462,55.6754,3.0389
2022-07-31,44007,Providence,29.0221,18.8458,49.8096,2.3614
2022-08-01,44007,Providence,26.1903,19.1484,76.4953,2.2353
2022-08-02,44007,Providence,31.3256,19.5196,63.678,3.2158
2022-08-03,44007,Providence,31.1451,18.7353,58.8943,2.1584
2022-08-04,44007,Providence,33.408,21.0478,57.3743,3.0428
2022-08-05,44007,Providence,33.6102,21.1329,59.6228,2.2916
2022-08-06,44007,Providence,33.5294,23.1578,59.8472,3.3513
2022-08-07,44007,Providence,33.387,23.6106,63.0245,4.6021
2022-08-08,44007,Providence,33.048,24.2601,63.7146,4.3846
2022-08-09,44007,Providence,34.2987,18.5927,67.1869,3.2969
2022-08-10,44007,Providence,27.0904,18.4678,76.6197,1.6045
2022-08-11,44007,Providence,25.7343,18.3866,81.4609,2.1198
2022-08-12,44007,Providence,28.3939,14.6496,56.1523,2.2775
2022-08-13,44007,Providence,25.177,11.2576,57.8702,2.1386
2022-08-14,44007,Providence,27.6887,13.2467,52.286,2.0876
2022-08-15,44007,Providence,28.3722,12.9034,53.5289,1.9316
2022-08-16,44007,Providence,26.7727,16.1396,55.0619,3.616
2022-08-17,44007,Providence,24.947,15.8226,61.3109,3.1502
2022-08-18,44007,Providence,28.3067,15.7745,50.9923,3.9343
2022-08-19,44007,Providence,31.7274,17.3306,42.414,3.1723
2022-08-20,44007,Providence,31.6205,18.8961,49.0139,2.127
2022-08-21,44007,Providence,28.5893,17.4829,59.8962,2.5881
2022-08-22,44007,Providence,22.8325,19.2512,85.7794,1.9794
2022-08-23,44007,Providence,24.8982,17.1007,85.8187,1.7447
2022-08-24,44007,Providence,29.888,18.6961,64.5434,1.8749
2022-08-25,44007,Providence,31.4308,18.8441,57.0522,1.5975
2022-08-26,44007,Providence,30.0267,18.2658,69.5376,2.9952
2022-08-27,44007,Providence,27.7088,18.1868,74.1562,1.9494
2022-08-28,44007,Providence,27.576,16.0946,70.3903,2.4148
2022-08-29,44007,Providence,28.6795,19.9835,69.4607,3.5117
2022-08-30,44007,Providence,29.8202,20.2552,73.4655,3.7411
2022-08-31,44007,Providence,27.2183,13.9118,74.9314,3.2194
2022-09-01,44007,Providence,25.3519,9.5891,55.8474,3.5733
2022-09-02,44007,Providence,24.7403,10.9716,48.7517,1.7791
2022-09-03,44007,Providence,25.7898,13.9699,56.8992,1.7145
2022-09-04,44007,Providence,28.4845,18.6525,63.1227,1.9741
2022-09-05,44007,Providence,23.3184,15.3674,86.7951,2.2308
2022-09-06,44007,Providence,18.2433,14.5405,98.9956,3.3359
2022-09-07,44007,Providence,20.8371,12.5577,84.1314,3.4655
2022-09-08,44007,Providence,23.7388,11.6394,68.364,3.0529
2022-09-09,44007,Providence,26.0549,12.9922,60.646,2.2301
2022-09-10,44007,Providence,28.8847,15.7629,57.3667,2.2146
2022-09-11,44007,Providence,25.1861,16.5331,63.1873,2.2869
2022-09-12,44007,Providence,24.2752,17.6747,78.0,0.9921
2022-09-13,44007,Providence,23.4072,13.9359,93.5726,2.2542
2022-09-14,44007,Providence,24.4986,13.6465,69.6587,3.651
2022-09-15,44007,Providence,20.9019,6.9299,57.6684,3.6299
2022-09-16,44007,Providence,21.5359,7.4367,50.8328,3.128
2022-09-17,44007,Providence,21.1177,11.0223,55.7319,2.1864
2022-09-18,44007,Providence,26.7409,17.2214,66.5276,4.0434
2022-09-19,44007,Providence,21.0945,15.3894,87.5644,2.1677
2022-09-20,44007,Providence,21.272,13.4746,79.036,1.3282
2022-09-21,44007,Providence,21.015,14.1351,71.5972,2.1928
2022-09-22,44007,Providence,20.8373,7.8532,95.768,4.5716
2022-09-23,44007,Providence,15.5351,6.4485,58.6414,5.8451
2022-09-24,44007,Providence,19.5687,6.8397,50.3937,4.371
2022-09-25,44007,Providence,19.6749,10.8266,74.249,3.0388
2022-09-26,44007,Providence,21.5079,12.7021,74.9206,3.9492
2022-09-27,44007,Providence,21.5191,8.1088,65.2635,3.4139
2022-09-28,44007,Providence,20.2661,8.7149,62.4106,2.9065
2022-09-29,44007,Providence,18.4921,5.762,64.139,2.8445
2022-09-30,44007,Providence,16.7977,7.7497,62.6983,2.6797
2022-10-01,44007,Providence,13.8604,9.8489,73.8434,4.424
2022-10-02,44007,Providence,12.9212,8.4103,67.1957,6.9364
2022-10-03,44007,Providence,11.9637,8.9883,62.1,5.6912
2022-10-04,44007,Providence,13.4528,10.4685,73.5738,6.5151
2022-10-05,44007,Providence,14.4418,11.8092,79.6605,3.9094
2022-10-06,44007,Providence,23.4357,11.1744,60.6938,2.2722
2022-10-07,44007,Providence,23.9574,8.1248,62.7838,2.9007
2022-10-08,44007,Providence,14.7604,1.6183,57.0095,2.8233
2022-10-09,44007,Providence,16.0638,3.493,49.0793,3.5091
2022-10-10,44007,Providence,18.263,4.9368,54.8206,2.4831
2022-10-11,44007,Providence,18.8764,7.0064,51.1399,1.9072
2022-10-12,44007,Providence,22.0022,9.2512,52.5858,2.8752
2022-10-13,44007,Providence,18.5906,15.3638,77.1609,5.3865
2022-10-14,44007,Providence,20.6344,7.36,78.8594,2.6378
2022-10-15,44007,Providence,20.6933,6.647,60.2594,2.2688
2022-10-16,44007,Providence,20.4926,6.8139,57.6063,1.8824
2022-10-17,44007,Providence,15.9871,9.091,71.163,1.9261
2022-10-18,44007,Providence,16.6494,1.6481,80.2669,2.5681
2022-10-19,44007,Providence,12.212,2.1293,56.2849,3.8309
2022-10-20,44007,Providence,13.2891,1.9007,58.3333,4.1481
2022-10-21,44007,Providence,17.3444,3.7349,51.3842,2.208
2022-10-22,44007,Providence,18.6241,5.6719,56.4762,1.8237
2022-10-23,44007,Providence,14.2038,8.7186,82.2196,3.2631
2022-10-24,44007,Providence,13.9888,11.5422,94.4261,2.6484
2022-10-25,44007,Providence,20.132,14.5369,81.5627,2.1934
2022-10-26,44007,Providence,21.4041,12.8827,82.8242,2.1473
2022-10-27,44007,Providence,18.8185,3.2152,66.6469,4.0754
2022-10-28,44007,Providence,11.5852,1.276,60.2873,3.441
2022-10-29,44007,Providence,15.7453,-0.4556,60.3076,1.6345
2022-10-30,44007,Providence,18.9535,1.6975,47.4155,1.6954
2022-10-31,44007,Providence,18.3149,8.2337,65.7809,2.4117
2022-11-01,44007,Providence,16.6943,9.9631,78.2566,2.7273
2022-11-02,44007,Providence,20.4622,2.9013,51.2341,2.3351
2022-11-03,44007,Providence,19.25,4.7643,45.9745,1.7424
2022-11-04,44007,Providence,21.3988,8.7136,56.8277,2.9912
2022-11-05,44007,Providence,23.1487,16.073,62.6341,4.2499
2022-11-06,44007,Providence,23.3231,17.9583,62.9989,4.8933
2022-11-07,44007,Providence,23.953,6.0903,54.3585,4.3165
2022-11-08,44007,Providence,12.1586,-0.8415,40.8258,4.4614
2022-11-09,44007,Providence,11.5412,0.6887,44.6822,2.4975
2022-11-10,44007,Providence,18.8848,6.7899,51.1426,4.58
2022-11-11,44007,Providence,21.1152,12.3313,67.3587,3.66
2022-11-12,44007,Providence,22.0613,10.0135,70.3752,4.1722
2022-11-13,44007,Providence,10.1425,0.5444,80.8055,3.2722
2022-11-14,44007,Providence,6.4294,-4.1315,49.5962,3.4608
2022-11-15,44007,Providence,6.6304,-2.5402,51.6306,2.3734
2022-11-16,44007,Providence,10.1282,0.9685,67.1253,4.3445
2022-11-17,44007,Providence,6.9044,-2.0638,55.6361,4.5857
2022-11-18,44007,Providence,6.0809,-3.9134,49.4782,4.3604
2022-11-19,44007,Providence,5.248,-4.2359,48.7947,3.7919
2022-11-20,44007,Providence,2.248,-6.7557,42.5217,5.2982
2022-11-21,44007,Providence,3.561,-5.4194,49.324,5.109
2022-11-22,44007,Providence,8.6923,-1.0731,45.2392,3.0114
2022-11-23,44007,Providence,10.194,-3.5312,47.442,3.0343
2022-11-24,44007,Providence,8.7317,-2.4078,53.1878,2.2542
2022-11-25,44007,Providence,10.3581,1.141,68.3967,4.5609
2022-11-26,44007,Providence,11.2338,1.6367,44.811,4.6367
2022-11-27,44007,Providence,14.7062,4.5089,56.3763,4.4609
2022-11-28,44007,Providence,11.0875,-2.938,72.7074,4.5321
2022-11-29,44007,Providence,6.5243,-2.3041,56.1048,1.7434
2022-11-30,44007,Providence,14.0803,1.2418,68.6284,5.4903
2022-12-01,44007,Providence,4.9799,-3.7896,49.1726,5.7098
2022-12-02,44007,Providence,9.1057,-2.9705,47.418,2.3496
2022-12-03,44007,Providence,14.1437,-1.1702,75.8246,6.1905
2022-12-04,44007,Providence,5.2504,-5.3834,56.7267,2.3202
2022-12-05,44007,Providence,8.6035,-3.7094,55.3168,2.3105
2022-12-06,44007,Providence,12.933,3.0744,65.7538,3.5777
2022-12-07,44007,Providence,14.1682,8.2969,76.9405,4.4369
2022-12-08,44007,Providence,11.0701,-1.2542,66.4911,3.7937
2022-12-09,44007,Providence,7.7938,-1.4232,42.3803,4.1763
2022-12-10,44007,Providence,0.8634,-2.5439,66.7858,4.3224
2022-12-11,44007,Providence,-0.6996,-4.5152,77.281,3.8556
2022-12-12,44007,Providence,1.1249,-7.5177,65.364,3.9439
2022-12-13,44007,Providence,4.2002,-6.2393,44.1464,3.6227
2022-12-14,44007,Providence,2.5519,-5.2456,54.4157,5.3601
2022-12-15,44007,Providence,4.9424,0.6632,61.936,3.7253
2022-12-16,44007,Providence,6.4183,1.4111,71.4941,6.2165
2022-12-17,44007,Providence,5.8687,-1.6301,63.603,4.5858
2022-12-18,44007,Providence,4.1381,-2.3072,53.8007,3.2452
2022-12-19,44007,Providence,3.9526,-2.1108,51.8697,4.3379
2022-12-20,44007,Providence,4.229,-5.5001,52.5799,3.6402
2022-12-21,44007,Providence,4.3128,-5.5734,50.361,1.3631
2022-12-22,44007,Providence,12.3324,-4.1596,52.4714,4.0305
2022-12-23,44007,Providence,13.0717,-13.8452,80.1983,10.0429
2022-12-24,44007,Providence,-9.0873,-13.766,43.0358,7.0446
2022-12-25,44007,Providence,-3.4519,-11.3431,43.7101,5.4039
2022-12-26,44007,Providence,-0.3784,-8.5911,41.7743,3.4204
2022-12-27,44007,Providence,0.9513,-7.2916,45.7459,3.1757
2022-12-28,44007,Providence,5.0072,-4.7738,55.3242,3.062
2022-12-29,44007,Providence,10.9772,-1.1559,49.839,2.8099
2022-12-30,44007,Providence,16.6074,3.8659,38.3956,3.0065
2022-12-31,44007,Providence,11.8954,6.7441,67.806,2.928
2023-01-01,44007,Providence,11.9177,-0.1791,68.6238,3.7952
2023-01-02,44007,Providence,9.4726,-0.5402,58.448,2.146
2023-01-03,44007,Providence,8.7974,2.4512,69.8273,1.6731
2023-01-04,44007,Providence,9.0725,4.871,76.3385,1.9067
2023-01-05,44007,Providence,6.6632,1.3739,75.4991,3.1884
2023-01-06,44007,Providence,2.7428,-0.5782,78.2882,1.713
2023-01-07,44007,Providence,6.3475,-4.3101,62.1356,2.9725
2023-01-08,44007,Providence,3.9798,-4.4449,44.9162,2.4641
2023-01-09,44007,Providence,5.4419,-1.6916,52.7235,2.1955
2023-01-10,44007,Providence,5.3359,-5.1811,48.9162,2.6164
2023-01-11,44007,Providence,2.3382,-5.3884,48.9423,2.4202
2023-01-12,44007,Providence,13.9817,-0.2722,49.6335,3.76
2023-01-13,44007,Providence,13.2485,0.1288,81.9078,4.7442
2023-01-14,44007,Providence,0.8815,-0.8635,66.1198,5.6963
2023-01-15,44007,Providence,2.2976,-1.4362,50.3027,7.3641
2023-01-16,44007,Providence,0.8823,-2.1334,58.941,4.9244
2023-01-17,44007,Providence,9.3186,-1.1654,43.2284,3.0983
2023-01-18,44007,Providence,10.3335,0.2458,53.4839,4.0856
2023-01-19,44007,Providence,4.3524,0.6017,64.8952,2.6842
2023-01-20,44007,Providence,1.7941,-0.8475,79.3367,2.0253
2023-01-21,44007,Providence,1.0031,-1.3129,61.1546,2.1476
2023-01-22,44007,Providence,2.6378,-1.3564,64.3462,2.6427
2023-01-23,44007,Providence,1.682,-2.2603,78.1905,4.5082
2023-01-24,44007,Providence,3.0302,-2.1578,53.6776,4.5783
2023-01-25,44007,Providence,12.184,-1.3905,42.0819,3.7016
2023-01-26,44007,Providence,10.6291,-2.6452,69.169,6.6794
2023-01-27,44007,Providence,5.452,-3.0965,47.8592,2.5356
2023-01-28,44007,Providence,10.1191,-0.4947,41.8161,3.9061
2023-01-29,44007,Providence,11.2006,-0.1753,56.3623,3.1081
2023-01-30,44007,Providence,10.9342,0.0949,53.6323,1.7437
2023-01-31,44007,Providence,2.4046,-6.8389,67.1139,2.0401
2023-02-01,44007,Providence,-0.697,-8.2245,41.9048,2.6542
2023-02-02,44007,Providence,1.6255,-7.2375,42.9613,3.4885
2023-02-03,44007,Providence,-5.3119,-23.4778,42.3072,7.9189
2023-02-04,44007,Providence,-4.5016,-22.6804,20.1452,5.48
2023-02-05,44007,Providence,8.8986,-3.6479,47.7848,4.6761
2023-02-06,44007,Providence,7.9438,-4.1762,55.2951,3.9654
2023-02-07,44007,Providence,2.6278,-3.6671,50.57,3.1972
2023-02-08,44007,Providence,7.4846,-2.294,55.8225,3.8817
2023-02-09,44007,Providence,10.5623,-1.3969,55.3133,2.8218
2023-02-10,44007,Providence,15.3308,1.0395,52.8307,5.3354
2023-02-11,44007,Providence,5.8748,-3.4663,43.5109,3.9062
2023-02-12,44007,Providence,8.5763,-1.0993,40.9951,2.2564
2023-02-13,44007,Providence,5.8508,0.1864,61.7626,3.1964
2023-02-14,44007,Providence,9.5651,-2.17,44.3227,3.0243
2023-02-15,44007,Providence,13.4051,1.4454,54.613,4.3004
2023-02-16,44007,Providence,17.5214,6.9996,46.0591,2.9992
2023-02-17,44007,Providence,13.0263,-6.0961,82.2366,4.5711
2023-02-18,44007,Providence,2.7108,-5.302,40.851,3.9834
2023-02-19,44007,Providence,8.2147,-0.9973,51.1601,3.5322
2023-02-20,44007,Providence,13.7528,1.5905,57.1186,3.049
2023-02-21,44007,Providence,2.9122,-1.8196,79.0276,2.4085
2023-02-22,44007,Providence,4.1207,-0.935,55.489,2.3255
2023-02-23,44007,Providence,0.7077,-2.2422,74.2483,3.7282
2023-02-24,44007,Providence,3.7479,-10.4013,51.5163,5.1378
2023-02-25,44007,Providence,1.7562,-7.6444,31.8118,1.8074
2023-02-26,44007,Providence,10.3545,-1.5481,36.9705,3.012
2023-02-27,44007,Providence,13.6873,1.9492,22.7535,2.7363
2023-02-28,44007,Providence,12.1705,-3.5183,46.7401,3.864
2023-03-01,44007,Providence,1.9236,-7.0747,80.4972,2.4069
2023-03-02,44007,Providence,7.5853,-1.1952,75.3738,3.9132
2023-03-03,44007,Providence,8.1518,-0.4274,44.2692,2.8181
2023-03-04,44007,Providence,3.2969,-2.3286,79.3398,5.719
2023-03-05,44007,Providence,7.7954,-0.1367,51.935,3.8102
2023-03-06,44007,Providence,9.8077,1.0364,32.5067,5.4503
2023-03-07,44007,Providence,5.243,-1.9135,36.4715,5.0657
2023-03-08,44007,Providence,8.8489,-0.4678,42.9375,5.1999
2023-03-09,44007,Providence,10.4809,-2.6389,45.3285,3.5798
2023-03-10,44007,Providence,10.8368,-0.2002,44.7166,1.6526
2023-03-11,44007,Providence,3.7921,-0.7895,66.8469,4.7172
2023-03-12,44007,Providence,8.1234,-0.62,50.3798,2.4562
2023-03-13,44007,Providence,6.5385,2.2654,66.3733,3.6905
2023-03-14,44007,Providence,5.612,0.5309,77.0651,4.8584
2023-03-15,44007,Providence,5.2197,0.011,50.4747,6.7335
2023-03-16,44007,Providence,11.174,0.7668,36.092,3.872
2023-03-17,44007,Providence,12.1693,3.278,56.522,3.6077
2023-03-18,44007,Providence,11.4567,-2.4593,69.4131,2.5242
2023-03-19,44007,Providence,3.9521,-3.9593,36.4894,5.4674
2023-03-20,44007,Providence,10.3738,-2.7569,37.0385,4.1796
2023-03-21,44007,Providence,15.4677,-0.3804,32.7482,3.064
2023-03-22,44007,Providence,15.6699,3.805,40.8401,2.6246
2023-03-23,44007,Providence,15.2775,4.6976,65.8612,3.9037
2023-03-24,44007,Providence,12.6415,-0.9805,51.3598,3.402
2023-03-25,44007,Providence,6.2362,2.1122,62.1582,4.3386
2023-03-26,44007,Providence,15.4238,-0.3136,44.4259,4.0905
2023-03-27,44007,Providence,15.3723,1.4043,41.6872,1.8745
2023-03-28,44007,Providence,7.7921,-1.5663,69.2949,1.6012
2023-03-29,44007,Providence,10.9107,-1.7069,45.7109,2.5081
2023-03-30,44007,Providence,5.2145,-4.1086,40.1583,4.7764
2023-03-31,44007,Providence,10.1975,-0.4296,44.8807,3.1226
2023-04-01,44007,Providence,15.4118,4.5979,82.0618,3.9936
2023-04-02,44007,Providence,9.8041,-4.1816,49.7014,4.4952
2023-04-03,44007,Providence,11.6489,0.5233,44.1265,3.776
2023-04-04,44007,Providence,20.4299,7.6081,53.8735,2.2817
2023-04-05,44007,Providence,8.6123,3.5294,76.6282,4.0659
2023-04-06,44007,Providence,18.6247,5.1404,72.0259,2.4433
2023-04-07,44007,Providence,15.1916,-1.344,39.8866,4.9793
2023-04-08,44007,Providence,10.992,-2.0733,31.9932,2.5283
2023-04-09,44007,Providence,12.5367,-0.6972,33.7494,1.9471
2023-04-10,44007,Providence,18.3741,2.2288,33.073,2.9151
2023-04-11,44007,Providence,23.959,11.6833,27.3438,4.9018
2023-04-12,44007,Providence,24.4854,8.7416,35.2159,4.2454
2023-04-13,44007,Providence,31.5947,11.2438,33.1627,3.1387
2023-04-14,44007,Providence,33.5069,8.7953,33.0703,2.1875
2023-04-15,44007,Providence,23.1713,10.3867,56.4605,2.3088
2023-04-16,44007,Providence,18.4265,9.5483,72.9709,1.7636
2023-04-17,44007,Providence,14.4899,6.7279,86.5168,3.606
2023-04-18,44007,Providence,13.4778,3.9114,51.0534,4.7714
2023-04-19,44007,Providence,10.7206,2.9026,48.4225,4.1884
2023-04-20,44007,Providence,18.3036,3.9852,37.6964,2.2758
2023-04-21,44007,Providence,18.2417,6.2678,46.5547,3.0451
2023-04-22,44007,Providence,13.8988,8.7259,62.9427,5.3607
2023-04-23,44007,Providence,12.2477,5.603,78.9892,4.2389
2023-04-24,44007,Providence,16.5082,3.2464,55.0774,2.2296
2023-04-25,44007,Providence,16.177,5.0398,50.3172,1.2644
2023-04-26,44007,Providence,14.7861,4.2769,56.9945,1.891
2023-04-27,44007,Providence,14.3058,2.6957,60.283,1.5815
2023-04-28,44007,Providence,17.0904,6.5225,50.6565,2.3146
2023-04-29,44007,Providence,14.5807,7.5865,62.3028,5.1485
2023-04-30,44007,Providence,16.1879,9.4391,76.3019,5.1309
2023-05-01,44007,Providence,16.6677,5.895,66.5122,5.07
2023-05-02,44007,Providence,13.2448,3.3255,71.1734,3.8042
2023-05-03,44007,Providence,13.932,5.3039,60.5267,2.174
2023-05-04,44007,Providence,10.1578,6.2808,70.7051,2.978
2023-05-05,44007,Providence,16.2099,5.2094,57.4616,2.201
2023-05-06,44007,Providence,23.0198,8.7416,41.6632,3.569
2023-05-07,44007,Providence,24.9371,11.586,39.012,3.1233
2023-05-08,44007,Providence,23.1434,5.209,48.2833,3.3155
2023-05-09,44007,Providence,18.1326,3.7321,44.5171,1.8421
2023-05-10,44007,Providence,21.8525,7.5148,39.4305,3.2147
2023-05-11,44007,Providence,26.3666,10.3737,41.5054,3.3264
2023-05-12,44007,Providence,28.8486,14.5909,41.8148,3.2659
2023-05-13,44007,Providence,27.2587,7.5916,47.6481,3.0193
2023-05-14,44007,Providence,18.9639,4.8273,46.0155,3.4212
2023-05-15,44007,Providence,22.3413,10.72,39.8898,3.9428
2023-05-16,44007,Providence,25.431,9.8395,42.3526,4.2873
2023-05-17,44007,Providence,14.7199,-0.3209,53.2254,4.1087
2023-05-18,44007,Providence,16.2137,3.4355,39.0414,2.6115
2023-05-19,44007,Providence,18.4447,8.2906,56.7952,3.913
2023-05-20,44007,Providence,17.3792,13.5303,78.0959,3.9467
2023-05-21,44007,Providence,21.9755,10.4361,61.6279,2.6919
2023-05-22,44007,Providence,19.1333,6.2232,63.9783,2.9002
2023-05-23,44007,Providence,19.9633,5.5135,59.5417,2.6746
2023-05-24,44007,Providence,22.0455,8.5784,53.0465,2.2667
2023-05-25,44007,Providence,18.806,4.7595,52.4384,3.4562
2023-05-26,44007,Providence,22.3131,6.2091,42.264,2.1275
2023-05-27,44007,Providence,25.5807,10.1925,41.2974,2.0631
2023-05-28,44007,Providence,28.1643,12.1901,46.9544,3.5187
2023-05-29,44007,Providence,20.6277,4.8689,62.2744,3.9772
2023-05-30,44007,Providence,21.3105,7.3243,50.9039,2.2125
2023-05-31,44007,Providence,24.6971,10.2528,49.5383,2.0574
2023-06-01,44007,Providence,29.7856,13.0167,51.2302,2.2685
2023-06-02,44007,Providence,30.7582,10.5876,62.0864,1.3708
2023-06-03,44007,Providence,12.4041,7.2217,86.7257,5.4355
2023-06-04,44007,Providence,12.938,8.2664,69.6611,3.6245
2023-06-05,44007,Providence,17.4102,9.8946,67.4638,3.1875
2023-06-06,44007,Providence,23.1298,8.718,59.2633,3.3557
2023-06-07,44007,Providence,18.4655,8.6931,63.3573,2.8898
2023-06-08,44007,Providence,18.3057,6.8289,66.1453,1.6181
2023-06-09,44007,Providence,19.7426,9.2164,62.7249,1.4819
2023-06-10,44007,Providence,21.2457,10.1694,60.6743,2.0489
2023-06-11,44007,Providence,26.8647,13.7644,56.1162,2.2043
2023-06-12,44007,Providence,24.8332,16.8145,71.5235,2.8289
2023-06-13,44007,Providence,25.7996,12.3268,79.4304,2.4706
2023-06-14,44007,Providence,25.4946,12.7375,68.0988,3.047
2023-06-15,44007,Providence,24.8383,14.11,62.7026,3.177
2023-06-16,44007,Providence,26.9991,14.1717,59.8504,2.0796
2023-06-17,44007,Providence,20.1906,12.5865,76.0525,1.9856
2023-06-18,44007,Providence,22.8959,12.396,66.3385,2.5715
2023-06-19,44007,Providence,21.9264,11.1741,75.4047,1.7114
2023-06-20,44007,Providence,22.8283,9.8748,70.9952,2.3839
2023-06-21,44007,Providence,21.8981,10.7559,65.7221,2.9542
2023-06-22,44007,Providence,24.1802,14.2333,60.1977,2.7166
2023-06-23,44007,Providence,26.0777,17.1017,67.1173,1.6008
2023-06-24,44007,Providence,24.2868,18.8576,75.0385,2.3908
2023-06-25,44007,Providence,28.6711,18.4634,66.9489,2.2205
2023-06-26,44007,Providence,27.1356,18.6326,70.0027,2.8226
2023-06-27,44007,Providence,24.5653,18.5265,77.0649,3.9161
2023-06-28,44007,Providence,24.6741,16.9335,77.1823,2.7135
2023-06-29,44007,Providence,26.3371,15.1609,72.9986,1.9345
2023-06-30,44007,Providence,28.3549,15.5348,68.5364,2.3287
2023-07-01,44007,Providence,27.7513,16.9639,72.8014,2.4873
2023-07-02,44007,Providence,25.6853,18.7558,80.8749,2.5737
2023-07-03,44007,Providence,28.5832,20.117,77.746,1.6242
2023-07-04,44007,Providence,25.8425,19.0817,78.2028,1.059
2023-07-05,44007,Providence,31.4003,19.7653,67.2,1.6747
2023-07-06,44007,Providence,31.7732,19.2712,71.552,2.1641
2023-07-07,44007,Providence,29.016,20.8139,71.8967,2.3129
2023-07-08,44007,Providence,30.9094,21.0681,68.389,1.3871
2023-07-09,44007,Providence,27.6086,20.2684,77.8225,2.3024
2023-07-10,44007,Providence,23.6155,16.9745,86.5336,2.1716
2023-07-11,44007,Providence,29.716,18.2544,62.7962,2.7526
2023-07-12,44007,Providence,31.7373,18.8122,65.373,2.1196
2023-07-13,44007,Providence,30.0275,18.4987,78.0167,3.183
2023-07-14,44007,Providence,26.321,20.7092,82.5582,2.347
2023-07-15,44007,Providence,29.4493,22.7143,74.8665,2.5919
2023-07-16,44007,Providence,24.9137,21.6581,86.6843,3.504
2023-07-17,44007,Providence,30.3225,21.0211,73.7143,2.3246
2023-07-18,44007,Providence,28.7193,20.6744,79.4553,2.6203
2023-07-19,44007,Providence,27.9499,17.9136,80.0419,2.1349
2023-07-20,44007,Providence,29.96,18.2288,62.5389,1.4116
2023-07-21,44007,Providence,26.4459,17.1085,79.5502,2.324
2023-07-22,44007,Providence,27.9739,16.4145,72.759,1.3616
2023-07-23,44007,Providence,29.3633,16.8927,63.4522,2.0913
2023-07-24,44007,Providence,29.3719,18.1986,64.7921,2.4949
2023-07-25,44007,Providence,29.5132,16.8678,73.6815,2.4712
2023-07-26,44007,Providence,30.2051,19.5436,64.281,2.8875
2023-07-27,44007,Providence,30.8227,20.5714,78.0135,4.2198
2023-07-28,44007,Providence,31.7821,21.7103,71.9156,2.3779
2023-07-29,44007,Providence,30.1694,14.8308,85.034,3.201
2023-07-30,44007,Providence,24.4188,12.8305,62.424,3.0492
2023-07-31,44007,Providence,26.7766,14.4152,60.0715,2.456
2023-08-01,44007,Providence,24.067,10.4544,68.0101,2.2543
2023-08-02,44007,Providence,24.5233,12.1888,58.2199,1.6725
2023-08-03,44007,Providence,25.4964,15.7327,65.7644,3.2776
2023-08-04,44007,Providence,24.832,18.0842,75.3183,3.783
2023-08-05,44007,Providence,27.9695,13.5931,75.3889,1.2091
2023-08-06,44007,Providence,27.2675,15.4097,68.1616,2.0473
2023-08-07,44007,Providence,23.1965,18.3954,87.0529,2.5466
2023-08-08,44007,Providence,27.5468,18.6193,76.9847,3.0651
2023-08-09,44007,Providence,26.9704,16.2501,69.5065,4.1276
2023-08-10,44007,Providence,26.7232,17.0386,75.3557,3.0135
2023-08-11,44007,Providence,26.88,12.8937,71.1615,3.3852
2023-08-12,44007,Providence,28.0134,18.6915,65.668,2.1451
2023-08-13,44007,Providence,28.684,16.6677,79.8525,3.0426
2023-08-14,44007,Providence,27.0195,18.5522,68.5283,2.475
2023-08-15,44007,Providence,20.9455,18.087,92.0947,2.4038
2023-08-16,44007,Providence,21.7846,17.7987,91.6588,1.1364
2023-08-17,44007,Providence,23.5493,18.7857,84.9446,2.3571
2023-08-18,44007,Providence,26.6323,13.5518,82.4097,3.0962
2023-08-19,44007,Providence,21.9519,14.2812,70.0918,3.6861
2023-08-20,44007,Providence,27.1399,15.9052,64.3118,3.1856
2023-08-21,44007,Providence,28.6422,15.5937,73.3802,2.2062
2023-08-22,44007,Providence,24.9264,12.3935,66.4714,3.3529
2023-08-23,44007,Providence,24.773,11.5175,58.5797,2.0102
2023-08-24,44007,Providence,24.0018,15.2763,70.4057,2.5722
2023-08-25,44007,Providence,21.8521,18.1351,87.4403,3.6966
2023-08-26,44007,Providence,27.9284,17.2152,79.7902,1.6243
2023-08-27,44007,Providence,25.553,15.9682,75.5415,2.2478
2023-08-28,44007,Providence,23.8384,15.9327,78.813,2.1387
2023-08-29,44007,Providence,24.15,17.6157,79.8127,1.6765
2023-08-30,44007,Providence,26.3774,14.5444,83.756,2.906
2023-08-31,44007,Providence,22.9187,9.6292,62.89,3.6014
2023-09-01,44007,Providence,23.486,9.9332,57.5166,2.1605
2023-09-02,44007,Providence,24.5318,14.3242,65.0746,3.4375
2023-09-03,44007,Providence,29.075,16.4421,67.9056,2.6688
2023-09-04,44007,Providence,30.7743,17.7626,70.1949,1.0316
2023-09-05,44007,Providence,30.8582,19.4622,74.9533,1.6469
2023-09-06,44007,Providence,31.6242,19.1416,75.4023,1.8719
2023-09-07,44007,Providence,33.0193,20.3181,70.0555,1.9818
2023-09-08,44007,Providence,29.5628,20.8552,77.9158,2.7193
2023-09-09,44007,Providence,29.2271,19.4895,75.1344,1.8865
2023-09-10,44007,Providence,25.9973,19.5842,77.7236,1.8731
2023-09-11,44007,Providence,25.1609,18.7661,70.8387,1.3621
2023-09-12,44007,Providence,26.5645,17.2733,78.0398,1.1395
2023-09-13,44007,Providence,23.9025,15.7067,86.0409,2.4097
2023-09-14,44007,Providence,23.9803,11.7226,71.8566,2.4404
2023-09-15,44007,Providence,19.9169,12.9227,66.7877,4.8565
2023-09-16,44007,Providence,21.2478,9.6445,67.1292,4.9751
2023-09-17,44007,Providence,24.2906,13.6781,56.3598,2.8089
2023-09-18,44007,Providence,18.1917,13.422,88.5224,2.617
2023-09-19,44007,Providence,21.3932,10.6316,71.0239,3.8556
2023-09-20,44007,Providence,21.9473,8.4877,64.1097,2.8007
2023-09-21,44007,Providence,22.523,9.3162,60.8988,1.9762
2023-09-22,44007,Providence,21.3668,10.369,65.1725,3.1644
2023-09-23,44007,Providence,15.1999,12.2309,83.6992,4.983
2023-09-24,44007,Providence,15.9358,13.6156,86.7214,5.4517
2023-09-25,44007,Providence,15.6151,12.5441,88.078,5.6885
2023-09-26,44007,Providence,15.7694,5.2671,85.684,4.6171
2023-09-27,44007,Providence,18.975,6.1369,65.1524,3.122
2023-09-28,44007,Providence,20.0104,9.3103,68.792,2.8082
2023-09-29,44007,Providence,14.7251,11.2747,89.7371,3.7393
2023-09-30,44007,Providence,15.4157,9.8898,88.5571,3.5853
2023-10-01,44007,Providence,22.3292,11.2568,61.0256,2.9293
2023-10-02,44007,Providence,22.1781,7.0867,65.2427,2.2692
2023-10-03,44007,Providence,27.0084,11.8462,55.654,2.6381
2023-10-04,44007,Providence,29.4617,13.6805,58.7296,1.6576
2023-10-05,44007,Providence,24.4893,14.9921,62.6139,2.4392
2023-10-06,44007,Providence,23.2534,16.8645,69.0889,2.5411
2023-10-07,44007,Providence,21.4617,8.6678,84.6953,3.0934
2023-10-08,44007,Providence,17.0989,5.3064,67.0583,4.6719
2023-10-09,44007,Providence,15.7652,5.3609,58.2581,3.2682
2023-10-10,44007,Providence,17.753,6.7198,60.3321,1.9532
2023-10-11,44007,Providence,19.8751,6.365,61.6781,2.3211
2023-10-12,44007,Providence,20.1979,5.9294,56.9255,1.705
2023-10-13,44007,Providence,16.8413,5.7259,53.3766,3.2564
2023-10-14,44007,Providence,14.8853,7.4647,62.7796,2.2174
2023-10-15,44007,Providence,14.602,7.3009,61.6471,3.3262
2023-10-16,44007,Providence,14.3777,5.8048,67.0915,2.8981
2023-10-17,44007,Providence,15.8691,7.8258,63.6463,1.2095
2023-10-18,44007,Providence,16.6796,8.0802,63.9833,1.2896
2023-10-19,44007,Providence,17.643,8.2253,65.7384,2.846
2023-10-20,44007,Providence,17.3767,10.8451,80.0824,3.5113
2023-10-21,44007,Providence,14.6631,9.4548,86.6127,3.5444
2023-10-22,44007,Providence,13.1848,5.9712,66.5736,5.2891
2023-10-23,44007,Providence,16.066,3.7906,58.0264,2.9172
2023-10-24,44007,Providence,16.0258,6.2495,58.9223,2.2236
2023-10-25,44007,Providence,22.7665,10.9964,55.3682,3.394
2023-10-26,44007,Providence,25.6993,13.2058,47.9565,2.0722
2023-10-27,44007,Providence,24.0478,11.8152,58.9611,2.6302
2023-10-28,44007,Providence,26.5806,11.1041,56.0995,3.1028
2023-10-29,44007,Providence,11.4699,7.9578,72.0175,3.0695
2023-10-30,44007,Providence,11.4739,3.0598,92.8614,2.8024
2023-10-31,44007,Providence,9.4595,1.7403,51.5587,2.764
2023-11-01,44007,Providence,6.8711,-2.9564,64.173,2.7318
2023-11-02,44007,Providence,7.1633,-2.4747,50.6558,2.4206
2023-11-03,44007,Providence,12.3833,1.4005,57.0341,3.5663
2023-11-04,44007,Providence,15.1365,4.6391,58.1303,2.2216
2023-11-05,44007,Providence,16.0558,3.4117,53.9468,1.9662
2023-11-06,44007,Providence,10.846,4.4806,59.1336,2.2788
2023-11-07,44007,Providence,17.634,2.7727,71.2244,4.7539
2023-11-08,44007,Providence,6.1287,1.2968,48.6434,4.1602
2023-11-09,44007,Providence,4.7146,-0.3123,78.7395,1.7361
2023-11-10,44007,Providence,9.1944,1.0993,60.7837,3.1504
2023-11-11,44007,Providence,9.9915,-3.5251,52.9526,3.2136
2023-11-12,44007,Providence,5.77,-5.9523,55.8526,2.3824
2023-11-13,44007,Providence,6.7659,-3.7961,53.444,1.3183
2023-11-14,44007,Providence,8.3939,-3.3029,62.027,2.6181
2023-11-15,44007,Providence,9.3734,-1.1227,60.6034,2.7003
2023-11-16,44007,Providence,16.6286,1.3601,49.8985,2.441
2023-11-17,44007,Providence,17.2243,4.6518,69.3125,3.8234
2023-11-18,44007,Providence,12.4963,-3.0079,84.3422,2.9685
2023-11-19,44007,Providence,10.5066,-2.3027,47.8061,3.3795
2023-11-20,44007,Providence,4.0012,-6.2654,48.2634,3.6033
2023-11-21,44007,Providence,6.8281,-4.2037,54.5706,3.5449
2023-11-22,44007,Providence,11.2757,3.3906,75.1526,5.0158
2023-11-23,44007,Providence,10.2599,1.2212,57.5875,3.5712
2023-11-24,44007,Providence,8.7463,-6.3357,53.5345,3.9102
2023-11-25,44007,Providence,2.5481,-6.0834,38.4516,2.1365
2023-11-26,44007,Providence,11.3115,-4.1317,57.128,3.3319
2023-11-27,44007,Providence,10.1802,0.801,69.424,4.5598
2023-11-28,44007,Providence,3.1848,-3.9184,45.5559,5.4885
2023-11-29,44007,Providence,1.9878,-4.127,42.4947,4.0751
2023-11-30,44007,Providence,7.5529,-2.7274,50.6254,3.5544
2023-12-01,44007,Providence,12.0072,3.4497,59.1615,3.211
2023-12-02,44007,Providence,10.0987,4.7653,78.6343,2.2427
2023-12-03,44007,Providence,7.2987,3.8643,76.6061,3.6617
2023-12-04,44007,Providence,11.0007,0.7811,65.1887,2.4587
2023-12-05,44007,Providence,3.8198,-3.1408,64.6336,2.4854
2023-12-06,44007,Providence,2.9107,-7.1741,56.8499,3.2729
2023-12-07,44007,Providence,-0.332,-6.51,54.331,2.9051
2023-12-08,44007,Providence,7.1699,-4.1168,55.0407,1.5734
2023-12-09,44007,Providence,11.6342,-0.4966,68.115,2.5484
2023-12-10,44007,Providence,16.821,5.8724,71.1915,4.4159
2023-12-11,44007,Providence,6.8421,-1.3316,90.6048,5.2318
2023-12-12,44007,Providence,5.9816,-2.1742,52.6655,4.0862
2023-12-13,44007,Providence,6.4757,-4.2042,49.097,4.2392
2023-12-14,44007,Providence,2.2001,-4.2282,40.216,3.5642
2023-12-15,44007,Providence,13.6953,-0.1931,39.7116,3.8967
2023-12-16,44007,Providence,11.8812,-0.351,49.5688,3.0305
2023-12-17,44007,Providence,15.0376,2.5983,64.8429,4.5637
2023-12-18,44007,Providence,16.2067,2.5867,80.1176,8.6339
2023-12-19,44007,Providence,7.6385,-1.9386,56.8953,3.7992
2023-12-20,44007,Providence,6.5051,-2.0946,44.1405,3.6549
2023-12-21,44007,Providence,2.5056,-8.2017,50.3403,4.6934
2023-12-22,44007,Providence,2.1389,-8.2219,36.2809,1.5912
2023-12-23,44007,Providence,5.569,-6.2074,54.9025,1.4345
2023-12-24,44007,Providence,7.3807,1.5947,65.8938,0.8883
2023-12-25,44007,Providence,12.9878,-0.4132,61.9674,1.1336
2023-12-26,44007,Providence,11.0628,0.3348,62.6964,1.1081
2023-12-27,44007,Providence,10.4637,3.9005,69.2408,1.5136
2023-12-28,44007,Providence,7.2623,4.1713,83.7676,3.7332
2023-12-29,44007,Providence,7.4264,4.2173,76.2321,2.3834
2023-12-30,44007,Providence,6.373,0.6662,70.4018,3.3649
2023-12-31,44007,Providence,3.7268,0.0335,51.5367,2.9407
2024-01-01,44007,Providence,5.5921,-5.8469,50.1639,1.7363
2024-01-02,44007,Providence,4.9829,-5.7636,44.5309,2.0882
2024-01-03,44007,Providence,5.6281,-2.8434,47.5327,2.2442
2024-01-04,44007,Providence,5.8721,-6.3166,48.9053,3.6749
2024-01-05,44007,Providence,1.3329,-6.5849,38.4183,3.8736
2024-01-06,44007,Providence,1.8745,-4.4282,58.633,3.6909
2024-01-07,44007,Providence,0.935,-4.5257,75.7288,5.9025
2024-01-08,44007,Providence,2.2459,-7.4276,59.4096,3.527
2024-01-09,44007,Providence,11.8475,-5.7742,48.387,4.9945
2024-01-10,44007,Providence,11.819,3.3576,50.2617,6.894
2024-01-11,44007,Providence,6.2081,-0.3229,51.6488,3.9369
2024-01-12,44007,Providence,9.0154,0.1323,48.0766,3.1553
2024-01-13,44007,Providence,14.3207,-0.2638,47.9584,7.487
2024-01-14,44007,Providence,3.9675,-7.1766,48.7119,6.6563
2024-01-15,44007,Providence,-0.3351,-6.4706,38.5735,2.7264
2024-01-16,44007,Providence,-0.2371,-8.3069,75.7577,3.5776
2024-01-17,44007,Providence,-4.3451,-9.8766,47.6088,5.5889
2024-01-18,44007,Providence,-2.0525,-8.8351,46.8555,4.0264
2024-01-19,44007,Providence,-3.5079,-10.4744,60.3654,3.6412
2024-01-20,44007,Providence,-6.6897,-11.0449,42.3839,5.286
2024-01-21,44007,Providence,-3.2233,-11.4215,47.9528,4.8183
2024-01-22,44007,Providence,3.1299,-9.0559,51.7482,3.9385
2024-01-23,44007,Providence,3.3816,-0.3584,53.6612,2.6227
2024-01-24,44007,Providence,9.4626,0.0262,52.1426,2.1387
2024-01-25,44007,Providence,11.1494,3.0229,51.5111,2.9214
2024-01-26,44007,Providence,5.0004,2.3792,61.9496,2.4723
2024-01-27,44007,Providence,3.9732,1.9629,60.378,1.3308
2024-01-28,44007,Providence,2.5443,0.9793,69.2432,3.7774
2024-01-29,44007,Providence,1.7824,-0.6506,64.371,4.7258
2024-01-30,44007,Providence,-1.1044,-3.1343,57.5511,2.5045
2024-01-31,44007,Providence,1.0317,-3.4616,56.6585,1.3867
2024-02-01,44007,Providence,5.5346,0.3105,59.7442,3.0916
2024-02-02,44007,Providence,5.0474,-2.1017,66.711,2.8101
2024-02-03,44007,Providence,3.1956,-6.1796,53.8487,4.1338
2024-02-04,44007,Providence,5.1808,-5.7042,39.896,3.7558
2024-02-05,44007,Providence,5.459,-4.6291,37.79,3.9015
2024-02-06,44007,Providence,3.2187,-4.6278,52.8399,3.1582
2024-02-07,44007,Providence,6.0799,-5.4679,54.3366,1.9621
2024-02-08,44007,Providence,10.0121,-4.305,46.1569,1.1348
2024-02-09,44007,Providence,9.8368,-1.0035,57.4356,2.8839
2024-02-10,44007,Providence,14.2379,0.8475,56.7073,2.6555
2024-02-11,44007,Providence,7.8651,-3.4285,59.5579,3.2662
2024-02-12,44007,Providence,7.6403,-2.5636,51.2621,1.4383
2024-02-13,44007,Providence,0.8716,-4.255,73.7949,4.5943
2024-02-14,44007,Providence,-0.032,-7.343,47.6318,6.559
2024-02-15,44007,Providence,2.8607,-5.8673,41.2906,4.2033
2024-02-16,44007,Providence,2.9026,-4.2537,54.0858,5.3056
2024-02-17,44007,Providence,0.8221,-9.3025,65.809,2.4854
2024-02-18,44007,Providence,1.6298,-7.8775,56.427,5.4512
2024-02-19,44007,Providence,2.0834,-9.1651,51.5845,3.3988
2024-02-20,44007,Providence,2.8162,-9.9462,44.7192,1.6935
2024-02-21,44007,Providence,4.4115,-8.9273,56.1754,1.8827
2024-02-22,44007,Providence,5.5601,-5.692,61.1057,2.3685
2024-02-23,44007,Providence,6.8809,0.8869,64.9448,1.525
2024-02-24,44007,Providence,6.7197,-1.2291,44.8623,3.6587
2024-02-25,44007,Providence,11.0394,1.3312,22.0618,2.6032
2024-02-26,44007,Providence,11.0157,0.5912,45.5997,3.1746
2024-02-27,44007,Providence,9.7799,0.5889,73.9003,2.9901
2024-02-28,44007,Providence,7.48,0.3875,100.0,6.8888
2024-02-29,44007,Providence,10.822,-8.801,23.7111,6.5458
2024-03-01,44007,Providence,6.079,-4.9641,37.6616,3.8146
2024-03-02,44007,Providence,10.0376,2.7963,69.6861,3.5022
2024-03-03,44007,Providence,16.6373,3.9998,62.1732,2.0537
2024-03-04,44007,Providence,14.0747,3.3484,61.3882,2.6052
2024-03-05,44007,Providence,7.775,3.924,83.556,3.0864
2024-03-06,44007,Providence,10.9894,4.9213,81.1266,2.7492
2024-03-07,44007,Providence,8.1168,1.79,76.9477,4.8453
2024-03-08,44007,Providence,10.3167,-1.8584,47.9422,3.3258
2024-03-09,44007,Providence,9.0922,1.0507,60.4994,4.8286
2024-03-10,44007,Providence,10.0224,-0.6928,71.0024,6.2797
2024-03-11,44007,Providence,6.7398,0.1162,43.1718,7.5259
2024-03-12,44007,Providence,13.5066,-0.3438,33.6014,4.7841
2024-03-13,44007,Providence,15.8784,0.7714,37.664,1.9563
2024-03-14,44007,Providence,18.6788,4.1555,46.1446,1.403
2024-03-15,44007,Providence,10.2841,0.8565,76.5809,2.543
2024-03-16,44007,Providence,13.802,3.5176,50.2791,2.7793
2024-03-17,44007,Providence,14.6595,2.2822,49.5621,4.6173
2024-03-18,44007,Providence,9.3052,-0.6229,42.1004,3.4408
2024-03-19,44007,Providence,6.7712,0.5068,40.7317,4.1043
2024-03-20,44007,Providence,10.383,-3.2967,53.9328,4.3805
2024-03-21,44007,Providence,3.3614,-5.308,32.259,7.1938
2024-03-22,44007,Providence,5.5447,-3.5131,32.965,3.0241
2024-03-23,44007,Providence,7.0516,-3.9179,91.8059,4.8741
2024-03-24,44007,Providence,5.6896,-3.5553,41.5061,5.1208
2024-03-25,44007,Providence,6.3601,0.2576,46.9821,5.6919
2024-03-26,44007,Providence,4.2764,0.9089,70.0134,4.7336
2024-03-27,44007,Providence,15.274,3.4192,64.836,1.1408
2024-03-28,44007,Providence,11.1863,2.6593,81.6574,2.0032
2024-03-29,44007,Providence,10.7433,2.1204,50.3117,6.4989
2024-03-30,44007,Providence,13.2155,3.2528,38.055,5.1032
2024-03-31,44007,Providence,14.6674,1.4403,39.9134,3.2253
2024-04-01,44007,Providence,13.767,1.7924,51.3347,1.0512
2024-04-02,44007,Providence,11.2151,3.1117,59.7533,4.1047
2024-04-03,44007,Providence,5.4943,1.6434,71.6678,8.1725
2024-04-04,44007,Providence,3.7742,-0.2374,79.0308,5.7281
2024-04-05,44007,Providence,7.1317,1.318,55.56,4.431
2024-04-06,44007,Providence,7.9191,1.3553,56.2077,4.132
2024-04-07,44007,Providence,9.9785,0.2604,52.0467,3.1697
2024-04-08,44007,Providence,18.5607,3.8842,35.3743,2.994
2024-04-09,44007,Providence,22.7436,3.0279,36.0238,1.7901
2024-04-10,44007,Providence,16.4831,7.6375,57.0553,2.9637
2024-04-11,44007,Providence,15.5888,8.6129,73.0012,3.3074
2024-04-12,44007,Providence,15.3695,6.8437,81.1688,6.7623
2024-04-13,44007,Providence,12.438,6.3267,54.2266,5.5418
2024-04-14,44007,Providence,15.2037,6.2628,50.1918,3.9069
2024-04-15,44007,Providence,23.4654,6.3355,44.1462,2.5031
2024-04-16,44007,Providence,19.9821,5.1222,37.8521,2.9309
2024-04-17,44007,Providence,16.7432,6.6258,43.7479,2.5197
2024-04-18,44007,Providence,9.3088,5.0956,63.6479,3.2431
2024-04-19,44007,Providence,14.765,6.5778,50.2785,2.8369
2024-04-20,44007,Providence,15.6623,1.4653,68.8322,2.9986
2024-04-21,44007,Providence,11.4767,0.2224,49.4035,3.3369
2024-04-22,44007,Providence,15.0638,-0.159,38.1631,2.716
2024-04-23,44007,Providence,15.9615,3.4751,41.6966,2.5626
2024-04-24,44007,Providence,18.8719,-0.4852,50.4381,3.9808
2024-04-25,44007,Providence,14.3473,-1.0178,35.8175,2.3226
2024-04-26,44007,Providence,16.3067,1.0299,37.4007,1.8379
2024-04-27,44007,Providence,18.09,5.0689,37.0146,3.4859
2024-04-28,44007,Providence,19.9979,7.0583,57.2208,3.3963
2024-04-29,44007,Providence,24.1952,10.2409,53.3896,2.0106
2024-04-30,44007,Providence,16.9066,7.3302,66.3027,2.7007
2024-05-01,44007,Providence,16.3799,6.898,68.6656,1.7999
2024-05-02,44007,Providence,21.1256,7.7406,63.3543,3.3778
2024-05-03,44007,Providence,16.7695,5.5813,63.5548,2.5491
2024-05-04,44007,Providence,16.6188,6.8079,58.9373,2.6172
2024-05-05,44007,Providence,11.3857,7.4162,75.4053,3.2873
2024-05-06,44007,Providence,22.4088,11.0774,63.1629,2.6059
2024-05-07,44007,Providence,25.7406,9.8133,51.5759,1.7656
2024-05-08,44007,Providence,18.6483,10.6832,81.1164,2.2175
2024-05-09,44007,Providence,20.1118,7.4665,61.7101,2.5673
2024-05-10,44007,Providence,15.2999,3.9863,60.8309,3.162
2024-05-11,44007,Providence,14.5086,4.303,60.0975,2.4015
2024-05-12,44007,Providence,15.2258,7.597,55.9513,1.5853
2024-05-13,44007,Providence,20.7604,8.9424,51.7964,2.5145
2024-05-14,44007,Providence,23.9875,13.0905,52.8949,3.6991
2024-05-15,44007,Providence,20.1909,12.5462,70.3249,2.8382
2024-05-16,44007,Providence,16.0505,10.6678,83.4543,5.3198
2024-05-17,44007,Providence,21.6658,11.5089,61.0536,3.4832
2024-05-18,44007,Providence,15.3801,11.1423,76.8878,3.1459
2024-05-19,44007,Providence,15.4352,10.2273,78.5125,3.3846
2024-05-20,44007,Providence,22.3797,11.0073,63.2309,2.0455
2024-05-21,44007,Providence,24.9865,12.7465,60.037,2.9823
2024-05-22,44007,Providence,29.2775,15.3619,57.4733,3.3374
2024-05-23,44007,Providence,24.1216,12.9178,79.925,3.0239
2024-05-24,44007,Providence,28.2134,11.8713,56.6012,3.1316
2024-05-25,44007,Providence,24.52,13.2277,53.3307,1.9145
2024-05-26,44007,Providence,25.7668,16.2958,59.6863,1.7042
2024-05-27,44007,Providence,21.5361,16.7186,73.0954,4.0649
2024-05-28,44007,Providence,26.3906,14.0634,68.0682,3.5505
2024-05-29,44007,Providence,23.5888,12.2008,60.4199,1.927
2024-05-30,44007,Providence,16.3868,8.8294,79.2571,2.6715
2024-05-31,44007,Providence,24.1481,9.9272,45.7312,3.0294
2024-06-01,44007,Providence,27.2049,10.722,43.6052,2.1434
2024-06-02,44007,Providence,28.5362,15.3568,48.5108,1.8641
2024-06-03,44007,Providence,29.2656,12.4131,55.9417,1.5325
2024-06-04,44007,Providence,24.842,13.8881,64.8573,2.5799
2024-06-05,44007,Providence,27.8577,18.1748,58.8323,3.1236
2024-06-06,44007,Providence,23.355,16.3661,80.4563,1.7951
2024-06-07,44007,Providence,27.3895,13.2304,68.7209,2.1454
2024-06-08,44007,Providence,23.3964,13.6855,57.3486,3.9637
2024-06-09,44007,Providence,20.9941,12.17,72.0866,2.7886
2024-06-10,44007,Providence,23.9017,10.8899,61.1245,2.6176
2024-06-11,44007,Providence,22.5868,12.7336,64.2696,1.5208
2024-06-12,44007,Providence,25.4311,12.5561,64.7179,1.324
2024-06-13,44007,Providence,27.8603,17.2685,59.3248,3.1134
2024-06-14,44007,Providence,27.9318,16.4995,71.0411,3.3298
2024-06-15,44007,Providence,24.6991,9.8534,65.5204,3.2891
2024-06-16,44007,Providence,23.6399,12.4167,49.9492,1.9199
2024-06-17,44007,Providence,26.5134,17.0482,62.4507,3.5542
2024-06-18,44007,Providence,31.5858,19.0514,62.9517,3.2489
2024-06-19,44007,Providence,31.9872,19.9681,62.1682,3.3495
2024-06-20,44007,Providence,33.3244,19.9464,64.9306,2.9883
2024-06-21,44007,Providence,31.1749,18.17,68.8631,1.5744
2024-06-22,44007,Providence,23.9606,16.6917,88.4114,1.6
2024-06-23,44007,Providence,28.9854,19.2106,76.1644,4.2581
2024-06-24,44007,Providence,26.7436,16.4192,70.5938,4.5304
2024-06-25,44007,Providence,30.4697,19.6245,52.0498,3.1183
2024-06-26,44007,Providence,29.8029,17.8638,69.805,3.273
2024-06-27,44007,Providence,27.5874,11.1273,73.6359,3.0609
2024-06-28,44007,Providence,24.0767,13.0394,48.8305,2.3461
2024-06-29,44007,Providence,24.119,17.6676,69.9822,4.4918
2024-06-30,44007,Providence,28.4208,16.6097,87.6298,3.8375
2024-07-01,44007,Providence,25.7653,14.1419,68.7296,3.3637
2024-07-02,44007,Providence,28.4945,13.6145,58.4578,1.7541
2024-07-03,44007,Providence,27.7785,15.6574,61.0446,2.31
2024-07-04,44007,Providence,27.5246,19.6656,72.2933,3.1437
2024-07-05,44007,Providence,27.2094,21.3704,79.7228,2.1866
2024-07-06,44007,Providence,25.4446,21.9609,90.8264,3.0642
2024-07-07,44007,Providence,30.4731,20.3892,78.4543,1.57
2024-07-08,44007,Providence,32.8798,21.003,70.0597,1.6043
2024-07-09,44007,Providence,30.6813,22.3324,73.7908,2.9174
2024-07-10,44007,Providence,30.1652,23.1731,79.0538,3.9065
2024-07-11,44007,Providence,30.4508,20.3062,77.6428,4.6795
2024-07-12,44007,Providence,28.7241,22.3666,75.9081,3.5228
2024-07-13,44007,Providence,27.3592,20.3957,81.0795,2.9402
2024-07-14,44007,Providence,31.8401,20.3323,67.1148,2.2956
2024-07-15,44007,Providence,32.926,22.0108,71.6134,2.9317
2024-07-16,44007,Providence,33.1405,21.3571,70.7441,4.0581
2024-07-17,44007,Providence,30.9905,21.6834,71.736,2.9812
2024-07-18,44007,Providence,30.1634,16.4588,71.1632,2.6662
2024-07-19,44007,Providence,27.8892,16.2072,58.1358,2.1852
2024-07-20,44007,Providence,28.72,19.4566,61.378,2.6395
2024-07-21,44007,Providence,30.083,17.8871,61.5893,2.1412
2024-07-22,44007,Providence,29.0356,19.9142,66.6697,1.9036
2024-07-23,44007,Providence,24.4281,19.1188,85.1698,1.1792
2024-07-24,44007,Providence,22.4832,19.1128,88.3182,1.8405
2024-07-25,44007,Providence,27.4247,15.362,77.6921,3.0365
2024-07-26,44007,Providence,28.8357,15.2665,55.4342,2.6255
2024-07-27,44007,Providence,29.1816,15.047,62.7687,1.2367
2024-07-28,44007,Providence,27.7467,16.3064,67.55,1.6724
2024-07-29,44007,Providence,23.2554,17.079,76.1536,2.3519
2024-07-30,44007,Providence,29.8254,21.5858,71.8479,3.7362
2024-07-31,44007,Providence,27.0953,21.2725,81.6488,3.4638
2024-08-01,44007,Providence,32.0827,19.9878,66.6092,2.7018
2024-08-02,44007,Providence,32.0551,22.4708,69.6435,1.7701
2024-08-03,44007,Providence,31.7943,21.477,75.5759,3.0542
2024-08-04,44007,Providence,27.9579,18.9147,81.9051,3.8094
2024-08-05,44007,Providence,30.5164,21.3037,68.8785,2.4194
2024-08-06,44007,Providence,22.7403,14.3506,98.6766,2.1543
2024-08-07,44007,Providence,21.0622,13.3229,87.5022,2.4917
2024-08-08,44007,Providence,21.9873,16.1385,82.0388,3.0067
2024-08-09,44007,Providence,27.6591,18.8953,84.3143,5.2136
2024-08-10,44007,Providence,29.2302,15.1315,86.5145,3.6106
2024-08-11,44007,Providence,26.33,13.8733,76.2858,2.451
2024-08-12,44007,Providence,25.0548,13.4348,65.9895,2.9702
2024-08-13,44007,Providence,26.186,14.829,64.0662,2.5825
2024-08-14,44007,Providence,28.1604,15.3838,67.2745,1.3853
2024-08-15,44007,Providence,28.4923,15.3451,69.1584,0.8404
2024-08-16,44007,Providence,24.6539,16.5156,79.0783,1.6416
2024-08-17,44007,Providence,24.701,17.3214,72.6655,2.4953
2024-08-18,44007,Providence,23.6877,17.7336,80.2602,1.9721
2024-08-19,44007,Providence,25.9347,14.9292,87.0139,2.2192
2024-08-20,44007,Providence,21.4748,10.8355,82.5237,2.8524
2024-08-21,44007,Providence,22.8204,10.7051,62.894,2.7951
2024-08-22,44007,Providence,23.2519,12.231,61.634,3.0054
2024-08-23,44007,Providence,26.7016,13.6102,55.8669,2.2749
2024-08-24,44007,Providence,27.4558,13.9707,63.2249,2.1756
2024-08-25,44007,Providence,27.7351,16.3882,66.7877,1.7951
2024-08-26,44007,Providence,27.1156,13.8554,71.0303,1.1095
2024-08-27,44007,Providence,27.1886,17.3545,67.4672,1.8472
2024-08-28,44007,Providence,30.685,16.6014,72.597,3.2578
2024-08-29,44007,Providence,23.8579,10.7495,70.375,2.2148
2024-08-30,44007,Providence,24.0451,12.6627,65.2823,2.4466
2024-08-31,44007,Providence,25.1303,15.8675,74.755,2.4685
2024-09-01,44007,Providence,25.4184,17.3179,82.0001,3.4259
2024-09-02,44007,Providence,24.478,8.2622,71.3114,2.7727
2024-09-03,44007,Providence,22.2522,9.2436,46.4648,2.2908
2024-09-04,44007,Providence,25.4061,10.7805,50.1269,1.3049
2024-09-05,44007,Providence,24.28,11.8693,57.6763,1.9108
2024-09-06,44007,Providence,24.0177,13.3319,74.753,3.0274
2024-09-07,44007,Providence,23.2478,9.8114,78.6462,2.8784
2024-09-08,44007,Providence,19.4812,8.7002,59.7592,3.7159
2024-09-09,44007,Providence,22.5538,11.6065,53.3976,3.7199
2024-09-10,44007,Providence,24.0943,9.3986,55.6773,2.54
2024-09-11,44007,Providence,24.6649,10.4241,48.534,1.5193
2024-09-12,44007,Providence,25.1591,11.7172,55.3618,1.8397
2024-09-13,44007,Providence,26.8278,13.5234,57.3028,1.4795
2024-09-14,44007,Providence,27.6976,14.0681,60.7971,2.0161
2024-09-15,44007,Providence,25.2972,9.6214,62.93,2.0349
2024-09-16,44007,Providence,26.3416,11.2128,49.5806,1.6195
2024-09-17,44007,Providence,26.9844,11.866,53.7574,1.6105
2024-09-18,44007,Providence,22.9471,14.0115,66.8221,1.5349
2024-09-19,44007,Providence,22.3109,15.8759,71.8563,3.5768
2024-09-20,44007,Providence,17.3943,13.4124,94.7052,4.8746
2024-09-21,44007,Providence,15.0584,12.1065,94.611,4.8562
2024-09-22,44007,Providence,18.1479,10.3068,78.0092,3.7514
2024-09-23,44007,Providence,17.2448,9.9597,79.8881,3.1673
2024-09-24,44007,Providence,17.7551,11.2602,71.9906,3.2615
2024-09-25,44007,Providence,17.7076,13.1989,77.6504,2.994
2024-09-26,44007,Providence,20.1957,14.3828,83.0736,3.0466
2024-09-27,44007,Providence,23.4849,14.0613,74.3506,0.8703
2024-09-28,44007,Providence,22.0781,13.091,75.4674,2.6603
2024-09-29,44007,Providence,18.6686,9.7871,82.3372,1.9512
2024-09-30,44007,Providence,21.9459,10.7282,65.989,1.932
2024-10-01,44007,Providence,20.3698,9.7911,67.8219,3.1493
2024-10-02,44007,Providence,19.3771,8.4321,66.5185,2.3352
2024-10-03,44007,Providence,21.288,10.284,61.0888,1.7285
2024-10-04,44007,Providence,21.8626,12.1636,62.4613,2.1137
2024-10-05,44007,Providence,22.1987,6.5973,62.0171,1.9959
2024-10-06,44007,Providence,19.8257,8.2274,52.7745,2.0182
2024-10-07,44007,Providence,17.908,7.2077,79.9149,2.2611
2024-10-08,44007,Providence,17.6771,6.137,54.6651,2.6045
2024-10-09,44007,Providence,17.302,5.7169,53.2998,2.7925
2024-10-10,44007,Providence,15.0238,2.7355,53.2917,4.0041
2024-10-11,44007,Providence,19.5261,4.672,48.4133,3.9839
2024-10-12,44007,Providence,21.0604,2.987,41.7862,4.414
2024-10-13,44007,Providence,11.3674,5.4265,69.361,2.2403
2024-10-14,44007,Providence,13.7998,2.5683,81.5326,2.9184
2024-10-15,44007,Providence,12.2917,2.8694,52.1489,4.0901
2024-10-16,44007,Providence,13.2457,0.0626,52.2951,3.7465
2024-10-17,44007,Providence,12.0048,1.7821,55.4404,2.2008
2024-10-18,44007,Providence,17.213,2.0085,48.0313,2.7935
2024-10-19,44007,Providence,21.1905,3.397,44.7438,2.0408
2024-10-20,44007,Providence,23.5233,5.915,43.017,3.0357
2024-10-21,44007,Providence,26.4173,9.4861,41.1017,2.6
2024-10-22,44007,Providence,25.8547,9.737,51.3942,1.6535
2024-10-23,44007,Providence,23.0888,10.659,61.7996,3.1592
2024-10-24,44007,Providence,20.3225,4.392,66.4066,3.1642
2024-10-25,44007,Providence,16.4725,5.1216,46.361,2.7588
2024-10-26,44007,Providence,16.7463,1.2153,46.0501,3.9635
2024-10-27,44007,Providence,12.5181,1.272,35.3234,3.272
2024-10-28,44007,Providence,11.3038,0.0052,48.2547,1.9509
2024-10-29,44007,Providence,12.5299,7.8526,59.9543,3.8767
2024-10-30,44007,Providence,20.9364,10.6134,64.8387,3.6364
2024-10-31,44007,Providence,24.0801,13.6419,51.0165,3.6
2024-11-01,44007,Providence,24.9916,6.1806,55.3127,4.9126
2024-11-02,44007,Providence,13.6768,-1.4152,56.5662,2.6034
2024-11-03,44007,Providence,9.6778,-3.043,41.9549,2.0453
2024-11-04,44007,Providence,11.4261,-0.7976,59.2963,2.2101
2024-11-05,44007,Providence,22.7666,12.339,52.1885,4.3383
2024-11-06,44007,Providence,24.2956,12.3675,60.269,4.7249
2024-11-07,44007,Providence,19.7844,3.1868,57.9662,3.5687
2024-11-08,44007,Providence,16.4987,2.7274,41.8348,5.0831
2024-11-09,44007,Providence,9.9559,-2.1674,39.2785,4.6231
2024-11-10,44007,Providence,13.6167,-1.0389,54.2381,3.7222
2024-11-11,44007,Providence,18.1058,7.665,65.6042,4.7418
2024-11-12,44007,Providence,10.1757,-1.94,59.1328,6.0319
2024-11-13,44007,Providence,6.2904,-2.6085,42.3765,3.456
2024-11-14,44007,Providence,7.175,-3.2773,42.2535,2.3931
2024-11-15,44007,Providence,13.7529,-2.6077,23.5078,3.3794
2024-11-16,44007,Providence,15.0986,3.8777,29.8428,3.7093
2024-11-17,44007,Providence,17.4561,3.1747,28.617,3.0556
2024-11-18,44007,Providence,15.8549,3.8167,42.377,3.0586
2024-11-19,44007,Providence,14.0293,0.9806,45.5804,3.3923
2024-11-20,44007,Providence,12.9506,2.5736,49.0784,2.0742
2024-11-21,44007,Providence,7.7206,4.3219,80.9028,4.5011
2024-11-22,44007,Providence,8.8731,3.2929,68.8315,3.5641
2024-11-23,44007,Providence,7.6682,3.315,67.9522,5.2512
2024-11-24,44007,Providence,8.2694,0.5786,54.391,6.55
2024-11-25,44007,Providence,9.7364,-1.1986,46.3405,3.5302
2024-11-26,44007,Providence,5.6363,-0.8773,84.4176,2.5824
2024-11-27,44007,Providence,9.1085,-0.2139,52.2393,2.7382
2024-11-28,44007,Providence,7.1145,0.2696,84.805,3.958
2024-11-29,44007,Providence,6.9965,-2.7355,57.6485,3.5186
2024-11-30,44007,Providence,3.7292,-5.3071,52.0882,3.6287
2024-12-01,44007,Providence,1.8117,-6.8906,52.287,3.9016
2024-12-02,44007,Providence,3.2996,-7.2565,47.152,2.2538
2024-12-03,44007,Providence,1.5883,-7.0767,55.1177,2.4424
2024-12-04,44007,Providence,4.5866,-6.1713,58.3739,3.5238
2024-12-05,44007,Providence,3.3826,-2.8306,74.7014,4.7258
2024-12-06,44007,Providence,-0.2212,-5.3483,43.8587,5.5924
2024-12-07,44007,Providence,3.7564,-4.8764,48.7849,3.4311
2024-12-08,44007,Providence,8.5245,-1.3928,54.49,4.2913
2024-12-09,44007,Providence,9.0719,-1.1094,63.3095,2.783
2024-12-10,44007,Providence,4.7548,0.3616,80.6148,2.6725
2024-12-11,44007,Providence,16.3447,1.1435,80.2589,5.9171
2024-12-12,44007,Providence,4.653,-4.8831,54.6211,5.7874
2024-12-13,44007,Providence,-0.2253,-8.6622,44.0823,3.1585
2024-12-14,44007,Providence,0.85,-9.9259,42.2353,2.2315
2024-12-15,44007,Providence,1.6023,-9.4355,54.5321,1.7755
2024-12-16,44007,Providence,12.3323,-0.075,55.183,3.0503
2024-12-17,44007,Providence,14.7046,-0.4008,71.8622,4.4762
2024-12-18,44007,Providence,10.2607,-0.4467,60.9804,1.8363
2024-12-19,44007,Providence,5.8683,-1.8848,59.3446,3.1299
2024-12-20,44007,Providence,-0.0933,-4.3843,80.1345,4.3226
2024-12-21,44007,Providence,-2.4734,-12.9192,60.7214,5.2227
2024-12-22,44007,Providence,-7.1538,-15.6684,43.1209,4.5459
2024-12-23,44007,Providence,-2.1897,-15.4725,51.6957,2.1076
2024-12-24,44007,Providence,0.4821,-6.1445,72.1137,3.2791
2024-12-25,44007,Providence,0.2791,-6.4405,59.3522,2.643
2024-12-26,44007,Providence,3.865,-8.6008,57.2431,1.4337
2024-12-27,44007,Providence,5.751,-9.2615,57.8819,1.7082
2024-12-28,44007,Providence,7.9462,2.6919,58.8043,2.1033
2024-12-29,44007,Providence,12.5438,6.4829,56.4305,2.2627
2024-12-30,44007,Providence,14.3789,2.9007,54.8987,4.3629
2024-12-31,44007,Providence,11.7858,1.6053,69.1998,2.6671
2025-01-01,44007,Providence,8.815,1.0761,70.287,4.6513
2025-01-02,44007,Providence,5.4092,-1.6028,43.79,7.3782
2025-01-03,44007,Providence,2.6395,-5.2515,45.6171,5.9685
2025-01-04,44007,Providence,-1.3536,-5.12,36.0573,5.8266
2025-01-05,44007,Providence,0.1609,-6.907,38.1916,5.8686
2025-01-06,44007,Providence,-3.5665,-10.6233,51.5353,3.8324
2025-01-07,44007,Providence,-3.4641,-9.8379,43.8392,6.8725
2025-01-08,44007,Providence,-2.7742,-9.0844,39.7594,7.7383
2025-01-09,44007,Providence,-1.9937,-7.8282,41.1672,7.4288
2025-01-10,44007,Providence,5.0164,-5.6223,41.5278,3.9244
2025-01-11,44007,Providence,-0.2438,-6.6393,70.9948,2.7734
2025-01-12,44007,Providence,3.0019,-6.1373,45.3601,2.7727
2025-01-13,44007,Providence,4.7221,-5.3083,51.1356,2.7187
2025-01-14,44007,Providence,-0.2473,-8.0425,47.6067,5.5107
2025-01-15,44007,Providence,-1.9183,-11.0706,43.5504,5.2302
2025-01-16,44007,Providence,-0.7722,-10.0994,44.1763,2.6455
2025-01-17,44007,Providence,2.3347,-8.3157,49.0017,2.2423
2025-01-18,44007,Providence,6.2612,-2.3459,67.2858,3.3847
2025-01-19,44007,Providence,5.4337,-9.2914,78.5037,2.9683
2025-01-20,44007,Providence,-4.4307,-17.6436,68.5106,4.5023
2025-01-21,44007,Providence,-7.7753,-18.0464,50.3886,3.051
2025-01-22,44007,Providence,-4.9376,-16.9511,46.8422,2.3156
2025-01-23,44007,Providence,-1.0712,-12.9092,61.2886,2.4628
2025-01-24,44007,Providence,0.0913,-13.9779,56.1162,2.7212
2025-01-25,44007,Providence,-0.8503,-11.6232,56.3308,3.6635
2025-01-26,44007,Providence,4.3081,-7.4255,55.4439,4.3093
2025-01-27,44007,Providence,3.1561,-6.2622,53.0802,5.4583
2025-01-28,44007,Providence,2.7297,-6.1916,48.7178,5.3343
2025-01-29,44007,Providence,8.6217,-8.0301,49.437,5.48
2025-01-30,44007,Providence,0.7021,-8.2892,34.6518,5.0097
2025-01-31,44007,Providence,5.6178,-2.5961,67.6613,1.9631
2025-02-01,44007,Providence,0.1946,-15.4637,72.8336,4.8618
2025-02-02,44007,Providence,-1.6139,-13.6127,60.6008,2.8156
2025-02-03,44007,Providence,6.5767,-4.2057,66.1087,3.4512
2025-02-04,44007,Providence,6.126,-9.4584,54.8464,4.9668
2025-02-05,44007,Providence,-0.9343,-11.5122,35.6242,2.9698
2025-02-06,44007,Providence,3.4214,-7.2687,64.7594,2.8577
2025-02-07,44007,Providence,4.3214,-8.0469,52.4499,5.303
2025-02-08,44007,Providence,1.5431,-7.4031,46.9791,2.4472
2025-02-09,44007,Providence,0.5784,-8.9822,73.3987,2.9865
2025-02-10,44007,Providence,1.114,-14.6049,61.5818,3.0669
2025-02-11,44007,Providence,0.4114,-11.6768,65.0618,2.8431
2025-02-12,44007,Providence,2.0685,-4.5134,63.327,4.0226
2025-02-13,44007,Providence,4.2254,-5.2934,73.4846,5.1648
2025-02-14,44007,Providence,0.8824,-10.8403,53.8033,5.2018
2025-02-15,44007,Providence,0.2332,-8.7432,59.2645,2.2297
2025-02-16,44007,Providence,3.6669,-5.8102,79.6008,5.214
2025-02-17,44007,Providence,-1.2814,-11.1223,49.5293,8.6691
2025-02-18,44007,Providence,-4.1755,-11.4032,41.4351,7.4
2025-02-19,44007,Providence,-0.4899,-13.465,45.7099,4.4112
2025-02-20,44007,Providence,0.5962,-11.4631,53.6008,2.8299
2025-02-21,44007,Providence,2.0715,-4.0667,43.6574,5.3479
2025-02-22,44007,Providence,1.6476,-3.9697,42.8875,3.4183
2025-02-23,44007,Providence,-1.0867,-7.358,74.7312,2.9902
2025-02-24,44007,Providence,0.5108,-14.1224,95.3637,2.6928
2025-02-25,44007,Providence,5.0495,-9.6722,87.2623,2.8909
2025-02-26,44007,Providence,8.3406,-10.2558,62.0676,3.1609
2025-02-27,44007,Providence,7.6388,-9.8006,86.6684,4.0056
2025-02-28,44007,Providence,11.2714,-4.5186,43.0337,3.7538
2025-03-01,44007,Providence,4.4003,-12.7473,92.3528,4.6992
2025-03-02,44007,Providence,-2.3306,-11.9145,37.6088,5.4805
2025-03-03,44007,Providence,0.6361,-11.2135,35.8825,2.7831
2025-03-04,44007,Providence,8.8489,-2.2537,48.5046,4.3951
2025-03-05,44007,Providence,13.9382,7.0728,64.9301,5.9376
2025-03-06,44007,Providence,14.0572,-2.3811,73.7859,4.4312
2025-03-07,44007,Providence,5.0264,-2.0046,38.9925,8.1742
2025-03-08,44007,Providence,4.9114,-3.9703,39.7701,6.2044
2025-03-09,44007,Providence,7.7158,-3.0079,41.7404,4.4418
2025-03-10,44007,Providence,16.8713,-0.6015,35.0088,2.8005
2025-03-11,44007,Providence,16.7261,1.1097,49.6354,3.3198
2025-03-12,44007,Providence,11.4718,1.2176,39.373,3.0719
2025-03-13,44007,Providence,10.8736,1.8144,44.8869,3.4633
2025-03-14,44007,Providence,16.3566,1.6732,46.5515,1.8839
2025-03-15,44007,Providence,13.703,4.3154,59.978,2.8756
2025-03-16,44007,Providence,19.7518,9.5105,58.7013,5.057
2025-03-17,44007,Providence,14.5044,2.1254,76.0445,4.4576
2025-03-18,44007,Providence,12.2062,-0.9584,47.9963,3.8263
2025-03-19,44007,Providence,18.5918,1.5022,39.2682,1.8101
2025-03-20,44007,Providence,14.4399,4.4676,68.5311,3.149
2025-03-21,44007,Providence,8.513,-0.1006,60.9822,5.4232
2025-03-22,44007,Providence,16.4238,-1.2519,38.1173,5.0442
2025-03-23,44007,Providence,7.598,-1.698,29.8362,4.068
2025-03-24,44007,Providence,7.6624,1.0896,70.9307,3.462
2025-03-25,44007,Providence,13.447,0.7587,48.6603,3.2358
2025-03-26,44007,Providence,11.2735,-1.4633,45.5441,2.2027
2025-03-27,44007,Providence,9.9782,-1.5378,36.34,3.9136
2025-03-28,44007,Providence,16.0824,4.7716,34.9718,3.8262
2025-03-29,44007,Providence,6.6645,1.1675,77.9401,2.6458
2025-03-30,44007,Providence,10.2804,1.9581,69.5409,2.8737
2025-03-31,44007,Providence,15.4572,6.1472,82.1594,3.9913
2025-04-01,44007,Providence,11.9327,-2.1696,58.7473,4.4295
2025-04-02,44007,Providence,9.4615,-0.1942,41.3141,3.5827
2025-04-03,44007,Providence,16.7947,5.6608,76.6956,5.3089
2025-04-04,44007,Providence,19.8548,4.4664,52.3778,3.3024
2025-04-05,44007,Providence,8.2202,3.317,68.9256,3.8008
2025-04-06,44007,Providence,12.3391,2.9828,70.0633,1.8728
2025-04-07,44007,Providence,4.3014,2.1423,74.8965,2.516
2025-04-08,44007,Providence,6.1669,-3.226,60.0147,4.8252
2025-04-09,44007,Providence,9.0254,-3.2912,36.0755,3.718
2025-04-10,44007,Providence,11.0058,-0.1721,44.2844,2.0004
2025-04-11,44007,Providence,9.321,1.4189,58.6182,3.4452
2025-04-12,44007,Providence,3.3812,1.1399,78.8387,5.6551
2025-04-13,44007,Providence,9.0064,1.7967,66.5416,4.5455
2025-04-14,44007,Providence,20.6546,6.9964,37.5192,3.3641
2025-04-15,44007,Providence,18.535,4.7597,56.8267,4.015
2025-04-16,44007,Providence,10.6374,3.1739,44.7248,5.9475
2025-04-17,44007,Providence,15.5077,0.6666,37.3387,4.081
2025-04-18,44007,Providence,18.6873,7.152,35.4444,3.9392
2025-04-19,44007,Providence,27.6263,11.0946,48.0784,4.763
2025-04-20,44007,Providence,17.7665,1.2883,44.737,5.5689
2025-04-21,44007,Providence,15.4334,6.8408,36.6691,3.0081
2025-04-22,44007,Providence,25.1696,9.4643,48.5477,2.8221
2025-04-23,44007,Providence,23.1201,6.6863,37.3575,2.3312
2025-04-24,44007,Providence,22.7296,10.3035,40.1982,2.5787
2025-04-25,44007,Providence,26.7602,13.6877,40.6208,2.6804
2025-04-26,44007,Providence,16.7589,6.3244,88.1911,4.5408
2025-04-27,44007,Providence,14.239,6.1136,52.7514,5.6262
2025-04-28,44007,Providence,25.3449,8.5421,30.7515,3.4238
2025-04-29,44007,Providence,25.2675,14.6525,37.2474,5.4888
2025-04-30,44007,Providence,22.9058,3.9237,47.1576,4.8009
2025-05-01,44007,Providence,20.1853,8.8916,38.6355,2.3046
2025-05-02,44007,Providence,26.1128,11.8985,58.9973,3.1407
2025-05-03,44007,Providence,27.8003,14.3179,55.9743,2.8556
2025-05-04,44007,Providence,24.4453,12.2747,68.0783,2.629
2025-05-05,44007,Providence,14.8619,10.2161,86.3393,4.2673
2025-05-06,44007,Providence,17.3698,11.6881,78.7033,3.7252
2025-05-07,44007,Providence,22.7245,10.8415,60.0266,3.1175
2025-05-08,44007,Providence,23.8257,11.9197,56.0085,1.591
2025-05-09,44007,Providence,14.0079,8.5919,89.0814,3.6818
2025-05-10,44007,Providence,18.2986,7.1875,64.1794,0.0
2025-05-11,44007,Providence,21.7406,2.7499,47.7472,3.3714
2025-05-12,44007,Providence,22.4602,9.7968,45.3625,3.3928
2025-05-13,44007,Providence,22.9978,8.8966,54.6648,2.9856
2025-05-14,44007,Providence,25.1575,14.0793,51.2932,2.8883
2025-05-15,44007,Providence,19.589,15.8902,74.4485,1.9198
2025-05-16,44007,Providence,24.2794,14.7181,68.57,2.1509
2025-05-17,44007,Providence,25.6556,12.8867,70.8852,3.4579
2025-05-18,44007,Providence,20.3217,10.0957,65.164,5.3627
2025-05-19,44007,Providence,17.4292,8.0233,62.0238,5.2104
2025-05-20,44007,Providence,15.4509,7.205,63.4293,3.2891
2025-05-21,44007,Providence,10.0899,6.4058,75.6837,4.0246
2025-05-22,44007,Providence,8.1311,5.7999,84.807,5.218
2025-05-23,44007,Providence,13.6442,7.2061,69.1894,3.2397
2025-05-24,44007,Providence,16.9754,8.4462,59.1942,3.761
2025-05-25,44007,Providence,16.5141,6.5326,66.222,3.0222
2025-05-26,44007,Providence,22.2826,7.2786,52.5579,1.7901
2025-05-27,44007,Providence,25.4599,10.986,45.9513,2.5291
2025-05-28,44007,Providence,24.1827,11.8167,52.6176,3.0002
2025-05-29,44007,Providence,18.4867,13.9944,70.6024,1.9233
2025-05-30,44007,Providence,22.938,14.1271,67.3825,2.8281
2025-05-31,44007,Providence,18.6262,9.0936,77.9214,5.1417
2025-06-01,44007,Providence,17.2858,7.1195,62.0596,4.548
2025-06-02,44007,Providence,21.5633,8.2758,54.5781,2.9867
2025-06-03,44007,Providence,27.1535,12.6523,43.9171,2.0754
2025-06-04,44007,Providence,27.6876,14.8683,56.5079,2.7438
2025-06-05,44007,Providence,32.7974,18.7536,58.4886,2.4169
2025-06-06,44007,Providence,30.0697,18.3082,66.4891,2.1346
2025-06-07,44007,Providence,23.4169,13.3152,80.5615,2.0032
2025-06-08,44007,Providence,23.5669,13.5976,70.0636,2.7081
2025-06-09,44007,Providence,21.4836,13.7808,72.8982,3.0753
2025-06-10,44007,Providence,18.669,13.8362,94.4229,2.0387
2025-06-11,44007,Providence,26.7846,16.5715,61.3173,3.2869
2025-06-12,44007,Providence,30.6117,14.7829,53.9432,4.055
2025-06-13,44007,Providence,26.4942,14.3432,51.2117,1.6512
2025-06-14,44007,Providence,16.2397,12.2408,79.3438,2.8807
2025-06-15,44007,Providence,21.5644,11.2051,68.1291,1.7161
2025-06-16,44007,Providence,24.8893,14.5639,62.1246,2.2499
2025-06-17,44007,Providence,20.1066,16.2805,80.7935,1.9822
2025-06-18,44007,Providence,24.9186,17.83,77.4957,2.3621
2025-06-19,44007,Providence,31.9048,19.7079,66.1055,3.3668
2025-06-20,44007,Providence,26.8414,14.9953,62.3916,5.2848
2025-06-21,44007,Providence,30.3638,19.2972,53.3581,2.6389
2025-06-22,44007,Providence,33.503,20.2008,61.7706,3.4798
2025-06-23,44007,Providence,34.2788,22.433,65.8091,2.2041
2025-06-24,44007,Providence,37.0556,23.2566,57.5004,2.8405
2025-06-25,44007,Providence,34.79,18.0624,63.1093,2.3194
2025-06-26,44007,Providence,19.0388,14.7138,85.5343,3.3834
2025-06-27,44007,Providence,23.7307,15.1931,58.0704,2.5035
2025-06-28,44007,Providence,23.7995,16.7462,79.2984,2.779
2025-06-29,44007,Providence,30.4024,16.6773,73.3268,2.0179
2025-06-30,44007,Providence,29.6074,19.7857,65.3372,1.8083
2025-07-01,44007,Providence,31.0268,20.965,74.7132,3.6139
2025-07-02,44007,Providence,28.396,18.4013,79.1002,2.7749
2025-07-03,44007,Providence,30.4201,14.3898,70.578,2.8088
2025-07-04,44007,Providence,26.0183,13.5169,60.3458,3.015
2025-07-05,44007,Providence,27.5797,17.767,58.1503,2.1937
2025-07-06,44007,Providence,30.9124,20.3696,64.8217,3.886
2025-07-07,44007,Providence,28.4225,22.5245,74.6462,3.5126
2025-07-08,44007,Providence,32.7823,20.5101,73.081,2.0738
2025-07-09,44007,Providence,25.6606,19.4373,90.1336,1.0951
2025-07-10,44007,Providence,20.9788,17.4801,87.9645,0.9235
2025-07-11,44007,Providence,26.7423,18.4206,78.6806,1.8878
2025-07-12,44007,Providence,27.6801,18.1074,74.3307,2.1846
2025-07-13,44007,Providence,28.0254,19.421,71.7242,2.2333
2025-07-14,44007,Providence,25.8857,21.2343,80.2145,2.5774
2025-07-15,44007,Providence,31.5685,20.9378,69.6385,2.2199
2025-07-16,44007,Providence,32.6072,23.278,68.4196,2.4059
2025-07-17,44007,Providence,30.029,21.5628,79.09,4.2354
2025-07-18,44007,Providence,27.0215,14.1022,69.641,3.1546
2025-07-19,44007,Providence,28.368,18.8739,56.9845,2.056
2025-07-20,44007,Providence,29.2105,17.1599,79.6815,2.9501
2025-07-21,44007,Providence,26.3631,11.6555,64.7268,3.1951
2025-07-22,44007,Providence,25.9021,13.5935,55.6211,1.614
2025-07-23,44007,Providence,27.5682,17.7574,58.4802,2.0906
2025-07-24,44007,Providence,28.9783,20.694,65.6671,4.1158
2025-07-25,44007,Providence,33.687,18.1515,69.6699,3.3868
2025-07-26,44007,Providence,28.1534,15.805,66.6389,2.2394
2025-07-27,44007,Providence,23.6766,19.0336,82.4012,3.186
2025-07-28,44007,Providence,33.9289,21.016,60.1162,1.5551
2025-07-29,44007,Providence,35.7596,20.8285,58.2793,2.6061
2025-07-30,44007,Providence,34.4763,22.0561,57.9096,1.6068
2025-07-31,44007,Providence,26.1047,14.5302,82.1732,3.9025
2025-08-01,44007,Providence,23.2385,10.8802,76.5095,3.4727
2025-08-02,44007,Providence,26.5542,11.9514,58.1491,1.7276
2025-08-03,44007,Providence,28.6849,14.0867,56.0741,1.9004
2025-08-04,44007,Providence,29.4964,16.3233,60.5397,1.8562
2025-08-05,44007,Providence,26.284,14.4075,74.5264,1.8536
2025-08-06,44007,Providence,26.0925,15.6164,67.081,1.8175
2025-08-07,44007,Providence,27.7196,11.6697,64.9711,1.7959
2025-08-08,44007,Providence,28.218,11.4362,56.4028,2.0467
2025-08-09,44007,Providence,29.162,14.7383,48.8094,1.4097
2025-08-10,44007,Providence,31.5132,16.865,52.5561,2.1121
2025-08-11,44007,Providence,33.262,18.2776,52.0338,2.2062
2025-08-12,44007,Providence,31.7486,18.5618,51.6758,2.4056
2025-08-13,44007,Providence,30.8013,20.8603,65.9342,2.8705
2025-08-14,44007,Providence,31.9233,18.835,67.3301,1.4842
2025-08-15,44007,Providence,28.7861,14.0196,70.7314,2.1594
2025-08-16,44007,Providence,28.837,17.9344,65.7733,1.8036
2025-08-17,44007,Providence,31.0294,15.8145,70.7649,3.2248
2025-08-18,44007,Providence,23.3101,9.7242,59.3454,3.2992
2025-08-19,44007,Providence,23.4298,12.9377,51.8687,1.3803
2025-08-20,44007,Providence,17.8896,10.8651,85.274,3.2822
2025-08-21,44007,Providence,19.0981,11.6529,85.8823,4.7463
2025-08-22,44007,Providence,28.1005,13.883,50.5969,3.1202
2025-08-23,44007,Providence,28.3359,13.9924,59.5573,3.3038
2025-08-24,44007,Providence,26.3293,16.7438,72.0442,3.5889
2025-08-25,44007,Providence,27.9449,14.5154,76.1665,2.4082
2025-08-26,44007,Providence,25.1432,11.3069,58.3228,3.101
2025-08-27,44007,Providence,24.032,8.5522,57.1444,2.553
2025-08-28,44007,Providence,24.02,13.0997,54.0671,2.9834
2025-08-29,44007,Providence,21.2234,10.4706,85.1854,2.4909
2025-08-30,44007,Providence,22.7452,9.6907,60.2856,2.774
2025-08-31,44007,Providence,25.7716,10.86,54.4134,1.6255
2025-09-01,44007,Providence,22.6253,10.7808,67.795,2.3148
2025-09-02,44007,Providence,25.612,10.4558,58.5682,1.409
2025-09-03,44007,Providence,25.2813,10.7845,55.4365,2.0723
2025-09-04,44007,Providence,24.5145,14.2911,59.1282,3.0083
2025-09-05,44007,Providence,26.2657,17.9769,70.8235,3.9372
2025-09-06,44007,Providence,27.1626,15.4329,78.2155,3.679
2025-09-07,44007,Providence,16.5053,9.1815,100.0,1.7461
2025-09-08,44007,Providence,20.8914,7.5499,59.4994,1.7865
2025-09-09,44007,Providence,22.432,9.7069,60.2725,2.8683
2025-09-10,44007,Providence,20.5173,9.2386,79.5456,3.3487
2025-09-11,44007,Providence,25.2237,11.9117,57.0495,2.2973
2025-09-12,44007,Providence,24.2698,9.0339,64.458,1.8527
2025-09-13,44007,Providence,23.3838,11.8358,68.5287,2.3265
2025-09-14,44007,Providence,25.5716,12.2365,64.8357,1.2671
2025-09-15,44007,Providence,25.6431,12.9064,59.7831,2.2082
2025-09-16,44007,Providence,23.0213,11.2974,61.8989,2.6143
2025-09-17,44007,Providence,23.2119,13.8648,67.073,2.7032
2025-09-18,44007,Providence,26.0085,14.1422,67.188,2.008
2025-09-19,44007,Providence,26.2212,8.7415,60.9883,2.9071
2025-09-20,44007,Providence,22.1531,5.6467,45.9188,1.8981
2025-09-21,44007,Providence,20.852,7.0809,53.9025,1.7157
2025-09-22,44007,Providence,22.5608,10.7053,61.1156,1.8465
2025-09-23,44007,Providence,25.2507,16.6154,68.0097,2.9301
2025-09-24,44007,Providence,18.015,16.9374,93.4262,2.508
2025-09-25,44007,Providence,21.3624,17.7391,87.8351,3.5228
2025-09-26,44007,Providence,26.1891,14.1436,73.2915,2.892
2025-09-27,44007,Providence,25.8226,16.1073,62.7913,1.7782
2025-09-28,44007,Providence,27.0873,13.0551,67.2015,2.6814
2025-09-29,44007,Providence,25.3599,12.1092,57.1147,2.0179
2025-09-30,44007,Providence,24.701,9.5034,59.6695,2.9201
2025-10-01,44007,Providence,18.6319,6.2166,55.551,4.1954
2025-10-02,44007,Providence,18.7489,5.4011,48.2998,2.0661
2025-10-03,44007,Providence,22.4902,8.6911,48.8951,3.3391
2025-10-04,44007,Providence,27.2768,11.0895,45.7631,2.2046
2025-10-05,44007,Providence,29.5212,12.7895,47.0768,1.724
2025-10-06,44007,Providence,27.0215,14.8347,50.0116,2.8661
2025-10-07,44007,Providence,25.4573,17.419,58.9568,4.3555
2025-10-08,44007,Providence,19.8895,5.3868,84.9149,4.4939
2025-10-09,44007,Providence,13.7421,0.2537,47.2692,3.5708
2025-10-10,44007,Providence,16.9523,2.5064,47.1058,2.0917
2025-10-11,44007,Providence,19.5103,10.5163,63.9811,2.2523
2025-10-12,44007,Providence,13.5021,11.8685,79.9716,7.0086
2025-10-13,44007,Providence,12.4388,10.3479,80.9101,7.9103
2025-10-14,44007,Providence,13.3416,10.0982,83.5972,4.2061
2025-10-15,44007,Providence,17.4167,5.3475,67.8897,3.662
2025-10-16,44007,Providence,13.6413,5.9787,46.4369,4.9978
2025-10-17,44007,Providence,17.1423,3.3971,49.7114,3.3779
2025-10-18,44007,Providence,18.8444,5.3006,47.8816,1.9113
2025-10-19,44007,Providence,19.782,9.2965,65.4559,3.2698
2025-10-20,44007,Providence,17.5382,9.3921,73.6917,4.566
2025-10-21,44007,Providence,18.6069,9.5294,54.9718,3.8296
2025-10-22,44007,Providence,18.447,6.4256,63.6392,3.8951
2025-10-23,44007,Providence,16.1581,3.5728,56.239,3.715
2025-10-24,44007,Providence,14.7449,3.305,56.778,2.4524
2025-10-25,44007,Providence,13.6628,3.0556,52.3537,2.5107
2025-10-26,44007,Providence,13.6226,0.0848,52.0463,2.4778
2025-10-27,44007,Providence,12.053,1.2562,56.6931,2.8098
2025-10-28,44007,Providence,11.6487,5.6222,62.8566,4.1935
2025-10-29,44007,Providence,9.9128,7.7234,74.439,4.0172
2025-10-30,44007,Providence,14.7097,9.1755,78.6566,5.9178
2025-10-31,44007,Providence,13.2644,7.6228,71.2614,7.8413
2025-11-01,44007,Providence,12.4999,-1.0356,58.14,5.8323
2025-11-02,44007,Providence,12.5708,-0.3579,48.0608,2.5478
2025-11-03,44007,Providence,12.507,2.6118,66.2983,3.4987
2025-11-04,44007,Providence,12.5971,2.3163,46.4124,5.5536
2025-11-05,44007,Providence,14.2689,3.7868,56.2876,4.5081
2025-11-06,44007,Providence,10.2634,-2.5132,54.4136,5.3995
2025-11-07,44007,Providence,13.4131,-0.8369,56.4863,4.3087
2025-11-08,44007,Providence,16.3108,3.2818,64.6585,2.8846
2025-11-09,44007,Providence,14.9234,4.2072,68.3897,3.1959
2025-11-10,44007,Providence,11.696,-0.4402,97.3141,2.5325
2025-11-11,44007,Providence,2.6479,-0.4882,52.5096,6.4093
2025-11-12,44007,Providence,6.911,2.2716,53.2603,4.5747
2025-11-13,44007,Providence,8.0042,-0.8099,63.0625,4.3746
2025-11-14,44007,Providence,8.0143,-2.2197,52.7587,3.7014
2025-11-15,44007,Providence,9.2105,-1.4958,53.9238,2.97
2025-11-16,44007,Providence,11.7401,-0.301,63.2683,5.9201
2025-11-17,44007,Providence,4.5233,0.026,46.8231,6.7663
2025-11-18,44007,Providence,7.7137,-3.7206,50.0112,3.9353
2025-11-19,44007,Providence,8.2189,-4.0275,50.4711,1.5844
2025-11-20,44007,Providence,8.778,-4.1466,49.3723,0.9626
2025-11-21,44007,Providence,7.2997,-2.9053,77.9786,2.8309
2025-11-22,44007,Providence,8.0076,-4.9767,83.3686,2.0442
2025-11-23,44007,Providence,4.7379,-4.7088,68.8487,2.6706
2025-11-24,44007,Providence,9.7499,-1.5121,54.5502,3.0712
2025-11-25,44007,Providence,12.4909,2.0808,63.2618,3.1119
2025-11-26,44007,Providence,14.1726,3.1394,92.9022,3.653
2025-11-27,44007,Providence,8.1261,-0.4321,55.9219,4.6358
2025-11-28,44007,Providence,5.4641,-0.7585,45.2432,6.0171
2025-11-29,44007,Providence,5.1586,-3.4886,42.7045,3.7934
2025-11-30,44007,Providence,9.2226,-1.2424,68.7446,4.6664
2025-12-01,44007,Providence,6.4088,-4.648,52.5475,3.5302
2025-12-02,44007,Providence,1.918,-1.7365,82.904,3.7053
2025-12-03,44007,Providence,4.3759,-3.5548,60.6352,3.2124
2025-12-04,44007,Providence,4.4634,-11.9919,56.458,5.419
2025-12-05,44007,Providence,-1.6489,-12.2736,46.0418,2.1606
2025-12-06,44007,Providence,4.909,-4.7284,64.1711,1.7799
2025-12-07,44007,Providence,5.4849,-4.5615,55.9606,2.4103
2025-12-08,44007,Providence,-2.4258,-12.8139,45.8529,4.8731
2025-12-09,44007,Providence,2.6617,-12.0823,40.7123,2.8805
2025-12-10,44007,Providence,9.0592,0.5056,61.982,5.205
2025-12-11,44007,Providence,1.994,-6.1566,54.6715,6.4382
2025-12-12,44007,Providence,1.3415,-6.2544,41.7619,6.191
2025-12-13,44007,Providence,2.3997,-1.898,56.7577,2.8445
2025-12-14,44007,Providence,0.3486,-10.8183,73.9576,4.0158
2025-12-15,44007,Providence,-3.9243,-10.8086,49.3623,5.3093
2025-12-16,44007,Providence,2.3556,-5.8236,49.7852,3.4617
2025-12-17,44007,Providence,7.7595,-3.7287,54.7483,4.7415
2025-12-18,44007,Providence,12.9591,-3.6116,48.835,2.6961
2025-12-19,44007,Providence,14.7306,-1.7877,56.0196,7.2347
2025-12-20,44007,Providence,5.5373,-2.0204,41.4956,4.6347
2025-12-21,44007,Providence,7.7785,-3.9274,51.3111,5.6988
2025-12-22,44007,Providence,1.7519,-4.688,43.6066,4.1427
2025-12-23,44007,Providence,2.5828,-1.7133,64.9816,1.9005
2025-12-24,44007,Providence,4.3338,-5.0359,64.8906,4.5143
2025-12-25,44007,Providence,4.6988,-11.0158,55.8036,5.3821
2025-12-26,44007,Providence,-4.1981,-11.0027,42.0336,3.3011
2025-12-27,44007,Providence,-3.5592,-11.8659,75.1375,3.3999
2025-12-28,44007,Providence,6.224,-11.1465,52.5025,2.5171
2025-12-29,44007,Providence,7.6723,-4.6575,72.1102,4.9567
2025-12-30,44007,Providence,-2.365,-5.3455,38.3462,8.0366
2025-12-31,44007,Providence,1.056,-4.951,50.0124,4.5818
