date,FIPS,county,tmmx_C,tmmn_C,rh_mean,vs_2m
1986-01-01,44001,Bristol,6.3292,-3.7514,53.6765,4.1174
1986-01-02,44001,Bristol,5.6253,-3.8142,49.1501,4.0627
1986-01-03,44001,Bristol,8.1907,-0.7405,63.8266,3.5471
1986-01-04,44001,Bristol,4.7146,-4.2958,40.5725,4.0057
1986-01-05,44001,Bristol,7.3589,-2.6356,61.3332,5.2515
1986-01-06,44001,Bristol,2.3674,-4.6331,37.5254,8.4973
1986-01-07,44001,Bristol,-1.5227,-11.3545,27.7419,6.6861
1986-01-08,44001,Bristol,-3.5498,-14.3246,35.0726,6.6874
1986-01-09,44001,Bristol,2.8433,-9.431,48.2676,8.0913
1986-01-10,44001,Bristol,6.1598,-2.5176,43.423,5.7184
1986-01-11,44001,Bristol,1.8991,-4.4695,42.2185,3.269
1986-01-12,44001,Bristol,8.2721,-4.1555,56.2355,6.4013
1986-01-13,44001,Bristol,7.5949,-2.5396,49.9481,3.3341
1986-01-14,44001,Bristol,0.3973,-11.0098,22.9174,5.9053
1986-01-15,44001,Bristol,-6.5592,-15.6356,29.5574,6.7181
1986-01-16,44001,Bristol,0.846,-10.5191,32.7083,2.6824
1986-01-17,44001,Bristol,9.2919,-6.1475,59.3929,4.2698
1986-01-18,44001,Bristol,9.6142,0.6759,62.3626,3.5125
1986-01-19,44001,Bristol,13.6068,0.2898,72.2916,3.8866
1986-01-20,44001,Bristol,14.9982,2.1764,60.4293,5.0895
1986-01-21,44001,Bristol,8.0514,-1.261,54.884,4.6548
1986-01-22,44001,Bristol,10.5759,-1.4577,56.7335,3.7872
1986-01-23,44001,Bristol,6.4388,-3.8356,38.5162,4.2636
1986-01-24,44001,Bristol,-0.2477,-7.3995,36.9107,4.7707
1986-01-25,44001,Bristol,4.437,-7.1643,64.8595,6.1725
1986-01-26,44001,Bristol,6.4322,0.964,66.9593,7.1994
1986-01-27,44001,Bristol,10.7321,-0.4503,59.9671,4.8594
1986-01-28,44001,Bristol,3.0911,-9.3754,45.8139,6.6057
1986-01-29,44001,Bristol,-1.8564,-11.074,52.4894,3.3175
1986-01-30,44001,Bristol,-0.7331,-8.7241,59.7735,5.0997
1986-01-31,44001,Bristol,0.7441,-8.669,56.2798,5.3281
1986-02-01,44001,Bristol,1.1891,-8.081,58.1369,2.919
1986-02-02,44001,Bristol,5.6649,-1.4212,66.4485,4.9364
1986-02-03,44001,Bristol,2.0307,-3.8507,58.1319,3.6519
1986-02-04,44001,Bristol,2.6966,-4.8872,65.7065,3.9525
1986-02-05,44001,Bristol,5.2077,-0.7077,67.7728,2.56
1986-02-06,44001,Bristol,1.9914,-7.3492,51.0099,5.3525
1986-02-07,44001,Bristol,-0.647,-8.7134,61.9201,5.8792
1986-02-08,44001,Bristol,0.8914,-4.7264,61.5517,2.6633
1986-02-09,44001,Bristol,1.5141,-7.8683,58.6051,3.7511
1986-02-10,44001,Bristol,3.0831,-5.5076,58.8852,3.3312
1986-02-11,44001,Bristol,1.2837,-3.6901,65.1306,4.4991
1986-02-12,44001,Bristol,-0.1131,-7.656,55.1975,4.8506
1986-02-13,44001,Bristol,-1.9131,-9.1731,54.2623,5.8528
1986-02-14,44001,Bristol,1.0342,-9.6778,60.8121,4.0639
1986-02-15,44001,Bristol,0.9916,-4.988,60.6348,4.4287
1986-02-16,44001,Bristol,-0.1778,-8.1809,56.8653,4.0279
1986-02-17,44001,Bristol,3.1976,-4.2632,72.4813,2.6077
1986-02-18,44001,Bristol,3.5551,-0.1049,70.6183,3.5349
1986-02-19,44001,Bristol,3.9784,-0.4931,66.0358,4.7202
1986-02-20,44001,Bristol,4.0976,-1.4195,66.7055,3.1231
1986-02-21,44001,Bristol,6.2408,-1.2212,70.0724,3.1575
1986-02-22,44001,Bristol,5.9285,-1.5991,48.8975,5.2088
1986-02-23,44001,Bristol,4.4077,-1.4952,53.23,2.405
1986-02-24,44001,Bristol,4.3707,-2.8012,50.2808,2.3737
1986-02-25,44001,Bristol,2.3765,-5.0069,50.2838,5.3034
1986-02-26,44001,Bristol,-1.9784,-9.1197,35.4721,6.9583
1986-02-27,44001,Bristol,0.6707,-9.333,38.5741,3.1142
1986-02-28,44001,Bristol,2.2407,-7.977,46.6155,4.3218
1986-03-01,44001,Bristol,4.6234,-4.5309,42.9427,2.7426
1986-03-02,44001,Bristol,4.4381,-2.6354,46.8033,3.8566
1986-03-03,44001,Bristol,6.227,-2.1945,48.0868,1.4398
1986-03-04,44001,Bristol,7.6696,-0.1501,51.4408,1.1219
1986-03-05,44001,Bristol,9.7741,0.3503,48.1368,2.4983
1986-03-06,44001,Bristol,6.9583,-0.301,57.7515,3.2905
1986-03-07,44001,Bristol,5.2651,-9.0945,32.8083,9.9736
1986-03-08,44001,Bristol,-2.587,-14.4804,28.4043,6.6322
1986-03-09,44001,Bristol,5.6442,-7.2973,53.859,3.585
1986-03-10,44001,Bristol,8.9175,-0.9387,60.0508,4.1472
1986-03-11,44001,Bristol,18.0169,0.099,44.315,6.8533
1986-03-12,44001,Bristol,7.8887,-2.5547,51.3417,2.3863
1986-03-13,44001,Bristol,7.7385,1.0314,69.9585,3.2161
1986-03-14,44001,Bristol,11.1635,3.6515,70.7659,2.0887
1986-03-15,44001,Bristol,13.9101,4.4586,56.5891,3.5673
1986-03-16,44001,Bristol,12.2193,2.4727,61.4481,1.712
1986-03-17,44001,Bristol,10.8663,2.1403,54.2008,2.3021
1986-03-18,44001,Bristol,11.2325,1.7503,51.3517,3.0103
1986-03-19,44001,Bristol,14.6937,1.0612,72.6951,7.9672
1986-03-20,44001,Bristol,10.6227,-3.8408,48.0485,5.6004
1986-03-21,44001,Bristol,-0.5881,-8.9133,33.9393,3.5983
1986-03-22,44001,Bristol,3.9944,-6.048,37.5268,1.8478
1986-03-23,44001,Bristol,8.2436,-3.1915,48.7752,3.0607
1986-03-24,44001,Bristol,10.7714,-1.4834,42.5786,4.4066
1986-03-25,44001,Bristol,11.4054,-1.1022,49.5959,4.5143
1986-03-26,44001,Bristol,19.5214,3.0969,53.6919,6.3258
1986-03-27,44001,Bristol,18.4005,5.0918,62.5244,3.5092
1986-03-28,44001,Bristol,15.0157,4.199,53.375,3.3662
1986-03-29,44001,Bristol,17.4994,2.8404,51.0141,5.9508
1986-03-30,44001,Bristol,19.7987,3.3553,47.8207,5.1128
1986-03-31,44001,Bristol,19.4428,5.2819,38.0203,2.8142
1986-04-01,44001,Bristol,18.0498,3.8745,46.4022,2.6765
1986-04-02,44001,Bristol,21.7915,3.6742,53.0243,2.7009
1986-04-03,44001,Bristol,13.3017,2.8289,46.1999,3.1739
1986-04-04,44001,Bristol,11.4499,0.5245,65.9746,2.4733
1986-04-05,44001,Bristol,9.9395,2.4837,59.2979,4.8717
1986-04-06,44001,Bristol,7.2428,2.3756,77.2302,5.0745
1986-04-07,44001,Bristol,17.4054,6.6193,64.4527,1.6539
1986-04-08,44001,Bristol,14.404,6.6489,74.3057,2.7709
1986-04-09,44001,Bristol,12.8412,4.0898,61.1764,1.9791
1986-04-10,44001,Bristol,11.2026,6.3147,55.173,3.9155
1986-04-11,44001,Bristol,7.4026,3.524,59.56,3.4311
1986-04-12,44001,Bristol,9.4697,3.3659,57.4024,2.7611
1986-04-13,44001,Bristol,12.3078,1.0819,52.7542,3.0583
1986-04-14,44001,Bristol,15.1919,2.5217,51.5186,1.1323
1986-04-15,44001,Bristol,15.5523,3.6644,49.5494,1.7951
1986-04-16,44001,Bristol,13.4997,5.4906,55.3752,4.1219
1986-04-17,44001,Bristol,13.9436,6.1308,55.7206,5.5127
1986-04-18,44001,Bristol,11.676,2.5468,64.2635,8.3118
1986-04-19,44001,Bristol,12.7239,0.6834,49.1759,6.2289
1986-04-20,44001,Bristol,16.4397,-0.4279,45.6438,2.0182
1986-04-21,44001,Bristol,13.8534,5.4504,81.8967,4.373
1986-04-22,44001,Bristol,17.0249,9.8702,63.6841,1.8427
1986-04-23,44001,Bristol,10.2161,4.9702,75.0221,5.5196
1986-04-24,44001,Bristol,11.8523,5.0398,63.7553,5.1433
1986-04-25,44001,Bristol,16.1463,5.9809,71.5044,6.3732
1986-04-26,44001,Bristol,18.0171,8.5432,71.2505,3.2487
1986-04-27,44001,Bristol,17.1412,10.2819,70.6696,4.4262
1986-04-28,44001,Bristol,18.0463,10.1582,66.9414,2.73
1986-04-29,44001,Bristol,19.8951,7.639,65.7558,1.7385
1986-04-30,44001,Bristol,18.1736,11.2268,64.9143,1.427
1986-05-01,44001,Bristol,20.2142,10.3328,57.6774,4.1377
1986-05-02,44001,Bristol,16.5981,6.3157,48.2693,4.8903
1986-05-03,44001,Bristol,11.0843,3.9398,40.2603,5.0098
1986-05-04,44001,Bristol,11.4924,0.9941,44.7646,3.9976
1986-05-05,44001,Bristol,21.0616,5.5627,55.0728,4.6938
1986-05-06,44001,Bristol,22.5249,9.7637,54.0132,2.2705
1986-05-07,44001,Bristol,19.8567,8.5757,60.5315,2.3307
1986-05-08,44001,Bristol,14.2593,7.1157,62.7797,4.956
1986-05-09,44001,Bristol,11.8608,3.3738,58.6343,6.4539
1986-05-10,44001,Bristol,17.3925,2.0449,44.752,3.9843
1986-05-11,44001,Bristol,13.075,2.3612,59.2401,4.8592
1986-05-12,44001,Bristol,10.45,4.4812,66.7944,6.9226
1986-05-13,44001,Bristol,18.0707,7.0951,42.7263,3.2942
1986-05-14,44001,Bristol,18.5506,5.6486,48.0747,1.9564
1986-05-15,44001,Bristol,18.8412,5.9652,51.4274,1.7249
1986-05-16,44001,Bristol,19.2694,6.4771,67.1531,3.3849
1986-05-17,44001,Bristol,25.7523,12.3417,63.9117,3.6711
1986-05-18,44001,Bristol,28.6366,15.7046,53.7037,2.4635
1986-05-19,44001,Bristol,28.0721,14.3173,58.3641,4.36
1986-05-20,44001,Bristol,25.4071,13.4361,63.9666,3.7997
1986-05-21,44001,Bristol,22.1661,14.9046,68.571,3.388
1986-05-22,44001,Bristol,23.3206,15.3612,68.0036,2.64
1986-05-23,44001,Bristol,24.0814,15.4361,63.0985,0.9233
1986-05-24,44001,Bristol,23.4895,14.6796,56.0791,2.8501
1986-05-25,44001,Bristol,19.995,14.134,62.5522,3.1224
1986-05-26,44001,Bristol,19.7783,8.5796,60.8214,4.1743
1986-05-27,44001,Bristol,21.7208,7.0741,64.2073,3.0186
1986-05-28,44001,Bristol,27.6749,13.818,53.7332,3.7449
1986-05-29,44001,Bristol,26.4519,11.5969,49.7946,2.9868
1986-05-30,44001,Bristol,31.5578,15.2099,52.4563,3.3814
1986-05-31,44001,Bristol,30.9457,17.0856,52.4917,2.08
1986-06-01,44001,Bristol,29.0468,17.1568,62.5986,3.8368
1986-06-02,44001,Bristol,23.3999,9.1309,65.8116,4.1613
1986-06-03,44001,Bristol,17.6746,4.9487,47.9749,3.5266
1986-06-04,44001,Bristol,21.3133,8.0745,63.0661,5.5497
1986-06-05,44001,Bristol,25.3898,15.2234,64.7516,4.656
1986-06-06,44001,Bristol,22.6369,17.8966,73.0567,2.1094
1986-06-07,44001,Bristol,21.2394,14.3757,74.4203,2.1848
1986-06-08,44001,Bristol,28.6707,15.4602,69.7007,3.8806
1986-06-09,44001,Bristol,22.8505,12.6795,53.3749,4.043
1986-06-10,44001,Bristol,24.1953,10.1646,53.4479,3.1331
1986-06-11,44001,Bristol,22.1672,13.3836,78.0225,4.5373
1986-06-12,44001,Bristol,18.9978,12.2169,69.6556,5.9568
1986-06-13,44001,Bristol,21.6975,12.8628,68.2181,2.4645
1986-06-14,44001,Bristol,26.2779,15.0213,60.0191,2.2821
1986-06-15,44001,Bristol,27.6352,14.7882,65.1363,3.009
1986-06-16,44001,Bristol,27.927,17.5763,70.6392,5.6992
1986-06-17,44001,Bristol,23.4767,10.2538,59.4443,4.867
1986-06-18,44001,Bristol,21.4647,7.6009,52.2382,3.507
1986-06-19,44001,Bristol,23.7459,10.0758,58.2997,3.9925
1986-06-20,44001,Bristol,23.3535,13.3753,65.522,2.7814
1986-06-21,44001,Bristol,22.3184,10.4838,54.0097,4.2912
1986-06-22,44001,Bristol,25.462,8.1739,54.1049,1.8895
1986-06-23,44001,Bristol,26.6535,13.9979,67.6219,3.4493
1986-06-24,44001,Bristol,27.7011,15.6628,62.388,4.1359
1986-06-25,44001,Bristol,19.3698,12.2545,53.1709,4.1847
1986-06-26,44001,Bristol,20.627,10.4362,55.6515,3.3575
1986-06-27,44001,Bristol,24.5185,13.0805,73.8856,4.2715
1986-06-28,44001,Bristol,30.5863,19.3044,61.8393,3.7555
1986-06-29,44001,Bristol,29.3715,17.5518,56.1016,3.746
1986-06-30,44001,Bristol,24.3322,12.8274,54.2623,3.2403
1986-07-01,44001,Bristol,22.7603,11.567,65.8507,2.3541
1986-07-02,44001,Bristol,22.904,13.932,82.8658,3.4588
1986-07-03,44001,Bristol,22.3148,14.2501,70.7384,2.4445
1986-07-04,44001,Bristol,21.5943,10.0118,69.2843,3.5734
1986-07-05,44001,Bristol,28.4909,15.416,75.9377,4.903
1986-07-06,44001,Bristol,27.9037,18.8123,74.6439,2.1913
1986-07-07,44001,Bristol,32.6982,17.8313,71.4465,3.4604
1986-07-08,44001,Bristol,29.12,19.3969,62.7049,3.3181
1986-07-09,44001,Bristol,28.5197,17.3985,68.0655,3.2107
1986-07-10,44001,Bristol,23.9849,14.2609,59.2689,3.5093
1986-07-11,44001,Bristol,23.5245,12.0046,63.7993,1.9447
1986-07-12,44001,Bristol,19.0037,15.3618,83.2289,2.9006
1986-07-13,44001,Bristol,19.4667,15.741,84.8316,2.5114
1986-07-14,44001,Bristol,25.7249,15.263,78.2872,2.6583
1986-07-15,44001,Bristol,26.7803,16.0289,64.9926,3.0228
1986-07-16,44001,Bristol,26.7311,17.8719,62.9975,1.9952
1986-07-17,44001,Bristol,26.9272,17.4812,70.4496,1.8525
1986-07-18,44001,Bristol,27.0935,17.3609,79.5642,1.6844
1986-07-19,44001,Bristol,25.6973,17.0114,79.6217,1.7261
1986-07-20,44001,Bristol,24.6624,15.0806,82.8699,3.064
1986-07-21,44001,Bristol,28.7037,19.8787,75.8728,1.9645
1986-07-22,44001,Bristol,26.6515,20.3787,68.8456,1.6898
1986-07-23,44001,Bristol,29.1892,19.5498,66.0847,2.64
1986-07-24,44001,Bristol,29.3635,18.0476,67.957,2.8976
1986-07-25,44001,Bristol,28.6006,18.6378,70.4944,3.5915
1986-07-26,44001,Bristol,29.2921,19.6773,75.8763,4.436
1986-07-27,44001,Bristol,26.8544,21.2053,79.2494,2.5548
1986-07-28,44001,Bristol,26.5008,20.4498,76.0335,1.074
1986-07-29,44001,Bristol,26.558,18.0659,74.4522,1.4959
1986-07-30,44001,Bristol,24.8119,16.6304,79.0972,2.8727
1986-07-31,44001,Bristol,22.4919,15.9735,82.0608,2.3964
1986-08-01,44001,Bristol,23.9816,17.0525,79.4807,2.0886
1986-08-02,44001,Bristol,27.4466,18.2023,77.7461,3.4185
1986-08-03,44001,Bristol,27.8041,19.7311,77.8927,2.8813
1986-08-04,44001,Bristol,28.5565,17.942,62.9441,2.2663
1986-08-05,44001,Bristol,27.7395,16.5407,64.088,1.7994
1986-08-06,44001,Bristol,27.8053,17.2311,73.4824,3.1321
1986-08-07,44001,Bristol,27.4558,19.4061,79.0665,3.4654
1986-08-08,44001,Bristol,27.9705,20.6514,81.9588,3.7516
1986-08-09,44001,Bristol,28.7913,20.383,70.464,3.9948
1986-08-10,44001,Bristol,27.907,17.0578,69.1601,2.6705
1986-08-11,44001,Bristol,29.6761,19.455,71.6281,4.063
1986-08-12,44001,Bristol,24.9823,16.4244,60.3358,1.6654
1986-08-13,44001,Bristol,25.0724,15.1484,67.8992,2.1709
1986-08-14,44001,Bristol,25.4329,14.5133,66.6796,2.4634
1986-08-15,44001,Bristol,25.9695,15.0358,69.9011,2.0293
1986-08-16,44001,Bristol,26.7868,17.4279,79.5658,3.7477
1986-08-17,44001,Bristol,27.9311,20.4924,76.7469,2.5326
1986-08-18,44001,Bristol,25.7614,19.1517,79.5478,3.3667
1986-08-19,44001,Bristol,24.1206,17.8706,77.3242,4.0906
1986-08-20,44001,Bristol,23.8773,17.244,73.1886,1.8849
1986-08-21,44001,Bristol,22.8584,16.3311,76.6176,1.99
1986-08-22,44001,Bristol,24.6957,17.15,69.0906,2.4077
1986-08-23,44001,Bristol,22.6806,13.1311,77.4043,3.5011
1986-08-24,44001,Bristol,23.0562,12.6488,67.7238,6.6064
1986-08-25,44001,Bristol,21.7713,9.9624,59.9336,5.0517
1986-08-26,44001,Bristol,24.3207,10.4278,64.8429,2.7269
1986-08-27,44001,Bristol,26.903,15.7424,81.5812,4.9509
1986-08-28,44001,Bristol,21.0437,8.6867,71.932,3.497
1986-08-29,44001,Bristol,17.5738,5.9746,59.6575,3.112
1986-08-30,44001,Bristol,20.3916,9.5415,58.9118,2.8936
1986-08-31,44001,Bristol,24.2459,9.4406,58.8837,1.6858
1986-09-01,44001,Bristol,24.6607,11.6237,63.8101,2.2356
1986-09-02,44001,Bristol,22.8746,12.4933,76.9411,2.3298
1986-09-03,44001,Bristol,22.5728,15.2096,75.5564,2.4159
1986-09-04,44001,Bristol,20.2989,14.0241,80.7747,3.3998
1986-09-05,44001,Bristol,20.8422,12.9352,86.5225,3.1353
1986-09-06,44001,Bristol,25.0497,15.5683,74.7343,2.7522
1986-09-07,44001,Bristol,22.6629,12.6828,61.4503,1.4315
1986-09-08,44001,Bristol,20.4209,12.1806,57.9403,2.1913
1986-09-09,44001,Bristol,21.7477,10.6049,55.4295,2.5038
1986-09-10,44001,Bristol,23.1434,9.3428,71.5371,3.9439
1986-09-11,44001,Bristol,26.9223,14.7049,79.3278,6.6793
1986-09-12,44001,Bristol,27.7547,18.0696,76.3254,6.6656
1986-09-13,44001,Bristol,21.9113,11.5746,60.8555,3.4925
1986-09-14,44001,Bristol,18.8703,5.9507,58.2543,3.2972
1986-09-15,44001,Bristol,19.3351,4.8049,66.8603,3.17
1986-09-16,44001,Bristol,16.1315,7.463,77.6818,4.9615
1986-09-17,44001,Bristol,16.8459,5.4466,63.573,2.8595
1986-09-18,44001,Bristol,18.857,9.4112,69.4099,3.1425
1986-09-19,44001,Bristol,22.3907,12.2622,78.5045,1.8735
1986-09-20,44001,Bristol,22.1288,14.2618,71.2737,1.8694
1986-09-21,44001,Bristol,18.2783,11.5222,83.0414,2.6601
1986-09-22,44001,Bristol,18.9868,10.3985,69.6958,2.2017
1986-09-23,44001,Bristol,22.3505,13.5647,87.1277,5.2456
1986-09-24,44001,Bristol,24.006,15.368,77.0598,2.1589
1986-09-25,44001,Bristol,25.0895,14.2063,59.1127,1.5859
1986-09-26,44001,Bristol,21.7562,14.9659,79.7427,3.1454
1986-09-27,44001,Bristol,17.7536,7.237,68.4154,3.4573
1986-09-28,44001,Bristol,20.1949,7.5506,62.4467,2.4285
1986-09-29,44001,Bristol,24.2942,13.7876,75.3239,4.9406
1986-09-30,44001,Bristol,28.3804,15.5709,76.0345,5.8697
1986-10-01,44001,Bristol,26.534,15.9072,62.1943,3.5675
1986-10-02,44001,Bristol,18.7372,12.7336,79.0703,2.1085
1986-10-03,44001,Bristol,19.9417,10.6474,75.7185,3.0464
1986-10-04,44001,Bristol,25.4686,14.3443,74.5052,3.4329
1986-10-05,44001,Bristol,18.4939,8.3095,67.9178,4.0159
1986-10-06,44001,Bristol,14.8763,3.6264,57.6553,7.0999
1986-10-07,44001,Bristol,11.1789,1.2122,55.0574,3.6853
1986-10-08,44001,Bristol,17.4993,1.859,69.184,5.2635
1986-10-09,44001,Bristol,23.9203,10.6336,65.9825,4.186
1986-10-10,44001,Bristol,12.0206,0.8785,59.4749,5.6213
1986-10-11,44001,Bristol,13.5558,1.6192,70.2834,3.9914
1986-10-12,44001,Bristol,18.748,5.8177,63.7346,2.7621
1986-10-13,44001,Bristol,17.3901,7.5394,87.8448,3.2384
1986-10-14,44001,Bristol,21.0121,13.8105,84.8366,4.4977
1986-10-15,44001,Bristol,16.5399,6.6138,56.2859,4.5061
1986-10-16,44001,Bristol,13.3742,5.6287,57.8701,1.7508
1986-10-17,44001,Bristol,13.4575,5.8135,63.112,4.4684
1986-10-18,44001,Bristol,10.6789,3.9804,63.9375,4.527
1986-10-19,44001,Bristol,12.5899,1.3377,52.9816,2.5773
1986-10-20,44001,Bristol,15.4682,1.2651,56.6623,2.8969
1986-10-21,44001,Bristol,16.7125,3.0614,69.1035,3.8696
1986-10-22,44001,Bristol,18.6075,8.0536,60.1693,2.6549
1986-10-23,44001,Bristol,21.7394,7.7324,63.8436,4.5722
1986-10-24,44001,Bristol,12.845,2.4631,58.138,3.6931
1986-10-25,44001,Bristol,12.7749,-1.4905,56.882,2.7383
1986-10-26,44001,Bristol,10.3708,3.1846,86.3618,3.3923
1986-10-27,44001,Bristol,15.8849,7.7569,81.8115,1.2052
1986-10-28,44001,Bristol,17.1558,8.8209,70.4723,2.9974
1986-10-29,44001,Bristol,18.4264,5.3033,64.3699,4.1499
1986-10-30,44001,Bristol,16.9682,5.5696,58.519,4.8125
1986-10-31,44001,Bristol,8.7645,0.9205,56.1247,3.2884
1986-11-01,44001,Bristol,15.5755,0.4064,72.8849,4.9809
1986-11-02,44001,Bristol,17.6004,6.2851,72.2775,3.9971
1986-11-03,44001,Bristol,10.2682,0.2794,60.751,2.3682
1986-11-04,44001,Bristol,12.8944,2.1839,68.1685,3.374
1986-11-05,44001,Bristol,7.1523,-1.5587,66.8075,5.504
1986-11-06,44001,Bristol,10.5936,2.8976,76.3527,4.3997
1986-11-07,44001,Bristol,12.6944,1.8192,69.9816,2.4724
1986-11-08,44001,Bristol,14.59,6.7501,82.7255,4.3706
1986-11-09,44001,Bristol,21.6801,11.366,68.3841,5.7493
1986-11-10,44001,Bristol,12.7645,-1.327,43.3973,4.6927
1986-11-11,44001,Bristol,8.2298,-1.1692,72.6346,2.434
1986-11-12,44001,Bristol,9.3708,1.7758,64.7332,1.8629
1986-11-13,44001,Bristol,8.387,-6.5209,51.9648,5.9037
1986-11-14,44001,Bristol,1.2633,-7.5342,51.8043,5.1798
1986-11-15,44001,Bristol,7.9412,-2.301,62.7897,5.0307
1986-11-16,44001,Bristol,9.3141,2.4179,60.9932,1.5077
1986-11-17,44001,Bristol,11.0682,1.7083,64.1243,3.3241
1986-11-18,44001,Bristol,12.4424,1.9644,57.0928,3.6239
1986-11-19,44001,Bristol,4.9568,-5.6726,68.9717,7.3398
1986-11-20,44001,Bristol,5.3653,-5.7525,75.7059,4.6153
1986-11-21,44001,Bristol,9.3555,-2.0209,69.1082,7.5611
1986-11-22,44001,Bristol,5.0633,-2.6197,54.3852,5.0432
1986-11-23,44001,Bristol,10.2571,-1.9179,70.0065,3.3608
1986-11-24,44001,Bristol,13.8988,5.471,72.747,4.9158
1986-11-25,44001,Bristol,8.6379,-0.5898,56.1413,2.9986
1986-11-26,44001,Bristol,14.0082,0.6117,77.4062,5.3609
1986-11-27,44001,Bristol,14.2485,0.9009,65.4059,3.6352
1986-11-28,44001,Bristol,10.6992,0.0582,60.4386,3.1014
1986-11-29,44001,Bristol,12.2804,0.1394,57.7755,4.0778
1986-11-30,44001,Bristol,4.408,-4.3786,52.3039,5.6276
1986-12-01,44001,Bristol,2.6982,-5.2257,50.4971,5.1066
1986-12-02,44001,Bristol,7.581,-3.6251,74.2195,6.2628
1986-12-03,44001,Bristol,16.3407,5.7635,76.3795,8.1641
1986-12-04,44001,Bristol,8.9793,0.497,52.8008,6.8296
1986-12-05,44001,Bristol,5.4953,-1.2763,50.2851,5.8212
1986-12-06,44001,Bristol,5.8075,-3.7896,58.7231,4.5
1986-12-07,44001,Bristol,6.3396,-2.6335,65.881,4.6181
1986-12-08,44001,Bristol,6.3381,-3.8144,48.1,5.4268
1986-12-09,44001,Bristol,7.5571,-2.9937,73.3614,5.7094
1986-12-10,44001,Bristol,10.5167,1.8804,72.09,4.3484
1986-12-11,44001,Bristol,4.7682,-2.2547,54.838,2.7143
1986-12-12,44001,Bristol,7.5034,-0.49,63.8233,3.9974
1986-12-13,44001,Bristol,1.5288,-7.644,41.0071,6.6868
1986-12-14,44001,Bristol,2.1146,-8.1226,59.3867,5.9539
1986-12-15,44001,Bristol,5.5321,-1.5686,56.5456,4.2847
1986-12-16,44001,Bristol,4.4887,-1.5841,60.1092,1.5064
1986-12-17,44001,Bristol,5.1695,-0.0952,64.8654,3.5428
1986-12-18,44001,Bristol,8.7097,-0.3744,77.6874,5.9944
1986-12-19,44001,Bristol,9.4682,1.1396,75.7509,6.5033
1986-12-20,44001,Bristol,4.9699,-1.903,59.5062,4.0705
1986-12-21,44001,Bristol,2.8699,-3.7634,48.0719,4.4713
1986-12-22,44001,Bristol,2.6997,-3.9513,52.2656,3.5558
1986-12-23,44001,Bristol,6.5933,-2.1826,55.879,5.1775
1986-12-24,44001,Bristol,6.1933,-2.4306,63.5447,4.1844
1986-12-25,44001,Bristol,11.8536,1.5083,75.7685,5.6563
1986-12-26,44001,Bristol,7.1268,-1.0542,62.4573,4.0517
1986-12-27,44001,Bristol,3.8268,-1.5624,56.7955,2.3326
1986-12-28,44001,Bristol,3.9251,-1.1257,54.9086,1.7425
1986-12-29,44001,Bristol,4.4965,-2.262,63.3596,1.7425
1986-12-30,44001,Bristol,4.7215,-1.9084,71.4471,5.0668
1986-12-31,44001,Bristol,3.8706,-3.7061,66.2317,7.0079
1987-01-01,44001,Bristol,5.7442,-3.7436,64.0316,3.5012
1987-01-02,44001,Bristol,6.5126,-0.5621,69.4363,6.0377
1987-01-03,44001,Bristol,2.6971,-5.1661,60.9376,6.8169
1987-01-04,44001,Bristol,1.8348,-6.2286,60.5249,3.6237
1987-01-05,44001,Bristol,2.3565,-5.2378,58.9302,4.008
1987-01-06,44001,Bristol,2.8446,-5.7301,67.176,2.8413
1987-01-07,44001,Bristol,6.0909,-0.3016,65.091,5.9811
1987-01-08,44001,Bristol,2.4631,-3.5966,46.59,6.2691
1987-01-09,44001,Bristol,2.6332,-3.7102,58.2895,3.3991
1987-01-10,44001,Bristol,5.3942,-1.5486,69.7708,3.2607
1987-01-11,44001,Bristol,6.175,-1.0186,66.6489,5.717
1987-01-12,44001,Bristol,4.5774,-2.1182,55.8049,6.7978
1987-01-13,44001,Bristol,2.9114,-3.3071,53.6764,6.355
1987-01-14,44001,Bristol,6.0358,-3.7141,58.3052,4.5996
1987-01-15,44001,Bristol,8.5586,0.0496,69.9166,3.5164
1987-01-16,44001,Bristol,6.2218,-2.2346,49.183,4.1611
1987-01-17,44001,Bristol,0.2329,-6.3376,32.0025,4.008
1987-01-18,44001,Bristol,4.452,-5.8673,67.4025,3.0041
1987-01-19,44001,Bristol,3.9787,-1.7576,64.1122,5.3997
1987-01-20,44001,Bristol,1.041,-4.6362,62.9943,3.1829
1987-01-21,44001,Bristol,2.5082,-5.1323,62.9928,3.0684
1987-01-22,44001,Bristol,4.5783,-4.7891,71.4716,5.978
1987-01-23,44001,Bristol,4.3513,-6.7108,64.8293,8.2725
1987-01-24,44001,Bristol,-4.6459,-13.2315,49.6436,7.7785
1987-01-25,44001,Bristol,-3.0759,-13.9054,53.7625,3.729
1987-01-26,44001,Bristol,-0.4337,-10.0426,61.8534,9.1562
1987-01-27,44001,Bristol,-3.0265,-14.5001,56.0375,4.6605
1987-01-28,44001,Bristol,-1.4333,-16.0121,53.1746,3.112
1987-01-29,44001,Bristol,1.1738,-13.8197,59.3865,2.8671
1987-01-30,44001,Bristol,3.5974,-7.2611,73.4449,3.6678
1987-01-31,44001,Bristol,5.0953,-2.8324,65.6396,4.7418
1987-02-01,44001,Bristol,2.9796,-6.5382,53.042,5.3827
1987-02-02,44001,Bristol,4.8534,-4.085,59.2441,3.331
1987-02-03,44001,Bristol,5.6926,-2.6388,60.3079,2.2827
1987-02-04,44001,Bristol,5.6493,-0.9421,50.6869,4.5017
1987-02-05,44001,Bristol,2.3114,-7.7383,38.2819,5.7245
1987-02-06,44001,Bristol,4.3639,-7.5383,52.3101,3.4207
1987-02-07,44001,Bristol,7.3379,-2.7445,51.2783,2.5286
1987-02-08,44001,Bristol,6.324,-2.0911,54.1291,2.3918
1987-02-09,44001,Bristol,5.4368,-4.6468,59.832,9.328
1987-02-10,44001,Bristol,1.7293,-9.7601,48.6213,7.1386
1987-02-11,44001,Bristol,2.7142,-7.2563,47.1184,5.9472
1987-02-12,44001,Bristol,2.444,-9.0865,47.6548,2.5532
1987-02-13,44001,Bristol,0.3848,-12.7569,46.4437,6.4187
1987-02-14,44001,Bristol,-5.4055,-16.4472,44.5573,4.7707
1987-02-15,44001,Bristol,-7.746,-16.34,41.6372,6.4349
1987-02-16,44001,Bristol,1.2507,-16.1173,44.9345,4.1064
1987-02-17,44001,Bristol,3.1947,-10.6056,47.777,3.7279
1987-02-18,44001,Bristol,3.5316,-7.6133,43.255,3.4767
1987-02-19,44001,Bristol,2.9192,-9.2211,41.4997,5.0223
1987-02-20,44001,Bristol,3.1375,-8.7407,40.1556,5.1931
1987-02-21,44001,Bristol,5.4066,-6.92,39.1189,4.4085
1987-02-22,44001,Bristol,6.5036,-4.4817,40.8304,3.449
1987-02-23,44001,Bristol,5.366,-1.9072,50.5018,5.5744
1987-02-24,44001,Bristol,4.0111,-4.3869,42.1723,6.3522
1987-02-25,44001,Bristol,4.5654,-5.4524,42.5437,5.5686
1987-02-26,44001,Bristol,4.2641,-3.0431,43.9109,4.1895
1987-02-27,44001,Bristol,6.5507,-0.8147,41.2362,2.5628
1987-02-28,44001,Bristol,6.0983,-1.3945,51.5983,2.9325
1987-03-01,44001,Bristol,4.8983,0.4282,79.5913,3.9481
1987-03-02,44001,Bristol,4.9557,0.7082,72.3637,2.2851
1987-03-03,44001,Bristol,5.6737,-0.5299,53.1529,3.4389
1987-03-04,44001,Bristol,3.747,-1.5095,51.0415,2.5372
1987-03-05,44001,Bristol,3.5659,-2.1069,43.8699,2.3428
1987-03-06,44001,Bristol,8.2433,-2.2488,49.6291,5.0558
1987-03-07,44001,Bristol,17.0279,0.8413,47.3417,3.422
1987-03-08,44001,Bristol,17.9902,2.1196,49.9621,2.4809
1987-03-09,44001,Bristol,13.1224,-2.6505,53.2788,5.0341
1987-03-10,44001,Bristol,-2.0453,-9.8428,36.2005,8.2812
1987-03-11,44001,Bristol,1.4248,-8.4914,50.3026,5.0959
1987-03-12,44001,Bristol,4.7902,-4.6174,65.3175,3.7221
1987-03-13,44001,Bristol,5.395,-1.0288,67.3098,4.5925
1987-03-14,44001,Bristol,5.9069,-1.5366,57.4653,5.9693
1987-03-15,44001,Bristol,5.1548,-1.7493,52.2234,4.1974
1987-03-16,44001,Bristol,3.6655,-1.6066,45.8733,4.4576
1987-03-17,44001,Bristol,5.1548,-2.231,47.8315,5.1746
1987-03-18,44001,Bristol,5.2876,-2.016,54.6577,4.056
1987-03-19,44001,Bristol,7.1244,-1.1111,56.2609,3.5132
1987-03-20,44001,Bristol,6.0059,-0.4096,62.2996,3.7055
1987-03-21,44001,Bristol,6.8066,-0.2882,66.7661,3.3959
1987-03-22,44001,Bristol,9.9659,0.393,63.9354,6.3413
1987-03-23,44001,Bristol,10.9687,-0.5447,59.306,5.6941
1987-03-24,44001,Bristol,14.652,-1.0623,49.5905,3.0848
1987-03-25,44001,Bristol,18.1175,1.3389,43.9894,2.1267
1987-03-26,44001,Bristol,15.6503,2.556,68.9978,3.6754
1987-03-27,44001,Bristol,16.7684,4.6779,52.8855,2.2565
1987-03-28,44001,Bristol,12.768,4.7573,71.783,4.0281
1987-03-29,44001,Bristol,16.6229,3.7623,54.3052,2.1605
1987-03-30,44001,Bristol,14.7662,2.9979,69.1295,5.0692
1987-03-31,44001,Bristol,13.5121,8.6792,82.2954,8.6986
1987-04-01,44001,Bristol,10.9952,2.9198,67.9375,3.4686
1987-04-02,44001,Bristol,10.6191,-0.929,61.3207,3.9359
1987-04-03,44001,Bristol,16.2413,2.9219,65.8736,3.0748
1987-04-04,44001,Bristol,12.547,7.259,77.9243,7.4819
1987-04-05,44001,Bristol,9.8645,4.7139,78.6529,4.7314
1987-04-06,44001,Bristol,11.394,4.7431,78.1311,2.2521
1987-04-07,44001,Bristol,8.7759,5.2149,80.4133,2.6304
1987-04-08,44001,Bristol,9.3088,3.8684,71.9451,2.2781
1987-04-09,44001,Bristol,10.0737,3.991,64.2824,1.8085
1987-04-10,44001,Bristol,16.5403,5.9739,53.2955,2.2626
1987-04-11,44001,Bristol,20.1501,6.307,51.0587,2.3638
1987-04-12,44001,Bristol,20.5301,5.6645,59.0551,3.3556
1987-04-13,44001,Bristol,10.6165,3.4645,69.342,8.1501
1987-04-14,44001,Bristol,12.1633,1.18,50.0372,4.2691
1987-04-15,44001,Bristol,14.5822,1.4632,50.8524,2.3702
1987-04-16,44001,Bristol,10.9453,3.2601,74.2283,4.83
1987-04-17,44001,Bristol,15.1128,2.3475,81.0116,4.2065
1987-04-18,44001,Bristol,19.2727,8.4346,76.0241,3.0873
1987-04-19,44001,Bristol,20.8629,9.1658,70.77,3.0218
1987-04-20,44001,Bristol,17.7369,9.3242,75.5204,4.3156
1987-04-21,44001,Bristol,18.5239,9.9489,76.4594,2.6014
1987-04-22,44001,Bristol,13.9268,3.8833,75.6315,4.4834
1987-04-23,44001,Bristol,15.435,2.2452,75.7668,2.8722
1987-04-24,44001,Bristol,16.3003,9.1838,75.8669,2.7033
1987-04-25,44001,Bristol,11.3899,1.5866,60.4668,5.4218
1987-04-26,44001,Bristol,13.8792,-0.2008,50.1914,4.5504
1987-04-27,44001,Bristol,12.6737,-0.5383,58.6886,5.1306
1987-04-28,44001,Bristol,7.8472,1.1817,84.6035,4.6066
1987-04-29,44001,Bristol,12.2769,1.604,65.6587,5.7977
1987-04-30,44001,Bristol,13.7154,5.772,50.5209,6.6243
1987-05-01,44001,Bristol,16.4576,3.4963,47.4108,4.8784
1987-05-02,44001,Bristol,18.2072,4.6876,51.5905,2.3007
1987-05-03,44001,Bristol,17.4465,6.3364,53.1462,2.8266
1987-05-04,44001,Bristol,11.6897,6.5373,64.4763,6.3526
1987-05-05,44001,Bristol,13.018,6.6462,66.8608,4.032
1987-05-06,44001,Bristol,14.9847,8.5796,65.478,3.5754
1987-05-07,44001,Bristol,23.8391,9.9074,47.5543,3.73
1987-05-08,44001,Bristol,18.1452,7.3914,47.9373,3.2032
1987-05-09,44001,Bristol,21.9975,4.6685,46.2231,3.4971
1987-05-10,44001,Bristol,28.67,9.23,45.3158,3.544
1987-05-11,44001,Bristol,22.2014,10.3025,47.6178,3.1785
1987-05-12,44001,Bristol,26.1953,9.6253,55.3841,4.1968
1987-05-13,44001,Bristol,17.1515,5.3067,45.0444,3.6671
1987-05-14,44001,Bristol,18.9384,3.6358,60.1255,2.531
1987-05-15,44001,Bristol,22.9326,11.9552,59.6721,4.0873
1987-05-16,44001,Bristol,17.5622,6.2697,47.8174,3.6787
1987-05-17,44001,Bristol,24.4705,8.3445,55.1804,3.9152
1987-05-18,44001,Bristol,22.7758,10.8739,51.3172,3.4334
1987-05-19,44001,Bristol,16.6072,6.7196,53.8598,3.8944
1987-05-20,44001,Bristol,16.7593,4.8419,57.5054,3.6108
1987-05-21,44001,Bristol,20.2782,6.9974,67.4292,2.89
1987-05-22,44001,Bristol,25.0361,13.9214,63.8423,4.9461
1987-05-23,44001,Bristol,25.054,12.073,61.1578,3.0942
1987-05-24,44001,Bristol,21.2458,10.0145,57.6623,2.4609
1987-05-25,44001,Bristol,15.7105,9.1696,62.9669,1.8952
1987-05-26,44001,Bristol,19.4609,11.1573,54.735,1.497
1987-05-27,44001,Bristol,18.0998,10.2185,61.9145,2.1472
1987-05-28,44001,Bristol,26.8606,13.2365,62.0434,4.2376
1987-05-29,44001,Bristol,29.9709,17.9705,60.5156,2.5722
1987-05-30,44001,Bristol,33.0327,15.8672,57.3652,3.0931
1987-05-31,44001,Bristol,32.9736,19.1869,58.0135,3.4468
1987-06-01,44001,Bristol,30.2216,21.1122,59.3414,1.9982
1987-06-02,44001,Bristol,23.9109,14.041,72.7753,3.2789
1987-06-03,44001,Bristol,22.3658,12.1427,64.0921,3.3012
1987-06-04,44001,Bristol,18.8301,12.2036,80.1488,2.2433
1987-06-05,44001,Bristol,24.3175,15.6852,67.1403,1.3087
1987-06-06,44001,Bristol,22.4968,10.6411,55.0991,3.0558
1987-06-07,44001,Bristol,19.608,7.7005,60.4252,2.9613
1987-06-08,44001,Bristol,27.9289,14.1629,71.2765,4.1353
1987-06-09,44001,Bristol,26.7548,16.1928,59.0023,4.8169
1987-06-10,44001,Bristol,22.4066,11.2869,53.7306,3.521
1987-06-11,44001,Bristol,22.7331,8.9394,57.2945,3.9813
1987-06-12,44001,Bristol,20.2331,14.0114,80.3693,5.1276
1987-06-13,44001,Bristol,27.3805,17.198,71.6853,3.272
1987-06-14,44001,Bristol,27.8736,18.0262,63.985,3.7428
1987-06-15,44001,Bristol,31.1002,18.5869,62.0557,3.7146
1987-06-16,44001,Bristol,27.2891,15.4458,52.8921,2.6029
1987-06-17,44001,Bristol,24.0248,14.5924,54.5653,2.8668
1987-06-18,44001,Bristol,24.9078,15.1681,54.8614,2.0315
1987-06-19,44001,Bristol,27.3957,13.4844,65.9686,4.4027
1987-06-20,44001,Bristol,29.6733,17.9058,59.6204,1.7808
1987-06-21,44001,Bristol,24.8466,17.0254,70.5545,2.0417
1987-06-22,44001,Bristol,26.3255,16.6271,73.7883,2.2065
1987-06-23,44001,Bristol,23.1462,13.7324,76.2137,3.0304
1987-06-24,44001,Bristol,24.9663,11.5955,64.4658,2.706
1987-06-25,44001,Bristol,26.2605,14.1097,63.7399,2.7234
1987-06-26,44001,Bristol,23.4298,12.4254,70.6389,3.3421
1987-06-27,44001,Bristol,23.0425,16.7,78.233,2.892
1987-06-28,44001,Bristol,26.0736,15.4112,59.4025,4.188
1987-06-29,44001,Bristol,27.7847,13.2832,58.7405,4.6152
1987-06-30,44001,Bristol,27.8125,16.4677,74.0487,5.1893
1987-07-01,44001,Bristol,26.5382,18.2572,74.3856,1.5718
1987-07-02,44001,Bristol,18.1212,17.3791,91.3446,3.1901
1987-07-03,44001,Bristol,23.7134,17.2784,90.2616,1.9947
1987-07-04,44001,Bristol,26.5769,19.0593,87.6966,3.4541
1987-07-05,44001,Bristol,25.3958,17.0718,71.9201,2.2407
1987-07-06,44001,Bristol,23.0031,13.9688,74.5434,2.0137
1987-07-07,44001,Bristol,21.6499,12.3933,85.9896,2.407
1987-07-08,44001,Bristol,22.9213,17.6289,88.6562,2.7261
1987-07-09,44001,Bristol,27.1253,19.6004,88.5098,2.4667
1987-07-10,44001,Bristol,29.4235,21.3364,80.5285,1.612
1987-07-11,44001,Bristol,27.1876,21.0068,82.7226,1.7836
1987-07-12,44001,Bristol,26.3935,20.6004,86.6119,2.4109
1987-07-13,44001,Bristol,26.5116,20.4097,84.8851,3.053
1987-07-14,44001,Bristol,27.8765,21.1205,80.523,3.9315
1987-07-15,44001,Bristol,26.7456,18.2467,67.0947,2.2778
1987-07-16,44001,Bristol,22.2322,14.3095,65.1369,2.4841
1987-07-17,44001,Bristol,26.1515,14.4509,53.3002,2.1045
1987-07-18,44001,Bristol,31.6729,14.063,54.3114,3.1207
1987-07-19,44001,Bristol,28.6227,17.8983,58.0952,2.8464
1987-07-20,44001,Bristol,27.2132,16.4697,71.0803,4.3794
1987-07-21,44001,Bristol,28.6774,18.2821,71.8538,3.0666
1987-07-22,44001,Bristol,29.7687,15.1089,63.2073,2.3804
1987-07-23,44001,Bristol,29.7532,18.1197,63.8208,2.7037
1987-07-24,44001,Bristol,34.4441,17.7784,61.2477,4.9534
1987-07-25,44001,Bristol,34.1947,21.5482,62.3257,3.7655
1987-07-26,44001,Bristol,32.6759,20.15,59.8029,4.0445
1987-07-27,44001,Bristol,28.9163,15.9737,46.9826,2.9918
1987-07-28,44001,Bristol,28.6744,14.92,47.9193,1.3945
1987-07-29,44001,Bristol,25.3887,11.996,55.4629,3.2311
1987-07-30,44001,Bristol,27.5755,13.8922,63.5262,3.3915
1987-07-31,44001,Bristol,28.4118,15.9501,54.467,1.8021
1987-08-01,44001,Bristol,27.0684,15.2593,45.2153,1.8325
1987-08-02,44001,Bristol,27.7163,13.3411,61.1299,2.9643
1987-08-03,44001,Bristol,27.8005,20.0704,81.365,4.0342
1987-08-04,44001,Bristol,32.7023,20.3538,59.5243,2.1857
1987-08-05,44001,Bristol,29.8296,18.9471,63.0893,3.1401
1987-08-06,44001,Bristol,25.6408,14.5113,61.6981,3.6452
1987-08-07,44001,Bristol,26.688,11.6939,61.2118,2.7148
1987-08-08,44001,Bristol,29.4433,16.2739,74.0886,4.0088
1987-08-09,44001,Bristol,26.8861,18.3009,65.7866,2.0085
1987-08-10,44001,Bristol,21.557,18.5927,85.4301,2.9495
1987-08-11,44001,Bristol,27.3473,17.0564,60.2711,2.4682
1987-08-12,44001,Bristol,24.0079,14.0679,64.4088,2.6972
1987-08-13,44001,Bristol,23.6643,14.4386,68.4051,2.4277
1987-08-14,44001,Bristol,26.3975,15.6652,66.9688,2.5328
1987-08-15,44001,Bristol,29.7495,16.2631,62.7715,3.5632
1987-08-16,44001,Bristol,31.8241,19.0407,61.1889,4.6895
1987-08-17,44001,Bristol,33.8556,20.4706,65.9605,4.6069
1987-08-18,44001,Bristol,33.5975,21.2775,58.4113,2.8665
1987-08-19,44001,Bristol,31.3084,17.4674,50.3957,2.2957
1987-08-20,44001,Bristol,30.788,16.2898,49.5881,2.6539
1987-08-21,44001,Bristol,27.1991,13.1788,51.8238,2.6886
1987-08-22,44001,Bristol,27.3144,15.6296,78.3883,5.6246
1987-08-23,44001,Bristol,25.3104,12.0423,55.241,4.0409
1987-08-24,44001,Bristol,20.7306,8.3789,44.9794,3.9948
1987-08-25,44001,Bristol,23.4847,7.4407,48.184,3.932
1987-08-26,44001,Bristol,23.0779,11.0677,55.67,2.447
1987-08-27,44001,Bristol,15.7639,14.2646,94.2024,4.5419
1987-08-28,44001,Bristol,15.7017,15.527,93.6298,4.4776
1987-08-29,44001,Bristol,20.7623,15.6013,83.3535,2.9009
1987-08-30,44001,Bristol,21.8506,14.0498,68.3995,2.4714
1987-08-31,44001,Bristol,24.7907,12.0477,75.2776,3.9308
1987-09-01,44001,Bristol,25.1587,13.6931,68.1842,3.1994
1987-09-02,44001,Bristol,22.2571,10.0584,67.27,3.4904
1987-09-03,44001,Bristol,22.8334,13.3482,57.2425,1.7951
1987-09-04,44001,Bristol,20.6955,11.178,62.1987,1.5742
1987-09-05,44001,Bristol,23.1435,12.0366,60.9889,2.441
1987-09-06,44001,Bristol,21.5682,11.924,78.2949,2.5081
1987-09-07,44001,Bristol,25.1325,16.5961,83.1788,3.0977
1987-09-08,44001,Bristol,27.2792,18.4958,77.9489,2.647
1987-09-09,44001,Bristol,27.7628,19.3069,76.7521,4.5551
1987-09-10,44001,Bristol,28.3752,18.8906,66.9692,1.6922
1987-09-11,44001,Bristol,23.3379,15.1942,76.7481,3.4499
1987-09-12,44001,Bristol,21.5616,14.3455,78.4229,3.7947
1987-09-13,44001,Bristol,21.7648,16.2078,87.9836,4.7341
1987-09-14,44001,Bristol,27.4538,16.0357,67.3614,2.2626
1987-09-15,44001,Bristol,24.1914,11.8991,63.0706,2.6372
1987-09-16,44001,Bristol,24.7274,14.9276,64.489,2.6299
1987-09-17,44001,Bristol,24.9987,15.0836,69.935,2.7402
1987-09-18,44001,Bristol,17.8895,12.9859,83.1439,6.7214
1987-09-19,44001,Bristol,15.7408,11.3205,90.0572,6.7735
1987-09-20,44001,Bristol,18.089,13.8984,85.6423,4.5762
1987-09-21,44001,Bristol,18.9538,13.2828,77.884,2.6875
1987-09-22,44001,Bristol,21.4656,12.6964,76.4196,1.6641
1987-09-23,44001,Bristol,20.7441,14.0149,72.2561,2.9364
1987-09-24,44001,Bristol,21.8734,13.0821,68.321,3.9143
1987-09-25,44001,Bristol,16.089,7.1158,59.7999,4.4542
1987-09-26,44001,Bristol,17.6616,6.3552,65.5515,5.0491
1987-09-27,44001,Bristol,18.6175,7.7042,60.6361,2.5764
1987-09-28,44001,Bristol,22.1534,10.7764,82.4672,4.5757
1987-09-29,44001,Bristol,25.4443,14.4928,69.9302,4.4409
1987-09-30,44001,Bristol,23.7339,13.6287,82.5488,4.1942
1987-10-01,44001,Bristol,20.7285,8.2911,69.2942,3.5341
1987-10-02,44001,Bristol,18.4636,5.3513,73.6688,4.4917
1987-10-03,44001,Bristol,23.7956,12.1678,74.3949,3.0127
1987-10-04,44001,Bristol,15.4492,3.6807,63.9045,6.1068
1987-10-05,44001,Bristol,16.9764,1.9305,65.7921,3.7439
1987-10-06,44001,Bristol,20.1883,6.8004,67.5408,3.1684
1987-10-07,44001,Bristol,21.5764,9.256,78.2719,3.5376
1987-10-08,44001,Bristol,17.6824,6.3217,65.2026,4.7604
1987-10-09,44001,Bristol,12.6225,2.501,63.1939,4.6107
1987-10-10,44001,Bristol,16.9023,7.018,66.5876,3.7337
1987-10-11,44001,Bristol,12.7609,7.1424,79.1409,3.0451
1987-10-12,44001,Bristol,10.9714,3.5892,73.778,4.6478
1987-10-13,44001,Bristol,11.3907,1.8212,58.8999,4.6027
1987-10-14,44001,Bristol,13.5448,0.0212,55.1396,2.4294
1987-10-15,44001,Bristol,16.1601,2.1693,54.7697,1.0643
1987-10-16,44001,Bristol,18.0558,4.2346,56.9933,2.612
1987-10-17,44001,Bristol,17.8151,4.8194,75.7293,3.3049
1987-10-18,44001,Bristol,21.38,9.5445,62.8817,1.4959
1987-10-19,44001,Bristol,17.3448,8.2476,60.1766,1.2766
1987-10-20,44001,Bristol,17.3842,7.1832,69.6325,2.352
1987-10-21,44001,Bristol,17.2403,7.145,82.3277,3.3066
1987-10-22,44001,Bristol,11.1637,1.5943,55.2039,3.843
1987-10-23,44001,Bristol,14.2048,2.1708,69.7051,3.1848
1987-10-24,44001,Bristol,17.7842,8.3394,65.3376,2.6852
1987-10-25,44001,Bristol,17.16,1.9597,61.6612,4.2322
1987-10-26,44001,Bristol,11.1583,-1.1316,53.0583,2.3266
1987-10-27,44001,Bristol,14.5877,0.3997,79.5888,4.0667
1987-10-28,44001,Bristol,20.5199,9.8492,72.1876,4.659
1987-10-29,44001,Bristol,12.5847,4.1424,60.8732,4.0055
1987-10-30,44001,Bristol,12.0754,2.4907,66.7083,4.0048
1987-10-31,44001,Bristol,14.8664,3.3,60.0167,4.1317
1987-11-01,44001,Bristol,14.1804,2.847,51.7091,1.4211
1987-11-02,44001,Bristol,10.9851,1.0531,57.1941,2.8922
1987-11-03,44001,Bristol,16.4981,2.3767,78.2458,5.4947
1987-11-04,44001,Bristol,22.5801,9.77,58.7836,4.6027
1987-11-05,44001,Bristol,22.0292,4.3278,51.1416,5.0309
1987-11-06,44001,Bristol,6.5028,-1.3176,43.4305,7.5998
1987-11-07,44001,Bristol,9.1451,-1.7114,52.0402,6.3765
1987-11-08,44001,Bristol,14.7804,0.9476,62.0607,4.2417
1987-11-09,44001,Bristol,16.3828,7.3861,69.5661,3.5686
1987-11-10,44001,Bristol,12.3272,2.3743,65.7171,6.5522
1987-11-11,44001,Bristol,4.6911,0.9327,71.1814,9.1046
1987-11-12,44001,Bristol,3.8888,-1.4114,61.9543,8.1475
1987-11-13,44001,Bristol,10.1914,-1.3111,63.0895,4.3778
1987-11-14,44001,Bristol,13.067,0.8924,57.5669,3.481
1987-11-15,44001,Bristol,9.2833,1.0618,54.1227,2.2277
1987-11-16,44001,Bristol,10.6793,1.517,57.0885,2.3404
1987-11-17,44001,Bristol,15.1055,1.7687,75.8249,4.8153
1987-11-18,44001,Bristol,20.5408,7.6328,65.173,6.039
1987-11-19,44001,Bristol,11.0992,2.3177,54.2323,3.3101
1987-11-20,44001,Bristol,9.3708,1.9418,72.8722,2.4395
1987-11-21,44001,Bristol,3.7257,-8.6068,32.5121,7.8725
1987-11-22,44001,Bristol,0.5132,-8.2722,42.7861,6.8912
1987-11-23,44001,Bristol,7.3571,-4.2537,55.8835,4.0353
1987-11-24,44001,Bristol,13.7412,2.665,61.4187,3.5232
1987-11-25,44001,Bristol,11.2408,1.9743,62.7061,2.4446
1987-11-26,44001,Bristol,15.3824,2.358,66.2831,4.0006
1987-11-27,44001,Bristol,5.8711,-1.2,61.4996,5.0469
1987-11-28,44001,Bristol,5.207,-1.6738,67.7072,3.495
1987-11-29,44001,Bristol,9.4781,-0.2517,80.2655,5.1392
1987-11-30,44001,Bristol,16.0834,6.6844,81.2562,3.5486
1987-12-01,44001,Bristol,12.3128,2.8209,64.8493,4.2703
1987-12-02,44001,Bristol,8.3444,-0.7878,61.6432,5.7812
1987-12-03,44001,Bristol,5.9632,-1.5739,58.5422,4.1516
1987-12-04,44001,Bristol,7.4391,0.8505,72.9739,5.2479
1987-12-05,44001,Bristol,3.871,-2.4164,59.2577,5.5936
1987-12-06,44001,Bristol,4.2383,-3.5086,57.1233,6.2546
1987-12-07,44001,Bristol,4.2682,-4.0336,52.3111,4.4375
1987-12-08,44001,Bristol,6.4486,-3.9513,61.5877,3.267
1987-12-09,44001,Bristol,10.5676,0.1017,72.421,4.846
1987-12-10,44001,Bristol,15.7727,4.0164,59.2,2.6886
1987-12-11,44001,Bristol,7.5143,1.5852,80.2698,5.6641
1987-12-12,44001,Bristol,7.9649,-1.0525,75.4808,1.9095
1987-12-13,44001,Bristol,7.7846,-0.0573,60.9275,5.1753
1987-12-14,44001,Bristol,8.2444,-0.9674,57.3119,4.0301
1987-12-15,44001,Bristol,8.2383,-1.2375,73.0062,4.1254
1987-12-16,44001,Bristol,9.887,0.2011,59.2308,6.5758
1987-12-17,44001,Bristol,2.9298,-5.0304,55.7142,7.1555
1987-12-18,44001,Bristol,0.3554,-5.7063,48.4984,4.3716
1987-12-19,44001,Bristol,4.9255,-5.0791,55.7976,3.5986
1987-12-20,44001,Bristol,4.6301,-2.5016,77.1063,3.5277
1987-12-21,44001,Bristol,7.5633,-1.6935,63.3041,4.0359
1987-12-22,44001,Bristol,7.5769,-1.9651,54.8931,2.9611
1987-12-23,44001,Bristol,5.6144,-1.5319,65.9138,3.2377
1987-12-24,44001,Bristol,5.611,-2.7177,65.9494,2.8258
1987-12-25,44001,Bristol,11.2469,1.7302,81.0677,4.0861
1987-12-26,44001,Bristol,6.6956,-0.2414,63.5459,3.3022
1987-12-27,44001,Bristol,3.6391,-1.9411,56.7015,4.0054
1987-12-28,44001,Bristol,1.8191,-4.6101,49.5562,4.47
1987-12-29,44001,Bristol,-1.2667,-12.33,64.2139,8.6372
1987-12-30,44001,Bristol,-10.0258,-16.2304,59.7776,9.5622
1987-12-31,44001,Bristol,3.6991,-13.8064,57.305,5.0326
1988-01-01,44001,Bristol,6.2507,-1.808,64.4912,4.6136
1988-01-02,44001,Bristol,1.2212,-5.4508,43.8186,3.9098
1988-01-03,44001,Bristol,1.4927,-7.7397,51.786,2.4555
1988-01-04,44001,Bristol,2.5216,-3.0204,69.7223,5.8404
1988-01-05,44001,Bristol,0.4388,-12.271,41.4202,8.118
1988-01-06,44001,Bristol,-5.7503,-13.0225,52.5064,7.6083
1988-01-07,44001,Bristol,-7.1236,-14.1171,55.4707,5.6152
1988-01-08,44001,Bristol,1.7343,-12.9099,70.1618,6.6982
1988-01-09,44001,Bristol,1.3115,-9.0702,65.8141,4.1731
1988-01-10,44001,Bristol,-1.2455,-12.88,56.7144,3.1564
1988-01-11,44001,Bristol,0.0087,-14.2358,54.5043,2.6865
1988-01-12,44001,Bristol,2.4432,-10.152,68.1109,2.5648
1988-01-13,44001,Bristol,3.8735,-6.1113,72.4858,6.0618
1988-01-14,44001,Bristol,-4.1517,-18.9546,33.1609,6.9045
1988-01-15,44001,Bristol,-3.9816,-17.9953,55.1204,2.2014
1988-01-16,44001,Bristol,1.0454,-11.0662,61.536,3.1455
1988-01-17,44001,Bristol,4.8671,-5.2609,67.498,3.93
1988-01-18,44001,Bristol,5.4557,-0.8874,71.8684,3.9053
1988-01-19,44001,Bristol,6.1704,-2.534,60.8486,3.8759
1988-01-20,44001,Bristol,3.8899,-2.4747,74.4544,3.4633
1988-01-21,44001,Bristol,7.7132,-0.844,61.7988,3.7054
1988-01-22,44001,Bristol,2.3468,-2.6987,49.3348,2.411
1988-01-23,44001,Bristol,2.9076,-2.5469,50.1403,2.3053
1988-01-24,44001,Bristol,5.1623,-2.4859,57.6446,2.822
1988-01-25,44001,Bristol,7.7692,-0.9609,64.9452,2.8115
1988-01-26,44001,Bristol,4.2561,-3.0613,61.4086,5.6031
1988-01-27,44001,Bristol,0.1154,-8.1926,33.318,5.6174
1988-01-28,44001,Bristol,-1.6343,-10.8906,34.3615,3.6915
1988-01-29,44001,Bristol,0.3376,-8.0798,37.1377,3.5105
1988-01-30,44001,Bristol,7.8888,-2.9204,60.8368,6.6589
1988-01-31,44001,Bristol,9.9639,-1.0515,66.1375,5.0613
1988-02-01,44001,Bristol,13.0031,1.4386,71.2759,5.4019
1988-02-02,44001,Bristol,11.2874,0.3817,76.2493,5.2457
1988-02-03,44001,Bristol,3.0455,-5.361,51.4887,5.1997
1988-02-04,44001,Bristol,3.4801,-4.4872,75.0936,4.5386
1988-02-05,44001,Bristol,-2.0196,-10.049,48.5007,5.6427
1988-02-06,44001,Bristol,-3.5019,-10.4313,51.8501,3.889
1988-02-07,44001,Bristol,-3.7507,-13.8271,54.1996,5.2961
1988-02-08,44001,Bristol,2.0498,-6.5614,58.9098,4.9192
1988-02-09,44001,Bristol,1.7011,-6.4014,60.403,1.7919
1988-02-10,44001,Bristol,3.4963,-4.4773,61.9708,3.2548
1988-02-11,44001,Bristol,2.4292,-4.8852,63.2835,4.2672
1988-02-12,44001,Bristol,3.8798,-2.3282,81.3627,6.9383
1988-02-13,44001,Bristol,3.0541,-6.5294,53.1572,8.4494
1988-02-14,44001,Bristol,0.2323,-9.3768,51.8086,6.3969
1988-02-15,44001,Bristol,7.7119,-4.3134,72.4624,6.0383
1988-02-16,44001,Bristol,6.9598,-2.6824,70.3643,3.8349
1988-02-17,44001,Bristol,4.701,-3.6568,54.2572,3.244
1988-02-18,44001,Bristol,8.1668,-2.7061,53.6602,2.0659
1988-02-19,44001,Bristol,7.4516,-2.4669,58.7135,3.7201
1988-02-20,44001,Bristol,14.1352,0.7507,68.0523,5.4654
1988-02-21,44001,Bristol,4.3841,-8.9282,45.3489,6.249
1988-02-22,44001,Bristol,3.9574,-8.5235,55.9516,7.6773
1988-02-23,44001,Bristol,10.6939,-0.8048,65.5984,6.1779
1988-02-24,44001,Bristol,5.7529,-2.7905,55.2264,3.2483
1988-02-25,44001,Bristol,2.7246,-4.7015,40.0239,2.7449
1988-02-26,44001,Bristol,1.8337,-4.1806,33.908,2.1141
1988-02-27,44001,Bristol,2.4992,-3.4936,44.0737,2.5931
1988-02-28,44001,Bristol,2.9483,-4.5648,45.5167,2.7776
1988-02-29,44001,Bristol,5.7671,-3.1916,51.8052,2.8001
1988-03-01,44001,Bristol,5.875,-2.9646,39.0998,4.2531
1988-03-02,44001,Bristol,6.1948,-4.7933,42.1124,4.9075
1988-03-03,44001,Bristol,11.7744,1.1926,54.0153,2.3966
1988-03-04,44001,Bristol,6.1402,-0.2431,69.401,4.6748
1988-03-05,44001,Bristol,2.7961,-5.6867,54.3325,4.2959
1988-03-06,44001,Bristol,6.8812,-3.5549,47.8273,3.4437
1988-03-07,44001,Bristol,11.4808,-2.0863,48.0041,4.4378
1988-03-08,44001,Bristol,8.2623,-2.1822,42.6828,3.065
1988-03-09,44001,Bristol,12.6439,-0.3265,64.4121,4.9502
1988-03-10,44001,Bristol,11.1403,-1.7338,55.486,4.8382
1988-03-11,44001,Bristol,7.0672,-2.5338,39.449,5.7009
1988-03-12,44001,Bristol,10.2812,-2.0214,47.8559,3.0803
1988-03-13,44001,Bristol,13.6538,0.6255,62.9057,2.2142
1988-03-14,44001,Bristol,5.8948,0.2539,65.9494,3.3701
1988-03-15,44001,Bristol,4.1247,-0.3172,61.5364,4.5501
1988-03-16,44001,Bristol,7.2948,-1.0816,50.0872,4.0172
1988-03-17,44001,Bristol,9.9218,-0.7198,37.0091,4.3655
1988-03-18,44001,Bristol,8.9624,-1.1169,45.0183,4.7616
1988-03-19,44001,Bristol,8.589,-0.5457,47.7114,3.461
1988-03-20,44001,Bristol,6.0107,-5.0572,35.3521,6.0556
1988-03-21,44001,Bristol,-2.4052,-8.4945,24.9384,6.6704
1988-03-22,44001,Bristol,3.489,-10.293,32.6009,5.1171
1988-03-23,44001,Bristol,6.6137,-4.4866,47.1243,4.3577
1988-03-24,44001,Bristol,17.0742,0.4089,62.6924,5.5701
1988-03-25,44001,Bristol,17.2144,5.0041,59.7391,3.1289
1988-03-26,44001,Bristol,14.8926,6.4604,75.3745,6.8335
1988-03-27,44001,Bristol,16.0956,6.5842,58.4373,6.005
1988-03-28,44001,Bristol,9.4961,0.4067,46.9372,4.5722
1988-03-29,44001,Bristol,12.3251,-0.9431,40.8444,1.9788
1988-03-30,44001,Bristol,12.3657,0.6243,47.5693,2.1754
1988-03-31,44001,Bristol,15.2647,1.3118,47.9374,2.0504
1988-04-01,44001,Bristol,14.6383,3.3829,53.6375,1.6432
1988-04-02,44001,Bristol,14.9857,7.4478,56.9808,1.3523
1988-04-03,44001,Bristol,11.3835,6.1471,72.1924,3.3244
1988-04-04,44001,Bristol,17.342,6.9086,76.5884,4.9383
1988-04-05,44001,Bristol,19.5862,9.5286,54.9763,2.936
1988-04-06,44001,Bristol,10.0536,5.3071,66.3226,4.3942
1988-04-07,44001,Bristol,8.2054,4.3149,72.0428,5.0587
1988-04-08,44001,Bristol,8.6443,4.9161,69.9901,6.7038
1988-04-09,44001,Bristol,14.0117,4.8325,56.9915,6.0396
1988-04-10,44001,Bristol,14.5898,6.8338,54.0343,5.6981
1988-04-11,44001,Bristol,8.2691,4.7961,65.281,5.6785
1988-04-12,44001,Bristol,9.1536,0.2942,58.8819,4.8984
1988-04-13,44001,Bristol,7.4707,-0.5368,61.9416,4.9315
1988-04-14,44001,Bristol,8.7535,0.3478,62.1137,3.0971
1988-04-15,44001,Bristol,9.3802,1.6972,75.4752,2.7861
1988-04-16,44001,Bristol,10.3315,3.5821,55.6657,4.4027
1988-04-17,44001,Bristol,14.0424,2.1307,52.5492,5.5724
1988-04-18,44001,Bristol,11.9326,3.3393,79.8108,3.6848
1988-04-19,44001,Bristol,10.9446,4.7172,44.5911,2.8722
1988-04-20,44001,Bristol,8.9407,1.7518,46.4855,5.1832
1988-04-21,44001,Bristol,11.9803,1.1873,55.7447,4.9876
1988-04-22,44001,Bristol,10.7614,0.4337,49.118,5.5619
1988-04-23,44001,Bristol,12.8119,0.8289,57.666,2.9122
1988-04-24,44001,Bristol,18.0023,6.291,60.4044,4.0842
1988-04-25,44001,Bristol,13.6584,4.5033,55.3239,4.8754
1988-04-26,44001,Bristol,14.5213,2.7693,52.2247,3.5835
1988-04-27,44001,Bristol,17.1218,3.8829,63.3154,3.3813
1988-04-28,44001,Bristol,15.2927,6.4828,81.3686,4.2959
1988-04-29,44001,Bristol,13.2571,5.3931,66.127,3.6849
1988-04-30,44001,Bristol,14.3142,3.9271,65.5838,1.2566
1988-05-01,44001,Bristol,12.695,7.4964,66.051,1.8229
1988-05-02,44001,Bristol,10.4828,5.2484,69.1275,4.748
1988-05-03,44001,Bristol,10.8061,5.5563,67.7969,3.6436
1988-05-04,44001,Bristol,19.4467,5.1096,50.9233,4.5291
1988-05-05,44001,Bristol,18.6755,5.6742,69.9678,2.4377
1988-05-06,44001,Bristol,18.8968,10.1185,73.8313,3.7189
1988-05-07,44001,Bristol,18.3247,7.1365,64.4973,5.6641
1988-05-08,44001,Bristol,15.5934,4.0506,50.0434,2.9279
1988-05-09,44001,Bristol,16.3488,3.3079,54.4279,2.2953
1988-05-10,44001,Bristol,15.5389,4.8091,77.9522,3.2166
1988-05-11,44001,Bristol,18.4358,9.969,77.8652,2.6438
1988-05-12,44001,Bristol,20.42,11.3316,59.0424,2.1913
1988-05-13,44001,Bristol,20.4599,9.1804,68.3145,4.4762
1988-05-14,44001,Bristol,19.8544,8.6423,59.4803,2.082
1988-05-15,44001,Bristol,18.0496,6.6593,55.8928,2.5735
1988-05-16,44001,Bristol,21.9725,6.8742,78.5345,1.7916
1988-05-17,44001,Bristol,23.0218,14.18,70.1327,1.3022
1988-05-18,44001,Bristol,19.8995,12.6633,73.2969,3.4233
1988-05-19,44001,Bristol,14.9713,11.6074,78.1123,4.4696
1988-05-20,44001,Bristol,20.9572,11.3263,72.682,2.5188
1988-05-21,44001,Bristol,21.6422,12.2631,73.3417,2.1995
1988-05-22,44001,Bristol,22.7574,12.6288,72.7112,2.1598
1988-05-23,44001,Bristol,25.3847,13.9586,69.0198,3.9191
1988-05-24,44001,Bristol,25.836,15.4317,70.7901,3.3848
1988-05-25,44001,Bristol,17.3843,10.8074,80.3575,2.7364
1988-05-26,44001,Bristol,17.7373,9.2553,58.1517,3.3535
1988-05-27,44001,Bristol,22.5348,7.8682,60.8718,3.7648
1988-05-28,44001,Bristol,24.6205,10.2772,63.075,4.3892
1988-05-29,44001,Bristol,27.275,11.746,61.1309,1.5515
1988-05-30,44001,Bristol,22.5985,13.0227,69.4458,2.5833
1988-05-31,44001,Bristol,29.8829,12.7702,54.4808,3.4896
1988-06-01,44001,Bristol,25.9834,14.0219,54.115,3.4107
1988-06-02,44001,Bristol,14.4936,9.7131,58.0604,4.0892
1988-06-03,44001,Bristol,17.3843,8.5583,56.8912,1.5251
1988-06-04,44001,Bristol,17.6981,8.8287,58.9818,2.7604
1988-06-05,44001,Bristol,22.8449,12.0582,56.456,5.7426
1988-06-06,44001,Bristol,23.6992,11.2694,51.3449,5.1509
1988-06-07,44001,Bristol,22.2808,9.6411,47.2234,4.0694
1988-06-08,44001,Bristol,21.4556,6.5514,49.2515,2.1139
1988-06-09,44001,Bristol,15.9834,10.0173,64.2353,3.1906
1988-06-10,44001,Bristol,19.624,6.5813,55.5408,2.4027
1988-06-11,44001,Bristol,21.8257,11.9654,50.7411,2.0417
1988-06-12,44001,Bristol,28.2331,11.9128,53.7376,3.0103
1988-06-13,44001,Bristol,31.8952,16.1365,50.932,2.9422
1988-06-14,44001,Bristol,31.7971,17.565,51.6756,2.8175
1988-06-15,44001,Bristol,32.8546,17.3742,56.6429,3.8993
1988-06-16,44001,Bristol,29.8412,16.6584,62.5233,4.6232
1988-06-17,44001,Bristol,25.7435,16.1891,67.7289,2.3178
1988-06-18,44001,Bristol,26.6334,16.2041,60.93,1.986
1988-06-19,44001,Bristol,27.5331,14.0582,59.697,3.4507
1988-06-20,44001,Bristol,28.0923,14.7759,66.9375,4.9596
1988-06-21,44001,Bristol,31.1326,18.5301,53.15,2.5162
1988-06-22,44001,Bristol,30.2658,17.9514,62.4152,3.8823
1988-06-23,44001,Bristol,29.5457,15.5852,58.4978,4.5405
1988-06-24,44001,Bristol,20.7183,11.3254,50.7022,2.0321
1988-06-25,44001,Bristol,20.3435,11.0797,65.9681,3.9746
1988-06-26,44001,Bristol,27.1971,15.0561,64.8338,4.8313
1988-06-27,44001,Bristol,22.3464,15.0962,57.9243,2.1586
1988-06-28,44001,Bristol,25.9142,15.0394,54.4413,2.8605
1988-06-29,44001,Bristol,23.6748,15.4885,58.7629,1.9644
1988-06-30,44001,Bristol,21.6024,12.7042,57.0754,1.9869
1988-07-01,44001,Bristol,19.5131,8.6278,67.5976,3.3126
1988-07-02,44001,Bristol,21.4705,10.9463,66.4482,2.9448
1988-07-03,44001,Bristol,25.775,13.5269,61.9262,3.2732
1988-07-04,44001,Bristol,27.1592,13.937,65.2905,2.5407
1988-07-05,44001,Bristol,26.8997,14.4257,68.0121,2.3814
1988-07-06,44001,Bristol,28.9267,14.7866,67.9834,3.1089
1988-07-07,44001,Bristol,30.3204,18.7276,67.435,3.7607
1988-07-08,44001,Bristol,30.3315,17.9355,68.081,4.4338
1988-07-09,44001,Bristol,28.5334,18.9267,76.0183,4.7303
1988-07-10,44001,Bristol,33.9544,19.3824,65.9016,3.5113
1988-07-11,44001,Bristol,33.8127,20.9229,65.4046,3.6339
1988-07-12,44001,Bristol,31.0624,22.072,71.4026,3.54
1988-07-13,44001,Bristol,30.5219,20.0687,60.999,1.9909
1988-07-14,44001,Bristol,30.1777,17.6221,71.3525,4.6245
1988-07-15,44001,Bristol,29.3392,17.5606,67.4384,2.7634
1988-07-16,44001,Bristol,30.8045,16.3606,68.1806,4.6937
1988-07-17,44001,Bristol,35.0902,21.7729,62.5134,4.2998
1988-07-18,44001,Bristol,31.0994,21.7326,68.1532,2.0947
1988-07-19,44001,Bristol,30.0492,20.1954,75.3495,3.7233
1988-07-20,44001,Bristol,26.8991,22.679,83.4094,1.9735
1988-07-21,44001,Bristol,26.4183,20.5326,83.8196,3.7096
1988-07-22,44001,Bristol,25.97,20.1253,83.9928,3.4146
1988-07-23,44001,Bristol,23.9241,16.1018,89.8048,1.4677
1988-07-24,44001,Bristol,25.1695,20.5264,83.9306,3.8183
1988-07-25,44001,Bristol,25.8818,19.8769,81.8267,2.9382
1988-07-26,44001,Bristol,27.0005,19.8153,82.6139,2.3852
1988-07-27,44001,Bristol,26.0241,21.8843,81.6571,3.0806
1988-07-28,44001,Bristol,26.0371,21.2544,77.443,2.5607
1988-07-29,44001,Bristol,28.8636,19.9489,76.505,2.49
1988-07-30,44001,Bristol,32.1625,22.6102,74.8626,3.3325
1988-07-31,44001,Bristol,30.8517,22.2688,75.8354,2.1889
1988-08-01,44001,Bristol,29.4115,21.429,74.3402,2.0189
1988-08-02,44001,Bristol,29.7336,21.1376,75.193,2.7591
1988-08-03,44001,Bristol,30.8554,20.9007,75.6456,4.0611
1988-08-04,44001,Bristol,30.4478,21.6415,76.6193,5.0808
1988-08-05,44001,Bristol,30.6397,22.5118,75.1676,5.3123
1988-08-06,44001,Bristol,29.2742,22.226,75.661,4.6357
1988-08-07,44001,Bristol,30.0878,21.6563,75.7094,3.1778
1988-08-08,44001,Bristol,28.7795,22.1605,71.4819,3.1292
1988-08-09,44001,Bristol,30.4414,20.3069,73.7754,3.7711
1988-08-10,44001,Bristol,30.6336,21.6198,76.791,5.4933
1988-08-11,44001,Bristol,30.544,22.9368,76.167,4.4486
1988-08-12,44001,Bristol,33.1034,23.4257,70.9085,4.0415
1988-08-13,44001,Bristol,32.1307,22.4535,73.1568,4.9919
1988-08-14,44001,Bristol,31.3569,23.4732,75.0798,4.9169
1988-08-15,44001,Bristol,32.1587,23.1154,71.0116,5.6984
1988-08-16,44001,Bristol,26.0787,18.8396,66.6194,3.8876
1988-08-17,44001,Bristol,28.9639,17.9482,63.0277,2.448
1988-08-18,44001,Bristol,27.1262,14.9741,65.4697,3.2913
1988-08-19,44001,Bristol,22.83,10.4933,62.3175,1.9345
1988-08-20,44001,Bristol,25.0627,16.2616,55.4917,1.5811
1988-08-21,44001,Bristol,27.7141,12.0994,53.1465,2.4987
1988-08-22,44001,Bristol,20.7337,7.9376,55.0919,2.4907
1988-08-23,44001,Bristol,21.4787,11.4269,57.0479,2.0486
1988-08-24,44001,Bristol,22.5133,14.0976,86.505,4.8997
1988-08-25,44001,Bristol,26.8484,17.1848,69.9932,2.4488
1988-08-26,44001,Bristol,29.2148,19.6238,67.8192,3.5759
1988-08-27,44001,Bristol,30.1798,18.9652,65.456,2.2709
1988-08-28,44001,Bristol,30.6097,19.2883,71.2824,4.9861
1988-08-29,44001,Bristol,29.0179,21.425,76.962,5.4379
1988-08-30,44001,Bristol,24.361,16.0257,72.3971,2.734
1988-08-31,44001,Bristol,24.5698,13.7254,60.0563,1.5999
1988-09-01,44001,Bristol,25.6823,15.0315,59.3648,1.599
1988-09-02,44001,Bristol,27.6654,13.6589,58.0306,3.1614
1988-09-03,44001,Bristol,26.3162,12.9568,66.2009,2.3285
1988-09-04,44001,Bristol,20.9362,15.7028,96.0461,4.0151
1988-09-05,44001,Bristol,26.048,14.9729,75.0192,5.096
1988-09-06,44001,Bristol,17.4695,9.4635,61.5333,3.6832
1988-09-07,44001,Bristol,20.5985,7.8964,61.0188,2.8756
1988-09-08,44001,Bristol,23.4376,11.2022,65.7824,2.6848
1988-09-09,44001,Bristol,23.7529,13.0008,85.4475,2.4402
1988-09-10,44001,Bristol,27.4266,15.5528,61.4591,3.6968
1988-09-11,44001,Bristol,21.3133,11.3074,59.7837,4.3264
1988-09-12,44001,Bristol,21.9999,11.1237,57.986,2.9878
1988-09-13,44001,Bristol,23.874,12.6863,84.4294,4.6012
1988-09-14,44001,Bristol,20.7119,12.3008,63.0429,3.2485
1988-09-15,44001,Bristol,17.6949,7.6975,58.8581,5.0692
1988-09-16,44001,Bristol,17.193,4.756,57.5969,2.6999
1988-09-17,44001,Bristol,20.3561,7.5845,73.9627,3.4933
1988-09-18,44001,Bristol,25.233,15.1713,75.0334,4.5851
1988-09-19,44001,Bristol,27.7654,14.8635,63.3944,1.9747
1988-09-20,44001,Bristol,25.8436,14.4034,82.0883,4.2226
1988-09-21,44001,Bristol,26.801,17.1406,69.9771,3.1915
1988-09-22,44001,Bristol,21.451,12.6676,60.9413,3.467
1988-09-23,44001,Bristol,24.5059,11.7041,75.1674,3.8061
1988-09-24,44001,Bristol,22.237,11.2909,49.8796,3.0146
1988-09-25,44001,Bristol,20.9388,11.1451,58.9912,1.4959
1988-09-26,44001,Bristol,23.8806,11.2228,53.5553,2.12
1988-09-27,44001,Bristol,21.3461,8.0884,61.1474,3.0365
1988-09-28,44001,Bristol,25.8157,8.2365,56.0478,4.5103
1988-09-29,44001,Bristol,17.2621,3.5443,51.0917,2.7247
1988-09-30,44001,Bristol,19.7587,3.9193,78.5576,4.312
1988-10-01,44001,Bristol,25.6676,11.0091,60.3071,4.5573
1988-10-02,44001,Bristol,26.2975,12.0727,60.9917,5.6356
1988-10-03,44001,Bristol,22.6616,11.5835,61.7865,2.8358
1988-10-04,44001,Bristol,12.7626,6.9415,81.2419,6.8643
1988-10-05,44001,Bristol,12.1065,5.961,72.5701,3.7669
1988-10-06,44001,Bristol,15.4739,4.7987,54.4041,2.7528
1988-10-07,44001,Bristol,12.1278,5.5392,65.8315,5.3764
1988-10-08,44001,Bristol,8.0519,2.7526,85.048,6.661
1988-10-09,44001,Bristol,10.8479,0.9025,65.6464,4.015
1988-10-10,44001,Bristol,16.8877,7.4248,65.8569,5.524
1988-10-11,44001,Bristol,17.789,6.503,61.1424,5.3807
1988-10-12,44001,Bristol,12.5516,3.7779,51.7218,4.3902
1988-10-13,44001,Bristol,7.8513,0.9601,57.8556,5.3141
1988-10-14,44001,Bristol,10.9136,0.2527,58.8423,5.0329
1988-10-15,44001,Bristol,17.05,3.1447,59.7264,2.8092
1988-10-16,44001,Bristol,17.4739,10.4704,70.9365,2.4677
1988-10-17,44001,Bristol,20.1033,10.1611,69.0303,3.0808
1988-10-18,44001,Bristol,21.315,9.6808,72.3652,4.7371
1988-10-19,44001,Bristol,14.1594,7.0301,63.5502,3.6449
1988-10-20,44001,Bristol,10.0698,-1.6638,51.6744,3.4578
1988-10-21,44001,Bristol,10.9214,-3.5198,70.5906,5.1056
1988-10-22,44001,Bristol,15.0471,7.2909,80.432,7.0532
1988-10-23,44001,Bristol,10.9214,5.2784,63.9885,5.3046
1988-10-24,44001,Bristol,15.709,4.8122,81.5604,3.7339
1988-10-25,44001,Bristol,12.1929,4.4642,60.993,4.7884
1988-10-26,44001,Bristol,14.2578,1.6311,55.3457,3.4131
1988-10-27,44001,Bristol,11.6001,1.4099,53.0907,3.2418
1988-10-28,44001,Bristol,15.6809,0.6641,72.0414,4.4244
1988-10-29,44001,Bristol,10.163,0.1691,56.3019,3.5839
1988-10-30,44001,Bristol,8.1776,-1.4381,51.4889,3.6878
1988-10-31,44001,Bristol,8.2668,-1.6249,49.4093,2.5861
1988-11-01,44001,Bristol,14.4488,1.3932,80.377,4.5708
1988-11-02,44001,Bristol,14.2514,5.5107,65.329,7.149
1988-11-03,44001,Bristol,11.5272,2.2655,53.8136,6.4251
1988-11-04,44001,Bristol,15.154,1.1159,66.9628,3.6466
1988-11-05,44001,Bristol,21.2853,8.3689,68.9432,5.1205
1988-11-06,44001,Bristol,19.6373,8.726,66.6858,4.9802
1988-11-07,44001,Bristol,15.8917,4.5906,56.2967,5.4803
1988-11-08,44001,Bristol,12.0418,1.2701,60.952,4.0229
1988-11-09,44001,Bristol,14.7911,5.4396,54.8745,2.8456
1988-11-10,44001,Bristol,15.3928,3.3678,70.2037,4.6729
1988-11-11,44001,Bristol,14.224,5.0616,55.5889,4.6831
1988-11-12,44001,Bristol,7.474,0.2428,52.045,2.6698
1988-11-13,44001,Bristol,14.0111,0.4348,78.2308,5.432
1988-11-14,44001,Bristol,15.0857,4.0021,58.6428,4.8305
1988-11-15,44001,Bristol,12.1898,2.603,52.2122,2.908
1988-11-16,44001,Bristol,15.4915,1.8955,69.843,3.9813
1988-11-17,44001,Bristol,18.4315,4.9806,73.1272,4.8949
1988-11-18,44001,Bristol,9.3993,0.7398,52.3265,5.1626
1988-11-19,44001,Bristol,8.4162,-0.7571,51.5632,2.5157
1988-11-20,44001,Bristol,14.6148,3.0718,79.2362,5.4018
1988-11-21,44001,Bristol,14.0923,-0.2317,52.5328,8.6082
1988-11-22,44001,Bristol,7.6651,-1.7231,50.2844,4.1124
1988-11-23,44001,Bristol,9.835,-1.24,52.8589,3.0314
1988-11-24,44001,Bristol,5.2817,-2.1811,52.3657,5.6656
1988-11-25,44001,Bristol,6.9668,-3.099,43.189,5.2159
1988-11-26,44001,Bristol,9.0579,-0.9185,58.7146,2.7132
1988-11-27,44001,Bristol,13.8034,1.6237,69.8531,4.1539
1988-11-28,44001,Bristol,16.3416,6.0134,76.8376,6.1612
1988-11-29,44001,Bristol,9.3144,1.3317,53.1359,5.3713
1988-11-30,44001,Bristol,10.4962,-0.877,68.6052,4.215
1988-12-01,44001,Bristol,10.221,1.6455,52.8516,3.3699
1988-12-02,44001,Bristol,4.9417,-2.0105,55.2886,5.4343
1988-12-03,44001,Bristol,8.8934,-2.4434,62.8375,5.9811
1988-12-04,44001,Bristol,4.5802,-5.1176,44.7157,6.8422
1988-12-05,44001,Bristol,3.1903,-4.7231,40.713,4.1775
1988-12-06,44001,Bristol,6.9182,-4.6892,56.6811,4.2008
1988-12-07,44001,Bristol,12.2255,-0.6748,54.7333,4.0981
1988-12-08,44001,Bristol,6.707,-3.4929,54.0592,4.1342
1988-12-09,44001,Bristol,2.9435,-3.9408,40.4154,1.9092
1988-12-10,44001,Bristol,1.0947,-4.1567,41.6396,2.9245
1988-12-11,44001,Bristol,0.0535,-13.5788,41.0281,6.3468
1988-12-12,44001,Bristol,-6.6299,-16.2743,42.85,4.4277
1988-12-13,44001,Bristol,4.2631,-9.9032,76.2634,4.2482
1988-12-14,44001,Bristol,5.8825,-0.0501,71.1329,4.3
1988-12-15,44001,Bristol,9.2355,-3.6124,54.5065,6.5755
1988-12-16,44001,Bristol,-1.7276,-10.4276,32.6554,5.38
1988-12-17,44001,Bristol,-0.6181,-11.0412,48.7345,5.6958
1988-12-18,44001,Bristol,-0.8999,-8.5622,41.5489,4.596
1988-12-19,44001,Bristol,2.6118,-6.3778,56.1157,2.8717
1988-12-20,44001,Bristol,10.2606,-1.9294,67.4639,5.8291
1988-12-21,44001,Bristol,12.3622,2.5415,61.7289,5.0558
1988-12-22,44001,Bristol,5.8127,-4.3969,43.347,4.7974
1988-12-23,44001,Bristol,5.0754,-4.1013,73.3279,4.126
1988-12-24,44001,Bristol,8.8913,-0.9597,71.5833,4.1524
1988-12-25,44001,Bristol,9.5887,0.0083,59.8135,6.1229
1988-12-26,44001,Bristol,2.2699,-5.3201,38.4411,6.6924
1988-12-27,44001,Bristol,4.0602,-6.6457,56.1865,4.3489
1988-12-28,44001,Bristol,10.0006,1.5533,42.0612,7.3744
1988-12-29,44001,Bristol,4.9241,-2.336,42.4338,3.9906
1988-12-30,44001,Bristol,2.4826,-3.101,52.9641,2.0599
1988-12-31,44001,Bristol,2.6212,-2.5863,57.3739,5.6053
1989-01-01,44001,Bristol,3.6009,-3.0418,50.5334,3.2225
1989-01-02,44001,Bristol,7.1338,-1.5082,69.9392,3.245
1989-01-03,44001,Bristol,4.9227,-1.7723,49.5117,4.3046
1989-01-04,44001,Bristol,1.8555,-15.7842,28.0796,8.9178
1989-01-05,44001,Bristol,-5.6976,-16.509,36.4795,7.6972
1989-01-06,44001,Bristol,1.1895,-11.6883,51.6916,4.2592
1989-01-07,44001,Bristol,4.0917,-2.321,68.2634,5.1954
1989-01-08,44001,Bristol,6.9161,-1.6876,70.6128,4.7601
1989-01-09,44001,Bristol,5.2845,-1.9152,41.545,5.1448
1989-01-10,44001,Bristol,3.2913,-3.6642,40.0641,2.9692
1989-01-11,44001,Bristol,5.2595,-4.107,44.0244,5.1274
1989-01-12,44001,Bristol,6.2726,-4.2383,70.5461,5.26
1989-01-13,44001,Bristol,6.3272,-3.4583,51.0125,6.0211
1989-01-14,44001,Bristol,5.203,-4.1204,51.1845,4.7608
1989-01-15,44001,Bristol,11.4009,-0.2912,66.4674,5.1068
1989-01-16,44001,Bristol,7.7194,-1.8564,51.3962,3.2422
1989-01-17,44001,Bristol,6.7842,-3.0033,52.9756,4.8418
1989-01-18,44001,Bristol,8.7995,-1.837,51.4474,2.3093
1989-01-19,44001,Bristol,8.9614,-0.6244,59.957,2.6669
1989-01-20,44001,Bristol,9.5546,-1.3173,61.4114,4.7653
1989-01-21,44001,Bristol,3.2763,-10.1222,25.5328,7.8063
1989-01-22,44001,Bristol,4.1034,-10.5274,51.8734,5.4659
1989-01-23,44001,Bristol,8.403,-2.8319,54.0554,2.0499
1989-01-24,44001,Bristol,10.9952,-1.1849,42.7161,2.0447
1989-01-25,44001,Bristol,3.3842,-4.7424,44.494,5.1864
1989-01-26,44001,Bristol,6.2301,-4.2583,73.9309,6.1312
1989-01-27,44001,Bristol,5.8009,-1.1041,60.0109,3.9122
1989-01-28,44001,Bristol,5.178,-1.4613,55.7014,4.6789
1989-01-29,44001,Bristol,12.4895,-0.5443,45.6353,3.5641
1989-01-30,44001,Bristol,10.8952,1.0576,68.3174,3.6914
1989-01-31,44001,Bristol,7.493,-2.5032,64.7712,5.4333
1989-02-01,44001,Bristol,14.5642,-0.0419,57.8998,4.4974
1989-02-02,44001,Bristol,6.4413,-1.4716,64.7345,5.6516
1989-02-03,44001,Bristol,3.0806,-3.305,72.0943,3.6722
1989-02-04,44001,Bristol,-1.1859,-8.2679,41.4931,4.2537
1989-02-05,44001,Bristol,-2.8519,-8.3207,54.4191,2.5352
1989-02-06,44001,Bristol,2.5945,-5.905,66.3258,2.7258
1989-02-07,44001,Bristol,2.3613,-5.1374,68.6032,2.5457
1989-02-08,44001,Bristol,1.0836,-6.8396,57.1374,5.2935
1989-02-09,44001,Bristol,-1.6511,-11.333,28.7885,7.4412
1989-02-10,44001,Bristol,-2.1695,-11.4497,42.4614,4.3412
1989-02-11,44001,Bristol,2.063,-7.1819,50.2532,5.4057
1989-02-12,44001,Bristol,3.3038,-3.8741,47.4131,4.6712
1989-02-13,44001,Bristol,2.4194,-5.3685,50.5693,4.1815
1989-02-14,44001,Bristol,8.495,-0.2906,80.5614,4.6436
1989-02-15,44001,Bristol,7.2252,1.581,76.0013,2.2132
1989-02-16,44001,Bristol,5.6147,-5.7813,53.8598,4.8006
1989-02-17,44001,Bristol,-3.523,-10.5478,26.0628,4.7062
1989-02-18,44001,Bristol,-3.3756,-10.5776,32.9446,2.5278
1989-02-19,44001,Bristol,0.9928,-7.0087,50.2943,2.3782
1989-02-20,44001,Bristol,5.274,-3.3844,62.0434,3.1231
1989-02-21,44001,Bristol,11.9963,-0.9112,81.226,6.6676
1989-02-22,44001,Bristol,12.004,3.1681,75.4527,3.1838
1989-02-23,44001,Bristol,5.7411,-3.2702,62.0728,7.1825
1989-02-24,44001,Bristol,-0.6489,-7.3688,54.0442,10.3415
1989-02-25,44001,Bristol,-3.3323,-9.551,63.7634,6.0652
1989-02-26,44001,Bristol,1.1646,-10.8324,62.786,2.4007
1989-02-27,44001,Bristol,2.7163,-3.1961,68.2599,3.5267
1989-02-28,44001,Bristol,3.7011,-2.2585,52.5148,2.2344
1989-03-01,44001,Bristol,6.3256,-3.557,52.3543,4.9462
1989-03-02,44001,Bristol,2.1876,-3.9515,42.8118,4.7648
1989-03-03,44001,Bristol,3.0211,-2.5433,55.8239,3.1362
1989-03-04,44001,Bristol,3.0343,-2.0304,60.1565,5.6788
1989-03-05,44001,Bristol,6.8059,-0.8994,71.6091,2.433
1989-03-06,44001,Bristol,4.3756,-5.9495,47.5923,5.6992
1989-03-07,44001,Bristol,-4.5445,-11.048,51.5593,8.1593
1989-03-08,44001,Bristol,0.1954,-8.0281,51.9675,7.0898
1989-03-09,44001,Bristol,3.2666,-6.5093,54.3241,5.8347
1989-03-10,44001,Bristol,2.389,-7.1872,59.7671,4.848
1989-03-11,44001,Bristol,4.1696,-5.6541,63.5173,2.412
1989-03-12,44001,Bristol,4.2687,-1.6385,69.9616,3.6039
1989-03-13,44001,Bristol,1.7953,-3.6099,54.3876,3.0178
1989-03-14,44001,Bristol,9.7666,-3.0764,65.4333,1.9903
1989-03-15,44001,Bristol,15.0325,2.0545,63.9804,4.6938
1989-03-16,44001,Bristol,10.3854,-0.0676,52.3388,3.1935
1989-03-17,44001,Bristol,12.4204,-0.4034,56.7587,4.7386
1989-03-18,44001,Bristol,15.3887,0.8907,74.2824,4.529
1989-03-19,44001,Bristol,7.7639,-1.6949,44.4159,4.2446
1989-03-20,44001,Bristol,4.7079,-1.4732,53.8653,3.5376
1989-03-21,44001,Bristol,8.447,0.1452,66.5055,4.3874
1989-03-22,44001,Bristol,4.1894,-1.8764,45.14,2.4072
1989-03-23,44001,Bristol,6.0426,-1.0672,49.9166,2.011
1989-03-24,44001,Bristol,5.9207,-1.0358,75.5931,6.7831
1989-03-25,44001,Bristol,9.7628,2.5452,67.3383,4.7551
1989-03-26,44001,Bristol,14.6987,2.6858,48.3257,2.8351
1989-03-27,44001,Bristol,14.9713,0.7423,57.0581,4.6288
1989-03-28,44001,Bristol,19.1705,4.2531,64.9485,5.0958
1989-03-29,44001,Bristol,18.1718,4.5378,62.7163,5.2547
1989-03-30,44001,Bristol,7.3739,3.0452,71.5351,4.4082
1989-03-31,44001,Bristol,8.6929,2.8852,72.0062,3.5339
1989-04-01,44001,Bristol,9.8494,3.268,56.0027,4.7245
1989-04-02,44001,Bristol,10.2918,1.3025,47.2665,3.6878
1989-04-03,44001,Bristol,10.5648,1.7059,78.7363,4.7086
1989-04-04,44001,Bristol,15.6029,4.3103,73.9288,3.7444
1989-04-05,44001,Bristol,21.525,7.0715,61.2614,4.5433
1989-04-06,44001,Bristol,15.7712,8.5183,73.8047,4.3855
1989-04-07,44001,Bristol,13.2694,5.5871,50.233,5.2788
1989-04-08,44001,Bristol,10.4648,3.7376,58.3823,5.6158
1989-04-09,44001,Bristol,10.1823,2.9295,65.9964,2.0419
1989-04-10,44001,Bristol,11.1855,1.5106,43.6118,3.9866
1989-04-11,44001,Bristol,7.9009,-0.8004,39.9493,2.961
1989-04-12,44001,Bristol,9.8808,1.4663,42.5226,2.4101
1989-04-13,44001,Bristol,10.1114,-0.3307,61.2044,3.2288
1989-04-14,44001,Bristol,11.262,3.0555,55.1564,1.6033
1989-04-15,44001,Bristol,12.0326,2.2029,68.3262,4.6264
1989-04-16,44001,Bristol,9.1791,4.0025,75.1302,5.9398
1989-04-17,44001,Bristol,18.0823,3.4175,53.119,3.1605
1989-04-18,44001,Bristol,20.1737,6.5358,57.5279,1.5525
1989-04-19,44001,Bristol,15.762,6.6716,51.197,1.653
1989-04-20,44001,Bristol,14.4302,1.7231,39.6912,2.6416
1989-04-21,44001,Bristol,14.673,2.5902,52.4129,2.6824
1989-04-22,44001,Bristol,10.0098,-1.3898,41.2288,4.6603
1989-04-23,44001,Bristol,8.7527,-2.9805,43.8298,5.3506
1989-04-24,44001,Bristol,11.5956,0.1193,44.518,4.3198
1989-04-25,44001,Bristol,13.1321,-0.0599,42.0683,3.2823
1989-04-26,44001,Bristol,17.5059,2.3988,45.8309,1.2669
1989-04-27,44001,Bristol,15.3209,4.9137,46.8819,2.4695
1989-04-28,44001,Bristol,13.7225,5.4213,47.2636,2.8339
1989-04-29,44001,Bristol,14.9262,4.4896,58.3557,3.0564
1989-04-30,44001,Bristol,18.1524,9.2182,61.3622,2.2179
1989-05-01,44001,Bristol,19.8272,7.9543,62.772,2.1602
1989-05-02,44001,Bristol,17.7097,10.1666,78.6428,5.2606
1989-05-03,44001,Bristol,16.7592,8.5014,52.9354,6.0836
1989-05-04,44001,Bristol,18.4195,6.2056,51.6209,3.8036
1989-05-05,44001,Bristol,15.9522,5.9198,70.5224,4.255
1989-05-06,44001,Bristol,19.738,11.929,71.6916,5.7066
1989-05-07,44001,Bristol,18.4543,7.1643,62.0165,4.3716
1989-05-08,44001,Bristol,13.133,5.4169,61.0964,4.4122
1989-05-09,44001,Bristol,16.7896,4.5279,59.3278,1.8001
1989-05-10,44001,Bristol,12.2057,8.0715,74.9761,4.3923
1989-05-11,44001,Bristol,17.081,8.0582,76.7581,4.3721
1989-05-12,44001,Bristol,19.7876,10.7555,68.8954,1.4881
1989-05-13,44001,Bristol,18.8146,11.3533,66.6596,1.6559
1989-05-14,44001,Bristol,19.0355,10.3968,62.0667,2.7022
1989-05-15,44001,Bristol,21.9544,9.2691,62.773,1.9447
1989-05-16,44001,Bristol,19.5675,11.6309,71.3949,4.5342
1989-05-17,44001,Bristol,21.0815,11.6939,61.303,4.643
1989-05-18,44001,Bristol,24.1518,9.7046,55.4855,2.7124
1989-05-19,44001,Bristol,21.2551,9.5569,61.2297,2.1585
1989-05-20,44001,Bristol,23.4175,8.912,61.186,2.8133
1989-05-21,44001,Bristol,25.535,11.1569,64.8618,3.9144
1989-05-22,44001,Bristol,24.2986,12.4802,54.6297,3.8424
1989-05-23,44001,Bristol,23.9846,10.5887,55.1468,2.0168
1989-05-24,44001,Bristol,20.9654,14.5267,70.7067,2.658
1989-05-25,44001,Bristol,23.2088,13.7855,62.9565,2.6689
1989-05-26,44001,Bristol,23.5239,12.5776,72.4676,4.3261
1989-05-27,44001,Bristol,27.3786,12.9825,60.3727,2.8936
1989-05-28,44001,Bristol,17.6792,8.7015,54.3873,4.7036
1989-05-29,44001,Bristol,22.7876,7.94,52.7173,3.86
1989-05-30,44001,Bristol,22.1396,10.157,74.9798,5.1834
1989-05-31,44001,Bristol,25.5709,15.8166,71.7341,1.664
1989-06-01,44001,Bristol,27.2505,15.8624,72.6189,1.9204
1989-06-02,44001,Bristol,29.1745,19.889,64.7546,2.9046
1989-06-03,44001,Bristol,27.3732,14.8267,60.4341,3.0432
1989-06-04,44001,Bristol,27.552,14.2348,71.919,3.5406
1989-06-05,44001,Bristol,24.6299,14.3568,62.6014,1.6455
1989-06-06,44001,Bristol,23.6218,16.2153,76.4514,2.5509
1989-06-07,44001,Bristol,20.9683,15.4162,80.7291,2.1526
1989-06-08,44001,Bristol,23.4669,16.2772,78.2734,2.4154
1989-06-09,44001,Bristol,21.2178,14.5588,80.5371,3.7965
1989-06-10,44001,Bristol,25.4208,14.998,71.8349,3.1406
1989-06-11,44001,Bristol,22.9703,12.8547,59.5231,4.5594
1989-06-12,44001,Bristol,24.814,10.6071,59.6938,3.6175
1989-06-13,44001,Bristol,18.4945,13.2098,79.1769,3.2865
1989-06-14,44001,Bristol,21.6953,12.436,67.1221,2.8188
1989-06-15,44001,Bristol,16.927,12.4747,82.757,4.5618
1989-06-16,44001,Bristol,27.1299,15.7669,74.6146,2.8968
1989-06-17,44001,Bristol,25.9142,16.8565,77.9405,3.9023
1989-06-18,44001,Bristol,25.5392,16.2079,71.1294,3.508
1989-06-19,44001,Bristol,26.493,14.7244,67.1504,1.8865
1989-06-20,44001,Bristol,25.9332,15.7757,68.3229,2.4014
1989-06-21,44001,Bristol,25.933,14.8455,76.476,2.2346
1989-06-22,44001,Bristol,29.2171,18.4282,71.8357,1.8464
1989-06-23,44001,Bristol,28.5269,18.1909,67.5061,1.5288
1989-06-24,44001,Bristol,20.9488,13.9702,77.2453,2.3157
1989-06-25,44001,Bristol,24.8893,11.9642,71.2619,2.4802
1989-06-26,44001,Bristol,28.5794,15.5086,70.6184,2.0495
1989-06-27,44001,Bristol,31.1299,18.2768,69.7696,3.236
1989-06-28,44001,Bristol,29.5233,19.0787,71.0836,3.127
1989-06-29,44001,Bristol,22.5511,16.1329,62.2723,2.9605
1989-06-30,44001,Bristol,25.1316,12.0403,54.7015,2.2717
1989-07-01,44001,Bristol,24.4312,13.0237,64.8901,1.4267
1989-07-02,44001,Bristol,28.6627,16.4396,65.8246,3.9031
1989-07-03,44001,Bristol,24.8754,15.6031,71.0384,2.8936
1989-07-04,44001,Bristol,24.8611,14.8357,74.2543,3.1288
1989-07-05,44001,Bristol,26.4651,17.1702,78.4192,2.2196
1989-07-06,44001,Bristol,28.522,19.1333,76.2606,2.3112
1989-07-07,44001,Bristol,31.6751,20.6079,70.3614,3.0112
1989-07-08,44001,Bristol,27.6474,18.7034,69.2935,2.1172
1989-07-09,44001,Bristol,26.5349,17.4931,67.541,2.8339
1989-07-10,44001,Bristol,29.0585,17.2903,79.3047,4.3145
1989-07-11,44001,Bristol,28.9098,17.869,60.1742,3.839
1989-07-12,44001,Bristol,27.1423,13.4454,62.1575,2.9876
1989-07-13,44001,Bristol,25.6889,16.7314,71.1034,2.1178
1989-07-14,44001,Bristol,26.6345,17.0579,67.3778,1.3183
1989-07-15,44001,Bristol,26.5287,16.8908,58.9749,1.871
1989-07-16,44001,Bristol,23.883,15.3644,77.5804,2.2142
1989-07-17,44001,Bristol,21.4076,15.4776,78.4443,4.3783
1989-07-18,44001,Bristol,26.1555,15.4702,70.2596,2.6916
1989-07-19,44001,Bristol,26.8526,14.9074,73.4472,2.9953
1989-07-20,44001,Bristol,25.5094,16.7469,77.8288,1.9595
1989-07-21,44001,Bristol,22.4855,18.1067,76.759,2.5471
1989-07-22,44001,Bristol,26.7696,18.4908,75.7028,2.5147
1989-07-23,44001,Bristol,31.4957,20.1501,65.3724,1.8699
1989-07-24,44001,Bristol,30.1256,17.9335,63.9262,1.9017
1989-07-25,44001,Bristol,31.1708,18.939,69.9256,3.7123
1989-07-26,44001,Bristol,32.9586,21.9467,67.3573,3.5711
1989-07-27,44001,Bristol,31.6696,22.7148,72.3556,4.2221
1989-07-28,44001,Bristol,29.8675,18.7672,69.2819,4.3857
1989-07-29,44001,Bristol,25.1188,14.372,58.0463,2.9395
1989-07-30,44001,Bristol,27.6194,14.0903,63.6151,2.8174
1989-07-31,44001,Bristol,27.2789,15.9774,66.1361,2.0013
1989-08-01,44001,Bristol,26.2006,15.4331,70.352,3.7285
1989-08-02,44001,Bristol,27.3851,14.6603,70.5423,2.3217
1989-08-03,44001,Bristol,28.5608,18.4947,72.2532,2.184
1989-08-04,44001,Bristol,29.3404,20.242,80.6965,4.3196
1989-08-05,44001,Bristol,30.8604,22.0409,75.9553,4.1111
1989-08-06,44001,Bristol,31.3121,22.0722,74.8603,3.9706
1989-08-07,44001,Bristol,30.293,21.6726,71.7887,2.3177
1989-08-08,44001,Bristol,24.4754,16.2782,62.4624,3.2764
1989-08-09,44001,Bristol,23.4601,12.5735,60.5373,2.1165
1989-08-10,44001,Bristol,25.5715,13.9732,61.7091,1.973
1989-08-11,44001,Bristol,20.4363,16.9717,79.607,3.1239
1989-08-12,44001,Bristol,26.8099,17.911,83.0733,2.7401
1989-08-13,44001,Bristol,27.7601,20.9949,76.7981,3.2451
1989-08-14,44001,Bristol,27.901,21.255,77.1922,3.2627
1989-08-15,44001,Bristol,28.5,21.5316,74.8392,2.9147
1989-08-16,44001,Bristol,29.3929,21.6174,74.4073,3.2412
1989-08-17,44001,Bristol,28.7883,19.8642,63.9369,1.4208
1989-08-18,44001,Bristol,26.5087,16.5312,65.3769,3.4588
1989-08-19,44001,Bristol,26.4711,17.264,72.5881,3.8168
1989-08-20,44001,Bristol,27.4793,19.4655,76.0197,4.285
1989-08-21,44001,Bristol,30.5494,20.4247,70.664,4.5243
1989-08-22,44001,Bristol,28.5305,19.4411,61.5308,2.6138
1989-08-23,44001,Bristol,29.7379,18.7721,67.0449,2.7227
1989-08-24,44001,Bristol,25.0816,15.7599,60.1234,3.1849
1989-08-25,44001,Bristol,21.0084,11.6535,55.4754,3.4169
1989-08-26,44001,Bristol,22.7084,10.5484,55.6226,2.8338
1989-08-27,44001,Bristol,22.7601,9.0218,58.2236,1.7045
1989-08-28,44001,Bristol,23.8194,14.6782,70.8803,2.0253
1989-08-29,44001,Bristol,27.09,17.6543,76.1246,2.9323
1989-08-30,44001,Bristol,28.7227,19.5705,70.7095,3.999
1989-08-31,44001,Bristol,23.3914,14.4201,60.2726,3.8749
1989-09-01,44001,Bristol,25.5453,13.9286,77.2417,4.9161
1989-09-02,44001,Bristol,27.6154,17.4042,64.0289,3.3575
1989-09-03,44001,Bristol,23.1746,12.9821,56.6806,2.4634
1989-09-04,44001,Bristol,21.4188,10.435,58.6232,3.6085
1989-09-05,44001,Bristol,21.7264,8.3542,61.8698,3.0381
1989-09-06,44001,Bristol,24.0494,10.4535,66.0283,1.8804
1989-09-07,44001,Bristol,24.9038,12.7508,63.5165,1.3183
1989-09-08,44001,Bristol,25.0674,12.7964,62.3551,1.2047
1989-09-09,44001,Bristol,28.0708,14.2356,66.0857,1.5463
1989-09-10,44001,Bristol,31.0409,18.0888,72.752,1.2727
1989-09-11,44001,Bristol,30.1299,22.9867,68.9705,1.1219
1989-09-12,44001,Bristol,27.511,18.5867,67.8549,1.8538
1989-09-13,44001,Bristol,26.0188,15.5192,65.4944,1.8967
1989-09-14,44001,Bristol,25.5817,16.1916,77.0514,2.1808
1989-09-15,44001,Bristol,23.7163,14.2477,80.7019,3.9445
1989-09-16,44001,Bristol,21.371,13.0129,79.874,4.5255
1989-09-17,44001,Bristol,27.4628,18.4464,69.4422,2.3044
1989-09-18,44001,Bristol,20.6188,13.629,76.4274,4.1088
1989-09-19,44001,Bristol,21.0889,13.2176,88.0463,4.3268
1989-09-20,44001,Bristol,26.0795,18.1279,82.1883,3.091
1989-09-21,44001,Bristol,26.9734,20.7978,74.6697,2.5764
1989-09-22,44001,Bristol,28.0786,20.7106,76.3082,5.2579
1989-09-23,44001,Bristol,27.2794,9.6809,82.2599,7.2074
1989-09-24,44001,Bristol,14.9188,5.7263,55.0714,4.6793
1989-09-25,44001,Bristol,18.4188,5.1293,69.4549,2.883
1989-09-26,44001,Bristol,20.1025,11.0452,82.4063,3.9016
1989-09-27,44001,Bristol,12.1999,3.2571,58.9844,5.2822
1989-09-28,44001,Bristol,16.7188,2.0997,64.3352,4.0667
1989-09-29,44001,Bristol,22.1188,10.4818,68.3796,5.8289
1989-09-30,44001,Bristol,19.214,9.708,57.7969,2.225
1989-10-01,44001,Bristol,19.8772,8.634,59.0553,2.2758
1989-10-02,44001,Bristol,22.5444,10.7197,86.0402,4.3266
1989-10-03,44001,Bristol,25.3394,6.0679,64.9995,4.581
1989-10-04,44001,Bristol,10.9708,3.9465,60.4092,6.5434
1989-10-05,44001,Bristol,15.2662,5.0743,55.3738,5.1493
1989-10-06,44001,Bristol,19.9935,6.5762,71.9679,3.4412
1989-10-07,44001,Bristol,17.2909,6.7659,61.9476,4.4564
1989-10-08,44001,Bristol,13.5681,5.5549,60.4056,3.1108
1989-10-09,44001,Bristol,12.7346,4.8267,55.9135,4.0089
1989-10-10,44001,Bristol,12.178,3.8566,61.0617,2.2965
1989-10-11,44001,Bristol,17.4551,6.1898,67.437,3.6442
1989-10-12,44001,Bristol,17.5714,4.9861,70.7562,3.814
1989-10-13,44001,Bristol,21.7662,9.0047,55.4634,3.5381
1989-10-14,44001,Bristol,19.9317,6.3473,56.8501,2.0419
1989-10-15,44001,Bristol,18.5703,8.8647,75.7038,2.1398
1989-10-16,44001,Bristol,22.8914,8.9047,75.7684,3.8858
1989-10-17,44001,Bristol,19.6324,8.5145,83.9872,3.167
1989-10-18,44001,Bristol,12.6472,5.8337,74.1121,6.7877
1989-10-19,44001,Bristol,12.0889,5.4102,80.095,8.4577
1989-10-20,44001,Bristol,19.5201,10.0028,87.4769,6.095
1989-10-21,44001,Bristol,16.8201,5.1222,60.4698,5.9192
1989-10-22,44001,Bristol,13.0565,5.1141,60.1246,5.0774
1989-10-23,44001,Bristol,14.8714,2.1725,58.7279,2.19
1989-10-24,44001,Bristol,17.0553,4.144,61.6732,2.0664
1989-10-25,44001,Bristol,18.588,4.7009,57.8104,1.8921
1989-10-26,44001,Bristol,20.4632,5.0269,56.6459,2.209
1989-10-27,44001,Bristol,20.569,7.1521,66.4094,2.1541
1989-10-28,44001,Bristol,23.882,9.6102,63.072,2.3294
1989-10-29,44001,Bristol,23.0821,10.0055,59.2014,1.9166
1989-10-30,44001,Bristol,21.9943,8.962,64.4157,2.5216
1989-10-31,44001,Bristol,21.0861,10.3471,83.0098,4.7799
1989-11-01,44001,Bristol,17.4036,5.0356,57.6941,5.2973
1989-11-02,44001,Bristol,11.6341,2.3074,57.1545,2.8068
1989-11-03,44001,Bristol,12.67,3.8202,72.9995,3.5472
1989-11-04,44001,Bristol,5.9692,-1.5439,45.6543,3.1763
1989-11-05,44001,Bristol,10.9153,0.6852,57.3716,2.0043
1989-11-06,44001,Bristol,17.1419,4.8814,70.094,4.47
1989-11-07,44001,Bristol,15.4481,5.6327,61.1647,2.2914
1989-11-08,44001,Bristol,15.8879,9.2449,68.8764,2.4235
1989-11-09,44001,Bristol,19.4562,11.1962,72.4656,5.2628
1989-11-10,44001,Bristol,13.2555,5.7412,56.2963,4.5374
1989-11-11,44001,Bristol,11.3929,2.1476,62.1741,6.4198
1989-11-12,44001,Bristol,11.2957,0.5578,53.073,6.2677
1989-11-13,44001,Bristol,9.1872,-0.9705,59.9465,4.2349
1989-11-14,44001,Bristol,19.6776,7.1002,66.5752,5.3493
1989-11-15,44001,Bristol,19.51,10.8677,69.4035,5.9343
1989-11-16,44001,Bristol,19.1374,9.5016,70.0655,8.0433
1989-11-17,44001,Bristol,10.0305,0.1393,43.6426,5.7911
1989-11-18,44001,Bristol,9.423,-0.3566,49.7606,5.2336
1989-11-19,44001,Bristol,2.8477,-2.2018,44.5079,5.1281
1989-11-20,44001,Bristol,9.8743,-0.5662,76.1406,7.0866
1989-11-21,44001,Bristol,9.1042,-6.3328,37.5267,10.8715
1989-11-22,44001,Bristol,1.0452,-6.3049,42.0923,4.7536
1989-11-23,44001,Bristol,0.3607,-5.4734,60.8952,7.2167
1989-11-24,44001,Bristol,0.3292,-5.788,44.0848,4.6853
1989-11-25,44001,Bristol,5.2617,-2.7957,61.5863,5.2114
1989-11-26,44001,Bristol,6.1132,0.0557,68.8494,4.2783
1989-11-27,44001,Bristol,4.2727,-2.0124,48.9913,3.6763
1989-11-28,44001,Bristol,14.564,0.2816,69.6437,7.0708
1989-11-29,44001,Bristol,3.799,-6.2252,37.44,5.6756
1989-11-30,44001,Bristol,3.208,-6.7019,46.2075,6.152
1989-12-01,44001,Bristol,0.5487,-10.2678,27.3038,6.6031
1989-12-02,44001,Bristol,4.8543,-11.9921,54.4013,4.0266
1989-12-03,44001,Bristol,5.2541,-9.5208,52.1723,6.937
1989-12-04,44001,Bristol,-5.0903,-12.1638,38.3621,8.3164
1989-12-05,44001,Bristol,-1.0845,-10.003,39.9208,4.2265
1989-12-06,44001,Bristol,5.6592,-6.7182,61.9725,3.3995
1989-12-07,44001,Bristol,5.2574,-8.9687,42.691,6.7333
1989-12-08,44001,Bristol,-3.1527,-10.6431,25.436,4.8921
1989-12-09,44001,Bristol,-4.0674,-12.1412,39.4375,4.8042
1989-12-10,44001,Bristol,-0.4281,-9.5275,47.0416,3.4672
1989-12-11,44001,Bristol,3.0826,-4.7705,47.38,3.1537
1989-12-12,44001,Bristol,1.0716,-4.297,41.5327,3.1937
1989-12-13,44001,Bristol,-1.0485,-9.599,33.2828,5.9084
1989-12-14,44001,Bristol,-4.1892,-12.1089,31.7472,5.6903
1989-12-15,44001,Bristol,-0.8678,-10.2868,47.617,3.9531
1989-12-16,44001,Bristol,3.1896,-9.5093,52.6423,8.6915
1989-12-17,44001,Bristol,-1.5653,-9.55,42.7906,7.5225
1989-12-18,44001,Bristol,-2.2563,-10.2995,44.471,5.359
1989-12-19,44001,Bristol,-2.1323,-10.7402,45.8023,2.577
1989-12-20,44001,Bristol,-1.8717,-8.273,46.1556,4.4602
1989-12-21,44001,Bristol,-5.6109,-11.8379,36.7028,5.8976
1989-12-22,44001,Bristol,-8.8766,-15.4224,34.3037,7.1693
1989-12-23,44001,Bristol,-6.9563,-16.4273,42.7407,5.1375
1989-12-24,44001,Bristol,-4.5755,-15.0483,48.5572,4.8755
1989-12-25,44001,Bristol,-1.2554,-13.4995,50.3176,5.0303
1989-12-26,44001,Bristol,1.1998,-9.015,53.7873,6.672
1989-12-27,44001,Bristol,-5.6142,-16.0153,38.5786,4.7486
1989-12-28,44001,Bristol,-3.8829,-8.5799,61.3844,4.1038
1989-12-29,44001,Bristol,-3.494,-9.3182,100.0,3.1014
1989-12-30,44001,Bristol,1.6733,-6.9263,72.5256,4.2517
1989-12-31,44001,Bristol,6.0162,-1.183,65.3668,3.9269
1990-01-01,44001,Bristol,6.2096,-3.3033,65.2536,7.1925
1990-01-02,44001,Bristol,3.2908,-4.1736,55.9846,6.3853
1990-01-03,44001,Bristol,6.3896,-2.6445,60.2401,3.7332
1990-01-04,44001,Bristol,8.3738,-0.9979,70.6755,5.355
1990-01-05,44001,Bristol,8.2498,-0.7847,60.905,3.112
1990-01-06,44001,Bristol,5.6929,-1.7038,54.7566,2.7236
1990-01-07,44001,Bristol,4.2354,-3.5067,58.6647,4.3423
1990-01-08,44001,Bristol,7.6122,-1.5525,66.1309,2.6427
1990-01-09,44001,Bristol,6.6908,-1.7437,73.1556,3.4452
1990-01-10,44001,Bristol,9.31,0.1302,75.263,4.1716
1990-01-11,44001,Bristol,7.3062,-1.1752,70.1774,4.3928
1990-01-12,44001,Bristol,7.2713,-1.4736,56.7986,4.5058
1990-01-13,44001,Bristol,2.0913,-6.0114,43.444,6.6522
1990-01-14,44001,Bristol,-1.0697,-7.6184,40.3965,4.3747
1990-01-15,44001,Bristol,5.0244,-4.5003,75.3359,3.176
1990-01-16,44001,Bristol,8.3499,-0.8758,64.4682,2.338
1990-01-17,44001,Bristol,9.9011,0.4057,72.8203,3.0661
1990-01-18,44001,Bristol,15.9916,3.5574,64.5172,4.8618
1990-01-19,44001,Bristol,6.017,-4.0878,46.6628,4.4531
1990-01-20,44001,Bristol,4.3439,-4.195,69.8638,2.1416
1990-01-21,44001,Bristol,3.7503,-1.543,78.181,3.8133
1990-01-22,44001,Bristol,3.8001,-2.0437,77.94,2.8252
1990-01-23,44001,Bristol,7.4391,-1.4162,63.16,2.753
1990-01-24,44001,Bristol,9.2601,-0.3859,69.3394,3.8831
1990-01-25,44001,Bristol,7.2458,1.238,78.16,2.9996
1990-01-26,44001,Bristol,8.154,0.6807,77.0045,5.2628
1990-01-27,44001,Bristol,6.5155,-1.5644,58.3243,5.0368
1990-01-28,44001,Bristol,9.713,-0.2381,59.3369,4.4555
1990-01-29,44001,Bristol,6.4556,-0.0845,72.5029,4.6022
1990-01-30,44001,Bristol,10.245,-0.4226,64.9578,4.9874
1990-01-31,44001,Bristol,6.8421,-1.9394,59.993,1.0862
1990-02-01,44001,Bristol,9.4179,-2.0583,69.2918,4.8604
1990-02-02,44001,Bristol,8.4532,0.4433,74.0672,3.5358
1990-02-03,44001,Bristol,3.135,-3.4472,56.223,4.5051
1990-02-04,44001,Bristol,2.538,-4.112,75.3088,6.5954
1990-02-05,44001,Bristol,-0.2938,-6.7771,57.0499,4.2873
1990-02-06,44001,Bristol,6.6456,-4.6668,60.7293,4.8536
1990-02-07,44001,Bristol,7.8334,-2.3515,64.8297,2.075
1990-02-08,44001,Bristol,9.4951,-2.3579,57.4282,2.9579
1990-02-09,44001,Bristol,13.097,-0.8992,68.9032,5.6689
1990-02-10,44001,Bristol,12.5604,2.52,73.4985,5.6488
1990-02-11,44001,Bristol,6.2679,-2.7202,41.9159,3.604
1990-02-12,44001,Bristol,4.2229,-2.9472,45.1956,2.8598
1990-02-13,44001,Bristol,6.7439,-3.3079,58.7819,5.285
1990-02-14,44001,Bristol,13.1347,0.7692,52.5003,4.3516
1990-02-15,44001,Bristol,3.133,-2.242,70.4986,5.0607
1990-02-16,44001,Bristol,9.9464,0.1982,75.0759,1.8439
1990-02-17,44001,Bristol,7.7523,-6.569,52.8171,6.7099
1990-02-18,44001,Bristol,1.2129,-9.169,50.616,4.7514
1990-02-19,44001,Bristol,9.6551,-1.8222,53.9996,6.6602
1990-02-20,44001,Bristol,0.5418,-7.9768,27.216,7.0391
1990-02-21,44001,Bristol,4.885,-9.166,47.2549,5.2082
1990-02-22,44001,Bristol,10.8049,-1.2911,75.8419,7.3444
1990-02-23,44001,Bristol,16.6934,5.9544,71.7619,6.4269
1990-02-24,44001,Bristol,9.5347,-3.7472,55.4813,4.4956
1990-02-25,44001,Bristol,0.5822,-10.1505,68.1577,6.9737
1990-02-26,44001,Bristol,-5.887,-15.4283,45.2357,4.4288
1990-02-27,44001,Bristol,3.2822,-11.0668,63.6173,5.0354
1990-02-28,44001,Bristol,2.1743,-3.7573,47.7838,4.7481
1990-03-01,44001,Bristol,1.97,-5.5773,40.3791,6.1326
1990-03-02,44001,Bristol,9.0962,-2.1738,55.6353,6.8063
1990-03-03,44001,Bristol,11.5175,-0.4558,55.6056,1.5825
1990-03-04,44001,Bristol,3.3818,-4.3872,41.8667,4.8358
1990-03-05,44001,Bristol,0.64,-5.2505,32.1854,2.2727
1990-03-06,44001,Bristol,0.933,-5.1603,53.45,5.711
1990-03-07,44001,Bristol,-0.2337,-9.0973,34.0367,5.2163
1990-03-08,44001,Bristol,3.5851,-7.7493,36.3484,3.4075
1990-03-09,44001,Bristol,8.6011,-2.7037,41.2444,2.3496
1990-03-10,44001,Bristol,10.3995,-1.6138,56.6486,2.6104
1990-03-11,44001,Bristol,15.5671,1.245,59.6754,3.0857
1990-03-12,44001,Bristol,7.9663,2.4832,68.333,1.9221
1990-03-13,44001,Bristol,23.756,1.3285,50.7061,2.7227
1990-03-14,44001,Bristol,13.7668,3.1671,61.2602,3.343
1990-03-15,44001,Bristol,22.5408,3.3057,53.3921,2.7122
1990-03-16,44001,Bristol,21.383,6.174,58.8672,3.6824
1990-03-17,44001,Bristol,20.4395,8.3493,64.7273,6.6458
1990-03-18,44001,Bristol,14.64,3.8703,61.7779,5.4752
1990-03-19,44001,Bristol,11.4162,0.4851,50.8031,2.7789
1990-03-20,44001,Bristol,11.2663,4.7149,68.6014,3.4321
1990-03-21,44001,Bristol,9.9741,0.0356,56.1278,5.2684
1990-03-22,44001,Bristol,11.0335,-0.8875,55.9661,4.1478
1990-03-23,44001,Bristol,18.215,1.3262,43.9886,6.2566
1990-03-24,44001,Bristol,4.9881,-1.6439,40.3791,2.947
1990-03-25,44001,Bristol,6.415,-0.4748,49.6855,2.49
1990-03-26,44001,Bristol,10.604,-0.811,38.5979,5.0373
1990-03-27,44001,Bristol,3.0663,-4.6718,32.9595,3.2325
1990-03-28,44001,Bristol,7.0851,-4.3863,39.7053,3.8831
1990-03-29,44001,Bristol,6.5486,-2.6857,44.4048,3.5202
1990-03-30,44001,Bristol,5.4471,-0.8669,66.6929,5.736
1990-03-31,44001,Bristol,7.6249,3.4112,66.5788,3.3166
1990-04-01,44001,Bristol,11.612,2.3577,59.4328,2.1199
1990-04-02,44001,Bristol,8.6739,3.7473,67.1893,2.0634
1990-04-03,44001,Bristol,8.2927,3.0854,81.7814,5.0349
1990-04-04,44001,Bristol,11.5131,4.3363,70.4254,5.4619
1990-04-05,44001,Bristol,13.5711,3.6141,50.5434,5.2781
1990-04-06,44001,Bristol,11.3685,2.5064,58.012,2.621
1990-04-07,44001,Bristol,6.9058,0.8395,50.9421,4.028
1990-04-08,44001,Bristol,6.9341,-1.1497,46.4323,4.774
1990-04-09,44001,Bristol,12.9582,-0.8452,47.4642,4.9607
1990-04-10,44001,Bristol,13.3044,3.7761,70.5932,7.4147
1990-04-11,44001,Bristol,15.49,6.4252,63.4876,6.5195
1990-04-12,44001,Bristol,9.6992,1.9082,38.1121,5.0343
1990-04-13,44001,Bristol,7.3448,-1.0778,45.8737,3.0635
1990-04-14,44001,Bristol,10.557,1.7905,59.6507,3.9639
1990-04-15,44001,Bristol,15.7393,5.3736,75.9609,4.306
1990-04-16,44001,Bristol,16.8311,6.1573,52.0161,2.7047
1990-04-17,44001,Bristol,13.6389,3.6716,67.722,4.4226
1990-04-18,44001,Bristol,9.2685,-0.2072,41.8053,4.7984
1990-04-19,44001,Bristol,11.4791,-0.7715,45.5226,3.548
1990-04-20,44001,Bristol,12.9721,1.7108,66.5298,5.5741
1990-04-21,44001,Bristol,14.6013,7.5861,76.2735,4.1906
1990-04-22,44001,Bristol,15.737,7.0236,57.9755,2.827
1990-04-23,44001,Bristol,20.679,5.4937,50.9654,2.2542
1990-04-24,44001,Bristol,15.6999,6.3879,51.0655,2.2036
1990-04-25,44001,Bristol,11.2529,4.4975,72.7507,3.3428
1990-04-26,44001,Bristol,20.3467,8.5033,60.2678,1.7125
1990-04-27,44001,Bristol,28.0329,8.3928,53.5735,3.702
1990-04-28,44001,Bristol,31.3603,11.7077,44.1069,2.864
1990-04-29,44001,Bristol,16.6152,7.1627,62.7494,4.9591
1990-04-30,44001,Bristol,16.4978,8.3211,70.083,2.9701
1990-05-01,44001,Bristol,19.0071,10.0,72.3505,2.2391
1990-05-02,44001,Bristol,19.765,9.178,47.5441,3.1222
1990-05-03,44001,Bristol,16.243,4.268,46.1358,1.9911
1990-05-04,44001,Bristol,16.4687,5.7034,58.5952,3.2758
1990-05-05,44001,Bristol,17.7786,8.2431,68.9404,3.085
1990-05-06,44001,Bristol,16.0982,6.6101,54.7947,3.702
1990-05-07,44001,Bristol,17.0761,6.505,56.7436,3.5608
1990-05-08,44001,Bristol,16.626,7.3379,61.1012,2.6843
1990-05-09,44001,Bristol,24.0896,9.3337,62.4654,4.6016
1990-05-10,44001,Bristol,20.6956,12.0852,73.6014,6.5184
1990-05-11,44001,Bristol,17.0603,8.2666,59.6527,6.8001
1990-05-12,44001,Bristol,16.6935,5.0833,53.3246,3.8095
1990-05-13,44001,Bristol,19.0883,8.4363,75.4259,4.865
1990-05-14,44001,Bristol,21.4793,10.7662,57.0517,3.4079
1990-05-15,44001,Bristol,21.8638,8.1346,56.5589,3.0256
1990-05-16,44001,Bristol,19.1935,8.5047,77.9702,2.9122
1990-05-17,44001,Bristol,18.2173,12.4074,73.1157,2.654
1990-05-18,44001,Bristol,19.648,9.8879,61.2235,3.6876
1990-05-19,44001,Bristol,15.6949,8.0552,60.7908,4.3741
1990-05-20,44001,Bristol,14.8714,7.0844,64.59,3.1037
1990-05-21,44001,Bristol,9.4636,6.8477,75.1296,5.4177
1990-05-22,44001,Bristol,14.0683,5.9759,68.3753,1.9898
1990-05-23,44001,Bristol,11.4966,8.2337,69.0701,2.575
1990-05-24,44001,Bristol,15.1978,7.7431,61.8494,2.3923
1990-05-25,44001,Bristol,20.5317,8.5101,56.8525,1.8159
1990-05-26,44001,Bristol,22.682,8.373,60.94,2.9462
1990-05-27,44001,Bristol,21.5597,8.0522,63.1137,2.2835
1990-05-28,44001,Bristol,22.5869,8.7208,58.6015,1.9413
1990-05-29,44001,Bristol,18.275,9.3178,80.565,3.4776
1990-05-30,44001,Bristol,18.1598,7.4386,65.2404,5.3765
1990-05-31,44001,Bristol,20.9667,5.8172,51.6015,3.7448
1990-06-01,44001,Bristol,25.3772,10.092,53.7893,4.2533
1990-06-02,44001,Bristol,26.25,12.1968,68.6188,5.2804
1990-06-03,44001,Bristol,23.528,15.1177,71.7936,6.5686
1990-06-04,44001,Bristol,25.9968,13.9852,62.964,4.8215
1990-06-05,44001,Bristol,19.5161,9.2553,53.0022,3.1897
1990-06-06,44001,Bristol,19.0398,8.6504,68.681,3.9863
1990-06-07,44001,Bristol,26.3618,12.7034,63.7986,3.2416
1990-06-08,44001,Bristol,24.3829,12.1803,57.1135,1.8671
1990-06-09,44001,Bristol,26.673,14.9918,74.5486,2.5934
1990-06-10,44001,Bristol,27.4461,18.0972,65.0561,1.4146
1990-06-11,44001,Bristol,17.8248,12.757,75.1992,4.3588
1990-06-12,44001,Bristol,20.63,10.464,57.3186,3.811
1990-06-13,44001,Bristol,24.1424,9.8083,49.3882,1.3407
1990-06-14,44001,Bristol,23.3617,9.0378,61.9223,1.981
1990-06-15,44001,Bristol,24.2047,11.8205,69.8518,1.6529
1990-06-16,44001,Bristol,25.9724,14.7342,67.3273,1.719
1990-06-17,44001,Bristol,26.0116,14.5146,68.193,2.1542
1990-06-18,44001,Bristol,25.3132,15.4505,72.1065,4.2434
1990-06-19,44001,Bristol,25.6012,17.7804,72.5998,3.2832
1990-06-20,44001,Bristol,24.9435,17.1169,72.5949,0.8675
1990-06-21,44001,Bristol,24.2288,18.2504,72.2893,1.8641
1990-06-22,44001,Bristol,28.387,16.4128,65.2827,2.9475
1990-06-23,44001,Bristol,27.8866,18.2761,74.1308,3.9933
1990-06-24,44001,Bristol,28.5031,18.8132,64.4292,3.3221
1990-06-25,44001,Bristol,25.8759,16.9652,62.1148,3.762
1990-06-26,44001,Bristol,27.2021,15.3365,63.13,3.793
1990-06-27,44001,Bristol,27.7886,17.1172,69.0533,4.554
1990-06-28,44001,Bristol,28.502,19.08,58.9297,2.8398
1990-06-29,44001,Bristol,23.4146,17.4958,68.4704,1.8921
1990-06-30,44001,Bristol,26.8774,17.8699,67.0826,2.003
1990-07-01,44001,Bristol,25.794,17.0711,71.2951,1.7493
1990-07-02,44001,Bristol,22.0719,14.1977,71.5535,3.9815
1990-07-03,44001,Bristol,27.1598,11.5666,71.4042,4.1415
1990-07-04,44001,Bristol,29.3109,18.2054,74.6484,5.6189
1990-07-05,44001,Bristol,32.4449,19.4817,60.7614,3.4419
1990-07-06,44001,Bristol,22.5625,14.8698,62.1784,2.0473
1990-07-07,44001,Bristol,23.6146,14.7404,60.9796,1.8763
1990-07-08,44001,Bristol,24.6317,15.5643,63.2556,3.3958
1990-07-09,44001,Bristol,29.197,17.6556,78.4989,5.1218
1990-07-10,44001,Bristol,29.6858,18.3965,60.0342,3.5662
1990-07-11,44001,Bristol,24.6277,15.0478,60.5462,2.0199
1990-07-12,44001,Bristol,19.0417,16.1355,81.0603,3.044
1990-07-13,44001,Bristol,22.3708,15.9102,68.4148,3.0931
1990-07-14,44001,Bristol,21.9993,14.3617,78.0463,1.8703
1990-07-15,44001,Bristol,29.5035,18.6194,77.8663,3.7527
1990-07-16,44001,Bristol,30.4749,20.7043,69.731,4.4605
1990-07-17,44001,Bristol,29.2498,18.3872,66.5083,3.3873
1990-07-18,44001,Bristol,31.8426,19.4654,65.4872,3.7126
1990-07-19,44001,Bristol,32.375,20.2042,65.9261,3.9309
1990-07-20,44001,Bristol,31.9598,20.3788,68.853,4.3783
1990-07-21,44001,Bristol,30.4228,22.2142,65.5995,2.0473
1990-07-22,44001,Bristol,27.952,21.1064,74.737,2.0192
1990-07-23,44001,Bristol,28.4861,19.9354,82.8021,3.0592
1990-07-24,44001,Bristol,28.1921,23.0154,79.0528,2.2522
1990-07-25,44001,Bristol,28.0928,22.4437,73.4915,1.7576
1990-07-26,44001,Bristol,26.7017,20.9653,75.6049,1.8999
1990-07-27,44001,Bristol,25.295,18.0983,73.264,2.2634
1990-07-28,44001,Bristol,27.5128,16.7946,72.9652,2.759
1990-07-29,44001,Bristol,27.672,18.1887,71.3735,2.3138
1990-07-30,44001,Bristol,27.1434,16.4965,72.3655,2.9259
1990-07-31,44001,Bristol,28.1032,16.829,72.2197,3.5945
1990-08-01,44001,Bristol,28.993,16.3414,65.8756,3.0676
1990-08-02,44001,Bristol,28.2359,12.9762,60.8668,3.135
1990-08-03,44001,Bristol,30.6627,16.9466,64.294,2.76
1990-08-04,44001,Bristol,31.1627,19.1577,64.3966,2.3465
1990-08-05,44001,Bristol,29.0647,18.4364,71.4761,3.3993
1990-08-06,44001,Bristol,27.433,19.491,79.7228,3.8836
1990-08-07,44001,Bristol,26.7171,17.8638,78.534,2.1969
1990-08-08,44001,Bristol,26.2889,18.8357,82.6289,0.8902
1990-08-09,44001,Bristol,27.5198,20.7586,74.131,1.3941
1990-08-10,44001,Bristol,27.6138,19.4308,79.261,2.4013
1990-08-11,44001,Bristol,27.1837,22.4182,78.0513,3.5761
1990-08-12,44001,Bristol,30.3487,21.4123,69.4499,2.6196
1990-08-13,44001,Bristol,30.124,19.6586,72.3152,3.478
1990-08-14,44001,Bristol,29.0938,19.0586,67.4605,3.0381
1990-08-15,44001,Bristol,27.7983,16.4139,60.7413,2.6299
1990-08-16,44001,Bristol,29.4078,16.3576,65.6507,2.2434
1990-08-17,44001,Bristol,30.0229,20.2307,69.5785,2.7148
1990-08-18,44001,Bristol,29.7974,19.9598,73.2574,3.8678
1990-08-19,44001,Bristol,25.8655,15.6698,74.9577,4.8567
1990-08-20,44001,Bristol,23.0016,14.7614,69.0817,5.7558
1990-08-21,44001,Bristol,21.0938,17.3136,79.2497,5.658
1990-08-22,44001,Bristol,26.0788,16.9461,67.6184,4.3504
1990-08-23,44001,Bristol,22.7911,17.7008,81.7007,3.7663
1990-08-24,44001,Bristol,25.9217,19.7072,82.5772,3.5643
1990-08-25,44001,Bristol,25.9245,19.8572,79.7916,1.5737
1990-08-26,44001,Bristol,26.559,20.6415,75.4346,1.4316
1990-08-27,44001,Bristol,31.3674,21.1248,70.312,1.8925
1990-08-28,44001,Bristol,30.4882,21.5819,66.6911,2.2952
1990-08-29,44001,Bristol,31.286,20.5953,63.3441,3.372
1990-08-30,44001,Bristol,27.6843,17.7164,59.6719,2.2067
1990-08-31,44001,Bristol,26.6985,15.3321,63.7157,1.1219
1990-09-01,44001,Bristol,27.0161,15.8539,60.0181,1.2858
1990-09-02,44001,Bristol,29.753,15.3865,73.5212,3.2602
1990-09-03,44001,Bristol,23.3025,13.499,75.0185,5.067
1990-09-04,44001,Bristol,23.381,11.9704,59.8772,3.3669
1990-09-05,44001,Bristol,25.1301,11.507,73.3312,2.5404
1990-09-06,44001,Bristol,24.8342,18.0663,77.5925,1.8934
1990-09-07,44001,Bristol,28.8018,18.9198,76.4302,4.7049
1990-09-08,44001,Bristol,19.8717,7.5766,63.2821,4.7488
1990-09-09,44001,Bristol,21.6144,6.6116,73.2651,2.4508
1990-09-10,44001,Bristol,26.8194,15.9389,72.3095,2.5944
1990-09-11,44001,Bristol,27.5113,15.0198,66.7519,1.5746
1990-09-12,44001,Bristol,24.9492,14.4795,74.0871,2.6104
1990-09-13,44001,Bristol,28.9024,15.4113,66.7332,1.7262
1990-09-14,44001,Bristol,26.694,14.1616,72.784,3.1692
1990-09-15,44001,Bristol,24.8862,15.2098,74.1208,4.0752
1990-09-16,44001,Bristol,20.781,10.9799,64.1049,2.4904
1990-09-17,44001,Bristol,16.7976,8.4827,63.3357,4.9043
1990-09-18,44001,Bristol,14.4985,6.1894,55.2241,4.9537
1990-09-19,44001,Bristol,18.3066,3.4473,69.4012,3.5593
1990-09-20,44001,Bristol,20.6509,13.7873,65.2291,4.521
1990-09-21,44001,Bristol,18.7161,10.3291,64.6369,2.4055
1990-09-22,44001,Bristol,18.5144,12.9724,89.0941,3.8488
1990-09-23,44001,Bristol,21.6686,12.4879,66.3695,4.2844
1990-09-24,44001,Bristol,16.8315,8.3388,65.9101,4.0057
1990-09-25,44001,Bristol,20.2272,8.7724,65.5009,3.4898
1990-09-26,44001,Bristol,22.6272,12.0753,81.4916,3.3171
1990-09-27,44001,Bristol,23.092,14.4171,72.9391,1.7139
1990-09-28,44001,Bristol,24.0441,13.6335,67.85,1.3922
1990-09-29,44001,Bristol,24.6302,12.8631,71.4153,3.1331
1990-09-30,44001,Bristol,24.5092,14.2464,77.5781,3.2028
1990-10-01,44001,Bristol,19.5102,8.6302,59.4195,3.3334
1990-10-02,44001,Bristol,20.2134,7.8463,51.3003,5.4484
1990-10-03,44001,Bristol,18.9383,5.4156,56.7547,3.6886
1990-10-04,44001,Bristol,21.6712,10.542,76.8551,6.0862
1990-10-05,44001,Bristol,21.9971,12.6544,56.1431,4.774
1990-10-06,44001,Bristol,26.8491,12.196,57.5997,5.3042
1990-10-07,44001,Bristol,26.8834,14.4003,60.2041,4.554
1990-10-08,44001,Bristol,27.0162,15.1405,66.5564,3.0838
1990-10-09,44001,Bristol,23.1035,15.2447,78.6487,3.9
1990-10-10,44001,Bristol,26.4661,13.564,69.1501,2.8092
1990-10-11,44001,Bristol,24.8707,13.3876,72.3896,3.4946
1990-10-12,44001,Bristol,26.9921,15.6808,69.8172,2.3951
1990-10-13,44001,Bristol,24.1687,17.1191,73.0165,2.1668
1990-10-14,44001,Bristol,25.9531,15.8328,70.4414,1.4482
1990-10-15,44001,Bristol,24.4778,11.5253,62.0228,3.8166
1990-10-16,44001,Bristol,18.0732,8.1481,49.89,3.3907
1990-10-17,44001,Bristol,19.386,7.8213,62.4531,4.2796
1990-10-18,44001,Bristol,23.6762,13.5937,75.9846,6.7769
1990-10-19,44001,Bristol,18.8715,3.8361,53.9344,7.6515
1990-10-20,44001,Bristol,12.5083,2.0533,49.0941,3.1586
1990-10-21,44001,Bristol,16.2271,4.997,63.6687,2.9579
1990-10-22,44001,Bristol,20.7306,8.9973,77.5017,2.5657
1990-10-23,44001,Bristol,20.6964,15.5516,78.235,3.0191
1990-10-24,44001,Bristol,20.586,10.1475,76.4347,4.0999
1990-10-25,44001,Bristol,15.1683,7.0968,67.8928,3.6378
1990-10-26,44001,Bristol,9.7527,5.1011,74.2869,8.7937
1990-10-27,44001,Bristol,7.8216,1.1755,54.7926,4.2222
1990-10-28,44001,Bristol,14.7665,1.6665,67.7413,4.0051
1990-10-29,44001,Bristol,9.3641,1.086,63.5774,7.1223
1990-10-30,44001,Bristol,10.5531,-0.5921,61.6353,4.2099
1990-10-31,44001,Bristol,14.9713,3.0862,47.9654,3.3682
1990-11-01,44001,Bristol,16.3621,1.6899,52.0066,2.8115
1990-11-02,44001,Bristol,21.9757,8.4145,57.2101,3.655
1990-11-03,44001,Bristol,24.6089,10.039,47.9779,3.3063
1990-11-04,44001,Bristol,24.6197,11.3652,49.0276,3.6899
1990-11-05,44001,Bristol,14.3348,8.0557,62.1564,4.6174
1990-11-06,44001,Bristol,16.7203,3.7462,61.1379,6.952
1990-11-07,44001,Bristol,9.6089,0.7834,49.8266,3.2134
1990-11-08,44001,Bristol,7.693,-1.0637,56.5726,5.6063
1990-11-09,44001,Bristol,8.281,-1.6426,49.5167,3.2111
1990-11-10,44001,Bristol,15.0265,3.7104,79.0957,6.6755
1990-11-11,44001,Bristol,11.2167,3.0272,47.7405,8.7488
1990-11-12,44001,Bristol,7.041,-0.1258,41.801,9.3185
1990-11-13,44001,Bristol,4.0602,-2.1654,41.9967,8.612
1990-11-14,44001,Bristol,4.7599,-2.5959,44.9828,4.9043
1990-11-15,44001,Bristol,14.031,0.1466,56.0726,5.2273
1990-11-16,44001,Bristol,19.5123,4.3338,54.3865,3.7856
1990-11-17,44001,Bristol,18.4102,6.6748,54.669,3.7911
1990-11-18,44001,Bristol,8.7462,3.3097,58.2736,8.6026
1990-11-19,44001,Bristol,7.3651,-0.1258,52.7966,6.6435
1990-11-20,44001,Bristol,9.1994,-1.0372,47.2586,4.6984
1990-11-21,44001,Bristol,9.2806,-1.0026,52.5894,3.5267
1990-11-22,44001,Bristol,8.8011,-0.0936,62.6791,2.0417
1990-11-23,44001,Bristol,12.3695,4.1862,78.8318,3.5711
1990-11-24,44001,Bristol,12.9699,3.9663,57.2581,5.1522
1990-11-25,44001,Bristol,15.4089,1.4641,54.3917,5.3861
1990-11-26,44001,Bristol,9.9206,0.7742,44.0691,3.2195
1990-11-27,44001,Bristol,15.2459,0.7837,69.2919,3.9367
1990-11-28,44001,Bristol,19.7197,8.6111,66.6899,5.6522
1990-11-29,44001,Bristol,17.9355,4.7008,55.4705,4.1868
1990-11-30,44001,Bristol,5.9171,-2.3358,44.6639,4.7791
1990-12-01,44001,Bristol,10.7068,-1.8082,54.7766,5.0108
1990-12-02,44001,Bristol,13.9934,1.1635,45.6916,3.0846
1990-12-03,44001,Bristol,7.3635,-1.2149,65.4306,6.5281
1990-12-04,44001,Bristol,15.6677,4.7865,73.7697,8.0192
1990-12-05,44001,Bristol,6.6679,-2.0991,40.3887,6.9714
1990-12-06,44001,Bristol,7.5923,-2.0627,51.4151,4.9327
1990-12-07,44001,Bristol,8.3019,-0.8734,56.9449,1.4576
1990-12-08,44001,Bristol,9.0812,2.557,72.1076,4.1127
1990-12-09,44001,Bristol,6.8425,-1.4943,57.157,5.097
1990-12-10,44001,Bristol,11.1311,-1.4833,48.5656,6.6689
1990-12-11,44001,Bristol,2.8905,-4.9816,34.0415,4.8569
1990-12-12,44001,Bristol,7.5882,-1.3708,51.815,2.4218
1990-12-13,44001,Bristol,12.2495,1.4754,62.9033,5.0932
1990-12-14,44001,Bristol,5.7624,-4.0944,35.6509,4.3798
1990-12-15,44001,Bristol,7.8274,-3.3893,70.4588,4.4048
1990-12-16,44001,Bristol,8.9247,0.7598,68.0417,5.6729
1990-12-17,44001,Bristol,8.0787,-2.0227,56.8625,3.6934
1990-12-18,44001,Bristol,12.306,-0.0448,79.1244,6.2677
1990-12-19,44001,Bristol,12.5924,1.933,58.7046,4.9302
1990-12-20,44001,Bristol,4.3905,-3.1601,55.5332,4.0506
1990-12-21,44001,Bristol,12.0779,-0.6971,77.2729,4.2356
1990-12-22,44001,Bristol,17.4525,9.1511,70.6188,5.3957
1990-12-23,44001,Bristol,16.5978,9.772,73.8285,5.852
1990-12-24,44001,Bristol,16.2333,-1.4517,64.4733,7.467
1990-12-25,44001,Bristol,2.2311,-2.8575,42.8687,3.418
1990-12-26,44001,Bristol,4.2982,-2.2672,38.406,4.8526
1990-12-27,44001,Bristol,-0.0741,-5.4645,33.8767,3.2671
1990-12-28,44001,Bristol,3.6982,-3.3131,75.7462,5.7802
1990-12-29,44001,Bristol,7.5975,-0.9035,74.7136,3.9979
1990-12-30,44001,Bristol,15.0422,4.0762,75.2581,6.2175
1990-12-31,44001,Bristol,12.7357,-5.2732,59.4913,5.5051
1991-01-01,44001,Bristol,1.4286,-6.6892,46.147,2.6622
1991-01-02,44001,Bristol,8.5744,-2.4707,63.4542,2.6886
1991-01-03,44001,Bristol,4.9385,-3.3754,53.7736,2.8866
1991-01-04,44001,Bristol,2.3837,-5.1847,47.0167,3.9357
1991-01-05,44001,Bristol,4.1825,-5.0565,55.4054,2.961
1991-01-06,44001,Bristol,6.8021,-0.7536,63.9902,2.9068
1991-01-07,44001,Bristol,3.735,-5.9834,49.4287,4.8821
1991-01-08,44001,Bristol,-2.0334,-7.7968,51.2487,6.1499
1991-01-09,44001,Bristol,3.2353,-5.9057,83.6254,4.6768
1991-01-10,44001,Bristol,3.3352,-8.8643,59.6416,6.1721
1991-01-11,44001,Bristol,-0.1388,-11.4894,55.0763,6.2341
1991-01-12,44001,Bristol,3.8478,-3.6626,77.3472,4.4327
1991-01-13,44001,Bristol,0.735,-6.9984,62.8011,4.5271
1991-01-14,44001,Bristol,2.1526,-8.8036,62.4683,3.7872
1991-01-15,44001,Bristol,4.8677,-3.3675,71.3106,2.6759
1991-01-16,44001,Bristol,6.4407,-1.747,78.3786,3.8984
1991-01-17,44001,Bristol,8.2267,-1.2152,72.1983,5.8337
1991-01-18,44001,Bristol,4.4655,-2.7345,52.6044,7.7027
1991-01-19,44001,Bristol,3.1637,-5.3393,57.9994,5.2983
1991-01-20,44001,Bristol,10.3825,-1.8548,57.6346,3.3827
1991-01-21,44001,Bristol,3.3386,-7.9125,58.6105,5.691
1991-01-22,44001,Bristol,-4.3477,-13.7379,38.8427,5.3978
1991-01-23,44001,Bristol,1.5445,-13.987,62.689,4.5859
1991-01-24,44001,Bristol,3.88,-4.4249,50.2588,6.3007
1991-01-25,44001,Bristol,-0.7998,-11.7515,29.4033,4.909
1991-01-26,44001,Bristol,0.7135,-12.0422,51.2173,3.6646
1991-01-27,44001,Bristol,2.8866,-3.8386,55.1203,4.7544
1991-01-28,44001,Bristol,5.4197,-2.6519,71.1353,2.9352
1991-01-29,44001,Bristol,6.9573,-3.9799,54.0019,2.1667
1991-01-30,44001,Bristol,9.3981,-1.8699,81.4537,2.6654
1991-01-31,44001,Bristol,6.7441,-3.9221,50.9665,7.2188
1991-02-01,44001,Bristol,-0.2461,-7.1756,30.9927,5.2593
1991-02-02,44001,Bristol,7.9539,-7.5672,58.2647,6.5761
1991-02-03,44001,Bristol,10.9342,-1.163,55.2471,5.4988
1991-02-04,44001,Bristol,14.235,-1.1474,47.995,3.0924
1991-02-05,44001,Bristol,14.9812,0.1685,50.9647,2.7219
1991-02-06,44001,Bristol,10.7273,2.0646,63.1345,4.1023
1991-02-07,44001,Bristol,8.6029,1.9656,75.8579,3.0558
1991-02-08,44001,Bristol,11.0539,0.3497,61.1302,2.6817
1991-02-09,44001,Bristol,10.3744,-1.0015,52.2682,2.2819
1991-02-10,44001,Bristol,8.7445,-1.6798,52.8,2.6921
1991-02-11,44001,Bristol,2.9855,-4.9941,31.9409,4.7229
1991-02-12,44001,Bristol,-2.3684,-10.2554,28.349,5.6816
1991-02-13,44001,Bristol,2.7339,-8.5177,74.3787,2.7843
1991-02-14,44001,Bristol,10.0411,-0.5315,78.5163,4.8453
1991-02-15,44001,Bristol,7.0428,-2.4501,58.5599,4.2173
1991-02-16,44001,Bristol,-0.1893,-10.2045,32.0918,6.6946
1991-02-17,44001,Bristol,2.514,-9.7409,61.3111,5.5657
1991-02-18,44001,Bristol,4.2449,-3.2938,56.3684,2.1747
1991-02-19,44001,Bristol,8.4002,-0.3578,75.1275,3.9236
1991-02-20,44001,Bristol,14.378,0.392,66.6174,5.2831
1991-02-21,44001,Bristol,7.9738,-1.8948,56.8015,4.247
1991-02-22,44001,Bristol,14.5538,-0.5416,46.7061,5.9368
1991-02-23,44001,Bristol,3.0727,-7.269,26.8684,5.1513
1991-02-24,44001,Bristol,3.914,-8.2691,61.197,2.5979
1991-02-25,44001,Bristol,6.2361,-0.8126,65.8799,4.0411
1991-02-26,44001,Bristol,2.7617,-1.1302,70.9346,3.9181
1991-02-27,44001,Bristol,2.1539,-3.8383,66.3503,4.2657
1991-02-28,44001,Bristol,6.225,-3.6685,51.2299,3.9973
1991-03-01,44001,Bristol,10.2017,-1.0761,67.8496,3.203
1991-03-02,44001,Bristol,13.7111,2.8012,79.6842,6.3217
1991-03-03,44001,Bristol,18.7358,5.9314,63.9143,3.7255
1991-03-04,44001,Bristol,15.2805,6.2099,72.4184,4.9075
1991-03-05,44001,Bristol,8.7837,2.0606,60.6445,4.0612
1991-03-06,44001,Bristol,11.9434,0.6625,57.9034,3.2406
1991-03-07,44001,Bristol,16.4721,0.3853,55.8058,6.6287
1991-03-08,44001,Bristol,3.0849,-3.9723,36.3122,7.3232
1991-03-09,44001,Bristol,3.3674,-5.5162,32.0388,5.7102
1991-03-10,44001,Bristol,2.4549,-5.3827,40.2587,5.3875
1991-03-11,44001,Bristol,3.5837,-3.6141,47.666,7.5389
1991-03-12,44001,Bristol,4.7008,-3.4614,50.1951,6.3299
1991-03-13,44001,Bristol,7.1631,-3.0101,49.7854,2.7634
1991-03-14,44001,Bristol,5.4741,-0.2155,71.2777,8.1433
1991-03-15,44001,Bristol,4.5728,-0.3977,63.1345,6.3736
1991-03-16,44001,Bristol,7.596,-1.5773,50.591,3.4028
1991-03-17,44001,Bristol,10.904,-1.3961,45.2979,2.5586
1991-03-18,44001,Bristol,10.6626,-0.2988,79.2515,4.0478
1991-03-19,44001,Bristol,12.9285,3.3039,63.594,4.0966
1991-03-20,44001,Bristol,10.9549,-0.3002,43.9639,5.5528
1991-03-21,44001,Bristol,8.1071,-1.1054,44.1276,2.441
1991-03-22,44001,Bristol,7.8809,1.4027,63.1579,4.5061
1991-03-23,44001,Bristol,5.4426,0.9975,67.6203,5.889
1991-03-24,44001,Bristol,10.1472,1.913,68.5437,2.1159
1991-03-25,44001,Bristol,6.5772,2.5277,68.543,2.3477
1991-03-26,44001,Bristol,10.3548,2.6728,57.2595,1.6829
1991-03-27,44001,Bristol,10.7595,1.2383,75.384,4.1216
1991-03-28,44001,Bristol,23.7357,6.4432,45.5985,5.4086
1991-03-29,44001,Bristol,16.4902,4.6536,46.8961,2.7578
1991-03-30,44001,Bristol,9.1811,-1.015,60.9009,5.5977
1991-03-31,44001,Bristol,7.5858,-1.7521,48.4179,3.0623
1991-04-01,44001,Bristol,7.8421,1.8536,66.0922,3.1469
1991-04-02,44001,Bristol,10.765,1.8982,56.1437,3.6653
1991-04-03,44001,Bristol,10.9436,2.34,47.8779,2.624
1991-04-04,44001,Bristol,16.2971,1.0681,45.9777,4.4625
1991-04-05,44001,Bristol,18.4082,2.7068,58.9609,5.8405
1991-04-06,44001,Bristol,22.6439,8.9794,52.1139,3.6752
1991-04-07,44001,Bristol,25.955,10.5606,49.1853,4.1462
1991-04-08,44001,Bristol,27.8608,11.4983,44.584,3.2821
1991-04-09,44001,Bristol,25.1686,11.84,56.8907,4.0309
1991-04-10,44001,Bristol,22.3284,10.1725,49.7859,3.3783
1991-04-11,44001,Bristol,11.9056,3.9912,38.2935,7.0884
1991-04-12,44001,Bristol,8.9542,2.1633,38.5266,4.4861
1991-04-13,44001,Bristol,10.1468,1.5832,51.2195,1.9506
1991-04-14,44001,Bristol,13.5048,2.9949,47.2716,2.2428
1991-04-15,44001,Bristol,10.886,2.3167,73.3676,3.1355
1991-04-16,44001,Bristol,20.672,6.8023,51.4456,3.7264
1991-04-17,44001,Bristol,17.4048,6.3714,53.2896,3.3828
1991-04-18,44001,Bristol,9.5251,1.5118,67.1409,5.7169
1991-04-19,44001,Bristol,12.7294,-0.2575,48.6651,3.7555
1991-04-20,44001,Bristol,14.5631,1.3102,55.5548,4.2828
1991-04-21,44001,Bristol,12.4417,6.2931,78.3001,6.2855
1991-04-22,44001,Bristol,11.8961,7.2662,69.4645,5.4727
1991-04-23,44001,Bristol,17.613,6.4363,50.6932,4.3603
1991-04-24,44001,Bristol,19.2591,4.1196,54.2863,2.0676
1991-04-25,44001,Bristol,21.3477,6.7401,45.1666,2.1691
1991-04-26,44001,Bristol,22.1977,7.4743,40.4371,2.6689
1991-04-27,44001,Bristol,24.1046,8.0474,52.949,3.6878
1991-04-28,44001,Bristol,16.4482,5.579,52.7689,4.3422
1991-04-29,44001,Bristol,15.3871,4.3226,60.7778,2.3991
1991-04-30,44001,Bristol,15.4632,9.4963,70.377,2.4975
1991-05-01,44001,Bristol,22.4175,9.1808,61.4093,2.3823
1991-05-02,44001,Bristol,22.1865,9.7887,47.6342,3.9942
1991-05-03,44001,Bristol,16.6264,6.1088,51.9387,5.5903
1991-05-04,44001,Bristol,18.2315,6.3903,53.7455,4.1342
1991-05-05,44001,Bristol,19.7397,8.4925,50.1085,2.6959
1991-05-06,44001,Bristol,15.7203,6.454,81.6631,4.8054
1991-05-07,44001,Bristol,22.7232,11.9885,50.8888,4.407
1991-05-08,44001,Bristol,18.6983,9.1139,49.256,3.4438
1991-05-09,44001,Bristol,17.1692,9.647,50.8197,2.1211
1991-05-10,44001,Bristol,20.288,9.0818,51.7566,1.5614
1991-05-11,44001,Bristol,24.5057,6.4368,48.8508,3.5418
1991-05-12,44001,Bristol,28.8356,10.0069,53.8285,4.5792
1991-05-13,44001,Bristol,25.8404,12.2866,51.1582,2.7905
1991-05-14,44001,Bristol,28.0606,13.3287,49.1446,2.2833
1991-05-15,44001,Bristol,25.63,10.2899,50.5221,1.3899
1991-05-16,44001,Bristol,27.4607,10.4087,54.4196,3.7305
1991-05-17,44001,Bristol,27.1717,11.8489,63.0508,5.0322
1991-05-18,44001,Bristol,18.8313,7.8743,55.2324,5.1019
1991-05-19,44001,Bristol,18.7253,5.8256,50.2205,2.1982
1991-05-20,44001,Bristol,21.836,6.0242,52.6288,4.1502
1991-05-21,44001,Bristol,24.1577,7.6938,57.9939,5.2294
1991-05-22,44001,Bristol,29.4741,12.7334,52.1459,2.2432
1991-05-23,44001,Bristol,22.7286,10.5415,55.9907,3.2166
1991-05-24,44001,Bristol,28.0087,9.8977,63.5857,5.0047
1991-05-25,44001,Bristol,32.0086,16.0043,60.3095,3.776
1991-05-26,44001,Bristol,25.0463,15.0619,59.1928,2.8644
1991-05-27,44001,Bristol,28.2024,14.2479,66.6075,3.388
1991-05-28,44001,Bristol,31.4143,18.0497,57.1127,2.4872
1991-05-29,44001,Bristol,28.9119,16.9398,59.6795,2.1564
1991-05-30,44001,Bristol,28.2884,18.2039,60.5021,2.0245
1991-05-31,44001,Bristol,28.3528,17.2381,65.9647,1.7951
1991-06-01,44001,Bristol,28.7741,17.2482,60.1131,1.6246
1991-06-02,44001,Bristol,27.3025,15.5995,56.8931,2.4937
1991-06-03,44001,Bristol,27.9025,14.045,55.8005,2.1978
1991-06-04,44001,Bristol,18.7869,11.9584,74.7232,5.4301
1991-06-05,44001,Bristol,16.8179,11.6282,62.823,3.7999
1991-06-06,44001,Bristol,22.6353,10.1461,55.9663,2.385
1991-06-07,44001,Bristol,26.2651,11.445,55.5335,3.2264
1991-06-08,44001,Bristol,29.3007,13.3261,56.2691,3.5336
1991-06-09,44001,Bristol,24.9556,12.8968,55.4136,2.8566
1991-06-10,44001,Bristol,28.6545,12.0134,64.4296,4.2521
1991-06-11,44001,Bristol,30.9336,16.9078,61.4381,4.3343
1991-06-12,44001,Bristol,28.663,16.9108,62.2545,4.4342
1991-06-13,44001,Bristol,21.743,11.0543,54.5854,5.5051
1991-06-14,44001,Bristol,24.3364,8.7687,52.9397,3.2804
1991-06-15,44001,Bristol,28.0136,13.989,65.4785,4.1609
1991-06-16,44001,Bristol,27.4862,18.858,70.5344,1.635
1991-06-17,44001,Bristol,24.7401,15.7064,67.9336,2.8629
1991-06-18,44001,Bristol,23.1941,14.3207,65.442,2.5902
1991-06-19,44001,Bristol,21.446,14.1917,76.3967,2.1069
1991-06-20,44001,Bristol,30.4066,17.1108,65.5971,3.9331
1991-06-21,44001,Bristol,31.0302,15.916,52.338,2.7075
1991-06-22,44001,Bristol,24.3585,15.402,59.4508,2.6561
1991-06-23,44001,Bristol,22.893,11.3486,61.3034,3.1277
1991-06-24,44001,Bristol,24.793,9.2125,57.9226,2.3195
1991-06-25,44001,Bristol,27.5232,11.8783,56.7147,3.4859
1991-06-26,44001,Bristol,29.5243,14.7352,55.1963,5.3077
1991-06-27,44001,Bristol,30.3822,15.418,58.4257,5.3917
1991-06-28,44001,Bristol,31.786,17.0624,59.9684,5.8507
1991-06-29,44001,Bristol,33.6776,19.7113,49.6782,3.0033
1991-06-30,44001,Bristol,19.2441,15.1638,73.2311,2.5583
1991-07-01,44001,Bristol,22.9473,11.9853,57.5549,2.757
1991-07-02,44001,Bristol,26.3883,12.3279,59.2292,2.0115
1991-07-03,44001,Bristol,23.9484,18.4019,69.4087,2.8894
1991-07-04,44001,Bristol,26.1542,14.1798,56.2291,2.8906
1991-07-05,44001,Bristol,20.1702,13.9498,86.33,2.3028
1991-07-06,44001,Bristol,25.894,17.5042,73.7007,1.5649
1991-07-07,44001,Bristol,27.7518,18.6843,80.1048,3.527
1991-07-08,44001,Bristol,33.0672,20.8019,62.2632,4.1133
1991-07-09,44001,Bristol,28.2093,14.186,49.7593,3.1125
1991-07-10,44001,Bristol,28.6669,12.0498,47.4862,3.2814
1991-07-11,44001,Bristol,29.6502,15.4955,46.2217,1.9863
1991-07-12,44001,Bristol,29.8924,13.3869,46.0414,2.4235
1991-07-13,44001,Bristol,25.0923,16.1498,90.2996,3.6111
1991-07-14,44001,Bristol,28.6489,19.9304,63.333,1.7252
1991-07-15,44001,Bristol,30.5321,18.1489,44.5858,2.3769
1991-07-16,44001,Bristol,32.3591,16.496,45.9368,3.3875
1991-07-17,44001,Bristol,33.5353,17.5717,47.0687,4.8134
1991-07-18,44001,Bristol,35.3625,19.8648,50.7871,3.8184
1991-07-19,44001,Bristol,35.7875,21.0019,54.9498,4.2158
1991-07-20,44001,Bristol,37.5301,21.6875,49.1187,3.7121
1991-07-21,44001,Bristol,38.0643,22.8357,49.8848,3.4285
1991-07-22,44001,Bristol,31.956,21.2349,55.6904,3.1436
1991-07-23,44001,Bristol,35.0888,21.1986,66.7496,4.5449
1991-07-24,44001,Bristol,31.4992,18.4421,51.1574,3.4448
1991-07-25,44001,Bristol,22.9452,16.6199,79.3186,2.3553
1991-07-26,44001,Bristol,28.6861,21.0067,77.5572,2.5348
1991-07-27,44001,Bristol,24.1705,20.0099,84.7525,1.4545
1991-07-28,44001,Bristol,26.578,18.9859,59.4685,1.5424
1991-07-29,44001,Bristol,25.9352,18.1544,64.2426,1.6768
1991-07-30,44001,Bristol,22.9956,17.4648,78.6407,2.5321
1991-07-31,44001,Bristol,26.5941,17.3005,78.0528,3.4401
1991-08-01,44001,Bristol,30.7314,18.5475,63.4207,4.1814
1991-08-02,44001,Bristol,32.2537,18.3564,52.8637,4.1408
1991-08-03,44001,Bristol,26.7581,17.0395,63.4988,1.9713
1991-08-04,44001,Bristol,27.3517,19.3205,78.0581,1.7051
1991-08-05,44001,Bristol,26.3232,17.7583,65.3511,3.7067
1991-08-06,44001,Bristol,24.0265,13.7739,67.6559,2.3115
1991-08-07,44001,Bristol,28.2246,16.9171,59.9196,2.3374
1991-08-08,44001,Bristol,30.469,17.453,55.3529,2.1887
1991-08-09,44001,Bristol,25.5465,17.5628,83.5968,3.6043
1991-08-10,44001,Bristol,26.2127,19.8911,82.0604,3.9212
1991-08-11,44001,Bristol,27.6172,17.3512,66.4887,3.2827
1991-08-12,44001,Bristol,27.4383,16.2508,67.2293,1.8919
1991-08-13,44001,Bristol,29.1952,17.3501,67.9313,2.8914
1991-08-14,44001,Bristol,30.9253,18.7107,66.985,3.7511
1991-08-15,44001,Bristol,27.9058,20.0147,79.7973,4.2359
1991-08-16,44001,Bristol,30.9154,20.6774,64.5394,4.124
1991-08-17,44001,Bristol,31.0752,19.9226,68.8199,4.1802
1991-08-18,44001,Bristol,31.0642,20.3284,73.1552,5.1999
1991-08-19,44001,Bristol,25.1315,18.4642,86.0639,4.6818
1991-08-20,44001,Bristol,24.8356,18.0895,83.2642,2.4996
1991-08-21,44001,Bristol,25.4124,18.6098,80.8456,2.3661
1991-08-22,44001,Bristol,26.7771,17.8185,73.5209,3.5572
1991-08-23,44001,Bristol,29.4513,16.8626,69.571,2.9775
1991-08-24,44001,Bristol,24.237,16.0471,73.9557,3.3784
1991-08-25,44001,Bristol,22.5667,12.8135,70.4173,3.5828
1991-08-26,44001,Bristol,24.8121,12.3423,74.1842,2.7705
1991-08-27,44001,Bristol,29.9454,17.3024,70.7633,4.7704
1991-08-28,44001,Bristol,31.9502,19.1224,68.7931,3.836
1991-08-29,44001,Bristol,31.0589,19.3535,66.1832,1.81
1991-08-30,44001,Bristol,31.5656,17.8644,72.983,3.5294
1991-08-31,44001,Bristol,30.2063,14.4573,69.9438,4.463
1991-09-01,44001,Bristol,17.1909,6.366,58.5098,4.9959
1991-09-02,44001,Bristol,19.8197,4.8617,57.2746,2.4904
1991-09-03,44001,Bristol,23.4508,8.8807,67.1182,4.8645
1991-09-04,44001,Bristol,25.9555,14.0492,74.1272,5.2692
1991-09-05,44001,Bristol,23.788,13.5585,83.921,1.4628
1991-09-06,44001,Bristol,23.988,12.827,75.4172,3.0409
1991-09-07,44001,Bristol,24.9038,12.1361,65.5326,2.3958
1991-09-08,44001,Bristol,26.5754,12.6937,59.4649,1.9447
1991-09-09,44001,Bristol,24.9706,13.5941,62.9223,2.3104
1991-09-10,44001,Bristol,27.5733,14.569,72.4149,5.1826
1991-09-11,44001,Bristol,25.8879,13.9599,64.1571,3.9589
1991-09-12,44001,Bristol,19.4255,8.7457,58.5142,2.4963
1991-09-13,44001,Bristol,20.9946,8.7705,56.908,1.5638
1991-09-14,44001,Bristol,17.6536,11.9221,85.5243,2.5274
1991-09-15,44001,Bristol,22.1832,14.91,81.2639,3.5404
1991-09-16,44001,Bristol,30.0335,17.7389,76.2183,4.424
1991-09-17,44001,Bristol,32.0865,20.4698,68.6653,4.2043
1991-09-18,44001,Bristol,26.6038,19.2305,68.2344,3.6199
1991-09-19,44001,Bristol,26.6138,13.0654,80.4641,5.0452
1991-09-20,44001,Bristol,16.0569,8.823,73.9043,4.1405
1991-09-21,44001,Bristol,14.4834,6.1073,60.5163,3.1236
1991-09-22,44001,Bristol,17.3134,5.8801,63.5988,2.1995
1991-09-23,44001,Bristol,19.9922,9.9539,89.9035,3.8835
1991-09-24,44001,Bristol,20.2647,14.8265,75.6585,1.9817
1991-09-25,44001,Bristol,21.5566,15.0096,92.0765,5.7959
1991-09-26,44001,Bristol,18.9166,12.5029,90.5355,2.0307
1991-09-27,44001,Bristol,16.6758,7.8617,61.61,3.6981
1991-09-28,44001,Bristol,14.9115,5.4038,56.7164,4.126
1991-09-29,44001,Bristol,18.7267,3.3821,64.3985,3.9884
1991-09-30,44001,Bristol,13.0848,2.8601,60.841,2.9839
1991-10-01,44001,Bristol,20.7666,7.0382,80.4289,5.322
1991-10-02,44001,Bristol,25.1623,15.1451,69.5651,5.1252
1991-10-03,44001,Bristol,25.228,14.1778,69.7691,1.6251
1991-10-04,44001,Bristol,25.3181,13.6932,60.6568,1.9457
1991-10-05,44001,Bristol,23.1083,13.2563,73.0955,4.3724
1991-10-06,44001,Bristol,22.6686,13.5545,78.1829,4.6172
1991-10-07,44001,Bristol,14.7095,6.4322,57.7675,4.8506
1991-10-08,44001,Bristol,14.39,3.9736,58.978,3.9689
1991-10-09,44001,Bristol,19.0778,6.2439,66.0893,4.2845
1991-10-10,44001,Bristol,22.448,11.0255,72.5962,4.3609
1991-10-11,44001,Bristol,21.6259,12.7569,66.5474,1.7203
1991-10-12,44001,Bristol,15.9228,7.0357,67.0241,4.2557
1991-10-13,44001,Bristol,14.149,4.4693,56.7429,2.9875
1991-10-14,44001,Bristol,12.5817,4.4812,53.5753,3.0499
1991-10-15,44001,Bristol,18.1325,5.1553,80.9549,5.4865
1991-10-16,44001,Bristol,20.6485,11.6481,76.5937,4.497
1991-10-17,44001,Bristol,13.3606,7.9462,81.0206,5.7861
1991-10-18,44001,Bristol,19.0624,10.4058,69.9398,3.11
1991-10-19,44001,Bristol,21.594,9.2588,58.8892,2.9388
1991-10-20,44001,Bristol,11.7216,3.4485,55.4453,4.3965
1991-10-21,44001,Bristol,11.917,1.9331,61.2067,2.3409
1991-10-22,44001,Bristol,17.2576,7.8382,63.9831,2.9444
1991-10-23,44001,Bristol,18.394,6.6088,62.1923,2.5586
1991-10-24,44001,Bristol,19.7131,8.2355,69.3371,2.6274
1991-10-25,44001,Bristol,22.4591,9.0978,71.2801,2.3492
1991-10-26,44001,Bristol,22.4687,11.1011,66.1101,2.5428
1991-10-27,44001,Bristol,22.032,9.637,71.0038,2.984
1991-10-28,44001,Bristol,15.2187,4.6279,63.8119,7.8299
1991-10-29,44001,Bristol,8.49,1.5822,56.7323,8.2979
1991-10-30,44001,Bristol,11.3751,1.3213,66.2772,11.0303
1991-10-31,44001,Bristol,13.2638,7.7632,83.3534,8.1477
1991-11-01,44001,Bristol,12.5064,8.5791,73.8508,5.5229
1991-11-02,44001,Bristol,17.8412,8.6533,72.4107,3.0955
1991-11-03,44001,Bristol,17.3331,7.65,66.74,2.7865
1991-11-04,44001,Bristol,9.2028,2.4839,53.8664,2.6996
1991-11-05,44001,Bristol,9.3135,1.974,56.6167,2.3832
1991-11-06,44001,Bristol,12.7249,1.7356,59.9063,2.1247
1991-11-07,44001,Bristol,12.8171,1.9027,53.1442,1.7321
1991-11-08,44001,Bristol,8.5249,1.037,58.0671,4.8228
1991-11-09,44001,Bristol,6.6253,1.5447,58.9691,6.9589
1991-11-10,44001,Bristol,7.3809,2.13,73.9012,8.0143
1991-11-11,44001,Bristol,7.9265,2.495,76.517,4.4794
1991-11-12,44001,Bristol,6.7708,0.5773,60.2768,4.4919
1991-11-13,44001,Bristol,7.9749,0.1872,61.5163,3.2635
1991-11-14,44001,Bristol,12.1524,2.6459,55.4001,3.7199
1991-11-15,44001,Bristol,12.0506,1.8045,71.1345,3.8606
1991-11-16,44001,Bristol,14.6141,3.0851,61.4661,4.5641
1991-11-17,44001,Bristol,4.6095,-3.2861,43.7346,6.4416
1991-11-18,44001,Bristol,9.2082,-2.2432,43.7049,3.2086
1991-11-19,44001,Bristol,15.0761,1.9082,58.4471,4.2577
1991-11-20,44001,Bristol,16.8248,6.9824,67.3988,5.125
1991-11-21,44001,Bristol,17.106,10.7851,73.8694,3.1931
1991-11-22,44001,Bristol,13.9971,8.6715,77.4357,1.8532
1991-11-23,44001,Bristol,16.018,5.3415,73.8394,3.2767
1991-11-24,44001,Bristol,14.1651,4.256,74.5261,4.5277
1991-11-25,44001,Bristol,8.3348,0.9968,48.3733,6.9963
1991-11-26,44001,Bristol,4.116,-0.7546,50.7479,5.1881
1991-11-27,44001,Bristol,3.5889,-2.1666,56.9315,2.9623
1991-11-28,44001,Bristol,10.8413,1.0902,60.9698,5.1015
1991-11-29,44001,Bristol,14.0573,4.1214,61.1958,2.8921
1991-11-30,44001,Bristol,16.4391,5.4529,71.7728,5.395
1991-12-01,44001,Bristol,17.2542,8.6382,65.567,2.4242
1991-12-02,44001,Bristol,12.428,1.6051,55.9942,3.9333
1991-12-03,44001,Bristol,7.7283,-0.7094,76.505,4.7975
1991-12-04,44001,Bristol,7.0512,-4.617,56.148,6.9561
1991-12-05,44001,Bristol,0.0903,-5.7264,37.9172,5.575
1991-12-06,44001,Bristol,4.2746,-3.367,66.7008,5.134
1991-12-07,44001,Bristol,6.7076,-3.4168,68.3349,5.0839
1991-12-08,44001,Bristol,11.4793,-0.7723,62.6115,2.3535
1991-12-09,44001,Bristol,14.369,4.1761,68.9931,4.3237
1991-12-10,44001,Bristol,8.3015,-0.5501,60.7075,3.6683
1991-12-11,44001,Bristol,10.8132,-0.7449,62.9254,4.6751
1991-12-12,44001,Bristol,10.4944,-1.0449,63.6738,3.2455
1991-12-13,44001,Bristol,15.0613,5.1326,75.7117,5.3976
1991-12-14,44001,Bristol,14.4657,7.1582,73.1824,5.0662
1991-12-15,44001,Bristol,9.4135,-3.2949,32.72,8.3172
1991-12-16,44001,Bristol,1.6981,-7.6313,46.3645,5.4594
1991-12-17,44001,Bristol,2.7478,-9.3579,50.6265,3.7953
1991-12-18,44001,Bristol,3.2635,-7.2606,53.4574,5.4335
1991-12-19,44001,Bristol,-3.4808,-10.4157,40.052,6.5125
1991-12-20,44001,Bristol,2.0391,-9.0501,48.7723,4.0106
1991-12-21,44001,Bristol,5.2602,-2.8119,63.9364,6.2433
1991-12-22,44001,Bristol,3.9298,-3.1106,57.9542,4.4892
1991-12-23,44001,Bristol,7.8934,-2.1917,64.975,3.8841
1991-12-24,44001,Bristol,4.629,-5.5338,51.614,4.8796
1991-12-25,44001,Bristol,-0.4156,-6.0898,37.4856,5.3415
1991-12-26,44001,Bristol,1.7888,-7.9907,51.7805,3.2186
1991-12-27,44001,Bristol,4.9944,-4.0525,54.4861,4.0955
1991-12-28,44001,Bristol,6.4981,-4.0482,49.6273,3.7086
1991-12-29,44001,Bristol,6.122,-2.4594,48.9375,2.6015
1991-12-30,44001,Bristol,5.9435,-5.1496,58.4311,8.2014
1991-12-31,44001,Bristol,-0.0318,-4.8115,45.7459,4.1235
1992-01-01,44001,Bristol,6.7842,-5.5353,39.87,1.6361
1992-01-02,44001,Bristol,7.9983,-2.0299,59.7679,1.7231
1992-01-03,44001,Bristol,9.9299,0.5021,62.6863,3.9431
1992-01-04,44001,Bristol,9.104,0.3749,77.6371,6.2481
1992-01-05,44001,Bristol,10.6384,1.8965,69.591,4.366
1992-01-06,44001,Bristol,8.7572,-1.7031,57.7338,4.3313
1992-01-07,44001,Bristol,7.2074,-2.4732,52.4645,5.1483
1992-01-08,44001,Bristol,3.2383,-4.0221,43.4453,5.1653
1992-01-09,44001,Bristol,7.5879,-3.9031,61.1781,3.2418
1992-01-10,44001,Bristol,8.165,-1.5048,55.7021,4.6444
1992-01-11,44001,Bristol,1.8143,-5.8495,37.9584,6.4224
1992-01-12,44001,Bristol,1.0779,-8.7902,39.3609,4.1808
1992-01-13,44001,Bristol,9.7656,-2.4951,63.8706,2.8616
1992-01-14,44001,Bristol,10.9197,-0.96,68.8677,6.0268
1992-01-15,44001,Bristol,5.3662,-7.3822,26.2856,7.3979
1992-01-16,44001,Bristol,-3.7313,-14.9585,45.6342,6.7673
1992-01-17,44001,Bristol,-0.6838,-14.4197,55.6535,6.0389
1992-01-18,44001,Bristol,-0.2465,-10.2544,41.1926,7.5858
1992-01-19,44001,Bristol,-4.9304,-12.8699,37.1257,5.7331
1992-01-20,44001,Bristol,-1.3702,-10.9647,55.8985,3.6365
1992-01-21,44001,Bristol,-0.0838,-10.2142,59.5097,4.2345
1992-01-22,44001,Bristol,-1.6842,-8.0436,60.8135,4.1612
1992-01-23,44001,Bristol,8.9928,-5.3733,76.1486,8.0557
1992-01-24,44001,Bristol,9.0355,-3.389,55.6875,7.6488
1992-01-25,44001,Bristol,-0.8037,-9.2511,23.9176,5.7011
1992-01-26,44001,Bristol,-3.2221,-9.0065,34.1939,4.6523
1992-01-27,44001,Bristol,1.5243,-10.0729,46.6829,2.0884
1992-01-28,44001,Bristol,4.759,-2.0742,65.2936,2.2207
1992-01-29,44001,Bristol,6.9999,-2.5775,56.1849,2.7424
1992-01-30,44001,Bristol,7.1571,-2.9599,57.158,2.3181
1992-01-31,44001,Bristol,6.9459,-1.5106,61.3824,3.0094
1992-02-01,44001,Bristol,2.5088,-6.933,48.368,7.8891
1992-02-02,44001,Bristol,-0.0418,-7.587,34.6865,8.3446
1992-02-03,44001,Bristol,1.232,-8.8379,35.8566,6.2573
1992-02-04,44001,Bristol,3.332,-7.8262,52.0426,3.9083
1992-02-05,44001,Bristol,2.3052,-7.7887,46.6432,7.6461
1992-02-06,44001,Bristol,-1.185,-10.5576,51.9918,3.2121
1992-02-07,44001,Bristol,4.2424,-6.4437,68.0596,5.1376
1992-02-08,44001,Bristol,1.6647,-1.8588,72.4248,3.9989
1992-02-09,44001,Bristol,0.9724,-11.3646,49.5679,7.6597
1992-02-10,44001,Bristol,-3.1389,-13.8465,47.1206,4.2245
1992-02-11,44001,Bristol,5.2504,-7.3122,66.8974,5.9837
1992-02-12,44001,Bristol,1.9723,-11.4785,21.3009,5.3408
1992-02-13,44001,Bristol,2.1834,-12.2601,57.1623,3.0891
1992-02-14,44001,Bristol,2.3332,-3.0817,70.8666,2.6891
1992-02-15,44001,Bristol,5.4225,-4.2169,68.7958,3.5253
1992-02-16,44001,Bristol,12.3021,1.8268,65.2876,5.1328
1992-02-17,44001,Bristol,9.2497,-2.6477,49.4951,2.6817
1992-02-18,44001,Bristol,7.1677,-0.7571,72.4535,3.3619
1992-02-19,44001,Bristol,12.9797,2.1301,63.5186,3.521
1992-02-20,44001,Bristol,10.4182,-1.2073,57.0393,3.6734
1992-02-21,44001,Bristol,8.5431,-1.9666,50.8004,4.3572
1992-02-22,44001,Bristol,6.2945,-3.3323,62.672,3.7279
1992-02-23,44001,Bristol,10.6504,0.1322,61.1687,3.0394
1992-02-24,44001,Bristol,4.6488,-1.5131,60.4896,5.1553
1992-02-25,44001,Bristol,3.9365,-1.6425,72.2873,4.1152
1992-02-26,44001,Bristol,8.332,-1.5629,63.7496,3.5974
1992-02-27,44001,Bristol,6.9947,-2.413,56.0018,6.0326
1992-02-28,44001,Bristol,6.3834,-1.7789,59.0659,4.1552
1992-02-29,44001,Bristol,5.1925,-10.6899,40.308,7.6423
1992-03-01,44001,Bristol,4.8516,-11.0789,51.3432,6.3019
1992-03-02,44001,Bristol,3.0379,-3.9995,46.6575,3.7046
1992-03-03,44001,Bristol,4.3126,-1.5998,63.7431,2.7389
1992-03-04,44001,Bristol,7.249,-2.5338,51.6651,2.0908
1992-03-05,44001,Bristol,12.5276,-1.0396,56.884,3.7874
1992-03-06,44001,Bristol,6.1069,-0.124,56.1366,4.7033
1992-03-07,44001,Bristol,13.3143,0.8937,70.9331,4.6551
1992-03-08,44001,Bristol,15.0635,5.1574,63.7417,1.9398
1992-03-09,44001,Bristol,11.2965,3.8895,59.1565,1.7112
1992-03-10,44001,Bristol,12.0913,2.4826,68.1065,5.0144
1992-03-11,44001,Bristol,14.8127,-2.6134,70.3612,7.7949
1992-03-12,44001,Bristol,1.9392,-4.8771,37.1001,8.9989
1992-03-13,44001,Bristol,0.7247,-4.9588,33.3201,5.8925
1992-03-14,44001,Bristol,1.8137,-6.1563,26.5074,6.2458
1992-03-15,44001,Bristol,-0.8018,-6.532,28.1042,5.5038
1992-03-16,44001,Bristol,-0.59,-8.7763,33.577,4.2408
1992-03-17,44001,Bristol,5.6532,-4.3927,53.1298,5.9768
1992-03-18,44001,Bristol,4.034,-2.8321,42.453,3.334
1992-03-19,44001,Bristol,2.4146,-2.301,66.5652,6.0774
1992-03-20,44001,Bristol,3.8867,-3.5412,54.1055,1.9747
1992-03-21,44001,Bristol,3.4249,-3.1969,50.3117,3.667
1992-03-22,44001,Bristol,2.6704,-4.3042,42.9899,3.1861
1992-03-23,44001,Bristol,2.9314,-2.5837,61.3967,4.3478
1992-03-24,44001,Bristol,3.1422,-4.2862,37.8264,4.2232
1992-03-25,44001,Bristol,7.0454,-4.1862,50.6432,3.1858
1992-03-26,44001,Bristol,11.8639,-0.5699,66.7689,6.4047
1992-03-27,44001,Bristol,12.9777,3.2777,67.1588,5.6305
1992-03-28,44001,Bristol,9.6885,1.2249,60.2,4.9997
1992-03-29,44001,Bristol,10.8344,-0.4412,40.824,6.4651
1992-03-30,44001,Bristol,6.8503,-1.6899,54.7798,3.3295
1992-03-31,44001,Bristol,9.4315,1.3138,68.4903,3.4859
1992-04-01,44001,Bristol,12.515,-0.9473,55.8364,3.1449
1992-04-02,44001,Bristol,9.5452,1.8801,54.545,3.4023
1992-04-03,44001,Bristol,7.2478,-0.3751,45.7245,6.1029
1992-04-04,44001,Bristol,9.1723,-0.39,42.9224,4.0943
1992-04-05,44001,Bristol,10.0453,-0.6648,44.7369,4.6695
1992-04-06,44001,Bristol,11.64,-0.1525,43.7887,4.3634
1992-04-07,44001,Bristol,11.8974,-0.4537,46.6623,2.9909
1992-04-08,44001,Bristol,16.7659,3.4985,42.7088,3.1414
1992-04-09,44001,Bristol,13.7479,1.2138,52.8845,3.187
1992-04-10,44001,Bristol,18.8564,5.9414,46.3446,2.1719
1992-04-11,44001,Bristol,9.8349,1.4935,62.5307,4.5981
1992-04-12,44001,Bristol,16.6643,1.7463,50.9808,3.2966
1992-04-13,44001,Bristol,6.85,-2.1966,34.2866,3.3947
1992-04-14,44001,Bristol,10.8274,-0.4158,39.6088,2.8519
1992-04-15,44001,Bristol,9.968,-1.0124,39.9393,2.3104
1992-04-16,44001,Bristol,10.76,0.6164,44.6084,2.9692
1992-04-17,44001,Bristol,7.2155,1.5232,74.5436,3.665
1992-04-18,44001,Bristol,10.7618,1.3249,63.4501,3.0349
1992-04-19,44001,Bristol,10.4995,3.2941,67.2002,2.9286
1992-04-20,44001,Bristol,17.4003,5.0475,65.4411,3.1034
1992-04-21,44001,Bristol,20.8564,7.3651,69.1438,3.8615
1992-04-22,44001,Bristol,19.4953,9.7158,69.9318,4.3029
1992-04-23,44001,Bristol,23.9992,8.5943,52.4497,2.9448
1992-04-24,44001,Bristol,14.5828,6.7163,67.1808,2.6763
1992-04-25,44001,Bristol,7.9462,2.3589,70.233,5.5955
1992-04-26,44001,Bristol,7.6457,2.2108,64.6499,2.7112
1992-04-27,44001,Bristol,13.1525,1.6249,50.2743,1.5874
1992-04-28,44001,Bristol,13.976,0.8197,47.8846,1.9215
1992-04-29,44001,Bristol,12.8092,-0.4421,51.1282,2.1163
1992-04-30,44001,Bristol,15.8165,1.8728,48.5482,2.4556
1992-05-01,44001,Bristol,18.812,6.1355,55.4931,3.5271
1992-05-02,44001,Bristol,23.0521,9.47,57.0561,4.3142
1992-05-03,44001,Bristol,21.8959,10.1389,46.0732,3.5054
1992-05-04,44001,Bristol,15.9467,7.3134,49.6095,3.4694
1992-05-05,44001,Bristol,10.4959,3.309,58.5865,5.0105
1992-05-06,44001,Bristol,12.6333,1.9244,50.8393,4.195
1992-05-07,44001,Bristol,13.2593,1.1842,55.0989,4.9304
1992-05-08,44001,Bristol,13.7905,5.8902,70.0153,4.3538
1992-05-09,44001,Bristol,24.8039,10.8015,57.7906,2.2475
1992-05-10,44001,Bristol,19.4468,9.1309,60.2742,2.5719
1992-05-11,44001,Bristol,16.6294,4.9137,57.6395,5.4523
1992-05-12,44001,Bristol,17.0914,3.8617,66.5118,3.5702
1992-05-13,44001,Bristol,22.6785,8.3931,66.3925,2.4926
1992-05-14,44001,Bristol,25.4688,12.5998,53.9664,1.3076
1992-05-15,44001,Bristol,19.8151,9.5417,57.2018,3.1431
1992-05-16,44001,Bristol,16.6069,8.0271,64.2995,3.3642
1992-05-17,44001,Bristol,19.9293,5.2106,53.701,2.3969
1992-05-18,44001,Bristol,23.1243,7.9877,60.636,3.6238
1992-05-19,44001,Bristol,19.1721,7.0713,46.6834,3.2449
1992-05-20,44001,Bristol,22.5767,5.1728,42.9104,1.6938
1992-05-21,44001,Bristol,28.815,6.0998,39.1897,2.1811
1992-05-22,44001,Bristol,31.0305,11.1573,40.9057,2.0986
1992-05-23,44001,Bristol,31.3099,12.7438,42.2855,2.6953
1992-05-24,44001,Bristol,27.7843,9.0576,47.921,4.7349
1992-05-25,44001,Bristol,13.0951,7.7762,60.0576,4.8988
1992-05-26,44001,Bristol,14.4862,7.0277,56.1038,2.427
1992-05-27,44001,Bristol,14.4755,7.5381,56.5142,1.6033
1992-05-28,44001,Bristol,19.745,5.8606,54.8051,1.8547
1992-05-29,44001,Bristol,22.1357,8.8935,49.366,2.4347
1992-05-30,44001,Bristol,21.674,7.1056,53.8308,2.9157
1992-05-31,44001,Bristol,17.9652,10.7599,74.8383,4.2303
1992-06-01,44001,Bristol,17.7241,9.4104,78.1102,4.8271
1992-06-02,44001,Bristol,24.036,9.5172,57.7054,2.4596
1992-06-03,44001,Bristol,26.2279,11.3189,58.913,3.9242
1992-06-04,44001,Bristol,25.4388,12.337,62.1012,3.704
1992-06-05,44001,Bristol,21.7921,10.1375,74.8308,5.2546
1992-06-06,44001,Bristol,23.936,13.832,77.1592,3.7101
1992-06-07,44001,Bristol,26.4313,17.1279,68.9463,2.9167
1992-06-08,44001,Bristol,29.0852,17.1933,70.4847,3.2052
1992-06-09,44001,Bristol,26.4397,15.7651,59.3878,2.8852
1992-06-10,44001,Bristol,24.0139,11.3146,55.0267,1.751
1992-06-11,44001,Bristol,22.9386,13.477,53.8663,1.8842
1992-06-12,44001,Bristol,26.3929,11.4156,58.5886,4.2344
1992-06-13,44001,Bristol,27.6958,13.1637,60.7148,5.0998
1992-06-14,44001,Bristol,27.177,14.3803,64.9955,4.883
1992-06-15,44001,Bristol,26.615,13.6507,60.111,3.0562
1992-06-16,44001,Bristol,22.1884,9.5141,55.4101,2.1922
1992-06-17,44001,Bristol,26.0253,10.0378,56.2239,2.648
1992-06-18,44001,Bristol,23.0438,11.7065,64.8643,4.3082
1992-06-19,44001,Bristol,25.6187,13.2541,72.8652,3.8178
1992-06-20,44001,Bristol,25.3372,17.645,70.056,2.9489
1992-06-21,44001,Bristol,27.2265,16.7452,62.5523,2.9021
1992-06-22,44001,Bristol,21.3028,14.045,61.9662,4.1166
1992-06-23,44001,Bristol,20.7954,12.0819,56.3053,4.3489
1992-06-24,44001,Bristol,22.6872,11.529,75.3586,3.6699
1992-06-25,44001,Bristol,25.4168,16.6407,61.2234,3.6867
1992-06-26,44001,Bristol,25.5778,14.0708,56.6715,2.7927
1992-06-27,44001,Bristol,25.7774,14.9171,65.2631,2.0911
1992-06-28,44001,Bristol,27.5634,14.9822,54.6705,2.0197
1992-06-29,44001,Bristol,28.325,14.3289,58.1324,3.5171
1992-06-30,44001,Bristol,25.485,14.0986,73.9722,4.7349
1992-07-01,44001,Bristol,29.7666,18.0635,65.4913,2.8417
1992-07-02,44001,Bristol,21.8271,13.2258,55.2698,2.314
1992-07-03,44001,Bristol,22.4323,11.0196,65.4713,1.6723
1992-07-04,44001,Bristol,19.3051,13.7942,83.3905,3.3188
1992-07-05,44001,Bristol,23.8156,13.8832,76.5926,3.0995
1992-07-06,44001,Bristol,27.1378,15.8794,68.992,2.8504
1992-07-07,44001,Bristol,25.0093,12.4365,67.578,2.4122
1992-07-08,44001,Bristol,26.5698,15.9319,62.9471,2.5735
1992-07-09,44001,Bristol,28.4805,16.7868,71.1559,4.4304
1992-07-10,44001,Bristol,29.2317,16.0929,61.9559,3.7425
1992-07-11,44001,Bristol,28.8533,18.618,64.3678,3.1875
1992-07-12,44001,Bristol,28.0457,15.4306,67.1387,3.0153
1992-07-13,44001,Bristol,30.3559,19.0664,64.6965,3.2467
1992-07-14,44001,Bristol,26.621,16.8643,76.6418,3.2244
1992-07-15,44001,Bristol,24.3207,15.6646,80.2036,2.8571
1992-07-16,44001,Bristol,23.892,14.8308,67.723,3.0212
1992-07-17,44001,Bristol,23.2603,14.1859,76.036,2.6921
1992-07-18,44001,Bristol,30.3348,16.9532,73.744,3.189
1992-07-19,44001,Bristol,29.8647,19.1658,67.4573,2.974
1992-07-20,44001,Bristol,29.3758,18.4196,68.1473,3.1636
1992-07-21,44001,Bristol,30.1459,17.9114,66.6623,3.1912
1992-07-22,44001,Bristol,21.5362,14.2007,67.5418,2.3329
1992-07-23,44001,Bristol,17.8906,13.1908,81.9294,3.2123
1992-07-24,44001,Bristol,22.9947,13.4483,65.486,2.5573
1992-07-25,44001,Bristol,24.8665,12.4926,61.3177,1.8044
1992-07-26,44001,Bristol,25.685,11.763,73.6931,3.812
1992-07-27,44001,Bristol,27.7818,18.5238,75.3849,3.985
1992-07-28,44001,Bristol,26.6359,15.8832,58.3176,2.8372
1992-07-29,44001,Bristol,27.9013,13.1011,67.7309,3.7813
1992-07-30,44001,Bristol,27.7566,16.7318,56.7106,2.0195
1992-07-31,44001,Bristol,23.3679,13.7785,83.975,3.2462
1992-08-01,44001,Bristol,25.403,14.2309,71.3353,4.6438
1992-08-02,44001,Bristol,26.3255,12.1834,65.9616,3.4129
1992-08-03,44001,Bristol,25.5362,15.8663,78.2471,3.7319
1992-08-04,44001,Bristol,27.417,17.0915,78.8089,3.291
1992-08-05,44001,Bristol,25.7222,15.6039,61.6104,4.0288
1992-08-06,44001,Bristol,26.6162,13.363,56.3814,2.4723
1992-08-07,44001,Bristol,27.572,13.663,56.2816,2.0584
1992-08-08,44001,Bristol,26.9768,13.6676,58.5231,1.9225
1992-08-09,44001,Bristol,23.5457,15.3346,86.674,2.4678
1992-08-10,44001,Bristol,26.1317,17.4282,76.9778,2.094
1992-08-11,44001,Bristol,30.4366,18.2461,75.3597,4.0455
1992-08-12,44001,Bristol,25.7575,17.8896,61.1368,1.6187
1992-08-13,44001,Bristol,24.4568,13.9948,71.2935,3.2871
1992-08-14,44001,Bristol,20.0428,15.4346,81.427,4.5735
1992-08-15,44001,Bristol,19.6349,14.9342,80.3737,4.5891
1992-08-16,44001,Bristol,20.7696,14.1257,88.7353,1.919
1992-08-17,44001,Bristol,22.9133,17.1649,85.083,1.5319
1992-08-18,44001,Bristol,24.9979,19.2676,81.5054,2.1772
1992-08-19,44001,Bristol,26.4248,18.1311,78.8805,3.5849
1992-08-20,44001,Bristol,22.849,15.6556,65.3179,3.1409
1992-08-21,44001,Bristol,22.6601,12.2682,65.7009,2.7736
1992-08-22,44001,Bristol,26.7683,12.9744,65.1642,1.6148
1992-08-23,44001,Bristol,26.4546,18.3991,67.9801,1.4096
1992-08-24,44001,Bristol,27.3026,16.2467,68.8891,3.388
1992-08-25,44001,Bristol,29.5941,16.863,73.2162,3.0029
1992-08-26,44001,Bristol,29.0819,20.6049,75.5527,1.8651
1992-08-27,44001,Bristol,26.7205,20.115,82.8878,2.1953
1992-08-28,44001,Bristol,28.3208,18.9711,79.2622,3.9771
1992-08-29,44001,Bristol,25.6359,16.6453,72.2806,5.6174
1992-08-30,44001,Bristol,23.9059,12.463,66.5044,5.2136
1992-08-31,44001,Bristol,26.497,15.2005,63.3112,5.0667
1992-09-01,44001,Bristol,20.5156,11.0051,61.467,4.3913
1992-09-02,44001,Bristol,20.1406,7.3037,61.6503,2.2601
1992-09-03,44001,Bristol,20.0156,12.3432,93.8923,3.9092
1992-09-04,44001,Bristol,23.7131,15.0174,78.0077,1.9182
1992-09-05,44001,Bristol,22.4774,12.4759,72.4959,2.3591
1992-09-06,44001,Bristol,22.1162,10.1473,74.1102,2.4665
1992-09-07,44001,Bristol,21.8814,11.8436,83.9026,1.5689
1992-09-08,44001,Bristol,24.321,16.1962,85.0352,2.6178
1992-09-09,44001,Bristol,26.2399,18.8312,79.0061,3.882
1992-09-10,44001,Bristol,25.5525,18.0222,86.0323,4.5852
1992-09-11,44001,Bristol,21.6204,16.2226,86.1432,2.6813
1992-09-12,44001,Bristol,19.0834,12.0187,63.8285,3.3256
1992-09-13,44001,Bristol,19.3319,10.1641,61.5594,1.1202
1992-09-14,44001,Bristol,21.1432,9.7038,67.419,2.0769
1992-09-15,44001,Bristol,23.0975,10.5853,77.3392,2.9138
1992-09-16,44001,Bristol,26.4445,15.4922,74.1538,3.7385
1992-09-17,44001,Bristol,27.2466,16.603,72.6993,4.2243
1992-09-18,44001,Bristol,28.3089,16.6239,71.4478,4.1253
1992-09-19,44001,Bristol,24.5159,13.916,71.6568,3.5487
1992-09-20,44001,Bristol,20.1659,10.5317,58.1089,2.1581
1992-09-21,44001,Bristol,22.2086,9.4837,69.352,3.4174
1992-09-22,44001,Bristol,25.1349,13.9535,89.4048,4.5201
1992-09-23,44001,Bristol,19.8799,9.0739,73.0088,5.3517
1992-09-24,44001,Bristol,13.0892,6.0948,67.6205,6.3091
1992-09-25,44001,Bristol,18.3189,5.4136,81.307,5.7226
1992-09-26,44001,Bristol,17.8593,12.6739,85.5134,4.0442
1992-09-27,44001,Bristol,24.332,12.1629,87.4684,3.69
1992-09-28,44001,Bristol,23.597,15.303,68.3013,2.7191
1992-09-29,44001,Bristol,19.1749,7.6461,67.1048,4.7839
1992-09-30,44001,Bristol,12.1835,2.9396,60.0586,4.7936
1992-10-01,44001,Bristol,9.7183,1.3853,55.6083,4.4786
1992-10-02,44001,Bristol,17.7813,0.6085,66.353,5.1245
1992-10-03,44001,Bristol,24.4508,10.6615,62.8287,5.4226
1992-10-04,44001,Bristol,16.7644,7.7139,62.7265,3.6157
1992-10-05,44001,Bristol,11.1847,4.6577,58.132,5.5506
1992-10-06,44001,Bristol,13.5319,3.6214,52.2305,2.8775
1992-10-07,44001,Bristol,19.4779,2.7256,52.1608,3.0637
1992-10-08,44001,Bristol,19.5298,5.2697,58.7576,2.653
1992-10-09,44001,Bristol,21.7691,7.8394,78.0248,3.9714
1992-10-10,44001,Bristol,21.6386,13.0836,75.728,3.5741
1992-10-11,44001,Bristol,22.4806,12.1198,74.0808,2.0043
1992-10-12,44001,Bristol,18.8566,9.355,68.8146,3.6084
1992-10-13,44001,Bristol,18.6787,6.5348,54.0827,3.3062
1992-10-14,44001,Bristol,17.2713,4.5288,55.601,2.2752
1992-10-15,44001,Bristol,18.5344,10.7025,67.6664,1.7716
1992-10-16,44001,Bristol,21.0131,10.1854,73.1804,4.4651
1992-10-17,44001,Bristol,16.3003,2.503,55.5941,4.6043
1992-10-18,44001,Bristol,12.602,-0.4425,54.7116,2.8346
1992-10-19,44001,Bristol,9.5468,4.6105,71.0855,4.1539
1992-10-20,44001,Bristol,12.0691,1.4429,63.7641,3.1335
1992-10-21,44001,Bristol,13.5147,7.4555,74.7649,2.9644
1992-10-22,44001,Bristol,12.2272,6.0775,63.3114,3.9073
1992-10-23,44001,Bristol,14.2319,5.456,60.4728,2.9003
1992-10-24,44001,Bristol,14.3799,6.5521,83.6605,5.583
1992-10-25,44001,Bristol,14.4721,2.9812,68.4653,5.336
1992-10-26,44001,Bristol,10.8012,0.2482,60.0855,6.161
1992-10-27,44001,Bristol,11.511,2.3521,57.6705,4.3565
1992-10-28,44001,Bristol,12.8329,0.3656,57.8007,2.0659
1992-10-29,44001,Bristol,16.2689,5.8585,68.9557,1.8699
1992-10-30,44001,Bristol,15.2422,7.3538,63.8198,2.9346
1992-10-31,44001,Bristol,9.6365,3.8297,69.6354,4.4827
1992-11-01,44001,Bristol,6.8431,-1.4275,59.699,4.5212
1992-11-02,44001,Bristol,6.4826,-2.6648,70.1025,3.5894
1992-11-03,44001,Bristol,12.4973,3.6556,79.2443,4.0631
1992-11-04,44001,Bristol,16.662,3.5275,76.6017,3.361
1992-11-05,44001,Bristol,16.3095,6.4577,68.3963,2.1194
1992-11-06,44001,Bristol,10.7284,4.055,61.3187,4.0281
1992-11-07,44001,Bristol,5.9907,0.9672,58.0647,2.9988
1992-11-08,44001,Bristol,4.6571,-0.9999,55.3628,4.5517
1992-11-09,44001,Bristol,3.2571,-2.4306,55.3479,3.0362
1992-11-10,44001,Bristol,5.7121,-3.8279,61.3358,2.5196
1992-11-11,44001,Bristol,11.8997,1.7086,83.5343,5.4213
1992-11-12,44001,Bristol,12.6008,5.7071,81.8726,3.8735
1992-11-13,44001,Bristol,16.6649,2.3012,65.2739,6.1799
1992-11-14,44001,Bristol,8.4095,-0.3574,47.7271,3.5716
1992-11-15,44001,Bristol,7.2997,-0.1836,50.331,3.0636
1992-11-16,44001,Bristol,4.6125,-3.0766,47.0963,3.1557
1992-11-17,44001,Bristol,7.8066,-0.7826,72.0542,2.8821
1992-11-18,44001,Bristol,6.9347,1.9382,64.809,2.8881
1992-11-19,44001,Bristol,4.8838,-0.1938,60.5703,3.3058
1992-11-20,44001,Bristol,5.0854,-3.9555,58.5298,2.5801
1992-11-21,44001,Bristol,11.7096,-0.7578,84.512,5.1218
1992-11-22,44001,Bristol,14.4524,9.7799,81.1693,4.6961
1992-11-23,44001,Bristol,18.0734,7.3181,78.5801,4.5714
1992-11-24,44001,Bristol,9.3461,3.8537,72.1388,4.7045
1992-11-25,44001,Bristol,11.3449,5.0533,76.8338,2.4718
1992-11-26,44001,Bristol,13.4347,4.7255,86.4786,3.1607
1992-11-27,44001,Bristol,13.6092,4.4574,65.0202,3.2379
1992-11-28,44001,Bristol,10.862,1.6393,66.7642,1.2341
1992-11-29,44001,Bristol,9.3243,3.5725,60.3789,3.3136
1992-11-30,44001,Bristol,7.6608,1.1799,60.8917,5.0045
1992-12-01,44001,Bristol,7.5604,1.2662,60.3514,2.1664
1992-12-02,44001,Bristol,9.1386,0.2458,70.0716,3.2264
1992-12-03,44001,Bristol,7.2049,0.9946,74.9006,5.0539
1992-12-04,44001,Bristol,5.4034,-2.0052,62.4853,5.0289
1992-12-05,44001,Bristol,4.8009,-5.3341,67.7993,6.2851
1992-12-06,44001,Bristol,1.2513,-7.1844,47.6834,7.6759
1992-12-07,44001,Bristol,4.4226,-1.6695,56.3991,5.9454
1992-12-08,44001,Bristol,0.6543,-6.7353,41.289,5.5528
1992-12-09,44001,Bristol,-2.4885,-8.9858,46.7133,5.0708
1992-12-10,44001,Bristol,2.8749,-7.0759,73.0326,5.668
1992-12-11,44001,Bristol,6.6406,0.5175,83.3957,11.6962
1992-12-12,44001,Bristol,5.4093,1.8915,74.3914,11.8008
1992-12-13,44001,Bristol,4.9732,-0.6174,74.5808,9.9587
1992-12-14,44001,Bristol,5.7543,-2.191,66.7944,5.7779
1992-12-15,44001,Bristol,6.4222,-2.3763,63.987,1.8229
1992-12-16,44001,Bristol,8.7004,-1.492,78.5227,4.1378
1992-12-17,44001,Bristol,10.3676,2.8084,77.3283,3.8572
1992-12-18,44001,Bristol,6.8258,-2.864,59.0153,4.6764
1992-12-19,44001,Bristol,6.5926,-2.8539,68.5787,3.5326
1992-12-20,44001,Bristol,10.9012,-0.8924,72.743,6.2455
1992-12-21,44001,Bristol,1.2005,-3.667,38.8208,3.3795
1992-12-22,44001,Bristol,7.1404,-2.6605,61.8083,3.0745
1992-12-23,44001,Bristol,6.1827,-1.5835,72.0876,3.248
1992-12-24,44001,Bristol,3.7402,-11.481,51.5461,7.7893
1992-12-25,44001,Bristol,3.5705,-11.844,59.7946,6.5824
1992-12-26,44001,Bristol,3.2816,-6.424,39.8175,7.1346
1992-12-27,44001,Bristol,-3.5184,-9.9588,38.6713,3.1564
1992-12-28,44001,Bristol,4.2507,-6.076,100.0,2.8063
1992-12-29,44001,Bristol,9.973,1.2145,77.6415,1.8755
1992-12-30,44001,Bristol,9.9665,2.8094,76.1157,2.1407
1992-12-31,44001,Bristol,8.1361,2.0804,83.1898,2.0538
1993-01-01,44001,Bristol,7.3144,-6.244,51.1545,6.4753
1993-01-02,44001,Bristol,-0.9341,-6.9196,40.0181,5.4446
1993-01-03,44001,Bristol,3.4748,-9.2524,67.9388,3.6633
1993-01-04,44001,Bristol,9.5721,0.4387,83.7115,6.7068
1993-01-05,44001,Bristol,13.7915,1.3684,80.217,6.9178
1993-01-06,44001,Bristol,6.2018,-2.4316,66.9013,1.5264
1993-01-07,44001,Bristol,5.5877,-2.3314,64.224,1.6385
1993-01-08,44001,Bristol,5.7938,-1.9502,68.7836,2.9566
1993-01-09,44001,Bristol,1.6767,-6.0395,54.6103,7.3846
1993-01-10,44001,Bristol,-2.6141,-6.6228,52.5958,6.0521
1993-01-11,44001,Bristol,0.1859,-6.4459,76.6333,2.4138
1993-01-12,44001,Bristol,1.7018,-3.4118,82.9762,1.4993
1993-01-13,44001,Bristol,2.3018,-1.8345,82.7858,5.0815
1993-01-14,44001,Bristol,1.3018,-4.8504,69.1549,4.184
1993-01-15,44001,Bristol,1.9907,-4.593,81.8102,2.2217
1993-01-16,44001,Bristol,2.1907,-3.9252,66.3024,2.3602
1993-01-17,44001,Bristol,2.2748,-3.952,71.4894,4.7337
1993-01-18,44001,Bristol,1.2766,-8.4883,44.8068,6.4713
1993-01-19,44001,Bristol,-3.0219,-10.2914,47.3078,4.9287
1993-01-20,44001,Bristol,1.8901,-9.2961,63.8334,4.6589
1993-01-21,44001,Bristol,3.6589,-5.1336,70.7801,2.9543
1993-01-22,44001,Bristol,5.1329,-1.7229,82.1582,4.4518
1993-01-23,44001,Bristol,7.577,-2.1229,71.5253,4.2085
1993-01-24,44001,Bristol,9.3737,-2.5118,79.273,5.6689
1993-01-25,44001,Bristol,8.1398,-3.4092,46.278,6.4095
1993-01-26,44001,Bristol,0.9047,-5.5252,46.4201,3.4405
1993-01-27,44001,Bristol,4.2041,-4.1928,69.7143,4.6984
1993-01-28,44001,Bristol,1.1888,-4.4362,46.1133,5.3189
1993-01-29,44001,Bristol,4.3051,-7.963,57.7588,6.3221
1993-01-30,44001,Bristol,-1.3452,-9.4934,35.7303,6.6673
1993-01-31,44001,Bristol,2.7428,-9.2133,72.9268,2.4839
1993-02-01,44001,Bristol,1.0845,-12.938,53.7046,6.7797
1993-02-02,44001,Bristol,-3.9609,-13.1213,54.9935,7.5294
1993-02-03,44001,Bristol,3.1125,-10.6912,54.5575,4.0415
1993-02-04,44001,Bristol,0.8103,-8.0613,49.017,6.3951
1993-02-05,44001,Bristol,5.7482,-8.6915,49.8769,4.9487
1993-02-06,44001,Bristol,0.9812,-13.5654,48.0248,6.4103
1993-02-07,44001,Bristol,-3.3331,-15.406,55.8524,3.0717
1993-02-08,44001,Bristol,3.3344,-6.2642,57.2685,4.7071
1993-02-09,44001,Bristol,-1.9488,-11.1666,44.2026,3.5083
1993-02-10,44001,Bristol,6.3624,-6.3454,65.9396,4.086
1993-02-11,44001,Bristol,2.8838,-4.5634,51.3484,5.5018
1993-02-12,44001,Bristol,3.7864,-4.6464,67.0101,8.4117
1993-02-13,44001,Bristol,5.9202,-2.5136,68.6054,5.8701
1993-02-14,44001,Bristol,1.8918,-5.0332,51.1294,5.5185
1993-02-15,44001,Bristol,0.934,-6.914,50.2341,3.3738
1993-02-16,44001,Bristol,5.8676,-2.9981,69.0863,6.0424
1993-02-17,44001,Bristol,6.1917,-5.0027,57.051,6.5035
1993-02-18,44001,Bristol,0.4564,-6.3298,42.4519,2.1431
1993-02-19,44001,Bristol,-1.0707,-9.2002,47.9804,5.4936
1993-02-20,44001,Bristol,-2.3952,-11.2479,47.8768,3.5358
1993-02-21,44001,Bristol,1.0697,-9.9716,59.2802,4.9295
1993-02-22,44001,Bristol,6.2026,-2.1712,67.7474,2.4023
1993-02-23,44001,Bristol,4.0356,-4.6822,57.5872,4.0057
1993-02-24,44001,Bristol,-1.4556,-9.2173,36.4766,6.1233
1993-02-25,44001,Bristol,-4.8764,-12.0576,35.8008,5.7883
1993-02-26,44001,Bristol,-1.2552,-12.5513,43.5091,1.7425
1993-02-27,44001,Bristol,0.1716,-8.9421,51.5912,7.0
1993-02-28,44001,Bristol,0.9872,-5.4821,39.5332,8.1666
1993-03-01,44001,Bristol,3.362,-7.3147,36.7259,4.7523
1993-03-02,44001,Bristol,5.9641,-3.8512,52.7343,2.8776
1993-03-03,44001,Bristol,7.9026,-1.9056,52.631,1.8201
1993-03-04,44001,Bristol,5.4732,-1.5828,63.9059,8.1817
1993-03-05,44001,Bristol,3.6846,-1.7053,74.7297,8.0468
1993-03-06,44001,Bristol,2.0248,-3.3881,70.2365,4.5709
1993-03-07,44001,Bristol,5.9855,-2.0762,58.0216,4.3781
1993-03-08,44001,Bristol,10.0573,-1.8468,66.7943,2.5512
1993-03-09,44001,Bristol,7.7197,0.023,65.1563,4.7145
1993-03-10,44001,Bristol,6.3142,-2.1083,60.2636,3.2117
1993-03-11,44001,Bristol,5.8334,-3.4134,61.9784,5.2009
1993-03-12,44001,Bristol,0.0573,-5.9544,34.7254,4.2771
1993-03-13,44001,Bristol,4.3634,-5.0077,69.7708,7.5366
1993-03-14,44001,Bristol,3.9018,-8.5567,52.2737,10.2305
1993-03-15,44001,Bristol,-2.1341,-11.9848,35.1219,6.0161
1993-03-16,44001,Bristol,3.1907,-6.498,68.1751,6.5411
1993-03-17,44001,Bristol,7.901,-0.2026,78.3109,5.6982
1993-03-18,44001,Bristol,2.5855,-8.6386,45.3971,7.6313
1993-03-19,44001,Bristol,0.5449,-9.6729,53.6544,3.9998
1993-03-20,44001,Bristol,3.7842,-5.7584,53.0233,1.696
1993-03-21,44001,Bristol,6.195,-2.4477,70.2027,2.0943
1993-03-22,44001,Bristol,6.9351,-3.0087,56.0849,3.6829
1993-03-23,44001,Bristol,7.8666,-3.046,52.4372,2.1082
1993-03-24,44001,Bristol,6.9212,0.6245,73.9498,4.3424
1993-03-25,44001,Bristol,9.3371,0.9897,71.0582,4.5844
1993-03-26,44001,Bristol,15.2657,2.8349,62.995,1.495
1993-03-27,44001,Bristol,16.1825,4.6843,57.6166,1.8351
1993-03-28,44001,Bristol,12.4061,3.8101,77.3896,3.0497
1993-03-29,44001,Bristol,11.6359,4.1654,75.9405,4.0686
1993-03-30,44001,Bristol,10.2974,3.2944,72.6163,4.3902
1993-03-31,44001,Bristol,14.2005,2.5562,52.0675,3.2504
1993-04-01,44001,Bristol,8.3053,3.2423,77.0792,4.7029
1993-04-02,44001,Bristol,9.9861,1.7019,66.3167,4.2585
1993-04-03,44001,Bristol,6.8572,0.4875,62.2463,3.2504
1993-04-04,44001,Bristol,5.3259,0.1347,60.6719,3.6097
1993-04-05,44001,Bristol,11.457,-0.6605,49.3732,1.7951
1993-04-06,44001,Bristol,10.3981,0.3492,53.4173,4.0113
1993-04-07,44001,Bristol,13.1781,-0.1852,45.036,4.2876
1993-04-08,44001,Bristol,16.5092,0.0584,44.4573,2.3091
1993-04-09,44001,Bristol,16.7281,3.3791,61.14,2.8722
1993-04-10,44001,Bristol,15.5387,5.3394,78.1717,5.0617
1993-04-11,44001,Bristol,17.0059,8.8478,72.8733,2.0144
1993-04-12,44001,Bristol,11.7322,5.9133,76.8915,3.9228
1993-04-13,44001,Bristol,11.354,6.2145,67.9977,4.9718
1993-04-14,44001,Bristol,14.1381,5.7421,58.1154,1.7425
1993-04-15,44001,Bristol,13.6583,6.6514,63.6796,3.5489
1993-04-16,44001,Bristol,18.3178,8.0667,71.7686,6.3918
1993-04-17,44001,Bristol,16.6795,8.4146,71.581,5.7274
1993-04-18,44001,Bristol,12.1537,4.9035,54.8083,3.4833
1993-04-19,44001,Bristol,18.0204,1.882,54.5826,4.8842
1993-04-20,44001,Bristol,17.2924,5.2774,64.8492,5.4751
1993-04-21,44001,Bristol,18.4485,7.2869,68.8011,4.1046
1993-04-22,44001,Bristol,17.2724,8.9319,74.1201,2.634
1993-04-23,44001,Bristol,10.6183,5.9772,61.4295,6.1637
1993-04-24,44001,Bristol,17.4459,2.8208,42.4267,3.5162
1993-04-25,44001,Bristol,19.3879,6.371,62.9597,5.7274
1993-04-26,44001,Bristol,19.4612,8.8698,67.122,3.6041
1993-04-27,44001,Bristol,9.3416,0.7849,63.5462,8.2797
1993-04-28,44001,Bristol,12.2605,0.1611,53.0209,5.7251
1993-04-29,44001,Bristol,16.2608,0.5407,56.3205,4.7445
1993-04-30,44001,Bristol,19.3748,3.5965,61.2494,4.4764
1993-05-01,44001,Bristol,22.4176,7.2901,59.3261,2.1469
1993-05-02,44001,Bristol,21.8991,8.3784,50.4846,3.1963
1993-05-03,44001,Bristol,18.6065,5.5047,61.5293,3.5647
1993-05-04,44001,Bristol,21.7575,6.1264,67.09,2.4205
1993-05-05,44001,Bristol,22.9497,12.0829,69.1447,3.8334
1993-05-06,44001,Bristol,25.1542,13.3349,59.1313,3.4437
1993-05-07,44001,Bristol,22.6725,11.4141,55.1296,2.695
1993-05-08,44001,Bristol,21.5198,8.1439,59.7981,2.3198
1993-05-09,44001,Bristol,27.1002,8.9059,47.686,1.9921
1993-05-10,44001,Bristol,19.0412,9.4998,64.071,3.1149
1993-05-11,44001,Bristol,29.1719,10.0374,56.5431,3.5403
1993-05-12,44001,Bristol,25.8276,13.4044,54.0626,1.9029
1993-05-13,44001,Bristol,23.1833,13.6091,56.5125,1.4591
1993-05-14,44001,Bristol,18.2896,8.9077,58.1289,2.7037
1993-05-15,44001,Bristol,19.962,7.384,60.5332,3.0331
1993-05-16,44001,Bristol,27.0442,10.4948,60.3888,3.3991
1993-05-17,44001,Bristol,19.3084,10.3297,52.9281,2.7674
1993-05-18,44001,Bristol,19.2306,9.0652,60.935,2.9505
1993-05-19,44001,Bristol,15.9434,11.2673,73.2102,1.9821
1993-05-20,44001,Bristol,14.5054,8.3132,80.3012,2.7288
1993-05-21,44001,Bristol,20.1313,10.9605,60.4028,2.338
1993-05-22,44001,Bristol,20.6227,11.9225,52.0874,1.4454
1993-05-23,44001,Bristol,20.8756,8.3983,50.8445,3.0335
1993-05-24,44001,Bristol,22.2579,8.9171,66.6971,3.6143
1993-05-25,44001,Bristol,27.0322,14.3468,63.2639,4.45
1993-05-26,44001,Bristol,21.0642,12.465,57.4228,3.4016
1993-05-27,44001,Bristol,20.2991,8.9124,54.0768,4.5301
1993-05-28,44001,Bristol,20.286,7.4494,63.3813,2.9418
1993-05-29,44001,Bristol,23.0591,9.1862,54.1559,4.7784
1993-05-30,44001,Bristol,19.4921,6.5264,52.1637,3.9367
1993-05-31,44001,Bristol,20.6151,9.4816,60.6548,3.869
1993-06-01,44001,Bristol,21.8924,10.9898,65.7825,4.6138
1993-06-02,44001,Bristol,19.6845,7.1111,55.0503,3.9766
1993-06-03,44001,Bristol,22.9734,8.9261,55.7234,3.7289
1993-06-04,44001,Bristol,20.4313,11.5705,58.2636,2.0157
1993-06-05,44001,Bristol,20.7583,10.5975,60.2919,3.1286
1993-06-06,44001,Bristol,18.5014,12.0531,71.2633,2.962
1993-06-07,44001,Bristol,23.9398,10.9309,55.6179,3.7839
1993-06-08,44001,Bristol,24.6927,11.6478,62.2612,2.141
1993-06-09,44001,Bristol,26.1365,15.3907,70.8762,3.2079
1993-06-10,44001,Bristol,30.006,17.8774,58.2707,4.32
1993-06-11,44001,Bristol,25.5395,16.8523,60.4327,3.2956
1993-06-12,44001,Bristol,23.5727,12.2719,63.1088,2.2436
1993-06-13,44001,Bristol,24.3357,11.204,62.2937,3.0588
1993-06-14,44001,Bristol,27.746,13.0117,59.2912,4.2203
1993-06-15,44001,Bristol,25.545,13.7088,67.1516,4.6747
1993-06-16,44001,Bristol,28.1674,17.6663,60.3827,3.4063
1993-06-17,44001,Bristol,24.9398,15.9117,58.2744,1.4543
1993-06-18,44001,Bristol,29.1915,14.0181,64.4355,3.8478
1993-06-19,44001,Bristol,31.6937,19.1008,61.9388,2.8006
1993-06-20,44001,Bristol,23.5872,18.1278,73.0617,2.0361
1993-06-21,44001,Bristol,29.334,17.8672,69.5281,4.2094
1993-06-22,44001,Bristol,28.9612,17.7482,59.7491,5.0717
1993-06-23,44001,Bristol,24.3423,11.6664,46.4343,5.1085
1993-06-24,44001,Bristol,25.9317,8.829,47.7131,2.3475
1993-06-25,44001,Bristol,27.7915,12.603,55.7448,3.8592
1993-06-26,44001,Bristol,28.6821,15.3441,66.5682,5.7377
1993-06-27,44001,Bristol,27.4493,19.0407,68.3982,3.6134
1993-06-28,44001,Bristol,29.5169,18.7875,62.7458,4.7228
1993-06-29,44001,Bristol,30.4047,18.8933,54.9811,2.4854
1993-06-30,44001,Bristol,27.1948,18.6865,59.2139,1.2508
1993-07-01,44001,Bristol,26.0448,13.1959,61.9214,2.7148
1993-07-02,44001,Bristol,23.1275,10.4981,74.2195,2.6275
1993-07-03,44001,Bristol,23.6372,17.0399,88.757,2.4812
1993-07-04,44001,Bristol,30.9252,19.8677,60.0948,2.1103
1993-07-05,44001,Bristol,28.2396,15.7541,60.0478,2.4667
1993-07-06,44001,Bristol,30.3595,15.3951,64.0258,4.3082
1993-07-07,44001,Bristol,32.427,19.377,73.7331,3.8044
1993-07-08,44001,Bristol,32.4195,23.9962,69.6028,1.5329
1993-07-09,44001,Bristol,34.3776,23.8645,59.7454,2.279
1993-07-10,44001,Bristol,36.7683,22.5022,52.6798,3.252
1993-07-11,44001,Bristol,33.5707,18.7789,48.0341,3.0285
1993-07-12,44001,Bristol,31.7214,18.3489,65.2461,2.8142
1993-07-13,44001,Bristol,31.9198,17.9133,42.7419,3.1274
1993-07-14,44001,Bristol,32.4821,15.4006,49.8166,2.6504
1993-07-15,44001,Bristol,31.2504,16.4475,52.0911,3.8835
1993-07-16,44001,Bristol,28.8833,12.0446,43.8038,4.395
1993-07-17,44001,Bristol,26.6307,12.5892,49.7761,3.6764
1993-07-18,44001,Bristol,29.448,15.7481,42.4211,2.557
1993-07-19,44001,Bristol,22.8821,15.022,90.5056,3.7326
1993-07-20,44001,Bristol,29.0776,19.4838,70.5455,2.8279
1993-07-21,44001,Bristol,27.9972,18.5494,56.6375,3.6891
1993-07-22,44001,Bristol,26.5854,14.3378,53.2276,3.9485
1993-07-23,44001,Bristol,23.3119,14.5306,65.7457,3.4802
1993-07-24,44001,Bristol,27.4854,14.4566,59.0656,2.5078
1993-07-25,44001,Bristol,28.587,14.374,55.4634,2.924
1993-07-26,44001,Bristol,23.3854,13.5911,59.6961,3.1487
1993-07-27,44001,Bristol,22.7754,14.5039,91.6679,4.9704
1993-07-28,44001,Bristol,28.9411,19.8642,73.1561,2.2191
1993-07-29,44001,Bristol,27.6997,21.4009,80.4916,3.5385
1993-07-30,44001,Bristol,30.1153,20.0715,65.5439,3.0666
1993-07-31,44001,Bristol,25.9695,18.8634,72.5755,2.4904
1993-08-01,44001,Bristol,26.7722,18.7694,80.7649,2.6211
1993-08-02,44001,Bristol,28.6573,17.8506,82.8412,4.3277
1993-08-03,44001,Bristol,33.0201,20.1795,66.3926,3.5972
1993-08-04,44001,Bristol,32.2111,20.8906,65.1153,2.9997
1993-08-05,44001,Bristol,27.4844,17.7946,55.7431,3.0196
1993-08-06,44001,Bristol,24.405,12.8234,62.7191,2.0135
1993-08-07,44001,Bristol,21.684,15.0239,75.622,3.4076
1993-08-08,44001,Bristol,26.3352,14.0934,71.6754,2.0607
1993-08-09,44001,Bristol,27.4607,14.9496,67.2901,2.2147
1993-08-10,44001,Bristol,27.6581,13.8314,60.0537,2.556
1993-08-11,44001,Bristol,27.7364,12.3926,66.5371,2.8736
1993-08-12,44001,Bristol,25.9051,11.8156,70.8285,1.9669
1993-08-13,44001,Bristol,25.9471,16.4032,73.0571,1.468
1993-08-14,44001,Bristol,29.1146,17.5496,71.6244,2.0015
1993-08-15,44001,Bristol,29.3492,18.0883,69.4876,1.5242
1993-08-16,44001,Bristol,28.5113,17.4844,72.2818,2.718
1993-08-17,44001,Bristol,23.8819,18.0933,91.7809,2.9706
1993-08-18,44001,Bristol,26.1512,17.8146,79.4953,3.4134
1993-08-19,44001,Bristol,27.502,15.7404,69.998,2.7707
1993-08-20,44001,Bristol,27.4265,16.5162,84.7195,3.9515
1993-08-21,44001,Bristol,25.6869,18.5923,73.7308,3.037
1993-08-22,44001,Bristol,22.3717,15.7032,63.011,1.6012
1993-08-23,44001,Bristol,25.9766,15.9488,70.1339,2.64
1993-08-24,44001,Bristol,28.5116,16.0719,75.3512,4.5847
1993-08-25,44001,Bristol,31.9574,19.3583,71.3219,3.975
1993-08-26,44001,Bristol,33.9249,18.8694,57.8559,2.1915
1993-08-27,44001,Bristol,34.0955,17.4046,61.5307,4.0833
1993-08-28,44001,Bristol,34.4984,20.0314,69.494,4.6218
1993-08-29,44001,Bristol,28.6238,17.5892,59.7042,1.7814
1993-08-30,44001,Bristol,29.0507,16.7018,62.0885,1.9165
1993-08-31,44001,Bristol,29.5593,17.2452,75.7682,4.0811
1993-09-01,44001,Bristol,32.0414,17.0895,62.2078,3.0797
1993-09-02,44001,Bristol,24.9472,15.7261,63.9928,2.7453
1993-09-03,44001,Bristol,32.3337,17.7171,69.1745,5.5078
1993-09-04,44001,Bristol,27.5938,20.5004,76.3144,2.6079
1993-09-05,44001,Bristol,28.5115,17.5239,64.2151,1.6176
1993-09-06,44001,Bristol,28.968,15.6676,58.4302,2.1258
1993-09-07,44001,Bristol,28.1381,15.6015,66.0385,2.342
1993-09-08,44001,Bristol,23.1783,16.0301,79.438,2.1876
1993-09-09,44001,Bristol,25.568,15.5847,74.9498,3.226
1993-09-10,44001,Bristol,24.4096,18.8907,80.3931,4.5816
1993-09-11,44001,Bristol,19.3351,9.9924,58.6553,5.058
1993-09-12,44001,Bristol,19.5462,7.1309,68.2168,2.9697
1993-09-13,44001,Bristol,24.7697,13.6326,71.8003,4.9911
1993-09-14,44001,Bristol,28.3799,16.6703,67.5976,5.5076
1993-09-15,44001,Bristol,28.8311,17.8845,73.5579,5.8066
1993-09-16,44001,Bristol,20.068,12.1874,79.6247,5.5029
1993-09-17,44001,Bristol,16.7783,9.9891,94.641,3.5298
1993-09-18,44001,Bristol,19.7192,14.2364,87.1634,1.8307
1993-09-19,44001,Bristol,19.4828,7.1628,69.428,3.7429
1993-09-20,44001,Bristol,15.4322,3.5122,54.407,2.8023
1993-09-21,44001,Bristol,13.1546,9.5379,85.1271,2.3017
1993-09-22,44001,Bristol,16.875,11.1165,87.2892,4.5506
1993-09-23,44001,Bristol,18.7053,12.107,86.8736,3.6037
1993-09-24,44001,Bristol,18.0351,9.1813,64.387,3.2442
1993-09-25,44001,Bristol,19.0806,7.1244,68.0654,2.8422
1993-09-26,44001,Bristol,20.065,12.5421,99.9514,4.8784
1993-09-27,44001,Bristol,24.3662,17.4002,85.6168,4.7236
1993-09-28,44001,Bristol,18.1223,11.2215,77.7429,6.0316
1993-09-29,44001,Bristol,17.5222,7.8938,63.179,3.6092
1993-09-30,44001,Bristol,14.4635,4.6486,65.6847,3.7473
1993-10-01,44001,Bristol,15.316,3.0441,63.3967,3.3258
1993-10-02,44001,Bristol,21.0824,9.5069,72.816,5.0252
1993-10-03,44001,Bristol,17.3803,6.7974,76.9699,3.8139
1993-10-04,44001,Bristol,19.9932,5.7564,67.2547,6.5309
1993-10-05,44001,Bristol,14.6713,5.3436,61.3413,4.1755
1993-10-06,44001,Bristol,15.1345,3.9166,55.7294,3.4424
1993-10-07,44001,Bristol,20.2644,9.0675,69.5581,6.3299
1993-10-08,44001,Bristol,24.6943,11.7535,65.9526,3.9449
1993-10-09,44001,Bristol,23.3135,14.0691,68.9809,3.5663
1993-10-10,44001,Bristol,16.3123,-0.297,53.2969,4.8173
1993-10-11,44001,Bristol,9.8668,-2.8355,59.5122,3.7848
1993-10-12,44001,Bristol,15.0444,1.9301,89.2493,4.4903
1993-10-13,44001,Bristol,13.3541,2.0379,60.9012,4.748
1993-10-14,44001,Bristol,12.3632,-1.4727,63.4202,1.6723
1993-10-15,44001,Bristol,15.0947,8.3474,77.9368,1.6396
1993-10-16,44001,Bristol,19.0952,9.1736,66.8506,2.7927
1993-10-17,44001,Bristol,19.3429,8.8006,82.821,2.352
1993-10-18,44001,Bristol,20.5136,7.8727,63.9908,3.618
1993-10-19,44001,Bristol,14.0543,4.3839,61.4411,1.8478
1993-10-20,44001,Bristol,11.5444,8.0107,81.7596,4.5519
1993-10-21,44001,Bristol,19.4123,8.9513,84.9762,6.3967
1993-10-22,44001,Bristol,13.8342,4.5244,57.9075,5.4557
1993-10-23,44001,Bristol,10.4725,1.5982,55.1092,4.5244
1993-10-24,44001,Bristol,15.7024,1.0162,66.1958,5.9166
1993-10-25,44001,Bristol,18.7402,5.8999,56.3245,3.5975
1993-10-26,44001,Bristol,12.5647,4.0859,70.9572,5.3283
1993-10-27,44001,Bristol,12.5861,7.4834,83.7962,5.9747
1993-10-28,44001,Bristol,14.7414,5.0224,60.7821,3.5616
1993-10-29,44001,Bristol,14.0839,3.9871,62.7757,2.8933
1993-10-30,44001,Bristol,13.9093,6.4068,75.1843,3.8646
1993-10-31,44001,Bristol,9.6816,3.5653,83.4472,6.1997
1993-11-01,44001,Bristol,12.0391,1.9366,67.0131,6.8
1993-11-02,44001,Bristol,8.7196,-1.5336,49.5084,4.2305
1993-11-03,44001,Bristol,13.1827,-0.3451,68.0312,4.2651
1993-11-04,44001,Bristol,11.1461,1.7943,67.2268,3.7982
1993-11-05,44001,Bristol,15.2539,3.0247,86.132,5.2833
1993-11-06,44001,Bristol,17.5355,7.1553,61.5807,3.9603
1993-11-07,44001,Bristol,9.6428,-1.44,49.42,4.1903
1993-11-08,44001,Bristol,8.1839,-3.0101,56.4379,3.2373
1993-11-09,44001,Bristol,11.3836,-1.7622,57.1514,3.2662
1993-11-10,44001,Bristol,12.3307,-0.8589,50.2969,2.4484
1993-11-11,44001,Bristol,12.1039,-2.1252,62.4509,4.0295
1993-11-12,44001,Bristol,14.2132,0.3194,58.8106,5.1272
1993-11-13,44001,Bristol,11.2125,-2.629,71.3753,4.0183
1993-11-14,44001,Bristol,20.6841,8.3477,68.4459,4.9149
1993-11-15,44001,Bristol,22.314,11.5743,62.1674,5.0653
1993-11-16,44001,Bristol,13.7478,5.0776,58.3065,2.6422
1993-11-17,44001,Bristol,13.4129,3.978,78.9012,4.0413
1993-11-18,44001,Bristol,13.7911,0.6172,57.1809,4.2679
1993-11-19,44001,Bristol,12.5336,0.2211,81.4762,4.854
1993-11-20,44001,Bristol,13.1107,-2.1238,62.5179,7.0486
1993-11-21,44001,Bristol,5.6243,-2.0179,54.4338,5.7172
1993-11-22,44001,Bristol,12.4981,0.5592,59.6551,5.0704
1993-11-23,44001,Bristol,12.1944,-0.8478,60.8764,2.2923
1993-11-24,44001,Bristol,14.4086,2.5182,59.0322,3.3352
1993-11-25,44001,Bristol,4.6369,-5.5336,41.9405,5.266
1993-11-26,44001,Bristol,6.0461,-6.593,42.8551,2.7099
1993-11-27,44001,Bristol,10.535,-2.1057,74.6716,5.352
1993-11-28,44001,Bristol,15.3771,6.6178,80.7618,8.4215
1993-11-29,44001,Bristol,12.4701,-0.0107,48.9379,2.7923
1993-11-30,44001,Bristol,6.4169,-3.273,56.8553,4.0212
1993-12-01,44001,Bristol,4.4027,-4.3516,58.4862,3.0561
1993-12-02,44001,Bristol,8.2899,-2.4733,70.5038,1.9671
1993-12-03,44001,Bristol,10.6435,0.4377,72.4126,2.4787
1993-12-04,44001,Bristol,8.1598,-1.0487,76.7619,2.4277
1993-12-05,44001,Bristol,14.5411,3.5647,76.3512,6.3506
1993-12-06,44001,Bristol,7.2262,-0.1298,67.8517,3.9051
1993-12-07,44001,Bristol,9.7956,0.0042,61.2744,3.4602
1993-12-08,44001,Bristol,6.898,-0.0564,61.2246,1.6947
1993-12-09,44001,Bristol,5.2816,-3.5483,60.4141,2.2578
1993-12-10,44001,Bristol,10.3165,-0.335,82.4631,5.5531
1993-12-11,44001,Bristol,12.0175,-3.6231,81.9206,4.7577
1993-12-12,44001,Bristol,0.7944,-4.7298,54.0894,6.6486
1993-12-13,44001,Bristol,3.6419,-3.825,65.0419,8.8032
1993-12-14,44001,Bristol,5.5027,-0.0165,78.9591,5.4121
1993-12-15,44001,Bristol,9.1357,2.8754,74.2862,5.7921
1993-12-16,44001,Bristol,6.2034,-2.2434,65.7449,9.9893
1993-12-17,44001,Bristol,2.9279,-4.4328,55.2305,3.703
1993-12-18,44001,Bristol,4.9122,-3.0815,67.6285,3.0633
1993-12-19,44001,Bristol,6.5687,-0.1062,76.7561,2.7269
1993-12-20,44001,Bristol,6.2026,-2.1322,70.9676,2.6737
1993-12-21,44001,Bristol,12.4288,0.4934,78.7795,8.9698
1993-12-22,44001,Bristol,4.7845,-1.5766,57.6452,8.1743
1993-12-23,44001,Bristol,3.3804,-4.4357,45.0675,4.0749
1993-12-24,44001,Bristol,0.2694,-7.1512,49.1655,2.6419
1993-12-25,44001,Bristol,1.687,-2.2516,68.2387,2.8071
1993-12-26,44001,Bristol,0.2009,-11.1641,39.0388,8.9263
1993-12-27,44001,Bristol,-8.4132,-15.0675,29.9446,5.2982
1993-12-28,44001,Bristol,-4.3208,-10.6863,35.549,3.5516
1993-12-29,44001,Bristol,-2.6377,-13.3941,64.7014,4.513
1993-12-30,44001,Bristol,-2.3187,-8.8405,61.818,7.1219
1993-12-31,44001,Bristol,-0.7171,-8.9739,42.0947,5.5366
1994-01-01,44001,Bristol,3.4719,-7.051,64.8413,5.2287
1994-01-02,44001,Bristol,4.8201,-3.2727,64.4209,3.6373
1994-01-03,44001,Bristol,1.3018,-4.5813,58.921,6.8256
1994-01-04,44001,Bristol,3.9729,-2.0723,69.4442,7.9446
1994-01-05,44001,Bristol,1.9172,-9.0216,40.6138,7.9389
1994-01-06,44001,Bristol,-3.614,-13.6463,45.0442,3.7746
1994-01-07,44001,Bristol,-1.0275,-7.4735,66.9694,6.116
1994-01-08,44001,Bristol,1.2995,-8.9853,69.0269,6.2645
1994-01-09,44001,Bristol,-5.9087,-12.7548,51.1934,7.8965
1994-01-10,44001,Bristol,-7.2093,-15.3976,50.18,5.9477
1994-01-11,44001,Bristol,2.2061,-13.1957,67.6999,4.1375
1994-01-12,44001,Bristol,2.8471,-3.6898,64.2366,3.2071
1994-01-13,44001,Bristol,3.6172,-3.0813,64.7489,2.3313
1994-01-14,44001,Bristol,2.8202,-2.6976,67.6339,3.1819
1994-01-15,44001,Bristol,0.4655,-16.4853,29.7433,7.5202
1994-01-16,44001,Bristol,-12.9209,-19.989,38.593,6.7622
1994-01-17,44001,Bristol,4.6329,-16.7112,75.7911,7.0226
1994-01-18,44001,Bristol,5.0406,-14.6931,54.3256,7.144
1994-01-19,44001,Bristol,-11.8861,-17.9422,39.1843,5.7118
1994-01-20,44001,Bristol,-9.4171,-16.6145,47.0439,4.2837
1994-01-21,44001,Bristol,-4.8195,-16.2637,53.2942,3.8872
1994-01-22,44001,Bristol,-1.8982,-10.6534,47.5897,6.8205
1994-01-23,44001,Bristol,-0.8179,-13.4878,49.5271,4.0301
1994-01-24,44001,Bristol,5.6438,-3.8809,61.4632,4.1034
1994-01-25,44001,Bristol,1.823,-3.8911,54.0538,3.1778
1994-01-26,44001,Bristol,-0.9017,-15.9735,48.1172,8.23
1994-01-27,44001,Bristol,-1.725,-17.0808,54.7113,4.8984
1994-01-28,44001,Bristol,4.9848,-4.5509,77.2813,7.8203
1994-01-29,44001,Bristol,5.4744,-2.0981,54.7924,4.2365
1994-01-30,44001,Bristol,1.2276,-5.885,36.314,4.4302
1994-01-31,44001,Bristol,-0.4778,-6.2264,40.1962,3.2526
1994-02-01,44001,Bristol,-1.3769,-9.2521,46.1883,3.188
1994-02-02,44001,Bristol,-1.0802,-8.7264,50.0184,1.5181
1994-02-03,44001,Bristol,2.1189,-10.1152,53.9569,6.3193
1994-02-04,44001,Bristol,1.4488,-9.1581,51.1504,5.457
1994-02-05,44001,Bristol,5.295,-3.9972,66.1707,2.8115
1994-02-06,44001,Bristol,2.63,-4.6983,48.4858,3.7448
1994-02-07,44001,Bristol,3.8144,-7.1021,50.0521,4.4391
1994-02-08,44001,Bristol,-4.2524,-11.1641,54.3664,5.6184
1994-02-09,44001,Bristol,-2.7938,-9.126,69.8587,6.2644
1994-02-10,44001,Bristol,-6.0839,-15.3171,58.1339,5.1981
1994-02-11,44001,Bristol,-0.2112,-13.4845,75.8015,6.2655
1994-02-12,44001,Bristol,0.7052,-7.4017,69.5777,5.3984
1994-02-13,44001,Bristol,3.1094,-4.9349,73.2322,3.5694
1994-02-14,44001,Bristol,-0.5098,-11.7259,45.3325,7.7928
1994-02-15,44001,Bristol,-0.4179,-13.7398,58.7996,2.9283
1994-02-16,44001,Bristol,-0.3671,-7.3357,62.0858,5.0171
1994-02-17,44001,Bristol,2.5172,-9.6656,59.6442,4.3035
1994-02-18,44001,Bristol,6.1891,-4.9239,56.2003,2.0878
1994-02-19,44001,Bristol,7.3784,-3.2508,62.7638,3.6681
1994-02-20,44001,Bristol,9.7571,-1.3751,63.0778,4.2636
1994-02-21,44001,Bristol,7.9324,-0.0656,73.0354,2.6782
1994-02-22,44001,Bristol,6.3747,-3.459,52.803,4.4475
1994-02-23,44001,Bristol,1.5027,-6.2718,61.1644,7.1095
1994-02-24,44001,Bristol,2.9336,-3.564,74.3576,5.2223
1994-02-25,44001,Bristol,-0.1814,-7.7751,53.1783,7.0375
1994-02-26,44001,Bristol,-4.1512,-13.8021,64.4468,5.793
1994-02-27,44001,Bristol,-5.5028,-16.9563,45.6294,7.9263
1994-02-28,44001,Bristol,-1.3743,-13.4268,36.9603,5.5691
1994-03-01,44001,Bristol,0.5209,-7.5536,37.178,3.6456
1994-03-02,44001,Bristol,0.7132,-7.6646,60.8706,5.4838
1994-03-03,44001,Bristol,3.3991,-2.4081,81.4953,7.6629
1994-03-04,44001,Bristol,5.0946,-1.66,59.6296,5.6777
1994-03-05,44001,Bristol,6.2496,-1.9971,56.3591,4.7566
1994-03-06,44001,Bristol,3.6876,-1.686,55.6317,2.8557
1994-03-07,44001,Bristol,11.4205,-1.1789,70.7687,3.471
1994-03-08,44001,Bristol,12.3903,3.4808,67.6857,4.5703
1994-03-09,44001,Bristol,4.9058,-1.4749,50.8292,4.0999
1994-03-10,44001,Bristol,9.7342,0.5608,72.6192,4.7956
1994-03-11,44001,Bristol,6.9762,-2.5334,57.2151,6.3913
1994-03-12,44001,Bristol,4.1319,-4.4749,42.3596,3.1887
1994-03-13,44001,Bristol,8.456,-1.9347,60.6277,4.706
1994-03-14,44001,Bristol,12.5653,0.3289,56.2382,1.5564
1994-03-15,44001,Bristol,12.0765,0.051,58.7917,2.5557
1994-03-16,44001,Bristol,9.7826,-0.6711,60.1013,3.5919
1994-03-17,44001,Bristol,2.6807,-4.3412,60.0221,6.4421
1994-03-18,44001,Bristol,5.0829,-4.96,57.3394,4.2531
1994-03-19,44001,Bristol,5.2869,-1.1561,55.0157,5.5128
1994-03-20,44001,Bristol,5.7858,-1.9678,49.6036,5.2523
1994-03-21,44001,Bristol,8.7072,-2.3727,60.1789,3.341
1994-03-22,44001,Bristol,9.2564,1.3043,69.6591,6.0871
1994-03-23,44001,Bristol,18.256,-0.7633,46.5103,3.6747
1994-03-24,44001,Bristol,16.8862,3.151,53.0536,2.4609
1994-03-25,44001,Bristol,14.9297,1.5977,59.0644,2.6456
1994-03-26,44001,Bristol,10.5166,-0.5301,46.2978,3.2676
1994-03-27,44001,Bristol,8.5094,-0.3782,81.7545,4.4296
1994-03-28,44001,Bristol,12.7795,5.3697,76.69,1.481
1994-03-29,44001,Bristol,8.6338,3.24,72.9714,3.6377
1994-03-30,44001,Bristol,9.8542,0.5859,54.2602,3.6119
1994-03-31,44001,Bristol,11.3346,0.1978,47.261,4.254
1994-04-01,44001,Bristol,14.5211,1.7085,45.608,1.9503
1994-04-02,44001,Bristol,10.6649,2.7623,51.7706,3.618
1994-04-03,44001,Bristol,16.9161,2.6851,57.5502,5.7355
1994-04-04,44001,Bristol,15.6428,5.5721,48.9495,1.3887
1994-04-05,44001,Bristol,14.9133,1.6317,52.4347,2.9655
1994-04-06,44001,Bristol,15.9962,2.8137,75.1107,3.5984
1994-04-07,44001,Bristol,16.9209,4.4683,59.9315,5.6722
1994-04-08,44001,Bristol,12.7413,0.6576,36.7392,2.9202
1994-04-09,44001,Bristol,12.064,1.5491,55.9582,4.3114
1994-04-10,44001,Bristol,14.5466,6.5543,72.3293,5.7476
1994-04-11,44001,Bristol,15.3679,5.3905,40.0085,3.1619
1994-04-12,44001,Bristol,14.3274,4.893,48.2858,1.8699
1994-04-13,44001,Bristol,16.0483,7.1791,73.2099,4.3991
1994-04-14,44001,Bristol,18.3352,10.0062,54.7381,4.554
1994-04-15,44001,Bristol,23.346,6.8602,51.9964,2.976
1994-04-16,44001,Bristol,18.1026,7.8019,67.7754,5.3284
1994-04-17,44001,Bristol,16.2345,5.513,45.3289,4.5594
1994-04-18,44001,Bristol,14.6201,4.1129,40.1233,3.5862
1994-04-19,44001,Bristol,20.2953,3.5915,57.4667,4.076
1994-04-20,44001,Bristol,16.7398,3.735,39.7084,4.5196
1994-04-21,44001,Bristol,13.4125,1.2166,39.2317,2.9183
1994-04-22,44001,Bristol,13.6428,2.4462,36.4608,2.8422
1994-04-23,44001,Bristol,14.0462,1.0384,41.9563,3.6272
1994-04-24,44001,Bristol,20.7872,4.7783,48.9916,5.271
1994-04-25,44001,Bristol,13.1336,7.7196,61.6051,3.7074
1994-04-26,44001,Bristol,17.1636,7.2307,60.4495,3.5419
1994-04-27,44001,Bristol,24.8468,7.7949,58.6674,4.4046
1994-04-28,44001,Bristol,19.4985,8.2832,52.409,3.605
1994-04-29,44001,Bristol,13.873,7.4388,57.2682,2.9921
1994-04-30,44001,Bristol,22.3661,10.4418,53.8437,2.3451
1994-05-01,44001,Bristol,21.1857,10.8438,67.2377,4.5153
1994-05-02,44001,Bristol,14.308,5.8816,47.7197,3.7717
1994-05-03,44001,Bristol,17.0846,2.6752,42.4542,2.621
1994-05-04,44001,Bristol,15.4316,5.0748,56.6119,3.274
1994-05-05,44001,Bristol,12.6496,7.6407,73.907,4.8721
1994-05-06,44001,Bristol,18.3069,6.0376,62.7106,3.8068
1994-05-07,44001,Bristol,19.3242,6.6313,56.5633,3.2369
1994-05-08,44001,Bristol,19.405,10.4612,72.2221,4.8036
1994-05-09,44001,Bristol,21.6083,10.6051,52.5174,4.6814
1994-05-10,44001,Bristol,21.5624,10.2831,47.1592,3.3103
1994-05-11,44001,Bristol,18.2197,5.3395,49.7236,3.6063
1994-05-12,44001,Bristol,19.7663,9.1251,63.214,5.2436
1994-05-13,44001,Bristol,12.9945,4.6161,48.6714,6.2247
1994-05-14,44001,Bristol,18.0529,2.6703,44.2036,4.7414
1994-05-15,44001,Bristol,22.0479,5.5715,50.7017,2.3491
1994-05-16,44001,Bristol,17.3916,9.0439,69.7351,2.9138
1994-05-17,44001,Bristol,12.1455,7.2457,70.3713,5.1622
1994-05-18,44001,Bristol,14.8592,6.1239,66.4285,3.4438
1994-05-19,44001,Bristol,10.1877,7.3628,68.8334,4.5751
1994-05-20,44001,Bristol,11.7009,5.9391,65.0458,3.8193
1994-05-21,44001,Bristol,19.3098,4.7119,57.14,1.8925
1994-05-22,44001,Bristol,22.4792,7.3804,58.5723,1.6188
1994-05-23,44001,Bristol,26.9508,9.9407,59.3895,1.8977
1994-05-24,44001,Bristol,23.5505,12.3738,63.0067,1.9354
1994-05-25,44001,Bristol,24.1921,11.5272,69.2492,3.7607
1994-05-26,44001,Bristol,23.4287,14.6792,69.9851,3.391
1994-05-27,44001,Bristol,17.3197,9.6686,61.8767,3.8666
1994-05-28,44001,Bristol,17.6333,7.8465,51.8858,4.1132
1994-05-29,44001,Bristol,21.8349,9.6785,57.3952,4.5396
1994-05-30,44001,Bristol,23.0774,9.9796,63.122,5.485
1994-05-31,44001,Bristol,24.1164,12.8702,63.1844,5.8257
1994-06-01,44001,Bristol,24.4796,13.7424,77.6576,4.9255
1994-06-02,44001,Bristol,17.8911,10.7194,58.0343,4.7545
1994-06-03,44001,Bristol,20.9737,8.9565,62.572,3.5777
1994-06-04,44001,Bristol,24.7641,9.6877,53.793,1.8755
1994-06-05,44001,Bristol,23.305,12.9365,62.3889,3.392
1994-06-06,44001,Bristol,22.5563,12.1362,83.8058,4.5847
1994-06-07,44001,Bristol,28.176,16.5775,75.4731,4.4181
1994-06-08,44001,Bristol,23.6882,15.482,63.5177,2.2214
1994-06-09,44001,Bristol,23.6803,10.6841,58.3875,3.1554
1994-06-10,44001,Bristol,24.0243,11.5893,53.8185,1.8686
1994-06-11,44001,Bristol,23.305,10.5141,66.2578,2.9114
1994-06-12,44001,Bristol,22.9644,15.0154,82.4428,4.0331
1994-06-13,44001,Bristol,25.7978,17.6557,79.4776,4.2516
1994-06-14,44001,Bristol,25.9383,18.4663,81.2402,4.2085
1994-06-15,44001,Bristol,29.0082,19.7347,75.5921,2.1425
1994-06-16,44001,Bristol,26.2102,16.8479,75.3849,2.0163
1994-06-17,44001,Bristol,27.3624,15.1107,76.4588,3.5033
1994-06-18,44001,Bristol,29.4062,20.1347,76.5665,4.2907
1994-06-19,44001,Bristol,33.1438,21.092,67.2078,2.7643
1994-06-20,44001,Bristol,27.4022,16.9457,63.7983,1.8173
1994-06-21,44001,Bristol,22.1566,16.8635,84.2466,3.8067
1994-06-22,44001,Bristol,26.5531,16.3469,63.5904,3.4951
1994-06-23,44001,Bristol,28.2663,14.0047,61.4434,3.507
1994-06-24,44001,Bristol,26.583,18.8206,76.0671,2.1243
1994-06-25,44001,Bristol,27.9673,18.8268,78.8512,3.7924
1994-06-26,44001,Bristol,27.7615,18.2516,67.5348,4.6604
1994-06-27,44001,Bristol,28.835,17.4637,78.2273,4.7824
1994-06-28,44001,Bristol,25.6011,19.6811,78.3348,5.3932
1994-06-29,44001,Bristol,27.1731,18.6459,76.2335,4.3144
1994-06-30,44001,Bristol,25.96,18.6899,82.5618,4.9426
1994-07-01,44001,Bristol,25.6958,18.7753,82.3463,3.8791
1994-07-02,44001,Bristol,27.96,17.6711,83.6142,3.9933
1994-07-03,44001,Bristol,28.2984,20.0339,75.4141,2.0253
1994-07-04,44001,Bristol,26.2719,16.6458,71.3784,1.6058
1994-07-05,44001,Bristol,26.1297,15.8918,81.1738,3.3137
1994-07-06,44001,Bristol,30.3989,20.3513,82.8332,3.9311
1994-07-07,44001,Bristol,31.0231,22.8551,79.6241,1.8277
1994-07-08,44001,Bristol,29.9312,22.4043,81.3296,1.4433
1994-07-09,44001,Bristol,28.34,21.2062,88.1304,2.46
1994-07-10,44001,Bristol,31.0907,21.0665,69.6428,2.928
1994-07-11,44001,Bristol,26.4813,17.0614,65.629,2.141
1994-07-12,44001,Bristol,27.119,15.9439,66.9087,3.0626
1994-07-13,44001,Bristol,32.0899,18.2604,68.9776,3.7835
1994-07-14,44001,Bristol,28.0691,19.3027,67.7011,3.56
1994-07-15,44001,Bristol,22.5728,18.9851,89.7181,2.4623
1994-07-16,44001,Bristol,29.9249,17.2127,79.1214,2.2894
1994-07-17,44001,Bristol,27.535,19.9179,80.44,2.3599
1994-07-18,44001,Bristol,26.6969,18.0342,87.0104,1.7175
1994-07-19,44001,Bristol,29.6988,20.4039,74.0817,2.9544
1994-07-20,44001,Bristol,31.8408,21.9868,69.8441,3.334
1994-07-21,44001,Bristol,33.2621,21.9569,71.1974,4.5843
1994-07-22,44001,Bristol,30.7715,22.1007,77.875,6.0099
1994-07-23,44001,Bristol,29.5231,22.7893,75.7801,6.0308
1994-07-24,44001,Bristol,30.7201,21.5763,70.4929,3.6115
1994-07-25,44001,Bristol,31.6618,21.3664,68.4019,3.1919
1994-07-26,44001,Bristol,28.8511,21.3582,80.0562,4.3403
1994-07-27,44001,Bristol,30.6212,21.901,69.2413,3.1728
1994-07-28,44001,Bristol,27.7829,21.5233,81.5681,4.9818
1994-07-29,44001,Bristol,30.5959,21.8653,68.3926,3.8851
1994-07-30,44001,Bristol,28.7899,21.0218,76.0805,3.9676
1994-07-31,44001,Bristol,30.8936,21.013,69.3623,2.7905
1994-08-01,44001,Bristol,30.7163,20.7154,64.0039,3.0888
1994-08-02,44001,Bristol,32.5655,20.5371,61.2038,3.3049
1994-08-03,44001,Bristol,30.8429,20.3728,66.2831,3.2615
1994-08-04,44001,Bristol,30.934,20.9592,67.3745,4.482
1994-08-05,44001,Bristol,26.6649,15.0562,88.5972,5.1019
1994-08-06,44001,Bristol,21.6751,11.6359,65.9919,4.414
1994-08-07,44001,Bristol,23.4412,9.7392,59.052,1.8053
1994-08-08,44001,Bristol,25.4522,11.9532,58.8475,1.4946
1994-08-09,44001,Bristol,26.7161,13.7728,63.254,2.7161
1994-08-10,44001,Bristol,29.2301,16.7429,58.0789,3.1116
1994-08-11,44001,Bristol,22.4798,15.981,61.1731,2.4222
1994-08-12,44001,Bristol,23.4918,16.4837,79.215,2.2287
1994-08-13,44001,Bristol,29.9764,19.3852,78.2752,5.36
1994-08-14,44001,Bristol,28.0412,20.5887,81.4509,6.3273
1994-08-15,44001,Bristol,22.9709,15.2988,61.2269,4.2534
1994-08-16,44001,Bristol,24.86,13.6639,60.359,2.6699
1994-08-17,44001,Bristol,25.5167,15.3429,79.8515,2.8261
1994-08-18,44001,Bristol,25.7505,19.459,85.5219,4.6735
1994-08-19,44001,Bristol,23.8036,19.6151,86.4984,1.8765
1994-08-20,44001,Bristol,26.6882,18.3216,77.3088,3.2197
1994-08-21,44001,Bristol,24.4957,17.4318,92.4488,4.239
1994-08-22,44001,Bristol,21.9265,14.5437,89.908,4.7228
1994-08-23,44001,Bristol,20.5051,14.1839,69.7155,4.5165
1994-08-24,44001,Bristol,21.449,13.8703,64.8327,1.5707
1994-08-25,44001,Bristol,23.432,11.5627,75.1048,3.543
1994-08-26,44001,Bristol,25.8789,15.5208,79.1215,3.592
1994-08-27,44001,Bristol,29.1255,16.4661,75.8204,3.2788
1994-08-28,44001,Bristol,27.776,19.2975,73.6544,4.1451
1994-08-29,44001,Bristol,25.3128,13.6119,72.9388,3.6748
1994-08-30,44001,Bristol,23.1239,11.1286,59.9424,3.3685
1994-08-31,44001,Bristol,22.4266,11.7381,78.5218,2.8215
1994-09-01,44001,Bristol,26.3637,17.2521,70.2279,2.0685
1994-09-02,44001,Bristol,19.8349,11.8667,57.6819,2.4904
1994-09-03,44001,Bristol,20.3295,10.7454,60.5186,2.3047
1994-09-04,44001,Bristol,19.9272,10.4804,64.9754,5.0502
1994-09-05,44001,Bristol,13.689,10.8266,84.0798,6.5649
1994-09-06,44001,Bristol,20.0907,10.9061,64.9442,4.9062
1994-09-07,44001,Bristol,22.9278,10.5296,67.8694,3.7852
1994-09-08,44001,Bristol,24.1985,11.6352,65.758,4.1694
1994-09-09,44001,Bristol,25.2377,12.6771,70.9443,3.9777
1994-09-10,44001,Bristol,20.0979,11.7798,65.7153,3.418
1994-09-11,44001,Bristol,19.5173,10.2917,65.2838,4.2134
1994-09-12,44001,Bristol,21.9291,11.9005,62.9136,4.0569
1994-09-13,44001,Bristol,26.9379,13.6103,68.3183,3.6739
1994-09-14,44001,Bristol,24.6495,16.5502,75.6128,2.3813
1994-09-15,44001,Bristol,22.3078,13.43,64.0279,1.1335
1994-09-16,44001,Bristol,20.3899,10.8189,85.1576,3.1636
1994-09-17,44001,Bristol,28.0086,16.557,75.9789,5.5822
1994-09-18,44001,Bristol,20.0296,12.6629,75.054,4.0723
1994-09-19,44001,Bristol,20.9254,8.6122,59.9057,2.9684
1994-09-20,44001,Bristol,21.9499,8.6742,61.2469,2.5009
1994-09-21,44001,Bristol,24.9798,11.0477,64.0704,2.0299
1994-09-22,44001,Bristol,21.12,13.4615,72.9538,5.3446
1994-09-23,44001,Bristol,20.7454,13.5793,88.6531,4.4392
1994-09-24,44001,Bristol,22.8377,14.2861,82.8736,1.2229
1994-09-25,44001,Bristol,22.1354,16.5016,80.6017,1.17
1994-09-26,44001,Bristol,20.0077,16.0064,84.2624,2.1986
1994-09-27,44001,Bristol,20.1012,15.0879,85.3114,3.2833
1994-09-28,44001,Bristol,23.4648,15.647,73.0557,2.6843
1994-09-29,44001,Bristol,19.4454,12.5343,69.8408,5.4287
1994-09-30,44001,Bristol,16.2195,4.4647,63.9089,6.2702
1994-10-01,44001,Bristol,16.4712,5.5286,67.6408,3.2772
1994-10-02,44001,Bristol,17.6802,8.6884,57.3865,3.8059
1994-10-03,44001,Bristol,14.5572,5.3736,54.1972,4.8504
1994-10-04,44001,Bristol,15.9569,5.3396,62.028,3.1778
1994-10-05,44001,Bristol,14.999,8.0773,58.7325,3.215
1994-10-06,44001,Bristol,14.4581,6.5075,54.7596,2.8124
1994-10-07,44001,Bristol,19.8794,6.5701,54.4423,2.2248
1994-10-08,44001,Bristol,22.0303,8.5027,63.2029,3.9673
1994-10-09,44001,Bristol,23.2982,9.8946,74.1778,4.2107
1994-10-10,44001,Bristol,18.8783,6.8754,60.0902,4.3623
1994-10-11,44001,Bristol,12.3306,1.4685,51.3934,4.5514
1994-10-12,44001,Bristol,14.9306,-0.4186,52.4337,2.2388
1994-10-13,44001,Bristol,18.5387,4.9161,50.7295,1.8851
1994-10-14,44001,Bristol,20.7195,6.3194,52.5133,3.1305
1994-10-15,44001,Bristol,15.4195,2.5849,54.5607,4.1529
1994-10-16,44001,Bristol,15.9207,0.5841,45.8479,4.3059
1994-10-17,44001,Bristol,15.9517,1.7272,53.4868,4.4381
1994-10-18,44001,Bristol,17.4199,2.5344,60.782,1.9725
1994-10-19,44001,Bristol,17.2705,10.4455,70.3817,1.9476
1994-10-20,44001,Bristol,21.3906,12.0156,75.6573,2.4044
1994-10-21,44001,Bristol,20.2256,13.7361,72.4602,3.3889
1994-10-22,44001,Bristol,18.4306,12.5463,68.5714,3.3319
1994-10-23,44001,Bristol,20.392,11.0379,69.3657,2.2752
1994-10-24,44001,Bristol,21.0894,8.3823,58.923,2.2407
1994-10-25,44001,Bristol,20.1842,6.8538,63.5374,2.9714
1994-10-26,44001,Bristol,16.5712,5.9234,52.0203,2.3529
1994-10-27,44001,Bristol,13.9277,6.8896,51.0084,2.8039
1994-10-28,44001,Bristol,14.5605,5.946,51.9803,3.6542
1994-10-29,44001,Bristol,18.3477,5.5692,61.6625,5.7529
1994-10-30,44001,Bristol,21.2953,8.5544,57.2922,4.0182
1994-10-31,44001,Bristol,22.2218,8.4934,63.8756,2.7753
1994-11-01,44001,Bristol,22.214,13.823,68.0021,5.496
1994-11-02,44001,Bristol,16.5915,5.7374,53.1239,8.2278
1994-11-03,44001,Bristol,15.8826,3.1365,44.1095,4.0564
1994-11-04,44001,Bristol,21.0653,7.3832,52.8981,4.1399
1994-11-05,44001,Bristol,22.0375,10.5138,53.9805,3.9808
1994-11-06,44001,Bristol,21.3038,10.4035,62.8894,5.2598
1994-11-07,44001,Bristol,16.0947,4.1352,37.2453,7.3207
1994-11-08,44001,Bristol,15.7535,3.7147,50.593,5.2592
1994-11-09,44001,Bristol,17.8844,8.943,52.1018,3.1164
1994-11-10,44001,Bristol,11.928,2.3578,47.8406,5.7917
1994-11-11,44001,Bristol,7.7486,0.3028,44.5652,5.769
1994-11-12,44001,Bristol,10.2491,-0.9627,52.6656,3.4819
1994-11-13,44001,Bristol,13.8255,3.9123,45.3225,3.3243
1994-11-14,44001,Bristol,14.6963,3.6918,55.1859,3.1692
1994-11-15,44001,Bristol,19.3442,9.2666,52.9409,4.6473
1994-11-16,44001,Bristol,13.4298,4.8639,44.1606,3.6843
1994-11-17,44001,Bristol,14.4978,3.6215,54.376,4.566
1994-11-18,44001,Bristol,16.4485,6.2767,71.6601,3.865
1994-11-19,44001,Bristol,16.8142,5.968,57.4899,4.2052
1994-11-20,44001,Bristol,10.6663,2.1353,46.772,3.0245
1994-11-21,44001,Bristol,14.7241,2.1769,69.1184,6.122
1994-11-22,44001,Bristol,14.9784,4.3146,55.088,6.5552
1994-11-23,44001,Bristol,6.6904,-3.4763,40.638,7.9291
1994-11-24,44001,Bristol,0.2845,-5.1002,40.2483,6.4432
1994-11-25,44001,Bristol,9.5957,-1.183,51.9456,5.3211
1994-11-26,44001,Bristol,7.1601,-0.4971,44.9616,4.8634
1994-11-27,44001,Bristol,4.1281,-2.9261,52.8227,4.2917
1994-11-28,44001,Bristol,15.0784,3.7242,80.519,8.1351
1994-11-29,44001,Bristol,12.141,3.9131,49.464,5.3141
1994-11-30,44001,Bristol,10.6515,0.5984,47.9541,3.4214
1994-12-01,44001,Bristol,5.6617,-1.399,52.8966,3.5172
1994-12-02,44001,Bristol,9.9928,-1.2543,61.4463,6.0803
1994-12-03,44001,Bristol,13.3503,-0.1422,56.1035,2.934
1994-12-04,44001,Bristol,15.4835,3.0452,57.1121,2.5346
1994-12-05,44001,Bristol,13.8651,3.2951,83.1832,4.5165
1994-12-06,44001,Bristol,15.4843,7.2603,65.4062,3.5481
1994-12-07,44001,Bristol,12.6544,2.3601,77.5532,3.4837
1994-12-08,44001,Bristol,3.9891,-5.0077,47.1336,6.946
1994-12-09,44001,Bristol,4.8901,-4.0797,66.1131,2.9091
1994-12-10,44001,Bristol,6.6034,2.1292,71.1722,5.1319
1994-12-11,44001,Bristol,11.6433,-1.61,66.742,6.5531
1994-12-12,44001,Bristol,0.7806,-5.4139,33.0631,4.8751
1994-12-13,44001,Bristol,2.9703,-5.3426,64.1564,4.1145
1994-12-14,44001,Bristol,5.0302,-0.7064,69.15,5.706
1994-12-15,44001,Bristol,5.2703,0.1062,67.5938,6.2892
1994-12-16,44001,Bristol,5.3695,-0.6206,64.9107,4.7257
1994-12-17,44001,Bristol,7.9034,-0.4282,76.9536,3.8689
1994-12-18,44001,Bristol,9.3274,2.616,73.3884,3.8993
1994-12-19,44001,Bristol,4.8691,-2.0448,56.8472,5.4463
1994-12-20,44001,Bristol,4.3229,-2.8395,49.4685,3.2799
1994-12-21,44001,Bristol,9.8831,-0.8028,58.9412,4.4812
1994-12-22,44001,Bristol,12.4755,-0.0908,55.2404,2.5156
1994-12-23,44001,Bristol,11.8728,0.9423,65.0414,7.8846
1994-12-24,44001,Bristol,9.7735,3.8271,76.0975,8.324
1994-12-25,44001,Bristol,9.3802,0.4506,70.5731,6.1493
1994-12-26,44001,Bristol,6.4802,-1.5028,55.5471,3.2945
1994-12-27,44001,Bristol,6.9226,-1.3127,60.7731,2.1431
1994-12-28,44001,Bristol,9.578,-0.0438,69.5668,4.7053
1994-12-29,44001,Bristol,4.8767,-8.5662,37.1024,8.3473
1994-12-30,44001,Bristol,-3.3805,-11.8969,32.5147,6.9308
1994-12-31,44001,Bristol,2.8704,-7.6787,48.4478,1.9317
1995-01-01,44001,Bristol,6.7294,-0.1382,76.7961,3.5272
1995-01-02,44001,Bristol,6.7723,-2.5895,66.3048,5.3059
1995-01-03,44001,Bristol,2.1785,-3.6533,46.8795,5.7651
1995-01-04,44001,Bristol,2.9817,-5.9878,48.4521,5.7856
1995-01-05,44001,Bristol,-3.1562,-9.275,39.9531,7.2484
1995-01-06,44001,Bristol,4.6257,-6.4634,62.6886,6.926
1995-01-07,44001,Bristol,11.6317,-0.6348,73.3552,6.6057
1995-01-08,44001,Bristol,2.3503,-3.2393,55.2003,4.1347
1995-01-09,44001,Bristol,3.4466,-3.3259,46.7854,4.0114
1995-01-10,44001,Bristol,-0.2726,-5.0828,39.4005,3.7379
1995-01-11,44001,Bristol,2.6905,-5.3159,61.4094,4.7058
1995-01-12,44001,Bristol,7.0279,-0.2539,73.5156,3.695
1995-01-13,44001,Bristol,13.405,2.6226,65.872,4.182
1995-01-14,44001,Bristol,15.7783,3.0898,72.0103,3.5291
1995-01-15,44001,Bristol,17.3831,6.0981,71.5513,5.1293
1995-01-16,44001,Bristol,15.8162,9.0747,74.4953,3.9025
1995-01-17,44001,Bristol,15.0835,4.7932,75.4576,3.3867
1995-01-18,44001,Bristol,7.3366,1.6308,67.0471,6.8761
1995-01-19,44001,Bristol,9.6898,1.9758,69.8126,4.1096
1995-01-20,44001,Bristol,10.9127,3.1029,76.6665,4.5769
1995-01-21,44001,Bristol,9.0912,3.5926,73.1345,4.1108
1995-01-22,44001,Bristol,6.6009,1.2907,68.6567,4.8653
1995-01-23,44001,Bristol,4.4696,-0.4878,61.988,4.49
1995-01-24,44001,Bristol,2.5274,-1.686,57.9033,4.8714
1995-01-25,44001,Bristol,4.0867,-2.9673,51.4126,5.1044
1995-01-26,44001,Bristol,1.9867,-4.2224,44.457,5.3818
1995-01-27,44001,Bristol,0.1946,-6.2991,37.6739,6.323
1995-01-28,44001,Bristol,-2.1412,-9.8507,39.6942,5.1752
1995-01-29,44001,Bristol,0.8588,-9.1546,42.6924,3.7233
1995-01-30,44001,Bristol,4.4138,-5.4296,46.3748,3.0739
1995-01-31,44001,Bristol,3.5469,-4.6682,56.8465,4.8909
1995-02-01,44001,Bristol,7.6933,-1.733,53.5368,5.1005
1995-02-02,44001,Bristol,5.5476,-5.0984,48.4847,4.8496
1995-02-03,44001,Bristol,-2.1368,-7.3843,47.2993,3.3795
1995-02-04,44001,Bristol,4.5463,-6.2791,76.744,6.7113
1995-02-05,44001,Bristol,1.5376,-14.6206,41.943,9.9628
1995-02-06,44001,Bristol,-8.7536,-16.9584,35.2621,8.626
1995-02-07,44001,Bristol,-3.4647,-15.4271,39.3751,5.7957
1995-02-08,44001,Bristol,-2.0385,-10.4416,41.9227,5.1929
1995-02-09,44001,Bristol,-0.1218,-12.0477,47.9186,7.2258
1995-02-10,44001,Bristol,2.6557,-7.4486,56.3043,4.6048
1995-02-11,44001,Bristol,6.4218,-1.5983,54.979,5.1176
1995-02-12,44001,Bristol,1.4529,-10.9317,24.5479,7.668
1995-02-13,44001,Bristol,-1.9896,-10.0068,35.8261,5.5376
1995-02-14,44001,Bristol,-0.2254,-8.9617,41.1781,4.6365
1995-02-15,44001,Bristol,4.876,-9.333,59.8238,4.4253
1995-02-16,44001,Bristol,8.6622,-0.4972,57.9286,4.647
1995-02-17,44001,Bristol,6.2512,-2.5879,46.6676,2.3523
1995-02-18,44001,Bristol,8.7203,-2.3666,43.2631,2.0506
1995-02-19,44001,Bristol,10.897,-1.7289,54.4956,2.4378
1995-02-20,44001,Bristol,9.2852,-1.1405,58.0488,3.678
1995-02-21,44001,Bristol,5.7277,-1.7938,62.9333,4.3394
1995-02-22,44001,Bristol,2.9556,-2.8327,56.4488,3.4804
1995-02-23,44001,Bristol,8.5634,-3.0175,60.5623,4.0738
1995-02-24,44001,Bristol,8.7873,-2.9216,60.6963,5.9536
1995-02-25,44001,Bristol,1.5855,-6.6019,31.3461,6.7996
1995-02-26,44001,Bristol,1.4434,-6.1867,26.2568,3.8295
1995-02-27,44001,Bristol,3.645,-6.3818,63.2468,4.1444
1995-02-28,44001,Bristol,5.8575,1.4343,68.5127,2.5179
1995-03-01,44001,Bristol,4.5822,-1.5942,72.3991,4.3671
1995-03-02,44001,Bristol,3.5674,-2.1624,50.1972,4.9399
1995-03-03,44001,Bristol,2.3109,-1.7938,44.1486,3.1466
1995-03-04,44001,Bristol,3.5519,-1.7721,63.3153,2.7469
1995-03-05,44001,Bristol,5.9065,-0.8624,72.2822,5.4317
1995-03-06,44001,Bristol,8.6707,0.7376,70.0598,2.5624
1995-03-07,44001,Bristol,11.4364,0.3561,74.4115,3.2415
1995-03-08,44001,Bristol,18.9258,6.2152,68.073,6.1539
1995-03-09,44001,Bristol,10.4863,-4.6861,58.0302,6.5298
1995-03-10,44001,Bristol,2.3408,-6.9129,36.7555,5.5171
1995-03-11,44001,Bristol,3.225,-3.5133,39.1729,2.2587
1995-03-12,44001,Bristol,6.033,-0.8118,63.5961,3.6
1995-03-13,44001,Bristol,15.708,0.4492,61.0893,2.4239
1995-03-14,44001,Bristol,9.2596,0.7055,76.103,2.1672
1995-03-15,44001,Bristol,11.2252,3.5869,71.8309,1.3459
1995-03-16,44001,Bristol,11.146,4.5568,69.1996,1.9916
1995-03-17,44001,Bristol,10.9629,4.2324,78.8932,2.268
1995-03-18,44001,Bristol,9.4441,3.7091,66.6976,3.0955
1995-03-19,44001,Bristol,9.1515,0.3808,59.7144,3.194
1995-03-20,44001,Bristol,8.6161,0.1487,71.279,2.9918
1995-03-21,44001,Bristol,16.5096,1.9125,75.8608,4.432
1995-03-22,44001,Bristol,13.2297,4.9511,54.9532,3.4301
1995-03-23,44001,Bristol,10.6409,2.784,63.5598,2.9967
1995-03-24,44001,Bristol,6.0216,1.3675,63.5388,4.4992
1995-03-25,44001,Bristol,6.8877,-0.1136,44.4784,5.138
1995-03-26,44001,Bristol,9.5076,-0.2003,49.4947,3.5996
1995-03-27,44001,Bristol,7.8252,-0.4909,54.6903,3.574
1995-03-28,44001,Bristol,8.3876,-1.5513,52.3847,2.7578
1995-03-29,44001,Bristol,11.5252,-1.0466,47.826,2.7814
1995-03-30,44001,Bristol,10.3363,-0.1546,73.1356,2.937
1995-03-31,44001,Bristol,13.0926,4.9217,53.895,3.1556
1995-04-01,44001,Bristol,9.5114,2.7503,40.987,2.4293
1995-04-02,44001,Bristol,9.7861,2.3053,35.8271,1.7831
1995-04-03,44001,Bristol,10.5225,-1.1922,37.6888,3.2244
1995-04-04,44001,Bristol,13.8752,0.2695,59.5956,6.7063
1995-04-05,44001,Bristol,0.6527,-5.9258,23.8707,9.2723
1995-04-06,44001,Bristol,5.5417,-5.77,41.6558,4.751
1995-04-07,44001,Bristol,11.3095,0.7819,54.3671,2.6406
1995-04-08,44001,Bristol,9.8148,0.9742,53.8911,2.0079
1995-04-09,44001,Bristol,16.6528,4.9472,63.1802,2.7792
1995-04-10,44001,Bristol,11.6812,1.2943,38.1462,3.9476
1995-04-11,44001,Bristol,13.3877,1.2417,40.3331,1.9364
1995-04-12,44001,Bristol,13.2481,0.9242,71.0399,4.6368
1995-04-13,44001,Bristol,20.0638,9.4859,53.9725,5.0424
1995-04-14,44001,Bristol,13.7939,6.6057,48.1831,3.2571
1995-04-15,44001,Bristol,10.4004,4.3053,44.1808,4.4766
1995-04-16,44001,Bristol,11.4203,2.5916,42.8942,4.3401
1995-04-17,44001,Bristol,12.6293,0.5989,47.3302,2.4445
1995-04-18,44001,Bristol,17.0993,4.4807,46.3204,1.9645
1995-04-19,44001,Bristol,17.7438,4.3288,67.4327,3.9803
1995-04-20,44001,Bristol,20.317,8.4868,47.8712,2.1512
1995-04-21,44001,Bristol,16.384,6.5831,54.3055,2.5154
1995-04-22,44001,Bristol,22.4053,6.0344,47.988,4.193
1995-04-23,44001,Bristol,13.5546,4.7028,43.0497,4.7486
1995-04-24,44001,Bristol,14.9674,2.243,42.7448,1.3628
1995-04-25,44001,Bristol,17.5481,4.3254,39.9123,2.8557
1995-04-26,44001,Bristol,18.8324,4.3233,44.917,3.6026
1995-04-27,44001,Bristol,19.1482,6.4943,46.1489,2.5008
1995-04-28,44001,Bristol,19.7073,6.5188,61.5076,1.5146
1995-04-29,44001,Bristol,15.4053,5.63,57.2047,1.8325
1995-04-30,44001,Bristol,16.4507,7.8632,54.8727,2.9577
1995-05-01,44001,Bristol,13.3377,5.0649,61.3416,5.1441
1995-05-02,44001,Bristol,15.7807,3.0242,56.9049,3.6333
1995-05-03,44001,Bristol,18.0377,7.2026,49.2829,3.9839
1995-05-04,44001,Bristol,22.5328,9.2915,44.0547,2.019
1995-05-05,44001,Bristol,17.1879,9.8919,64.6465,1.6446
1995-05-06,44001,Bristol,20.0474,5.1971,47.8681,4.3007
1995-05-07,44001,Bristol,14.0363,1.2715,38.4159,5.9689
1995-05-08,44001,Bristol,14.1314,1.4839,51.3572,5.5313
1995-05-09,44001,Bristol,20.1229,4.2616,45.9819,1.7994
1995-05-10,44001,Bristol,14.9306,6.9798,67.926,3.4597
1995-05-11,44001,Bristol,15.4032,9.3488,70.9559,3.4382
1995-05-12,44001,Bristol,17.5247,8.2052,70.7138,1.7018
1995-05-13,44001,Bristol,15.9016,10.3388,70.0994,3.882
1995-05-14,44001,Bristol,19.6767,9.5918,53.5869,2.2439
1995-05-15,44001,Bristol,13.1986,8.7253,73.4917,2.2699
1995-05-16,44001,Bristol,19.5537,7.3695,61.5978,2.1122
1995-05-17,44001,Bristol,19.075,8.1034,68.8904,5.3249
1995-05-18,44001,Bristol,23.0832,12.6993,70.5088,2.3776
1995-05-19,44001,Bristol,17.544,11.9026,71.2851,1.9671
1995-05-20,44001,Bristol,22.6533,8.4922,53.7345,2.5025
1995-05-21,44001,Bristol,24.4053,9.4227,58.7295,3.8878
1995-05-22,44001,Bristol,23.5471,11.6963,46.9426,3.3163
1995-05-23,44001,Bristol,23.1692,8.621,47.8673,3.0104
1995-05-24,44001,Bristol,24.6651,9.73,64.0404,5.8833
1995-05-25,44001,Bristol,20.8958,13.4136,67.25,3.418
1995-05-26,44001,Bristol,15.9504,11.1242,68.7919,3.3923
1995-05-27,44001,Bristol,20.9006,9.8429,55.8464,2.0966
1995-05-28,44001,Bristol,20.0368,8.2974,55.0913,2.2977
1995-05-29,44001,Bristol,21.8941,12.0103,73.2667,6.6678
1995-05-30,44001,Bristol,24.3355,15.9237,61.9781,3.7861
1995-05-31,44001,Bristol,27.6824,12.67,54.7674,3.2966
1995-06-01,44001,Bristol,28.5233,14.1823,56.3044,4.1353
1995-06-02,44001,Bristol,25.6718,12.8666,74.1557,4.1081
1995-06-03,44001,Bristol,26.7063,17.6328,72.1792,4.1085
1995-06-04,44001,Bristol,25.2661,15.6887,63.2456,2.6913
1995-06-05,44001,Bristol,25.6587,12.44,56.2419,3.2384
1995-06-06,44001,Bristol,26.309,12.8459,69.24,2.9309
1995-06-07,44001,Bristol,22.3285,17.0928,81.303,4.5041
1995-06-08,44001,Bristol,29.3949,17.6839,66.1885,2.4866
1995-06-09,44001,Bristol,22.9447,13.4761,61.5214,2.6608
1995-06-10,44001,Bristol,22.449,11.8603,58.4591,1.5186
1995-06-11,44001,Bristol,21.2042,14.4216,72.7683,2.9561
1995-06-12,44001,Bristol,25.3056,16.4916,73.5365,3.2638
1995-06-13,44001,Bristol,18.1028,14.4392,77.5002,4.0003
1995-06-14,44001,Bristol,19.7739,14.2363,76.2778,3.2133
1995-06-15,44001,Bristol,23.3849,13.2437,57.7023,2.5752
1995-06-16,44001,Bristol,25.4664,11.2319,58.7006,3.546
1995-06-17,44001,Bristol,27.8746,12.9909,61.5649,4.3747
1995-06-18,44001,Bristol,29.0746,14.6533,63.6333,4.9158
1995-06-19,44001,Bristol,30.6344,16.9658,67.3383,5.6082
1995-06-20,44001,Bristol,33.5985,17.3085,59.405,2.9732
1995-06-21,44001,Bristol,23.5639,13.965,55.9999,2.9695
1995-06-22,44001,Bristol,24.8154,13.4757,59.5611,2.4956
1995-06-23,44001,Bristol,26.1043,13.5163,55.8017,1.6672
1995-06-24,44001,Bristol,27.3697,13.9212,66.7933,1.395
1995-06-25,44001,Bristol,25.979,19.2122,73.9919,2.3022
1995-06-26,44001,Bristol,26.3679,18.8839,71.1543,2.5719
1995-06-27,44001,Bristol,22.3538,9.8801,66.9889,5.1637
1995-06-28,44001,Bristol,21.8569,8.2212,61.074,2.3897
1995-06-29,44001,Bristol,25.6389,9.3934,61.6955,2.468
1995-06-30,44001,Bristol,25.5955,12.5853,71.7145,3.5077
1995-07-01,44001,Bristol,28.0796,16.7881,76.6769,3.6137
1995-07-02,44001,Bristol,25.4405,18.398,77.918,3.0803
1995-07-03,44001,Bristol,24.3394,12.9545,66.1814,2.3103
1995-07-04,44001,Bristol,26.2191,16.6559,62.2192,1.8208
1995-07-05,44001,Bristol,27.4737,14.7496,67.3833,2.6366
1995-07-06,44001,Bristol,25.305,16.5904,73.4718,2.8825
1995-07-07,44001,Bristol,27.7956,16.518,76.2651,3.4061
1995-07-08,44001,Bristol,27.6877,18.932,74.8734,2.5441
1995-07-09,44001,Bristol,24.1917,15.7743,68.0209,3.309
1995-07-10,44001,Bristol,24.8879,14.6682,67.9469,2.7506
1995-07-11,44001,Bristol,24.382,17.0035,75.2457,2.1624
1995-07-12,44001,Bristol,26.6596,16.0895,71.0188,2.155
1995-07-13,44001,Bristol,29.2633,17.3641,73.5147,4.5834
1995-07-14,44001,Bristol,34.1933,20.3878,68.086,4.3544
1995-07-15,44001,Bristol,35.6366,23.5065,61.3223,3.4605
1995-07-16,44001,Bristol,28.9257,19.0385,58.0418,2.5188
1995-07-17,44001,Bristol,23.0436,19.2418,82.2575,2.7297
1995-07-18,44001,Bristol,26.0349,20.67,79.8037,2.3409
1995-07-19,44001,Bristol,29.2427,20.9557,60.4725,2.6969
1995-07-20,44001,Bristol,30.0152,17.9608,62.1371,3.8066
1995-07-21,44001,Bristol,29.9737,20.9492,70.3316,3.1706
1995-07-22,44001,Bristol,30.4168,20.1441,65.7771,2.0422
1995-07-23,44001,Bristol,31.4321,19.7567,70.8074,3.1669
1995-07-24,44001,Bristol,32.4745,22.1665,59.4656,2.9165
1995-07-25,44001,Bristol,30.3596,21.5316,75.1585,3.3941
1995-07-26,44001,Bristol,32.7373,24.0502,68.9009,5.2344
1995-07-27,44001,Bristol,34.2035,24.1254,63.4742,3.6822
1995-07-28,44001,Bristol,30.7364,23.5992,70.393,3.0199
1995-07-29,44001,Bristol,32.5471,23.5954,68.4852,5.1383
1995-07-30,44001,Bristol,33.2364,20.3283,50.2434,2.5443
1995-07-31,44001,Bristol,31.1949,17.7201,48.6239,2.6076
1995-08-01,44001,Bristol,33.8885,18.7671,55.4314,4.3161
1995-08-02,44001,Bristol,33.701,21.2333,62.3977,2.6003
1995-08-03,44001,Bristol,30.8707,21.7936,72.3249,1.7284
1995-08-04,44001,Bristol,31.4874,22.6547,79.1115,4.0538
1995-08-05,44001,Bristol,26.1882,20.9652,81.4764,3.3515
1995-08-06,44001,Bristol,19.4412,17.0971,90.7347,5.3144
1995-08-07,44001,Bristol,23.4771,15.167,67.5702,5.5206
1995-08-08,44001,Bristol,25.4989,13.5845,60.9099,2.6411
1995-08-09,44001,Bristol,28.1214,15.7858,59.8753,2.5188
1995-08-10,44001,Bristol,29.394,17.5448,59.7747,3.5859
1995-08-11,44001,Bristol,30.1668,19.2654,67.9213,4.0494
1995-08-12,44001,Bristol,31.5132,20.7029,71.0632,4.1359
1995-08-13,44001,Bristol,28.966,21.3124,55.4278,1.6659
1995-08-14,44001,Bristol,27.8944,20.444,62.4938,1.4503
1995-08-15,44001,Bristol,29.2915,19.9761,63.1127,2.4765
1995-08-16,44001,Bristol,33.3668,20.1813,67.4255,2.62
1995-08-17,44001,Bristol,32.7767,21.337,65.8093,2.7008
1995-08-18,44001,Bristol,30.3567,16.2986,55.6168,6.0694
1995-08-19,44001,Bristol,25.5202,12.9821,52.9053,5.5711
1995-08-20,44001,Bristol,28.3866,12.113,54.1917,3.1214
1995-08-21,44001,Bristol,33.8909,15.2932,50.5226,3.3738
1995-08-22,44001,Bristol,29.2284,15.4366,49.7913,3.6764
1995-08-23,44001,Bristol,26.3595,12.1555,51.9754,2.9671
1995-08-24,44001,Bristol,30.7723,15.3651,46.9279,5.6932
1995-08-25,44001,Bristol,23.0546,10.7124,48.768,4.118
1995-08-26,44001,Bristol,25.3929,10.5451,57.96,2.9213
1995-08-27,44001,Bristol,23.1858,18.1666,73.4811,2.6199
1995-08-28,44001,Bristol,25.9944,12.2913,53.7792,3.6095
1995-08-29,44001,Bristol,27.7034,12.1792,55.019,1.7101
1995-08-30,44001,Bristol,26.0123,16.037,44.5781,2.8427
1995-08-31,44001,Bristol,26.7897,10.9734,64.9518,3.5703
1995-09-01,44001,Bristol,32.0266,19.7206,48.0135,3.3384
1995-09-02,44001,Bristol,24.5532,14.6626,54.348,2.827
1995-09-03,44001,Bristol,25.1911,10.5879,44.8844,2.0444
1995-09-04,44001,Bristol,27.0412,11.8861,45.2437,1.4994
1995-09-05,44001,Bristol,28.4956,13.515,56.5025,3.0534
1995-09-06,44001,Bristol,27.8994,13.2358,53.6258,3.168
1995-09-07,44001,Bristol,28.6196,12.674,66.54,5.1083
1995-09-08,44001,Bristol,22.1914,13.408,72.4978,4.0552
1995-09-09,44001,Bristol,24.5628,12.4268,66.1042,2.2389
1995-09-10,44001,Bristol,23.4013,7.5822,53.9838,3.9883
1995-09-11,44001,Bristol,19.4983,3.6763,48.2004,2.4904
1995-09-12,44001,Bristol,25.0812,9.0752,53.6552,3.8368
1995-09-13,44001,Bristol,22.5098,14.4658,92.1838,5.4716
1995-09-14,44001,Bristol,29.4705,17.467,64.5888,4.9383
1995-09-15,44001,Bristol,18.5885,12.3444,57.728,2.9135
1995-09-16,44001,Bristol,18.7345,10.1235,62.2109,3.2638
1995-09-17,44001,Bristol,21.3781,14.0432,92.4136,4.0113
1995-09-18,44001,Bristol,20.5184,16.5911,72.8502,2.8027
1995-09-19,44001,Bristol,19.237,11.2405,68.4204,3.9879
1995-09-20,44001,Bristol,20.715,10.1295,74.7899,2.8679
1995-09-21,44001,Bristol,18.4516,12.0314,85.8848,1.5933
1995-09-22,44001,Bristol,22.0546,12.8525,91.4679,4.4956
1995-09-23,44001,Bristol,16.2202,9.4371,71.67,4.1021
1995-09-24,44001,Bristol,15.4329,7.2489,75.9312,4.1471
1995-09-25,44001,Bristol,16.1262,12.2093,82.942,4.0055
1995-09-26,44001,Bristol,16.2775,15.0392,87.8276,3.0846
1995-09-27,44001,Bristol,20.3299,14.614,72.638,3.4186
1995-09-28,44001,Bristol,19.0871,8.7246,60.1388,3.6198
1995-09-29,44001,Bristol,16.4326,6.7391,67.2801,3.7335
1995-09-30,44001,Bristol,19.3337,5.9905,69.1008,3.8853
1995-10-01,44001,Bristol,21.6438,5.2097,63.7699,2.8427
1995-10-02,44001,Bristol,25.0954,7.1671,60.1956,2.3618
1995-10-03,44001,Bristol,24.1498,11.5628,56.154,2.8422
1995-10-04,44001,Bristol,22.5386,12.0626,89.0731,3.4485
1995-10-05,44001,Bristol,19.5579,15.2282,85.836,3.7098
1995-10-06,44001,Bristol,24.7007,12.6392,80.5877,4.3679
1995-10-07,44001,Bristol,17.3408,10.4016,84.7893,2.7036
1995-10-08,44001,Bristol,22.3636,10.2224,65.3462,2.9665
1995-10-09,44001,Bristol,17.5797,6.5766,65.7453,1.8895
1995-10-10,44001,Bristol,17.6708,11.7335,65.4945,1.0471
1995-10-11,44001,Bristol,20.5908,10.646,65.7917,1.8304
1995-10-12,44001,Bristol,24.3818,9.4769,58.0681,3.5029
1995-10-13,44001,Bristol,25.6898,10.7961,57.3761,2.8647
1995-10-14,44001,Bristol,22.5708,12.0228,84.3397,5.0073
1995-10-15,44001,Bristol,19.5764,7.3253,71.8314,6.9865
1995-10-16,44001,Bristol,14.1626,6.1146,54.79,7.3097
1995-10-17,44001,Bristol,12.5531,4.9327,52.6947,4.3798
1995-10-18,44001,Bristol,17.6896,3.6869,67.7337,5.309
1995-10-19,44001,Bristol,20.4896,8.1953,65.039,2.3732
1995-10-20,44001,Bristol,21.8768,9.4798,76.1925,4.4727
1995-10-21,44001,Bristol,22.0383,13.749,81.3899,7.6998
1995-10-22,44001,Bristol,15.8974,7.4736,68.5386,4.6457
1995-10-23,44001,Bristol,19.8937,5.6607,61.3696,2.9611
1995-10-24,44001,Bristol,20.6036,7.8629,75.7018,4.5177
1995-10-25,44001,Bristol,17.7493,9.1461,65.573,3.0722
1995-10-26,44001,Bristol,14.5768,8.1335,60.078,1.3768
1995-10-27,44001,Bristol,16.9785,7.5179,74.142,3.5398
1995-10-28,44001,Bristol,20.7093,12.2125,83.7361,6.0228
1995-10-29,44001,Bristol,13.6486,5.1449,65.0082,6.4455
1995-10-30,44001,Bristol,9.9408,3.185,55.3033,5.5795
1995-10-31,44001,Bristol,10.628,2.8497,64.4001,1.9902
1995-11-01,44001,Bristol,11.3938,7.1472,78.1485,3.1351
1995-11-02,44001,Bristol,17.2691,9.605,85.443,4.3469
1995-11-03,44001,Bristol,18.0324,11.4306,79.3315,2.35
1995-11-04,44001,Bristol,14.2487,0.5831,47.4863,6.197
1995-11-05,44001,Bristol,6.2684,-0.8214,54.0427,5.5201
1995-11-06,44001,Bristol,8.6007,-1.7199,57.6315,2.79
1995-11-07,44001,Bristol,14.2622,1.5311,80.694,5.0961
1995-11-08,44001,Bristol,12.8241,1.6058,57.6828,6.1522
1995-11-09,44001,Bristol,3.4645,-4.0022,51.1886,5.6569
1995-11-10,44001,Bristol,7.002,-4.09,71.8442,3.5794
1995-11-11,44001,Bristol,16.1724,4.9494,82.0248,7.8176
1995-11-12,44001,Bristol,14.3204,-1.174,64.5711,8.285
1995-11-13,44001,Bristol,4.3985,-2.7845,60.9946,2.1443
1995-11-14,44001,Bristol,6.4807,1.2561,75.099,6.9871
1995-11-15,44001,Bristol,10.5101,3.5613,64.2728,6.9667
1995-11-16,44001,Bristol,7.4651,-0.0167,55.9833,4.2819
1995-11-17,44001,Bristol,5.6345,-2.1117,54.1951,3.8609
1995-11-18,44001,Bristol,5.3897,-2.0406,69.7631,2.4679
1995-11-19,44001,Bristol,9.397,3.638,78.3559,2.815
1995-11-20,44001,Bristol,9.7292,3.1367,71.6173,2.9718
1995-11-21,44001,Bristol,11.5777,2.8518,69.4794,2.862
1995-11-22,44001,Bristol,6.355,-0.5354,60.5739,4.8807
1995-11-23,44001,Bristol,6.6045,-1.1426,64.5822,5.3564
1995-11-24,44001,Bristol,5.4433,-1.2088,59.636,2.5212
1995-11-25,44001,Bristol,5.2455,-2.087,72.8332,4.286
1995-11-26,44001,Bristol,7.131,-1.4505,63.5017,4.3493
1995-11-27,44001,Bristol,11.3048,1.4419,71.6718,3.4378
1995-11-28,44001,Bristol,14.3739,1.5524,63.7059,6.112
1995-11-29,44001,Bristol,3.0441,-2.627,72.7801,6.3554
1995-11-30,44001,Bristol,1.5057,-5.757,59.4365,3.4799
1995-12-01,44001,Bristol,7.548,-2.8687,71.0916,6.7212
1995-12-02,44001,Bristol,4.7513,-4.8026,53.2909,7.3814
1995-12-03,44001,Bristol,8.5211,-5.1394,64.1838,4.8027
1995-12-04,44001,Bristol,9.4873,0.1411,64.697,4.2756
1995-12-05,44001,Bristol,4.8734,-3.0717,62.1398,3.8973
1995-12-06,44001,Bristol,11.0902,-0.3235,61.526,5.2954
1995-12-07,44001,Bristol,5.489,-2.1623,40.6646,4.061
1995-12-08,44001,Bristol,0.973,-4.5077,35.5763,4.5984
1995-12-09,44001,Bristol,4.9337,-4.7102,70.5734,5.3347
1995-12-10,44001,Bristol,4.3216,-7.1062,47.8993,5.8989
1995-12-11,44001,Bristol,-2.8188,-8.3232,41.0671,7.4748
1995-12-12,44001,Bristol,-2.8351,-9.0092,38.0754,6.0929
1995-12-13,44001,Bristol,-2.1363,-8.9261,45.9497,3.8265
1995-12-14,44001,Bristol,3.3415,-8.0216,74.4119,3.9226
1995-12-15,44001,Bristol,3.6932,-2.2494,76.1728,3.278
1995-12-16,44001,Bristol,4.2327,-1.7537,75.653,2.4435
1995-12-17,44001,Bristol,3.0094,-2.527,70.8793,4.4982
1995-12-18,44001,Bristol,2.1338,-4.5401,52.9492,5.2401
1995-12-19,44001,Bristol,0.2968,-6.2388,67.8518,5.9986
1995-12-20,44001,Bristol,2.1279,-7.249,77.0846,7.1936
1995-12-21,44001,Bristol,-2.0688,-9.9177,70.1822,9.1475
1995-12-22,44001,Bristol,1.6058,-5.8894,69.1333,6.0112
1995-12-23,44001,Bristol,1.8652,-5.7174,70.8198,3.7619
1995-12-24,44001,Bristol,0.6812,-3.4568,68.0568,3.9489
1995-12-25,44001,Bristol,1.1845,-4.8573,60.4253,4.7782
1995-12-26,44001,Bristol,1.1045,-4.2995,55.4947,6.8531
1995-12-27,44001,Bristol,0.1189,-5.8725,60.5931,5.6756
1995-12-28,44001,Bristol,1.8538,-4.7179,61.538,4.3019
1995-12-29,44001,Bristol,0.7571,-7.4337,72.6101,4.9014
1995-12-30,44001,Bristol,2.8402,-5.7599,60.5642,4.2505
1995-12-31,44001,Bristol,1.2288,-3.3743,65.9128,2.5392
1996-01-01,44001,Bristol,2.8661,-1.5716,66.7894,2.8432
1996-01-02,44001,Bristol,1.6947,-2.4358,75.926,3.672
1996-01-03,44001,Bristol,1.5459,-4.8758,77.4414,6.7789
1996-01-04,44001,Bristol,-2.9578,-11.3791,54.8558,5.614
1996-01-05,44001,Bristol,-4.6337,-15.9352,41.5275,6.7225
1996-01-06,44001,Bristol,-9.4125,-19.3194,45.2512,6.0088
1996-01-07,44001,Bristol,-2.7972,-15.4393,74.3954,7.1609
1996-01-08,44001,Bristol,-0.3105,-10.4161,73.1644,10.2111
1996-01-09,44001,Bristol,-3.3709,-15.0553,72.6882,3.4094
1996-01-10,44001,Bristol,-1.2311,-6.13,71.5732,4.9536
1996-01-11,44001,Bristol,-4.0147,-11.382,66.7642,3.8349
1996-01-12,44001,Bristol,3.966,-7.9222,79.9545,4.8865
1996-01-13,44001,Bristol,4.1472,-2.8599,67.4837,4.4264
1996-01-14,44001,Bristol,3.6378,-3.0013,68.5064,4.871
1996-01-15,44001,Bristol,2.243,-9.5671,59.5013,5.1116
1996-01-16,44001,Bristol,2.1677,-11.8813,68.9105,3.9825
1996-01-17,44001,Bristol,8.4567,-0.1012,68.1617,4.3113
1996-01-18,44001,Bristol,9.794,-1.0535,70.0401,3.2057
1996-01-19,44001,Bristol,9.3073,3.1539,79.7304,8.7455
1996-01-20,44001,Bristol,6.1951,-5.133,32.7248,4.978
1996-01-21,44001,Bristol,2.1587,-4.8894,59.5611,4.3937
1996-01-22,44001,Bristol,3.3609,-2.7543,60.9877,2.3709
1996-01-23,44001,Bristol,5.9356,-2.9488,72.7401,4.138
1996-01-24,44001,Bristol,11.8192,0.7909,81.0042,7.4445
1996-01-25,44001,Bristol,7.7603,-6.2504,40.9073,5.575
1996-01-26,44001,Bristol,2.8201,-6.3478,55.6537,3.4236
1996-01-27,44001,Bristol,9.4533,0.1462,83.5625,9.1639
1996-01-28,44001,Bristol,6.4745,-4.9571,34.0876,7.0974
1996-01-29,44001,Bristol,1.5947,-5.9366,52.7483,3.9614
1996-01-30,44001,Bristol,4.696,-2.2265,67.3911,3.244
1996-01-31,44001,Bristol,0.8355,-7.0744,56.701,4.1499
1996-02-01,44001,Bristol,-4.1099,-10.4749,50.3887,2.9398
1996-02-02,44001,Bristol,0.1225,-5.7185,60.1985,1.9151
1996-02-03,44001,Bristol,-2.9804,-11.2985,53.8735,7.4838
1996-02-04,44001,Bristol,-9.3809,-13.2185,51.9647,6.0794
1996-02-05,44001,Bristol,-6.3089,-14.655,38.6547,4.9068
1996-02-06,44001,Bristol,-4.2018,-11.0387,36.9701,4.5328
1996-02-07,44001,Bristol,1.1432,-9.9344,53.9398,4.1464
1996-02-08,44001,Bristol,3.5426,-1.4332,70.1094,4.5925
1996-02-09,44001,Bristol,6.6499,-0.3118,62.0225,4.9322
1996-02-10,44001,Bristol,4.3013,-2.3763,54.1106,4.4304
1996-02-11,44001,Bristol,7.0118,-0.8263,68.9308,4.3335
1996-02-12,44001,Bristol,2.6466,-9.5251,38.8043,5.6312
1996-02-13,44001,Bristol,-8.3914,-14.8173,45.2435,6.5262
1996-02-14,44001,Bristol,2.5101,-10.7155,70.2023,3.3133
1996-02-15,44001,Bristol,0.8243,-5.3222,64.1198,1.7401
1996-02-16,44001,Bristol,0.1453,-5.8307,66.2484,6.1166
1996-02-17,44001,Bristol,-2.0023,-10.2418,63.5064,6.5262
1996-02-18,44001,Bristol,-0.2615,-11.3018,52.5581,5.0358
1996-02-19,44001,Bristol,1.5304,-13.4645,63.07,3.2032
1996-02-20,44001,Bristol,4.4259,-0.1515,67.7687,5.317
1996-02-21,44001,Bristol,7.3072,1.5337,64.1454,3.8427
1996-02-22,44001,Bristol,14.6136,3.2823,60.8166,1.6557
1996-02-23,44001,Bristol,11.5502,3.9929,62.6141,1.4959
1996-02-24,44001,Bristol,12.3971,2.9891,54.9755,5.4028
1996-02-25,44001,Bristol,8.9662,0.137,39.5738,9.0138
1996-02-26,44001,Bristol,8.4166,-1.7059,39.564,6.1862
1996-02-27,44001,Bristol,11.0443,-1.696,35.5612,3.3638
1996-02-28,44001,Bristol,14.4594,2.0066,47.3755,4.5909
1996-02-29,44001,Bristol,6.4034,-4.382,24.5555,5.9672
1996-03-01,44001,Bristol,1.6959,-6.4967,39.8522,3.6637
1996-03-02,44001,Bristol,3.163,-4.1804,68.8949,4.2592
1996-03-03,44001,Bristol,4.7738,-6.5766,56.2612,7.3095
1996-03-04,44001,Bristol,-1.1181,-7.6038,47.349,7.047
1996-03-05,44001,Bristol,3.9916,-7.9189,76.639,4.0568
1996-03-06,44001,Bristol,4.0906,-0.5047,68.0873,4.9293
1996-03-07,44001,Bristol,2.6503,-2.1202,68.3211,6.2787
1996-03-08,44001,Bristol,0.4083,-7.4362,64.0018,6.2938
1996-03-09,44001,Bristol,-3.4621,-11.7591,50.3749,6.6731
1996-03-10,44001,Bristol,0.4707,-12.1447,48.0034,3.1399
1996-03-11,44001,Bristol,3.3441,-9.5898,53.5369,1.8456
1996-03-12,44001,Bristol,4.4978,-6.7016,57.9962,4.6102
1996-03-13,44001,Bristol,7.5953,-5.4746,50.1202,2.7953
1996-03-14,44001,Bristol,9.2157,-0.8931,54.733,2.8167
1996-03-15,44001,Bristol,12.5437,0.4978,59.2224,2.7387
1996-03-16,44001,Bristol,6.8379,-3.0173,50.5807,5.1005
1996-03-17,44001,Bristol,8.9925,-3.462,38.1425,3.3816
1996-03-18,44001,Bristol,12.0576,-2.2107,43.7505,2.1047
1996-03-19,44001,Bristol,13.766,0.6045,53.487,5.5679
1996-03-20,44001,Bristol,12.2085,3.3668,58.5259,4.1061
1996-03-21,44001,Bristol,10.3785,1.5528,56.1637,3.4706
1996-03-22,44001,Bristol,9.526,0.5447,49.5778,4.6809
1996-03-23,44001,Bristol,4.7215,-2.2859,43.0204,6.2037
1996-03-24,44001,Bristol,8.8868,-2.407,37.5709,4.4733
1996-03-25,44001,Bristol,14.334,1.1464,49.3337,4.6878
1996-03-26,44001,Bristol,20.2307,3.0093,39.994,4.6088
1996-03-27,44001,Bristol,5.3588,-2.5488,33.0433,4.7893
1996-03-28,44001,Bristol,6.8997,-2.7344,34.2316,1.8616
1996-03-29,44001,Bristol,6.7408,-1.0661,53.7556,4.3281
1996-03-30,44001,Bristol,9.8939,-3.2187,41.4778,2.6074
1996-03-31,44001,Bristol,12.1435,0.6658,37.9572,2.0662
1996-04-01,44001,Bristol,14.6597,2.1833,56.4108,2.7148
1996-04-02,44001,Bristol,10.1523,1.1944,61.3682,6.0012
1996-04-03,44001,Bristol,8.2184,-0.015,44.4428,4.9571
1996-04-04,44001,Bristol,10.2047,-0.5796,35.1154,4.25
1996-04-05,44001,Bristol,7.7107,2.2917,51.3575,2.6085
1996-04-06,44001,Bristol,10.3777,3.3689,55.7686,3.754
1996-04-07,44001,Bristol,6.2207,2.2717,67.0394,7.1004
1996-04-08,44001,Bristol,4.4808,1.5352,65.3679,4.9273
1996-04-09,44001,Bristol,9.0764,0.285,54.4267,4.0786
1996-04-10,44001,Bristol,5.1809,1.867,62.4257,7.7478
1996-04-11,44001,Bristol,12.962,1.918,47.5649,5.4372
1996-04-12,44001,Bristol,17.9818,5.4248,52.708,3.3196
1996-04-13,44001,Bristol,10.4535,5.342,49.5032,3.3454
1996-04-14,44001,Bristol,9.1531,4.1658,64.205,4.1031
1996-04-15,44001,Bristol,12.1659,2.2206,52.3728,3.321
1996-04-16,44001,Bristol,13.001,4.4641,74.4867,7.7897
1996-04-17,44001,Bristol,9.7642,5.1767,53.2891,7.4004
1996-04-18,44001,Bristol,14.9413,3.3175,42.208,3.6665
1996-04-19,44001,Bristol,17.4236,4.6625,53.5344,3.1171
1996-04-20,44001,Bristol,20.6351,9.1457,61.0941,5.4084
1996-04-21,44001,Bristol,24.4727,10.107,53.0504,4.3775
1996-04-22,44001,Bristol,22.7453,9.7408,45.9885,3.168
1996-04-23,44001,Bristol,23.3845,10.3885,59.8313,5.6815
1996-04-24,44001,Bristol,14.3741,5.2833,55.3702,5.6332
1996-04-25,44001,Bristol,18.4269,4.772,50.0397,5.1873
1996-04-26,44001,Bristol,20.683,9.0022,65.4893,6.7182
1996-04-27,44001,Bristol,18.542,6.3881,49.7651,4.1508
1996-04-28,44001,Bristol,16.7142,1.0907,45.6042,3.502
1996-04-29,44001,Bristol,11.2937,6.1534,70.829,3.4449
1996-04-30,44001,Bristol,21.1857,9.6538,67.3825,5.1893
1996-05-01,44001,Bristol,18.538,7.1387,54.9793,4.023
1996-05-02,44001,Bristol,19.3577,4.6394,55.0955,4.0139
1996-05-03,44001,Bristol,15.2433,7.7453,64.5222,2.8049
1996-05-04,44001,Bristol,20.1514,8.6348,62.1847,1.8547
1996-05-05,44001,Bristol,19.8917,10.4026,53.6806,1.9447
1996-05-06,44001,Bristol,12.5875,3.027,68.4185,3.7734
1996-05-07,44001,Bristol,17.5002,1.0274,46.1002,3.1131
1996-05-08,44001,Bristol,17.6179,7.1952,54.5143,1.6686
1996-05-09,44001,Bristol,16.0749,7.9458,59.7339,2.7151
1996-05-10,44001,Bristol,16.929,8.9202,70.8172,4.3742
1996-05-11,44001,Bristol,25.3978,11.9392,61.2119,5.0317
1996-05-12,44001,Bristol,14.4511,7.0103,65.8002,6.9434
1996-05-13,44001,Bristol,14.9893,4.3728,45.519,4.2099
1996-05-14,44001,Bristol,15.6794,1.8899,45.2138,2.6674
1996-05-15,44001,Bristol,19.765,3.686,45.2739,3.3292
1996-05-16,44001,Bristol,12.5927,4.3901,74.8333,3.8074
1996-05-17,44001,Bristol,21.8979,10.6429,59.4439,1.6405
1996-05-18,44001,Bristol,18.6801,9.9163,63.3183,1.5798
1996-05-19,44001,Bristol,26.261,11.465,61.5193,2.7516
1996-05-20,44001,Bristol,32.7245,13.3657,56.302,3.6188
1996-05-21,44001,Bristol,31.5544,18.1103,57.656,3.717
1996-05-22,44001,Bristol,26.1146,14.5561,49.7376,3.0555
1996-05-23,44001,Bristol,24.6212,11.0616,48.07,3.0626
1996-05-24,44001,Bristol,20.0594,9.4971,57.0392,3.0399
1996-05-25,44001,Bristol,18.1686,4.4893,44.5697,3.1109
1996-05-26,44001,Bristol,19.3544,4.4394,50.6561,2.7135
1996-05-27,44001,Bristol,20.2356,10.0014,51.0691,1.6343
1996-05-28,44001,Bristol,18.088,8.8128,58.0901,2.5914
1996-05-29,44001,Bristol,15.529,7.7004,66.1918,2.861
1996-05-30,44001,Bristol,14.7569,6.2088,62.151,2.4844
1996-05-31,44001,Bristol,22.8558,8.4015,49.8383,3.2625
1996-06-01,44001,Bristol,24.596,10.6082,52.0294,3.1037
1996-06-02,44001,Bristol,22.6916,9.9338,56.0708,2.8768
1996-06-03,44001,Bristol,19.1611,10.6331,82.2656,3.4367
1996-06-04,44001,Bristol,23.0246,16.0777,70.6615,4.7819
1996-06-05,44001,Bristol,24.2429,15.464,70.949,4.3085
1996-06-06,44001,Bristol,24.7507,13.3495,59.7978,2.5548
1996-06-07,44001,Bristol,25.11,13.2466,68.1458,3.709
1996-06-08,44001,Bristol,27.8845,16.0076,73.4494,3.8614
1996-06-09,44001,Bristol,27.2554,17.5668,71.7443,2.7451
1996-06-10,44001,Bristol,24.784,18.1417,75.5427,2.5479
1996-06-11,44001,Bristol,27.2497,18.9304,73.2454,4.2855
1996-06-12,44001,Bristol,27.1105,18.9232,71.2696,4.4164
1996-06-13,44001,Bristol,26.421,18.0196,73.9063,3.755
1996-06-14,44001,Bristol,27.481,18.8466,68.8276,3.4724
1996-06-15,44001,Bristol,29.5319,19.9229,60.6183,2.505
1996-06-16,44001,Bristol,24.5779,15.2599,62.8878,2.7661
1996-06-17,44001,Bristol,28.6869,14.8307,70.6987,2.4101
1996-06-18,44001,Bristol,24.8154,15.7933,74.2935,2.5735
1996-06-19,44001,Bristol,20.3937,13.7883,73.3112,2.0381
1996-06-20,44001,Bristol,23.2173,16.8611,73.8134,2.513
1996-06-21,44001,Bristol,25.7782,16.4715,73.1069,1.696
1996-06-22,44001,Bristol,22.6458,16.5298,70.4681,3.7323
1996-06-23,44001,Bristol,26.461,16.8407,61.761,2.6475
1996-06-24,44001,Bristol,21.3739,13.3621,77.273,2.8631
1996-06-25,44001,Bristol,27.4686,14.2913,65.4006,3.2937
1996-06-26,44001,Bristol,21.572,12.6008,54.6412,3.9837
1996-06-27,44001,Bristol,24.7319,11.1008,61.9235,2.6136
1996-06-28,44001,Bristol,22.6739,13.631,64.7353,2.944
1996-06-29,44001,Bristol,23.6638,11.651,62.9,1.8547
1996-06-30,44001,Bristol,19.4608,16.4914,77.1517,3.1788
1996-07-01,44001,Bristol,25.7214,15.83,73.25,4.4831
1996-07-02,44001,Bristol,28.0993,17.6999,68.3952,3.149
1996-07-03,44001,Bristol,24.1136,18.0974,77.3046,2.5112
1996-07-04,44001,Bristol,24.1772,18.2592,70.5768,4.509
1996-07-05,44001,Bristol,26.4016,17.1277,60.7966,4.3003
1996-07-06,44001,Bristol,28.2408,15.5206,64.7444,4.124
1996-07-07,44001,Bristol,24.6756,17.9229,67.6613,2.2065
1996-07-08,44001,Bristol,29.2833,16.8893,75.281,4.1949
1996-07-09,44001,Bristol,29.0944,20.3974,72.7161,3.2813
1996-07-10,44001,Bristol,25.5109,15.3339,62.7406,3.857
1996-07-11,44001,Bristol,25.6698,12.739,58.0597,3.6172
1996-07-12,44001,Bristol,26.747,14.4095,67.8538,2.4931
1996-07-13,44001,Bristol,24.4882,19.3896,79.8891,6.5603
1996-07-14,44001,Bristol,28.0655,20.1181,71.6845,4.1856
1996-07-15,44001,Bristol,26.2278,19.7303,77.2492,5.7177
1996-07-16,44001,Bristol,29.033,20.2711,67.8519,4.6858
1996-07-17,44001,Bristol,30.1145,18.9487,63.3903,3.4297
1996-07-18,44001,Bristol,29.5843,18.4786,64.7898,2.8778
1996-07-19,44001,Bristol,26.7323,20.16,75.9732,5.0231
1996-07-20,44001,Bristol,22.4932,15.7085,57.2072,6.5284
1996-07-21,44001,Bristol,24.9669,14.958,53.5527,3.9113
1996-07-22,44001,Bristol,26.6772,15.5771,58.1976,2.1576
1996-07-23,44001,Bristol,21.195,15.9524,75.2907,1.8545
1996-07-24,44001,Bristol,27.5202,14.7532,68.4827,1.8407
1996-07-25,44001,Bristol,25.7707,15.9786,75.4778,2.6401
1996-07-26,44001,Bristol,23.9131,18.3787,76.1172,1.5637
1996-07-27,44001,Bristol,27.7632,19.1184,59.8123,2.8992
1996-07-28,44001,Bristol,27.0223,16.1672,61.0871,1.7313
1996-07-29,44001,Bristol,26.4997,18.1007,63.3557,2.1608
1996-07-30,44001,Bristol,20.7091,15.9015,76.3355,2.8616
1996-07-31,44001,Bristol,20.0503,15.6803,83.6658,2.9422
1996-08-01,44001,Bristol,24.1819,17.3809,80.472,2.3326
1996-08-02,44001,Bristol,26.4154,18.1858,72.5716,1.6725
1996-08-03,44001,Bristol,25.5913,16.7916,73.8099,1.9516
1996-08-04,44001,Bristol,26.4136,16.7432,71.3422,1.7027
1996-08-05,44001,Bristol,28.0821,17.5751,72.968,2.3487
1996-08-06,44001,Bristol,29.4182,17.2998,71.5804,2.1448
1996-08-07,44001,Bristol,28.0153,17.5809,70.7246,2.8879
1996-08-08,44001,Bristol,27.2435,16.0659,69.8501,3.5075
1996-08-09,44001,Bristol,27.4931,16.4353,77.111,3.8368
1996-08-10,44001,Bristol,27.4523,20.2858,68.3841,2.0027
1996-08-11,44001,Bristol,24.2534,16.0897,63.0664,2.7274
1996-08-12,44001,Bristol,23.8947,15.6183,62.3569,1.8603
1996-08-13,44001,Bristol,18.3302,15.8335,88.7438,3.3864
1996-08-14,44001,Bristol,25.4058,15.526,72.6046,2.0895
1996-08-15,44001,Bristol,24.7569,16.7994,72.6647,1.6764
1996-08-16,44001,Bristol,25.6089,15.3695,70.9462,1.855
1996-08-17,44001,Bristol,26.9454,16.9323,74.1202,2.9753
1996-08-18,44001,Bristol,28.0444,19.6881,66.5521,2.2704
1996-08-19,44001,Bristol,26.6933,15.6659,62.664,2.2425
1996-08-20,44001,Bristol,25.2243,14.0409,66.8211,3.3236
1996-08-21,44001,Bristol,27.2153,16.5097,75.7184,4.8057
1996-08-22,44001,Bristol,29.0759,19.6446,68.4293,2.0463
1996-08-23,44001,Bristol,30.0467,17.9818,71.9031,4.0459
1996-08-24,44001,Bristol,25.8409,19.5254,75.6402,1.4332
1996-08-25,44001,Bristol,26.679,16.5588,65.8207,2.9167
1996-08-26,44001,Bristol,29.4947,17.3208,64.4559,3.1832
1996-08-27,44001,Bristol,27.9343,17.3195,68.6459,2.1861
1996-08-28,44001,Bristol,20.4127,17.8487,84.4719,3.2466
1996-08-29,44001,Bristol,26.7947,16.1766,69.5014,2.6521
1996-08-30,44001,Bristol,24.8413,15.2052,62.7835,2.3964
1996-08-31,44001,Bristol,27.1829,13.3761,61.9259,2.8787
1996-09-01,44001,Bristol,28.9598,14.4884,58.8048,4.7796
1996-09-02,44001,Bristol,20.1249,17.5136,82.191,8.048
1996-09-03,44001,Bristol,28.6716,17.7136,61.4987,2.2132
1996-09-04,44001,Bristol,27.6763,16.8025,71.656,2.1593
1996-09-05,44001,Bristol,28.1148,19.0373,67.2721,2.5183
1996-09-06,44001,Bristol,27.2783,17.4921,71.5925,2.2058
1996-09-07,44001,Bristol,22.0242,17.0215,84.7638,3.0017
1996-09-08,44001,Bristol,23.6056,11.3804,82.1031,2.4073
1996-09-09,44001,Bristol,27.8147,17.3853,76.0542,2.7148
1996-09-10,44001,Bristol,27.0938,18.0918,80.2621,2.5947
1996-09-11,44001,Bristol,24.5147,15.9791,73.6681,1.9364
1996-09-12,44001,Bristol,18.8508,12.2203,89.6721,3.8371
1996-09-13,44001,Bristol,19.852,12.9744,91.026,2.7988
1996-09-14,44001,Bristol,23.4637,15.4775,76.3063,2.6692
1996-09-15,44001,Bristol,21.7462,12.5146,68.7102,3.3676
1996-09-16,44001,Bristol,20.3451,14.9996,77.1733,2.0886
1996-09-17,44001,Bristol,17.0979,13.4658,90.2785,6.2146
1996-09-18,44001,Bristol,14.7778,12.5116,87.7707,5.7482
1996-09-19,44001,Bristol,20.8056,12.2819,63.9372,3.0103
1996-09-20,44001,Bristol,22.0988,10.3509,65.3373,2.91
1996-09-21,44001,Bristol,22.847,11.447,67.4437,3.5067
1996-09-22,44001,Bristol,21.2181,12.5886,80.4033,1.7492
1996-09-23,44001,Bristol,15.2705,10.2965,79.0129,3.5853
1996-09-24,44001,Bristol,16.3815,10.5095,72.6862,1.7799
1996-09-25,44001,Bristol,19.3392,12.1077,71.6712,2.9236
1996-09-26,44001,Bristol,16.6245,7.7984,64.6486,1.9735
1996-09-27,44001,Bristol,15.923,9.7593,76.5909,3.0852
1996-09-28,44001,Bristol,21.3284,12.958,83.0316,6.3119
1996-09-29,44001,Bristol,19.276,12.4874,84.2987,4.0118
1996-09-30,44001,Bristol,20.8232,10.0291,55.4946,2.3218
1996-10-01,44001,Bristol,20.5479,8.9673,55.0877,1.9551
1996-10-02,44001,Bristol,20.6015,9.8935,75.1429,3.6593
1996-10-03,44001,Bristol,19.0289,4.6619,65.2824,5.2053
1996-10-04,44001,Bristol,10.5531,1.6899,53.1515,5.0074
1996-10-05,44001,Bristol,11.3479,2.8824,60.2676,3.1541
1996-10-06,44001,Bristol,15.7531,3.4621,59.3252,2.4072
1996-10-07,44001,Bristol,16.6768,6.6233,65.1714,1.4211
1996-10-08,44001,Bristol,16.3318,7.0214,80.1599,4.8436
1996-10-09,44001,Bristol,18.2531,9.2807,66.7628,3.9781
1996-10-10,44001,Bristol,19.6757,9.7503,68.5335,3.1867
1996-10-11,44001,Bristol,13.2531,4.193,58.6398,3.3512
1996-10-12,44001,Bristol,13.7479,1.2602,55.3836,2.6138
1996-10-13,44001,Bristol,16.0531,4.6315,70.7919,3.2684
1996-10-14,44001,Bristol,22.5668,6.1647,56.2874,5.395
1996-10-15,44001,Bristol,10.7229,0.2082,48.5708,4.8182
1996-10-16,44001,Bristol,19.1041,3.1533,65.8972,4.0351
1996-10-17,44001,Bristol,22.2554,8.6296,55.66,2.3102
1996-10-18,44001,Bristol,13.7794,5.8639,65.4875,4.723
1996-10-19,44001,Bristol,14.1122,7.1374,81.2602,8.8582
1996-10-20,44001,Bristol,15.5159,10.5967,78.9453,3.8938
1996-10-21,44001,Bristol,16.7443,9.9746,70.8445,1.3846
1996-10-22,44001,Bristol,14.9557,7.5861,72.9893,3.1435
1996-10-23,44001,Bristol,17.3579,6.2611,76.4893,2.5731
1996-10-24,44001,Bristol,19.2817,8.9943,64.7414,4.3035
1996-10-25,44001,Bristol,16.9557,7.0082,57.6101,3.6264
1996-10-26,44001,Bristol,15.938,4.2832,55.9462,2.4097
1996-10-27,44001,Bristol,17.7642,5.4023,61.5628,2.1913
1996-10-28,44001,Bristol,17.8233,7.3242,74.2232,5.3952
1996-10-29,44001,Bristol,11.0557,2.6517,55.4158,5.3724
1996-10-30,44001,Bristol,13.7912,1.3847,78.6016,4.5624
1996-10-31,44001,Bristol,13.0904,4.1378,62.2554,5.2406
1996-11-01,44001,Bristol,9.5958,1.173,57.0494,4.0266
1996-11-02,44001,Bristol,9.6699,0.3474,51.7703,3.371
1996-11-03,44001,Bristol,6.5695,-1.6287,47.2104,5.7846
1996-11-04,44001,Bristol,9.9015,0.5108,52.2989,4.538
1996-11-05,44001,Bristol,14.5416,2.4749,56.437,2.9211
1996-11-06,44001,Bristol,13.6011,7.0828,64.9153,2.5307
1996-11-07,44001,Bristol,15.4556,8.4645,73.7705,4.5874
1996-11-08,44001,Bristol,18.9467,12.1703,72.3072,7.7924
1996-11-09,44001,Bristol,16.0565,6.6215,73.4856,6.1726
1996-11-10,44001,Bristol,14.0466,3.578,55.8737,3.7372
1996-11-11,44001,Bristol,8.542,-0.0508,49.8763,4.5337
1996-11-12,44001,Bristol,6.5556,-1.767,48.311,4.8363
1996-11-13,44001,Bristol,5.093,-2.521,41.6368,3.1418
1996-11-14,44001,Bristol,2.2758,-2.3162,43.314,4.0563
1996-11-15,44001,Bristol,0.7695,-4.4863,44.0175,6.4178
1996-11-16,44001,Bristol,4.4839,-5.2563,42.7168,4.6404
1996-11-17,44001,Bristol,10.1446,-3.1338,39.6868,3.6903
1996-11-18,44001,Bristol,11.3228,-1.0804,50.9482,2.1342
1996-11-19,44001,Bristol,9.5195,2.3898,70.8033,1.9224
1996-11-20,44001,Bristol,7.5008,0.3784,57.8407,4.3645
1996-11-21,44001,Bristol,4.9754,-2.1409,55.6284,4.7466
1996-11-22,44001,Bristol,6.0728,-1.5879,55.4804,4.3771
1996-11-23,44001,Bristol,7.2368,-1.7644,54.8659,3.8096
1996-11-24,44001,Bristol,5.4117,-1.2176,45.5983,2.8771
1996-11-25,44001,Bristol,9.2118,0.8702,68.135,1.8145
1996-11-26,44001,Bristol,14.1063,1.7822,72.7111,5.4266
1996-11-27,44001,Bristol,3.5819,-5.8437,48.1569,7.11
1996-11-28,44001,Bristol,-0.2275,-6.8999,55.363,3.8539
1996-11-29,44001,Bristol,1.9264,-5.1863,58.4359,4.2897
1996-11-30,44001,Bristol,4.701,-3.5289,67.2859,2.9091
1996-12-01,44001,Bristol,11.498,2.4895,91.0313,7.6014
1996-12-02,44001,Bristol,13.4812,2.6899,76.7668,6.9213
1996-12-03,44001,Bristol,7.4824,-1.2212,59.7509,2.0938
1996-12-04,44001,Bristol,7.4808,1.0227,69.399,2.1864
1996-12-05,44001,Bristol,6.5565,0.8481,64.8998,2.5656
1996-12-06,44001,Bristol,6.4795,0.1837,83.7467,7.5431
1996-12-07,44001,Bristol,4.7943,-0.2301,78.3739,3.3102
1996-12-08,44001,Bristol,6.5869,-3.8913,77.5367,4.3526
1996-12-09,44001,Bristol,3.4126,-5.5884,72.7623,2.9357
1996-12-10,44001,Bristol,3.2935,-5.4053,76.7955,2.7865
1996-12-11,44001,Bristol,5.652,0.6678,75.6795,1.9573
1996-12-12,44001,Bristol,5.3414,1.5557,75.4705,4.7948
1996-12-13,44001,Bristol,6.7072,1.4621,73.6237,5.6411
1996-12-14,44001,Bristol,5.6791,1.7588,76.2545,5.8658
1996-12-15,44001,Bristol,5.9385,0.9648,74.6876,4.9674
1996-12-16,44001,Bristol,7.9616,0.5474,72.1339,2.4555
1996-12-17,44001,Bristol,9.987,3.0353,75.6295,4.2439
1996-12-18,44001,Bristol,14.4467,7.7652,80.0209,2.6991
1996-12-19,44001,Bristol,12.9898,7.8165,82.2049,3.1814
1996-12-20,44001,Bristol,8.9132,-5.0194,38.4223,8.2441
1996-12-21,44001,Bristol,0.5094,-4.7759,69.2033,3.8609
1996-12-22,44001,Bristol,3.4873,-3.3554,76.5413,4.5625
1996-12-23,44001,Bristol,4.4788,0.7117,79.7877,1.9119
1996-12-24,44001,Bristol,12.7684,2.3101,87.181,7.294
1996-12-25,44001,Bristol,11.2878,-1.4289,42.0674,6.1959
1996-12-26,44001,Bristol,2.7812,-1.0191,58.3096,3.966
1996-12-27,44001,Bristol,7.8402,-0.0258,72.7748,1.9645
1996-12-28,44001,Bristol,7.7762,0.1678,71.4909,3.3389
1996-12-29,44001,Bristol,13.8296,5.1474,78.8854,5.1027
1996-12-30,44001,Bristol,9.642,-1.3329,48.7611,5.1519
1996-12-31,44001,Bristol,2.1644,-10.9383,44.755,4.8979
1997-01-01,44001,Bristol,-2.1729,-12.9153,51.9892,3.6425
1997-01-02,44001,Bristol,4.4699,-4.0296,73.327,3.4737
1997-01-03,44001,Bristol,7.0259,0.1333,63.3463,2.6649
1997-01-04,44001,Bristol,7.8232,-0.4289,62.1178,1.8499
1997-01-05,44001,Bristol,13.0296,1.8114,69.5401,4.4823
1997-01-06,44001,Bristol,9.6231,0.0918,52.2148,6.4415
1997-01-07,44001,Bristol,3.1312,-3.4271,34.2763,7.958
1997-01-08,44001,Bristol,-1.132,-6.2366,38.6573,7.988
1997-01-09,44001,Bristol,3.3088,-6.9511,53.8664,3.3345
1997-01-10,44001,Bristol,5.946,-2.2399,61.9349,7.4478
1997-01-11,44001,Bristol,2.7746,-6.3989,56.9422,5.9334
1997-01-12,44001,Bristol,-1.2215,-6.5912,52.5531,7.3449
1997-01-13,44001,Bristol,0.8967,-6.7689,58.8107,5.4442
1997-01-14,44001,Bristol,1.0886,-5.0489,56.4758,4.9054
1997-01-15,44001,Bristol,2.7677,-5.4886,56.1643,4.2823
1997-01-16,44001,Bristol,6.8136,-1.2402,63.0335,7.421
1997-01-17,44001,Bristol,1.6979,-10.257,21.1436,7.164
1997-01-18,44001,Bristol,-6.6225,-12.4148,38.9902,5.5786
1997-01-19,44001,Bristol,-6.4601,-15.7243,45.9394,5.7752
1997-01-20,44001,Bristol,1.3459,-9.4028,64.3418,5.9634
1997-01-21,44001,Bristol,0.6172,-5.6271,53.8605,4.1061
1997-01-22,44001,Bristol,6.5671,-4.1633,68.5965,7.7185
1997-01-23,44001,Bristol,10.3895,-2.8212,54.6724,5.3264
1997-01-24,44001,Bristol,3.8747,-4.8054,50.1955,5.8485
1997-01-25,44001,Bristol,10.7816,1.8398,67.01,6.9534
1997-01-26,44001,Bristol,4.9758,-7.2459,32.75,6.7346
1997-01-27,44001,Bristol,1.41,-9.3525,47.3904,3.9057
1997-01-28,44001,Bristol,5.9279,-5.4177,64.9518,7.1787
1997-01-29,44001,Bristol,-1.5097,-7.269,48.9325,4.3383
1997-01-30,44001,Bristol,0.8177,-9.757,59.706,3.5972
1997-01-31,44001,Bristol,5.452,-0.5351,61.6776,2.3737
1997-02-01,44001,Bristol,6.6289,0.8462,63.5998,3.8768
1997-02-02,44001,Bristol,6.2627,-0.5813,56.2814,2.0369
1997-02-03,44001,Bristol,5.806,0.494,64.5399,2.3268
1997-02-04,44001,Bristol,4.8905,-2.0198,61.171,4.6973
1997-02-05,44001,Bristol,7.2185,1.1586,64.6324,5.1775
1997-02-06,44001,Bristol,8.014,-2.2248,52.2532,3.855
1997-02-07,44001,Bristol,4.1567,-3.7756,57.2917,3.3023
1997-02-08,44001,Bristol,3.1648,-2.6126,56.9969,5.401
1997-02-09,44001,Bristol,1.8672,-4.9839,52.5095,4.8349
1997-02-10,44001,Bristol,3.8567,-5.8083,51.5474,3.1174
1997-02-11,44001,Bristol,3.6631,-4.4347,67.5709,4.0283
1997-02-12,44001,Bristol,4.6732,-0.5886,59.6808,4.2914
1997-02-13,44001,Bristol,3.7468,-6.0395,48.9027,4.2711
1997-02-14,44001,Bristol,5.2505,-5.8548,74.2562,5.4371
1997-02-15,44001,Bristol,6.4936,0.133,61.848,3.7354
1997-02-16,44001,Bristol,2.9579,-3.3866,52.3765,3.1353
1997-02-17,44001,Bristol,1.4336,-4.5251,58.9961,4.8767
1997-02-18,44001,Bristol,6.3446,-3.1946,64.5652,8.3284
1997-02-19,44001,Bristol,12.284,1.6653,58.6957,6.5066
1997-02-20,44001,Bristol,9.4219,-0.5289,45.1611,4.2361
1997-02-21,44001,Bristol,14.2041,-0.0601,62.5348,6.8909
1997-02-22,44001,Bristol,19.4514,4.5294,55.5547,6.9659
1997-02-23,44001,Bristol,6.8741,-1.32,41.7499,5.1693
1997-02-24,44001,Bristol,6.4631,-1.5784,49.7434,5.7549
1997-02-25,44001,Bristol,0.0567,-7.4895,35.7174,4.9324
1997-02-26,44001,Bristol,9.1579,-2.5474,57.2295,6.3792
1997-02-27,44001,Bristol,17.6765,3.2907,65.6874,6.2034
1997-02-28,44001,Bristol,11.9516,3.8616,51.0203,3.3782
1997-03-01,44001,Bristol,8.6443,1.5174,61.2906,3.6899
1997-03-02,44001,Bristol,18.3403,5.1907,54.055,6.1581
1997-03-03,44001,Bristol,8.2053,0.4345,42.6906,5.508
1997-03-04,44001,Bristol,3.9942,0.3128,61.2566,3.5068
1997-03-05,44001,Bristol,10.5172,0.3617,57.2,3.1889
1997-03-06,44001,Bristol,10.4352,-0.1655,53.0647,9.0944
1997-03-07,44001,Bristol,3.2175,-2.9296,43.4011,6.3764
1997-03-08,44001,Bristol,4.9831,-3.1697,59.5569,4.9217
1997-03-09,44001,Bristol,0.8212,-4.8655,44.4149,4.0754
1997-03-10,44001,Bristol,6.7475,-3.0293,60.8299,4.4809
1997-03-11,44001,Bristol,4.9971,-0.9344,59.9166,2.9877
1997-03-12,44001,Bristol,3.4024,-3.4168,45.6477,6.045
1997-03-13,44001,Bristol,-0.9935,-7.4167,47.9349,6.0147
1997-03-14,44001,Bristol,4.405,-7.0611,61.798,5.4209
1997-03-15,44001,Bristol,7.1413,-1.5006,46.7265,5.5898
1997-03-16,44001,Bristol,0.5822,-6.5234,29.0295,6.3699
1997-03-17,44001,Bristol,3.5053,-7.1338,59.149,5.9862
1997-03-18,44001,Bristol,4.8666,-2.1134,50.5861,3.7564
1997-03-19,44001,Bristol,4.6864,-2.475,44.3344,1.6984
1997-03-20,44001,Bristol,4.9954,-2.1748,60.6163,2.6774
1997-03-21,44001,Bristol,6.9053,-2.8703,53.1294,3.9399
1997-03-22,44001,Bristol,7.4101,0.4347,56.4623,5.0697
1997-03-23,44001,Bristol,2.5053,-7.1254,36.7964,4.9112
1997-03-24,44001,Bristol,2.8352,-8.3766,47.1399,4.3013
1997-03-25,44001,Bristol,7.0855,-5.3346,57.8533,4.2383
1997-03-26,44001,Bristol,13.6352,2.9533,53.2947,7.8267
1997-03-27,44001,Bristol,13.9983,0.9426,44.0942,4.6914
1997-03-28,44001,Bristol,15.5573,2.6142,45.8254,3.2019
1997-03-29,44001,Bristol,17.6298,5.6771,62.5213,3.1012
1997-03-30,44001,Bristol,18.8666,8.7676,50.7457,3.1187
1997-03-31,44001,Bristol,12.2059,1.2773,57.628,9.1528
1997-04-01,44001,Bristol,2.7126,-3.009,64.4384,9.7998
1997-04-02,44001,Bristol,7.3086,-6.5756,48.3644,6.388
1997-04-03,44001,Bristol,11.6259,-2.1853,43.8416,3.593
1997-04-04,44001,Bristol,16.977,4.4276,43.877,3.5954
1997-04-05,44001,Bristol,13.0968,1.8503,46.5365,2.2812
1997-04-06,44001,Bristol,12.6968,3.879,67.3428,4.6263
1997-04-07,44001,Bristol,23.8981,8.4961,43.6158,4.7109
1997-04-08,44001,Bristol,9.8033,2.8326,37.936,5.4582
1997-04-09,44001,Bristol,4.0308,-3.1003,29.0722,6.1177
1997-04-10,44001,Bristol,7.7308,-3.2973,27.7776,4.7316
1997-04-11,44001,Bristol,8.213,-1.2189,40.8786,3.3351
1997-04-12,44001,Bristol,11.6259,3.0724,57.0278,3.516
1997-04-13,44001,Bristol,18.8669,8.1757,59.3676,3.3732
1997-04-14,44001,Bristol,11.1499,1.7491,42.8733,4.8945
1997-04-15,44001,Bristol,12.2959,-0.0467,36.4101,2.6175
1997-04-16,44001,Bristol,14.6447,0.6585,46.4113,2.9204
1997-04-17,44001,Bristol,15.5381,4.8503,62.0855,3.2412
1997-04-18,44001,Bristol,15.5196,7.2919,63.6234,3.0727
1997-04-19,44001,Bristol,8.5535,4.9754,63.9389,6.9777
1997-04-20,44001,Bristol,14.6529,3.399,49.1582,2.3953
1997-04-21,44001,Bristol,16.2447,7.4463,45.5539,2.3183
1997-04-22,44001,Bristol,16.7347,5.7913,44.7482,1.6773
1997-04-23,44001,Bristol,18.1208,7.8543,41.1528,1.9434
1997-04-24,44001,Bristol,10.1259,5.8803,56.0158,6.4995
1997-04-25,44001,Bristol,12.3418,4.9104,53.6017,1.3806
1997-04-26,44001,Bristol,17.6019,6.5296,40.1553,2.4955
1997-04-27,44001,Bristol,18.8418,5.2104,37.8468,2.5735
1997-04-28,44001,Bristol,13.0306,7.1721,69.4726,6.0238
1997-04-29,44001,Bristol,18.3048,5.7868,43.0628,3.3658
1997-04-30,44001,Bristol,19.0961,6.1405,50.0051,4.032
1997-05-01,44001,Bristol,19.6851,7.4782,65.1664,6.0693
1997-05-02,44001,Bristol,15.5857,8.8876,44.1183,5.1324
1997-05-03,44001,Bristol,13.481,7.666,70.4673,5.0308
1997-05-04,44001,Bristol,16.5753,8.421,52.5985,4.1271
1997-05-05,44001,Bristol,16.2249,5.945,42.0184,3.2194
1997-05-06,44001,Bristol,15.6023,6.0295,65.8303,5.7633
1997-05-07,44001,Bristol,10.6979,5.427,46.55,6.3286
1997-05-08,44001,Bristol,15.5872,3.1343,43.4397,3.6175
1997-05-09,44001,Bristol,12.786,6.2669,73.1638,2.37
1997-05-10,44001,Bristol,15.7384,9.2251,56.3085,2.0206
1997-05-11,44001,Bristol,16.3756,8.0405,48.4172,4.4378
1997-05-12,44001,Bristol,19.7834,6.8013,56.357,5.4647
1997-05-13,44001,Bristol,20.3193,9.0011,64.8406,3.1623
1997-05-14,44001,Bristol,19.433,10.5429,51.2578,4.7442
1997-05-15,44001,Bristol,21.0956,9.6,63.0793,4.3216
1997-05-16,44001,Bristol,15.1185,7.991,57.7826,6.0303
1997-05-17,44001,Bristol,16.4548,6.5705,57.3761,5.1324
1997-05-18,44001,Bristol,17.6831,8.9893,48.3351,3.5405
1997-05-19,44001,Bristol,20.8413,9.8398,64.5106,2.807
1997-05-20,44001,Bristol,21.9118,10.4675,52.6904,3.0105
1997-05-21,44001,Bristol,16.4646,6.4048,47.2828,4.688
1997-05-22,44001,Bristol,14.4839,6.7594,53.3234,5.686
1997-05-23,44001,Bristol,17.1761,6.7516,51.3612,3.8272
1997-05-24,44001,Bristol,18.8929,8.3217,53.2448,2.3104
1997-05-25,44001,Bristol,18.9005,10.3837,73.5225,3.1861
1997-05-26,44001,Bristol,18.6857,12.9644,54.1993,3.2056
1997-05-27,44001,Bristol,15.1282,8.7188,52.2793,3.3806
1997-05-28,44001,Bristol,20.8978,5.5329,48.6483,2.2026
1997-05-29,44001,Bristol,22.6145,7.5501,49.8544,3.2162
1997-05-30,44001,Bristol,21.4629,9.3217,64.6833,3.5381
1997-05-31,44001,Bristol,24.9044,14.0297,63.24,2.3489
1997-06-01,44001,Bristol,25.0822,14.1886,62.3382,2.3307
1997-06-02,44001,Bristol,16.0771,11.2187,70.9407,5.9745
1997-06-03,44001,Bristol,15.6871,8.7527,58.4978,5.0923
1997-06-04,44001,Bristol,17.1981,7.9325,55.7801,5.9211
1997-06-05,44001,Bristol,18.1332,6.8525,58.5831,4.0089
1997-06-06,44001,Bristol,17.8121,8.0622,60.6108,2.6606
1997-06-07,44001,Bristol,18.1306,7.5492,60.816,3.583
1997-06-08,44001,Bristol,19.3745,8.9274,56.1919,2.1448
1997-06-09,44001,Bristol,21.9687,8.3935,54.9123,2.086
1997-06-10,44001,Bristol,29.3974,10.4241,56.447,4.0043
1997-06-11,44001,Bristol,31.1576,15.9735,51.8218,3.3989
1997-06-12,44001,Bristol,27.2125,16.0304,61.0678,4.3107
1997-06-13,44001,Bristol,25.9195,16.0222,65.6083,4.3259
1997-06-14,44001,Bristol,27.5507,14.6444,51.1942,2.8943
1997-06-15,44001,Bristol,21.8515,9.7065,48.2061,1.9596
1997-06-16,44001,Bristol,23.0845,9.0896,56.6764,2.6693
1997-06-17,44001,Bristol,25.8416,13.0621,60.5112,0.7784
1997-06-18,44001,Bristol,23.0593,15.8839,66.6094,2.2378
1997-06-19,44001,Bristol,29.2306,17.7222,62.0735,1.9362
1997-06-20,44001,Bristol,28.3358,19.2222,56.776,1.8068
1997-06-21,44001,Bristol,29.81,19.0112,61.3249,4.8556
1997-06-22,44001,Bristol,31.9703,19.4378,60.8411,4.6692
1997-06-23,44001,Bristol,28.6088,16.4094,49.5354,2.7674
1997-06-24,44001,Bristol,26.6981,17.0595,53.9386,2.1746
1997-06-25,44001,Bristol,28.8358,19.1358,61.8944,2.7231
1997-06-26,44001,Bristol,32.0818,21.8142,55.6152,2.6595
1997-06-27,44001,Bristol,28.1917,17.1654,47.0016,2.8892
1997-06-28,44001,Bristol,28.655,13.5654,47.9894,2.1982
1997-06-29,44001,Bristol,30.6863,15.6731,51.4616,3.5524
1997-06-30,44001,Bristol,29.2657,15.8775,56.3042,3.8344
1997-07-01,44001,Bristol,27.8709,16.3701,70.8579,3.6862
1997-07-02,44001,Bristol,26.7568,16.7186,78.1564,3.358
1997-07-03,44001,Bristol,25.3611,19.228,79.122,4.5807
1997-07-04,44001,Bristol,27.7691,19.6514,64.9759,4.9184
1997-07-05,44001,Bristol,24.9456,15.8582,60.9202,3.4121
1997-07-06,44001,Bristol,27.0695,15.5582,55.8108,2.4987
1997-07-07,44001,Bristol,27.47,14.4891,68.1801,3.1141
1997-07-08,44001,Bristol,28.5135,17.8785,62.4924,2.612
1997-07-09,44001,Bristol,29.2853,18.8899,69.7981,5.1182
1997-07-10,44001,Bristol,23.5216,16.2205,70.0917,2.3256
1997-07-11,44001,Bristol,28.3678,13.6305,53.2933,2.71
1997-07-12,44001,Bristol,30.9675,15.1719,48.6461,2.7893
1997-07-13,44001,Bristol,32.4154,16.7601,55.1977,3.0732
1997-07-14,44001,Bristol,34.4347,21.2973,52.2211,3.5816
1997-07-15,44001,Bristol,32.8664,20.8125,59.7487,2.0093
1997-07-16,44001,Bristol,33.8719,19.5615,59.2552,2.52
1997-07-17,44001,Bristol,35.5313,21.9686,50.7456,4.2674
1997-07-18,44001,Bristol,35.3376,21.2347,48.7055,3.8644
1997-07-19,44001,Bristol,28.0745,16.6622,47.163,4.4328
1997-07-20,44001,Bristol,26.8507,13.181,42.694,3.4679
1997-07-21,44001,Bristol,27.5169,15.4579,61.0167,2.7966
1997-07-22,44001,Bristol,25.4111,18.1923,61.8895,2.1487
1997-07-23,44001,Bristol,26.1028,15.5826,54.9466,2.1127
1997-07-24,44001,Bristol,18.3073,14.1922,85.404,4.1526
1997-07-25,44001,Bristol,19.6176,16.8997,83.1834,5.9646
1997-07-26,44001,Bristol,28.904,14.7634,61.1399,3.0407
1997-07-27,44001,Bristol,28.0544,16.8812,76.017,3.9933
1997-07-28,44001,Bristol,32.6564,21.7502,61.4646,3.7668
1997-07-29,44001,Bristol,26.7339,14.531,48.9535,3.5961
1997-07-30,44001,Bristol,27.4422,11.8904,46.157,2.1038
1997-07-31,44001,Bristol,29.5758,12.9555,51.1992,2.7774
1997-08-01,44001,Bristol,31.7108,14.6825,47.514,3.8202
1997-08-02,44001,Bristol,30.9876,18.1637,52.876,4.1649
1997-08-03,44001,Bristol,32.6498,17.3809,61.1935,2.3981
1997-08-04,44001,Bristol,25.4515,16.6442,73.7054,2.917
1997-08-05,44001,Bristol,22.3049,15.7871,77.446,2.4703
1997-08-06,44001,Bristol,22.771,15.9539,74.0122,1.3826
1997-08-07,44001,Bristol,26.711,15.68,55.8382,2.2743
1997-08-08,44001,Bristol,27.8092,13.7409,55.5579,1.345
1997-08-09,44001,Bristol,27.8397,17.404,69.2015,2.5183
1997-08-10,44001,Bristol,29.9452,18.0351,63.7153,4.3724
1997-08-11,44001,Bristol,29.4184,17.8129,66.6495,4.1594
1997-08-12,44001,Bristol,26.0821,15.5802,69.5268,2.8546
1997-08-13,44001,Bristol,21.4508,14.7133,93.9316,3.7014
1997-08-14,44001,Bristol,27.9029,19.7046,68.8284,1.6733
1997-08-15,44001,Bristol,27.0684,19.4556,69.4873,2.8754
1997-08-16,44001,Bristol,32.9238,19.1778,72.5884,4.8367
1997-08-17,44001,Bristol,32.6964,22.5017,67.028,3.1445
1997-08-18,44001,Bristol,23.8072,15.1257,68.3379,3.2235
1997-08-19,44001,Bristol,24.0566,11.8355,64.7832,2.0037
1997-08-20,44001,Bristol,22.7611,16.2052,73.8716,3.0631
1997-08-21,44001,Bristol,20.341,15.2808,90.2546,4.3971
1997-08-22,44001,Bristol,25.1586,14.8776,82.8415,1.9447
1997-08-23,44001,Bristol,23.5016,18.1225,73.3002,4.2818
1997-08-24,44001,Bristol,24.2381,16.4149,67.1192,2.8303
1997-08-25,44001,Bristol,23.0665,16.5887,70.0051,0.9971
1997-08-26,44001,Bristol,25.4385,14.7621,64.1587,1.446
1997-08-27,44001,Bristol,24.3016,15.1127,74.4964,3.0035
1997-08-28,44001,Bristol,24.0873,15.6707,83.6767,1.9466
1997-08-29,44001,Bristol,22.2172,16.6069,82.3944,2.0594
1997-08-30,44001,Bristol,23.714,15.1842,81.1822,1.8923
1997-08-31,44001,Bristol,24.9895,17.9419,76.2026,2.1669
1997-09-01,44001,Bristol,25.546,17.1234,78.6184,2.8289
1997-09-02,44001,Bristol,27.2756,20.2753,76.4343,3.9559
1997-09-03,44001,Bristol,24.6289,11.2218,71.6238,4.308
1997-09-04,44001,Bristol,16.787,9.3204,64.4923,3.8684
1997-09-05,44001,Bristol,22.1157,8.1447,58.4251,3.6027
1997-09-06,44001,Bristol,24.6346,11.4616,64.7804,3.2825
1997-09-07,44001,Bristol,25.1076,16.7693,69.8128,2.4156
1997-09-08,44001,Bristol,22.8643,15.7213,74.7258,2.8348
1997-09-09,44001,Bristol,23.0282,13.232,68.5634,3.3829
1997-09-10,44001,Bristol,23.8386,11.8512,68.8717,2.9291
1997-09-11,44001,Bristol,23.3822,14.2004,83.4246,3.6536
1997-09-12,44001,Bristol,25.6326,18.9171,76.242,3.2223
1997-09-13,44001,Bristol,25.1781,18.0398,68.0056,1.8052
1997-09-14,44001,Bristol,23.3843,16.6905,70.3489,1.2715
1997-09-15,44001,Bristol,24.8318,15.0077,67.3093,2.5377
1997-09-16,44001,Bristol,24.7138,15.3318,67.1915,2.4237
1997-09-17,44001,Bristol,22.6031,14.7381,66.9814,3.0081
1997-09-18,44001,Bristol,26.8577,14.3599,70.7769,2.2917
1997-09-19,44001,Bristol,26.5567,14.989,59.3411,2.6843
1997-09-20,44001,Bristol,27.3149,14.7706,71.3405,5.1123
1997-09-21,44001,Bristol,15.4909,7.6218,58.1614,4.8706
1997-09-22,44001,Bristol,17.4272,3.7123,62.54,4.1179
1997-09-23,44001,Bristol,18.8019,11.1406,76.9551,4.7
1997-09-24,44001,Bristol,14.5049,5.4668,53.3835,3.6142
1997-09-25,44001,Bristol,19.9275,6.762,62.5935,2.9416
1997-09-26,44001,Bristol,19.067,10.3573,69.4912,2.2626
1997-09-27,44001,Bristol,17.6997,10.5682,61.0879,1.6597
1997-09-28,44001,Bristol,20.5437,8.9401,70.9935,4.0183
1997-09-29,44001,Bristol,21.036,13.9262,76.1037,6.5234
1997-09-30,44001,Bristol,22.5914,12.4748,59.5252,6.3295
1997-10-01,44001,Bristol,14.6966,4.8606,60.1525,4.6243
1997-10-02,44001,Bristol,13.8693,2.967,50.7228,3.4411
1997-10-03,44001,Bristol,15.2034,4.4072,80.1152,2.5957
1997-10-04,44001,Bristol,19.8743,11.0838,76.1485,2.8948
1997-10-05,44001,Bristol,23.537,13.6547,72.8106,3.5792
1997-10-06,44001,Bristol,28.7935,11.2514,53.5775,3.2964
1997-10-07,44001,Bristol,23.371,8.6703,44.3055,3.0014
1997-10-08,44001,Bristol,19.7554,4.8089,51.4876,1.7429
1997-10-09,44001,Bristol,18.4866,11.7219,70.2034,3.3132
1997-10-10,44001,Bristol,26.8898,12.36,58.8714,4.5829
1997-10-11,44001,Bristol,16.5444,5.9293,45.5863,2.9889
1997-10-12,44001,Bristol,18.2075,2.0404,49.5977,1.5805
1997-10-13,44001,Bristol,19.712,6.1835,61.2228,1.9787
1997-10-14,44001,Bristol,18.8563,8.8862,68.049,2.0195
1997-10-15,44001,Bristol,17.3135,10.961,67.0313,1.7844
1997-10-16,44001,Bristol,14.7866,10.435,69.0801,3.7872
1997-10-17,44001,Bristol,15.7492,3.4482,50.5879,2.0419
1997-10-18,44001,Bristol,13.9492,1.6916,60.2886,2.6339
1997-10-19,44001,Bristol,15.3534,2.1563,67.3962,5.2992
1997-10-20,44001,Bristol,15.9226,6.6544,57.526,4.7123
1997-10-21,44001,Bristol,13.957,4.5695,52.9578,3.6678
1997-10-22,44001,Bristol,11.6042,-1.6112,46.7869,5.5986
1997-10-23,44001,Bristol,7.1385,-4.5209,52.3287,4.7112
1997-10-24,44001,Bristol,12.1382,1.586,50.607,3.8113
1997-10-25,44001,Bristol,11.0632,5.1544,85.7271,5.3148
1997-10-26,44001,Bristol,9.2363,0.7973,74.1172,4.3539
1997-10-27,44001,Bristol,16.3665,6.2307,88.6914,4.8865
1997-10-28,44001,Bristol,10.9252,2.6625,56.8002,6.899
1997-10-29,44001,Bristol,10.6205,-0.0567,64.3053,3.8113
1997-10-30,44001,Bristol,14.5492,3.4784,57.1515,1.8888
1997-10-31,44001,Bristol,16.4475,3.621,74.3062,3.189
1997-11-01,44001,Bristol,18.1867,11.2379,78.8962,6.6596
1997-11-02,44001,Bristol,20.534,12.2118,73.601,5.0461
1997-11-03,44001,Bristol,16.5024,6.4681,67.129,3.7059
1997-11-04,44001,Bristol,19.2253,7.5439,63.8839,3.7923
1997-11-05,44001,Bristol,12.5633,2.3413,56.6071,2.5247
1997-11-06,44001,Bristol,13.0013,2.0788,59.8096,3.8842
1997-11-07,44001,Bristol,11.2201,4.4768,74.9094,8.155
1997-11-08,44001,Bristol,10.8851,6.1044,78.9534,7.3116
1997-11-09,44001,Bristol,12.6762,6.4267,80.3318,3.598
1997-11-10,44001,Bristol,12.1181,3.8852,69.0585,3.6077
1997-11-11,44001,Bristol,9.6094,2.162,57.8361,3.9514
1997-11-12,44001,Bristol,6.0668,-0.8857,56.2831,4.2278
1997-11-13,44001,Bristol,4.9643,-2.9712,50.9066,3.6929
1997-11-14,44001,Bristol,4.2047,-0.7118,79.7636,7.9719
1997-11-15,44001,Bristol,3.0424,-0.5878,74.4972,3.6116
1997-11-16,44001,Bristol,2.4045,-2.948,71.8533,5.5525
1997-11-17,44001,Bristol,3.7453,-3.2712,62.9423,6.2548
1997-11-18,44001,Bristol,4.2375,-2.2324,61.3294,1.9789
1997-11-19,44001,Bristol,6.3523,-2.1662,56.4843,2.1953
1997-11-20,44001,Bristol,6.9492,-1.8557,58.0725,3.8885
1997-11-21,44001,Bristol,11.1045,-1.9557,72.3066,3.0378
1997-11-22,44001,Bristol,9.3193,1.6239,76.452,4.8756
1997-11-23,44001,Bristol,6.4752,1.5285,74.4264,2.7449
1997-11-24,44001,Bristol,4.9128,-2.2447,63.7834,6.3121
1997-11-25,44001,Bristol,3.8829,-5.7735,58.8119,5.9602
1997-11-26,44001,Bristol,11.154,1.426,68.5307,5.6819
1997-11-27,44001,Bristol,8.4969,-3.7717,55.711,8.5136
1997-11-28,44001,Bristol,4.9371,-3.4888,64.8088,3.7285
1997-11-29,44001,Bristol,6.0307,-2.492,62.9145,4.6261
1997-11-30,44001,Bristol,8.7353,-2.4112,65.1085,2.0986
1997-12-01,44001,Bristol,7.0619,-3.5116,73.0618,6.7205
1997-12-02,44001,Bristol,3.561,-3.8645,61.6818,8.6652
1997-12-03,44001,Bristol,6.8996,-3.0645,63.2264,4.86
1997-12-04,44001,Bristol,10.55,-0.5276,82.794,3.0435
1997-12-05,44001,Bristol,8.8102,1.1212,77.2134,2.382
1997-12-06,44001,Bristol,5.5988,-1.717,62.3381,5.9334
1997-12-07,44001,Bristol,4.8416,-1.9187,65.7134,5.6268
1997-12-08,44001,Bristol,6.2309,-3.0994,60.6349,3.6635
1997-12-09,44001,Bristol,5.1582,-2.7434,66.0576,1.0531
1997-12-10,44001,Bristol,6.3783,-1.4788,71.6699,2.9617
1997-12-11,44001,Bristol,3.5983,-3.7766,74.2344,4.4713
1997-12-12,44001,Bristol,4.598,-2.9637,79.3075,1.3763
1997-12-13,44001,Bristol,5.0387,-2.2334,68.0553,4.8936
1997-12-14,44001,Bristol,4.9515,-5.6304,52.9926,6.7457
1997-12-15,44001,Bristol,1.1822,-7.1235,54.8654,4.1853
1997-12-16,44001,Bristol,7.4877,-2.6469,63.2553,3.0392
1997-12-17,44001,Bristol,10.3689,-1.5603,59.5655,3.0603
1997-12-18,44001,Bristol,6.3765,-2.9088,56.5556,2.8779
1997-12-19,44001,Bristol,9.3145,-2.2263,66.4425,4.6813
1997-12-20,44001,Bristol,5.8795,-1.7866,68.5789,4.1697
1997-12-21,44001,Bristol,1.0432,-5.7073,46.0993,4.1019
1997-12-22,44001,Bristol,2.0652,-8.2055,57.2526,2.4457
1997-12-23,44001,Bristol,4.2576,-1.8673,85.3537,5.6696
1997-12-24,44001,Bristol,3.3636,-3.8355,78.7226,3.0338
1997-12-25,44001,Bristol,7.1861,-2.4399,85.3368,5.2191
1997-12-26,44001,Bristol,9.0347,-0.0866,71.795,4.4308
1997-12-27,44001,Bristol,7.1451,-0.6197,70.0742,3.2344
1997-12-28,44001,Bristol,2.7935,-7.0465,69.1083,5.0472
1997-12-29,44001,Bristol,5.4529,-6.5351,68.5102,4.9306
1997-12-30,44001,Bristol,7.0795,-1.1216,76.7196,9.5758
1997-12-31,44001,Bristol,4.0795,-9.6212,58.7436,7.0473
1998-01-01,44001,Bristol,0.9304,-13.4626,52.1347,6.5495
1998-01-02,44001,Bristol,4.9175,-1.5707,65.8676,5.8042
1998-01-03,44001,Bristol,6.8895,0.9224,71.5741,5.5771
1998-01-04,44001,Bristol,10.6433,3.4661,64.9171,4.1892
1998-01-05,44001,Bristol,12.3997,2.8364,64.374,2.5053
1998-01-06,44001,Bristol,12.0518,2.5021,78.89,3.6186
1998-01-07,44001,Bristol,10.0134,3.7422,74.0941,2.6494
1998-01-08,44001,Bristol,15.2651,6.0399,77.9533,3.9949
1998-01-09,44001,Bristol,12.8078,5.7314,74.2717,3.1719
1998-01-10,44001,Bristol,10.5759,1.0093,61.1814,2.5698
1998-01-11,44001,Bristol,9.4331,-0.5067,53.5846,3.5842
1998-01-12,44001,Bristol,1.5604,-2.6939,46.8806,3.1861
1998-01-13,44001,Bristol,5.9396,-1.5907,72.3008,5.7616
1998-01-14,44001,Bristol,0.8157,-5.3522,32.8395,5.3877
1998-01-15,44001,Bristol,3.0619,-5.5907,56.2535,3.9922
1998-01-16,44001,Bristol,3.9616,-1.8035,72.3461,9.0452
1998-01-17,44001,Bristol,1.9722,-2.9101,66.1623,5.9434
1998-01-18,44001,Bristol,3.4168,-2.2791,72.715,3.9277
1998-01-19,44001,Bristol,3.6013,-0.8231,72.7014,2.2379
1998-01-20,44001,Bristol,3.8187,-1.2854,69.4157,5.4194
1998-01-21,44001,Bristol,2.6457,-3.9043,61.8328,5.5495
1998-01-22,44001,Bristol,-0.3799,-6.0769,61.1052,4.3263
1998-01-23,44001,Bristol,4.8811,-5.042,74.6244,7.4791
1998-01-24,44001,Bristol,8.2238,0.5651,74.4613,3.8657
1998-01-25,44001,Bristol,3.0628,-4.2606,69.5324,5.7471
1998-01-26,44001,Bristol,2.0779,-5.1902,56.2694,3.7028
1998-01-27,44001,Bristol,2.0824,-5.6231,65.1046,4.2432
1998-01-28,44001,Bristol,4.0078,-2.1964,74.6063,9.3815
1998-01-29,44001,Bristol,4.4604,-1.628,69.1559,5.6303
1998-01-30,44001,Bristol,6.0855,-1.5113,71.7602,1.4665
1998-01-31,44001,Bristol,4.316,-2.3819,72.4179,4.1775
1998-02-01,44001,Bristol,4.9873,-3.1045,62.0355,2.8511
1998-02-02,44001,Bristol,6.2093,-1.9567,63.8433,1.1967
1998-02-03,44001,Bristol,8.1242,0.226,65.2261,2.2952
1998-02-04,44001,Bristol,6.9109,0.6635,69.0635,7.0288
1998-02-05,44001,Bristol,4.2604,-0.4294,74.9362,10.8482
1998-02-06,44001,Bristol,4.3185,-3.4115,60.3448,5.8817
1998-02-07,44001,Bristol,4.5734,-3.5226,65.4418,4.6565
1998-02-08,44001,Bristol,4.2809,-3.0458,64.7792,5.8552
1998-02-09,44001,Bristol,4.519,-3.2693,60.326,2.0721
1998-02-10,44001,Bristol,6.395,-2.3582,66.4897,2.124
1998-02-11,44001,Bristol,9.4137,-1.1971,74.7287,3.0661
1998-02-12,44001,Bristol,14.3427,4.0043,72.2367,6.8487
1998-02-13,44001,Bristol,7.9615,-0.734,51.9511,5.6034
1998-02-14,44001,Bristol,0.7976,-7.0639,39.5764,5.5487
1998-02-15,44001,Bristol,-1.1803,-11.3451,36.3075,4.1424
1998-02-16,44001,Bristol,3.7496,-6.4926,37.8408,1.345
1998-02-17,44001,Bristol,5.3168,-0.9396,69.0311,4.8812
1998-02-18,44001,Bristol,10.8632,2.3516,75.1581,5.4826
1998-02-19,44001,Bristol,7.5558,1.6049,77.2519,2.636
1998-02-20,44001,Bristol,10.2292,1.3503,71.388,2.4657
1998-02-21,44001,Bristol,7.9127,1.4627,63.0723,4.767
1998-02-22,44001,Bristol,8.5386,-0.9972,57.6229,1.934
1998-02-23,44001,Bristol,7.7692,0.9458,69.3885,5.3598
1998-02-24,44001,Bristol,8.075,3.178,76.9029,8.4457
1998-02-25,44001,Bristol,7.9976,2.7817,67.1092,6.8519
1998-02-26,44001,Bristol,10.1685,0.4238,54.6588,6.2962
1998-02-27,44001,Bristol,10.3816,-0.3144,60.2941,2.3765
1998-02-28,44001,Bristol,11.5311,1.1458,64.9984,2.0079
1998-03-01,44001,Bristol,13.1282,4.2159,67.2665,1.5588
1998-03-02,44001,Bristol,10.4024,3.175,65.3146,1.4517
1998-03-03,44001,Bristol,9.7663,2.3049,64.0955,3.4591
1998-03-04,44001,Bristol,9.3024,2.5672,57.2833,2.5983
1998-03-05,44001,Bristol,7.3736,2.8671,60.153,1.9718
1998-03-06,44001,Bristol,6.7579,1.3159,55.9257,1.8616
1998-03-07,44001,Bristol,7.8769,1.7652,71.3316,2.814
1998-03-08,44001,Bristol,8.6437,2.4339,64.4272,6.1452
1998-03-09,44001,Bristol,12.6548,3.7237,81.0357,7.3333
1998-03-10,44001,Bristol,12.1769,-0.8386,65.2057,6.0751
1998-03-11,44001,Bristol,0.0216,-5.773,30.8214,6.4528
1998-03-12,44001,Bristol,-1.3355,-7.7918,25.3314,6.9819
1998-03-13,44001,Bristol,0.6626,-8.2078,39.9431,4.8895
1998-03-14,44001,Bristol,5.7752,-1.2841,66.4149,6.2458
1998-03-15,44001,Bristol,4.7954,-2.7062,55.7494,4.3777
1998-03-16,44001,Bristol,4.2408,-2.3652,55.3698,3.057
1998-03-17,44001,Bristol,4.9253,-2.8951,51.4982,2.3409
1998-03-18,44001,Bristol,4.3061,-2.6951,73.5954,2.3155
1998-03-19,44001,Bristol,7.6373,0.827,75.3608,2.3794
1998-03-20,44001,Bristol,10.8153,1.427,61.4437,4.5156
1998-03-21,44001,Bristol,2.8611,-1.3918,73.4884,8.9778
1998-03-22,44001,Bristol,1.3765,-1.0763,73.3778,5.6957
1998-03-23,44001,Bristol,4.7976,-1.5874,60.1911,4.8266
1998-03-24,44001,Bristol,6.995,-0.6951,52.2281,2.6403
1998-03-25,44001,Bristol,6.9895,-2.023,47.9465,2.59
1998-03-26,44001,Bristol,12.4581,-1.4095,64.1434,6.1525
1998-03-27,44001,Bristol,21.8748,3.6431,58.0361,4.6845
1998-03-28,44001,Bristol,21.5533,7.2647,58.0929,5.3743
1998-03-29,44001,Bristol,23.0704,6.9835,52.9631,4.2217
1998-03-30,44001,Bristol,21.9802,9.1348,49.982,3.5154
1998-03-31,44001,Bristol,22.8497,8.6631,59.0781,5.0349
1998-04-01,44001,Bristol,17.9116,9.1118,66.8358,3.4347
1998-04-02,44001,Bristol,18.1771,8.2335,62.1442,1.2574
1998-04-03,44001,Bristol,13.0872,5.1062,57.1296,3.1049
1998-04-04,44001,Bristol,7.878,2.1378,59.7326,4.9538
1998-04-05,44001,Bristol,7.1357,1.3974,55.1559,5.6733
1998-04-06,44001,Bristol,10.5268,2.6192,51.2779,3.587
1998-04-07,44001,Bristol,16.2366,3.5516,39.3681,3.2092
1998-04-08,44001,Bristol,16.1011,3.2007,49.8607,2.4983
1998-04-09,44001,Bristol,12.5137,4.4908,66.0287,5.9059
1998-04-10,44001,Bristol,10.7436,2.1656,47.1469,5.8022
1998-04-11,44001,Bristol,12.0372,-0.0826,40.8901,1.9106
1998-04-12,44001,Bristol,13.5001,0.9722,41.3833,3.2787
1998-04-13,44001,Bristol,16.8976,0.2143,35.7568,2.7356
1998-04-14,44001,Bristol,16.219,4.0143,40.4259,2.4202
1998-04-15,44001,Bristol,15.26,3.0217,72.3221,1.8418
1998-04-16,44001,Bristol,18.4333,8.2578,63.0984,2.9816
1998-04-17,44001,Bristol,18.6431,9.2878,73.95,5.381
1998-04-18,44001,Bristol,17.2796,7.4104,51.895,3.964
1998-04-19,44001,Bristol,11.3444,6.5896,68.1925,2.7142
1998-04-20,44001,Bristol,16.3075,7.0646,65.1729,4.9529
1998-04-21,44001,Bristol,17.7268,5.5298,48.0163,2.3493
1998-04-22,44001,Bristol,19.1718,5.4425,45.5004,1.6699
1998-04-23,44001,Bristol,10.6989,5.1863,72.2123,6.1541
1998-04-24,44001,Bristol,14.5022,6.1896,63.5447,3.6953
1998-04-25,44001,Bristol,17.6527,5.1174,52.1256,3.9699
1998-04-26,44001,Bristol,10.6866,3.4516,62.1732,2.0784
1998-04-27,44001,Bristol,11.2784,3.6122,52.6712,3.3375
1998-04-28,44001,Bristol,12.0498,0.663,51.2226,3.159
1998-04-29,44001,Bristol,19.0205,2.3483,47.2976,3.9579
1998-04-30,44001,Bristol,19.9142,7.0188,61.8936,3.4677
1998-05-01,44001,Bristol,20.1786,10.5312,72.0281,3.4309
1998-05-02,44001,Bristol,18.8871,11.1052,71.9685,4.503
1998-05-03,44001,Bristol,19.4815,9.814,70.3574,3.0575
1998-05-04,44001,Bristol,22.2596,9.6582,68.4668,3.0246
1998-05-05,44001,Bristol,22.3537,12.2601,71.0548,3.4151
1998-05-06,44001,Bristol,20.0456,12.577,72.7887,2.5471
1998-05-07,44001,Bristol,21.3736,12.2771,69.1217,1.5464
1998-05-08,44001,Bristol,20.143,12.7528,69.7972,2.4983
1998-05-09,44001,Bristol,18.4747,12.6539,73.8543,6.0602
1998-05-10,44001,Bristol,14.9733,11.4855,76.9388,6.8614
1998-05-11,44001,Bristol,12.054,9.8523,73.1651,7.6189
1998-05-12,44001,Bristol,14.3065,5.3568,66.4863,7.5666
1998-05-13,44001,Bristol,15.2811,4.5176,63.5547,5.2912
1998-05-14,44001,Bristol,18.6128,3.8007,55.7576,2.4974
1998-05-15,44001,Bristol,22.8073,6.6844,56.1396,1.5651
1998-05-16,44001,Bristol,25.425,10.6773,53.8996,1.7285
1998-05-17,44001,Bristol,17.2959,9.7728,66.6739,1.8256
1998-05-18,44001,Bristol,26.6124,9.9372,51.2225,3.07
1998-05-19,44001,Bristol,25.2533,12.6745,47.7187,2.3947
1998-05-20,44001,Bristol,22.5712,10.1446,56.6139,3.0084
1998-05-21,44001,Bristol,27.0077,11.2332,53.4451,4.2602
1998-05-22,44001,Bristol,18.925,9.338,56.2592,3.8584
1998-05-23,44001,Bristol,21.5917,10.038,48.8649,3.7273
1998-05-24,44001,Bristol,24.2361,8.7172,46.4402,3.2291
1998-05-25,44001,Bristol,21.7507,11.3507,58.8867,2.3101
1998-05-26,44001,Bristol,25.7191,12.3684,57.1184,2.667
1998-05-27,44001,Bristol,23.816,12.327,50.8678,2.64
1998-05-28,44001,Bristol,26.2487,12.3001,59.1479,3.341
1998-05-29,44001,Bristol,26.1002,13.8004,68.4471,5.1658
1998-05-30,44001,Bristol,27.025,16.8184,57.1215,2.8407
1998-05-31,44001,Bristol,24.2754,14.9626,67.3945,4.8055
1998-06-01,44001,Bristol,25.3025,13.7673,63.9617,3.4382
1998-06-02,44001,Bristol,21.1735,11.1038,60.6751,2.9876
1998-06-03,44001,Bristol,19.951,9.5564,61.7233,5.6345
1998-06-04,44001,Bristol,17.2244,7.4261,54.8684,5.7344
1998-06-05,44001,Bristol,19.3433,7.3126,53.0598,5.1868
1998-06-06,44001,Bristol,19.4189,8.3028,61.3555,3.2416
1998-06-07,44001,Bristol,18.5514,11.5626,61.2724,2.6798
1998-06-08,44001,Bristol,18.0759,10.3035,66.8115,2.8158
1998-06-09,44001,Bristol,20.0736,11.2648,63.8268,2.1988
1998-06-10,44001,Bristol,24.244,10.9415,61.1664,3.7873
1998-06-11,44001,Bristol,21.8598,10.5665,66.0066,2.6656
1998-06-12,44001,Bristol,17.8731,11.9658,84.2459,4.1738
1998-06-13,44001,Bristol,20.869,15.7427,84.4244,5.6351
1998-06-14,44001,Bristol,21.4842,16.9911,79.1352,4.5195
1998-06-15,44001,Bristol,25.0116,16.5441,73.8405,3.8424
1998-06-16,44001,Bristol,25.7842,15.8226,78.4147,2.9716
1998-06-17,44001,Bristol,25.8732,17.9249,75.8318,2.4621
1998-06-18,44001,Bristol,26.2754,18.5522,72.0245,1.4819
1998-06-19,44001,Bristol,26.304,18.8249,71.5149,1.0176
1998-06-20,44001,Bristol,26.9547,18.905,71.44,0.9758
1998-06-21,44001,Bristol,25.6869,18.5342,72.0698,1.8699
1998-06-22,44001,Bristol,22.0657,17.0581,75.4767,1.5707
1998-06-23,44001,Bristol,25.2455,15.9504,74.7664,3.0031
1998-06-24,44001,Bristol,26.827,17.9752,76.8721,2.8658
1998-06-25,44001,Bristol,29.1064,18.9425,74.8727,2.87
1998-06-26,44001,Bristol,31.545,20.7827,73.4727,3.5832
1998-06-27,44001,Bristol,27.9292,16.4261,70.3335,4.3932
1998-06-28,44001,Bristol,22.6753,14.186,67.3932,2.6318
1998-06-29,44001,Bristol,22.0418,16.904,77.3667,5.6632
1998-06-30,44001,Bristol,24.1648,18.4173,81.8125,4.3753
1998-07-01,44001,Bristol,25.6965,17.3166,66.141,4.2996
1998-07-02,44001,Bristol,25.657,15.3632,66.1973,2.2354
1998-07-03,44001,Bristol,27.8294,15.1772,66.5804,1.8651
1998-07-04,44001,Bristol,27.5294,15.8596,71.5852,2.5004
1998-07-05,44001,Bristol,25.8995,16.1952,73.4387,2.1612
1998-07-06,44001,Bristol,26.2567,14.803,65.3987,1.4972
1998-07-07,44001,Bristol,24.9771,15.096,70.2499,1.9313
1998-07-08,44001,Bristol,23.7759,16.3567,69.7746,1.0471
1998-07-09,44001,Bristol,24.8862,16.5041,71.6099,2.7435
1998-07-10,44001,Bristol,27.8263,17.2456,64.1941,3.1981
1998-07-11,44001,Bristol,24.6777,13.4632,62.9174,3.2462
1998-07-12,44001,Bristol,25.5917,13.5378,67.7359,1.8173
1998-07-13,44001,Bristol,27.9935,18.0772,65.4308,3.305
1998-07-14,44001,Bristol,28.5341,17.0222,70.4592,4.4068
1998-07-15,44001,Bristol,30.1785,18.4408,70.7887,4.5834
1998-07-16,44001,Bristol,29.3921,19.2755,76.5965,3.8532
1998-07-17,44001,Bristol,29.9928,21.1054,74.9199,3.4109
1998-07-18,44001,Bristol,30.8072,21.1669,61.9353,2.2225
1998-07-19,44001,Bristol,29.2294,18.6189,60.8609,2.0735
1998-07-20,44001,Bristol,29.4866,18.7162,78.2515,3.9036
1998-07-21,44001,Bristol,31.0179,20.6189,63.2315,2.8169
1998-07-22,44001,Bristol,33.7209,20.8702,65.0646,3.2077
1998-07-23,44001,Bristol,30.6349,20.9985,73.3574,3.0888
1998-07-24,44001,Bristol,29.0752,18.7,62.4492,2.524
1998-07-25,44001,Bristol,26.1039,16.6475,56.7422,1.9447
1998-07-26,44001,Bristol,25.8607,17.4709,59.2738,1.1662
1998-07-27,44001,Bristol,27.1726,16.2292,64.4379,3.4911
1998-07-28,44001,Bristol,27.0486,18.037,78.9261,5.0414
1998-07-29,44001,Bristol,29.4694,21.4882,73.9946,4.8119
1998-07-30,44001,Bristol,29.246,19.175,58.1028,2.0947
1998-07-31,44001,Bristol,24.1225,18.2841,73.2719,2.6044
1998-08-01,44001,Bristol,26.1933,14.8415,56.8988,2.1691
1998-08-02,44001,Bristol,27.0553,14.068,61.1457,2.5348
1998-08-03,44001,Bristol,28.443,14.7126,63.1272,2.1165
1998-08-04,44001,Bristol,28.6365,17.0041,62.3663,1.4632
1998-08-05,44001,Bristol,27.3766,17.433,65.1998,1.2052
1998-08-06,44001,Bristol,27.8427,19.5107,65.0667,1.0439
1998-08-07,44001,Bristol,27.1974,19.1389,62.4596,0.8306
1998-08-08,44001,Bristol,29.4287,18.6177,55.0567,1.1994
1998-08-09,44001,Bristol,29.2526,17.0124,67.1075,2.5878
1998-08-10,44001,Bristol,29.5493,17.8993,76.1677,3.8181
1998-08-11,44001,Bristol,28.9028,21.9621,72.7949,3.7059
1998-08-12,44001,Bristol,26.4488,17.0882,71.0868,3.1908
1998-08-13,44001,Bristol,26.0826,14.1832,66.587,2.1141
1998-08-14,44001,Bristol,27.6288,15.992,67.0214,3.6907
1998-08-15,44001,Bristol,27.2143,16.4631,68.6556,2.4473
1998-08-16,44001,Bristol,31.346,17.6949,62.5999,1.7029
1998-08-17,44001,Bristol,26.352,18.7229,85.6725,1.732
1998-08-18,44001,Bristol,30.3364,20.6577,69.9582,2.6176
1998-08-19,44001,Bristol,22.0405,13.3337,64.2148,3.9009
1998-08-20,44001,Bristol,23.673,10.7273,60.5037,1.676
1998-08-21,44001,Bristol,25.1261,14.6521,71.4105,2.2027
1998-08-22,44001,Bristol,28.0254,17.8201,60.5577,1.6901
1998-08-23,44001,Bristol,26.543,17.0273,79.6075,3.5605
1998-08-24,44001,Bristol,31.3396,21.5107,72.3141,5.7415
1998-08-25,44001,Bristol,32.1096,21.2034,69.7249,4.6492
1998-08-26,44001,Bristol,28.8553,22.281,76.5293,4.6855
1998-08-27,44001,Bristol,30.9131,19.9415,68.9947,1.6938
1998-08-28,44001,Bristol,28.7273,18.3996,69.4388,3.2671
1998-08-29,44001,Bristol,26.7405,16.2119,79.7133,3.3432
1998-08-30,44001,Bristol,29.625,20.2045,68.533,2.3411
1998-08-31,44001,Bristol,26.5909,17.9957,66.1797,1.0167
1998-09-01,44001,Bristol,25.5841,14.8445,62.6654,1.6372
1998-09-02,44001,Bristol,24.7118,16.6896,67.8276,2.1786
1998-09-03,44001,Bristol,26.7462,17.3522,67.9944,1.9889
1998-09-04,44001,Bristol,27.0437,16.0547,61.7259,1.5831
1998-09-05,44001,Bristol,24.102,13.4655,55.9365,3.8769
1998-09-06,44001,Bristol,28.31,13.289,67.6302,4.9075
1998-09-07,44001,Bristol,28.4037,18.9035,73.9867,2.9586
1998-09-08,44001,Bristol,23.0927,15.422,73.4003,2.0099
1998-09-09,44001,Bristol,19.4799,11.5563,63.5103,4.4075
1998-09-10,44001,Bristol,21.6545,11.1331,57.913,4.2987
1998-09-11,44001,Bristol,23.0118,9.1378,59.5114,2.3243
1998-09-12,44001,Bristol,27.754,14.1482,68.5417,2.9831
1998-09-13,44001,Bristol,23.313,13.9395,68.514,2.6527
1998-09-14,44001,Bristol,22.6618,12.8957,77.8847,3.0962
1998-09-15,44001,Bristol,26.5515,17.7609,79.6732,5.025
1998-09-16,44001,Bristol,27.5261,18.0534,69.7852,2.5406
1998-09-17,44001,Bristol,24.6437,14.9096,56.9584,1.0007
1998-09-18,44001,Bristol,21.2942,11.4343,66.6482,3.4284
1998-09-19,44001,Bristol,24.9592,11.5135,68.6788,2.6543
1998-09-20,44001,Bristol,27.4457,13.3733,64.9384,2.0241
1998-09-21,44001,Bristol,26.8138,14.5609,75.3694,3.2069
1998-09-22,44001,Bristol,23.7618,17.4756,82.6576,3.2847
1998-09-23,44001,Bristol,17.0356,6.1071,56.1553,5.239
1998-09-24,44001,Bristol,17.3749,4.5844,57.9631,2.8669
1998-09-25,44001,Bristol,21.1749,8.9046,75.6193,2.9401
1998-09-26,44001,Bristol,25.4749,16.5645,66.3357,1.8176
1998-09-27,44001,Bristol,28.8061,16.9658,73.0573,4.6683
1998-09-28,44001,Bristol,23.9909,11.5459,63.9682,4.195
1998-09-29,44001,Bristol,19.7672,7.7766,57.9314,2.8634
1998-09-30,44001,Bristol,21.8092,10.3037,76.9778,3.218
1998-10-01,44001,Bristol,26.2269,7.2,58.2383,6.35
1998-10-02,44001,Bristol,16.9191,4.4849,51.168,5.3809
1998-10-03,44001,Bristol,16.6018,8.7554,49.8085,3.5746
1998-10-04,44001,Bristol,17.2807,6.6067,47.8447,2.6458
1998-10-05,44001,Bristol,18.6514,5.1537,46.1854,2.7725
1998-10-06,44001,Bristol,14.1226,3.3042,48.5253,2.5449
1998-10-07,44001,Bristol,16.4047,3.839,61.7874,2.822
1998-10-08,44001,Bristol,20.1403,10.3963,90.7653,4.8272
1998-10-09,44001,Bristol,18.417,15.1877,80.6792,2.6716
1998-10-10,44001,Bristol,20.6904,8.3899,80.4586,1.5187
1998-10-11,44001,Bristol,17.4434,9.6311,80.2904,4.3496
1998-10-12,44001,Bristol,16.4226,8.9824,73.1665,4.1068
1998-10-13,44001,Bristol,15.622,7.9386,71.3605,2.1489
1998-10-14,44001,Bristol,15.6781,10.7503,78.8973,3.7729
1998-10-15,44001,Bristol,16.9292,8.7401,62.3971,4.6676
1998-10-16,44001,Bristol,16.9103,8.0287,57.712,3.578
1998-10-17,44001,Bristol,17.2637,6.6131,60.9024,2.3411
1998-10-18,44001,Bristol,21.3235,10.7725,70.0631,5.7233
1998-10-19,44001,Bristol,22.6082,9.7054,58.8765,4.67
1998-10-20,44001,Bristol,18.411,7.0098,52.7328,4.4013
1998-10-21,44001,Bristol,12.9525,7.4332,54.3776,4.5579
1998-10-22,44001,Bristol,11.7191,3.9934,54.8221,4.8072
1998-10-23,44001,Bristol,14.1301,5.1872,55.0875,4.3465
1998-10-24,44001,Bristol,20.2807,6.1992,58.8376,4.3152
1998-10-25,44001,Bristol,21.1607,7.5829,50.6621,2.5028
1998-10-26,44001,Bristol,14.7931,5.8184,61.187,3.9361
1998-10-27,44001,Bristol,14.0526,4.466,62.0145,2.7402
1998-10-28,44001,Bristol,16.728,4.9766,76.6718,4.0724
1998-10-29,44001,Bristol,13.5508,6.5697,62.3217,5.8911
1998-10-30,44001,Bristol,12.2696,5.044,55.1705,6.4063
1998-10-31,44001,Bristol,13.715,4.0437,61.5239,4.5709
1998-11-01,44001,Bristol,13.7752,2.0289,60.395,3.9136
1998-11-02,44001,Bristol,13.2581,3.9414,55.3849,5.2006
1998-11-03,44001,Bristol,9.0185,2.0806,54.6294,4.2598
1998-11-04,44001,Bristol,7.9488,-0.0219,54.4548,3.5547
1998-11-05,44001,Bristol,10.2296,-1.794,54.5335,2.9299
1998-11-06,44001,Bristol,8.9391,-1.5972,59.4093,3.5738
1998-11-07,44001,Bristol,9.5052,1.8884,55.2991,3.8844
1998-11-08,44001,Bristol,10.8215,-0.3258,55.3113,2.3968
1998-11-09,44001,Bristol,10.304,-0.0868,56.8231,1.905
1998-11-10,44001,Bristol,9.6123,3.3478,71.3831,3.3406
1998-11-11,44001,Bristol,17.0671,6.4437,82.6948,6.5058
1998-11-12,44001,Bristol,11.024,1.4833,57.9044,4.2742
1998-11-13,44001,Bristol,13.0228,2.2161,57.3809,3.8383
1998-11-14,44001,Bristol,11.2552,0.3696,69.075,2.8172
1998-11-15,44001,Bristol,14.9104,4.4906,62.3706,4.4534
1998-11-16,44001,Bristol,10.5022,1.367,59.6686,2.8898
1998-11-17,44001,Bristol,10.3415,5.2321,80.2077,4.1809
1998-11-18,44001,Bristol,8.7604,0.9021,66.2753,2.5381
1998-11-19,44001,Bristol,10.0605,0.1109,78.1121,3.7014
1998-11-20,44001,Bristol,15.3638,7.9771,85.1672,3.5178
1998-11-21,44001,Bristol,12.5021,3.0431,61.1179,4.8854
1998-11-22,44001,Bristol,8.2215,-0.1264,59.8469,3.7569
1998-11-23,44001,Bristol,12.515,2.1909,74.1592,6.7337
1998-11-24,44001,Bristol,14.1228,2.6965,54.2865,5.0007
1998-11-25,44001,Bristol,8.4417,-1.0846,64.7598,2.7173
1998-11-26,44001,Bristol,12.3118,1.9118,84.1928,5.6755
1998-11-27,44001,Bristol,9.1599,2.2619,65.501,5.9986
1998-11-28,44001,Bristol,11.1474,-0.2186,66.2423,4.2477
1998-11-29,44001,Bristol,11.5014,1.2806,65.1288,2.2115
1998-11-30,44001,Bristol,14.9591,2.3641,79.0079,4.0537
1998-12-01,44001,Bristol,14.3769,2.0952,62.2538,6.0141
1998-12-02,44001,Bristol,12.6706,0.8745,60.256,5.3905
1998-12-03,44001,Bristol,14.0591,3.2563,63.5005,2.9628
1998-12-04,44001,Bristol,18.5825,6.8327,57.4396,3.5833
1998-12-05,44001,Bristol,10.8643,1.2886,64.3823,2.5873
1998-12-06,44001,Bristol,16.5982,6.833,70.7856,2.4722
1998-12-07,44001,Bristol,16.6574,7.8326,72.2718,4.55
1998-12-08,44001,Bristol,10.483,4.0949,65.8201,3.604
1998-12-09,44001,Bristol,6.6503,0.1923,64.707,3.8818
1998-12-10,44001,Bristol,8.7403,-0.6252,60.1445,3.7482
1998-12-11,44001,Bristol,6.2644,-1.6879,56.6525,5.0247
1998-12-12,44001,Bristol,6.7267,-2.3048,59.612,4.6062
1998-12-13,44001,Bristol,10.0456,-0.1085,55.5273,4.0017
1998-12-14,44001,Bristol,3.9633,-2.2005,54.5709,4.7068
1998-12-15,44001,Bristol,7.9666,-1.9354,58.2697,5.8936
1998-12-16,44001,Bristol,10.3223,-0.3085,60.947,2.4411
1998-12-17,44001,Bristol,7.7123,-0.2141,77.1141,2.3751
1998-12-18,44001,Bristol,4.4329,-3.786,51.0619,6.3412
1998-12-19,44001,Bristol,9.1709,-3.0675,69.2016,4.7705
1998-12-20,44001,Bristol,9.276,2.4128,65.4941,3.5078
1998-12-21,44001,Bristol,9.5346,2.215,76.3723,3.8861
1998-12-22,44001,Bristol,13.5576,-3.1786,64.5368,8.6855
1998-12-23,44001,Bristol,-0.9747,-5.674,37.6228,2.5921
1998-12-24,44001,Bristol,-0.7364,-6.7656,72.3799,3.878
1998-12-25,44001,Bristol,-1.1116,-8.9957,62.8938,2.8174
1998-12-26,44001,Bristol,3.1045,-7.1656,72.3815,2.5261
1998-12-27,44001,Bristol,1.1798,-5.2097,70.4232,3.5521
1998-12-28,44001,Bristol,4.4551,-0.1196,79.5188,2.6654
1998-12-29,44001,Bristol,4.0481,0.3408,40.2922,4.0135
1998-12-30,44001,Bristol,3.0042,-10.9248,78.5729,5.9846
1998-12-31,44001,Bristol,-2.4447,-12.6225,46.4006,5.0945
1999-01-01,44001,Bristol,-1.3321,-12.8557,44.9733,6.6844
1999-01-02,44001,Bristol,-4.2747,-16.1339,32.2039,4.1473
1999-01-03,44001,Bristol,5.631,-8.1302,81.3678,6.4286
1999-01-04,44001,Bristol,4.4502,-6.9608,55.2821,6.442
1999-01-05,44001,Bristol,-1.828,-8.4856,51.9326,4.2883
1999-01-06,44001,Bristol,2.8494,-9.3287,59.1527,4.7778
1999-01-07,44001,Bristol,2.8123,-5.8257,50.8156,5.9358
1999-01-08,44001,Bristol,3.9284,-7.7763,54.7534,3.5119
1999-01-09,44001,Bristol,9.358,0.2215,77.4385,7.2353
1999-01-10,44001,Bristol,4.2572,-6.2455,32.1184,3.4105
1999-01-11,44001,Bristol,-0.3121,-7.6575,39.9971,5.5865
1999-01-12,44001,Bristol,5.2756,-7.3748,77.7866,5.5454
1999-01-13,44001,Bristol,6.6416,-6.5383,68.933,4.7538
1999-01-14,44001,Bristol,-0.4015,-11.3493,61.9448,8.0489
1999-01-15,44001,Bristol,5.9999,-4.1541,79.9304,6.5139
1999-01-16,44001,Bristol,3.8502,-5.4183,63.5292,6.503
1999-01-17,44001,Bristol,8.5867,-2.5565,60.3466,2.8532
1999-01-18,44001,Bristol,11.3434,-1.6484,77.4064,5.2903
1999-01-19,44001,Bristol,9.655,-2.1152,61.8324,5.697
1999-01-20,44001,Bristol,6.7834,-3.0464,55.3801,3.4062
1999-01-21,44001,Bristol,8.1645,-2.9368,60.4731,2.1906
1999-01-22,44001,Bristol,7.2978,-0.1114,74.8178,5.1101
1999-01-23,44001,Bristol,15.0523,1.4536,68.7151,3.6179
1999-01-24,44001,Bristol,12.6399,3.9263,80.1165,6.4025
1999-01-25,44001,Bristol,8.4919,-2.2455,52.214,4.5266
1999-01-26,44001,Bristol,4.6727,-5.1379,49.4012,3.4375
1999-01-27,44001,Bristol,6.4642,-3.6508,57.8223,2.1523
1999-01-28,44001,Bristol,3.3395,-4.943,75.3588,4.0038
1999-01-29,44001,Bristol,0.0552,-6.1228,67.1159,3.8654
1999-01-30,44001,Bristol,-0.2436,-8.5402,41.1798,5.0452
1999-01-31,44001,Bristol,-1.2055,-10.3625,37.862,4.5272
1999-02-01,44001,Bristol,6.1363,-7.3342,43.7183,4.3309
1999-02-02,44001,Bristol,7.1005,-1.8631,76.3355,5.6042
1999-02-03,44001,Bristol,11.9018,1.1204,60.7298,3.1157
1999-02-04,44001,Bristol,11.0363,0.0034,67.6038,2.4445
1999-02-05,44001,Bristol,7.086,-2.7114,60.0113,6.6527
1999-02-06,44001,Bristol,4.1488,-3.0774,46.8654,3.7982
1999-02-07,44001,Bristol,4.7174,-2.8009,55.5508,3.5242
1999-02-08,44001,Bristol,3.8378,-3.1983,49.9174,3.959
1999-02-09,44001,Bristol,7.6916,-3.1479,53.3891,4.6564
1999-02-10,44001,Bristol,7.8455,-1.5352,52.8878,5.0274
1999-02-11,44001,Bristol,7.5568,-1.9112,45.3154,2.9801
1999-02-12,44001,Bristol,14.8473,0.7535,73.4558,6.3208
1999-02-13,44001,Bristol,10.946,-0.1308,44.1176,4.5487
1999-02-14,44001,Bristol,2.3617,-5.5258,39.751,5.476
1999-02-15,44001,Bristol,3.9145,-6.812,36.0809,3.236
1999-02-16,44001,Bristol,8.2285,-2.8902,49.5595,1.6012
1999-02-17,44001,Bristol,10.1568,-1.3337,69.061,3.8364
1999-02-18,44001,Bristol,10.1455,1.8932,74.1769,1.799
1999-02-19,44001,Bristol,8.3782,-0.567,58.3032,3.6738
1999-02-20,44001,Bristol,5.8864,-1.1405,56.0092,4.7209
1999-02-21,44001,Bristol,4.0174,-1.9774,43.386,3.8255
1999-02-22,44001,Bristol,0.7034,-9.0009,30.511,7.1112
1999-02-23,44001,Bristol,-0.4209,-11.8009,20.8911,2.9822
1999-02-24,44001,Bristol,1.9835,-4.909,39.312,4.1447
1999-02-25,44001,Bristol,3.0609,-2.6576,66.7958,7.5254
1999-02-26,44001,Bristol,5.0155,-3.086,56.2036,5.9768
1999-02-27,44001,Bristol,6.4129,-4.3128,45.1628,3.7764
1999-02-28,44001,Bristol,7.7132,-0.9403,69.5534,4.9667
1999-03-01,44001,Bristol,11.0953,3.7616,65.0488,5.1363
1999-03-02,44001,Bristol,8.0889,-0.1781,52.919,5.2403
1999-03-03,44001,Bristol,10.9258,-0.8018,58.5477,4.7222
1999-03-04,44001,Bristol,10.5284,0.4568,63.147,9.2687
1999-03-05,44001,Bristol,5.9235,-2.0244,36.0804,4.7662
1999-03-06,44001,Bristol,7.1614,-0.3856,58.4699,4.9069
1999-03-07,44001,Bristol,7.0708,-7.9657,44.1676,7.8709
1999-03-08,44001,Bristol,0.6933,-9.9261,33.6054,7.7083
1999-03-09,44001,Bristol,4.0135,-7.6846,29.7218,4.9246
1999-03-10,44001,Bristol,4.6959,-2.5671,31.1362,3.584
1999-03-11,44001,Bristol,3.853,-3.117,50.3974,5.5767
1999-03-12,44001,Bristol,4.6318,-1.5026,58.5336,6.2243
1999-03-13,44001,Bristol,6.2975,-0.6669,56.3558,4.6461
1999-03-14,44001,Bristol,7.3505,-1.0469,60.3344,2.9175
1999-03-15,44001,Bristol,4.4265,0.7768,65.3655,7.909
1999-03-16,44001,Bristol,9.2394,-1.744,43.445,7.3028
1999-03-17,44001,Bristol,15.1765,0.2639,46.552,4.4876
1999-03-18,44001,Bristol,20.1103,1.9003,38.9525,5.1971
1999-03-19,44001,Bristol,8.3512,1.4927,45.8718,5.7246
1999-03-20,44001,Bristol,9.4763,-0.637,40.4927,3.3345
1999-03-21,44001,Bristol,10.7015,0.7506,57.2839,4.6895
1999-03-22,44001,Bristol,12.3808,2.7568,63.3848,8.5632
1999-03-23,44001,Bristol,11.1111,0.7438,49.0714,4.8062
1999-03-24,44001,Bristol,13.8081,0.4506,70.4051,3.5866
1999-03-25,44001,Bristol,11.2852,2.0191,49.5576,3.3658
1999-03-26,44001,Bristol,9.6653,-1.4974,42.7102,2.0824
1999-03-27,44001,Bristol,11.2771,0.2494,48.2261,5.4784
1999-03-28,44001,Bristol,9.3917,3.3469,66.117,5.84
1999-03-29,44001,Bristol,16.8147,2.5063,49.573,3.3019
1999-03-30,44001,Bristol,15.6147,1.9845,33.9817,5.1365
1999-03-31,44001,Bristol,20.8413,1.9771,36.3252,5.0958
1999-04-01,44001,Bristol,21.7774,4.1816,46.3438,2.9787
1999-04-02,44001,Bristol,12.6471,6.1571,48.5113,4.0318
1999-04-03,44001,Bristol,10.7427,5.5037,53.3092,3.1331
1999-04-04,44001,Bristol,11.7578,1.03,55.7916,5.4804
1999-04-05,44001,Bristol,14.0424,-0.6287,39.1468,3.8499
1999-04-06,44001,Bristol,16.2059,1.8608,43.6623,2.9535
1999-04-07,44001,Bristol,20.3391,5.5715,44.3825,4.049
1999-04-08,44001,Bristol,22.4993,7.0502,37.1268,3.8703
1999-04-09,44001,Bristol,15.1539,5.7085,46.7474,3.3101
1999-04-10,44001,Bristol,12.5014,3.8338,46.536,5.1283
1999-04-11,44001,Bristol,11.1248,-0.1351,47.8572,2.3465
1999-04-12,44001,Bristol,11.1902,3.4884,53.4423,3.5398
1999-04-13,44001,Bristol,11.562,1.0585,40.5745,4.3895
1999-04-14,44001,Bristol,13.0014,2.2661,40.8524,3.5454
1999-04-15,44001,Bristol,17.4106,5.0179,38.1466,2.336
1999-04-16,44001,Bristol,12.1026,4.3499,61.5973,2.9878
1999-04-17,44001,Bristol,15.3886,6.8582,53.2178,4.5843
1999-04-18,44001,Bristol,16.7916,6.0876,47.7624,4.4726
1999-04-19,44001,Bristol,16.2801,6.9705,48.1006,3.391
1999-04-20,44001,Bristol,16.2514,5.867,53.5102,2.1539
1999-04-21,44001,Bristol,18.2659,5.6303,46.0181,2.5376
1999-04-22,44001,Bristol,14.6288,5.2396,66.3853,2.1013
1999-04-23,44001,Bristol,13.2737,7.1071,69.2349,3.1406
1999-04-24,44001,Bristol,13.5627,0.8208,39.0403,5.0588
1999-04-25,44001,Bristol,15.4877,0.7273,41.2584,3.7751
1999-04-26,44001,Bristol,19.9926,4.4736,42.7053,4.595
1999-04-27,44001,Bristol,16.3649,5.0684,47.6876,3.7585
1999-04-28,44001,Bristol,16.6158,4.915,43.1812,2.6798
1999-04-29,44001,Bristol,16.2539,4.7552,42.4733,3.637
1999-04-30,44001,Bristol,16.411,4.8216,43.8515,4.0124
1999-05-01,44001,Bristol,18.9913,2.1645,41.6731,2.1091
1999-05-02,44001,Bristol,18.9807,3.9123,48.9293,4.3844
1999-05-03,44001,Bristol,14.5093,5.9907,75.7973,6.2106
1999-05-04,44001,Bristol,16.4312,10.0038,71.4708,3.615
1999-05-05,44001,Bristol,20.0534,11.6803,69.765,1.4144
1999-05-06,44001,Bristol,22.2778,13.8057,65.6946,1.5707
1999-05-07,44001,Bristol,22.0228,13.5755,64.5403,2.5426
1999-05-08,44001,Bristol,22.8115,13.3027,65.7105,3.9472
1999-05-09,44001,Bristol,23.9658,13.4385,57.2029,2.9653
1999-05-10,44001,Bristol,21.6378,10.1709,51.3256,3.2629
1999-05-11,44001,Bristol,18.5692,5.8051,50.5865,2.7082
1999-05-12,44001,Bristol,20.8936,6.3047,41.9238,2.071
1999-05-13,44001,Bristol,17.0305,5.0491,47.3632,3.2972
1999-05-14,44001,Bristol,18.2632,3.7041,49.7954,2.2762
1999-05-15,44001,Bristol,19.5031,6.3903,47.0681,2.3452
1999-05-16,44001,Bristol,20.3039,5.9554,50.6773,2.0498
1999-05-17,44001,Bristol,21.7009,8.0709,60.5371,2.3639
1999-05-18,44001,Bristol,22.4321,9.7768,70.7738,3.2465
1999-05-19,44001,Bristol,22.2084,14.8148,69.5482,3.0228
1999-05-20,44001,Bristol,21.7348,12.6913,63.9311,3.6028
1999-05-21,44001,Bristol,22.9538,8.5573,47.5207,2.5436
1999-05-22,44001,Bristol,23.9967,11.0438,50.1646,1.843
1999-05-23,44001,Bristol,18.2703,9.5313,76.0978,3.5217
1999-05-24,44001,Bristol,23.5562,13.8739,70.3026,3.9593
1999-05-25,44001,Bristol,20.3924,12.3128,62.6777,4.5542
1999-05-26,44001,Bristol,20.8554,10.8502,58.5504,3.9559
1999-05-27,44001,Bristol,20.0993,12.0643,56.0899,2.2891
1999-05-28,44001,Bristol,23.3503,11.0829,50.8261,2.2439
1999-05-29,44001,Bristol,27.7996,11.2554,54.627,2.0784
1999-05-30,44001,Bristol,29.115,14.5086,53.3954,1.7948
1999-05-31,44001,Bristol,28.9767,15.2072,54.1533,2.7242
1999-06-01,44001,Bristol,27.3796,13.9632,64.6016,3.354
1999-06-02,44001,Bristol,29.7827,16.482,62.8461,3.3119
1999-06-03,44001,Bristol,29.3861,17.6755,60.6004,4.1121
1999-06-04,44001,Bristol,22.8819,15.6175,51.5055,2.9955
1999-06-05,44001,Bristol,23.9165,12.6539,50.8776,2.398
1999-06-06,44001,Bristol,23.9523,11.791,63.6987,3.9372
1999-06-07,44001,Bristol,33.2981,16.6808,66.3854,4.1329
1999-06-08,44001,Bristol,33.1084,21.2335,56.5258,3.7861
1999-06-09,44001,Bristol,22.3141,14.0397,66.7416,4.4434
1999-06-10,44001,Bristol,20.8869,10.1769,61.7688,3.7335
1999-06-11,44001,Bristol,23.7498,9.2702,58.6577,2.6969
1999-06-12,44001,Bristol,26.2183,11.3983,68.0583,2.4213
1999-06-13,44001,Bristol,27.2357,17.3474,67.7496,2.3783
1999-06-14,44001,Bristol,25.0513,17.8057,73.517,3.6593
1999-06-15,44001,Bristol,27.6114,15.7594,57.3512,3.2616
1999-06-16,44001,Bristol,22.3725,11.3444,56.5519,3.6702
1999-06-17,44001,Bristol,18.402,13.3688,65.5679,3.2082
1999-06-18,44001,Bristol,21.9595,13.4948,57.2276,1.9913
1999-06-19,44001,Bristol,24.7006,13.2285,53.0835,1.6224
1999-06-20,44001,Bristol,23.8606,13.4728,55.4933,1.971
1999-06-21,44001,Bristol,22.9854,13.6453,60.2309,1.1741
1999-06-22,44001,Bristol,26.8112,13.9521,55.9744,1.4959
1999-06-23,44001,Bristol,30.3417,14.983,55.7198,2.1416
1999-06-24,44001,Bristol,30.5357,16.8787,53.4213,3.3969
1999-06-25,44001,Bristol,27.9305,15.5664,62.1994,4.346
1999-06-26,44001,Bristol,32.14,20.2736,55.5859,3.4925
1999-06-27,44001,Bristol,32.7762,18.7055,57.4743,3.0648
1999-06-28,44001,Bristol,30.3392,20.7684,67.6998,5.8495
1999-06-29,44001,Bristol,30.2985,22.0552,68.4869,5.2481
1999-06-30,44001,Bristol,26.3263,21.0071,64.1188,1.767
1999-07-01,44001,Bristol,25.9332,18.4266,83.3117,4.4068
1999-07-02,44001,Bristol,25.7471,21.2876,84.004,7.1042
1999-07-03,44001,Bristol,29.7248,21.0934,65.9449,3.266
1999-07-04,44001,Bristol,31.9453,20.6772,76.2458,3.5578
1999-07-05,44001,Bristol,35.8061,24.1772,64.854,3.4233
1999-07-06,44001,Bristol,34.993,25.6499,63.3677,3.5694
1999-07-07,44001,Bristol,29.2521,16.9772,59.0221,4.0223
1999-07-08,44001,Bristol,27.0951,14.4505,48.5133,3.9182
1999-07-09,44001,Bristol,23.7151,13.4245,66.4356,2.89
1999-07-10,44001,Bristol,31.5281,19.0669,55.138,5.0656
1999-07-11,44001,Bristol,26.0904,12.3986,45.5501,2.7674
1999-07-12,44001,Bristol,27.7563,13.4661,46.6212,2.0361
1999-07-13,44001,Bristol,21.3923,13.6123,73.6618,3.5383
1999-07-14,44001,Bristol,25.8862,12.5012,58.6486,2.023
1999-07-15,44001,Bristol,29.0504,14.0414,53.0559,2.3867
1999-07-16,44001,Bristol,34.0483,17.2258,54.367,4.1105
1999-07-17,44001,Bristol,35.5764,20.1765,51.5168,4.7992
1999-07-18,44001,Bristol,36.6644,20.8895,50.3008,4.0736
1999-07-19,44001,Bristol,33.2685,21.1117,64.3988,3.1167
1999-07-20,44001,Bristol,27.5695,20.2794,61.0431,2.3478
1999-07-21,44001,Bristol,27.7717,18.3177,58.2803,2.2605
1999-07-22,44001,Bristol,27.5582,19.7643,74.3464,4.2668
1999-07-23,44001,Bristol,32.1874,21.4843,61.8431,2.9692
1999-07-24,44001,Bristol,30.708,22.7233,74.4857,3.632
1999-07-25,44001,Bristol,32.6435,22.5074,63.5313,1.9956
1999-07-26,44001,Bristol,29.5555,19.7493,69.3662,1.9726
1999-07-27,44001,Bristol,30.2722,21.1123,61.7917,1.7596
1999-07-28,44001,Bristol,33.2588,19.1148,42.5379,3.0523
1999-07-29,44001,Bristol,33.4971,17.8249,47.4365,2.0607
1999-07-30,44001,Bristol,32.208,19.4661,60.2569,2.2685
1999-07-31,44001,Bristol,32.4308,19.173,61.3005,3.0225
1999-08-01,44001,Bristol,33.9873,19.832,60.6531,3.957
1999-08-02,44001,Bristol,31.3087,16.5986,43.6535,2.0827
1999-08-03,44001,Bristol,28.2805,14.5229,49.0148,1.9738
1999-08-04,44001,Bristol,29.7378,15.5303,53.6849,3.3677
1999-08-05,44001,Bristol,30.4685,15.8983,60.19,2.7356
1999-08-06,44001,Bristol,29.862,17.209,52.4095,3.0218
1999-08-07,44001,Bristol,27.1694,15.5431,49.9818,3.161
1999-08-08,44001,Bristol,24.4158,15.5721,94.8371,4.2736
1999-08-09,44001,Bristol,21.8873,13.1917,59.8389,3.8087
1999-08-10,44001,Bristol,22.3515,11.0205,57.5458,2.3022
1999-08-11,44001,Bristol,24.0542,16.5768,79.5462,2.9614
1999-08-12,44001,Bristol,28.6547,20.7573,73.1562,3.0853
1999-08-13,44001,Bristol,30.0066,20.2029,78.8128,4.4794
1999-08-14,44001,Bristol,27.1138,22.8676,83.8853,4.4094
1999-08-15,44001,Bristol,24.5519,19.1174,82.3682,2.2882
1999-08-16,44001,Bristol,26.4119,18.2122,65.8275,2.1167
1999-08-17,44001,Bristol,28.2128,18.2311,76.2415,4.5242
1999-08-18,44001,Bristol,30.2617,20.9884,61.8731,2.7052
1999-08-19,44001,Bristol,24.8554,16.173,57.9301,2.8831
1999-08-20,44001,Bristol,24.1001,14.9713,62.9067,3.0735
1999-08-21,44001,Bristol,22.3381,16.6922,78.5702,4.1359
1999-08-22,44001,Bristol,20.5414,15.806,79.8825,1.9887
1999-08-23,44001,Bristol,26.6016,16.8079,57.8805,1.8681
1999-08-24,44001,Bristol,29.3552,16.1431,54.9764,2.0978
1999-08-25,44001,Bristol,29.0333,16.0561,58.7469,2.491
1999-08-26,44001,Bristol,22.5013,16.3523,90.3322,2.0947
1999-08-27,44001,Bristol,26.8441,19.9934,80.3185,2.053
1999-08-28,44001,Bristol,29.0518,21.2619,70.2731,3.9251
1999-08-29,44001,Bristol,29.9748,18.9938,54.3711,3.8504
1999-08-30,44001,Bristol,21.8902,12.1811,54.8663,4.3633
1999-08-31,44001,Bristol,26.0312,10.7529,48.3977,3.6328
1999-09-01,44001,Bristol,29.7815,10.4401,40.7235,1.8194
1999-09-02,44001,Bristol,30.3064,14.0691,44.287,1.8603
1999-09-03,44001,Bristol,31.6078,16.4644,45.2901,1.5766
1999-09-04,44001,Bristol,31.1574,16.767,57.8099,2.4983
1999-09-05,44001,Bristol,30.2681,16.2342,65.7631,3.1431
1999-09-06,44001,Bristol,25.0263,19.3978,88.4205,2.7568
1999-09-07,44001,Bristol,27.7729,21.3527,76.6402,3.77
1999-09-08,44001,Bristol,24.6231,21.3111,83.9754,4.17
1999-09-09,44001,Bristol,27.3164,21.3221,79.5565,3.8332
1999-09-10,44001,Bristol,24.392,15.8267,92.0191,4.3192
1999-09-11,44001,Bristol,26.1086,12.2493,66.6353,2.2358
1999-09-12,44001,Bristol,24.4022,13.5147,60.7281,1.615
1999-09-13,44001,Bristol,24.4103,14.6997,67.6793,2.3218
1999-09-14,44001,Bristol,25.6006,14.7342,72.3544,1.8307
1999-09-15,44001,Bristol,24.1643,18.2176,79.507,1.6218
1999-09-16,44001,Bristol,22.0661,18.2576,91.8528,6.5742
1999-09-17,44001,Bristol,20.9896,11.219,69.2706,9.4696
1999-09-18,44001,Bristol,20.1073,10.292,60.3935,3.6899
1999-09-19,44001,Bristol,20.5932,9.8036,62.3277,1.6388
1999-09-20,44001,Bristol,22.0385,11.6474,75.8853,2.4765
1999-09-21,44001,Bristol,22.4275,14.5154,82.7957,2.0112
1999-09-22,44001,Bristol,21.1791,12.5517,82.9225,3.1679
1999-09-23,44001,Bristol,20.1028,9.2657,69.0225,5.0793
1999-09-24,44001,Bristol,22.1496,13.3248,75.8794,5.1711
1999-09-25,44001,Bristol,22.9892,13.7235,74.5562,3.2793
1999-09-26,44001,Bristol,18.7639,9.9323,66.2552,2.6224
1999-09-27,44001,Bristol,21.0762,10.9371,67.8208,1.7316
1999-09-28,44001,Bristol,21.9068,13.8436,76.1619,1.7229
1999-09-29,44001,Bristol,21.1155,15.0858,81.4527,2.9087
1999-09-30,44001,Bristol,20.3068,9.27,85.4544,5.2852
1999-10-01,44001,Bristol,19.411,7.0116,60.2689,3.2811
1999-10-02,44001,Bristol,21.1147,8.9225,58.4674,2.8364
1999-10-03,44001,Bristol,22.9272,12.0551,68.3119,2.9504
1999-10-04,44001,Bristol,20.5691,8.8382,78.3248,3.8696
1999-10-05,44001,Bristol,12.4093,7.3217,73.4873,3.5213
1999-10-06,44001,Bristol,16.9093,6.2015,55.6312,4.7696
1999-10-07,44001,Bristol,9.8194,0.4061,52.2788,4.6313
1999-10-08,44001,Bristol,14.9241,-0.3843,65.3299,3.2606
1999-10-09,44001,Bristol,22.0493,10.4516,70.7573,4.7675
1999-10-10,44001,Bristol,18.4479,11.8448,82.7525,3.1049
1999-10-11,44001,Bristol,21.0895,8.1116,64.976,3.8361
1999-10-12,44001,Bristol,15.7005,5.5067,50.7249,2.4907
1999-10-13,44001,Bristol,21.8101,7.5734,73.3314,5.1721
1999-10-14,44001,Bristol,17.74,1.9617,71.1144,6.9783
1999-10-15,44001,Bristol,13.4811,-0.2683,58.4034,2.66
1999-10-16,44001,Bristol,20.1824,6.0675,70.0609,3.3119
1999-10-17,44001,Bristol,23.9405,11.5068,74.7582,2.6879
1999-10-18,44001,Bristol,18.7023,5.2968,72.635,5.5215
1999-10-19,44001,Bristol,11.2352,1.9592,66.8868,3.1397
1999-10-20,44001,Bristol,17.1717,7.5365,82.4472,3.1863
1999-10-21,44001,Bristol,14.8194,7.6747,57.256,2.2204
1999-10-22,44001,Bristol,17.1194,4.7289,71.7432,4.0547
1999-10-23,44001,Bristol,14.3824,6.851,69.6349,5.4981
1999-10-24,44001,Bristol,14.3289,4.1813,60.4621,4.793
1999-10-25,44001,Bristol,11.7194,4.1589,55.7899,4.1576
1999-10-26,44001,Bristol,16.94,4.0085,69.3845,5.3493
1999-10-27,44001,Bristol,15.9447,6.0458,57.1439,4.1018
1999-10-28,44001,Bristol,11.6922,4.8223,63.3864,3.3349
1999-10-29,44001,Bristol,18.2072,5.7339,58.5057,2.7859
1999-10-30,44001,Bristol,17.6116,6.4396,67.201,2.9617
1999-10-31,44001,Bristol,20.3248,9.1276,73.3439,4.8866
1999-11-01,44001,Bristol,17.5949,6.9689,51.7281,2.188
1999-11-02,44001,Bristol,20.1049,6.5373,75.5943,6.6024
1999-11-03,44001,Bristol,18.2266,4.2398,68.5458,7.6515
1999-11-04,44001,Bristol,8.8913,2.2967,51.2458,6.5283
1999-11-05,44001,Bristol,15.074,2.1051,56.485,5.8471
1999-11-06,44001,Bristol,15.6724,6.5748,46.6771,4.7021
1999-11-07,44001,Bristol,7.3565,0.5501,46.7416,6.4669
1999-11-08,44001,Bristol,5.1598,-1.359,47.5393,4.5723
1999-11-09,44001,Bristol,12.1366,-1.0765,66.2134,4.767
1999-11-10,44001,Bristol,20.0248,8.5668,62.5269,4.9048
1999-11-11,44001,Bristol,14.0536,-2.4509,45.7593,5.4551
1999-11-12,44001,Bristol,7.3676,-2.8306,61.6035,2.3174
1999-11-13,44001,Bristol,11.6565,4.4594,62.318,2.2809
1999-11-14,44001,Bristol,13.6532,4.0911,70.1201,4.7312
1999-11-15,44001,Bristol,7.874,0.5808,49.9086,6.7539
1999-11-16,44001,Bristol,3.372,-1.6499,51.5425,7.4654
1999-11-17,44001,Bristol,3.7687,-1.9223,47.2667,6.0685
1999-11-18,44001,Bristol,8.1487,-1.1791,51.1401,3.6842
1999-11-19,44001,Bristol,13.1101,2.7303,62.113,2.9112
1999-11-20,44001,Bristol,18.8138,6.7826,68.0729,4.83
1999-11-21,44001,Bristol,17.3604,8.8573,59.8405,1.8614
1999-11-22,44001,Bristol,18.0415,8.0078,60.6862,1.8699
1999-11-23,44001,Bristol,17.6641,8.0455,72.4464,2.1541
1999-11-24,44001,Bristol,19.2449,11.9855,68.1159,3.9806
1999-11-25,44001,Bristol,14.1695,7.9619,73.4459,2.3163
1999-11-26,44001,Bristol,18.749,8.4166,70.6513,4.2928
1999-11-27,44001,Bristol,16.5179,6.2447,74.2039,4.1564
1999-11-28,44001,Bristol,8.9448,3.7575,52.9563,5.1824
1999-11-29,44001,Bristol,8.1618,1.2091,50.7082,3.501
1999-11-30,44001,Bristol,5.3714,-1.9883,52.9532,6.7665
1999-12-01,44001,Bristol,2.3484,-4.0597,36.218,8.4902
1999-12-02,44001,Bristol,4.9776,-5.3328,41.7165,4.9978
1999-12-03,44001,Bristol,9.9419,-2.2487,51.7949,2.6153
1999-12-04,44001,Bristol,12.5582,2.804,59.5075,2.8284
1999-12-05,44001,Bristol,15.4773,4.1234,60.0506,3.0429
1999-12-06,44001,Bristol,14.3711,7.3594,73.0155,3.888
1999-12-07,44001,Bristol,14.7693,1.9203,68.5067,4.014
1999-12-08,44001,Bristol,9.4487,-1.4602,49.8369,3.0744
1999-12-09,44001,Bristol,9.0287,-0.4528,48.7516,1.8589
1999-12-10,44001,Bristol,12.7789,0.5788,71.3481,4.8866
1999-12-11,44001,Bristol,10.9218,-1.3672,41.2592,9.1492
1999-12-12,44001,Bristol,6.5173,-1.5422,49.9821,4.3013
1999-12-13,44001,Bristol,8.3811,-1.3528,64.8294,1.318
1999-12-14,44001,Bristol,7.1494,3.2982,68.9341,7.0444
1999-12-15,44001,Bristol,9.9184,4.2189,69.4708,5.5037
1999-12-16,44001,Bristol,12.828,2.1878,59.3817,4.9021
1999-12-17,44001,Bristol,6.9561,-0.727,47.3149,5.9286
1999-12-18,44001,Bristol,4.7347,-1.9078,40.4796,2.9387
1999-12-19,44001,Bristol,4.0078,-2.8497,46.3193,3.2962
1999-12-20,44001,Bristol,8.1636,-2.6812,66.4841,5.1749
1999-12-21,44001,Bristol,11.9457,2.3916,56.2682,4.132
1999-12-22,44001,Bristol,4.7584,-2.4196,45.2928,3.4453
1999-12-23,44001,Bristol,3.5227,-2.8989,43.9825,3.9882
1999-12-24,44001,Bristol,1.3781,-6.6418,31.0928,4.975
1999-12-25,44001,Bristol,-2.3487,-9.2856,33.4194,4.248
1999-12-26,44001,Bristol,6.2344,-7.0782,56.1974,6.8183
1999-12-27,44001,Bristol,0.6365,-3.3406,36.7744,6.2363
1999-12-28,44001,Bristol,-0.0897,-5.5198,35.7132,3.3152
1999-12-29,44001,Bristol,1.2672,-3.9786,58.3061,5.084
1999-12-30,44001,Bristol,7.8454,-2.5126,55.5827,5.7029
1999-12-31,44001,Bristol,1.9513,-2.1885,59.7785,2.5652
2000-01-01,44001,Bristol,6.9595,-1.5073,50.7096,3.7121
2000-01-02,44001,Bristol,11.7506,-0.2861,63.5129,4.2605
2000-01-03,44001,Bristol,15.4975,6.8729,56.5896,3.6768
2000-01-04,44001,Bristol,16.0912,6.2439,63.5967,6.3156
2000-01-05,44001,Bristol,13.545,-3.3953,36.104,5.7233
2000-01-06,44001,Bristol,3.9343,-4.0333,46.3511,2.7637
2000-01-07,44001,Bristol,8.5553,-0.5359,52.6471,4.8247
2000-01-08,44001,Bristol,3.1591,-3.0248,41.1882,4.7125
2000-01-09,44001,Bristol,8.6002,-1.3164,53.6891,3.7915
2000-01-10,44001,Bristol,11.8938,2.4477,61.6458,5.6138
2000-01-11,44001,Bristol,12.4938,2.3226,46.6537,7.2026
2000-01-12,44001,Bristol,5.9591,-1.5143,41.2907,7.2081
2000-01-13,44001,Bristol,1.9292,-8.8826,54.7147,5.6996
2000-01-14,44001,Bristol,-7.2572,-14.383,42.2945,8.4889
2000-01-15,44001,Bristol,-6.9101,-16.0318,48.0039,4.3782
2000-01-16,44001,Bristol,3.848,-11.2736,59.6674,7.2295
2000-01-17,44001,Bristol,-4.6657,-16.9654,35.74,10.0021
2000-01-18,44001,Bristol,-4.9546,-16.0422,32.8729,4.3828
2000-01-19,44001,Bristol,-4.1816,-11.9718,30.3431,3.9562
2000-01-20,44001,Bristol,-0.9245,-11.3547,44.4619,4.6965
2000-01-21,44001,Bristol,-2.6501,-15.1034,39.2537,10.1758
2000-01-22,44001,Bristol,-9.4468,-17.6929,29.8764,8.4983
2000-01-23,44001,Bristol,-2.4515,-14.7238,40.4904,3.3128
2000-01-24,44001,Bristol,3.0055,-4.9342,45.0062,3.9371
2000-01-25,44001,Bristol,2.7499,-3.7876,67.3192,6.5827
2000-01-26,44001,Bristol,3.2528,-4.6392,55.7324,4.8693
2000-01-27,44001,Bristol,-2.4631,-11.5473,40.7013,5.909
2000-01-28,44001,Bristol,-6.9597,-13.8662,36.7308,6.7762
2000-01-29,44001,Bristol,-1.1907,-12.3746,36.0137,4.6209
2000-01-30,44001,Bristol,3.5852,-9.2879,44.4048,2.2787
2000-01-31,44001,Bristol,5.6731,-2.2208,56.4764,7.0735
2000-02-01,44001,Bristol,3.378,-2.6393,51.7573,6.4601
2000-02-02,44001,Bristol,0.7189,-8.7097,33.3213,7.6675
2000-02-03,44001,Bristol,0.0273,-10.2156,47.4378,3.3595
2000-02-04,44001,Bristol,1.9732,-3.7331,64.6948,2.4378
2000-02-05,44001,Bristol,2.6621,-2.9348,49.4027,4.9264
2000-02-06,44001,Bristol,1.4059,-3.8143,40.5505,6.1511
2000-02-07,44001,Bristol,4.7033,-4.0364,48.7493,6.4822
2000-02-08,44001,Bristol,-0.8288,-9.3956,31.4579,4.0823
2000-02-09,44001,Bristol,5.6572,-6.3168,65.8548,6.089
2000-02-10,44001,Bristol,8.0971,-1.4846,58.1112,2.7923
2000-02-11,44001,Bristol,9.8322,-0.9319,68.6473,3.8243
2000-02-12,44001,Bristol,1.7067,-5.9348,33.7002,3.2875
2000-02-13,44001,Bristol,4.4059,-5.2878,55.5383,2.3041
2000-02-14,44001,Bristol,10.6957,-0.083,76.2353,5.7533
2000-02-15,44001,Bristol,6.3973,-2.0527,55.7847,3.8115
2000-02-16,44001,Bristol,7.0731,-2.0208,60.5074,4.8038
2000-02-17,44001,Bristol,2.1495,-6.6212,35.6728,5.2082
2000-02-18,44001,Bristol,2.5554,-6.1508,61.2634,3.5676
2000-02-19,44001,Bristol,2.3978,-1.522,73.1324,4.5452
2000-02-20,44001,Bristol,3.6777,-2.2017,61.6279,4.3196
2000-02-21,44001,Bristol,3.9063,-2.5844,49.8997,3.8334
2000-02-22,44001,Bristol,7.0059,-1.4458,53.6229,2.8644
2000-02-23,44001,Bristol,11.0682,-1.295,65.6481,4.1426
2000-02-24,44001,Bristol,12.9512,2.3999,63.0021,2.4785
2000-02-25,44001,Bristol,8.805,2.2186,68.6777,4.8375
2000-02-26,44001,Bristol,9.5963,1.9981,70.893,3.8464
2000-02-27,44001,Bristol,14.4768,2.5319,68.1786,3.3158
2000-02-28,44001,Bristol,11.681,0.8792,67.8192,5.2929
2000-02-29,44001,Bristol,9.575,0.2051,46.4019,5.7283
2000-03-01,44001,Bristol,10.2467,-0.1751,56.8105,2.4013
2000-03-02,44001,Bristol,10.5414,1.7611,51.9286,4.7634
2000-03-03,44001,Bristol,7.875,-0.3371,47.0414,6.1777
2000-03-04,44001,Bristol,9.5235,-0.6507,39.881,4.1612
2000-03-05,44001,Bristol,9.3381,0.7238,46.2667,4.0686
2000-03-06,44001,Bristol,9.0148,-0.0778,39.5175,4.4627
2000-03-07,44001,Bristol,11.1703,-0.3737,44.7072,3.6373
2000-03-08,44001,Bristol,10.8147,3.7094,53.3803,2.8688
2000-03-09,44001,Bristol,20.0183,4.8345,57.6509,4.4714
2000-03-10,44001,Bristol,11.034,2.0556,58.3937,4.1508
2000-03-11,44001,Bristol,7.9628,1.6279,66.8808,4.9914
2000-03-12,44001,Bristol,14.1934,2.1597,71.5548,5.1098
2000-03-13,44001,Bristol,4.9907,-0.7954,41.3282,4.3797
2000-03-14,44001,Bristol,8.9872,-0.6844,52.4092,2.9918
2000-03-15,44001,Bristol,13.8564,0.5249,57.5842,4.5847
2000-03-16,44001,Bristol,14.2622,4.5896,68.3359,3.72
2000-03-17,44001,Bristol,9.1032,-3.467,63.1237,7.0771
2000-03-18,44001,Bristol,2.4466,-5.0766,41.0604,5.7233
2000-03-19,44001,Bristol,5.6839,-2.867,48.5845,4.2097
2000-03-20,44001,Bristol,7.8966,-2.8358,62.9648,4.9274
2000-03-21,44001,Bristol,9.9836,1.5246,62.2107,5.7939
2000-03-22,44001,Bristol,12.3654,1.0953,58.036,4.4394
2000-03-23,44001,Bristol,14.9504,-0.5249,45.6845,1.7166
2000-03-24,44001,Bristol,17.0268,1.4252,41.2139,2.3969
2000-03-25,44001,Bristol,16.0944,1.1642,54.5695,4.2969
2000-03-26,44001,Bristol,17.895,7.0298,43.7683,3.6356
2000-03-27,44001,Bristol,14.1523,3.2708,51.8833,2.9001
2000-03-28,44001,Bristol,14.622,5.644,71.7027,6.2177
2000-03-29,44001,Bristol,14.9684,4.9817,51.2448,5.3226
2000-03-30,44001,Bristol,11.8496,4.274,52.0205,3.3453
2000-03-31,44001,Bristol,10.9662,4.6651,47.1946,2.3952
2000-04-01,44001,Bristol,14.4862,4.4615,46.0413,3.3175
2000-04-02,44001,Bristol,16.5648,3.7145,61.8594,5.283
2000-04-03,44001,Bristol,15.1437,8.4466,74.3585,2.0717
2000-04-04,44001,Bristol,16.4678,9.1448,74.6517,6.3254
2000-04-05,44001,Bristol,11.7253,3.0744,48.1552,6.7315
2000-04-06,44001,Bristol,12.658,0.8053,60.4944,4.4413
2000-04-07,44001,Bristol,15.2957,4.8445,51.1385,3.2883
2000-04-08,44001,Bristol,19.6617,4.8026,69.2562,6.0788
2000-04-09,44001,Bristol,12.1394,1.2522,69.5605,8.0618
2000-04-10,44001,Bristol,11.1706,0.4821,42.2065,5.9906
2000-04-11,44001,Bristol,9.7928,-0.0457,56.9062,2.2448
2000-04-12,44001,Bristol,13.5466,1.4747,53.7748,4.2096
2000-04-13,44001,Bristol,9.4629,-1.4481,38.7907,3.0687
2000-04-14,44001,Bristol,11.6957,-0.0965,54.36,3.8602
2000-04-15,44001,Bristol,19.4616,3.7758,70.8716,4.3378
2000-04-16,44001,Bristol,22.5044,10.4388,60.5449,2.4302
2000-04-17,44001,Bristol,11.047,3.7555,55.7498,5.2347
2000-04-18,44001,Bristol,7.5687,3.8543,71.1422,6.884
2000-04-19,44001,Bristol,8.7174,5.0179,73.7309,6.6685
2000-04-20,44001,Bristol,15.5392,4.3118,62.8395,3.2498
2000-04-21,44001,Bristol,9.1658,6.4244,75.9558,5.0447
2000-04-22,44001,Bristol,14.558,6.5013,76.9356,3.5172
2000-04-23,44001,Bristol,12.8596,7.7492,73.7019,3.7702
2000-04-24,44001,Bristol,13.1451,6.3744,56.8267,4.1778
2000-04-25,44001,Bristol,10.8673,3.7666,57.0185,5.3811
2000-04-26,44001,Bristol,6.3658,2.6666,68.7073,6.7239
2000-04-27,44001,Bristol,10.4739,1.1429,65.105,2.4599
2000-04-28,44001,Bristol,13.1879,4.7086,65.2061,2.7148
2000-04-29,44001,Bristol,16.6343,5.3773,51.5206,2.1802
2000-04-30,44001,Bristol,16.0598,3.7523,44.8812,3.9076
2000-05-01,44001,Bristol,17.0962,2.3832,46.795,3.9641
2000-05-02,44001,Bristol,18.1193,8.0351,58.0234,2.9331
2000-05-03,44001,Bristol,17.1194,4.3224,47.1048,2.2773
2000-05-04,44001,Bristol,18.8566,4.0254,61.7886,4.286
2000-05-05,44001,Bristol,26.1329,9.1345,60.3334,3.4424
2000-05-06,44001,Bristol,23.6952,13.454,57.4466,2.1982
2000-05-07,44001,Bristol,30.4817,11.071,55.0301,3.6914
2000-05-08,44001,Bristol,30.4382,16.7786,54.0756,2.5479
2000-05-09,44001,Bristol,29.7444,15.2414,59.136,4.4278
2000-05-10,44001,Bristol,16.2337,10.0627,69.3673,4.4622
2000-05-11,44001,Bristol,20.4454,9.4504,59.7489,2.2587
2000-05-12,44001,Bristol,18.9316,10.2436,64.4628,1.9284
2000-05-13,44001,Bristol,20.3791,10.836,70.0938,2.7498
2000-05-14,44001,Bristol,23.2975,11.1359,52.6409,2.9109
2000-05-15,44001,Bristol,17.2361,6.706,48.867,3.5432
2000-05-16,44001,Bristol,19.6596,4.5743,48.0268,2.7892
2000-05-17,44001,Bristol,21.0706,7.9572,54.703,2.64
2000-05-18,44001,Bristol,20.9013,9.8762,77.6364,6.7482
2000-05-19,44001,Bristol,16.4058,6.7081,69.299,5.6047
2000-05-20,44001,Bristol,13.7833,6.3846,71.3689,3.1142
2000-05-21,44001,Bristol,14.7816,8.8883,72.2056,1.9934
2000-05-22,44001,Bristol,15.7459,10.0279,71.2912,2.1942
2000-05-23,44001,Bristol,19.2289,9.8,66.4767,2.7896
2000-05-24,44001,Bristol,23.0654,10.7075,70.2997,3.1923
2000-05-25,44001,Bristol,24.5667,11.9455,57.4983,3.7908
2000-05-26,44001,Bristol,21.7644,9.595,56.4096,3.94
2000-05-27,44001,Bristol,21.4842,10.8885,57.8005,3.287
2000-05-28,44001,Bristol,18.8219,11.4049,58.4698,2.5227
2000-05-29,44001,Bristol,16.5705,7.6779,64.5363,4.3555
2000-05-30,44001,Bristol,17.6382,6.4392,64.763,3.4285
2000-05-31,44001,Bristol,20.6999,6.535,68.0143,2.2428
2000-06-01,44001,Bristol,27.6649,10.9434,64.481,2.8616
2000-06-02,44001,Bristol,26.6129,16.0154,65.3637,3.1159
2000-06-03,44001,Bristol,22.5269,13.6036,58.4607,3.2082
2000-06-04,44001,Bristol,22.8882,10.2352,54.5953,1.8934
2000-06-05,44001,Bristol,18.8395,11.7869,64.4496,3.6992
2000-06-06,44001,Bristol,15.3669,10.057,78.1583,7.3234
2000-06-07,44001,Bristol,20.9505,8.6894,58.717,4.6523
2000-06-08,44001,Bristol,23.1753,9.5692,64.5493,3.6837
2000-06-09,44001,Bristol,28.6288,14.7619,67.5254,4.1604
2000-06-10,44001,Bristol,30.7858,16.9866,65.3902,4.015
2000-06-11,44001,Bristol,27.9675,13.7938,69.7488,2.4909
2000-06-12,44001,Bristol,16.7681,11.7541,73.2481,4.0567
2000-06-13,44001,Bristol,16.8986,11.1131,68.4501,3.5158
2000-06-14,44001,Bristol,15.1759,11.0489,75.7525,3.248
2000-06-15,44001,Bristol,24.2026,13.1135,73.8381,3.31
2000-06-16,44001,Bristol,29.431,16.4759,73.269,4.4077
2000-06-17,44001,Bristol,30.8578,18.8453,70.8429,4.42
2000-06-18,44001,Bristol,24.7446,17.1977,64.1282,1.949
2000-06-19,44001,Bristol,23.2715,15.256,70.9185,1.6729
2000-06-20,44001,Bristol,27.2759,13.4995,57.4467,2.0911
2000-06-21,44001,Bristol,26.371,14.7342,67.1669,4.9066
2000-06-22,44001,Bristol,29.083,18.5789,70.7171,4.7762
2000-06-23,44001,Bristol,27.7747,18.1242,59.6486,2.6185
2000-06-24,44001,Bristol,27.3694,16.3913,58.1816,2.0192
2000-06-25,44001,Bristol,29.0104,15.4997,74.0594,4.4785
2000-06-26,44001,Bristol,29.5292,18.9131,74.5695,4.1945
2000-06-27,44001,Bristol,31.1129,21.001,69.5585,4.2869
2000-06-28,44001,Bristol,28.0201,19.4548,57.5719,1.995
2000-06-29,44001,Bristol,24.2792,16.2105,69.9754,1.4147
2000-06-30,44001,Bristol,25.2817,14.7382,67.3635,2.9112
2000-07-01,44001,Bristol,26.5909,15.6017,58.2174,1.564
2000-07-02,44001,Bristol,28.3395,15.1271,63.3912,2.3221
2000-07-03,44001,Bristol,28.8962,16.2456,69.9984,3.6859
2000-07-04,44001,Bristol,26.2572,20.0163,77.2385,3.6834
2000-07-05,44001,Bristol,27.7953,16.2093,61.1796,2.8749
2000-07-06,44001,Bristol,23.7211,11.7684,61.7775,1.5418
2000-07-07,44001,Bristol,23.4986,14.7971,59.2687,2.2482
2000-07-08,44001,Bristol,24.1521,10.7569,57.4967,3.2625
2000-07-09,44001,Bristol,25.248,13.6687,66.31,3.7768
2000-07-10,44001,Bristol,30.6382,19.7437,64.4154,4.148
2000-07-11,44001,Bristol,26.7382,15.9873,54.055,2.74
2000-07-12,44001,Bristol,26.8808,13.3845,54.1877,2.2942
2000-07-13,44001,Bristol,28.6779,15.0847,56.8632,2.7113
2000-07-14,44001,Bristol,26.9683,16.3765,65.5809,3.2827
2000-07-15,44001,Bristol,24.8256,18.3493,75.0613,5.2243
2000-07-16,44001,Bristol,27.0573,19.236,69.5458,2.4913
2000-07-17,44001,Bristol,27.1195,17.4872,70.9532,1.889
2000-07-18,44001,Bristol,27.7462,17.861,70.0176,3.9699
2000-07-19,44001,Bristol,23.8351,14.1835,64.2989,2.7483
2000-07-20,44001,Bristol,23.6986,14.9971,60.039,2.029
2000-07-21,44001,Bristol,25.6997,12.2573,68.3346,3.1954
2000-07-22,44001,Bristol,26.5706,17.706,65.4748,3.1157
2000-07-23,44001,Bristol,26.2351,14.6035,58.4528,2.4533
2000-07-24,44001,Bristol,26.3948,18.1688,60.8511,1.8921
2000-07-25,44001,Bristol,24.5727,17.2175,67.5384,3.0057
2000-07-26,44001,Bristol,21.7351,17.2583,80.9295,2.9489
2000-07-27,44001,Bristol,25.7141,19.0408,76.5386,2.0791
2000-07-28,44001,Bristol,23.3915,18.2751,75.2493,1.1206
2000-07-29,44001,Bristol,25.3791,18.7164,72.6575,1.2611
2000-07-30,44001,Bristol,25.1556,18.8523,74.324,1.6372
2000-07-31,44001,Bristol,22.0484,18.5463,80.1321,2.9381
2000-08-01,44001,Bristol,24.0212,16.1127,85.1053,1.6228
2000-08-02,44001,Bristol,28.4566,20.1291,77.7801,3.1658
2000-08-03,44001,Bristol,28.6514,21.9561,76.9503,4.8574
2000-08-04,44001,Bristol,27.64,19.2557,69.4771,2.6085
2000-08-05,44001,Bristol,26.6968,16.6721,62.7305,1.7495
2000-08-06,44001,Bristol,22.9909,18.301,76.5754,2.2983
2000-08-07,44001,Bristol,29.2488,20.2552,78.8067,5.1655
2000-08-08,44001,Bristol,31.7404,21.2791,67.3943,3.1874
2000-08-09,44001,Bristol,30.43,19.8633,76.4363,3.5849
2000-08-10,44001,Bristol,29.6123,21.4671,67.1846,2.4433
2000-08-11,44001,Bristol,27.926,18.6684,70.5196,2.8603
2000-08-12,44001,Bristol,24.5144,15.3881,72.6168,5.0833
2000-08-13,44001,Bristol,21.7309,14.5519,79.398,5.1688
2000-08-14,44001,Bristol,23.9841,13.3097,83.3206,3.9033
2000-08-15,44001,Bristol,25.3431,16.5208,78.5658,1.8699
2000-08-16,44001,Bristol,27.8382,17.8184,70.0115,4.0432
2000-08-17,44001,Bristol,23.9441,14.3992,61.2372,2.9993
2000-08-18,44001,Bristol,24.1968,14.5018,69.4756,1.5602
2000-08-19,44001,Bristol,25.1097,14.9072,66.7127,1.9669
2000-08-20,44001,Bristol,21.884,12.3098,58.7263,3.0981
2000-08-21,44001,Bristol,23.7049,10.391,59.6971,2.055
2000-08-22,44001,Bristol,24.0552,13.1099,61.712,1.9911
2000-08-23,44001,Bristol,23.947,13.7954,74.7005,3.625
2000-08-24,44001,Bristol,26.8451,17.4339,71.7443,2.1603
2000-08-25,44001,Bristol,26.8268,17.0581,62.6566,1.6727
2000-08-26,44001,Bristol,27.5001,15.1492,61.9808,2.0102
2000-08-27,44001,Bristol,28.2215,15.4147,70.6924,3.2103
2000-08-28,44001,Bristol,25.9593,17.62,70.7937,2.2155
2000-08-29,44001,Bristol,25.3108,14.6687,61.3236,2.7868
2000-08-30,44001,Bristol,25.1727,14.4389,82.2209,1.6012
2000-08-31,44001,Bristol,29.9069,19.4673,70.7355,2.3911
2000-09-01,44001,Bristol,30.0275,18.8673,75.2872,3.2745
2000-09-02,44001,Bristol,27.343,20.4969,78.5486,2.3374
2000-09-03,44001,Bristol,26.5393,19.1969,79.6428,1.5951
2000-09-04,44001,Bristol,26.8922,15.071,77.1873,3.1103
2000-09-05,44001,Bristol,17.427,7.1821,60.4293,4.5279
2000-09-06,44001,Bristol,19.1381,6.0699,59.9959,2.5499
2000-09-07,44001,Bristol,21.677,8.8592,60.0232,2.7672
2000-09-08,44001,Bristol,25.5087,10.7751,69.8416,4.8695
2000-09-09,44001,Bristol,27.86,17.2637,69.1485,2.669
2000-09-10,44001,Bristol,26.2381,13.9809,65.316,2.2158
2000-09-11,44001,Bristol,25.4822,13.317,67.3962,2.2674
2000-09-12,44001,Bristol,25.5069,12.6691,84.4891,4.5771
2000-09-13,44001,Bristol,28.0172,18.387,68.505,2.9291
2000-09-14,44001,Bristol,25.5034,13.8286,66.7974,2.9513
2000-09-15,44001,Bristol,22.3079,13.6393,82.7757,3.6934
2000-09-16,44001,Bristol,19.4906,9.4015,62.0293,3.9045
2000-09-17,44001,Bristol,19.6205,7.4109,66.5622,4.9297
2000-09-18,44001,Bristol,24.0312,11.6097,66.3284,3.8223
2000-09-19,44001,Bristol,23.7754,13.8695,76.6039,2.7476
2000-09-20,44001,Bristol,26.6442,15.8313,74.6905,3.3985
2000-09-21,44001,Bristol,25.7619,14.1518,64.5867,4.7448
2000-09-22,44001,Bristol,19.5953,10.4884,59.9846,3.438
2000-09-23,44001,Bristol,20.2489,9.5952,84.1971,3.6102
2000-09-24,44001,Bristol,25.1659,14.8006,77.5579,3.451
2000-09-25,44001,Bristol,17.3865,9.6283,65.5077,3.0336
2000-09-26,44001,Bristol,13.2279,10.4371,84.6684,6.2916
2000-09-27,44001,Bristol,19.2364,8.4464,64.3509,3.0827
2000-09-28,44001,Bristol,19.2496,9.4198,63.094,3.9599
2000-09-29,44001,Bristol,13.3747,5.3574,57.1991,2.8039
2000-09-30,44001,Bristol,17.0171,4.548,66.4586,2.9239
2000-10-01,44001,Bristol,21.06,6.9509,65.6103,2.0711
2000-10-02,44001,Bristol,23.0132,10.3634,63.6083,1.9363
2000-10-03,44001,Bristol,25.4542,10.0413,66.5912,3.3233
2000-10-04,44001,Bristol,21.2855,10.6667,66.8439,2.026
2000-10-05,44001,Bristol,19.5777,13.2602,70.177,2.8793
2000-10-06,44001,Bristol,24.5826,14.6285,77.1314,2.3229
2000-10-07,44001,Bristol,17.0933,10.6164,64.4279,2.5207
2000-10-08,44001,Bristol,13.63,4.8303,54.8844,3.7401
2000-10-09,44001,Bristol,9.8604,4.4458,70.5509,4.7716
2000-10-10,44001,Bristol,9.1086,4.0092,61.4342,5.3564
2000-10-11,44001,Bristol,17.9966,4.8331,56.5231,5.0827
2000-10-12,44001,Bristol,19.4076,4.3727,56.0125,3.1938
2000-10-13,44001,Bristol,22.8582,6.4558,51.9768,3.3838
2000-10-14,44001,Bristol,24.9535,10.2602,52.6912,3.5667
2000-10-15,44001,Bristol,25.0733,10.8328,51.9537,3.0907
2000-10-16,44001,Bristol,13.1478,7.6662,77.6807,4.7534
2000-10-17,44001,Bristol,14.9684,8.168,73.7238,3.7124
2000-10-18,44001,Bristol,16.0556,10.6442,87.3304,3.2168
2000-10-19,44001,Bristol,17.3018,7.467,67.1628,4.8038
2000-10-20,44001,Bristol,17.7761,5.0018,58.0986,3.2342
2000-10-21,44001,Bristol,20.8118,7.9369,68.8734,4.2024
2000-10-22,44001,Bristol,12.5696,3.2114,59.0165,4.8904
2000-10-23,44001,Bristol,13.7394,1.9037,61.6743,1.9715
2000-10-24,44001,Bristol,16.2756,4.535,69.1543,3.3408
2000-10-25,44001,Bristol,20.6819,8.3778,60.4176,1.4968
2000-10-26,44001,Bristol,20.9949,8.7084,63.4419,1.6925
2000-10-27,44001,Bristol,22.2073,9.0838,64.6995,1.4854
2000-10-28,44001,Bristol,16.6556,1.7901,56.5159,6.6728
2000-10-29,44001,Bristol,5.4733,-0.7787,56.081,6.2063
2000-10-30,44001,Bristol,6.4585,0.2303,74.8002,5.0309
2000-10-31,44001,Bristol,8.3724,2.9015,88.2205,5.8867
2000-11-01,44001,Bristol,11.8244,3.7716,68.4311,6.3128
2000-11-02,44001,Bristol,15.6151,5.7782,61.2896,5.1684
2000-11-03,44001,Bristol,17.2087,5.7356,50.3528,3.0175
2000-11-04,44001,Bristol,17.5146,6.1261,55.5238,1.1441
2000-11-05,44001,Bristol,12.3008,5.8023,70.1718,4.196
2000-11-06,44001,Bristol,10.2671,3.8159,66.323,5.1139
2000-11-07,44001,Bristol,14.3133,3.9875,64.1426,3.7464
2000-11-08,44001,Bristol,15.8853,7.8069,64.4221,1.9701
2000-11-09,44001,Bristol,16.4054,6.9491,66.6513,1.4128
2000-11-10,44001,Bristol,13.6184,8.6446,83.906,3.6928
2000-11-11,44001,Bristol,11.8518,8.0934,83.336,5.1679
2000-11-12,44001,Bristol,12.3229,6.8622,72.5914,4.1981
2000-11-13,44001,Bristol,12.7879,6.3704,68.4433,1.704
2000-11-14,44001,Bristol,13.0229,6.1417,85.2021,2.8089
2000-11-15,44001,Bristol,11.0207,1.9527,60.5976,6.3685
2000-11-16,44001,Bristol,9.0447,-0.1857,68.247,5.2231
2000-11-17,44001,Bristol,12.3642,2.777,62.2582,5.8284
2000-11-18,44001,Bristol,7.2229,-0.2977,56.3394,4.864
2000-11-19,44001,Bristol,7.1417,1.1306,51.4599,2.2156
2000-11-20,44001,Bristol,8.0495,0.3184,58.4504,2.8885
2000-11-21,44001,Bristol,6.0228,-1.4993,58.1058,5.375
2000-11-22,44001,Bristol,2.6429,-3.1325,50.3751,6.7717
2000-11-23,44001,Bristol,1.9211,-5.3566,46.2936,5.2257
2000-11-24,44001,Bristol,-0.1192,-7.7054,42.581,3.4929
2000-11-25,44001,Bristol,3.1236,-5.3989,52.9332,1.6537
2000-11-26,44001,Bristol,9.7858,-1.0463,92.98,4.7868
2000-11-27,44001,Bristol,11.0706,5.5135,77.8734,5.0049
2000-11-28,44001,Bristol,10.9284,3.7166,67.5202,3.3898
2000-11-29,44001,Bristol,9.6136,2.9052,63.4133,3.0857
2000-11-30,44001,Bristol,7.2262,0.2983,75.1847,4.4788
2000-12-01,44001,Bristol,5.082,-2.3362,53.789,4.6532
2000-12-02,44001,Bristol,1.4022,-6.083,41.3614,4.9588
2000-12-03,44001,Bristol,0.4709,-6.6469,43.811,3.0344
2000-12-04,44001,Bristol,5.4894,-7.5551,40.3102,2.1167
2000-12-05,44001,Bristol,8.9938,-3.5275,51.7341,4.8602
2000-12-06,44001,Bristol,1.3963,-5.7764,35.7166,5.3911
2000-12-07,44001,Bristol,1.9163,-4.7141,39.3215,5.6556
2000-12-08,44001,Bristol,-1.645,-5.9739,52.376,3.488
2000-12-09,44001,Bristol,-1.9089,-8.3568,53.0352,4.4502
2000-12-10,44001,Bristol,3.0519,-8.3834,59.3037,2.6436
2000-12-11,44001,Bristol,7.0612,0.2133,70.6996,1.789
2000-12-12,44001,Bristol,12.0037,-4.7129,55.1831,8.7112
2000-12-13,44001,Bristol,0.0218,-7.417,38.8574,2.932
2000-12-14,44001,Bristol,7.3229,-2.7679,72.7028,5.4209
2000-12-15,44001,Bristol,2.1971,-4.6391,61.3257,3.5217
2000-12-16,44001,Bristol,6.7346,-2.5006,71.8566,4.8948
2000-12-17,44001,Bristol,14.7665,4.31,75.2485,9.3461
2000-12-18,44001,Bristol,7.134,-2.8182,47.8406,7.395
2000-12-19,44001,Bristol,6.4849,-2.8502,60.2466,2.7865
2000-12-20,44001,Bristol,4.4159,-5.4129,62.7042,6.3508
2000-12-21,44001,Bristol,1.4694,-5.899,64.3758,2.6127
2000-12-22,44001,Bristol,2.5598,-4.097,67.859,3.6555
2000-12-23,44001,Bristol,-1.5044,-7.8584,52.3139,6.1251
2000-12-24,44001,Bristol,1.221,-7.4269,64.4488,3.3997
2000-12-25,44001,Bristol,-1.1649,-13.0862,48.4493,8.3936
2000-12-26,44001,Bristol,-4.0619,-13.3158,60.6933,8.489
2000-12-27,44001,Bristol,-0.9912,-9.3242,63.084,6.8457
2000-12-28,44001,Bristol,-3.9005,-9.3973,94.5296,6.228
2000-12-29,44001,Bristol,-0.8085,-10.244,64.8788,2.6622
2000-12-30,44001,Bristol,3.1426,-6.3302,77.0376,5.7548
2000-12-31,44001,Bristol,4.5509,-5.042,56.3077,9.0933
2001-01-01,44001,Bristol,0.8103,-7.7152,61.1333,5.2152
2001-01-02,44001,Bristol,0.5103,-9.5636,58.8485,4.1292
2001-01-03,44001,Bristol,0.6874,-10.8495,60.1606,3.2949
2001-01-04,44001,Bristol,1.2734,-7.528,63.2374,4.267
2001-01-05,44001,Bristol,3.5446,-6.6018,70.4044,2.9881
2001-01-06,44001,Bristol,4.3757,-1.4377,75.9686,4.2577
2001-01-07,44001,Bristol,3.3885,-3.7749,67.5177,3.5077
2001-01-08,44001,Bristol,5.0505,-3.0237,71.9852,3.3734
2001-01-09,44001,Bristol,3.6062,-4.2451,73.9959,4.8415
2001-01-10,44001,Bristol,-1.3204,-8.7958,56.0758,6.2248
2001-01-11,44001,Bristol,3.9627,-8.5991,71.0037,5.2952
2001-01-12,44001,Bristol,0.4888,-8.6851,61.596,3.9896
2001-01-13,44001,Bristol,2.445,-8.7023,59.4184,2.0985
2001-01-14,44001,Bristol,4.9982,-4.2065,67.8614,2.561
2001-01-15,44001,Bristol,4.4856,-0.4455,74.8872,2.9763
2001-01-16,44001,Bristol,4.2528,-0.7458,74.682,3.6635
2001-01-17,44001,Bristol,4.9782,-1.0861,64.9916,3.8837
2001-01-18,44001,Bristol,3.1679,-2.281,56.1489,1.9701
2001-01-19,44001,Bristol,4.7447,-0.2049,76.415,2.7422
2001-01-20,44001,Bristol,3.9122,-1.3422,71.5946,6.0181
2001-01-21,44001,Bristol,2.0158,-8.0068,68.6013,6.5929
2001-01-22,44001,Bristol,1.3885,-9.4611,60.8034,2.5606
2001-01-23,44001,Bristol,3.9778,-6.7233,65.9943,1.8864
2001-01-24,44001,Bristol,3.9619,-5.4119,65.3002,2.6138
2001-01-25,44001,Bristol,4.0291,-4.2406,62.9783,3.0883
2001-01-26,44001,Bristol,1.9073,-6.8787,61.024,2.992
2001-01-27,44001,Bristol,4.1073,-5.9823,76.2198,4.4491
2001-01-28,44001,Bristol,2.2966,-6.3086,63.6016,5.7015
2001-01-29,44001,Bristol,2.1587,-8.4307,63.0533,3.6293
2001-01-30,44001,Bristol,5.8427,-4.4355,80.0527,4.8447
2001-01-31,44001,Bristol,10.203,1.2309,63.3203,3.0398
2001-02-01,44001,Bristol,8.7067,0.2154,51.8149,3.3279
2001-02-02,44001,Bristol,7.1783,1.017,50.7769,1.4511
2001-02-03,44001,Bristol,4.2678,-5.2568,46.4302,5.8364
2001-02-04,44001,Bristol,3.1555,-6.2463,50.5878,2.1165
2001-02-05,44001,Bristol,5.0284,-0.7618,64.3939,5.5151
2001-02-06,44001,Bristol,6.2493,1.0836,58.8638,6.9062
2001-02-07,44001,Bristol,4.9554,-2.0592,56.7349,4.9809
2001-02-08,44001,Bristol,4.7717,-3.3178,56.6598,2.5463
2001-02-09,44001,Bristol,6.3834,1.2325,65.7913,3.6293
2001-02-10,44001,Bristol,13.2448,-3.9799,45.6931,8.2216
2001-02-11,44001,Bristol,-1.9088,-13.8895,43.0275,7.6912
2001-02-12,44001,Bristol,-0.5507,-17.9495,51.8454,2.9845
2001-02-13,44001,Bristol,4.7088,-4.777,62.8356,2.7611
2001-02-14,44001,Bristol,5.2415,-3.7865,67.1265,3.0476
2001-02-15,44001,Bristol,6.0195,-3.3969,59.8056,3.6749
2001-02-16,44001,Bristol,4.9273,-3.6275,62.4358,1.5849
2001-02-17,44001,Bristol,4.7366,-7.0699,57.1065,6.3602
2001-02-18,44001,Bristol,-0.2507,-10.7774,48.7594,4.9911
2001-02-19,44001,Bristol,4.0857,-8.4073,59.7531,5.1933
2001-02-20,44001,Bristol,5.4243,0.9193,63.7683,3.9421
2001-02-21,44001,Bristol,9.7403,-6.5704,43.1937,5.9637
2001-02-22,44001,Bristol,-1.4056,-8.7675,48.6557,3.4095
2001-02-23,44001,Bristol,3.3869,-3.3618,59.0406,5.2231
2001-02-24,44001,Bristol,1.4644,-5.6546,46.4085,4.4253
2001-02-25,44001,Bristol,5.4111,-3.504,67.1127,5.0806
2001-02-26,44001,Bristol,7.4104,-1.3813,56.1499,5.7281
2001-02-27,44001,Bristol,5.1351,-4.2833,54.8007,4.1513
2001-02-28,44001,Bristol,2.0314,-6.204,47.9669,4.568
2001-03-01,44001,Bristol,-0.8023,-6.3666,60.472,4.183
2001-03-02,44001,Bristol,1.2072,-3.9955,70.1563,1.1193
2001-03-03,44001,Bristol,2.4993,-1.6834,71.1624,2.6996
2001-03-04,44001,Bristol,1.7195,-2.9294,64.6294,5.3342
2001-03-05,44001,Bristol,3.2304,-2.5294,81.962,8.3385
2001-03-06,44001,Bristol,3.7589,-0.442,75.244,9.2556
2001-03-07,44001,Bristol,2.0559,-2.6294,70.8708,6.485
2001-03-08,44001,Bristol,3.5307,-2.3543,64.1244,1.5814
2001-03-09,44001,Bristol,3.9064,-0.9719,78.7196,3.0717
2001-03-10,44001,Bristol,4.6748,-1.2498,68.9114,6.0157
2001-03-11,44001,Bristol,7.6748,-1.9372,59.8475,5.6758
2001-03-12,44001,Bristol,3.0302,-5.7141,60.7499,3.1572
2001-03-13,44001,Bristol,7.6815,-2.0141,77.1462,4.1456
2001-03-14,44001,Bristol,7.3732,-0.5727,63.0502,5.3587
2001-03-15,44001,Bristol,10.2668,-0.1395,56.2136,3.6198
2001-03-16,44001,Bristol,11.3007,0.487,50.5421,1.4994
2001-03-17,44001,Bristol,8.3876,2.2048,56.3995,1.9552
2001-03-18,44001,Bristol,9.4232,0.969,54.9893,3.695
2001-03-19,44001,Bristol,10.1228,-0.8962,48.9284,3.8177
2001-03-20,44001,Bristol,12.1849,-0.0924,48.5358,1.9004
2001-03-21,44001,Bristol,9.8288,0.4817,76.3961,6.2264
2001-03-22,44001,Bristol,12.3126,4.1616,77.364,5.8125
2001-03-23,44001,Bristol,8.2371,1.6895,58.9844,6.8822
2001-03-24,44001,Bristol,11.6886,0.0005,54.2271,6.1702
2001-03-25,44001,Bristol,7.2748,-1.042,45.3887,4.3755
2001-03-26,44001,Bristol,4.9687,-1.2183,50.9345,2.0717
2001-03-27,44001,Bristol,4.1528,-2.9514,53.1881,5.2384
2001-03-28,44001,Bristol,7.9695,-1.1432,51.3554,3.8508
2001-03-29,44001,Bristol,8.4384,0.7817,59.5769,2.5886
2001-03-30,44001,Bristol,7.0989,1.7543,74.7438,5.1319
2001-03-31,44001,Bristol,8.889,1.4459,62.0913,2.7115
2001-04-01,44001,Bristol,5.8461,0.4663,59.729,4.476
2001-04-02,44001,Bristol,6.1937,-0.0782,56.4416,4.4939
2001-04-03,44001,Bristol,9.557,0.127,48.3233,3.1762
2001-04-04,44001,Bristol,12.3748,2.6689,44.7384,1.595
2001-04-05,44001,Bristol,15.5684,0.6381,36.5262,2.4516
2001-04-06,44001,Bristol,14.0066,1.9455,61.0159,3.0736
2001-04-07,44001,Bristol,10.9779,2.3585,51.4077,4.5351
2001-04-08,44001,Bristol,10.4475,2.503,67.5857,3.2931
2001-04-09,44001,Bristol,22.7489,3.4857,51.0172,2.4293
2001-04-10,44001,Bristol,14.2782,7.4696,56.2031,2.4963
2001-04-11,44001,Bristol,13.8561,5.7488,52.0044,2.9192
2001-04-12,44001,Bristol,12.2084,5.4968,73.7117,3.6758
2001-04-13,44001,Bristol,20.3468,7.9747,51.6328,4.1831
2001-04-14,44001,Bristol,15.459,4.6101,36.2441,4.8832
2001-04-15,44001,Bristol,16.5461,1.3702,37.7144,2.1691
2001-04-16,44001,Bristol,14.2905,3.0802,46.2192,2.4822
2001-04-17,44001,Bristol,12.2359,2.7968,65.415,1.6172
2001-04-18,44001,Bristol,12.6684,2.7644,49.2828,5.1277
2001-04-19,44001,Bristol,10.2074,-0.0918,43.6455,3.6829
2001-04-20,44001,Bristol,17.728,0.7142,51.1274,3.6872
2001-04-21,44001,Bristol,18.3351,5.637,65.9278,3.0583
2001-04-22,44001,Bristol,25.8081,10.3832,54.4251,4.55
2001-04-23,44001,Bristol,22.2092,9.627,49.5171,2.6926
2001-04-24,44001,Bristol,24.957,9.1271,57.077,5.1194
2001-04-25,44001,Bristol,15.1403,5.8062,44.4737,2.984
2001-04-26,44001,Bristol,16.0364,2.8861,40.3487,3.3108
2001-04-27,44001,Bristol,19.1065,0.9046,45.8835,3.2515
2001-04-28,44001,Bristol,15.3176,4.9987,40.1688,3.2212
2001-04-29,44001,Bristol,16.3646,0.0873,36.8589,2.4781
2001-04-30,44001,Bristol,20.147,3.6832,45.8428,3.2342
2001-05-01,44001,Bristol,25.2309,10.4289,46.1753,2.3417
2001-05-02,44001,Bristol,31.282,10.9442,41.9944,3.0952
2001-05-03,44001,Bristol,32.2585,14.0578,44.1778,3.2822
2001-05-04,44001,Bristol,31.6363,15.0728,46.0405,3.2727
2001-05-05,44001,Bristol,20.9676,13.1339,55.0172,3.4082
2001-05-06,44001,Bristol,15.5282,4.3253,49.2106,4.6031
2001-05-07,44001,Bristol,17.4268,2.2696,42.1674,2.1317
2001-05-08,44001,Bristol,19.0119,2.1861,55.6306,2.8248
2001-05-09,44001,Bristol,21.3754,6.4123,52.3321,1.5292
2001-05-10,44001,Bristol,26.2897,8.1894,47.3164,1.6007
2001-05-11,44001,Bristol,28.3532,11.8143,43.9363,2.4237
2001-05-12,44001,Bristol,29.1418,13.243,56.5581,3.4628
2001-05-13,44001,Bristol,19.0016,11.1446,56.7092,4.0776
2001-05-14,44001,Bristol,19.1705,5.6409,45.4045,3.8925
2001-05-15,44001,Bristol,14.4815,6.4066,61.0559,4.6744
2001-05-16,44001,Bristol,14.9639,7.521,70.8313,4.9488
2001-05-17,44001,Bristol,18.1868,9.1722,59.9778,1.6755
2001-05-18,44001,Bristol,17.5956,11.2904,62.7086,3.1653
2001-05-19,44001,Bristol,24.5716,12.3378,58.2395,3.134
2001-05-20,44001,Bristol,18.9443,8.4192,58.9592,3.1396
2001-05-21,44001,Bristol,15.9691,7.9475,77.5491,3.5764
2001-05-22,44001,Bristol,17.0221,12.8475,76.1869,6.3319
2001-05-23,44001,Bristol,15.9282,10.4282,78.9217,5.8786
2001-05-24,44001,Bristol,19.9984,10.8102,70.2925,4.2466
2001-05-25,44001,Bristol,20.8332,10.5409,62.5584,3.7639
2001-05-26,44001,Bristol,19.2626,8.8894,79.9742,2.8704
2001-05-27,44001,Bristol,22.4887,14.3722,72.1,2.7148
2001-05-28,44001,Bristol,22.8775,14.1397,70.6082,3.3575
2001-05-29,44001,Bristol,23.0683,12.4962,64.1019,3.69
2001-05-30,44001,Bristol,18.0637,9.3566,55.9518,4.4933
2001-05-31,44001,Bristol,16.8481,8.8214,52.4993,4.9043
2001-06-01,44001,Bristol,19.7566,7.0616,58.6398,2.4308
2001-06-02,44001,Bristol,20.819,13.9778,76.7,4.1932
2001-06-03,44001,Bristol,24.7333,15.98,69.7199,3.4535
2001-06-04,44001,Bristol,22.5035,13.1548,61.3524,4.2079
2001-06-05,44001,Bristol,23.6341,12.9263,60.562,3.5578
2001-06-06,44001,Bristol,23.645,14.4486,55.8462,2.8714
2001-06-07,44001,Bristol,24.5562,12.0882,56.7216,1.8043
2001-06-08,44001,Bristol,26.2846,14.9899,46.5383,2.5041
2001-06-09,44001,Bristol,25.9872,11.9777,48.1483,2.2439
2001-06-10,44001,Bristol,26.5621,12.9662,51.6054,2.3411
2001-06-11,44001,Bristol,26.1581,15.107,64.3074,3.083
2001-06-12,44001,Bristol,27.7436,18.2399,63.3927,1.8398
2001-06-13,44001,Bristol,27.5223,16.7025,66.3928,1.7741
2001-06-14,44001,Bristol,29.6506,17.2996,67.2606,1.9815
2001-06-15,44001,Bristol,30.0382,19.6612,69.4488,3.2159
2001-06-16,44001,Bristol,30.6861,20.4635,68.2207,2.984
2001-06-17,44001,Bristol,24.5528,20.6663,74.2549,2.0243
2001-06-18,44001,Bristol,28.3263,18.2103,55.6913,2.5719
2001-06-19,44001,Bristol,29.1537,16.487,62.3115,3.6872
2001-06-20,44001,Bristol,29.9525,17.3245,67.8481,3.8323
2001-06-21,44001,Bristol,26.644,16.8908,63.235,3.0608
2001-06-22,44001,Bristol,26.5904,16.0697,73.7767,3.2401
2001-06-23,44001,Bristol,27.9891,20.2524,71.2023,3.9749
2001-06-24,44001,Bristol,26.7673,21.3357,71.8665,3.5737
2001-06-25,44001,Bristol,28.9485,20.4325,63.0247,1.6573
2001-06-26,44001,Bristol,30.1562,18.3788,60.8915,1.6458
2001-06-27,44001,Bristol,31.8005,19.0649,59.3482,3.2603
2001-06-28,44001,Bristol,31.5436,19.4272,54.4762,3.2644
2001-06-29,44001,Bristol,24.4403,14.8353,62.3625,2.9392
2001-06-30,44001,Bristol,31.6741,17.888,71.374,4.619
2001-07-01,44001,Bristol,29.4267,21.3843,70.1498,5.1324
2001-07-02,44001,Bristol,21.3943,11.5436,54.8042,4.8927
2001-07-03,44001,Bristol,22.5768,10.506,63.6468,3.137
2001-07-04,44001,Bristol,25.6475,15.7398,76.3014,3.3296
2001-07-05,44001,Bristol,28.3908,19.7466,70.5374,3.3366
2001-07-06,44001,Bristol,23.8058,12.5495,65.6761,3.3373
2001-07-07,44001,Bristol,24.6186,11.2166,63.1999,3.0891
2001-07-08,44001,Bristol,23.7448,15.6949,79.3222,3.3363
2001-07-09,44001,Bristol,27.7521,18.1295,71.5061,1.6353
2001-07-10,44001,Bristol,30.3166,18.1768,65.4067,2.8778
2001-07-11,44001,Bristol,26.643,17.4857,65.4751,2.3439
2001-07-12,44001,Bristol,24.0776,13.6281,61.9301,4.028
2001-07-13,44001,Bristol,24.67,11.7645,65.0121,3.3909
2001-07-14,44001,Bristol,25.5879,16.6342,61.6714,2.1915
2001-07-15,44001,Bristol,25.3463,16.3703,64.9046,1.3698
2001-07-16,44001,Bristol,26.7183,18.1272,61.5794,2.0722
2001-07-17,44001,Bristol,26.5877,17.6466,69.8167,1.9628
2001-07-18,44001,Bristol,25.792,15.8419,68.9916,2.7823
2001-07-19,44001,Bristol,24.0356,14.0152,67.2595,3.8996
2001-07-20,44001,Bristol,25.9556,12.317,59.6928,2.3491
2001-07-21,44001,Bristol,26.75,13.7137,61.8753,2.628
2001-07-22,44001,Bristol,28.0378,15.3461,63.2871,4.0093
2001-07-23,44001,Bristol,29.6396,14.7945,70.3783,4.402
2001-07-24,44001,Bristol,30.6409,19.8342,73.0275,5.9573
2001-07-25,44001,Bristol,33.7446,21.8624,65.6934,3.9139
2001-07-26,44001,Bristol,24.8916,13.784,79.1038,3.1966
2001-07-27,44001,Bristol,22.5908,11.3823,57.1185,2.7009
2001-07-28,44001,Bristol,25.019,14.5248,54.9036,2.106
2001-07-29,44001,Bristol,25.2745,14.6808,63.1761,2.2743
2001-07-30,44001,Bristol,25.1337,13.8071,60.0698,3.116
2001-07-31,44001,Bristol,26.2171,12.8945,54.5177,2.2601
2001-08-01,44001,Bristol,29.0631,14.9476,60.9864,1.6531
2001-08-02,44001,Bristol,30.3244,16.4107,65.7149,4.5762
2001-08-03,44001,Bristol,27.447,17.9444,76.2562,5.1132
2001-08-04,44001,Bristol,27.4645,20.4824,77.5331,2.5848
2001-08-05,44001,Bristol,28.4152,20.342,73.4004,2.1537
2001-08-06,44001,Bristol,31.2085,19.8118,72.4118,3.6654
2001-08-07,44001,Bristol,34.0015,21.5127,64.8871,3.9063
2001-08-08,44001,Bristol,33.4093,22.4853,64.2211,2.0473
2001-08-09,44001,Bristol,35.2819,21.4118,60.4455,3.6715
2001-08-10,44001,Bristol,33.3757,22.0199,72.8617,4.8036
2001-08-11,44001,Bristol,27.0093,21.4599,72.7649,2.3491
2001-08-12,44001,Bristol,25.1841,19.9851,81.7371,1.9047
2001-08-13,44001,Bristol,27.2203,19.0756,76.653,2.4631
2001-08-14,44001,Bristol,26.3568,18.6537,75.0777,2.176
2001-08-15,44001,Bristol,26.6297,16.8447,63.8836,2.1175
2001-08-16,44001,Bristol,27.5534,16.1753,62.7673,2.0841
2001-08-17,44001,Bristol,27.6362,17.0331,81.5365,4.2025
2001-08-18,44001,Bristol,28.9125,19.9566,66.5741,3.3573
2001-08-19,44001,Bristol,27.2982,18.9447,79.0647,2.1126
2001-08-20,44001,Bristol,27.4023,21.631,79.8079,2.6396
2001-08-21,44001,Bristol,27.6953,21.5558,76.3263,2.8557
2001-08-22,44001,Bristol,27.6871,20.1093,67.6945,2.7156
2001-08-23,44001,Bristol,28.6842,18.1632,69.1387,2.4483
2001-08-24,44001,Bristol,26.2764,15.8744,72.1324,2.9805
2001-08-25,44001,Bristol,25.4187,14.1554,62.1876,2.4992
2001-08-26,44001,Bristol,26.1724,14.7034,66.0207,2.503
2001-08-27,44001,Bristol,27.2027,16.8627,84.3197,4.1486
2001-08-28,44001,Bristol,28.4281,21.1336,74.5619,3.5345
2001-08-29,44001,Bristol,27.0125,18.0237,59.0885,2.0195
2001-08-30,44001,Bristol,26.4187,14.4037,71.1356,2.4846
2001-08-31,44001,Bristol,27.5336,19.0467,77.9634,4.3223
2001-09-01,44001,Bristol,27.6047,13.3976,70.5125,3.6689
2001-09-02,44001,Bristol,21.7266,9.3243,60.1725,2.0393
2001-09-03,44001,Bristol,24.5104,12.0868,66.6024,2.6407
2001-09-04,44001,Bristol,26.1546,13.4146,74.877,2.6926
2001-09-05,44001,Bristol,23.1037,15.1172,62.7694,3.3754
2001-09-06,44001,Bristol,24.0011,12.0847,54.1433,2.5025
2001-09-07,44001,Bristol,27.054,12.9839,64.3914,3.6039
2001-09-08,44001,Bristol,28.4868,16.3412,65.8065,4.5014
2001-09-09,44001,Bristol,28.6654,16.6146,67.4599,3.4332
2001-09-10,44001,Bristol,29.115,16.6463,73.4314,3.3369
2001-09-11,44001,Bristol,26.9913,12.4777,57.4756,3.1873
2001-09-12,44001,Bristol,24.3073,9.551,52.2651,2.0836
2001-09-13,44001,Bristol,28.1479,11.754,56.2128,2.4929
2001-09-14,44001,Bristol,15.9447,12.1077,82.4154,4.7493
2001-09-15,44001,Bristol,18.3926,9.9437,55.2482,2.9145
2001-09-16,44001,Bristol,21.8612,8.1573,52.5311,1.4653
2001-09-17,44001,Bristol,23.8897,10.232,53.2174,1.6597
2001-09-18,44001,Bristol,24.5182,11.1722,58.0197,1.0167
2001-09-19,44001,Bristol,22.8103,14.0543,67.4419,2.7931
2001-09-20,44001,Bristol,24.7588,13.6456,77.616,4.069
2001-09-21,44001,Bristol,22.3507,18.0654,86.3415,3.2619
2001-09-22,44001,Bristol,25.6746,18.3721,79.5465,2.9766
2001-09-23,44001,Bristol,25.8816,16.5899,69.1248,1.2448
2001-09-24,44001,Bristol,24.7507,15.7079,78.6728,2.7975
2001-09-25,44001,Bristol,22.989,17.7219,88.056,3.9583
2001-09-26,44001,Bristol,20.2956,10.5992,73.3957,4.3071
2001-09-27,44001,Bristol,18.6089,8.5448,65.0977,3.0427
2001-09-28,44001,Bristol,18.5513,12.6987,66.7629,2.1249
2001-09-29,44001,Bristol,15.2284,9.3924,77.2923,6.9293
2001-09-30,44001,Bristol,17.5761,8.6225,73.0616,7.7068
2001-10-01,44001,Bristol,14.9299,9.8418,78.351,5.6653
2001-10-02,44001,Bristol,22.3842,7.5379,58.6411,2.6546
2001-10-03,44001,Bristol,24.6885,10.8404,62.7572,3.3562
2001-10-04,44001,Bristol,26.5185,14.3599,60.961,4.3643
2001-10-05,44001,Bristol,25.7876,13.4894,63.1972,4.3855
2001-10-06,44001,Bristol,22.1031,8.1161,70.7363,6.1051
2001-10-07,44001,Bristol,13.1749,3.5418,50.8513,5.7127
2001-10-08,44001,Bristol,10.3901,1.0057,49.5199,6.3017
2001-10-09,44001,Bristol,13.8872,-1.0594,53.9588,3.3877
2001-10-10,44001,Bristol,19.6299,6.3238,58.2373,4.5233
2001-10-11,44001,Bristol,22.741,8.829,64.7589,3.7768
2001-10-12,44001,Bristol,24.1892,10.8805,59.6895,1.9925
2001-10-13,44001,Bristol,22.4464,10.0529,61.183,2.7476
2001-10-14,44001,Bristol,20.4483,8.9758,72.1383,2.643
2001-10-15,44001,Bristol,22.4078,10.1356,60.8752,3.4802
2001-10-16,44001,Bristol,19.9737,7.9046,62.7557,3.4874
2001-10-17,44001,Bristol,15.7196,8.3894,63.5507,7.1518
2001-10-18,44001,Bristol,12.8243,3.6965,48.1396,4.6157
2001-10-19,44001,Bristol,16.2623,2.9776,59.2797,4.0281
2001-10-20,44001,Bristol,19.7031,7.7488,61.9403,3.4297
2001-10-21,44001,Bristol,21.1641,8.4426,60.3562,4.205
2001-10-22,44001,Bristol,21.1007,11.4886,59.6791,1.56
2001-10-23,44001,Bristol,17.4167,9.2493,76.7655,4.1328
2001-10-24,44001,Bristol,24.538,14.6376,71.5928,3.548
2001-10-25,44001,Bristol,24.1605,11.1439,67.7514,5.1819
2001-10-26,44001,Bristol,14.5908,4.7374,45.5612,5.5314
2001-10-27,44001,Bristol,11.5196,3.5616,51.8729,4.8892
2001-10-28,44001,Bristol,9.3683,1.8997,53.1626,4.4342
2001-10-29,44001,Bristol,11.7819,-1.0861,55.3107,2.9129
2001-10-30,44001,Bristol,11.9275,0.3777,53.9614,4.6418
2001-10-31,44001,Bristol,12.1849,-0.7753,67.4814,3.2228
2001-11-01,44001,Bristol,20.4419,11.1579,66.2506,3.5681
2001-11-02,44001,Bristol,22.898,12.1232,70.6154,5.5574
2001-11-03,44001,Bristol,22.0231,11.4743,71.6819,3.2638
2001-11-04,44001,Bristol,15.2635,6.1051,57.8439,2.4699
2001-11-05,44001,Bristol,10.873,5.5341,65.0223,5.0431
2001-11-06,44001,Bristol,11.2886,3.1084,60.4773,6.4991
2001-11-07,44001,Bristol,17.1132,1.842,51.1968,5.8954
2001-11-08,44001,Bristol,12.4763,0.6725,60.7061,3.3995
2001-11-09,44001,Bristol,12.1287,0.8989,63.1573,5.6369
2001-11-10,44001,Bristol,11.9071,-0.2011,59.766,3.9643
2001-11-11,44001,Bristol,9.0763,-1.2215,54.1562,5.0984
2001-11-12,44001,Bristol,5.4318,-1.7248,49.7258,4.4301
2001-11-13,44001,Bristol,8.7575,-3.0388,51.1329,3.3595
2001-11-14,44001,Bristol,14.1478,2.128,68.6863,4.7627
2001-11-15,44001,Bristol,16.8341,7.5424,62.9891,3.4895
2001-11-16,44001,Bristol,21.164,9.1884,54.6461,4.3318
2001-11-17,44001,Bristol,9.0288,-0.0728,53.8809,3.5543
2001-11-18,44001,Bristol,13.6382,0.3166,60.0728,3.5682
2001-11-19,44001,Bristol,16.0214,5.316,67.7632,5.1711
2001-11-20,44001,Bristol,14.0808,2.8318,67.9856,5.0385
2001-11-21,44001,Bristol,7.0746,1.2006,51.9937,2.8426
2001-11-22,44001,Bristol,12.6616,0.7492,52.9394,2.3652
2001-11-23,44001,Bristol,13.2736,2.11,59.0504,2.4237
2001-11-24,44001,Bristol,14.3803,3.9768,76.7549,3.2916
2001-11-25,44001,Bristol,18.253,7.6362,74.6471,4.0062
2001-11-26,44001,Bristol,19.7727,9.1133,70.283,2.8373
2001-11-27,44001,Bristol,15.7213,5.6718,69.9225,1.8101
2001-11-28,44001,Bristol,17.1021,8.2373,62.8193,3.5083
2001-11-29,44001,Bristol,13.5992,7.1797,77.5619,4.7612
2001-11-30,44001,Bristol,19.8233,10.3528,80.5318,4.6627
2001-12-01,44001,Bristol,20.3171,7.8125,71.3141,3.9612
2001-12-02,44001,Bristol,12.446,2.5845,60.06,2.3526
2001-12-03,44001,Bristol,11.5456,0.6687,62.2373,3.0661
2001-12-04,44001,Bristol,14.6456,1.5647,61.791,2.3181
2001-12-05,44001,Bristol,17.2174,7.1929,67.6768,3.0552
2001-12-06,44001,Bristol,19.7261,8.4135,60.0107,4.7969
2001-12-07,44001,Bristol,15.0993,2.468,57.1854,3.1432
2001-12-08,44001,Bristol,5.5559,-1.9227,65.0817,3.6598
2001-12-09,44001,Bristol,4.9695,-3.8894,86.1064,5.117
2001-12-10,44001,Bristol,4.7948,-5.3821,78.8469,2.4458
2001-12-11,44001,Bristol,11.5565,0.6788,74.3863,2.9083
2001-12-12,44001,Bristol,8.5124,-0.5533,77.417,4.8114
2001-12-13,44001,Bristol,12.2799,3.5142,89.6693,3.3299
2001-12-14,44001,Bristol,12.7352,6.16,81.937,2.1958
2001-12-15,44001,Bristol,9.8129,-2.0581,74.9134,5.2267
2001-12-16,44001,Bristol,4.1092,-2.7559,45.0904,4.1472
2001-12-17,44001,Bristol,6.5629,-1.6973,75.2508,1.9174
2001-12-18,44001,Bristol,8.4159,0.2228,79.7938,5.4431
2001-12-19,44001,Bristol,8.1808,-0.5055,67.4423,4.259
2001-12-20,44001,Bristol,8.8623,0.8277,65.4978,4.5193
2001-12-21,44001,Bristol,3.6951,-2.1838,63.1529,6.9493
2001-12-22,44001,Bristol,2.1126,-3.8964,51.6449,4.9437
2001-12-23,44001,Bristol,4.9956,-3.8691,65.6185,2.4966
2001-12-24,44001,Bristol,10.8443,1.5647,83.9389,3.6293
2001-12-25,44001,Bristol,3.3253,-1.8392,56.861,3.3936
2001-12-26,44001,Bristol,3.7071,-2.4613,70.7956,2.4776
2001-12-27,44001,Bristol,0.5534,-2.9173,52.1424,5.6392
2001-12-28,44001,Bristol,2.4105,-3.5383,59.4507,5.3361
2001-12-29,44001,Bristol,3.5853,-2.9173,41.8821,5.5605
2001-12-30,44001,Bristol,0.3522,-4.9763,49.6384,6.7564
2001-12-31,44001,Bristol,0.374,-4.1537,41.7441,6.2103
2002-01-01,44001,Bristol,2.0157,-6.6433,44.2149,5.1878
2002-01-02,44001,Bristol,2.5238,-6.6323,52.2438,5.3259
2002-01-03,44001,Bristol,3.4416,-4.9409,53.1388,4.1085
2002-01-04,44001,Bristol,2.2798,-6.3153,45.4663,4.4159
2002-01-05,44001,Bristol,5.0258,-2.3566,53.6738,4.2879
2002-01-06,44001,Bristol,9.6538,-0.8776,62.6098,2.988
2002-01-07,44001,Bristol,7.1128,-1.161,74.3643,4.6404
2002-01-08,44001,Bristol,2.3825,-3.6636,69.2002,4.8573
2002-01-09,44001,Bristol,5.5607,-0.711,72.9353,6.5492
2002-01-10,44001,Bristol,8.0327,0.4309,66.1621,4.6817
2002-01-11,44001,Bristol,8.3197,0.0925,73.0336,3.2458
2002-01-12,44001,Bristol,6.742,-1.7285,66.8513,4.7832
2002-01-13,44001,Bristol,6.5024,-1.203,69.6042,7.2244
2002-01-14,44001,Bristol,4.2512,-3.1122,62.5556,4.7069
2002-01-15,44001,Bristol,8.0885,0.5544,69.7592,3.0264
2002-01-16,44001,Bristol,5.1493,-1.0444,60.0232,4.9297
2002-01-17,44001,Bristol,6.7505,-1.1964,66.4037,4.4061
2002-01-18,44001,Bristol,3.9906,-3.85,57.0005,5.0171
2002-01-19,44001,Bristol,3.1718,-4.4946,61.7374,3.2512
2002-01-20,44001,Bristol,2.8031,-3.275,71.7163,4.1283
2002-01-21,44001,Bristol,5.5903,-2.3596,73.1873,3.8604
2002-01-22,44001,Bristol,5.8548,-3.2348,64.2615,5.5257
2002-01-23,44001,Bristol,7.8803,-2.7865,74.9497,5.425
2002-01-24,44001,Bristol,10.588,1.3327,79.7805,3.422
2002-01-25,44001,Bristol,8.2079,-0.5669,59.8944,4.416
2002-01-26,44001,Bristol,10.295,-0.4615,55.1355,5.3833
2002-01-27,44001,Bristol,12.0434,1.0053,54.1489,2.4703
2002-01-28,44001,Bristol,13.6714,-0.1669,61.9636,3.4923
2002-01-29,44001,Bristol,16.9113,1.5865,59.6947,3.0125
2002-01-30,44001,Bristol,10.1212,2.8935,72.8596,2.6153
2002-01-31,44001,Bristol,5.348,-0.6557,67.8214,5.245
2002-02-01,44001,Bristol,10.8132,-0.413,61.742,4.9371
2002-02-02,44001,Bristol,6.6917,-10.7765,33.3699,6.5682
2002-02-03,44001,Bristol,3.5839,-12.0555,65.854,2.9352
2002-02-04,44001,Bristol,3.9747,-3.0003,62.733,4.0882
2002-02-05,44001,Bristol,0.8783,-5.9207,43.8467,6.6417
2002-02-06,44001,Bristol,2.4588,-6.1802,56.6915,4.3647
2002-02-07,44001,Bristol,5.3684,-3.4112,67.4938,1.7343
2002-02-08,44001,Bristol,6.1365,-2.3118,57.7082,4.0042
2002-02-09,44001,Bristol,3.6839,-4.0929,46.9931,3.4789
2002-02-10,44001,Bristol,8.4525,-3.9706,71.5496,5.9421
2002-02-11,44001,Bristol,9.1352,-6.5159,59.375,7.3109
2002-02-12,44001,Bristol,6.8372,-6.91,51.071,5.7643
2002-02-13,44001,Bristol,5.3038,-7.1679,47.2884,5.8323
2002-02-14,44001,Bristol,2.6635,-7.8495,48.8999,4.1888
2002-02-15,44001,Bristol,7.9381,-3.4603,62.8099,5.2083
2002-02-16,44001,Bristol,11.2957,0.1104,62.7013,2.4432
2002-02-17,44001,Bristol,6.4665,-0.3978,71.6374,3.2451
2002-02-18,44001,Bristol,6.0588,-2.9118,46.969,7.1834
2002-02-19,44001,Bristol,8.2057,-3.593,39.0655,2.7813
2002-02-20,44001,Bristol,11.778,-0.6725,62.0738,3.5743
2002-02-21,44001,Bristol,17.2045,4.6265,65.5288,3.6827
2002-02-22,44001,Bristol,10.1524,2.2088,53.9597,4.2534
2002-02-23,44001,Bristol,6.3717,-1.1941,51.1444,2.5602
2002-02-24,44001,Bristol,7.8174,-2.7552,51.0608,2.9372
2002-02-25,44001,Bristol,9.3967,-2.0671,59.6544,3.241
2002-02-26,44001,Bristol,14.511,-0.3382,66.8057,4.5507
2002-02-27,44001,Bristol,13.1996,-1.1645,68.8951,5.1992
2002-02-28,44001,Bristol,3.6615,-3.2377,41.2225,6.5296
2002-03-01,44001,Bristol,4.8964,-3.1894,43.9653,3.9443
2002-03-02,44001,Bristol,8.6644,-1.7614,56.7823,3.7588
2002-03-03,44001,Bristol,14.5876,3.5745,74.6445,7.384
2002-03-04,44001,Bristol,10.9653,-2.8218,34.5598,5.0905
2002-03-05,44001,Bristol,0.6665,-5.8201,30.7864,5.4592
2002-03-06,44001,Bristol,8.8992,-3.9459,61.2102,5.9406
2002-03-07,44001,Bristol,15.0747,0.8165,52.3026,2.1487
2002-03-08,44001,Bristol,13.7318,2.776,59.1522,2.7282
2002-03-09,44001,Bristol,17.7636,3.154,63.7945,4.7767
2002-03-10,44001,Bristol,11.4445,-2.5189,49.9123,8.4323
2002-03-11,44001,Bristol,3.9057,-4.8723,34.1786,5.3407
2002-03-12,44001,Bristol,8.8895,-2.5987,65.7618,3.5079
2002-03-13,44001,Bristol,10.3817,0.6572,76.0482,2.3204
2002-03-14,44001,Bristol,15.5337,5.1618,50.3424,2.5874
2002-03-15,44001,Bristol,14.5164,1.8572,68.099,3.9559
2002-03-16,44001,Bristol,15.4382,1.7265,67.0484,4.4291
2002-03-17,44001,Bristol,7.0214,-2.5107,48.5252,4.3636
2002-03-18,44001,Bristol,5.0619,0.2236,62.6252,4.6842
2002-03-19,44001,Bristol,7.2401,0.2668,62.3729,2.9261
2002-03-20,44001,Bristol,7.1135,-0.4193,71.0861,5.0615
2002-03-21,44001,Bristol,10.4869,0.6102,55.8839,4.6722
2002-03-22,44001,Bristol,5.4947,-6.4189,28.4992,7.5921
2002-03-23,44001,Bristol,4.5891,-5.2638,50.6158,7.7918
2002-03-24,44001,Bristol,9.7285,-0.8086,52.4524,3.9109
2002-03-25,44001,Bristol,6.1488,0.4445,56.8769,4.0325
2002-03-26,44001,Bristol,8.1346,0.3747,67.315,6.1416
2002-03-27,44001,Bristol,15.171,4.5073,66.8555,4.1169
2002-03-28,44001,Bristol,11.4868,0.7061,48.505,3.07
2002-03-29,44001,Bristol,12.9327,-0.5108,54.8489,3.5128
2002-03-30,44001,Bristol,17.4887,3.9246,66.4516,4.6908
2002-03-31,44001,Bristol,13.8645,6.8811,63.8669,1.4935
2002-04-01,44001,Bristol,15.6614,4.1048,57.1027,5.1097
2002-04-02,44001,Bristol,13.2311,0.3101,51.9461,4.7249
2002-04-03,44001,Bristol,20.1276,4.3753,63.209,6.0462
2002-04-04,44001,Bristol,10.1753,2.9154,42.6427,4.2434
2002-04-05,44001,Bristol,6.9664,1.039,46.6176,1.8473
2002-04-06,44001,Bristol,6.6358,-1.4233,47.4164,4.2373
2002-04-07,44001,Bristol,7.4308,-3.1654,40.6059,3.8129
2002-04-08,44001,Bristol,13.2468,2.0601,62.7006,5.1831
2002-04-09,44001,Bristol,17.1927,6.9953,71.9649,6.5276
2002-04-10,44001,Bristol,17.5931,7.8806,53.0657,2.9726
2002-04-11,44001,Bristol,12.9858,2.6388,51.0565,3.8112
2002-04-12,44001,Bristol,17.5959,1.4175,67.7457,3.7326
2002-04-13,44001,Bristol,20.0914,10.4114,67.8829,4.9536
2002-04-14,44001,Bristol,23.8767,10.8394,55.2264,4.1967
2002-04-15,44001,Bristol,24.5946,10.1722,58.1919,3.7926
2002-04-16,44001,Bristol,27.3687,9.3994,57.3879,3.0853
2002-04-17,44001,Bristol,33.1156,13.0689,44.8481,3.2811
2002-04-18,44001,Bristol,26.5107,11.8735,52.3551,2.7109
2002-04-19,44001,Bristol,22.8542,8.3294,64.0342,3.5899
2002-04-20,44001,Bristol,24.1748,10.9823,47.4852,2.2168
2002-04-21,44001,Bristol,12.6144,5.7083,43.8652,3.5154
2002-04-22,44001,Bristol,8.1287,2.5699,67.9839,4.9345
2002-04-23,44001,Bristol,10.2583,2.3046,52.752,3.5095
2002-04-24,44001,Bristol,13.7664,2.0953,47.0719,2.7536
2002-04-25,44001,Bristol,11.2217,2.2873,73.9598,5.0159
2002-04-26,44001,Bristol,11.5078,3.339,49.8351,5.7236
2002-04-27,44001,Bristol,14.5346,2.4232,45.9044,3.5719
2002-04-28,44001,Bristol,13.3682,4.9858,76.4341,3.8713
2002-04-29,44001,Bristol,10.5342,3.8549,68.9516,3.0307
2002-04-30,44001,Bristol,12.8003,4.6561,57.4996,3.9344
2002-05-01,44001,Bristol,17.599,6.1015,46.3643,4.2234
2002-05-02,44001,Bristol,14.9469,7.031,70.5202,3.0527
2002-05-03,44001,Bristol,15.3532,5.6613,50.4253,6.2151
2002-05-04,44001,Bristol,19.3836,3.6864,44.0369,3.9259
2002-05-05,44001,Bristol,19.6621,6.3753,49.8148,3.6869
2002-05-06,44001,Bristol,21.7784,6.5916,56.987,4.5486
2002-05-07,44001,Bristol,23.0419,10.6931,63.0183,4.2716
2002-05-08,44001,Bristol,20.6083,9.2483,51.9429,3.8378
2002-05-09,44001,Bristol,14.802,7.9575,64.915,3.6862
2002-05-10,44001,Bristol,24.8794,11.5654,47.7025,4.5218
2002-05-11,44001,Bristol,18.1444,7.0496,41.1959,3.5808
2002-05-12,44001,Bristol,13.2938,8.6573,64.8353,2.6852
2002-05-13,44001,Bristol,11.695,9.5274,70.2124,5.4833
2002-05-14,44001,Bristol,18.3897,9.2703,56.896,6.248
2002-05-15,44001,Bristol,16.2626,6.0274,47.0595,6.622
2002-05-16,44001,Bristol,22.1264,5.8617,57.3827,5.4136
2002-05-17,44001,Bristol,24.1444,13.5894,55.5441,4.0605
2002-05-18,44001,Bristol,16.1334,6.565,57.1522,5.8478
2002-05-19,44001,Bristol,13.8726,5.2289,49.9518,3.0055
2002-05-20,44001,Bristol,14.3704,6.0535,47.4183,2.5573
2002-05-21,44001,Bristol,16.2397,6.1241,48.2921,3.3162
2002-05-22,44001,Bristol,18.6815,5.5215,48.2151,2.6432
2002-05-23,44001,Bristol,20.5601,6.5483,52.9106,3.8824
2002-05-24,44001,Bristol,25.4575,7.6753,59.6136,4.1827
2002-05-25,44001,Bristol,17.8397,7.1937,52.9894,3.6332
2002-05-26,44001,Bristol,20.8264,6.9774,67.576,3.5395
2002-05-27,44001,Bristol,25.4947,12.9351,63.784,2.6211
2002-05-28,44001,Bristol,25.5618,14.606,64.8962,3.077
2002-05-29,44001,Bristol,24.4374,15.4872,64.7557,2.2754
2002-05-30,44001,Bristol,26.4563,13.8625,63.8898,3.2698
2002-05-31,44001,Bristol,24.8033,14.6582,67.6941,4.8038
2002-06-01,44001,Bristol,27.4353,15.0981,57.4456,4.183
2002-06-02,44001,Bristol,24.9266,10.9503,53.5842,4.0398
2002-06-03,44001,Bristol,19.3848,9.3234,49.6117,2.9255
2002-06-04,44001,Bristol,20.5168,8.2996,59.3436,2.3714
2002-06-05,44001,Bristol,23.3689,13.7412,71.6868,5.9286
2002-06-06,44001,Bristol,24.305,13.9903,69.4613,5.1359
2002-06-07,44001,Bristol,14.5058,7.9379,77.0146,6.8562
2002-06-08,44001,Bristol,19.3497,5.6847,61.2437,2.5921
2002-06-09,44001,Bristol,22.4,8.7903,72.7302,4.6251
2002-06-10,44001,Bristol,23.6139,12.3975,57.241,2.0205
2002-06-11,44001,Bristol,26.7299,11.6137,72.5751,4.1203
2002-06-12,44001,Bristol,26.5013,13.3831,72.2575,2.8825
2002-06-13,44001,Bristol,19.2279,11.6789,68.8833,2.3677
2002-06-14,44001,Bristol,17.3369,10.3793,75.6443,4.1708
2002-06-15,44001,Bristol,15.5567,11.6584,75.6323,3.881
2002-06-16,44001,Bristol,21.6754,11.5494,73.7463,3.6461
2002-06-17,44001,Bristol,24.2139,14.5269,62.6534,3.2079
2002-06-18,44001,Bristol,24.9275,15.1259,58.1007,2.6485
2002-06-19,44001,Bristol,25.5246,15.5146,58.0133,1.7147
2002-06-20,44001,Bristol,25.4168,13.3978,59.6088,1.9903
2002-06-21,44001,Bristol,25.9438,11.9046,62.6965,3.5642
2002-06-22,44001,Bristol,27.7545,14.0252,68.1071,3.9638
2002-06-23,44001,Bristol,26.0874,18.5833,67.6208,4.1671
2002-06-24,44001,Bristol,28.6091,16.2928,55.7558,3.5762
2002-06-25,44001,Bristol,26.9962,13.1604,54.1236,2.085
2002-06-26,44001,Bristol,31.0844,16.4679,69.6227,4.4816
2002-06-27,44001,Bristol,30.2796,19.7336,69.4588,5.8479
2002-06-28,44001,Bristol,28.8246,20.1132,66.374,3.4768
2002-06-29,44001,Bristol,28.7025,17.0508,58.5284,1.7673
2002-06-30,44001,Bristol,27.2863,15.8274,62.5445,2.4864
2002-07-01,44001,Bristol,29.0166,18.2343,66.6749,5.1537
2002-07-02,44001,Bristol,32.5162,19.9982,67.6503,4.2811
2002-07-03,44001,Bristol,35.5867,23.5982,63.2127,2.6173
2002-07-04,44001,Bristol,35.7145,23.9965,60.9784,2.6317
2002-07-05,44001,Bristol,29.8884,18.1037,57.6838,3.4695
2002-07-06,44001,Bristol,27.7232,16.4837,54.7537,2.4164
2002-07-07,44001,Bristol,29.5138,16.2594,55.9359,2.7942
2002-07-08,44001,Bristol,30.6564,18.2313,58.1186,3.78
2002-07-09,44001,Bristol,30.2717,20.5334,67.0943,4.8258
2002-07-10,44001,Bristol,26.8758,13.5228,61.0449,3.5819
2002-07-11,44001,Bristol,22.6158,10.6136,53.6759,3.2861
2002-07-12,44001,Bristol,25.8564,11.8933,54.696,2.6877
2002-07-13,44001,Bristol,27.8789,15.6499,62.9975,4.1565
2002-07-14,44001,Bristol,28.6671,17.5359,60.4835,3.0746
2002-07-15,44001,Bristol,29.7717,18.8849,63.6628,3.7585
2002-07-16,44001,Bristol,26.0389,17.842,53.9398,3.381
2002-07-17,44001,Bristol,27.9574,14.0142,59.5398,2.667
2002-07-18,44001,Bristol,34.0262,19.743,60.3286,2.5265
2002-07-19,44001,Bristol,29.7552,22.2766,65.7769,1.1967
2002-07-20,44001,Bristol,26.7836,18.2268,65.3564,2.1678
2002-07-21,44001,Bristol,27.8209,16.5921,61.153,2.6884
2002-07-22,44001,Bristol,28.8925,17.5933,64.655,4.9282
2002-07-23,44001,Bristol,31.3368,21.0735,66.3786,5.1263
2002-07-24,44001,Bristol,23.3271,14.143,67.3187,4.7426
2002-07-25,44001,Bristol,24.6216,12.066,56.0219,3.0401
2002-07-26,44001,Bristol,25.0343,12.0843,59.3629,2.8676
2002-07-27,44001,Bristol,25.5941,17.9025,64.2021,2.459
2002-07-28,44001,Bristol,27.7253,19.7992,69.911,2.9092
2002-07-29,44001,Bristol,35.1787,22.0181,56.6721,2.928
2002-07-30,44001,Bristol,35.332,22.6773,52.1507,2.9918
2002-07-31,44001,Bristol,31.1413,19.4425,54.4537,2.1963
2002-08-01,44001,Bristol,31.6998,20.104,59.1633,2.094
2002-08-02,44001,Bristol,28.6325,18.9475,74.1801,2.9803
2002-08-03,44001,Bristol,31.3342,21.6947,70.3044,2.3696
2002-08-04,44001,Bristol,31.3717,20.9942,66.6688,2.3313
2002-08-05,44001,Bristol,32.1316,21.566,70.0997,4.6996
2002-08-06,44001,Bristol,23.9055,14.246,67.448,4.803
2002-08-07,44001,Bristol,23.2276,13.1083,62.1895,2.5513
2002-08-08,44001,Bristol,25.5255,13.8874,53.8009,1.4964
2002-08-09,44001,Bristol,27.0177,12.746,49.8282,2.2447
2002-08-10,44001,Bristol,29.6088,15.2704,53.6881,3.2583
2002-08-11,44001,Bristol,30.5357,17.6874,59.0002,3.8289
2002-08-12,44001,Bristol,32.9297,17.5128,57.0205,3.388
2002-08-13,44001,Bristol,35.2634,19.583,52.9881,2.9388
2002-08-14,44001,Bristol,36.3886,21.125,54.2205,4.3142
2002-08-15,44001,Bristol,32.9997,21.2439,63.218,5.1815
2002-08-16,44001,Bristol,33.0011,22.0208,64.8438,4.7926
2002-08-17,44001,Bristol,34.5274,22.6726,56.0332,2.7282
2002-08-18,44001,Bristol,33.4646,21.5109,59.6833,3.2352
2002-08-19,44001,Bristol,34.1399,21.1724,55.8524,2.4413
2002-08-20,44001,Bristol,26.6036,19.2064,70.752,2.4155
2002-08-21,44001,Bristol,26.9507,16.9069,57.496,2.6405
2002-08-22,44001,Bristol,27.7224,15.9474,69.1381,3.8789
2002-08-23,44001,Bristol,23.1018,16.2549,81.0638,4.0539
2002-08-24,44001,Bristol,19.5877,14.9679,89.0387,2.1589
2002-08-25,44001,Bristol,26.1241,16.2089,67.4688,1.9898
2002-08-26,44001,Bristol,28.51,17.3239,64.7165,2.7591
2002-08-27,44001,Bristol,29.0986,17.8782,57.9913,2.4738
2002-08-28,44001,Bristol,23.4954,16.1561,59.6781,4.9188
2002-08-29,44001,Bristol,19.331,16.4173,91.121,4.7758
2002-08-30,44001,Bristol,21.6438,15.466,83.2463,2.3774
2002-08-31,44001,Bristol,23.5124,12.8867,69.318,5.0839
2002-09-01,44001,Bristol,20.2974,12.406,83.4699,4.2911
2002-09-02,44001,Bristol,23.331,17.0896,80.3426,4.2928
2002-09-03,44001,Bristol,25.4008,17.4173,78.597,1.3792
2002-09-04,44001,Bristol,28.4503,18.7367,73.8726,3.5972
2002-09-05,44001,Bristol,24.7714,14.2676,62.0837,3.6124
2002-09-06,44001,Bristol,24.3008,10.96,51.237,2.3437
2002-09-07,44001,Bristol,26.7281,12.2397,58.6067,2.0793
2002-09-08,44001,Bristol,27.6881,14.3258,61.9528,3.3151
2002-09-09,44001,Bristol,30.8905,15.9584,60.5349,2.9622
2002-09-10,44001,Bristol,29.2909,17.5161,68.5637,3.7309
2002-09-11,44001,Bristol,27.5043,12.6841,65.571,6.0566
2002-09-12,44001,Bristol,20.1948,8.6532,49.3302,4.5161
2002-09-13,44001,Bristol,26.1812,7.8718,59.2107,4.8118
2002-09-14,44001,Bristol,27.858,14.2411,67.4276,3.979
2002-09-15,44001,Bristol,24.7185,18.7161,82.7152,5.2327
2002-09-16,44001,Bristol,24.3979,19.9345,81.6434,3.8858
2002-09-17,44001,Bristol,24.8136,15.0807,74.082,2.1059
2002-09-18,44001,Bristol,24.268,13.4179,63.5239,2.0195
2002-09-19,44001,Bristol,24.5299,13.6522,66.4892,2.77
2002-09-20,44001,Bristol,25.7363,13.5522,73.3185,3.7319
2002-09-21,44001,Bristol,27.0815,15.9128,75.1242,3.5823
2002-09-22,44001,Bristol,25.491,17.9934,81.187,3.3565
2002-09-23,44001,Bristol,25.9231,18.6744,78.1218,2.1655
2002-09-24,44001,Bristol,21.1827,17.1288,79.6737,3.7262
2002-09-25,44001,Bristol,21.3745,13.5895,71.58,3.9334
2002-09-26,44001,Bristol,18.6013,13.1522,83.1981,4.034
2002-09-27,44001,Bristol,20.9087,15.7538,88.8843,3.8811
2002-09-28,44001,Bristol,23.4666,12.9051,75.7122,5.0802
2002-09-29,44001,Bristol,18.2735,9.5769,57.827,1.9249
2002-09-30,44001,Bristol,21.456,8.8529,72.2675,3.5902
2002-10-01,44001,Bristol,25.7445,14.4393,64.5415,5.1674
2002-10-02,44001,Bristol,28.1984,16.5596,65.1068,4.4974
2002-10-03,44001,Bristol,24.5599,12.833,65.5033,4.393
2002-10-04,44001,Bristol,19.7164,10.9086,75.9985,4.6174
2002-10-05,44001,Bristol,27.5906,15.5696,64.4792,5.6733
2002-10-06,44001,Bristol,18.6121,9.0582,58.3571,4.517
2002-10-07,44001,Bristol,22.7609,9.0693,69.7774,4.0443
2002-10-08,44001,Bristol,15.3087,4.9783,51.9553,3.9522
2002-10-09,44001,Bristol,15.6172,4.2953,58.8537,2.9695
2002-10-10,44001,Bristol,17.5386,7.8519,64.6637,2.6849
2002-10-11,44001,Bristol,17.1929,10.6587,77.5248,4.9706
2002-10-12,44001,Bristol,16.6947,13.3814,75.157,7.8569
2002-10-13,44001,Bristol,17.6073,13.3967,76.3084,3.6959
2002-10-14,44001,Bristol,16.39,2.561,53.5036,5.2729
2002-10-15,44001,Bristol,13.2047,0.8998,63.5088,3.1287
2002-10-16,44001,Bristol,15.4515,7.6881,81.6844,7.3984
2002-10-17,44001,Bristol,17.2574,9.6479,64.1375,3.9098
2002-10-18,44001,Bristol,14.1928,4.3668,59.4871,3.8785
2002-10-19,44001,Bristol,16.2275,3.7847,72.1242,6.7846
2002-10-20,44001,Bristol,15.3275,5.8,55.7792,4.3826
2002-10-21,44001,Bristol,13.2275,3.0219,51.7584,3.1889
2002-10-22,44001,Bristol,11.1976,0.1001,51.0647,2.3769
2002-10-23,44001,Bristol,9.13,-0.3954,68.937,3.2336
2002-10-24,44001,Bristol,9.8275,-1.8574,56.0178,2.4987
2002-10-25,44001,Bristol,9.5493,1.6697,58.9746,3.036
2002-10-26,44001,Bristol,14.7735,5.1127,80.2461,5.5978
2002-10-27,44001,Bristol,13.5035,7.3549,62.8131,4.7192
2002-10-28,44001,Bristol,11.1087,5.1238,54.0732,4.381
2002-10-29,44001,Bristol,8.1135,2.1238,51.5863,4.5656
2002-10-30,44001,Bristol,5.9135,2.3596,58.0107,5.2119
2002-10-31,44001,Bristol,9.1386,1.4752,53.5615,3.0418
2002-11-01,44001,Bristol,9.5277,2.895,53.4825,5.2032
2002-11-02,44001,Bristol,4.0133,-1.8402,48.2884,6.2969
2002-11-03,44001,Bristol,5.8023,-2.0237,44.3041,3.0018
2002-11-04,44001,Bristol,8.9011,-0.24,61.2999,1.9271
2002-11-05,44001,Bristol,10.124,1.8791,64.4977,4.111
2002-11-06,44001,Bristol,13.2392,4.6848,73.8855,6.2429
2002-11-07,44001,Bristol,6.7211,-2.5845,54.9738,6.4822
2002-11-08,44001,Bristol,12.1292,-1.864,67.8438,7.1018
2002-11-09,44001,Bristol,16.5621,7.163,68.3554,5.7838
2002-11-10,44001,Bristol,19.2842,10.0127,72.9451,5.7841
2002-11-11,44001,Bristol,20.5672,13.075,72.9696,5.6829
2002-11-12,44001,Bristol,15.8792,8.949,70.9829,3.5902
2002-11-13,44001,Bristol,11.6043,6.2723,72.9956,5.4214
2002-11-14,44001,Bristol,10.4745,3.7152,63.4955,4.1764
2002-11-15,44001,Bristol,15.3539,4.9663,66.5193,4.6092
2002-11-16,44001,Bristol,9.0412,3.9638,73.37,6.8382
2002-11-17,44001,Bristol,11.7203,4.9331,76.4163,3.7226
2002-11-18,44001,Bristol,7.504,1.936,62.0907,7.1953
2002-11-19,44001,Bristol,8.6834,-0.9141,70.3032,2.7491
2002-11-20,44001,Bristol,13.0574,4.2616,61.9001,2.3396
2002-11-21,44001,Bristol,12.3741,2.8457,77.2569,2.5137
2002-11-22,44001,Bristol,14.4475,8.5074,73.6949,3.3989
2002-11-23,44001,Bristol,10.7463,-1.2733,58.0616,8.644
2002-11-24,44001,Bristol,8.1321,-1.4282,60.5682,6.6252
2002-11-25,44001,Bristol,9.8788,0.735,64.3349,2.7558
2002-11-26,44001,Bristol,8.1228,0.3316,66.9169,3.4167
2002-11-27,44001,Bristol,3.1553,-6.0845,77.006,5.8901
2002-11-28,44001,Bristol,-1.0637,-9.3469,67.2791,6.1089
2002-11-29,44001,Bristol,3.9225,-3.1175,70.6432,6.456
2002-11-30,44001,Bristol,11.0342,2.4718,62.1712,5.3324
2002-12-01,44001,Bristol,5.6448,-5.8282,49.75,8.4443
2002-12-02,44001,Bristol,5.2908,-5.9164,64.069,5.1337
2002-12-03,44001,Bristol,3.1627,-8.495,47.9583,7.0652
2002-12-04,44001,Bristol,-0.992,-9.0718,59.9553,5.1285
2002-12-05,44001,Bristol,1.2968,-6.6906,68.2643,4.5351
2002-12-06,44001,Bristol,2.3786,-5.3804,69.1529,3.2713
2002-12-07,44001,Bristol,3.1576,-5.6018,66.5954,5.7645
2002-12-08,44001,Bristol,4.959,-1.6238,61.0584,5.8816
2002-12-09,44001,Bristol,0.8609,-8.2752,46.4099,4.0339
2002-12-10,44001,Bristol,4.4153,-5.0636,61.8158,2.8869
2002-12-11,44001,Bristol,4.3875,-3.5383,71.9217,6.3002
2002-12-12,44001,Bristol,4.6272,-0.7159,69.8904,5.0212
2002-12-13,44001,Bristol,5.3547,-0.9323,70.618,2.5331
2002-12-14,44001,Bristol,11.2302,1.4812,63.1203,4.9385
2002-12-15,44001,Bristol,7.9448,0.1976,60.7061,5.1491
2002-12-16,44001,Bristol,4.9156,-2.5761,69.5023,4.428
2002-12-17,44001,Bristol,0.0517,-6.3843,58.5036,5.3725
2002-12-18,44001,Bristol,2.6953,-6.9489,56.4546,3.0712
2002-12-19,44001,Bristol,5.6252,-4.2943,66.8418,4.1729
2002-12-20,44001,Bristol,12.9983,1.653,74.619,6.3067
2002-12-21,44001,Bristol,8.958,2.1858,55.0859,7.381
2002-12-22,44001,Bristol,9.8344,0.3925,55.9904,5.7389
2002-12-23,44001,Bristol,6.0158,0.0951,55.8091,6.5631
2002-12-24,44001,Bristol,4.6362,-1.3049,44.3644,4.9602
2002-12-25,44001,Bristol,5.2841,-0.8628,66.4003,8.5258
2002-12-26,44001,Bristol,3.4462,-4.1227,58.9355,8.485
2002-12-27,44001,Bristol,1.0502,-6.2171,62.9957,3.7904
2002-12-28,44001,Bristol,2.0458,-4.727,67.3405,3.3494
2002-12-29,44001,Bristol,3.5809,-2.9844,74.38,4.9519
2002-12-30,44001,Bristol,1.5531,-5.2045,61.4385,3.2045
2002-12-31,44001,Bristol,4.7907,-0.9883,72.7021,3.9317
2003-01-01,44001,Bristol,6.5379,2.2494,58.0157,4.5593
2003-01-02,44001,Bristol,4.0107,-2.5232,52.8135,7.8624
2003-01-03,44001,Bristol,4.2314,-1.8357,65.1919,7.0692
2003-01-04,44001,Bristol,4.513,-0.7466,61.2659,5.9158
2003-01-05,44001,Bristol,1.3842,-4.4318,61.5739,2.0633
2003-01-06,44001,Bristol,2.7458,-0.2387,61.8574,2.3008
2003-01-07,44001,Bristol,1.314,-5.8495,58.5843,5.6745
2003-01-08,44001,Bristol,3.0258,-4.9855,69.3679,5.4651
2003-01-09,44001,Bristol,5.3353,1.0225,58.7506,4.1395
2003-01-10,44001,Bristol,4.3221,-6.4786,59.4434,3.9609
2003-01-11,44001,Bristol,-0.148,-6.0384,48.5831,6.4933
2003-01-12,44001,Bristol,1.2844,-5.4682,49.6125,5.7146
2003-01-13,44001,Bristol,3.2743,-4.2612,49.6569,6.7081
2003-01-14,44001,Bristol,-3.262,-8.767,46.2637,5.2313
2003-01-15,44001,Bristol,-2.5855,-8.6415,50.6468,4.4624
2003-01-16,44001,Bristol,-1.7732,-7.7302,52.4549,5.0253
2003-01-17,44001,Bristol,0.6997,-7.8031,57.9678,4.7325
2003-01-18,44001,Bristol,-6.2984,-13.4818,50.7525,3.1586
2003-01-19,44001,Bristol,-0.7383,-9.3264,53.3725,3.652
2003-01-20,44001,Bristol,-0.1331,-9.5142,50.0339,7.8475
2003-01-21,44001,Bristol,-5.8516,-12.5719,43.9402,7.5871
2003-01-22,44001,Bristol,-8.3568,-14.9547,41.9335,8.5747
2003-01-23,44001,Bristol,-8.9172,-16.3111,50.186,5.7931
2003-01-24,44001,Bristol,-5.0236,-12.3983,48.1833,6.9215
2003-01-25,44001,Bristol,-0.9049,-12.3005,54.2091,4.4375
2003-01-26,44001,Bristol,3.3336,-4.8577,59.7266,2.9502
2003-01-27,44001,Bristol,1.4361,-16.5905,43.2376,6.6044
2003-01-28,44001,Bristol,-4.9059,-18.2332,46.8681,4.5078
2003-01-29,44001,Bristol,2.18,-10.0086,62.0626,2.1747
2003-01-30,44001,Bristol,2.1318,-6.2628,58.1181,3.3176
2003-01-31,44001,Bristol,2.8454,-4.1838,70.046,5.657
2003-02-01,44001,Bristol,2.932,-0.3893,65.67,4.9992
2003-02-02,44001,Bristol,3.5785,-0.3528,62.2271,7.0473
2003-02-03,44001,Bristol,5.1311,-2.0652,55.611,4.2322
2003-02-04,44001,Bristol,8.1634,-0.1417,59.8569,6.2464
2003-02-05,44001,Bristol,2.5513,-6.7147,42.3341,7.2425
2003-02-06,44001,Bristol,-0.1499,-8.4211,51.2956,3.6563
2003-02-07,44001,Bristol,1.5259,-4.4417,64.1106,4.1238
2003-02-08,44001,Bristol,-0.9532,-10.2498,54.6638,5.6273
2003-02-09,44001,Bristol,2.049,-7.5641,54.3507,5.5146
2003-02-10,44001,Bristol,3.4948,-5.1779,65.0684,2.636
2003-02-11,44001,Bristol,1.8,-6.4048,47.7621,5.4535
2003-02-12,44001,Bristol,2.182,-9.1159,55.1662,6.717
2003-02-13,44001,Bristol,-5.2759,-10.674,47.089,6.6592
2003-02-14,44001,Bristol,-4.5147,-12.1761,49.7655,5.7838
2003-02-15,44001,Bristol,-6.3032,-15.7948,49.6912,5.965
2003-02-16,44001,Bristol,-6.6481,-17.5656,53.2687,6.0767
2003-02-17,44001,Bristol,0.8259,-10.32,67.6313,9.0684
2003-02-18,44001,Bristol,0.6457,-3.7,62.1425,4.8921
2003-02-19,44001,Bristol,2.5358,-4.488,65.7129,3.3477
2003-02-20,44001,Bristol,3.54,-6.4738,62.9652,3.3626
2003-02-21,44001,Bristol,4.2727,-6.8511,63.6297,3.1663
2003-02-22,44001,Bristol,3.7447,-0.4747,68.1394,2.6506
2003-02-23,44001,Bristol,7.8358,-1.9375,59.4885,5.9803
2003-02-24,44001,Bristol,2.0436,-5.4289,58.2904,4.9297
2003-02-25,44001,Bristol,0.5148,-10.9062,46.493,5.844
2003-02-26,44001,Bristol,-3.6741,-13.8384,48.7828,2.9177
2003-02-27,44001,Bristol,0.1411,-10.0274,59.9307,3.8727
2003-02-28,44001,Bristol,2.5775,-4.3629,55.3046,4.5571
2003-03-01,44001,Bristol,3.639,-5.2763,67.6361,2.2155
2003-03-02,44001,Bristol,4.8169,0.2762,71.7176,4.5992
2003-03-03,44001,Bristol,3.4091,-14.1928,39.4333,6.5543
2003-03-04,44001,Bristol,2.087,-15.171,59.9816,4.1822
2003-03-05,44001,Bristol,4.7345,-2.3024,77.8847,3.6619
2003-03-06,44001,Bristol,3.3455,-5.5619,67.9967,4.7982
2003-03-07,44001,Bristol,0.0155,-10.3087,61.6545,3.3114
2003-03-08,44001,Bristol,5.5997,-4.0246,63.5942,3.1629
2003-03-09,44001,Bristol,8.7849,-3.4733,54.4051,6.3987
2003-03-10,44001,Bristol,-1.6127,-10.306,32.8118,5.3753
2003-03-11,44001,Bristol,1.9107,-11.2345,59.8319,4.9162
2003-03-12,44001,Bristol,6.7712,-1.9568,64.4732,4.2132
2003-03-13,44001,Bristol,5.1792,-1.705,63.2966,3.6696
2003-03-14,44001,Bristol,0.362,-7.9046,55.3846,5.0921
2003-03-15,44001,Bristol,5.893,-2.8964,57.9126,3.1277
2003-03-16,44001,Bristol,10.5538,-2.4217,60.804,2.5652
2003-03-17,44001,Bristol,19.3903,1.5397,58.1027,1.2858
2003-03-18,44001,Bristol,13.0968,1.8299,57.2462,4.0117
2003-03-19,44001,Bristol,4.5025,-3.2054,49.6736,4.8199
2003-03-20,44001,Bristol,8.1172,-3.2058,66.3043,3.786
2003-03-21,44001,Bristol,18.8287,4.6478,64.3999,4.755
2003-03-22,44001,Bristol,20.7984,6.651,54.6745,2.3277
2003-03-23,44001,Bristol,14.1808,4.4142,46.8776,3.4515
2003-03-24,44001,Bristol,13.1205,3.4253,49.1717,1.0471
2003-03-25,44001,Bristol,11.6833,0.3904,58.4454,3.8779
2003-03-26,44001,Bristol,16.7705,1.9839,62.0494,3.903
2003-03-27,44001,Bristol,16.462,4.3057,44.5413,2.8454
2003-03-28,44001,Bristol,15.7329,3.0193,46.1222,2.8727
2003-03-29,44001,Bristol,20.2005,3.6677,66.3826,5.2751
2003-03-30,44001,Bristol,14.0534,4.0011,76.9488,2.6974
2003-03-31,44001,Bristol,5.2974,-1.8497,50.4785,6.4483
2003-04-01,44001,Bristol,5.5655,-2.7468,54.7334,4.125
2003-04-02,44001,Bristol,11.2873,0.8319,60.6932,1.8949
2003-04-03,44001,Bristol,9.4695,3.885,65.6292,3.269
2003-04-04,44001,Bristol,5.356,0.3934,65.6005,6.179
2003-04-05,44001,Bristol,5.6098,0.2551,71.7686,3.5719
2003-04-06,44001,Bristol,6.9131,-1.5791,47.1731,5.0359
2003-04-07,44001,Bristol,4.6485,-2.0983,49.784,5.7994
2003-04-08,44001,Bristol,4.5977,-0.0889,66.102,6.0808
2003-04-09,44001,Bristol,5.8453,0.7082,65.2149,5.4253
2003-04-10,44001,Bristol,11.2293,0.2204,51.5314,4.4402
2003-04-11,44001,Bristol,9.676,0.4304,69.5867,6.0546
2003-04-12,44001,Bristol,12.9159,4.9704,63.0426,4.6595
2003-04-13,44001,Bristol,13.1364,3.1908,48.8852,2.1734
2003-04-14,44001,Bristol,13.2871,1.1246,43.5944,3.3588
2003-04-15,44001,Bristol,19.2704,4.7681,56.1058,7.4445
2003-04-16,44001,Bristol,26.0415,7.841,44.9899,5.7498
2003-04-17,44001,Bristol,8.6224,-0.4107,35.6391,7.1456
2003-04-18,44001,Bristol,9.8414,0.1453,56.0607,4.7361
2003-04-19,44001,Bristol,15.0687,1.1827,55.9056,5.0024
2003-04-20,44001,Bristol,18.0311,2.1057,48.2796,3.7871
2003-04-21,44001,Bristol,17.7866,3.7847,48.3855,2.0338
2003-04-22,44001,Bristol,12.7895,6.8196,70.0814,1.9642
2003-04-23,44001,Bristol,14.1696,5.785,61.3233,4.1257
2003-04-24,44001,Bristol,10.5805,3.2068,51.0788,5.1858
2003-04-25,44001,Bristol,15.4481,0.7986,47.9921,2.9205
2003-04-26,44001,Bristol,12.9364,5.4565,76.2635,4.9801
2003-04-27,44001,Bristol,19.7622,8.0986,53.531,2.9992
2003-04-28,44001,Bristol,22.244,6.5864,49.6228,4.3297
2003-04-29,44001,Bristol,25.6596,6.9135,47.7747,4.0638
2003-04-30,44001,Bristol,15.9871,5.5594,50.5753,2.83
2003-05-01,44001,Bristol,17.5598,4.5853,72.6155,4.2092
2003-05-02,44001,Bristol,21.6292,9.9545,71.2297,3.78
2003-05-03,44001,Bristol,15.5904,6.4643,55.6082,4.4038
2003-05-04,44001,Bristol,16.5657,3.9282,45.5124,1.7951
2003-05-05,44001,Bristol,18.2574,4.6436,45.5876,1.9201
2003-05-06,44001,Bristol,13.5764,8.0364,76.817,2.5548
2003-05-07,44001,Bristol,23.8842,8.0458,62.2718,2.5209
2003-05-08,44001,Bristol,14.2853,9.9521,74.9695,3.2476
2003-05-09,44001,Bristol,19.383,8.7649,63.7751,1.6853
2003-05-10,44001,Bristol,20.7096,7.5671,56.6148,2.2442
2003-05-11,44001,Bristol,16.3317,7.7032,62.7177,3.9942
2003-05-12,44001,Bristol,20.0166,8.5617,61.0901,3.4617
2003-05-13,44001,Bristol,15.2477,9.4756,66.0161,4.1481
2003-05-14,44001,Bristol,17.6981,8.1941,62.7731,2.2213
2003-05-15,44001,Bristol,16.5985,8.7253,65.2525,2.947
2003-05-16,44001,Bristol,12.806,6.4834,66.2354,5.6456
2003-05-17,44001,Bristol,13.6093,3.5847,64.0491,4.5799
2003-05-18,44001,Bristol,19.4574,0.5249,46.5414,2.0134
2003-05-19,44001,Bristol,24.6362,5.2941,44.9292,1.3898
2003-05-20,44001,Bristol,23.8949,7.869,51.5715,2.5428
2003-05-21,44001,Bristol,19.9728,8.0015,69.126,2.3437
2003-05-22,44001,Bristol,14.4437,10.1364,75.3232,3.5659
2003-05-23,44001,Bristol,14.0791,10.036,75.0169,3.7898
2003-05-24,44001,Bristol,15.1698,9.8175,75.3561,4.7421
2003-05-25,44001,Bristol,19.3978,10.0786,67.5067,2.0906
2003-05-26,44001,Bristol,13.1356,6.1556,79.916,4.6043
2003-05-27,44001,Bristol,17.1989,7.8318,74.6047,2.6937
2003-05-28,44001,Bristol,18.603,11.3182,70.3795,2.8044
2003-05-29,44001,Bristol,21.3574,10.8178,67.1645,4.6266
2003-05-30,44001,Bristol,23.5547,10.6896,64.3076,2.7846
2003-05-31,44001,Bristol,23.3097,13.4322,64.8394,2.6364
2003-06-01,44001,Bristol,18.555,13.8712,74.9741,6.115
2003-06-02,44001,Bristol,20.1641,10.7259,54.6625,4.2569
2003-06-03,44001,Bristol,21.0406,8.8815,58.0272,3.746
2003-06-04,44001,Bristol,14.6863,11.9015,79.3959,3.1081
2003-06-05,44001,Bristol,19.8676,13.0162,78.8383,1.9972
2003-06-06,44001,Bristol,23.8004,13.4392,63.2469,3.8001
2003-06-07,44001,Bristol,21.2175,12.3557,72.5017,2.7896
2003-06-08,44001,Bristol,21.8721,13.2692,71.2664,2.6835
2003-06-09,44001,Bristol,21.3084,11.4064,73.691,2.8048
2003-06-10,44001,Bristol,23.3687,14.0695,63.2394,2.9529
2003-06-11,44001,Bristol,23.8348,12.84,77.5097,4.1586
2003-06-12,44001,Bristol,24.4639,17.5285,73.0784,2.113
2003-06-13,44001,Bristol,18.1442,14.6382,80.1424,3.2462
2003-06-14,44001,Bristol,25.3203,14.5971,69.9857,1.7506
2003-06-15,44001,Bristol,24.4018,15.5438,66.8835,1.6518
2003-06-16,44001,Bristol,18.1409,9.122,69.0846,3.3081
2003-06-17,44001,Bristol,18.6944,7.4228,72.8226,2.7935
2003-06-18,44001,Bristol,18.8863,10.1914,88.1704,3.4435
2003-06-19,44001,Bristol,24.2897,16.4809,75.3348,2.4824
2003-06-20,44001,Bristol,22.1266,14.4504,76.0375,2.7674
2003-06-21,44001,Bristol,20.6786,13.5181,72.6262,3.388
2003-06-22,44001,Bristol,17.4693,8.3785,86.2777,1.9253
2003-06-23,44001,Bristol,24.0361,14.8067,71.1912,1.2226
2003-06-24,44001,Bristol,27.9334,14.453,70.2251,1.7743
2003-06-25,44001,Bristol,30.5035,16.6394,69.3473,2.4932
2003-06-26,44001,Bristol,31.6879,20.7126,65.6064,1.7428
2003-06-27,44001,Bristol,30.8118,19.9604,72.5672,2.8248
2003-06-28,44001,Bristol,27.4653,18.3967,63.1396,2.351
2003-06-29,44001,Bristol,26.2798,16.4567,66.8472,2.7078
2003-06-30,44001,Bristol,29.0206,17.0709,71.5283,3.7479
2003-07-01,44001,Bristol,26.734,15.9754,60.0983,2.0569
2003-07-02,44001,Bristol,28.0881,14.4253,64.1426,2.4165
2003-07-03,44001,Bristol,25.9819,16.6983,74.5906,3.0514
2003-07-04,44001,Bristol,29.404,19.2593,74.0924,3.0418
2003-07-05,44001,Bristol,31.9134,20.3279,72.3725,3.9392
2003-07-06,44001,Bristol,31.4259,21.2614,64.1264,2.7344
2003-07-07,44001,Bristol,29.6479,20.216,65.9574,1.9313
2003-07-08,44001,Bristol,31.3992,19.3,72.0672,2.6946
2003-07-09,44001,Bristol,27.8058,17.6891,66.8056,2.3875
2003-07-10,44001,Bristol,23.5151,15.8049,72.9857,3.122
2003-07-11,44001,Bristol,26.7806,16.7934,77.4888,3.1247
2003-07-12,44001,Bristol,27.3631,18.8485,70.8418,4.1902
2003-07-13,44001,Bristol,27.5066,18.1364,66.9038,3.0717
2003-07-14,44001,Bristol,25.8667,16.6456,70.2573,1.7938
2003-07-15,44001,Bristol,26.2688,16.4725,72.3264,1.4455
2003-07-16,44001,Bristol,25.1279,14.7039,84.6605,3.6054
2003-07-17,44001,Bristol,28.8616,20.1851,68.7543,2.4467
2003-07-18,44001,Bristol,28.2955,17.7043,69.5605,3.0958
2003-07-19,44001,Bristol,27.4712,18.5748,66.8902,1.6885
2003-07-20,44001,Bristol,27.3998,16.777,61.7276,2.1141
2003-07-21,44001,Bristol,26.9283,16.6969,74.2718,4.7547
2003-07-22,44001,Bristol,27.4396,19.6523,77.3451,4.9593
2003-07-23,44001,Bristol,27.1258,20.5036,76.8143,5.4971
2003-07-24,44001,Bristol,26.6109,19.7636,77.4672,5.3832
2003-07-25,44001,Bristol,28.2733,19.1051,68.2402,3.8912
2003-07-26,44001,Bristol,29.1258,17.7094,67.354,4.3579
2003-07-27,44001,Bristol,28.9867,19.3149,75.7841,5.7249
2003-07-28,44001,Bristol,27.8884,19.3803,65.2273,2.85
2003-07-29,44001,Bristol,25.3372,16.346,65.654,1.6431
2003-07-30,44001,Bristol,26.004,15.2251,67.537,1.6538
2003-07-31,44001,Bristol,26.3563,13.5766,69.4607,2.9553
2003-08-01,44001,Bristol,26.1027,15.4687,80.0729,2.6921
2003-08-02,44001,Bristol,28.1363,20.0915,77.2395,3.762
2003-08-03,44001,Bristol,28.2473,20.8517,76.7837,3.5819
2003-08-04,44001,Bristol,26.9826,20.527,79.9872,3.6845
2003-08-05,44001,Bristol,27.8434,21.3282,75.6341,3.903
2003-08-06,44001,Bristol,27.5227,20.7604,74.9443,3.813
2003-08-07,44001,Bristol,27.9285,20.9279,78.2116,3.1065
2003-08-08,44001,Bristol,27.5627,22.2441,77.7319,3.4301
2003-08-09,44001,Bristol,28.0863,22.3363,76.8222,3.6859
2003-08-10,44001,Bristol,28.0064,22.4578,76.3514,5.2291
2003-08-11,44001,Bristol,28.8533,22.2107,73.9764,3.8343
2003-08-12,44001,Bristol,28.0531,21.7081,76.4591,2.2762
2003-08-13,44001,Bristol,30.1096,22.5749,71.0706,3.13
2003-08-14,44001,Bristol,31.8869,21.8745,63.0485,2.4152
2003-08-15,44001,Bristol,30.3772,21.1576,65.4347,1.7868
2003-08-16,44001,Bristol,31.0989,20.491,70.9061,3.8463
2003-08-17,44001,Bristol,26.0328,19.4119,74.8955,2.0851
2003-08-18,44001,Bristol,25.1822,18.4875,69.7589,1.8595
2003-08-19,44001,Bristol,28.3575,18.6803,68.5193,3.4363
2003-08-20,44001,Bristol,30.9875,19.221,65.7513,3.1732
2003-08-21,44001,Bristol,30.8706,19.9168,69.8043,3.2558
2003-08-22,44001,Bristol,31.6535,21.9426,75.5192,4.4544
2003-08-23,44001,Bristol,28.1326,14.1116,63.245,4.0384
2003-08-24,44001,Bristol,22.3484,10.8722,53.6105,3.9073
2003-08-25,44001,Bristol,24.286,13.4021,72.5819,2.9307
2003-08-26,44001,Bristol,28.1518,18.3918,65.3665,2.0195
2003-08-27,44001,Bristol,30.4764,18.7631,60.2963,3.6
2003-08-28,44001,Bristol,25.5388,16.398,54.8928,1.8581
2003-08-29,44001,Bristol,26.0453,14.3681,74.3927,3.8558
2003-08-30,44001,Bristol,29.6895,20.5713,66.3643,3.1665
2003-08-31,44001,Bristol,22.5333,13.2884,64.449,2.4423
2003-09-01,44001,Bristol,19.7129,13.3678,83.2106,1.8743
2003-09-02,44001,Bristol,17.6598,14.7275,86.1222,5.0141
2003-09-03,44001,Bristol,20.2239,14.5084,83.2385,3.8046
2003-09-04,44001,Bristol,25.9538,17.3053,82.8748,3.4888
2003-09-05,44001,Bristol,26.166,18.3888,70.7303,1.3652
2003-09-06,44001,Bristol,23.5288,15.9498,65.7763,2.1617
2003-09-07,44001,Bristol,25.768,14.5474,67.2331,2.6602
2003-09-08,44001,Bristol,22.8424,14.6256,73.2791,3.1142
2003-09-09,44001,Bristol,20.4381,9.3245,69.5816,4.5849
2003-09-10,44001,Bristol,21.8509,7.2422,63.1097,2.1887
2003-09-11,44001,Bristol,24.752,11.7453,64.615,3.1757
2003-09-12,44001,Bristol,21.7381,11.1482,69.8797,4.2532
2003-09-13,44001,Bristol,24.8457,13.6257,81.6879,3.8466
2003-09-14,44001,Bristol,26.6008,18.1674,77.9122,2.1991
2003-09-15,44001,Bristol,26.7962,17.8019,77.6541,2.9165
2003-09-16,44001,Bristol,26.3959,17.1541,76.9289,2.7703
2003-09-17,44001,Bristol,24.3288,13.5706,65.415,3.7105
2003-09-18,44001,Bristol,23.1567,12.9526,72.0348,5.4642
2003-09-19,44001,Bristol,24.6144,14.9339,89.0042,4.8469
2003-09-20,44001,Bristol,28.1727,19.4265,72.6843,2.5744
2003-09-21,44001,Bristol,25.5709,14.3197,73.2299,1.7875
2003-09-22,44001,Bristol,23.2538,12.872,69.987,2.3792
2003-09-23,44001,Bristol,24.5976,14.7605,80.0631,4.9347
2003-09-24,44001,Bristol,22.1804,12.6343,63.8621,2.5735
2003-09-25,44001,Bristol,23.9775,12.0088,74.5916,3.2907
2003-09-26,44001,Bristol,24.5755,14.9176,75.006,2.019
2003-09-27,44001,Bristol,24.9303,14.8339,78.4014,3.2179
2003-09-28,44001,Bristol,24.73,15.6936,79.6971,2.8179
2003-09-29,44001,Bristol,22.3554,11.3451,69.5709,3.6843
2003-09-30,44001,Bristol,17.9463,7.6005,62.0006,2.8188
2003-10-01,44001,Bristol,17.0275,6.4518,62.7552,1.4087
2003-10-02,44001,Bristol,16.992,5.1274,60.6467,3.7928
2003-10-03,44001,Bristol,13.6843,1.9279,56.5408,3.7124
2003-10-04,44001,Bristol,19.2271,6.21,77.782,6.2796
2003-10-05,44001,Bristol,14.6124,4.6924,57.9107,4.7664
2003-10-06,44001,Bristol,13.8015,2.1829,54.1526,3.2196
2003-10-07,44001,Bristol,14.8843,1.7641,60.3968,2.9974
2003-10-08,44001,Bristol,21.0382,9.1084,66.9244,4.3071
2003-10-09,44001,Bristol,24.345,11.1853,63.8629,2.0938
2003-10-10,44001,Bristol,22.5891,9.8923,66.9,3.7719
2003-10-11,44001,Bristol,21.5475,9.2153,64.9133,4.8437
2003-10-12,44001,Bristol,17.946,9.2689,85.988,4.0747
2003-10-13,44001,Bristol,20.2012,8.9739,59.9105,3.61
2003-10-14,44001,Bristol,18.7545,6.8928,67.1156,3.8094
2003-10-15,44001,Bristol,19.4784,7.9863,69.8669,9.5236
2003-10-16,44001,Bristol,15.8012,5.864,56.3216,5.8014
2003-10-17,44001,Bristol,14.4271,7.1582,57.3509,1.6955
2003-10-18,44001,Bristol,12.5732,5.1697,63.5117,3.0336
2003-10-19,44001,Bristol,10.7164,4.0272,66.1222,2.8223
2003-10-20,44001,Bristol,12.2194,1.9021,64.3331,3.601
2003-10-21,44001,Bristol,20.0741,6.8069,78.0231,6.2469
2003-10-22,44001,Bristol,13.0934,3.4369,69.8023,4.8472
2003-10-23,44001,Bristol,6.0012,1.032,62.9742,5.9105
2003-10-24,44001,Bristol,8.0012,0.2369,56.0494,5.2701
2003-10-25,44001,Bristol,12.1887,-1.3167,69.8641,3.6359
2003-10-26,44001,Bristol,18.016,10.0227,83.9531,6.2271
2003-10-27,44001,Bristol,20.0795,13.8775,78.8074,7.0423
2003-10-28,44001,Bristol,16.3513,10.2735,67.4935,2.3545
2003-10-29,44001,Bristol,19.9811,10.4317,80.5945,7.004
2003-10-30,44001,Bristol,13.8843,6.3116,59.4154,4.1075
2003-10-31,44001,Bristol,17.4106,6.3074,66.4186,3.3215
2003-11-01,44001,Bristol,21.5713,10.0387,63.3363,4.1075
2003-11-02,44001,Bristol,18.6656,12.7889,58.3549,1.3197
2003-11-03,44001,Bristol,21.9717,12.1812,61.238,2.5652
2003-11-04,44001,Bristol,13.4668,7.3574,66.2459,4.8799
2003-11-05,44001,Bristol,17.9014,7.8338,74.2721,3.6373
2003-11-06,44001,Bristol,19.4483,10.6017,63.8295,2.3064
2003-11-07,44001,Bristol,15.75,6.3809,58.4899,2.7478
2003-11-08,44001,Bristol,7.8594,-3.2987,40.9658,6.2926
2003-11-09,44001,Bristol,3.6232,-3.929,40.35,4.5011
2003-11-10,44001,Bristol,7.5659,-3.2435,46.4302,3.206
2003-11-11,44001,Bristol,10.7904,-1.6638,67.7716,3.5024
2003-11-12,44001,Bristol,14.6948,8.5321,70.7693,2.4825
2003-11-13,44001,Bristol,15.0576,2.9968,53.7818,9.7498
2003-11-14,44001,Bristol,4.0347,-0.7922,43.669,10.3122
2003-11-15,44001,Bristol,4.6892,-2.6934,43.4927,7.0078
2003-11-16,44001,Bristol,5.9066,-2.3389,53.6626,3.2086
2003-11-17,44001,Bristol,7.7249,1.9414,66.9502,2.3493
2003-11-18,44001,Bristol,11.876,3.5072,60.6811,2.5659
2003-11-19,44001,Bristol,15.1418,4.5111,77.6913,6.4233
2003-11-20,44001,Bristol,14.5308,5.1472,73.8162,5.6583
2003-11-21,44001,Bristol,11.5422,4.266,63.9341,4.3027
2003-11-22,44001,Bristol,12.9989,2.3373,56.2397,3.9625
2003-11-23,44001,Bristol,10.7985,0.1297,57.3461,3.1416
2003-11-24,44001,Bristol,11.4773,0.7921,65.1484,2.2965
2003-11-25,44001,Bristol,10.4564,-0.1571,58.6596,3.3131
2003-11-26,44001,Bristol,9.0812,-0.1058,60.5291,2.967
2003-11-27,44001,Bristol,12.0671,3.8603,58.6962,1.5894
2003-11-28,44001,Bristol,14.5841,5.9874,79.4957,4.9582
2003-11-29,44001,Bristol,14.4685,1.7386,52.1595,10.3426
2003-11-30,44001,Bristol,9.2221,1.4754,52.9706,6.3304
2003-12-01,44001,Bristol,11.6759,-0.1577,48.0106,7.0212
2003-12-02,44001,Bristol,3.5106,-6.3743,33.8672,8.1733
2003-12-03,44001,Bristol,-0.6779,-7.4172,40.1497,7.0334
2003-12-04,44001,Bristol,2.1914,-7.1139,62.0571,4.7366
2003-12-05,44001,Bristol,1.8714,-4.2094,59.418,6.0355
2003-12-06,44001,Bristol,5.1078,-0.1403,66.0107,9.8795
2003-12-07,44001,Bristol,3.3973,-3.2836,60.5511,8.9602
2003-12-08,44001,Bristol,1.4266,-7.5598,60.2581,5.364
2003-12-09,44001,Bristol,2.0163,-7.8493,66.6655,2.0686
2003-12-10,44001,Bristol,4.691,-2.015,69.2711,3.3786
2003-12-11,44001,Bristol,12.2042,2.7999,67.9514,7.7752
2003-12-12,44001,Bristol,7.8655,-1.2071,48.1547,6.2031
2003-12-13,44001,Bristol,1.6019,-5.4309,50.9645,5.0035
2003-12-14,44001,Bristol,5.019,-5.8954,61.6266,7.0123
2003-12-15,44001,Bristol,5.559,-3.2075,61.4188,8.0165
2003-12-16,44001,Bristol,4.1158,-4.0597,62.5381,4.4446
2003-12-17,44001,Bristol,12.1975,0.3518,72.5332,6.5647
2003-12-18,44001,Bristol,9.0771,-0.7589,47.1122,8.2564
2003-12-19,44001,Bristol,2.8204,-3.7696,59.659,3.1492
2003-12-20,44001,Bristol,3.6204,-1.9607,56.8275,3.0571
2003-12-21,44001,Bristol,3.2804,-4.1854,60.7543,5.8573
2003-12-22,44001,Bristol,6.8596,0.0791,60.1735,5.1456
2003-12-23,44001,Bristol,11.4339,1.8492,61.6043,4.1643
2003-12-24,44001,Bristol,16.0024,4.4271,66.2956,5.7866
2003-12-25,44001,Bristol,12.3309,2.7242,64.7057,4.6083
2003-12-26,44001,Bristol,5.6682,-0.3854,53.9167,7.2109
2003-12-27,44001,Bristol,7.9707,-0.7046,45.9413,4.2391
2003-12-28,44001,Bristol,8.6821,-1.0013,44.3369,2.7826
2003-12-29,44001,Bristol,10.3852,-0.315,48.9132,4.5513
2003-12-30,44001,Bristol,12.7802,1.2828,56.7392,6.476
2003-12-31,44001,Bristol,6.8484,1.3848,51.1732,5.4765
2004-01-01,44001,Bristol,5.5377,-1.2218,43.2714,5.0613
2004-01-02,44001,Bristol,5.086,-2.0783,55.429,1.8943
2004-01-03,44001,Bristol,7.0759,1.5007,57.0152,2.9585
2004-01-04,44001,Bristol,11.6295,3.0454,54.2222,2.9958
2004-01-05,44001,Bristol,4.7536,0.7562,58.1736,3.6393
2004-01-06,44001,Bristol,3.3619,-4.4871,48.4606,5.7527
2004-01-07,44001,Bristol,-3.2545,-7.8723,34.9526,7.5861
2004-01-08,44001,Bristol,-5.1894,-10.0818,43.0234,6.8113
2004-01-09,44001,Bristol,-8.5577,-16.9058,41.9696,6.5393
2004-01-10,44001,Bristol,-10.8146,-17.8705,42.5037,5.8924
2004-01-11,44001,Bristol,-3.1443,-16.2487,40.7944,4.9488
2004-01-12,44001,Bristol,1.2543,-4.7973,62.5508,4.4755
2004-01-13,44001,Bristol,2.3021,-10.2733,56.8226,6.3907
2004-01-14,44001,Bristol,-10.0646,-18.81,34.5797,5.8429
2004-01-15,44001,Bristol,-12.7289,-20.0015,49.1669,7.6194
2004-01-16,44001,Bristol,-10.8187,-20.9137,46.7496,9.3062
2004-01-17,44001,Bristol,-0.3812,-14.1001,44.779,6.1395
2004-01-18,44001,Bristol,2.5558,-6.1759,62.4629,3.5195
2004-01-19,44001,Bristol,-0.3843,-8.8193,44.898,7.1934
2004-01-20,44001,Bristol,-3.5643,-10.6071,45.8839,6.4841
2004-01-21,44001,Bristol,-3.8308,-12.527,49.4692,3.9485
2004-01-22,44001,Bristol,2.3747,-10.3344,53.5102,5.3978
2004-01-23,44001,Bristol,-3.1155,-12.2528,30.9347,6.6995
2004-01-24,44001,Bristol,-7.6506,-14.6193,40.7566,6.2394
2004-01-25,44001,Bristol,-9.9794,-17.6111,38.1602,5.3146
2004-01-26,44001,Bristol,-8.2377,-15.6253,48.5596,4.5771
2004-01-27,44001,Bristol,-4.0627,-10.3968,47.8713,4.0872
2004-01-28,44001,Bristol,-1.3996,-6.3976,56.7359,4.4773
2004-01-29,44001,Bristol,-3.0931,-10.0033,48.1233,7.6029
2004-01-30,44001,Bristol,-4.8278,-10.9248,49.3793,5.9681
2004-01-31,44001,Bristol,-1.7225,-8.5146,39.6749,5.8438
2004-02-01,44001,Bristol,2.0758,-10.9333,48.591,4.6176
2004-02-02,44001,Bristol,4.2241,-7.1344,50.4435,2.1222
2004-02-03,44001,Bristol,6.492,-5.3095,57.4957,4.0546
2004-02-04,44001,Bristol,7.8518,-2.1778,48.0226,5.3048
2004-02-05,44001,Bristol,4.1898,-3.5077,38.1714,4.1814
2004-02-06,44001,Bristol,5.4754,-1.5077,55.9608,2.8789
2004-02-07,44001,Bristol,6.6141,-0.5019,54.7286,3.3015
2004-02-08,44001,Bristol,2.5142,-7.1506,31.3863,6.9494
2004-02-09,44001,Bristol,6.139,-6.4672,51.4614,6.0736
2004-02-10,44001,Bristol,8.5191,-0.3967,48.8657,3.4233
2004-02-11,44001,Bristol,5.7677,-4.1736,39.8405,5.3149
2004-02-12,44001,Bristol,3.5174,-5.0057,49.7834,3.7335
2004-02-13,44001,Bristol,6.0174,-1.4281,49.5294,4.7775
2004-02-14,44001,Bristol,6.4648,-1.9279,47.0759,4.9879
2004-02-15,44001,Bristol,2.4803,-8.5062,32.6528,4.9477
2004-02-16,44001,Bristol,0.3015,-10.5745,38.7372,4.4034
2004-02-17,44001,Bristol,1.9574,-8.6344,53.041,3.0741
2004-02-18,44001,Bristol,3.8976,-2.9668,54.6369,7.2614
2004-02-19,44001,Bristol,4.5127,-5.5285,48.363,6.0131
2004-02-20,44001,Bristol,5.1303,-5.6679,53.1718,2.5543
2004-02-21,44001,Bristol,6.4677,-0.0791,58.7764,3.3711
2004-02-22,44001,Bristol,7.4444,-0.9557,48.4046,5.6085
2004-02-23,44001,Bristol,6.7175,-2.4797,44.3014,3.989
2004-02-24,44001,Bristol,5.6722,-2.5044,43.6281,2.3134
2004-02-25,44001,Bristol,5.3502,-3.9685,40.0439,4.9884
2004-02-26,44001,Bristol,6.0655,-4.5603,35.9391,4.4264
2004-02-27,44001,Bristol,6.3915,-4.1522,31.6241,4.5445
2004-02-28,44001,Bristol,8.7297,-3.0883,35.3076,3.4601
2004-02-29,44001,Bristol,9.6244,-0.697,42.9613,2.9493
2004-03-01,44001,Bristol,11.8723,-0.0347,51.2916,2.2534
2004-03-02,44001,Bristol,13.7075,1.5909,68.3219,4.761
2004-03-03,44001,Bristol,12.2884,1.8121,52.1309,4.2549
2004-03-04,44001,Bristol,8.0405,0.7189,68.5805,2.0251
2004-03-05,44001,Bristol,8.0473,1.283,77.7036,3.5398
2004-03-06,44001,Bristol,15.4879,4.5978,70.5434,4.8829
2004-03-07,44001,Bristol,7.7258,-0.1224,55.2919,3.5652
2004-03-08,44001,Bristol,4.3706,-1.0642,65.2765,5.5662
2004-03-09,44001,Bristol,2.918,-1.2541,68.027,1.7612
2004-03-10,44001,Bristol,5.617,-1.1463,60.6172,6.0216
2004-03-11,44001,Bristol,7.9242,-1.1162,55.9354,7.1949
2004-03-12,44001,Bristol,9.7572,-1.3664,52.1919,6.3711
2004-03-13,44001,Bristol,3.5305,-3.1941,49.7398,6.022
2004-03-14,44001,Bristol,4.7621,-4.1148,51.0661,3.9636
2004-03-15,44001,Bristol,10.8861,0.9777,50.915,5.0552
2004-03-16,44001,Bristol,5.0986,-2.4259,54.6725,6.3721
2004-03-17,44001,Bristol,-0.1991,-3.4081,75.2722,6.676
2004-03-18,44001,Bristol,0.8116,-3.6055,71.8731,2.7288
2004-03-19,44001,Bristol,1.5894,-2.8694,74.4108,5.6155
2004-03-20,44001,Bristol,4.2415,-3.1477,69.3583,4.2605
2004-03-21,44001,Bristol,10.5887,0.8576,55.1901,5.1083
2004-03-22,44001,Bristol,1.4711,-5.2395,42.7589,5.5941
2004-03-23,44001,Bristol,3.219,-5.2369,46.084,5.2158
2004-03-24,44001,Bristol,9.3658,-0.624,55.6245,2.6512
2004-03-25,44001,Bristol,9.7584,0.8789,75.1615,3.9759
2004-03-26,44001,Bristol,16.0221,5.0088,64.6435,3.7827
2004-03-27,44001,Bristol,18.4849,6.0696,63.7439,4.2598
2004-03-28,44001,Bristol,9.1038,0.787,65.7874,7.8061
2004-03-29,44001,Bristol,8.2914,-1.4476,60.1969,4.6734
2004-03-30,44001,Bristol,9.9226,-1.6753,64.812,3.002
2004-03-31,44001,Bristol,10.1959,2.1182,76.3628,3.9478
2004-04-01,44001,Bristol,11.5525,5.3376,67.3484,4.9896
2004-04-02,44001,Bristol,13.5524,3.6473,60.5114,3.3226
2004-04-03,44001,Bristol,12.9667,1.3162,63.1706,2.9567
2004-04-04,44001,Bristol,10.9637,6.0974,63.8815,2.7522
2004-04-05,44001,Bristol,7.1507,0.1896,45.5319,6.991
2004-04-06,44001,Bristol,9.285,-0.7431,36.5154,5.5286
2004-04-07,44001,Bristol,11.6272,0.9347,45.6593,2.7762
2004-04-08,44001,Bristol,13.5355,2.1366,47.9498,2.6096
2004-04-09,44001,Bristol,15.0833,3.5162,44.2958,2.9034
2004-04-10,44001,Bristol,12.38,0.8823,42.9412,3.4462
2004-04-11,44001,Bristol,13.6777,5.1901,47.2495,1.3385
2004-04-12,44001,Bristol,11.5124,4.8806,54.2991,5.5099
2004-04-13,44001,Bristol,14.2013,5.0328,72.7675,5.4562
2004-04-14,44001,Bristol,16.559,10.1954,69.2169,3.2288
2004-04-15,44001,Bristol,11.1509,3.7298,60.3339,5.6975
2004-04-16,44001,Bristol,13.5714,0.8966,39.1091,4.0215
2004-04-17,44001,Bristol,18.4089,1.6999,51.9673,4.3819
2004-04-18,44001,Bristol,22.0965,7.5298,46.3501,2.8644
2004-04-19,44001,Bristol,23.6541,6.3052,53.9121,5.4491
2004-04-20,44001,Bristol,20.2089,7.7096,47.7509,3.0685
2004-04-21,44001,Bristol,14.4291,4.6029,51.2656,3.321
2004-04-22,44001,Bristol,21.846,6.3681,63.2511,3.9754
2004-04-23,44001,Bristol,13.3906,6.3896,66.8994,4.316
2004-04-24,44001,Bristol,18.5899,6.1726,42.9428,3.7864
2004-04-25,44001,Bristol,11.9499,1.3634,43.3229,3.5645
2004-04-26,44001,Bristol,15.7826,6.1003,71.1942,3.9974
2004-04-27,44001,Bristol,19.9719,9.0712,56.291,2.8279
2004-04-28,44001,Bristol,13.8276,4.6217,47.512,4.3142
2004-04-29,44001,Bristol,18.3888,3.4918,53.4472,5.8093
2004-04-30,44001,Bristol,20.2748,7.0019,63.999,5.345
2004-05-01,44001,Bristol,21.0858,8.7256,68.243,4.6991
2004-05-02,44001,Bristol,19.9288,10.2961,72.0473,4.9362
2004-05-03,44001,Bristol,17.1395,9.7474,75.8803,4.4827
2004-05-04,44001,Bristol,12.353,4.5266,55.7222,4.8566
2004-05-05,44001,Bristol,15.1804,1.8372,63.2584,3.4291
2004-05-06,44001,Bristol,17.8723,7.0856,61.8593,2.2552
2004-05-07,44001,Bristol,25.1106,7.9314,51.2248,4.2404
2004-05-08,44001,Bristol,12.3486,4.3863,52.8134,3.6348
2004-05-09,44001,Bristol,13.4453,7.3252,72.4231,2.9811
2004-05-10,44001,Bristol,19.3103,8.3076,67.837,2.815
2004-05-11,44001,Bristol,27.3907,11.4078,61.2404,3.3944
2004-05-12,44001,Bristol,27.8911,14.7137,58.1768,2.8174
2004-05-13,44001,Bristol,22.7212,9.592,68.588,3.0588
2004-05-14,44001,Bristol,21.5767,7.3015,71.5555,2.7053
2004-05-15,44001,Bristol,26.3118,13.7678,67.9198,4.5516
2004-05-16,44001,Bristol,23.228,14.0413,65.5062,2.5938
2004-05-17,44001,Bristol,21.2737,11.8804,64.4665,2.8929
2004-05-18,44001,Bristol,22.7247,12.3138,71.5836,5.9243
2004-05-19,44001,Bristol,23.5689,13.2376,60.1086,2.1234
2004-05-20,44001,Bristol,21.0837,9.0093,56.6006,2.117
2004-05-21,44001,Bristol,24.4149,9.4761,67.145,2.5732
2004-05-22,44001,Bristol,21.2437,13.367,69.8508,1.5798
2004-05-23,44001,Bristol,26.6153,11.6986,64.4021,2.7841
2004-05-24,44001,Bristol,22.4595,12.2211,70.3366,2.1021
2004-05-25,44001,Bristol,21.3887,9.8373,65.7663,2.8622
2004-05-26,44001,Bristol,16.3567,8.6126,76.4999,2.2424
2004-05-27,44001,Bristol,21.6552,11.2077,67.9436,1.7147
2004-05-28,44001,Bristol,20.2987,10.2138,77.1712,3.388
2004-05-29,44001,Bristol,14.5171,6.2937,58.4069,4.9026
2004-05-30,44001,Bristol,18.2629,4.4966,53.7118,3.5849
2004-05-31,44001,Bristol,21.1126,8.4868,52.2005,2.8696
2004-06-01,44001,Bristol,15.6975,10.7909,70.3728,3.5775
2004-06-02,44001,Bristol,24.4425,10.5975,67.8326,3.2371
2004-06-03,44001,Bristol,22.5404,14.7134,57.9728,2.5833
2004-06-04,44001,Bristol,21.6151,9.141,53.3296,2.0461
2004-06-05,44001,Bristol,21.2129,10.3845,57.3613,3.0314
2004-06-06,44001,Bristol,14.3838,9.4643,76.3209,4.2287
2004-06-07,44001,Bristol,24.0384,11.3636,63.3515,2.7077
2004-06-08,44001,Bristol,29.6892,13.8216,60.2956,3.9527
2004-06-09,44001,Bristol,31.8349,16.4236,66.1874,4.4702
2004-06-10,44001,Bristol,26.2342,14.3332,65.2878,2.3189
2004-06-11,44001,Bristol,21.6034,10.5124,47.4045,2.1611
2004-06-12,44001,Bristol,21.3404,7.5366,51.0011,2.4295
2004-06-13,44001,Bristol,22.8532,8.8953,60.8927,4.2663
2004-06-14,44001,Bristol,21.0404,13.4807,75.8181,5.0789
2004-06-15,44001,Bristol,29.1689,16.6016,69.8506,4.8345
2004-06-16,44001,Bristol,29.4593,19.4304,57.2768,2.0531
2004-06-17,44001,Bristol,28.0023,18.7033,68.3217,1.9754
2004-06-18,44001,Bristol,25.1372,19.099,71.6882,1.4419
2004-06-19,44001,Bristol,27.4814,16.4825,60.8246,2.9405
2004-06-20,44001,Bristol,21.3083,12.3451,51.2702,3.9799
2004-06-21,44001,Bristol,24.3105,10.4941,58.1965,4.3561
2004-06-22,44001,Bristol,24.7104,14.4344,74.9474,4.6314
2004-06-23,44001,Bristol,27.3074,18.3216,53.2753,2.4891
2004-06-24,44001,Bristol,26.2326,15.3252,57.7092,2.543
2004-06-25,44001,Bristol,26.5139,14.2314,69.0827,3.2922
2004-06-26,44001,Bristol,26.7805,16.3629,62.8879,2.8188
2004-06-27,44001,Bristol,24.4622,11.1227,57.2519,4.2758
2004-06-28,44001,Bristol,25.6994,13.1536,58.352,2.62
2004-06-29,44001,Bristol,26.6533,16.6115,58.2271,1.8769
2004-06-30,44001,Bristol,25.8258,14.8455,60.2794,3.5607
2004-07-01,44001,Bristol,26.4642,15.3344,71.0418,3.8275
2004-07-02,44001,Bristol,27.1438,16.6661,78.5904,3.6142
2004-07-03,44001,Bristol,26.3044,18.1337,65.0813,1.7764
2004-07-04,44001,Bristol,27.1742,15.9772,67.61,2.3673
2004-07-05,44001,Bristol,23.284,15.2485,88.513,3.6396
2004-07-06,44001,Bristol,27.1988,19.0267,74.4716,1.9436
2004-07-07,44001,Bristol,26.4628,17.7898,69.7454,1.7518
2004-07-08,44001,Bristol,24.9507,16.744,83.5961,2.9191
2004-07-09,44001,Bristol,26.1728,17.6997,65.7045,3.6843
2004-07-10,44001,Bristol,26.318,14.8913,69.8829,2.6095
2004-07-11,44001,Bristol,26.2303,15.1909,66.888,1.9295
2004-07-12,44001,Bristol,25.2041,14.0521,67.8317,2.9955
2004-07-13,44001,Bristol,20.0758,17.2108,86.2727,4.4628
2004-07-14,44001,Bristol,22.1855,17.7784,84.4083,2.3547
2004-07-15,44001,Bristol,26.2808,18.6772,75.2748,3.9781
2004-07-16,44001,Bristol,25.6975,18.8614,70.2633,4.6652
2004-07-17,44001,Bristol,28.2808,18.1485,70.317,3.4915
2004-07-18,44001,Bristol,27.8008,19.5267,70.8608,2.9448
2004-07-19,44001,Bristol,26.3669,18.1987,79.5142,2.4318
2004-07-20,44001,Bristol,28.5245,20.2426,70.0857,3.4615
2004-07-21,44001,Bristol,29.3709,18.4882,62.7387,1.7508
2004-07-22,44001,Bristol,28.6668,16.7472,65.4715,2.6765
2004-07-23,44001,Bristol,29.3426,17.0669,71.0504,3.8009
2004-07-24,44001,Bristol,25.4516,18.4013,79.5207,3.014
2004-07-25,44001,Bristol,22.541,16.0653,73.1375,4.1043
2004-07-26,44001,Bristol,25.5397,15.7969,60.565,2.9305
2004-07-27,44001,Bristol,23.9525,14.9073,71.7017,2.4542
2004-07-28,44001,Bristol,25.243,17.6893,77.9853,1.498
2004-07-29,44001,Bristol,28.7681,19.7627,68.8282,2.2987
2004-07-30,44001,Bristol,30.0292,18.509,69.9207,3.781
2004-07-31,44001,Bristol,30.06,21.2927,73.7966,5.607
2004-08-01,44001,Bristol,28.3365,21.3764,77.0088,4.4786
2004-08-02,44001,Bristol,30.9396,20.9964,68.0797,2.737
2004-08-03,44001,Bristol,31.1316,19.1995,67.2063,3.2773
2004-08-04,44001,Bristol,30.7231,18.5218,63.9983,1.4601
2004-08-05,44001,Bristol,20.413,16.9207,86.5891,2.9518
2004-08-06,44001,Bristol,22.3252,15.6542,68.2256,2.7872
2004-08-07,44001,Bristol,22.1363,13.7763,61.1547,3.1692
2004-08-08,44001,Bristol,24.3718,12.0959,63.6076,3.9798
2004-08-09,44001,Bristol,26.7767,16.2021,57.8142,3.212
2004-08-10,44001,Bristol,27.6505,15.116,68.1594,3.9923
2004-08-11,44001,Bristol,27.0072,18.2782,73.8134,5.0768
2004-08-12,44001,Bristol,28.4284,18.3808,72.2226,4.2188
2004-08-13,44001,Bristol,25.8474,18.0788,84.4175,3.8285
2004-08-14,44001,Bristol,28.4792,19.668,72.0541,2.626
2004-08-15,44001,Bristol,22.5419,17.5069,83.3906,1.5255
2004-08-16,44001,Bristol,20.8674,16.9739,87.8275,1.678
2004-08-17,44001,Bristol,24.124,16.5354,76.9256,2.1165
2004-08-18,44001,Bristol,25.2666,16.2763,78.6768,3.2384
2004-08-19,44001,Bristol,26.9029,18.4939,83.6644,5.0041
2004-08-20,44001,Bristol,29.7936,20.8254,79.3793,4.0864
2004-08-21,44001,Bristol,26.5285,19.1573,83.9601,5.5472
2004-08-22,44001,Bristol,22.0526,14.6067,68.742,2.4712
2004-08-23,44001,Bristol,24.8178,12.4295,75.3894,2.9661
2004-08-24,44001,Bristol,22.9153,13.5648,69.6459,3.087
2004-08-25,44001,Bristol,22.6079,12.3089,63.4283,2.0501
2004-08-26,44001,Bristol,22.6396,12.318,71.5051,2.313
2004-08-27,44001,Bristol,27.2658,13.4956,80.3167,4.4351
2004-08-28,44001,Bristol,29.1318,19.9853,79.6843,4.7405
2004-08-29,44001,Bristol,28.6208,20.438,78.2981,4.0151
2004-08-30,44001,Bristol,28.9507,19.7918,78.7141,3.5386
2004-08-31,44001,Bristol,28.2716,19.6594,76.9667,2.0662
2004-09-01,44001,Bristol,25.9555,15.8412,64.6942,2.3625
2004-09-02,44001,Bristol,23.1351,13.6874,64.8519,2.7262
2004-09-03,44001,Bristol,25.4654,14.0018,69.0283,3.0123
2004-09-04,44001,Bristol,28.8938,16.3859,66.3488,3.364
2004-09-05,44001,Bristol,21.2365,10.7616,69.6161,4.8285
2004-09-06,44001,Bristol,23.2619,9.9116,68.6497,2.988
2004-09-07,44001,Bristol,27.314,13.2472,78.0812,2.7661
2004-09-08,44001,Bristol,26.3322,19.3971,78.7423,3.1177
2004-09-09,44001,Bristol,25.4483,19.0101,84.6804,5.6581
2004-09-10,44001,Bristol,25.5509,16.5272,70.4984,4.5262
2004-09-11,44001,Bristol,22.0567,12.5406,67.0378,3.0267
2004-09-12,44001,Bristol,23.3915,10.6786,67.4955,1.6012
2004-09-13,44001,Bristol,26.8166,13.7409,65.2578,2.6341
2004-09-14,44001,Bristol,20.4541,9.4519,65.3168,3.2588
2004-09-15,44001,Bristol,22.0483,8.8785,77.9722,1.5707
2004-09-16,44001,Bristol,21.499,16.5516,81.1711,1.2773
2004-09-17,44001,Bristol,26.651,15.7672,80.0405,2.7661
2004-09-18,44001,Bristol,21.875,12.6302,85.1285,4.4679
2004-09-19,44001,Bristol,15.2645,9.0627,69.404,6.6316
2004-09-20,44001,Bristol,19.3755,9.5897,62.6411,3.9706
2004-09-21,44001,Bristol,21.7465,12.6783,63.4391,1.9567
2004-09-22,44001,Bristol,26.0755,13.6439,64.2057,2.5798
2004-09-23,44001,Bristol,24.6541,12.8627,64.9772,2.6621
2004-09-24,44001,Bristol,21.9672,11.3913,66.4162,1.6303
2004-09-25,44001,Bristol,23.0281,10.9051,76.3184,4.373
2004-09-26,44001,Bristol,24.4576,14.1814,64.3115,1.8912
2004-09-27,44001,Bristol,23.1029,13.0373,68.6622,1.989
2004-09-28,44001,Bristol,22.3178,13.011,92.9418,2.5652
2004-09-29,44001,Bristol,19.7052,10.6888,79.0488,7.5095
2004-09-30,44001,Bristol,19.8173,8.6467,73.2135,2.5656
2004-10-01,44001,Bristol,20.904,11.4293,65.7512,1.4128
2004-10-02,44001,Bristol,21.0834,11.1516,74.491,2.5571
2004-10-03,44001,Bristol,19.395,9.425,70.0234,2.4425
2004-10-04,44001,Bristol,19.3386,8.1438,71.1795,2.1317
2004-10-05,44001,Bristol,13.8044,2.9403,63.5997,3.9067
2004-10-06,44001,Bristol,14.7246,0.7774,62.0359,2.8878
2004-10-07,44001,Bristol,20.8357,6.3139,59.195,1.9004
2004-10-08,44001,Bristol,21.8003,9.1545,65.7521,2.8331
2004-10-09,44001,Bristol,22.4581,9.8383,71.6921,3.5902
2004-10-10,44001,Bristol,20.5531,10.7347,65.3757,2.73
2004-10-11,44001,Bristol,16.0203,9.0417,64.5556,5.8651
2004-10-12,44001,Bristol,16.3907,6.7202,62.0344,5.4244
2004-10-13,44001,Bristol,19.0386,5.224,56.8923,2.3955
2004-10-14,44001,Bristol,17.6291,8.8859,79.96,3.5734
2004-10-15,44001,Bristol,19.1609,12.0543,80.9806,2.5652
2004-10-16,44001,Bristol,17.2623,10.7984,71.3798,5.6914
2004-10-17,44001,Bristol,13.0118,5.8792,62.3116,6.2201
2004-10-18,44001,Bristol,13.4976,4.6054,63.2662,3.593
2004-10-19,44001,Bristol,10.6929,7.7792,79.64,5.5558
2004-10-20,44001,Bristol,12.8088,7.1656,69.9754,6.7155
2004-10-21,44001,Bristol,13.7898,6.7652,68.5439,5.9621
2004-10-22,44001,Bristol,11.0032,7.0744,77.1338,6.9669
2004-10-23,44001,Bristol,13.0836,6.3456,67.5837,7.0814
2004-10-24,44001,Bristol,13.1929,6.9731,73.4348,6.0815
2004-10-25,44001,Bristol,13.4567,7.084,71.315,4.5043
2004-10-26,44001,Bristol,14.2135,4.9675,64.0943,3.7419
2004-10-27,44001,Bristol,13.7721,3.1885,71.5583,3.895
2004-10-28,44001,Bristol,10.9822,2.8493,57.8228,3.4383
2004-10-29,44001,Bristol,12.8277,1.2545,75.7015,2.9735
2004-10-30,44001,Bristol,15.936,8.9456,83.4895,4.1626
2004-10-31,44001,Bristol,22.6952,11.7257,59.6111,5.2681
2004-11-01,44001,Bristol,14.0975,5.2232,58.6279,5.2657
2004-11-02,44001,Bristol,12.6943,4.8417,67.841,3.6097
2004-11-03,44001,Bristol,14.3005,0.4939,61.6723,6.1721
2004-11-04,44001,Bristol,11.7066,-2.5611,68.7017,3.9445
2004-11-05,44001,Bristol,12.672,3.2346,57.5408,8.8509
2004-11-06,44001,Bristol,12.6591,3.3459,62.5552,6.9964
2004-11-07,44001,Bristol,16.8062,3.8367,62.942,4.7467
2004-11-08,44001,Bristol,10.7473,-0.6829,53.3501,4.9334
2004-11-09,44001,Bristol,5.0588,-4.1986,44.8063,5.1964
2004-11-10,44001,Bristol,4.1227,-4.5953,54.701,3.2136
2004-11-11,44001,Bristol,13.3665,0.447,66.3328,5.1332
2004-11-12,44001,Bristol,8.1617,1.3014,71.4558,5.7607
2004-11-13,44001,Bristol,4.4588,-3.5142,68.855,8.0151
2004-11-14,44001,Bristol,3.5116,-5.5459,63.4092,6.0577
2004-11-15,44001,Bristol,8.5775,-2.1604,56.8265,3.4914
2004-11-16,44001,Bristol,9.8637,-1.2145,58.8969,2.4521
2004-11-17,44001,Bristol,10.2399,-1.2194,65.219,2.2299
2004-11-18,44001,Bristol,14.3153,3.6589,62.2571,2.8168
2004-11-19,44001,Bristol,17.1763,5.1293,58.1403,2.6205
2004-11-20,44001,Bristol,9.5952,0.3429,65.421,2.4573
2004-11-21,44001,Bristol,10.8162,4.5666,75.5894,2.3917
2004-11-22,44001,Bristol,13.0182,6.5725,66.1154,2.0967
2004-11-23,44001,Bristol,12.3686,3.0411,62.4421,2.1776
2004-11-24,44001,Bristol,13.5042,2.8987,80.4283,4.6542
2004-11-25,44001,Bristol,16.9501,4.4878,78.507,7.2849
2004-11-26,44001,Bristol,5.8952,-2.2732,48.2016,5.2133
2004-11-27,44001,Bristol,9.6363,-1.1625,62.1393,3.8619
2004-11-28,44001,Bristol,14.0952,5.6131,76.5973,7.0696
2004-11-29,44001,Bristol,11.9136,0.1164,54.8875,4.2311
2004-11-30,44001,Bristol,8.6197,-0.2755,64.8799,1.6586
2004-12-01,44001,Bristol,14.0951,2.6274,66.3902,8.446
2004-12-02,44001,Bristol,8.5888,-0.9784,55.4114,4.2264
2004-12-03,44001,Bristol,8.533,0.735,54.7349,3.1547
2004-12-04,44001,Bristol,3.9747,-2.344,55.7146,4.1343
2004-12-05,44001,Bristol,10.8725,-1.369,53.4416,5.4555
2004-12-06,44001,Bristol,3.5721,-3.2063,53.2845,4.285
2004-12-07,44001,Bristol,9.3097,0.1072,70.031,5.6747
2004-12-08,44001,Bristol,13.6588,2.0684,61.3277,5.9733
2004-12-09,44001,Bristol,8.0142,-1.1258,65.6037,2.7419
2004-12-10,44001,Bristol,8.733,3.8122,72.7488,5.6706
2004-12-11,44001,Bristol,14.3404,4.9175,70.1006,2.9819
2004-12-12,44001,Bristol,8.6577,0.8839,64.093,4.6876
2004-12-13,44001,Bristol,8.7872,1.0826,64.8251,4.7445
2004-12-14,44001,Bristol,3.564,-5.4784,48.9363,5.4851
2004-12-15,44001,Bristol,-2.3584,-7.1248,40.1486,5.2156
2004-12-16,44001,Bristol,3.9559,-7.7261,62.5407,4.7892
2004-12-17,44001,Bristol,6.0678,-4.3389,55.982,5.8519
2004-12-18,44001,Bristol,4.623,-4.659,59.3744,2.774
2004-12-19,44001,Bristol,6.5342,-0.8584,70.7625,2.6143
2004-12-20,44001,Bristol,2.6187,-13.3788,60.2906,6.2076
2004-12-21,44001,Bristol,2.0223,-14.0054,68.4954,4.9001
2004-12-22,44001,Bristol,6.9393,-2.9512,66.3379,2.7134
2004-12-23,44001,Bristol,12.7601,-0.0625,79.5919,6.7638
2004-12-24,44001,Bristol,11.1611,-2.5313,38.6699,4.6322
2004-12-25,44001,Bristol,1.8715,-3.6102,45.749,3.0275
2004-12-26,44001,Bristol,4.1542,-2.4677,69.4001,7.0173
2004-12-27,44001,Bristol,1.0761,-13.4577,53.1859,8.7082
2004-12-28,44001,Bristol,0.5818,-13.9751,94.2779,5.2172
2004-12-29,44001,Bristol,2.3559,-2.8037,72.9356,4.8058
2004-12-30,44001,Bristol,2.6652,-2.8938,63.6481,2.2885
2004-12-31,44001,Bristol,3.9643,-1.592,74.1821,4.4616
2005-01-01,44001,Bristol,7.8347,-0.8342,56.55,4.7111
2005-01-02,44001,Bristol,4.3163,-2.1018,59.2503,4.6051
2005-01-03,44001,Bristol,12.2613,3.4871,66.7196,2.8602
2005-01-04,44001,Bristol,7.9969,2.156,69.086,2.5577
2005-01-05,44001,Bristol,4.4466,-1.2841,60.1963,3.5903
2005-01-06,44001,Bristol,3.4023,-1.5128,68.5411,4.73
2005-01-07,44001,Bristol,2.8422,-1.5811,59.9641,4.703
2005-01-08,44001,Bristol,2.8266,-1.6329,66.8074,3.5965
2005-01-09,44001,Bristol,1.7754,-3.2838,67.8069,2.7822
2005-01-10,44001,Bristol,4.9102,-1.7985,64.3882,5.0361
2005-01-11,44001,Bristol,0.7858,-3.5948,60.5948,3.1909
2005-01-12,44001,Bristol,3.5143,-0.8406,70.65,3.4094
2005-01-13,44001,Bristol,7.6713,2.197,64.9149,3.2638
2005-01-14,44001,Bristol,14.7868,1.6446,60.6651,6.6179
2005-01-15,44001,Bristol,2.3565,-2.0796,43.7065,2.8665
2005-01-16,44001,Bristol,2.2969,-1.9583,49.5441,6.0017
2005-01-17,44001,Bristol,0.0872,-8.9083,52.2685,6.8652
2005-01-18,44001,Bristol,-8.0668,-14.2374,44.0712,7.1228
2005-01-19,44001,Bristol,0.1126,-14.3403,68.166,3.3654
2005-01-20,44001,Bristol,0.0266,-7.4015,54.885,5.4187
2005-01-21,44001,Bristol,-6.9376,-15.7399,41.2533,6.6548
2005-01-22,44001,Bristol,0.0015,-16.262,61.0787,5.7705
2005-01-23,44001,Bristol,1.2938,-15.9273,57.5006,11.4646
2005-01-24,44001,Bristol,-5.4109,-18.7112,63.0523,6.2138
2005-01-25,44001,Bristol,-3.5505,-9.7492,56.8745,4.9733
2005-01-26,44001,Bristol,0.8594,-8.9448,70.7359,4.7565
2005-01-27,44001,Bristol,-3.8439,-17.8908,50.7286,8.0765
2005-01-28,44001,Bristol,-7.3246,-18.603,51.3144,6.0239
2005-01-29,44001,Bristol,-0.7623,-17.3508,56.1898,3.8582
2005-01-30,44001,Bristol,0.4553,-8.1295,61.45,4.064
2005-01-31,44001,Bristol,1.3004,-11.5251,58.7133,4.9842
2005-02-01,44001,Bristol,1.5004,-13.373,57.7024,2.3242
2005-02-02,44001,Bristol,2.4796,-11.8203,64.7643,4.4217
2005-02-03,44001,Bristol,3.0492,-7.1538,76.7974,4.6323
2005-02-04,44001,Bristol,4.052,-2.7334,71.1126,5.8072
2005-02-05,44001,Bristol,4.8903,-4.6947,64.8807,4.7691
2005-02-06,44001,Bristol,6.3192,-3.2482,61.5414,4.5447
2005-02-07,44001,Bristol,6.1588,-4.0197,61.0416,1.6708
2005-02-08,44001,Bristol,7.7004,-0.8791,56.7366,2.4947
2005-02-09,44001,Bristol,6.871,0.2392,63.9186,1.8761
2005-02-10,44001,Bristol,10.1178,-0.1214,67.4284,4.0069
2005-02-11,44001,Bristol,3.2971,-4.9973,56.2547,7.4232
2005-02-12,44001,Bristol,3.9541,-5.1002,63.9576,5.3126
2005-02-13,44001,Bristol,3.5782,-4.6315,57.4385,4.4257
2005-02-14,44001,Bristol,4.9857,-4.9504,65.9371,5.268
2005-02-15,44001,Bristol,12.5754,2.2996,55.573,4.4746
2005-02-16,44001,Bristol,13.4124,1.4252,62.675,3.9805
2005-02-17,44001,Bristol,6.3968,-1.3142,44.9637,3.7448
2005-02-18,44001,Bristol,2.8192,-4.7221,33.5336,5.5712
2005-02-19,44001,Bristol,-0.3504,-8.0483,30.7981,5.1574
2005-02-20,44001,Bristol,1.5844,-4.9608,38.8433,4.1835
2005-02-21,44001,Bristol,3.7497,-4.6338,73.4084,4.7908
2005-02-22,44001,Bristol,4.0197,-1.0198,66.7869,3.7432
2005-02-23,44001,Bristol,3.9922,-3.6589,57.6524,4.6844
2005-02-24,44001,Bristol,0.2275,-5.8942,50.7803,4.4333
2005-02-25,44001,Bristol,-0.2392,-7.7793,63.8999,4.962
2005-02-26,44001,Bristol,2.3033,-8.8762,59.1184,3.7782
2005-02-27,44001,Bristol,0.9748,-7.7089,53.4336,5.2254
2005-02-28,44001,Bristol,2.8262,-7.2258,65.9878,6.3826
2005-03-01,44001,Bristol,2.3858,-1.8033,68.5298,5.0945
2005-03-02,44001,Bristol,2.3239,-4.9726,59.7067,6.4832
2005-03-03,44001,Bristol,-0.1725,-8.4666,52.4543,6.9723
2005-03-04,44001,Bristol,1.6483,-8.7076,53.6868,5.4755
2005-03-05,44001,Bristol,3.2427,-5.0047,54.013,3.9364
2005-03-06,44001,Bristol,6.1671,-3.212,55.1428,5.0219
2005-03-07,44001,Bristol,8.6467,0.0455,57.8146,3.9687
2005-03-08,44001,Bristol,8.1193,-7.8689,71.3857,6.1125
2005-03-09,44001,Bristol,-2.3742,-10.9544,47.7199,8.8207
2005-03-10,44001,Bristol,0.2809,-9.3699,50.0879,4.2927
2005-03-11,44001,Bristol,3.2685,-6.6175,67.7654,2.8671
2005-03-12,44001,Bristol,3.6942,-1.0742,70.3739,3.9457
2005-03-13,44001,Bristol,5.3012,-2.3512,56.0564,2.678
2005-03-14,44001,Bristol,4.5655,-3.6581,49.9147,4.9767
2005-03-15,44001,Bristol,4.8027,-3.8489,52.9631,5.9768
2005-03-16,44001,Bristol,4.7467,-5.147,53.5617,5.078
2005-03-17,44001,Bristol,5.118,-3.5874,48.4797,2.8072
2005-03-18,44001,Bristol,7.1681,-3.9749,49.4623,3.0129
2005-03-19,44001,Bristol,8.0963,-1.7991,41.5875,3.5394
2005-03-20,44001,Bristol,9.9969,-1.2842,45.7237,1.8952
2005-03-21,44001,Bristol,7.0483,0.4223,60.2546,1.8006
2005-03-22,44001,Bristol,11.6914,-2.2486,43.694,3.0846
2005-03-23,44001,Bristol,9.5201,-0.6349,45.7664,5.6443
2005-03-24,44001,Bristol,6.3073,-1.14,59.831,6.4077
2005-03-25,44001,Bristol,10.418,-2.1079,50.6155,3.2879
2005-03-26,44001,Bristol,8.4688,-2.3118,45.137,2.6359
2005-03-27,44001,Bristol,9.4986,-1.2275,49.7248,2.3383
2005-03-28,44001,Bristol,12.7893,-0.22,71.0026,4.5179
2005-03-29,44001,Bristol,13.9774,5.5821,61.012,4.4719
2005-03-30,44001,Bristol,14.3246,3.1738,46.4472,4.2866
2005-03-31,44001,Bristol,13.2152,2.5419,50.0921,2.3541
2005-04-01,44001,Bristol,12.5424,1.59,59.7995,1.4955
2005-04-02,44001,Bristol,10.5695,2.9719,76.5194,7.2913
2005-04-03,44001,Bristol,13.4639,4.6974,61.4854,5.3304
2005-04-04,44001,Bristol,11.5712,4.1881,57.9616,4.7731
2005-04-05,44001,Bristol,16.7934,3.0834,40.1349,3.5443
2005-04-06,44001,Bristol,16.4915,6.6719,47.9029,1.7238
2005-04-07,44001,Bristol,19.4797,5.7535,58.1791,4.3363
2005-04-08,44001,Bristol,15.9181,6.3605,58.8972,2.365
2005-04-09,44001,Bristol,15.6181,2.4646,42.9944,2.6515
2005-04-10,44001,Bristol,19.295,2.0379,37.0009,1.282
2005-04-11,44001,Bristol,9.8853,2.2007,43.133,4.3964
2005-04-12,44001,Bristol,9.7287,0.3204,45.1964,3.8375
2005-04-13,44001,Bristol,9.9167,2.6519,46.9507,1.9115
2005-04-14,44001,Bristol,13.4086,0.353,49.0072,5.2523
2005-04-15,44001,Bristol,11.2758,-0.2292,43.2504,5.6033
2005-04-16,44001,Bristol,13.4291,-0.4857,41.957,2.8446
2005-04-17,44001,Bristol,20.2004,0.6236,39.8211,2.5786
2005-04-18,44001,Bristol,21.0653,5.4347,35.1162,2.8309
2005-04-19,44001,Bristol,22.0498,3.5347,43.4554,3.0181
2005-04-20,44001,Bristol,29.0245,7.3708,41.4014,3.9022
2005-04-21,44001,Bristol,14.318,3.8782,54.0642,3.7406
2005-04-22,44001,Bristol,15.5511,2.0347,49.3444,2.9227
2005-04-23,44001,Bristol,19.6121,6.9819,67.0046,5.8538
2005-04-24,44001,Bristol,17.1894,5.4224,67.5541,5.0896
2005-04-25,44001,Bristol,12.1216,5.6955,55.7822,5.1414
2005-04-26,44001,Bristol,18.3011,3.7033,52.3849,3.8331
2005-04-27,44001,Bristol,15.184,7.4485,72.4988,4.187
2005-04-28,44001,Bristol,18.4956,7.4127,51.0818,4.2743
2005-04-29,44001,Bristol,16.7437,4.8217,51.0955,4.0691
2005-04-30,44001,Bristol,14.4676,7.6427,75.7875,4.2666
2005-05-01,44001,Bristol,18.166,8.2611,66.27,3.5793
2005-05-02,44001,Bristol,15.9598,4.5779,53.8952,3.5115
2005-05-03,44001,Bristol,14.3284,5.9568,56.3976,3.5136
2005-05-04,44001,Bristol,14.7873,7.1646,50.0302,2.5242
2005-05-05,44001,Bristol,14.6889,5.1082,48.6395,1.7858
2005-05-06,44001,Bristol,15.0489,3.3315,60.8447,5.1726
2005-05-07,44001,Bristol,10.0718,6.2646,76.6803,8.2719
2005-05-08,44001,Bristol,11.3394,6.0867,72.4423,7.6301
2005-05-09,44001,Bristol,14.5018,7.4078,68.1065,4.8057
2005-05-10,44001,Bristol,19.0316,8.8457,63.6874,1.7912
2005-05-11,44001,Bristol,20.4497,8.4825,64.1656,4.0046
2005-05-12,44001,Bristol,16.7891,2.7209,61.4927,4.7401
2005-05-13,44001,Bristol,14.8095,-0.3543,49.6929,3.4134
2005-05-14,44001,Bristol,15.6992,5.3621,71.9194,3.1936
2005-05-15,44001,Bristol,21.8427,8.2696,70.6729,1.6773
2005-05-16,44001,Bristol,18.1444,8.7866,65.4762,1.7919
2005-05-17,44001,Bristol,17.2966,7.1979,66.9945,1.3769
2005-05-18,44001,Bristol,17.519,8.863,55.7818,0.9258
2005-05-19,44001,Bristol,17.9629,8.0349,54.5469,2.0499
2005-05-20,44001,Bristol,18.3753,6.1809,56.9212,2.3631
2005-05-21,44001,Bristol,14.3877,5.0314,71.2362,5.0493
2005-05-22,44001,Bristol,13.6156,7.5117,70.9294,2.6735
2005-05-23,44001,Bristol,14.4377,7.5814,74.3828,1.0746
2005-05-24,44001,Bristol,11.4667,6.7003,78.1667,6.5042
2005-05-25,44001,Bristol,10.7607,6.9977,77.0648,8.4199
2005-05-26,44001,Bristol,15.0479,8.2774,76.4949,4.0763
2005-05-27,44001,Bristol,17.6411,10.3722,73.1242,2.6221
2005-05-28,44001,Bristol,23.0095,9.4886,62.8218,3.0242
2005-05-29,44001,Bristol,22.5643,10.9287,65.0203,1.1019
2005-05-30,44001,Bristol,22.4536,11.9611,59.092,2.2213
2005-05-31,44001,Bristol,20.941,11.6491,63.1743,2.1647
2005-06-01,44001,Bristol,21.0879,11.0553,62.9743,2.1133
2005-06-02,44001,Bristol,21.8313,10.1634,64.386,3.502
2005-06-03,44001,Bristol,21.8432,9.0665,71.1269,3.3085
2005-06-04,44001,Bristol,26.4793,14.8404,61.972,1.9082
2005-06-05,44001,Bristol,28.9592,14.55,61.458,1.9189
2005-06-06,44001,Bristol,24.5608,14.4843,70.9352,3.451
2005-06-07,44001,Bristol,27.2073,16.1853,69.4888,5.2483
2005-06-08,44001,Bristol,28.8078,15.9823,59.4668,2.2745
2005-06-09,44001,Bristol,29.1585,16.645,65.839,3.0992
2005-06-10,44001,Bristol,26.6966,15.7232,72.2867,4.5654
2005-06-11,44001,Bristol,27.4677,18.5689,70.2169,4.5001
2005-06-12,44001,Bristol,28.59,19.0637,70.6098,4.4977
2005-06-13,44001,Bristol,30.2874,20.0716,68.4873,3.6728
2005-06-14,44001,Bristol,30.7365,20.2817,66.0065,1.7141
2005-06-15,44001,Bristol,21.1654,14.1129,68.5529,2.834
2005-06-16,44001,Bristol,21.7547,12.8335,71.71,2.1165
2005-06-17,44001,Bristol,23.2507,13.0588,67.1895,3.425
2005-06-18,44001,Bristol,21.0149,15.4753,65.9174,1.8923
2005-06-19,44001,Bristol,19.4707,10.6098,68.4436,3.5759
2005-06-20,44001,Bristol,21.5224,8.2335,61.6517,2.42
2005-06-21,44001,Bristol,25.2449,10.8848,68.2237,4.5142
2005-06-22,44001,Bristol,26.1297,15.1172,62.2149,2.7321
2005-06-23,44001,Bristol,23.0165,13.4614,55.5032,2.7896
2005-06-24,44001,Bristol,26.8185,12.4549,63.9763,4.6571
2005-06-25,44001,Bristol,30.0892,16.234,64.9223,5.3576
2005-06-26,44001,Bristol,30.8765,18.2856,65.7541,3.8921
2005-06-27,44001,Bristol,29.7604,17.5864,69.5017,2.5812
2005-06-28,44001,Bristol,26.3715,20.1363,71.5592,3.6041
2005-06-29,44001,Bristol,29.7345,20.1823,67.1626,5.0153
2005-06-30,44001,Bristol,25.6818,20.3529,70.9783,2.7814
2005-07-01,44001,Bristol,24.1209,19.5909,76.199,2.1446
2005-07-02,44001,Bristol,28.6127,17.827,63.8583,2.6502
2005-07-03,44001,Bristol,25.1454,13.2222,58.4985,2.8011
2005-07-04,44001,Bristol,25.836,12.6135,60.7191,1.6792
2005-07-05,44001,Bristol,27.2011,14.3303,71.7157,3.6529
2005-07-06,44001,Bristol,25.9286,18.9967,71.1125,2.7717
2005-07-07,44001,Bristol,19.811,16.8004,75.0929,4.6456
2005-07-08,44001,Bristol,19.9921,14.2554,80.8225,4.0105
2005-07-09,44001,Bristol,24.9791,15.2469,68.7345,4.0209
2005-07-10,44001,Bristol,30.2743,17.8946,57.7378,3.9025
2005-07-11,44001,Bristol,31.3997,18.4573,62.1983,3.0629
2005-07-12,44001,Bristol,27.311,16.4794,66.2202,2.2499
2005-07-13,44001,Bristol,22.2153,16.2266,75.313,2.8427
2005-07-14,44001,Bristol,27.995,17.4416,76.1135,3.8098
2005-07-15,44001,Bristol,30.9902,20.2344,67.8621,1.8368
2005-07-16,44001,Bristol,28.5916,18.6453,68.1901,2.0884
2005-07-17,44001,Bristol,28.5281,18.0585,73.7701,2.4356
2005-07-18,44001,Bristol,29.4575,21.1599,72.3715,3.255
2005-07-19,44001,Bristol,32.147,22.123,69.9959,3.1664
2005-07-20,44001,Bristol,32.9442,22.2598,58.3836,2.3605
2005-07-21,44001,Bristol,30.411,19.5471,55.4994,2.1995
2005-07-22,44001,Bristol,32.1253,18.4462,60.4371,2.407
2005-07-23,44001,Bristol,28.7492,16.8934,56.0341,3.5151
2005-07-24,44001,Bristol,28.4695,14.536,54.1352,3.0572
2005-07-25,44001,Bristol,30.4757,18.4627,66.9117,5.3493
2005-07-26,44001,Bristol,33.4484,19.6381,56.2195,3.5302
2005-07-27,44001,Bristol,34.2757,22.2348,65.1568,4.8126
2005-07-28,44001,Bristol,25.3694,16.1041,65.4542,4.0282
2005-07-29,44001,Bristol,29.8201,14.3115,58.7055,2.8148
2005-07-30,44001,Bristol,30.1824,16.7758,56.5182,1.5281
2005-07-31,44001,Bristol,27.7028,15.864,59.4785,2.6662
2005-08-01,44001,Bristol,28.3809,15.0764,64.1567,2.4269
2005-08-02,44001,Bristol,31.5836,19.721,62.4349,2.7042
2005-08-03,44001,Bristol,33.5772,19.5033,51.8794,1.8221
2005-08-04,44001,Bristol,31.1236,18.289,54.964,2.791
2005-08-05,44001,Bristol,35.1001,18.0423,58.335,3.8807
2005-08-06,44001,Bristol,29.6637,18.6485,53.4199,1.989
2005-08-07,44001,Bristol,30.4106,16.6216,57.405,2.9148
2005-08-08,44001,Bristol,32.6906,18.9157,61.9643,3.418
2005-08-09,44001,Bristol,29.9856,20.9165,66.3549,3.8575
2005-08-10,44001,Bristol,31.4988,20.6825,62.2461,3.2194
2005-08-11,44001,Bristol,33.4187,20.2648,60.7111,2.7449
2005-08-12,44001,Bristol,32.022,20.4404,60.5021,2.7956
2005-08-13,44001,Bristol,35.8667,22.5677,60.8627,4.2656
2005-08-14,44001,Bristol,34.2669,24.4647,65.8438,3.3599
2005-08-15,44001,Bristol,23.2806,19.5839,83.7687,3.5057
2005-08-16,44001,Bristol,25.9341,17.8984,67.2342,2.2329
2005-08-17,44001,Bristol,29.4399,18.4404,54.5472,2.7789
2005-08-18,44001,Bristol,26.1116,15.5674,55.0644,2.0518
2005-08-19,44001,Bristol,25.7555,16.7497,66.331,3.2301
2005-08-20,44001,Bristol,27.1886,19.019,69.4478,1.7886
2005-08-21,44001,Bristol,30.3642,20.76,72.0849,4.0351
2005-08-22,44001,Bristol,30.4117,18.1109,53.4385,2.459
2005-08-23,44001,Bristol,26.96,14.5382,54.47,2.6591
2005-08-24,44001,Bristol,25.2854,18.1657,55.1018,2.2846
2005-08-25,44001,Bristol,25.5308,16.1497,58.2672,2.7565
2005-08-26,44001,Bristol,29.188,16.8828,49.9493,2.3911
2005-08-27,44001,Bristol,29.259,15.7566,57.7969,2.9183
2005-08-28,44001,Bristol,28.5667,18.9288,71.354,3.4114
2005-08-29,44001,Bristol,27.6838,20.8181,80.183,3.1446
2005-08-30,44001,Bristol,24.489,23.3336,86.7101,3.0091
2005-08-31,44001,Bristol,27.6123,20.9528,89.9228,5.8984
2005-09-01,44001,Bristol,28.1651,18.6151,64.4088,3.2416
2005-09-02,44001,Bristol,27.9924,16.1491,64.3781,2.9913
2005-09-03,44001,Bristol,25.8305,16.0243,57.8749,2.4468
2005-09-04,44001,Bristol,25.6423,13.8055,61.6922,2.7534
2005-09-05,44001,Bristol,24.2116,12.9938,61.7639,3.527
2005-09-06,44001,Bristol,24.1416,11.8261,59.6902,2.0621
2005-09-07,44001,Bristol,25.6885,12.7412,58.5822,1.4714
2005-09-08,44001,Bristol,26.5935,12.9064,64.7009,3.1149
2005-09-09,44001,Bristol,25.3326,14.6762,61.3332,2.362
2005-09-10,44001,Bristol,22.3928,9.9479,54.0672,3.1005
2005-09-11,44001,Bristol,22.0722,7.5025,62.8661,3.0055
2005-09-12,44001,Bristol,30.3279,13.8076,60.4566,4.8993
2005-09-13,44001,Bristol,29.8495,17.084,61.9092,2.0857
2005-09-14,44001,Bristol,29.8872,16.1663,64.8823,2.9167
2005-09-15,44001,Bristol,25.5429,19.2045,81.4523,1.9163
2005-09-16,44001,Bristol,24.8769,18.4192,77.1903,3.134
2005-09-17,44001,Bristol,26.2144,18.0151,75.6804,2.5324
2005-09-18,44001,Bristol,25.6194,17.6609,70.632,2.3065
2005-09-19,44001,Bristol,25.5749,14.8272,65.5006,2.3567
2005-09-20,44001,Bristol,26.4064,15.5973,79.0924,4.8271
2005-09-21,44001,Bristol,25.3761,15.4992,61.4912,3.1632
2005-09-22,44001,Bristol,27.1197,14.1664,62.3373,3.2816
2005-09-23,44001,Bristol,28.5006,15.7114,64.5304,3.9673
2005-09-24,44001,Bristol,19.0437,8.6262,60.9966,3.4437
2005-09-25,44001,Bristol,21.0689,8.3905,71.2181,3.4102
2005-09-26,44001,Bristol,25.495,15.8973,77.917,6.8348
2005-09-27,44001,Bristol,23.0475,12.1914,69.9473,4.1899
2005-09-28,44001,Bristol,20.9604,9.1963,62.2387,2.7449
2005-09-29,44001,Bristol,25.0304,10.0963,69.136,6.646
2005-09-30,44001,Bristol,16.9861,5.7678,55.6949,2.2885
2005-10-01,44001,Bristol,20.219,8.755,55.68,1.7684
2005-10-02,44001,Bristol,23.0496,9.4379,58.1661,1.5742
2005-10-03,44001,Bristol,22.716,11.7678,62.6543,1.4433
2005-10-04,44001,Bristol,24.6655,11.4368,63.0085,1.0471
2005-10-05,44001,Bristol,25.1685,13.4833,66.2578,1.4211
2005-10-06,44001,Bristol,25.4065,15.4349,68.8575,2.9114
2005-10-07,44001,Bristol,25.2677,17.767,75.4319,4.3085
2005-10-08,44001,Bristol,23.0328,19.5286,78.6157,6.3106
2005-10-09,44001,Bristol,22.5664,13.8592,78.4463,3.9293
2005-10-10,44001,Bristol,17.0828,13.0948,75.1823,4.0151
2005-10-11,44001,Bristol,17.1621,13.2954,74.7137,6.552
2005-10-12,44001,Bristol,15.2788,12.8847,75.8314,9.6451
2005-10-13,44001,Bristol,17.5069,12.936,80.1462,7.8837
2005-10-14,44001,Bristol,19.2663,15.4872,81.3585,5.5139
2005-10-15,44001,Bristol,20.0469,9.8402,74.8562,5.1241
2005-10-16,44001,Bristol,15.2968,8.5944,61.6339,9.3232
2005-10-17,44001,Bristol,15.375,7.7274,62.6958,6.3484
2005-10-18,44001,Bristol,17.5706,6.9934,64.8749,5.1531
2005-10-19,44001,Bristol,17.146,8.2918,65.6937,4.7512
2005-10-20,44001,Bristol,13.2854,4.4314,59.1086,3.6068
2005-10-21,44001,Bristol,12.6965,3.5865,56.1974,2.5112
2005-10-22,44001,Bristol,10.6525,2.6792,83.5425,5.3626
2005-10-23,44001,Bristol,12.6673,6.7591,72.7585,5.464
2005-10-24,44001,Bristol,12.2463,6.3068,72.6368,5.0807
2005-10-25,44001,Bristol,11.4164,5.775,81.4092,8.8133
2005-10-26,44001,Bristol,9.318,3.2466,66.6173,6.3074
2005-10-27,44001,Bristol,9.5528,1.5499,61.9757,3.592
2005-10-28,44001,Bristol,8.2161,3.4702,62.002,3.4394
2005-10-29,44001,Bristol,6.2898,3.0785,65.8969,5.1507
2005-10-30,44001,Bristol,15.4079,2.607,59.9927,4.5478
2005-10-31,44001,Bristol,18.6857,5.1382,56.0003,3.8643
2005-11-01,44001,Bristol,18.8286,6.5546,61.9331,4.8304
2005-11-02,44001,Bristol,14.5459,3.3815,57.5605,4.2439
2005-11-03,44001,Bristol,15.4746,1.3209,60.529,6.2814
2005-11-04,44001,Bristol,18.0153,7.6206,61.5725,3.3559
2005-11-05,44001,Bristol,20.2431,9.5176,60.8343,3.0549
2005-11-06,44001,Bristol,19.9791,8.9313,66.8643,3.9904
2005-11-07,44001,Bristol,15.5617,5.5033,56.0567,5.1978
2005-11-08,44001,Bristol,16.9676,5.6826,51.1402,4.5282
2005-11-09,44001,Bristol,14.1334,1.003,64.2609,5.4717
2005-11-10,44001,Bristol,15.6065,3.0931,60.8291,5.8596
2005-11-11,44001,Bristol,5.5042,-0.3398,50.4088,5.7654
2005-11-12,44001,Bristol,8.8245,-1.4348,55.4668,3.4019
2005-11-13,44001,Bristol,15.9419,3.0243,64.5311,4.8799
2005-11-14,44001,Bristol,18.5378,4.5144,54.6081,3.8819
2005-11-15,44001,Bristol,14.7891,3.3319,74.5751,3.9478
2005-11-16,44001,Bristol,19.7214,12.3317,69.688,6.3632
2005-11-17,44001,Bristol,15.5565,1.1074,54.4976,4.6633
2005-11-18,44001,Bristol,4.7489,-1.4304,44.5176,3.7898
2005-11-19,44001,Bristol,6.0326,-1.3601,50.9636,2.2764
2005-11-20,44001,Bristol,11.9625,2.288,56.3002,4.9292
2005-11-21,44001,Bristol,14.4562,3.1378,62.9566,3.5569
2005-11-22,44001,Bristol,15.4508,3.6172,70.6767,6.3324
2005-11-23,44001,Bristol,4.6841,-3.4979,50.8185,4.6641
2005-11-24,44001,Bristol,5.9207,-2.7875,69.0935,6.3308
2005-11-25,44001,Bristol,2.0431,-5.5483,47.5302,5.2348
2005-11-26,44001,Bristol,4.18,-4.0956,62.8753,1.6207
2005-11-27,44001,Bristol,6.8899,1.4303,63.5753,1.9634
2005-11-28,44001,Bristol,14.1558,3.7989,71.5766,2.9132
2005-11-29,44001,Bristol,16.7886,8.4644,65.8757,5.5343
2005-11-30,44001,Bristol,15.6409,8.3802,71.9534,4.9466
2005-12-01,44001,Bristol,11.0179,4.2628,62.8319,4.1707
2005-12-02,44001,Bristol,7.0999,0.3263,58.153,7.0482
2005-12-03,44001,Bristol,2.6257,-3.1262,46.4093,7.6679
2005-12-04,44001,Bristol,2.5719,-3.0737,65.5429,3.5343
2005-12-05,44001,Bristol,3.1999,-3.7872,61.1115,2.7137
2005-12-06,44001,Bristol,1.8609,-3.5287,64.9216,5.2842
2005-12-07,44001,Bristol,0.0256,-7.2814,48.2119,7.8194
2005-12-08,44001,Bristol,-0.492,-9.3062,56.1579,3.8805
2005-12-09,44001,Bristol,4.7157,-5.1745,68.6494,6.0341
2005-12-10,44001,Bristol,3.6778,-4.5365,70.303,5.0937
2005-12-11,44001,Bristol,5.3826,-1.4446,65.309,3.4374
2005-12-12,44001,Bristol,4.6576,-3.6021,61.7025,4.093
2005-12-13,44001,Bristol,-1.0059,-10.1402,60.9851,5.8841
2005-12-14,44001,Bristol,-4.2112,-13.0103,57.0457,5.7592
2005-12-15,44001,Bristol,0.3913,-10.7712,64.8866,2.6618
2005-12-16,44001,Bristol,6.2793,-2.0565,70.0709,7.2207
2005-12-17,44001,Bristol,4.278,-4.6844,57.8908,4.4935
2005-12-18,44001,Bristol,1.9065,-5.0401,62.4452,2.9387
2005-12-19,44001,Bristol,1.7859,-5.7209,61.5092,4.5141
2005-12-20,44001,Bristol,0.6601,-5.841,60.4384,5.5816
2005-12-21,44001,Bristol,-0.5754,-6.9774,62.0796,3.77
2005-12-22,44001,Bristol,1.7271,-6.2077,66.5713,5.2122
2005-12-23,44001,Bristol,4.8368,-1.1475,70.2776,5.7311
2005-12-24,44001,Bristol,7.3777,-0.1693,63.1586,2.5227
2005-12-25,44001,Bristol,10.1434,0.2742,72.8534,2.7917
2005-12-26,44001,Bristol,12.5695,1.5328,71.2651,5.0676
2005-12-27,44001,Bristol,3.9702,-3.0524,53.4406,6.3425
2005-12-28,44001,Bristol,6.8888,-3.1579,63.2055,2.9788
2005-12-29,44001,Bristol,13.3007,1.6701,46.5829,4.3877
2005-12-30,44001,Bristol,9.9494,-2.7955,63.5231,5.2096
2005-12-31,44001,Bristol,3.4806,-1.4676,55.2485,2.3877
2006-01-01,44001,Bristol,3.4333,0.0945,70.326,2.6082
2006-01-02,44001,Bristol,5.5816,0.6214,66.3705,2.1907
2006-01-03,44001,Bristol,5.1908,-0.0166,69.187,9.1987
2006-01-04,44001,Bristol,4.0001,-1.5865,68.2917,5.1895
2006-01-05,44001,Bristol,5.3532,-0.8915,73.5441,2.592
2006-01-06,44001,Bristol,5.2909,-1.3538,70.2039,2.8498
2006-01-07,44001,Bristol,0.6755,-4.7664,63.563,3.8628
2006-01-08,44001,Bristol,4.5921,-2.2309,66.7913,2.3214
2006-01-09,44001,Bristol,8.9396,0.1061,64.6011,4.6281
2006-01-10,44001,Bristol,7.8609,-0.9931,56.2146,3.0438
2006-01-11,44001,Bristol,9.2165,-1.083,72.9707,4.0807
2006-01-12,44001,Bristol,13.0001,2.6239,62.5292,4.314
2006-01-13,44001,Bristol,13.4116,1.0434,69.4866,3.2429
2006-01-14,44001,Bristol,15.8198,7.4929,72.5027,5.5715
2006-01-15,44001,Bristol,11.8758,-10.703,38.9,8.7966
2006-01-16,44001,Bristol,-2.3014,-12.6483,58.2303,7.6888
2006-01-17,44001,Bristol,3.9865,-6.479,64.6964,4.2565
2006-01-18,44001,Bristol,13.1883,1.7428,67.8927,10.1928
2006-01-19,44001,Bristol,7.0415,0.1236,55.3264,6.1082
2006-01-20,44001,Bristol,13.0115,1.9993,62.5551,5.1928
2006-01-21,44001,Bristol,14.2525,3.777,58.7233,6.4715
2006-01-22,44001,Bristol,5.0002,-1.8257,41.888,3.0892
2006-01-23,44001,Bristol,5.3646,-1.1739,73.2797,3.6874
2006-01-24,44001,Bristol,5.6226,-1.7104,65.4869,2.5263
2006-01-25,44001,Bristol,5.1517,-0.2277,69.6428,4.4453
2006-01-26,44001,Bristol,3.0115,-5.4344,66.6193,6.7358
2006-01-27,44001,Bristol,2.4004,-6.4186,59.9607,5.4653
2006-01-28,44001,Bristol,6.3193,-1.8496,64.6559,5.3685
2006-01-29,44001,Bristol,9.8894,-0.0628,70.4197,3.1998
2006-01-30,44001,Bristol,11.9122,3.6762,66.9282,2.677
2006-01-31,44001,Bristol,5.813,-1.1327,79.8268,7.2243
2006-02-01,44001,Bristol,6.5543,-1.9875,55.9817,3.6976
2006-02-02,44001,Bristol,7.6831,-1.5128,56.3592,2.7426
2006-02-03,44001,Bristol,12.4041,0.5587,71.4381,5.575
2006-02-04,44001,Bristol,13.4857,1.7049,59.7398,3.4167
2006-02-05,44001,Bristol,13.9334,2.0737,61.5523,6.4125
2006-02-06,44001,Bristol,4.5045,-1.3405,44.7608,8.6423
2006-02-07,44001,Bristol,3.7949,-3.3718,41.9703,5.9859
2006-02-08,44001,Bristol,1.372,-4.2765,35.4549,3.9236
2006-02-09,44001,Bristol,1.252,-4.784,30.9547,3.8934
2006-02-10,44001,Bristol,0.7262,-4.8375,33.1445,5.0526
2006-02-11,44001,Bristol,-0.141,-4.2751,44.7287,5.0401
2006-02-12,44001,Bristol,-0.0701,-6.684,61.4221,9.7118
2006-02-13,44001,Bristol,1.8831,-6.9626,44.3274,6.1941
2006-02-14,44001,Bristol,4.1857,-2.7562,50.0177,5.4766
2006-02-15,44001,Bristol,9.5326,-2.1569,59.9326,4.4546
2006-02-16,44001,Bristol,12.2411,-1.0751,55.4156,2.5773
2006-02-17,44001,Bristol,12.3319,-2.9452,55.0153,8.7147
2006-02-18,44001,Bristol,2.1668,-11.673,27.1344,7.4015
2006-02-19,44001,Bristol,-2.2128,-13.2148,32.1333,6.4187
2006-02-20,44001,Bristol,0.9631,-8.5991,41.3196,4.6394
2006-02-21,44001,Bristol,3.5592,-4.9952,41.7711,4.0223
2006-02-22,44001,Bristol,4.3967,-3.4148,45.0714,2.5931
2006-02-23,44001,Bristol,5.5532,-1.4322,64.1841,2.0903
2006-02-24,44001,Bristol,2.352,-6.8148,57.5394,7.6467
2006-02-25,44001,Bristol,2.6771,-7.4692,57.795,4.4907
2006-02-26,44001,Bristol,-0.3981,-12.932,48.3536,7.1247
2006-02-27,44001,Bristol,-3.9169,-13.9004,48.9122,7.4476
2006-02-28,44001,Bristol,-0.3439,-11.05,46.8683,5.6161
2006-03-01,44001,Bristol,0.5065,-8.2181,47.6499,5.1518
2006-03-02,44001,Bristol,3.935,-6.7347,57.5832,3.8806
2006-03-03,44001,Bristol,1.3253,-6.9738,46.0563,7.1032
2006-03-04,44001,Bristol,3.315,-7.2289,52.3556,6.9289
2006-03-05,44001,Bristol,5.344,-4.2897,46.3365,5.4803
2006-03-06,44001,Bristol,4.4205,-3.8102,47.5326,3.3341
2006-03-07,44001,Bristol,4.6283,-1.24,51.7256,2.8118
2006-03-08,44001,Bristol,5.9132,-1.2677,47.5448,2.4252
2006-03-09,44001,Bristol,7.6937,-0.5606,59.7054,4.4129
2006-03-10,44001,Bristol,18.3884,3.441,58.257,5.8083
2006-03-11,44001,Bristol,15.2146,3.2868,40.2243,3.4554
2006-03-12,44001,Bristol,14.2725,1.5569,54.0163,3.4896
2006-03-13,44001,Bristol,16.2065,5.2993,58.4621,2.6868
2006-03-14,44001,Bristol,16.5681,3.7134,52.2084,5.6112
2006-03-15,44001,Bristol,7.7283,0.4344,34.6956,8.5566
2006-03-16,44001,Bristol,6.8064,-1.3549,36.2514,6.5016
2006-03-17,44001,Bristol,6.0513,-2.2307,32.5075,4.7627
2006-03-18,44001,Bristol,4.812,-3.1385,28.5325,5.0436
2006-03-19,44001,Bristol,3.6561,-2.5545,30.6182,5.4723
2006-03-20,44001,Bristol,3.6187,-4.4848,31.2705,6.3532
2006-03-21,44001,Bristol,7.0582,-4.7418,38.9983,4.1234
2006-03-22,44001,Bristol,6.3065,-1.185,46.9979,4.5549
2006-03-23,44001,Bristol,11.067,-1.7165,46.3269,4.1088
2006-03-24,44001,Bristol,9.8672,2.3963,49.5711,2.5473
2006-03-25,44001,Bristol,9.7484,0.4474,50.7924,5.1022
2006-03-26,44001,Bristol,11.1954,0.034,44.6966,4.5997
2006-03-27,44001,Bristol,14.0187,-0.0226,33.9655,3.5873
2006-03-28,44001,Bristol,13.5475,-0.6845,38.0119,1.8325
2006-03-29,44001,Bristol,16.2756,0.5569,35.4299,1.8946
2006-03-30,44001,Bristol,19.6428,0.9963,32.0105,2.5486
2006-03-31,44001,Bristol,19.1281,2.7071,43.6042,4.3752
2006-04-01,44001,Bristol,17.5079,5.2951,61.915,5.4532
2006-04-02,44001,Bristol,15.4301,3.8699,38.6466,3.9903
2006-04-03,44001,Bristol,13.4761,1.0565,47.3967,3.6119
2006-04-04,44001,Bristol,12.4543,2.839,57.7145,6.1005
2006-04-05,44001,Bristol,8.079,-0.0493,59.1432,3.2928
2006-04-06,44001,Bristol,11.1462,-0.4006,48.27,4.5244
2006-04-07,44001,Bristol,13.9699,2.2585,64.2138,4.8815
2006-04-08,44001,Bristol,11.5986,3.8095,65.9239,3.4322
2006-04-09,44001,Bristol,11.1195,1.015,45.7573,4.27
2006-04-10,44001,Bristol,14.7199,0.6716,43.6196,2.8188
2006-04-11,44001,Bristol,17.1887,1.4873,45.4579,2.7285
2006-04-12,44001,Bristol,18.5883,3.4792,55.4835,4.026
2006-04-13,44001,Bristol,19.7363,9.2032,56.2033,4.6263
2006-04-14,44001,Bristol,20.3784,7.6112,48.453,2.6624
2006-04-15,44001,Bristol,22.2599,9.4966,53.5407,3.6489
2006-04-16,44001,Bristol,16.3754,7.856,42.694,4.719
2006-04-17,44001,Bristol,13.3757,5.4759,52.5349,3.3668
2006-04-18,44001,Bristol,17.1536,6.8835,50.2773,4.299
2006-04-19,44001,Bristol,19.8909,8.5425,38.2685,5.0017
2006-04-20,44001,Bristol,19.7929,5.0496,38.0422,3.2832
2006-04-21,44001,Bristol,13.9019,2.5322,50.3872,4.0556
2006-04-22,44001,Bristol,12.1994,0.1825,51.9396,4.1932
2006-04-23,44001,Bristol,12.2866,6.0806,63.5335,6.1375
2006-04-24,44001,Bristol,14.8551,5.8744,66.4446,1.8455
2006-04-25,44001,Bristol,18.5873,7.2552,53.3002,4.5102
2006-04-26,44001,Bristol,13.7883,3.0773,42.7616,3.9258
2006-04-27,44001,Bristol,19.6481,2.8986,46.3697,2.0685
2006-04-28,44001,Bristol,13.8019,3.82,46.5927,4.0958
2006-04-29,44001,Bristol,13.6322,1.0526,42.816,5.0908
2006-04-30,44001,Bristol,16.9304,1.2492,39.5024,5.2082
2006-05-01,44001,Bristol,12.9754,3.0931,56.1291,7.0115
2006-05-02,44001,Bristol,11.8842,5.9248,72.8103,5.2543
2006-05-03,44001,Bristol,13.5739,9.1335,72.905,4.6434
2006-05-04,44001,Bristol,23.477,11.6791,55.4455,3.0888
2006-05-05,44001,Bristol,26.6599,10.9335,45.9,2.393
2006-05-06,44001,Bristol,23.1252,11.4492,46.3071,2.5895
2006-05-07,44001,Bristol,17.6657,6.8174,45.2821,2.3035
2006-05-08,44001,Bristol,17.7927,6.4504,47.092,3.3676
2006-05-09,44001,Bristol,13.7676,8.1443,67.1543,6.4657
2006-05-10,44001,Bristol,15.7505,9.7568,68.6718,4.3603
2006-05-11,44001,Bristol,17.6927,11.3606,69.1151,3.9549
2006-05-12,44001,Bristol,17.9427,12.0968,70.7086,5.8903
2006-05-13,44001,Bristol,14.2796,9.141,66.1053,4.0474
2006-05-14,44001,Bristol,13.8669,6.3265,76.6053,4.0006
2006-05-15,44001,Bristol,17.6011,11.0446,67.4384,4.0813
2006-05-16,44001,Bristol,18.9865,10.5568,66.0465,4.2963
2006-05-17,44001,Bristol,20.5072,9.4365,61.2145,4.7492
2006-05-18,44001,Bristol,22.9072,11.9287,60.9333,4.0195
2006-05-19,44001,Bristol,19.7001,11.4044,64.359,4.9089
2006-05-20,44001,Bristol,19.0098,9.6997,61.6764,5.0767
2006-05-21,44001,Bristol,18.919,8.8551,54.1965,4.985
2006-05-22,44001,Bristol,17.9001,6.0513,54.9049,5.3284
2006-05-23,44001,Bristol,14.0706,5.5487,59.6782,4.2813
2006-05-24,44001,Bristol,19.6286,7.0175,56.3538,2.8391
2006-05-25,44001,Bristol,22.6928,9.4414,55.7525,3.0551
2006-05-26,44001,Bristol,26.0948,13.2193,66.6095,3.2749
2006-05-27,44001,Bristol,26.5706,16.065,63.6169,1.0244
2006-05-28,44001,Bristol,26.4849,15.0871,59.4363,1.898
2006-05-29,44001,Bristol,27.4537,13.7649,63.6888,3.209
2006-05-30,44001,Bristol,26.8115,15.1841,60.4255,2.5452
2006-05-31,44001,Bristol,24.6703,12.9124,68.4631,2.5428
2006-06-01,44001,Bristol,27.3895,15.3923,71.0568,4.6321
2006-06-02,44001,Bristol,24.6887,17.2791,73.0873,2.2426
2006-06-03,44001,Bristol,21.7118,17.429,78.1656,2.918
2006-06-04,44001,Bristol,18.0132,15.1228,73.8545,2.3703
2006-06-05,44001,Bristol,21.1337,13.601,71.1777,2.3776
2006-06-06,44001,Bristol,21.5496,15.0795,71.4067,3.1665
2006-06-07,44001,Bristol,18.6417,12.6257,77.3271,5.9743
2006-06-08,44001,Bristol,16.9687,12.1232,78.4708,2.9809
2006-06-09,44001,Bristol,19.5443,12.1046,77.5645,1.9334
2006-06-10,44001,Bristol,17.0388,11.8278,77.0124,5.772
2006-06-11,44001,Bristol,18.5144,11.2479,69.4328,5.0619
2006-06-12,44001,Bristol,24.0918,13.3896,68.705,3.2904
2006-06-13,44001,Bristol,23.9651,16.3671,68.9556,2.228
2006-06-14,44001,Bristol,25.1439,14.3394,68.695,2.5841
2006-06-15,44001,Bristol,23.6794,14.6133,61.4747,3.4263
2006-06-16,44001,Bristol,26.7242,12.7022,57.7984,2.6886
2006-06-17,44001,Bristol,27.2854,14.8991,58.4327,3.2462
2006-06-18,44001,Bristol,29.6378,17.1147,67.5897,4.2232
2006-06-19,44001,Bristol,29.3895,17.9815,68.534,5.1683
2006-06-20,44001,Bristol,28.3186,17.5383,69.111,3.7275
2006-06-21,44001,Bristol,26.1083,15.9073,61.0888,2.3852
2006-06-22,44001,Bristol,26.9932,14.4069,71.8486,3.7341
2006-06-23,44001,Bristol,29.0905,17.4848,70.6059,3.9522
2006-06-24,44001,Bristol,23.6902,19.2543,76.3916,3.5649
2006-06-25,44001,Bristol,23.2508,15.6884,78.7788,2.6296
2006-06-26,44001,Bristol,26.5174,18.7013,74.0073,4.2391
2006-06-27,44001,Bristol,27.4217,19.8084,72.6798,4.529
2006-06-28,44001,Bristol,24.747,18.9275,77.6811,4.9875
2006-06-29,44001,Bristol,26.8031,19.7815,73.4546,4.6017
2006-06-30,44001,Bristol,27.3229,17.8092,65.2772,4.1622
2006-07-01,44001,Bristol,27.1087,15.0704,64.7113,4.3161
2006-07-02,44001,Bristol,28.3072,17.7375,75.8402,6.1499
2006-07-03,44001,Bristol,29.48,20.1695,63.9221,2.6094
2006-07-04,44001,Bristol,29.9851,19.7232,73.56,3.9118
2006-07-05,44001,Bristol,27.5662,19.6953,72.4236,2.9141
2006-07-06,44001,Bristol,25.9513,17.8881,63.8199,1.5929
2006-07-07,44001,Bristol,26.4198,14.6923,64.1706,2.1878
2006-07-08,44001,Bristol,27.3484,16.96,66.3225,1.612
2006-07-09,44001,Bristol,27.9773,16.8596,69.4283,3.9115
2006-07-10,44001,Bristol,27.2727,17.2244,73.0962,4.5834
2006-07-11,44001,Bristol,27.6043,19.375,77.0486,4.3661
2006-07-12,44001,Bristol,29.1497,21.4598,73.4462,3.669
2006-07-13,44001,Bristol,27.7821,19.9801,72.2309,2.8487
2006-07-14,44001,Bristol,29.4735,17.642,70.9815,3.2103
2006-07-15,44001,Bristol,28.6072,19.2105,70.745,3.2114
2006-07-16,44001,Bristol,30.5478,19.2755,68.5685,1.544
2006-07-17,44001,Bristol,31.9213,20.6755,68.3164,2.7516
2006-07-18,44001,Bristol,33.832,21.3982,69.2777,3.251
2006-07-19,44001,Bristol,28.8204,19.1641,69.2472,2.4656
2006-07-20,44001,Bristol,27.7615,18.9906,72.7492,3.7443
2006-07-21,44001,Bristol,29.974,20.2015,72.9478,3.8272
2006-07-22,44001,Bristol,27.436,22.6771,74.8407,4.9875
2006-07-23,44001,Bristol,27.3037,21.5796,72.0102,4.0772
2006-07-24,44001,Bristol,27.0522,18.7768,61.5,2.6902
2006-07-25,44001,Bristol,28.3258,17.9899,70.488,4.3298
2006-07-26,44001,Bristol,28.788,19.8943,70.3284,2.9184
2006-07-27,44001,Bristol,29.9932,18.9904,72.5109,4.3612
2006-07-28,44001,Bristol,31.4467,21.7904,69.5873,5.0988
2006-07-29,44001,Bristol,31.1021,19.7996,66.4853,4.1991
2006-07-30,44001,Bristol,30.0228,21.117,63.2065,1.5549
2006-07-31,44001,Bristol,29.2763,17.9829,62.8997,1.7203
2006-08-01,44001,Bristol,32.4945,19.5411,71.4661,3.7682
2006-08-02,44001,Bristol,35.5339,24.2522,63.6035,3.7725
2006-08-03,44001,Bristol,34.7505,23.3959,63.8396,2.7451
2006-08-04,44001,Bristol,29.8115,20.6236,67.2695,1.5651
2006-08-05,44001,Bristol,29.5914,18.357,58.887,1.3915
2006-08-06,44001,Bristol,27.5317,18.6972,61.3596,2.7496
2006-08-07,44001,Bristol,29.2542,18.7562,72.2292,4.9748
2006-08-08,44001,Bristol,28.6693,17.0414,62.0693,3.1379
2006-08-09,44001,Bristol,26.5321,13.9585,54.8452,2.5315
2006-08-10,44001,Bristol,28.2823,15.5988,65.3242,4.0527
2006-08-11,44001,Bristol,24.8158,14.4316,55.2188,3.6517
2006-08-12,44001,Bristol,23.1524,11.6816,49.184,3.9177
2006-08-13,44001,Bristol,24.1893,10.1639,50.4464,3.5388
2006-08-14,44001,Bristol,27.1428,12.5783,61.477,3.9236
2006-08-15,44001,Bristol,27.0402,18.0741,70.5877,4.0556
2006-08-16,44001,Bristol,28.1774,16.9283,55.0303,1.9345
2006-08-17,44001,Bristol,27.7351,15.8934,56.8731,2.1995
2006-08-18,44001,Bristol,27.7262,16.0253,59.2043,2.0195
2006-08-19,44001,Bristol,28.6616,15.3283,61.7855,3.2162
2006-08-20,44001,Bristol,28.1602,18.0553,71.5269,4.0641
2006-08-21,44001,Bristol,26.9301,17.2922,60.537,2.6327
2006-08-22,44001,Bristol,27.4959,16.4271,54.9095,2.6735
2006-08-23,44001,Bristol,28.5771,16.7105,59.2841,2.1478
2006-08-24,44001,Bristol,25.9771,17.433,60.248,1.824
2006-08-25,44001,Bristol,23.2602,17.0758,67.8671,2.6676
2006-08-26,44001,Bristol,23.3583,13.3418,63.2451,3.74
2006-08-27,44001,Bristol,20.8196,13.0712,68.8573,4.1655
2006-08-28,44001,Bristol,22.3125,16.1759,78.6553,2.3055
2006-08-29,44001,Bristol,21.2959,17.3495,77.1261,3.817
2006-08-30,44001,Bristol,24.6398,16.4934,64.3564,1.8923
2006-08-31,44001,Bristol,21.4343,12.2808,60.6522,3.5592
2006-09-01,44001,Bristol,22.3532,11.3381,66.292,4.0414
2006-09-02,44001,Bristol,20.7648,13.2304,76.14,7.1451
2006-09-03,44001,Bristol,24.5332,16.0963,78.0762,3.8481
2006-09-04,44001,Bristol,24.2145,15.8517,66.3348,4.229
2006-09-05,44001,Bristol,23.2491,14.8775,68.935,2.2155
2006-09-06,44001,Bristol,23.9627,15.939,69.524,2.0621
2006-09-07,44001,Bristol,24.6643,15.412,66.1781,1.3887
2006-09-08,44001,Bristol,25.9503,14.0951,65.2496,2.3444
2006-09-09,44001,Bristol,26.792,14.5458,67.3803,3.6402
2006-09-10,44001,Bristol,20.9229,10.5447,66.3802,4.045
2006-09-11,44001,Bristol,18.661,7.8542,59.969,5.9259
2006-09-12,44001,Bristol,19.9456,6.5796,54.7827,3.8234
2006-09-13,44001,Bristol,19.7705,6.9751,66.739,2.7896
2006-09-14,44001,Bristol,20.7097,13.5952,78.8495,2.696
2006-09-15,44001,Bristol,21.8393,15.9339,77.8827,4.3296
2006-09-16,44001,Bristol,25.3315,14.8086,63.7698,2.4904
2006-09-17,44001,Bristol,25.9784,12.7789,63.4609,1.5333
2006-09-18,44001,Bristol,26.0455,12.4276,68.3101,2.9757
2006-09-19,44001,Bristol,25.8426,13.9682,76.0824,3.7328
2006-09-20,44001,Bristol,22.0893,12.6849,64.967,4.2068
2006-09-21,44001,Bristol,18.2656,7.9102,53.758,3.9948
2006-09-22,44001,Bristol,20.3135,6.0488,60.3024,2.7669
2006-09-23,44001,Bristol,22.013,11.9081,85.52,4.7199
2006-09-24,44001,Bristol,27.7524,17.9674,69.6171,5.6281
2006-09-25,44001,Bristol,21.6485,12.1217,62.1744,2.9829
2006-09-26,44001,Bristol,22.0831,9.2888,54.4514,3.2944
2006-09-27,44001,Bristol,21.8422,8.0408,64.0525,1.9756
2006-09-28,44001,Bristol,22.1802,11.4092,64.8055,3.0138
2006-09-29,44001,Bristol,21.1862,7.9159,71.4,4.7058
2006-09-30,44001,Bristol,18.1361,5.1545,60.4382,2.7373
2006-10-01,44001,Bristol,19.6238,11.5632,69.5729,4.6791
2006-10-02,44001,Bristol,20.0903,9.7171,55.3775,3.9847
2006-10-03,44001,Bristol,23.2583,8.6986,61.6792,3.6731
2006-10-04,44001,Bristol,25.5977,13.4922,63.6134,4.1827
2006-10-05,44001,Bristol,18.832,8.8865,59.5981,5.3204
2006-10-06,44001,Bristol,15.5177,8.7406,58.6014,6.3974
2006-10-07,44001,Bristol,18.1271,7.2656,58.0724,5.2336
2006-10-08,44001,Bristol,19.7051,5.0566,49.8769,1.9276
2006-10-09,44001,Bristol,23.535,6.6136,59.9698,3.4099
2006-10-10,44001,Bristol,22.3959,10.3063,55.5626,3.4813
2006-10-11,44001,Bristol,20.1177,10.3726,69.6982,5.2228
2006-10-12,44001,Bristol,23.7775,13.6111,66.3581,3.9407
2006-10-13,44001,Bristol,14.9546,3.9117,51.0448,3.8619
2006-10-14,44001,Bristol,15.3092,2.9279,46.5598,3.5901
2006-10-15,44001,Bristol,14.2095,2.3529,49.434,4.2368
2006-10-16,44001,Bristol,14.646,4.7482,44.0353,1.7412
2006-10-17,44001,Bristol,15.7004,5.9305,66.2841,4.0577
2006-10-18,44001,Bristol,22.2206,11.8359,66.9948,3.8858
2006-10-19,44001,Bristol,20.7197,10.4285,64.9376,3.3415
2006-10-20,44001,Bristol,20.3164,8.4042,75.0844,6.0307
2006-10-21,44001,Bristol,12.3037,2.776,53.6003,6.4361
2006-10-22,44001,Bristol,13.386,0.9243,65.0891,3.2112
2006-10-23,44001,Bristol,16.019,6.3256,60.5585,4.2158
2006-10-24,44001,Bristol,11.4336,5.0413,56.8456,4.9555
2006-10-25,44001,Bristol,11.6745,4.0555,56.211,6.5213
2006-10-26,44001,Bristol,10.5908,3.5547,53.4963,5.7189
2006-10-27,44001,Bristol,11.0092,-0.0856,57.5353,3.0615
2006-10-28,44001,Bristol,17.1632,5.2021,76.8293,9.9722
2006-10-29,44001,Bristol,12.0037,4.6473,49.1982,10.7461
2006-10-30,44001,Bristol,13.1907,3.3643,51.3901,6.1225
2006-10-31,44001,Bristol,18.5673,4.2402,65.9258,4.534
2006-11-01,44001,Bristol,19.8878,10.3746,62.549,2.6633
2006-11-02,44001,Bristol,12.0806,3.4116,79.6569,2.9532
2006-11-03,44001,Bristol,8.2838,0.2344,51.3296,4.2215
2006-11-04,44001,Bristol,7.5549,-0.8132,50.3161,3.4228
2006-11-05,44001,Bristol,7.5247,-0.9998,51.279,1.8116
2006-11-06,44001,Bristol,10.9579,1.6142,61.3054,2.8804
2006-11-07,44001,Bristol,13.7672,3.7809,75.0194,2.7928
2006-11-08,44001,Bristol,17.471,10.1695,80.286,3.9351
2006-11-09,44001,Bristol,19.9644,12.0344,69.4932,2.5085
2006-11-10,44001,Bristol,16.2627,7.6252,58.9317,3.3717
2006-11-11,44001,Bristol,16.8484,5.2532,69.5153,3.2043
2006-11-12,44001,Bristol,18.917,9.4986,78.1245,3.2833
2006-11-13,44001,Bristol,17.1886,10.8503,73.892,5.6127
2006-11-14,44001,Bristol,16.3484,11.9219,77.4635,3.7429
2006-11-15,44001,Bristol,19.4861,10.8031,69.8202,2.078
2006-11-16,44001,Bristol,20.0327,11.7683,75.5282,5.4879
2006-11-17,44001,Bristol,18.8547,9.1788,76.4891,5.8624
2006-11-18,44001,Bristol,11.2644,4.9334,64.1907,1.9669
2006-11-19,44001,Bristol,9.5028,5.6714,64.23,2.9601
2006-11-20,44001,Bristol,7.6728,2.4186,57.8642,3.1936
2006-11-21,44001,Bristol,6.5656,-1.5051,61.2023,3.6144
2006-11-22,44001,Bristol,9.4964,0.3872,71.8086,7.3324
2006-11-23,44001,Bristol,9.9074,5.7823,77.5452,8.8182
2006-11-24,44001,Bristol,12.3138,2.5223,60.8282,6.8799
2006-11-25,44001,Bristol,9.2653,0.7425,67.3993,2.74
2006-11-26,44001,Bristol,12.5949,1.3454,70.2882,3.4986
2006-11-27,44001,Bristol,15.2514,3.9517,67.0742,2.501
2006-11-28,44001,Bristol,11.1539,5.4344,72.5772,3.7474
2006-11-29,44001,Bristol,14.0253,6.1411,72.9541,2.4904
2006-11-30,44001,Bristol,17.8796,8.5751,73.7858,5.6345
2006-12-01,44001,Bristol,17.7577,11.968,71.6131,7.848
2006-12-02,44001,Bristol,15.5596,1.2661,40.2664,6.9907
2006-12-03,44001,Bristol,6.6986,-1.6766,56.9188,3.909
2006-12-04,44001,Bristol,5.4185,-4.0762,62.3313,5.1803
2006-12-05,44001,Bristol,0.868,-4.1061,55.8874,3.6924
2006-12-06,44001,Bristol,6.4153,-3.6762,66.8478,5.2396
2006-12-07,44001,Bristol,11.9647,1.8652,63.1146,4.0415
2006-12-08,44001,Bristol,3.4316,-5.8467,33.0913,8.0194
2006-12-09,44001,Bristol,3.4757,-4.9873,54.3615,5.9543
2006-12-10,44001,Bristol,8.9139,-0.547,52.98,6.3492
2006-12-11,44001,Bristol,9.2743,0.1517,58.5318,3.1946
2006-12-12,44001,Bristol,7.8757,-1.0501,61.7803,3.7367
2006-12-13,44001,Bristol,12.2353,1.2455,78.5853,4.5348
2006-12-14,44001,Bristol,12.8914,4.312,64.8941,4.0021
2006-12-15,44001,Bristol,12.8102,3.6022,71.3341,4.1411
2006-12-16,44001,Bristol,10.6149,0.9968,58.0741,4.7475
2006-12-17,44001,Bristol,11.7599,-0.0061,64.2372,5.2314
2006-12-18,44001,Bristol,12.1894,3.8899,66.351,3.1567
2006-12-19,44001,Bristol,5.5912,0.9939,46.7355,4.4616
2006-12-20,44001,Bristol,4.4984,-1.8028,53.6378,4.6061
2006-12-21,44001,Bristol,8.7595,-0.1973,56.033,5.6077
2006-12-22,44001,Bristol,6.4762,-1.6774,65.8535,3.4109
2006-12-23,44001,Bristol,14.6595,5.0107,72.0663,5.5267
2006-12-24,44001,Bristol,9.925,1.2816,57.9072,5.6005
2006-12-25,44001,Bristol,9.6345,-0.0536,60.763,3.6317
2006-12-26,44001,Bristol,13.8804,4.4939,70.452,4.6144
2006-12-27,44001,Bristol,8.1411,0.0951,52.2011,5.4453
2006-12-28,44001,Bristol,8.1705,-1.0211,54.4666,4.7265
2006-12-29,44001,Bristol,4.3004,-2.4685,50.1112,3.7211
2006-12-30,44001,Bristol,5.9899,-2.0938,58.2019,4.2442
2006-12-31,44001,Bristol,5.2879,-1.4228,49.6678,4.0281
2007-01-01,44001,Bristol,9.7761,-1.0651,69.4411,5.5512
2007-01-02,44001,Bristol,9.8115,-0.7815,49.6059,6.1206
2007-01-03,44001,Bristol,9.0299,-0.8051,53.1568,5.8573
2007-01-04,44001,Bristol,12.3043,1.8492,56.7748,5.2707
2007-01-05,44001,Bristol,15.6662,4.8317,66.9105,5.548
2007-01-06,44001,Bristol,17.1802,10.3779,60.5437,6.8448
2007-01-07,44001,Bristol,11.7662,4.7837,43.2934,4.1421
2007-01-08,44001,Bristol,15.7916,4.8804,59.294,7.6649
2007-01-09,44001,Bristol,6.7043,0.1915,43.1925,6.2512
2007-01-10,44001,Bristol,3.9396,-3.4129,37.7864,6.1541
2007-01-11,44001,Bristol,1.7922,-4.3303,44.8471,5.1498
2007-01-12,44001,Bristol,8.9537,-0.0384,59.8996,6.6005
2007-01-13,44001,Bristol,10.5957,3.7954,61.6254,4.2277
2007-01-14,44001,Bristol,6.7547,3.6773,61.8322,3.2427
2007-01-15,44001,Bristol,9.8573,2.6766,65.834,3.6458
2007-01-16,44001,Bristol,9.4199,-5.4893,46.057,5.6836
2007-01-17,44001,Bristol,-4.0932,-10.8004,27.7641,5.537
2007-01-18,44001,Bristol,3.8436,-8.7252,58.1479,3.5568
2007-01-19,44001,Bristol,5.0384,-1.0996,57.7954,6.1046
2007-01-20,44001,Bristol,0.9819,-9.5864,38.3902,9.3377
2007-01-21,44001,Bristol,-2.2695,-11.3215,39.5326,5.4668
2007-01-22,44001,Bristol,-0.1128,-6.8381,59.4465,2.3856
2007-01-23,44001,Bristol,-0.2718,-3.979,58.4799,3.9168
2007-01-24,44001,Bristol,2.6097,-3.6402,55.4741,3.4529
2007-01-25,44001,Bristol,-0.396,-9.8734,48.0658,5.1428
2007-01-26,44001,Bristol,-8.8289,-14.9565,34.4722,7.8777
2007-01-27,44001,Bristol,0.4712,-14.113,61.7534,3.0058
2007-01-28,44001,Bristol,2.3938,-2.912,60.2991,3.1416
2007-01-29,44001,Bristol,-0.8886,-7.8678,48.3067,6.3019
2007-01-30,44001,Bristol,-0.5269,-8.4818,49.9509,4.5992
2007-01-31,44001,Bristol,1.8296,-4.8908,46.6218,4.3318
2007-02-01,44001,Bristol,5.1045,-5.9509,46.5301,2.9813
2007-02-02,44001,Bristol,5.0212,-0.0649,55.5337,2.8399
2007-02-03,44001,Bristol,3.6516,-5.0609,43.7198,7.5457
2007-02-04,44001,Bristol,-1.0382,-8.2199,39.8934,7.4502
2007-02-05,44001,Bristol,-4.9618,-11.894,34.4469,8.8056
2007-02-06,44001,Bristol,-2.2908,-10.441,42.3879,6.693
2007-02-07,44001,Bristol,-3.2985,-10.303,39.095,6.0117
2007-02-08,44001,Bristol,-1.3678,-9.4576,39.3787,7.2349
2007-02-09,44001,Bristol,-1.9142,-8.1219,41.6421,8.0414
2007-02-10,44001,Bristol,1.1488,-9.5396,43.6534,4.4462
2007-02-11,44001,Bristol,1.2377,-7.8654,40.773,4.5757
2007-02-12,44001,Bristol,2.7986,-4.8889,40.3139,5.529
2007-02-13,44001,Bristol,-0.1571,-9.6245,27.0742,5.2308
2007-02-14,44001,Bristol,5.7695,-5.8683,56.9979,7.6664
2007-02-15,44001,Bristol,-1.4859,-10.4782,38.8562,8.9861
2007-02-16,44001,Bristol,-0.5876,-10.7823,43.9065,8.9603
2007-02-17,44001,Bristol,2.8167,-6.8675,46.1917,6.1462
2007-02-18,44001,Bristol,2.8408,-5.1863,46.4061,5.1779
2007-02-19,44001,Bristol,-3.0941,-12.4227,35.7354,7.7169
2007-02-20,44001,Bristol,6.5953,-7.0064,54.8132,5.2881
2007-02-21,44001,Bristol,6.5777,-1.8576,46.7321,3.4097
2007-02-22,44001,Bristol,7.6341,-1.8675,47.9201,2.5602
2007-02-23,44001,Bristol,3.4766,-8.1978,47.484,7.2499
2007-02-24,44001,Bristol,0.8438,-10.0018,44.378,7.1695
2007-02-25,44001,Bristol,4.3578,-7.2797,47.6667,3.3194
2007-02-26,44001,Bristol,3.6485,-1.179,55.6036,3.7977
2007-02-27,44001,Bristol,4.0015,-0.8564,52.3108,1.3533
2007-02-28,44001,Bristol,5.3074,-0.207,47.5807,2.3583
2007-03-01,44001,Bristol,5.1793,-1.8431,46.5079,2.3349
2007-03-02,44001,Bristol,7.0066,1.127,57.1681,6.9095
2007-03-03,44001,Bristol,10.4046,0.7491,48.849,3.3334
2007-03-04,44001,Bristol,6.4922,-0.9271,44.244,5.998
2007-03-05,44001,Bristol,4.8184,-4.3907,41.507,8.1606
2007-03-06,44001,Bristol,-3.1951,-13.9333,27.592,9.2876
2007-03-07,44001,Bristol,-5.6491,-14.4619,47.0152,4.4485
2007-03-08,44001,Bristol,-2.9045,-12.7036,39.9031,6.1238
2007-03-09,44001,Bristol,0.2418,-14.2957,44.396,3.6652
2007-03-10,44001,Bristol,10.0283,-3.7344,56.105,4.7565
2007-03-11,44001,Bristol,13.787,-0.0578,46.653,3.8344
2007-03-12,44001,Bristol,12.2749,-1.4393,40.2832,3.3942
2007-03-13,44001,Bristol,11.7138,0.9846,50.2076,4.2657
2007-03-14,44001,Bristol,19.1255,4.5598,48.6986,5.5966
2007-03-15,44001,Bristol,18.2553,3.564,49.5707,4.8241
2007-03-16,44001,Bristol,5.056,-0.2347,50.9629,8.909
2007-03-17,44001,Bristol,7.632,-1.6434,56.5463,4.6489
2007-03-18,44001,Bristol,2.6184,-4.7401,42.1023,7.1488
2007-03-19,44001,Bristol,4.9411,-5.2845,50.5289,6.166
2007-03-20,44001,Bristol,8.1001,-5.8156,46.3744,6.5957
2007-03-21,44001,Bristol,4.4261,-7.4239,46.1887,3.722
2007-03-22,44001,Bristol,12.4878,-0.2335,57.026,6.8532
2007-03-23,44001,Bristol,19.6198,4.7566,40.7394,3.7838
2007-03-24,44001,Bristol,11.5405,0.757,45.2687,3.2798
2007-03-25,44001,Bristol,9.6235,1.9463,48.4307,2.626
2007-03-26,44001,Bristol,10.5707,2.4189,54.0414,4.5177
2007-03-27,44001,Bristol,18.2645,4.9148,53.6014,2.4293
2007-03-28,44001,Bristol,13.7323,0.5608,40.0397,5.6233
2007-03-29,44001,Bristol,9.5867,-0.4578,28.2851,6.4146
2007-03-30,44001,Bristol,15.2095,-0.4357,28.6313,4.2327
2007-03-31,44001,Bristol,11.4956,-0.5033,34.9876,2.6069
2007-04-01,44001,Bristol,13.2845,-0.0319,45.5255,2.4961
2007-04-02,44001,Bristol,13.2058,4.7979,59.4599,3.1176
2007-04-03,44001,Bristol,11.066,2.3132,58.6029,3.4523
2007-04-04,44001,Bristol,7.7623,1.646,65.6993,5.7709
2007-04-05,44001,Bristol,7.6452,-1.4132,52.6622,5.6377
2007-04-06,44001,Bristol,3.8114,-4.7274,53.4926,5.3024
2007-04-07,44001,Bristol,5.3386,-1.8274,47.2104,2.8176
2007-04-08,44001,Bristol,5.2176,-3.2421,48.7181,6.9089
2007-04-09,44001,Bristol,8.6878,-2.2912,49.3291,5.3614
2007-04-10,44001,Bristol,8.5464,0.2744,43.7363,3.8654
2007-04-11,44001,Bristol,8.8176,0.3051,46.2987,2.1082
2007-04-12,44001,Bristol,7.1563,2.3377,66.6467,5.3764
2007-04-13,44001,Bristol,10.5701,0.8219,55.8279,5.2847
2007-04-14,44001,Bristol,13.0435,2.7967,47.6852,3.1498
2007-04-15,44001,Bristol,8.5501,4.7816,66.9072,8.0092
2007-04-16,44001,Bristol,12.7303,5.0501,64.4351,6.4995
2007-04-17,44001,Bristol,7.8513,3.8312,63.9348,7.0438
2007-04-18,44001,Bristol,6.8956,3.55,65.4094,7.3892
2007-04-19,44001,Bristol,13.4833,3.419,47.2262,4.8874
2007-04-20,44001,Bristol,16.5767,1.5883,37.9402,3.3515
2007-04-21,44001,Bristol,23.0987,1.5004,32.4684,2.4389
2007-04-22,44001,Bristol,21.5718,5.4652,38.2466,2.2391
2007-04-23,44001,Bristol,23.9262,5.198,46.8981,5.0837
2007-04-24,44001,Bristol,23.0276,9.7616,43.6154,3.5208
2007-04-25,44001,Bristol,16.7009,5.657,47.7187,2.2131
2007-04-26,44001,Bristol,16.4113,4.7816,49.211,2.1213
2007-04-27,44001,Bristol,16.3403,7.2677,66.9901,3.7132
2007-04-28,44001,Bristol,20.6286,9.2138,59.6186,2.7157
2007-04-29,44001,Bristol,18.7497,10.56,56.8593,1.7883
2007-04-30,44001,Bristol,22.198,9.1106,44.2194,4.6016
2007-05-01,44001,Bristol,18.5325,6.5184,44.0126,3.4669
2007-05-02,44001,Bristol,16.7844,8.0133,49.1354,2.4856
2007-05-03,44001,Bristol,18.3968,4.2906,35.8507,3.0374
2007-05-04,44001,Bristol,18.0544,4.0807,33.5277,3.2605
2007-05-05,44001,Bristol,18.9696,4.7758,39.3032,2.2369
2007-05-06,44001,Bristol,13.7968,4.2921,48.6617,4.8977
2007-05-07,44001,Bristol,18.5688,2.4836,39.7444,1.8077
2007-05-08,44001,Bristol,21.4988,4.1368,44.8714,4.4105
2007-05-09,44001,Bristol,25.488,9.1781,52.1694,4.4146
2007-05-10,44001,Bristol,26.8486,13.211,56.2437,3.9185
2007-05-11,44001,Bristol,24.0221,13.6199,58.2965,3.2473
2007-05-12,44001,Bristol,20.3872,9.0867,55.3562,3.5352
2007-05-13,44001,Bristol,18.5779,6.7505,40.0419,2.7729
2007-05-14,44001,Bristol,20.8455,3.3918,37.5319,3.5734
2007-05-15,44001,Bristol,22.802,7.8922,55.5071,6.2542
2007-05-16,44001,Bristol,25.6508,13.4327,54.7843,5.2488
2007-05-17,44001,Bristol,19.6071,8.7921,54.4875,3.827
2007-05-18,44001,Bristol,10.6126,7.9453,64.138,5.9626
2007-05-19,44001,Bristol,16.0308,8.1911,63.2692,3.2795
2007-05-20,44001,Bristol,21.2001,9.8345,53.9206,3.6924
2007-05-21,44001,Bristol,19.589,11.1235,48.4444,2.6537
2007-05-22,44001,Bristol,21.0745,8.5042,43.9947,1.5342
2007-05-23,44001,Bristol,20.506,7.5885,55.1289,3.166
2007-05-24,44001,Bristol,27.7816,10.2427,52.1678,3.9493
2007-05-25,44001,Bristol,32.1308,15.6184,45.9829,3.4268
2007-05-26,44001,Bristol,29.7233,17.3947,45.5083,3.2263
2007-05-27,44001,Bristol,22.8063,13.5616,52.2076,2.3491
2007-05-28,44001,Bristol,28.4341,13.1424,52.6439,3.702
2007-05-29,44001,Bristol,23.3933,12.7917,46.7981,2.8593
2007-05-30,44001,Bristol,25.4637,13.446,46.695,2.2961
2007-05-31,44001,Bristol,22.7648,14.6408,56.9303,2.0887
2007-06-01,44001,Bristol,28.9705,13.2662,61.5229,3.4597
2007-06-02,44001,Bristol,30.242,17.5973,58.3308,3.8403
2007-06-03,44001,Bristol,25.0949,16.1973,66.9558,4.081
2007-06-04,44001,Bristol,20.8039,16.8863,70.8821,5.3917
2007-06-05,44001,Bristol,26.8717,17.1755,66.108,4.2874
2007-06-06,44001,Bristol,21.4479,13.2574,56.8091,3.4225
2007-06-07,44001,Bristol,22.3401,10.7878,53.9809,3.2411
2007-06-08,44001,Bristol,25.0293,14.6869,65.3436,2.5554
2007-06-09,44001,Bristol,20.8189,13.5672,71.4672,2.4722
2007-06-10,44001,Bristol,22.7489,11.3857,62.2988,2.2994
2007-06-11,44001,Bristol,26.1559,15.3103,62.4155,2.912
2007-06-12,44001,Bristol,24.7744,16.7896,63.1817,4.4232
2007-06-13,44001,Bristol,18.7372,11.3006,66.1969,6.0203
2007-06-14,44001,Bristol,18.574,11.2562,64.0297,5.4959
2007-06-15,44001,Bristol,21.6427,12.5785,58.369,2.6192
2007-06-16,44001,Bristol,25.0884,12.1164,64.0387,3.1149
2007-06-17,44001,Bristol,29.3592,15.1297,60.4701,3.266
2007-06-18,44001,Bristol,27.0886,15.8195,55.4844,2.3852
2007-06-19,44001,Bristol,25.5354,14.4685,61.1981,2.6269
2007-06-20,44001,Bristol,27.4365,14.9674,63.6202,3.3163
2007-06-21,44001,Bristol,25.5375,13.4164,56.0918,3.594
2007-06-22,44001,Bristol,23.3412,13.7747,53.4914,4.6671
2007-06-23,44001,Bristol,22.2066,10.6297,49.7918,3.9252
2007-06-24,44001,Bristol,24.674,9.4018,52.0794,3.3514
2007-06-25,44001,Bristol,29.0198,14.6456,56.5595,4.1364
2007-06-26,44001,Bristol,31.7338,17.2773,61.8132,4.355
2007-06-27,44001,Bristol,33.1821,19.397,60.5118,4.6495
2007-06-28,44001,Bristol,31.86,20.1999,59.5253,4.5243
2007-06-29,44001,Bristol,25.0924,14.7325,59.0811,2.3403
2007-06-30,44001,Bristol,25.0976,13.3264,54.1953,2.5695
2007-07-01,44001,Bristol,22.4481,13.8492,58.8036,2.4086
2007-07-02,44001,Bristol,22.4337,9.8089,56.7074,3.0958
2007-07-03,44001,Bristol,24.7572,10.8375,59.6631,2.6419
2007-07-04,44001,Bristol,24.5071,14.557,71.2767,4.9587
2007-07-05,44001,Bristol,25.0138,19.1894,76.6356,6.4548
2007-07-06,44001,Bristol,27.0997,19.131,67.2735,3.1161
2007-07-07,44001,Bristol,27.3695,16.7485,65.8599,3.3929
2007-07-08,44001,Bristol,29.7857,18.7603,65.6304,3.4425
2007-07-09,44001,Bristol,28.0017,20.547,71.5266,3.0545
2007-07-10,44001,Bristol,30.6304,20.0444,71.6668,2.992
2007-07-11,44001,Bristol,28.5501,20.8603,74.3883,4.3429
2007-07-12,44001,Bristol,28.7759,17.6931,63.3287,2.9213
2007-07-13,44001,Bristol,27.6743,15.5278,59.836,3.5697
2007-07-14,44001,Bristol,27.6584,17.5973,59.2936,2.8377
2007-07-15,44001,Bristol,29.9566,18.6377,68.9223,4.8603
2007-07-16,44001,Bristol,28.5683,20.2006,64.4729,1.7203
2007-07-17,44001,Bristol,29.5584,18.1359,55.5707,1.5664
2007-07-18,44001,Bristol,26.7755,17.4229,72.8268,2.7605
2007-07-19,44001,Bristol,29.3889,19.7723,67.9781,3.4946
2007-07-20,44001,Bristol,29.8899,17.0947,63.0716,4.4783
2007-07-21,44001,Bristol,27.6788,13.8336,55.5731,1.8477
2007-07-22,44001,Bristol,27.9788,15.5148,52.5499,3.9036
2007-07-23,44001,Bristol,23.7718,16.0602,79.77,4.2766
2007-07-24,44001,Bristol,29.2648,18.2983,57.8367,3.662
2007-07-25,44001,Bristol,31.7877,17.9381,46.2487,2.5683
2007-07-26,44001,Bristol,33.1877,16.8193,48.638,2.9388
2007-07-27,44001,Bristol,33.2734,19.8378,52.5052,3.3578
2007-07-28,44001,Bristol,32.0899,20.4603,59.49,3.4071
2007-07-29,44001,Bristol,30.604,21.5148,63.737,2.3331
2007-07-30,44001,Bristol,28.6116,22.0902,67.8288,1.4744
2007-07-31,44001,Bristol,28.4567,20.1565,66.2888,1.5707
2007-08-01,44001,Bristol,29.6524,19.7864,63.37,1.3557
2007-08-02,44001,Bristol,31.8505,19.7376,64.5526,2.9414
2007-08-03,44001,Bristol,32.4637,21.4503,62.6567,4.5795
2007-08-04,44001,Bristol,32.5553,21.0864,59.8071,3.6832
2007-08-05,44001,Bristol,27.3039,15.6934,51.0748,2.7032
2007-08-06,44001,Bristol,28.0719,15.4141,76.8137,3.9813
2007-08-07,44001,Bristol,30.2777,21.2941,70.2807,1.8052
2007-08-08,44001,Bristol,33.0033,21.2971,66.5775,4.533
2007-08-09,44001,Bristol,27.0478,16.0376,57.3281,2.491
2007-08-10,44001,Bristol,20.4849,16.1825,65.3009,3.0807
2007-08-11,44001,Bristol,28.267,13.9369,50.8704,2.3243
2007-08-12,44001,Bristol,30.4449,16.6454,54.2619,2.49
2007-08-13,44001,Bristol,30.6812,18.2265,59.4028,2.807
2007-08-14,44001,Bristol,25.1915,16.2858,55.3762,2.111
2007-08-15,44001,Bristol,28.3713,15.6985,60.5612,4.2163
2007-08-16,44001,Bristol,29.4841,18.2565,69.3095,3.6068
2007-08-17,44001,Bristol,27.9192,19.6753,62.2748,2.5168
2007-08-18,44001,Bristol,21.71,11.9376,58.2476,5.2536
2007-08-19,44001,Bristol,23.3926,10.4266,53.7342,2.5767
2007-08-20,44001,Bristol,23.0192,15.2646,52.2642,3.3462
2007-08-21,44001,Bristol,21.0738,11.3299,61.7376,3.2871
2007-08-22,44001,Bristol,22.117,10.0685,64.1487,3.0814
2007-08-23,44001,Bristol,22.9837,17.2831,72.5297,2.0528
2007-08-24,44001,Bristol,30.6381,19.2227,62.2674,4.1241
2007-08-25,44001,Bristol,34.2097,19.7753,62.8886,4.7939
2007-08-26,44001,Bristol,33.2468,20.4376,51.2031,2.6889
2007-08-27,44001,Bristol,28.9264,15.4052,56.0459,3.2036
2007-08-28,44001,Bristol,28.2882,13.3565,51.8059,2.2425
2007-08-29,44001,Bristol,29.0583,15.0565,50.3167,1.473
2007-08-30,44001,Bristol,30.1542,14.7763,51.8295,2.1651
2007-08-31,44001,Bristol,28.6732,16.5065,66.0269,2.9068
2007-09-01,44001,Bristol,25.6429,11.4017,51.3837,3.8146
2007-09-02,44001,Bristol,24.6197,8.5513,47.4859,2.5196
2007-09-03,44001,Bristol,28.4902,13.1291,58.0988,4.9799
2007-09-04,44001,Bristol,27.2865,12.4223,51.6896,2.4925
2007-09-05,44001,Bristol,24.7351,9.4012,40.9249,2.0785
2007-09-06,44001,Bristol,26.2876,11.3035,56.8146,4.1536
2007-09-07,44001,Bristol,31.4638,17.3002,58.3689,5.3498
2007-09-08,44001,Bristol,32.841,19.3355,55.6984,5.1746
2007-09-09,44001,Bristol,29.0148,18.5095,64.7576,2.7205
2007-09-10,44001,Bristol,27.4328,17.7513,69.8114,1.8686
2007-09-11,44001,Bristol,22.0661,17.764,88.7905,4.2102
2007-09-12,44001,Bristol,22.0152,13.6402,62.8089,4.8283
2007-09-13,44001,Bristol,21.3164,11.4303,59.8918,1.2715
2007-09-14,44001,Bristol,22.8495,13.8906,67.2102,2.6662
2007-09-15,44001,Bristol,19.3164,10.9598,87.0672,3.496
2007-09-16,44001,Bristol,17.0074,8.4132,61.6742,2.464
2007-09-17,44001,Bristol,16.9507,10.731,62.5154,3.8479
2007-09-18,44001,Bristol,18.71,8.2927,65.1868,3.9474
2007-09-19,44001,Bristol,21.074,8.0759,67.6663,1.9752
2007-09-20,44001,Bristol,24.7672,11.6288,65.4671,2.8774
2007-09-21,44001,Bristol,24.8445,14.4623,65.3226,1.3158
2007-09-22,44001,Bristol,25.0437,13.2637,74.2523,3.4596
2007-09-23,44001,Bristol,24.6053,11.99,55.5009,3.334
2007-09-24,44001,Bristol,25.2603,9.6426,49.3014,3.1037
2007-09-25,44001,Bristol,28.0189,12.8424,59.6836,5.1731
2007-09-26,44001,Bristol,30.3083,17.9399,62.0332,5.0785
2007-09-27,44001,Bristol,27.9381,18.358,69.8499,4.2585
2007-09-28,44001,Bristol,25.5639,16.8493,65.0037,3.7052
2007-09-29,44001,Bristol,22.1103,10.3528,48.7128,3.9863
2007-09-30,44001,Bristol,19.8516,6.5933,57.0035,2.962
2007-10-01,44001,Bristol,20.7135,7.8615,55.6182,2.8417
2007-10-02,44001,Bristol,24.0354,8.0125,59.9283,2.4191
2007-10-03,44001,Bristol,26.5716,12.721,65.6925,2.6109
2007-10-04,44001,Bristol,29.456,14.5398,56.52,2.6405
2007-10-05,44001,Bristol,29.0749,15.4719,57.2541,2.9094
2007-10-06,44001,Bristol,29.4325,14.7808,55.2335,3.2962
2007-10-07,44001,Bristol,19.7973,12.614,70.7042,3.2884
2007-10-08,44001,Bristol,25.1344,12.5903,69.9039,2.4593
2007-10-09,44001,Bristol,18.3785,11.4955,72.1889,3.3517
2007-10-10,44001,Bristol,17.2599,11.4623,86.4785,3.6448
2007-10-11,44001,Bristol,18.9486,13.9948,77.719,4.5885
2007-10-12,44001,Bristol,18.0816,7.7997,74.0144,5.5292
2007-10-13,44001,Bristol,15.0487,4.7398,54.0409,4.49
2007-10-14,44001,Bristol,14.5941,8.4837,52.0053,4.9185
2007-10-15,44001,Bristol,15.9111,6.8944,56.3368,4.3008
2007-10-16,44001,Bristol,16.4128,7.535,49.72,3.1401
2007-10-17,44001,Bristol,19.7808,4.7243,62.3285,2.011
2007-10-18,44001,Bristol,23.9589,12.6306,68.859,2.9661
2007-10-19,44001,Bristol,19.5052,14.9498,84.7637,4.9925
2007-10-20,44001,Bristol,22.0214,13.3833,68.6872,5.3284
2007-10-21,44001,Bristol,22.4116,11.246,55.7839,4.3431
2007-10-22,44001,Bristol,23.5384,11.4911,64.3592,4.6486
2007-10-23,44001,Bristol,23.7764,13.9214,77.768,6.5228
2007-10-24,44001,Bristol,18.41,11.5919,84.6415,3.9704
2007-10-25,44001,Bristol,12.5885,6.7309,76.0126,5.5225
2007-10-26,44001,Bristol,15.6834,6.4117,75.1621,5.1189
2007-10-27,44001,Bristol,19.6479,13.562,87.4861,6.0662
2007-10-28,44001,Bristol,14.6997,3.2841,60.6231,5.8346
2007-10-29,44001,Bristol,8.3805,0.6656,49.3094,4.3482
2007-10-30,44001,Bristol,15.6787,1.8396,59.7851,3.2847
2007-10-31,44001,Bristol,17.2256,5.7995,68.7357,4.6558
2007-11-01,44001,Bristol,20.4996,7.9627,59.7023,5.2772
2007-11-02,44001,Bristol,10.9769,1.9886,56.2713,6.3427
2007-11-03,44001,Bristol,10.1587,4.0713,75.5328,9.2438
2007-11-04,44001,Bristol,12.7953,1.5872,49.0322,3.5716
2007-11-05,44001,Bristol,13.4068,1.3627,51.8911,2.4213
2007-11-06,44001,Bristol,14.2713,2.822,70.2903,6.192
2007-11-07,44001,Bristol,10.0651,0.9545,52.4498,4.7863
2007-11-08,44001,Bristol,6.5697,0.0175,50.5617,2.5883
2007-11-09,44001,Bristol,7.3697,1.3233,57.8812,3.9197
2007-11-10,44001,Bristol,5.3587,-1.0087,63.3618,6.7879
2007-11-11,44001,Bristol,4.2543,-3.5231,53.5326,4.5279
2007-11-12,44001,Bristol,7.7668,-3.3259,57.638,2.9145
2007-11-13,44001,Bristol,13.4957,3.6696,66.6623,3.2766
2007-11-14,44001,Bristol,13.9636,1.4725,75.0043,4.0974
2007-11-15,44001,Bristol,17.5517,8.6938,71.6862,6.2004
2007-11-16,44001,Bristol,10.2633,0.2131,54.7719,7.5056
2007-11-17,44001,Bristol,5.8843,-0.8571,49.5608,5.2596
2007-11-18,44001,Bristol,5.9432,-1.3033,49.9695,3.7859
2007-11-19,44001,Bristol,4.9509,-1.0087,66.2345,5.4384
2007-11-20,44001,Bristol,6.286,-3.0465,78.3779,2.9179
2007-11-21,44001,Bristol,7.9037,0.5252,73.7677,2.2076
2007-11-22,44001,Bristol,17.4107,6.2791,70.1844,4.8749
2007-11-23,44001,Bristol,11.5886,-3.5948,38.6423,6.0704
2007-11-24,44001,Bristol,0.659,-5.6295,44.609,4.051
2007-11-25,44001,Bristol,7.0462,-2.352,53.5524,4.6618
2007-11-26,44001,Bristol,11.8554,0.3831,84.8357,4.2792
2007-11-27,44001,Bristol,14.8252,2.1437,66.165,6.6512
2007-11-28,44001,Bristol,5.4583,-0.9169,51.4458,3.9029
2007-11-29,44001,Bristol,11.1886,-0.3239,68.3446,6.3428
2007-11-30,44001,Bristol,6.3371,0.108,46.8781,6.1511
2007-12-01,44001,Bristol,2.5905,-8.4591,37.4758,7.5758
2007-12-02,44001,Bristol,0.9134,-8.2939,56.1961,3.1887
2007-12-03,44001,Bristol,6.352,-2.2362,69.7584,6.7784
2007-12-04,44001,Bristol,-0.3888,-5.5661,60.7578,7.9556
2007-12-05,44001,Bristol,1.6365,-6.1459,67.2789,3.9224
2007-12-06,44001,Bristol,-1.4911,-8.2459,62.2572,4.6545
2007-12-07,44001,Bristol,4.3384,-7.0566,74.064,3.5155
2007-12-08,44001,Bristol,4.4794,-2.0906,66.3807,3.9513
2007-12-09,44001,Bristol,2.1071,-3.6098,67.7481,2.1655
2007-12-10,44001,Bristol,2.2553,-1.1931,74.7405,3.1277
2007-12-11,44001,Bristol,4.6551,-3.0799,70.7658,3.4073
2007-12-12,44001,Bristol,10.3623,-2.3108,64.39,5.9708
2007-12-13,44001,Bristol,2.0417,-3.8853,62.1225,4.4609
2007-12-14,44001,Bristol,2.4961,-1.803,73.7132,4.3709
2007-12-15,44001,Bristol,0.6071,-6.9297,54.263,5.7296
2007-12-16,44001,Bristol,4.7922,-5.0805,82.4109,8.3209
2007-12-17,44001,Bristol,3.0683,-7.3182,46.4866,9.0254
2007-12-18,44001,Bristol,-0.3859,-7.749,64.8046,4.4438
2007-12-19,44001,Bristol,4.4274,-4.9139,74.5875,2.4782
2007-12-20,44001,Bristol,3.3495,-0.231,73.6464,3.9367
2007-12-21,44001,Bristol,2.7683,-3.7601,72.708,4.6846
2007-12-22,44001,Bristol,3.5813,-3.7441,71.962,3.5912
2007-12-23,44001,Bristol,9.1936,-0.237,69.5042,6.1398
2007-12-24,44001,Bristol,9.7784,-0.4733,53.1371,6.7817
2007-12-25,44001,Bristol,5.1015,-1.9968,60.6384,4.752
2007-12-26,44001,Bristol,6.3716,-2.1733,61.9871,2.8804
2007-12-27,44001,Bristol,5.6713,0.931,73.0195,4.9583
2007-12-28,44001,Bristol,6.326,-0.8518,61.9716,3.2577
2007-12-29,44001,Bristol,9.9526,-0.2552,55.0808,4.1842
2007-12-30,44001,Bristol,4.9112,-3.292,65.5584,2.835
2007-12-31,44001,Bristol,3.8876,-3.4524,78.9002,5.3283
2008-01-01,44001,Bristol,5.5186,-4.2368,63.1869,4.3189
2008-01-02,44001,Bristol,2.8821,-10.3227,60.0652,6.5474
2008-01-03,44001,Bristol,-8.1982,-13.6268,48.6627,6.5202
2008-01-04,44001,Bristol,0.7719,-13.5863,60.0192,5.0046
2008-01-05,44001,Bristol,4.9336,-4.1122,60.2092,3.9516
2008-01-06,44001,Bristol,5.3522,0.94,60.6058,3.2905
2008-01-07,44001,Bristol,8.6829,1.0886,64.8499,3.3159
2008-01-08,44001,Bristol,13.0911,3.2459,55.2993,4.2287
2008-01-09,44001,Bristol,16.4533,3.7595,51.7428,6.63
2008-01-10,44001,Bristol,10.3847,0.2181,42.9836,2.9592
2008-01-11,44001,Bristol,14.2224,1.8092,66.2047,5.1717
2008-01-12,44001,Bristol,11.58,1.4181,50.8749,2.6699
2008-01-13,44001,Bristol,8.58,-0.3597,52.6807,5.0514
2008-01-14,44001,Bristol,5.4972,-1.4161,59.6243,6.0599
2008-01-15,44001,Bristol,3.9726,-2.5091,58.7359,3.97
2008-01-16,44001,Bristol,2.3958,-4.1704,52.9829,5.3216
2008-01-17,44001,Bristol,3.7608,-4.2489,59.2137,2.7168
2008-01-18,44001,Bristol,8.3414,-2.7417,56.9885,6.237
2008-01-19,44001,Bristol,3.3988,-4.9491,54.7053,3.5459
2008-01-20,44001,Bristol,1.1364,-9.0452,50.5543,5.6876
2008-01-21,44001,Bristol,-2.2089,-9.7786,49.5278,4.9106
2008-01-22,44001,Bristol,5.1596,-6.4792,63.0828,6.3037
2008-01-23,44001,Bristol,4.0035,-3.6173,52.6282,4.0456
2008-01-24,44001,Bristol,1.883,-5.0681,49.4299,2.8909
2008-01-25,44001,Bristol,0.3958,-8.7978,50.0899,5.9182
2008-01-26,44001,Bristol,2.0839,-7.3192,54.7531,2.6395
2008-01-27,44001,Bristol,4.2035,-2.2083,58.4777,7.3239
2008-01-28,44001,Bristol,2.8117,-4.9382,54.0342,6.9972
2008-01-29,44001,Bristol,4.1816,-6.0006,61.5353,2.9531
2008-01-30,44001,Bristol,6.2003,-2.452,59.4657,6.4162
2008-01-31,44001,Bristol,1.7063,-4.8159,50.9404,3.3682
2008-02-01,44001,Bristol,6.3322,-3.8179,73.9965,6.8296
2008-02-02,44001,Bristol,8.1591,-2.2953,63.8741,6.2221
2008-02-03,44001,Bristol,6.4242,-3.1654,60.6393,3.1963
2008-02-04,44001,Bristol,4.6569,-3.1014,67.2232,2.3186
2008-02-05,44001,Bristol,6.8181,-0.6161,69.8808,4.1328
2008-02-06,44001,Bristol,9.7191,-0.1523,67.4423,2.218
2008-02-07,44001,Bristol,5.5136,-0.7001,68.6741,3.5853
2008-02-08,44001,Bristol,5.9502,-1.0663,71.1276,2.5469
2008-02-09,44001,Bristol,5.3357,-3.3786,65.4888,2.7258
2008-02-10,44001,Bristol,7.7038,-6.7071,59.1571,6.2177
2008-02-11,44001,Bristol,-2.3391,-10.6355,34.5099,8.7651
2008-02-12,44001,Bristol,0.3432,-10.8633,54.4039,3.7062
2008-02-13,44001,Bristol,6.5244,-3.2957,79.0415,6.4131
2008-02-14,44001,Bristol,5.9104,-2.8726,51.3782,4.8834
2008-02-15,44001,Bristol,8.9543,-2.673,51.1149,6.0298
2008-02-16,44001,Bristol,1.8543,-7.5612,39.6886,4.0864
2008-02-17,44001,Bristol,5.8151,-7.3101,68.042,4.5352
2008-02-18,44001,Bristol,15.2972,2.269,73.3405,6.9866
2008-02-19,44001,Bristol,8.8267,-2.0281,47.5091,6.3976
2008-02-20,44001,Bristol,1.5264,-4.1068,30.9439,5.6066
2008-02-21,44001,Bristol,-0.352,-6.8429,32.7737,3.9858
2008-02-22,44001,Bristol,2.8151,-5.5046,67.1464,3.8921
2008-02-23,44001,Bristol,2.1731,-3.3528,70.7457,3.3405
2008-02-24,44001,Bristol,3.0621,-5.4654,58.1623,4.0223
2008-02-25,44001,Bristol,4.8935,-5.0989,61.5544,3.2537
2008-02-26,44001,Bristol,5.9978,-3.4325,72.4267,3.6565
2008-02-27,44001,Bristol,8.0009,-3.3395,64.7594,4.5627
2008-02-28,44001,Bristol,-0.0583,-8.2609,46.6111,5.3213
2008-02-29,44001,Bristol,-0.3701,-10.0663,47.7484,3.4102
2008-03-01,44001,Bristol,5.0039,-1.8417,62.6886,6.2736
2008-03-02,44001,Bristol,4.4776,-4.611,45.3724,5.8177
2008-03-03,44001,Bristol,7.9451,-5.2113,56.1274,4.6901
2008-03-04,44001,Bristol,17.4063,1.8946,55.2106,4.1844
2008-03-05,44001,Bristol,14.8041,2.4235,55.7066,6.3683
2008-03-06,44001,Bristol,9.4694,-0.6611,46.0754,1.7434
2008-03-07,44001,Bristol,10.9513,0.4152,59.5553,3.9564
2008-03-08,44001,Bristol,14.6795,7.0293,69.7388,7.2391
2008-03-09,44001,Bristol,9.2829,-1.6013,34.2009,8.3981
2008-03-10,44001,Bristol,4.4505,-2.5312,35.2856,4.5863
2008-03-11,44001,Bristol,6.3119,-2.3825,43.4153,3.215
2008-03-12,44001,Bristol,8.5662,-0.631,57.4388,4.5944
2008-03-13,44001,Bristol,6.8072,-1.7697,43.0112,3.1166
2008-03-14,44001,Bristol,11.2776,-0.3959,59.3496,2.2235
2008-03-15,44001,Bristol,8.5154,0.2912,62.8374,5.017
2008-03-16,44001,Bristol,8.1087,0.0802,53.8229,4.709
2008-03-17,44001,Bristol,7.3336,-1.6121,38.9885,6.5359
2008-03-18,44001,Bristol,6.5075,-1.8848,39.9117,2.309
2008-03-19,44001,Bristol,8.6757,0.8783,69.337,4.3652
2008-03-20,44001,Bristol,11.3199,2.5093,57.8805,6.4929
2008-03-21,44001,Bristol,4.5588,-1.7586,38.1995,9.1971
2008-03-22,44001,Bristol,7.1961,-2.1518,29.8849,4.7346
2008-03-23,44001,Bristol,6.3961,-2.8815,34.0067,3.1909
2008-03-24,44001,Bristol,7.6042,-1.3337,39.0237,1.9105
2008-03-25,44001,Bristol,5.6642,-0.9738,46.3812,4.0338
2008-03-26,44001,Bristol,14.9979,0.6204,46.5553,5.1775
2008-03-27,44001,Bristol,13.7979,3.4501,40.5265,2.0077
2008-03-28,44001,Bristol,9.2032,2.7987,61.2914,3.4254
2008-03-29,44001,Bristol,5.5662,-3.7312,43.0471,6.0
2008-03-30,44001,Bristol,7.3961,-4.1576,35.8771,2.7954
2008-03-31,44001,Bristol,8.4573,0.0696,67.4146,5.1279
2008-04-01,44001,Bristol,15.1895,7.6942,68.2797,8.0198
2008-04-02,44001,Bristol,12.2905,0.0761,36.9245,6.336
2008-04-03,44001,Bristol,10.4939,-0.524,37.4484,4.3665
2008-04-04,44001,Bristol,11.1543,1.4243,72.703,3.4795
2008-04-05,44001,Bristol,16.4871,7.4255,58.5266,1.6464
2008-04-06,44001,Bristol,10.2251,4.347,57.0308,6.3767
2008-04-07,44001,Bristol,9.9481,2.1177,57.3332,6.5659
2008-04-08,44001,Bristol,12.1325,0.6066,50.9078,3.8139
2008-04-09,44001,Bristol,13.7769,0.5835,55.9075,2.6098
2008-04-10,44001,Bristol,20.4566,6.3722,46.1412,3.5154
2008-04-11,44001,Bristol,13.5607,5.7117,55.1361,1.7338
2008-04-12,44001,Bristol,20.4986,8.348,62.4601,3.3205
2008-04-13,44001,Bristol,12.9731,6.1255,50.6867,3.3181
2008-04-14,44001,Bristol,11.9193,1.6881,39.6135,2.6867
2008-04-15,44001,Bristol,14.2414,1.4973,36.2974,2.3177
2008-04-16,44001,Bristol,16.9009,2.0055,36.8707,1.5898
2008-04-17,44001,Bristol,18.4521,2.682,36.7224,3.2934
2008-04-18,44001,Bristol,23.003,2.8956,34.914,2.0649
2008-04-19,44001,Bristol,22.0636,5.8833,41.0861,2.2434
2008-04-20,44001,Bristol,17.9935,5.5505,50.2594,3.919
2008-04-21,44001,Bristol,14.8751,5.5224,57.9984,3.2749
2008-04-22,44001,Bristol,20.5431,4.4476,52.5957,2.2415
2008-04-23,44001,Bristol,22.8619,8.0742,52.2622,3.9623
2008-04-24,44001,Bristol,23.2041,9.2276,39.2419,3.3366
2008-04-25,44001,Bristol,21.382,5.371,36.8843,1.9204
2008-04-26,44001,Bristol,15.6521,5.2066,48.0231,3.3856
2008-04-27,44001,Bristol,13.1469,6.821,58.3451,1.9817
2008-04-28,44001,Bristol,13.2416,6.4018,71.2837,5.1401
2008-04-29,44001,Bristol,17.0444,5.2276,68.0917,4.8696
2008-04-30,44001,Bristol,13.0258,3.3222,42.9923,3.3384
2008-05-01,44001,Bristol,15.4993,3.531,42.6057,2.2776
2008-05-02,44001,Bristol,12.7682,6.3152,65.9987,2.9305
2008-05-03,44001,Bristol,10.46,8.7912,63.4833,4.4412
2008-05-04,44001,Bristol,19.4755,9.0912,62.8616,2.908
2008-05-05,44001,Bristol,19.5211,8.7055,51.1959,1.7203
2008-05-06,44001,Bristol,21.884,8.5026,45.8434,1.4433
2008-05-07,44001,Bristol,22.1479,9.39,41.6762,3.154
2008-05-08,44001,Bristol,23.8689,11.716,57.2152,4.0347
2008-05-09,44001,Bristol,14.0742,9.0292,64.7232,4.9335
2008-05-10,44001,Bristol,15.9804,8.8434,56.7575,5.4035
2008-05-11,44001,Bristol,16.4915,6.0886,53.1872,3.625
2008-05-12,44001,Bristol,12.868,6.8613,57.5777,7.8489
2008-05-13,44001,Bristol,17.2778,6.8627,46.5967,5.8175
2008-05-14,44001,Bristol,19.8464,5.2602,43.9652,2.0673
2008-05-15,44001,Bristol,20.472,7.5992,55.8853,2.3856
2008-05-16,44001,Bristol,18.2702,10.2661,57.8817,3.8238
2008-05-17,44001,Bristol,21.9709,9.4698,49.8791,4.8196
2008-05-18,44001,Bristol,21.3728,11.71,53.5134,3.2533
2008-05-19,44001,Bristol,17.2569,8.3125,48.8815,6.2925
2008-05-20,44001,Bristol,16.4608,5.8539,59.203,3.4028
2008-05-21,44001,Bristol,19.5428,8.9074,53.8082,3.6713
2008-05-22,44001,Bristol,15.92,9.8715,54.5249,4.1038
2008-05-23,44001,Bristol,21.4299,6.9638,48.5211,4.3749
2008-05-24,44001,Bristol,19.8431,8.3204,49.9172,3.0479
2008-05-25,44001,Bristol,23.0399,8.6424,44.7485,2.3639
2008-05-26,44001,Bristol,23.3451,9.3566,57.6925,5.7281
2008-05-27,44001,Bristol,25.6163,13.7298,62.6238,4.2778
2008-05-28,44001,Bristol,17.9878,8.7914,47.1207,3.9077
2008-05-29,44001,Bristol,22.182,6.2659,48.442,3.9951
2008-05-30,44001,Bristol,23.679,9.801,48.5907,2.425
2008-05-31,44001,Bristol,22.306,13.349,66.8247,5.5183
2008-06-01,44001,Bristol,26.5694,15.2888,57.5328,3.843
2008-06-02,44001,Bristol,24.8613,11.7759,53.658,2.5054
2008-06-03,44001,Bristol,27.5725,13.2713,51.0225,3.1712
2008-06-04,44001,Bristol,18.9236,14.622,72.4666,2.3439
2008-06-05,44001,Bristol,22.4601,14.5999,64.6535,3.1954
2008-06-06,44001,Bristol,19.3977,13.6882,68.7248,2.8422
2008-06-07,44001,Bristol,29.4513,13.8811,70.2384,3.7001
2008-06-08,44001,Bristol,32.0022,21.2468,63.0423,3.2507
2008-06-09,44001,Bristol,33.4746,21.7653,59.2962,2.4
2008-06-10,44001,Bristol,32.3565,21.0327,60.7188,2.4568
2008-06-11,44001,Bristol,28.5247,19.1077,54.8935,3.0136
2008-06-12,44001,Bristol,25.4088,15.1717,49.6275,2.8144
2008-06-13,44001,Bristol,25.5119,12.1076,47.9613,1.8547
2008-06-14,44001,Bristol,27.5938,14.9742,59.8745,1.6031
2008-06-15,44001,Bristol,20.7191,14.1814,71.7041,2.3248
2008-06-16,44001,Bristol,25.5237,13.254,68.8616,3.658
2008-06-17,44001,Bristol,25.854,16.9073,60.473,3.4554
2008-06-18,44001,Bristol,23.2009,12.6836,59.2588,3.041
2008-06-19,44001,Bristol,23.8613,14.6966,60.0956,2.3932
2008-06-20,44001,Bristol,24.0465,12.9618,61.9031,2.7148
2008-06-21,44001,Bristol,26.2613,16.6852,59.4415,2.8714
2008-06-22,44001,Bristol,27.1326,15.2684,67.2851,3.2464
2008-06-23,44001,Bristol,26.5576,17.8991,67.6909,3.2114
2008-06-24,44001,Bristol,27.3416,17.3742,58.1319,2.8726
2008-06-25,44001,Bristol,27.1469,15.1102,56.0164,3.7012
2008-06-26,44001,Bristol,27.7022,16.1401,65.9298,3.5642
2008-06-27,44001,Bristol,29.9962,20.1243,62.9397,2.67
2008-06-28,44001,Bristol,29.1351,19.3771,63.8863,1.8452
2008-06-29,44001,Bristol,31.4946,19.5492,62.8854,3.7468
2008-06-30,44001,Bristol,27.9591,20.1774,68.3437,4.521
2008-07-01,44001,Bristol,27.3616,19.7373,68.9066,2.7976
2008-07-02,44001,Bristol,27.6414,18.1176,69.8626,3.5289
2008-07-03,44001,Bristol,27.9329,17.2723,70.6381,4.9555
2008-07-04,44001,Bristol,25.8186,18.8586,71.9955,1.4959
2008-07-05,44001,Bristol,23.1708,18.0608,79.7703,1.7434
2008-07-06,44001,Bristol,25.6521,19.6646,75.9297,1.8734
2008-07-07,44001,Bristol,27.493,20.1376,74.2977,3.2033
2008-07-08,44001,Bristol,29.4695,20.3444,72.9074,4.9092
2008-07-09,44001,Bristol,29.8095,21.9141,71.0169,5.3462
2008-07-10,44001,Bristol,28.6592,16.3871,60.0307,3.964
2008-07-11,44001,Bristol,27.4297,13.729,58.6334,1.418
2008-07-12,44001,Bristol,28.3465,16.7627,59.2979,2.6067
2008-07-13,44001,Bristol,28.4142,17.5072,69.8099,4.5067
2008-07-14,44001,Bristol,28.8272,19.6199,66.3878,3.8071
2008-07-15,44001,Bristol,30.1433,16.6868,50.0723,1.7125
2008-07-16,44001,Bristol,31.4117,16.403,48.0231,1.4216
2008-07-17,44001,Bristol,33.3117,16.6646,48.756,2.2181
2008-07-18,44001,Bristol,34.3161,18.3426,50.0577,3.051
2008-07-19,44001,Bristol,35.9573,20.8676,49.1483,4.5864
2008-07-20,44001,Bristol,34.3751,22.1316,58.1951,5.2321
2008-07-21,44001,Bristol,31.2751,22.7551,65.1932,4.2256
2008-07-22,44001,Bristol,30.2986,20.6475,61.0307,2.5597
2008-07-23,44001,Bristol,30.1932,19.8655,67.0175,3.3532
2008-07-24,44001,Bristol,25.6641,22.2343,77.8789,6.0465
2008-07-25,44001,Bristol,27.6751,20.2055,68.7167,2.5471
2008-07-26,44001,Bristol,27.7193,18.0948,68.5116,3.0222
2008-07-27,44001,Bristol,26.4424,20.5376,75.66,3.8722
2008-07-28,44001,Bristol,27.4862,19.9134,68.5298,2.759
2008-07-29,44001,Bristol,28.9357,18.8565,65.6448,3.1724
2008-07-30,44001,Bristol,28.6005,18.944,67.3525,2.0106
2008-07-31,44001,Bristol,29.4707,19.8561,74.1669,1.6793
2008-08-01,44001,Bristol,29.2179,19.1232,67.6488,1.8967
2008-08-02,44001,Bristol,28.6336,19.9014,67.5021,2.1189
2008-08-03,44001,Bristol,27.0834,18.7464,66.1051,2.6314
2008-08-04,44001,Bristol,27.702,16.7934,63.6677,2.9666
2008-08-05,44001,Bristol,23.7602,18.3065,72.0879,2.4224
2008-08-06,44001,Bristol,22.0517,17.6921,79.7042,2.6804
2008-08-07,44001,Bristol,25.9148,15.5279,70.8237,2.3466
2008-08-08,44001,Bristol,25.3646,16.8853,67.2903,1.6898
2008-08-09,44001,Bristol,25.3037,15.6143,65.501,2.0505
2008-08-10,44001,Bristol,25.5894,17.2334,64.8263,2.038
2008-08-11,44001,Bristol,23.0598,16.7258,71.7265,2.6483
2008-08-12,44001,Bristol,22.629,15.4519,69.9101,3.2305
2008-08-13,44001,Bristol,26.0757,15.0136,64.6921,2.7204
2008-08-14,44001,Bristol,25.6849,17.2262,69.7898,1.637
2008-08-15,44001,Bristol,25.7115,17.0996,72.06,2.5953
2008-08-16,44001,Bristol,26.4729,17.6314,63.6336,2.7541
2008-08-17,44001,Bristol,27.8868,14.7792,63.1975,3.9069
2008-08-18,44001,Bristol,28.9038,17.2002,65.1414,4.0012
2008-08-19,44001,Bristol,28.3394,14.1202,63.5533,4.0747
2008-08-20,44001,Bristol,22.0569,9.9505,58.9754,3.4006
2008-08-21,44001,Bristol,24.8008,11.3091,59.259,1.8173
2008-08-22,44001,Bristol,26.1979,14.7891,60.5614,2.1474
2008-08-23,44001,Bristol,26.9867,14.6605,59.7233,1.7668
2008-08-24,44001,Bristol,26.5101,14.987,65.9025,2.0908
2008-08-25,44001,Bristol,28.8867,17.9671,66.8896,4.5084
2008-08-26,44001,Bristol,21.8969,12.3604,57.349,3.9255
2008-08-27,44001,Bristol,24.3861,10.4924,54.565,1.9128
2008-08-28,44001,Bristol,26.3583,12.1425,56.8507,2.7401
2008-08-29,44001,Bristol,25.8771,12.0032,66.699,1.8033
2008-08-30,44001,Bristol,26.56,17.8597,71.5713,2.322
2008-08-31,44001,Bristol,26.6744,14.4413,55.462,3.3658
2008-09-01,44001,Bristol,26.0773,12.0356,49.7633,3.7114
2008-09-02,44001,Bristol,25.4732,13.1536,58.1076,3.6551
2008-09-03,44001,Bristol,25.9473,14.2352,60.3552,2.6485
2008-09-04,44001,Bristol,30.5772,16.7039,61.249,3.6893
2008-09-05,44001,Bristol,30.0497,17.8489,60.6933,3.6455
2008-09-06,44001,Bristol,26.9354,19.0598,82.5593,4.775
2008-09-07,44001,Bristol,25.6387,16.891,69.2003,4.2813
2008-09-08,44001,Bristol,24.521,14.5108,60.895,2.759
2008-09-09,44001,Bristol,24.6301,15.7089,75.8868,4.07
2008-09-10,44001,Bristol,20.2228,14.5421,60.7751,2.9824
2008-09-11,44001,Bristol,20.3339,13.8444,60.8469,1.885
2008-09-12,44001,Bristol,20.708,12.604,79.7295,3.748
2008-09-13,44001,Bristol,24.542,18.0115,73.8851,1.3762
2008-09-14,44001,Bristol,24.0755,18.396,80.5569,4.6437
2008-09-15,44001,Bristol,27.439,16.553,65.8281,5.5938
2008-09-16,44001,Bristol,20.1345,12.8171,74.0004,1.9645
2008-09-17,44001,Bristol,21.3305,14.6603,68.0408,1.6559
2008-09-18,44001,Bristol,21.301,10.5553,64.9108,4.5292
2008-09-19,44001,Bristol,15.821,8.5732,64.8923,4.5432
2008-09-20,44001,Bristol,19.0725,7.637,64.0572,2.0479
2008-09-21,44001,Bristol,23.2719,8.9599,66.1093,1.6755
2008-09-22,44001,Bristol,19.0072,11.4714,75.7621,3.7359
2008-09-23,44001,Bristol,16.9309,7.9285,65.5028,4.4454
2008-09-24,44001,Bristol,18.026,6.8583,63.1403,3.9027
2008-09-25,44001,Bristol,20.0309,8.207,68.3251,5.2589
2008-09-26,44001,Bristol,20.3832,14.5009,87.5839,5.7067
2008-09-27,44001,Bristol,23.183,18.2814,80.9687,2.9061
2008-09-28,44001,Bristol,23.6549,18.4736,74.9319,2.2167
2008-09-29,44001,Bristol,21.0092,15.8196,80.4957,2.092
2008-09-30,44001,Bristol,21.2868,13.0058,73.2648,2.1913
2008-10-01,44001,Bristol,21.159,13.5838,73.4876,2.8898
2008-10-02,44001,Bristol,18.1714,8.6744,65.8524,5.971
2008-10-03,44001,Bristol,17.3522,6.8971,59.2733,5.9764
2008-10-04,44001,Bristol,16.889,5.0257,55.3071,3.8334
2008-10-05,44001,Bristol,17.0605,6.1902,65.4301,1.6161
2008-10-06,44001,Bristol,14.7074,4.2343,59.0136,4.1237
2008-10-07,44001,Bristol,16.1654,3.0074,50.4167,3.8388
2008-10-08,44001,Bristol,18.9982,3.079,57.9039,3.1637
2008-10-09,44001,Bristol,22.2982,10.1351,71.9853,4.9367
2008-10-10,44001,Bristol,21.0683,9.1641,51.7259,2.9194
2008-10-11,44001,Bristol,19.1444,5.9167,54.4151,2.0908
2008-10-12,44001,Bristol,18.5698,6.962,55.9691,2.1982
2008-10-13,44001,Bristol,19.1839,8.8816,63.942,2.9435
2008-10-14,44001,Bristol,17.6436,10.4375,69.0901,3.4102
2008-10-15,44001,Bristol,20.5469,10.5902,66.1936,1.8909
2008-10-16,44001,Bristol,21.4883,9.427,72.3642,4.0829
2008-10-17,44001,Bristol,14.859,5.7384,59.7006,3.978
2008-10-18,44001,Bristol,12.5494,4.1484,58.5412,5.4156
2008-10-19,44001,Bristol,11.9337,3.1355,59.0948,7.2914
2008-10-20,44001,Bristol,12.4631,2.3551,57.8513,4.9083
2008-10-21,44001,Bristol,16.7522,3.1266,57.7779,4.1423
2008-10-22,44001,Bristol,9.9337,4.3694,68.163,6.9265
2008-10-23,44001,Bristol,9.0698,-1.1612,57.3392,4.8179
2008-10-24,44001,Bristol,14.0747,-1.8721,51.582,3.0585
2008-10-25,44001,Bristol,18.3782,3.8594,81.3205,5.8816
2008-10-26,44001,Bristol,19.6245,7.3698,68.8072,4.2052
2008-10-27,44001,Bristol,17.8059,5.5647,64.0197,1.9434
2008-10-28,44001,Bristol,14.7834,5.5091,66.3283,6.1472
2008-10-29,44001,Bristol,7.8525,1.2641,54.9939,7.7516
2008-10-30,44001,Bristol,8.2057,-0.4735,51.0891,5.1954
2008-10-31,44001,Bristol,13.4727,-1.7438,60.7802,4.6295
2008-11-01,44001,Bristol,15.893,4.727,49.1961,3.3044
2008-11-02,44001,Bristol,7.1282,-1.6231,49.1554,4.032
2008-11-03,44001,Bristol,11.1214,-1.716,73.4457,2.4519
2008-11-04,44001,Bristol,17.1559,6.6412,60.8057,1.7755
2008-11-05,44001,Bristol,19.7189,8.6662,63.153,3.3027
2008-11-06,44001,Bristol,17.639,10.7672,68.7703,4.6436
2008-11-07,44001,Bristol,18.9864,10.3503,68.6902,1.6021
2008-11-08,44001,Bristol,17.9876,11.7078,68.3723,2.7563
2008-11-09,44001,Bristol,14.5267,4.3363,60.0086,4.5263
2008-11-10,44001,Bristol,11.4631,2.7491,48.8062,4.9426
2008-11-11,44001,Bristol,9.1864,-1.0572,50.8179,4.6624
2008-11-12,44001,Bristol,7.7795,-0.3911,51.9773,2.0924
2008-11-13,44001,Bristol,11.948,0.8945,70.3089,3.4149
2008-11-14,44001,Bristol,17.7189,9.4864,70.2585,2.1772
2008-11-15,44001,Bristol,19.7916,12.0085,68.674,5.2641
2008-11-16,44001,Bristol,15.2319,3.6958,58.1315,7.4258
2008-11-17,44001,Bristol,8.5643,-0.0116,47.8091,4.9423
2008-11-18,44001,Bristol,5.5617,-2.1737,47.4453,5.8566
2008-11-19,44001,Bristol,0.9736,-4.78,41.8334,6.6934
2008-11-20,44001,Bristol,1.189,-4.7198,39.2382,5.5073
2008-11-21,44001,Bristol,0.9864,-4.897,37.8096,5.2294
2008-11-22,44001,Bristol,-1.34,-6.1505,36.8157,8.2603
2008-11-23,44001,Bristol,0.4958,-7.0992,44.35,6.3669
2008-11-24,44001,Bristol,5.9359,-3.9269,56.1215,3.5271
2008-11-25,44001,Bristol,13.0921,2.8,70.2257,6.2716
2008-11-26,44001,Bristol,7.5643,-0.4708,58.7986,3.5814
2008-11-27,44001,Bristol,6.9873,-0.6457,52.8125,3.5267
2008-11-28,44001,Bristol,9.0499,-1.5487,56.6057,4.4543
2008-11-29,44001,Bristol,6.7902,-1.7438,50.8296,3.5406
2008-11-30,44001,Bristol,9.3703,-1.6959,61.6769,4.1433
2008-12-01,44001,Bristol,15.4567,5.5675,71.9246,6.3544
2008-12-02,44001,Bristol,8.9169,1.3742,54.2088,4.8507
2008-12-03,44001,Bristol,6.4406,-1.1296,55.8109,3.8354
2008-12-04,44001,Bristol,11.7373,0.1362,65.6658,5.4076
2008-12-05,44001,Bristol,7.1877,-1.5218,48.9188,3.1216
2008-12-06,44001,Bristol,4.7007,-4.377,57.3554,1.9669
2008-12-07,44001,Bristol,3.2183,-4.7364,69.2948,5.4851
2008-12-08,44001,Bristol,-3.313,-9.9225,46.2537,5.9606
2008-12-09,44001,Bristol,7.428,-9.8599,75.9053,5.2032
2008-12-10,44001,Bristol,15.6874,5.3463,76.7264,7.5088
2008-12-11,44001,Bristol,10.5947,2.4742,64.0729,5.6923
2008-12-12,44001,Bristol,14.1632,-1.8504,73.6232,7.4241
2008-12-13,44001,Bristol,0.3423,-4.5306,43.0268,5.1886
2008-12-14,44001,Bristol,5.1135,-4.8446,64.0874,3.8209
2008-12-15,44001,Bristol,12.9507,1.0952,81.573,6.6265
2008-12-16,44001,Bristol,12.3546,-1.6225,54.5738,4.7534
2008-12-17,44001,Bristol,4.9563,-1.3881,71.4959,3.8436
2008-12-18,44001,Bristol,4.3124,-2.9351,61.0475,3.0915
2008-12-19,44001,Bristol,2.563,-3.17,68.0891,6.1512
2008-12-20,44001,Bristol,0.7507,-4.9521,65.3664,6.9572
2008-12-21,44001,Bristol,3.1091,-3.755,74.7215,7.87
2008-12-22,44001,Bristol,-1.2189,-9.9098,53.2946,9.2705
2008-12-23,44001,Bristol,0.0743,-11.0823,60.7136,4.6349
2008-12-24,44001,Bristol,8.6929,-1.7116,71.8627,7.9056
2008-12-25,44001,Bristol,10.3552,-2.6616,57.5323,6.7181
2008-12-26,44001,Bristol,2.2899,-4.3664,62.6598,2.504
2008-12-27,44001,Bristol,6.5662,-0.3112,74.7681,4.2792
2008-12-28,44001,Bristol,16.0897,4.2317,36.8909,6.5476
2008-12-29,44001,Bristol,8.191,-1.6007,56.1063,4.6247
2008-12-30,44001,Bristol,3.9328,-3.327,51.6164,7.0017
2008-12-31,44001,Bristol,0.5629,-11.8538,77.0564,6.347
2009-01-01,44001,Bristol,-7.5948,-13.6438,51.5232,8.4797
2009-01-02,44001,Bristol,2.0003,-13.4274,67.8367,4.8791
2009-01-03,44001,Bristol,0.4602,-5.9436,57.2062,7.3032
2009-01-04,44001,Bristol,0.3113,-7.1103,59.08,4.7801
2009-01-05,44001,Bristol,4.2254,-3.3324,59.4204,4.252
2009-01-06,44001,Bristol,0.7518,-4.2159,52.2985,2.5405
2009-01-07,44001,Bristol,6.5991,-5.7207,67.0723,5.1597
2009-01-08,44001,Bristol,4.1486,-3.5959,52.9755,8.629
2009-01-09,44001,Bristol,-1.4955,-7.4447,40.9561,7.3475
2009-01-10,44001,Bristol,-1.0644,-10.1912,48.2469,3.6713
2009-01-11,44001,Bristol,1.0195,-5.6357,63.2837,4.3339
2009-01-12,44001,Bristol,-2.5186,-8.7144,61.1447,3.6659
2009-01-13,44001,Bristol,2.3182,-8.6462,69.952,3.1083
2009-01-14,44001,Bristol,2.2814,-9.5723,41.4792,5.7315
2009-01-15,44001,Bristol,-7.2533,-13.1189,51.2127,5.5367
2009-01-16,44001,Bristol,-7.3263,-14.638,48.2636,4.6505
2009-01-17,44001,Bristol,-5.5218,-13.8518,53.2878,3.1441
2009-01-18,44001,Bristol,2.138,-7.4387,76.6049,3.4222
2009-01-19,44001,Bristol,2.3182,-2.7768,64.4236,1.4329
2009-01-20,44001,Bristol,-0.2558,-5.3187,61.557,3.8438
2009-01-21,44001,Bristol,-3.0379,-8.6742,56.5364,4.8119
2009-01-22,44001,Bristol,0.3818,-8.9557,59.0661,6.0937
2009-01-23,44001,Bristol,2.7371,-6.3497,64.8935,3.1618
2009-01-24,44001,Bristol,2.2142,-11.2535,55.6062,6.2012
2009-01-25,44001,Bristol,-3.3567,-14.1993,53.7956,4.2103
2009-01-26,44001,Bristol,-3.1558,-11.0924,51.7329,2.5594
2009-01-27,44001,Bristol,-2.8772,-7.5542,53.6947,3.2092
2009-01-28,44001,Bristol,7.2649,-6.7129,60.3018,6.4498
2009-01-29,44001,Bristol,3.747,-3.6407,48.1446,5.23
2009-01-30,44001,Bristol,2.5703,-5.2447,51.5712,3.4176
2009-01-31,44001,Bristol,1.4457,-6.3748,42.197,6.2386
2009-02-01,44001,Bristol,7.8517,-6.6077,52.3889,4.6048
2009-02-02,44001,Bristol,9.3988,-0.8969,57.1475,1.8921
2009-02-03,44001,Bristol,4.1128,-4.6225,62.8172,7.0562
2009-02-04,44001,Bristol,-0.795,-8.238,53.2472,4.5238
2009-02-05,44001,Bristol,-5.0343,-12.0826,50.522,6.5186
2009-02-06,44001,Bristol,-1.076,-12.8355,56.2012,4.064
2009-02-07,44001,Bristol,5.0612,-7.3285,63.1294,4.9627
2009-02-08,44001,Bristol,12.0931,-1.0388,45.5352,5.9939
2009-02-09,44001,Bristol,4.2751,-3.7887,40.2463,4.7953
2009-02-10,44001,Bristol,6.4526,-3.3842,55.7755,2.5902
2009-02-11,44001,Bristol,12.6548,0.0276,57.8653,3.4131
2009-02-12,44001,Bristol,12.5234,1.4355,56.3312,8.2807
2009-02-13,44001,Bristol,4.4764,-6.179,49.1927,6.9425
2009-02-14,44001,Bristol,3.8197,-6.35,51.7244,5.4509
2009-02-15,44001,Bristol,3.1197,-6.628,53.7162,4.4353
2009-02-16,44001,Bristol,2.8863,-6.3543,60.603,3.7391
2009-02-17,44001,Bristol,3.9833,-3.3428,46.7248,3.333
2009-02-18,44001,Bristol,5.364,-3.5376,55.8827,3.9403
2009-02-19,44001,Bristol,10.1522,1.1732,57.0112,4.6327
2009-02-20,44001,Bristol,3.3575,-4.4638,31.9406,8.65
2009-02-21,44001,Bristol,4.564,-3.7643,42.1313,5.4431
2009-02-22,44001,Bristol,9.1219,-3.0635,62.5124,5.2088
2009-02-23,44001,Bristol,3.1764,-4.8982,44.4029,8.6089
2009-02-24,44001,Bristol,2.2387,-6.0765,42.4839,5.6544
2009-02-25,44001,Bristol,2.5387,-5.7805,43.3845,2.2965
2009-02-26,44001,Bristol,6.0666,-3.2606,60.1125,3.3303
2009-02-27,44001,Bristol,13.525,0.4043,62.143,6.1672
2009-02-28,44001,Bristol,9.0198,-2.7815,58.4138,4.8426
2009-03-01,44001,Bristol,0.772,-2.8763,63.3778,7.6658
2009-03-02,44001,Bristol,0.5047,-7.4393,64.6817,7.3924
2009-03-03,44001,Bristol,-3.3889,-12.8905,53.8312,4.8778
2009-03-04,44001,Bristol,0.1033,-15.158,51.876,4.6171
2009-03-05,44001,Bristol,2.6734,-9.3879,57.16,3.4529
2009-03-06,44001,Bristol,7.1826,-0.9749,62.1914,5.6042
2009-03-07,44001,Bristol,16.1283,1.1739,48.3812,2.8135
2009-03-08,44001,Bristol,15.8157,3.8683,53.3334,3.5478
2009-03-09,44001,Bristol,6.8324,0.0465,64.7472,5.6781
2009-03-10,44001,Bristol,7.4342,-1.3037,55.6892,2.4811
2009-03-11,44001,Bristol,10.5254,1.5084,67.049,5.2841
2009-03-12,44001,Bristol,6.4279,-3.0689,37.4869,4.631
2009-03-13,44001,Bristol,2.1672,-4.2217,44.505,2.4425
2009-03-14,44001,Bristol,8.032,-4.207,48.2719,2.5731
2009-03-15,44001,Bristol,12.6033,-0.0137,43.5184,1.9671
2009-03-16,44001,Bristol,10.0409,-0.2583,50.6091,3.5292
2009-03-17,44001,Bristol,9.8442,-0.8502,47.4784,2.4321
2009-03-18,44001,Bristol,12.2355,-0.0953,54.4557,5.1688
2009-03-19,44001,Bristol,12.3675,2.5073,56.4257,2.8594
2009-03-20,44001,Bristol,6.8965,-2.0767,44.5667,4.3279
2009-03-21,44001,Bristol,7.3378,-2.5873,36.6832,2.802
2009-03-22,44001,Bristol,8.3452,-1.052,46.3673,4.5617
2009-03-23,44001,Bristol,2.5734,-4.3198,29.6248,6.1881
2009-03-24,44001,Bristol,6.3597,-4.383,42.2202,7.0211
2009-03-25,44001,Bristol,10.6845,-2.6701,38.9654,3.0762
2009-03-26,44001,Bristol,11.7598,-0.1665,47.8559,2.6516
2009-03-27,44001,Bristol,16.7708,4.4078,49.6757,1.7316
2009-03-28,44001,Bristol,13.8865,3.2311,56.3446,3.0326
2009-03-29,44001,Bristol,15.8582,4.7948,63.0187,3.4102
2009-03-30,44001,Bristol,10.8553,4.6455,61.1232,5.328
2009-03-31,44001,Bristol,11.0892,3.5328,50.4715,3.0415
2009-04-01,44001,Bristol,9.1475,0.9646,60.6816,3.4632
2009-04-02,44001,Bristol,15.17,5.7943,63.4619,1.9995
2009-04-03,44001,Bristol,15.7811,8.314,63.9557,5.0394
2009-04-04,44001,Bristol,11.0041,5.2067,55.7264,7.1628
2009-04-05,44001,Bristol,14.8543,3.5204,44.153,4.5006
2009-04-06,44001,Bristol,12.9007,3.9314,64.361,4.5044
2009-04-07,44001,Bristol,12.3015,4.0697,52.9161,5.8576
2009-04-08,44001,Bristol,8.351,1.7297,47.6745,5.8059
2009-04-09,44001,Bristol,15.3927,2.4417,42.0369,3.6202
2009-04-10,44001,Bristol,18.1657,4.8314,42.2634,2.7151
2009-04-11,44001,Bristol,9.7892,5.0596,65.4884,5.9145
2009-04-12,44001,Bristol,8.1676,0.2926,38.729,6.4093
2009-04-13,44001,Bristol,12.1546,-0.8886,36.0397,4.6761
2009-04-14,44001,Bristol,14.1103,1.8295,40.4932,2.5205
2009-04-15,44001,Bristol,10.9586,0.9827,45.4105,6.4514
2009-04-16,44001,Bristol,12.6486,-0.5049,39.9397,3.6311
2009-04-17,44001,Bristol,18.5103,0.5271,38.267,3.786
2009-04-18,44001,Bristol,18.8723,5.7497,41.7906,2.3756
2009-04-19,44001,Bristol,14.8081,3.0116,48.8943,3.5445
2009-04-20,44001,Bristol,12.563,0.7083,58.394,6.4441
2009-04-21,44001,Bristol,19.0165,8.6285,60.2943,5.468
2009-04-22,44001,Bristol,17.906,8.825,58.3228,3.5819
2009-04-23,44001,Bristol,14.4946,6.0802,46.5316,6.4123
2009-04-24,44001,Bristol,17.9089,3.5504,45.0643,3.6114
2009-04-25,44001,Bristol,23.2912,6.0371,56.296,3.9033
2009-04-26,44001,Bristol,29.2694,12.2844,43.8065,2.4503
2009-04-27,44001,Bristol,24.6011,10.8689,49.8835,3.0666
2009-04-28,44001,Bristol,28.422,10.6959,47.2812,4.5301
2009-04-29,44001,Bristol,17.2321,5.0943,40.957,3.6464
2009-04-30,44001,Bristol,17.4696,2.9376,45.7449,3.2032
2009-05-01,44001,Bristol,21.1171,9.567,65.2042,5.9147
2009-05-02,44001,Bristol,19.915,11.5273,58.5278,2.6699
2009-05-03,44001,Bristol,15.9707,9.8265,57.8269,1.9177
2009-05-04,44001,Bristol,16.3257,8.8295,64.6592,2.301
2009-05-05,44001,Bristol,13.3695,9.8692,68.2835,3.374
2009-05-06,44001,Bristol,17.4056,9.6487,68.8788,1.9466
2009-05-07,44001,Bristol,20.1986,11.518,69.8516,4.5226
2009-05-08,44001,Bristol,22.7321,11.8594,58.9972,3.0462
2009-05-09,44001,Bristol,22.2889,12.0789,66.7846,3.7629
2009-05-10,44001,Bristol,19.4208,10.1959,52.4675,6.4632
2009-05-11,44001,Bristol,15.167,7.4863,52.0794,2.8944
2009-05-12,44001,Bristol,18.1563,7.1863,52.8604,1.6399
2009-05-13,44001,Bristol,20.5651,8.0276,48.7631,2.5497
2009-05-14,44001,Bristol,17.4761,7.0456,71.3893,5.7801
2009-05-15,44001,Bristol,24.365,12.4941,60.183,3.3728
2009-05-16,44001,Bristol,20.854,10.6678,68.4536,2.832
2009-05-17,44001,Bristol,20.1346,12.3881,66.3033,3.2077
2009-05-18,44001,Bristol,13.853,8.7739,54.2784,2.3114
2009-05-19,44001,Bristol,17.5749,6.2483,49.4869,2.726
2009-05-20,44001,Bristol,25.2944,6.803,47.5769,3.5662
2009-05-21,44001,Bristol,24.9137,9.945,51.7754,5.1071
2009-05-22,44001,Bristol,27.194,10.8564,56.2046,3.7576
2009-05-23,44001,Bristol,20.9046,11.948,56.9195,2.7743
2009-05-24,44001,Bristol,23.0573,10.9036,70.371,3.2353
2009-05-25,44001,Bristol,24.3942,11.4222,50.4082,2.8422
2009-05-26,44001,Bristol,16.0752,6.8749,53.6908,3.3386
2009-05-27,44001,Bristol,15.5557,9.1347,70.656,2.5902
2009-05-28,44001,Bristol,16.3343,11.6974,68.5022,4.2023
2009-05-29,44001,Bristol,20.1241,11.7881,71.1909,1.8921
2009-05-30,44001,Bristol,24.23,14.1162,58.5293,3.0661
2009-05-31,44001,Bristol,23.6576,10.1775,52.3493,4.4934
2009-06-01,44001,Bristol,19.0253,4.626,55.7892,4.0874
2009-06-02,44001,Bristol,25.4765,11.5795,62.6047,2.4257
2009-06-03,44001,Bristol,22.8609,12.9473,60.3774,1.241
2009-06-04,44001,Bristol,21.5163,12.5166,62.9406,1.4847
2009-06-05,44001,Bristol,18.0364,11.4222,73.6861,3.9122
2009-06-06,44001,Bristol,22.9364,12.8074,64.3269,3.0888
2009-06-07,44001,Bristol,24.3167,12.5693,59.8293,2.6817
2009-06-08,44001,Bristol,21.417,14.3694,60.4057,1.8275
2009-06-09,44001,Bristol,17.304,13.4107,69.164,3.4121
2009-06-10,44001,Bristol,23.3713,12.744,69.7924,2.393
2009-06-11,44001,Bristol,21.3202,13.1771,75.2991,2.864
2009-06-12,44001,Bristol,24.324,15.7188,75.3569,2.6357
2009-06-13,44001,Bristol,24.7591,15.5107,67.731,2.0978
2009-06-14,44001,Bristol,18.7487,13.7902,71.3775,2.3624
2009-06-15,44001,Bristol,19.9225,12.0635,67.5921,2.2543
2009-06-16,44001,Bristol,20.537,10.511,62.8279,2.6354
2009-06-17,44001,Bristol,21.4241,9.2504,58.7133,1.7518
2009-06-18,44001,Bristol,20.2032,10.5542,81.1709,4.4278
2009-06-19,44001,Bristol,23.5466,17.1246,75.9148,3.5543
2009-06-20,44001,Bristol,24.6675,17.6788,68.6517,1.8456
2009-06-21,44001,Bristol,22.0712,16.998,73.8394,4.8382
2009-06-22,44001,Bristol,19.437,14.0352,78.0806,6.7396
2009-06-23,44001,Bristol,20.2577,14.4389,77.8446,4.0802
2009-06-24,44001,Bristol,21.4236,16.2743,75.0932,1.7651
2009-06-25,44001,Bristol,23.6078,16.7136,73.2953,1.796
2009-06-26,44001,Bristol,25.4642,17.4568,71.7878,3.0122
2009-06-27,44001,Bristol,26.5019,16.6185,68.6518,1.3385
2009-06-28,44001,Bristol,23.1376,17.173,74.4262,2.3035
2009-06-29,44001,Bristol,25.315,16.6525,71.3459,2.7847
2009-06-30,44001,Bristol,26.3649,17.9457,66.3523,2.4322
2009-07-01,44001,Bristol,24.196,16.2505,75.9799,2.5624
2009-07-02,44001,Bristol,24.9943,15.9782,78.7255,3.0162
2009-07-03,44001,Bristol,25.6174,18.0861,68.5288,3.2157
2009-07-04,44001,Bristol,25.8267,16.3573,62.1822,4.2943
2009-07-05,44001,Bristol,25.3862,13.2394,59.1285,3.6026
2009-07-06,44001,Bristol,26.1535,14.9634,59.5625,1.3421
2009-07-07,44001,Bristol,22.391,15.3616,72.3459,2.1066
2009-07-08,44001,Bristol,24.2816,15.2448,68.9381,1.8311
2009-07-09,44001,Bristol,20.8722,12.3491,69.2106,3.5037
2009-07-10,44001,Bristol,23.8638,10.3997,59.5572,1.6645
2009-07-11,44001,Bristol,24.4009,11.9587,65.7749,3.6697
2009-07-12,44001,Bristol,27.132,16.3421,61.6445,3.5213
2009-07-13,44001,Bristol,24.2599,13.527,58.4784,3.5617
2009-07-14,44001,Bristol,24.6024,14.9882,53.0792,2.8765
2009-07-15,44001,Bristol,25.6132,13.0505,57.3931,3.4179
2009-07-16,44001,Bristol,26.703,15.1578,74.7375,4.1277
2009-07-17,44001,Bristol,29.3739,19.034,66.4468,2.6322
2009-07-18,44001,Bristol,29.0945,19.1725,68.4669,3.6578
2009-07-19,44001,Bristol,26.8609,16.8144,57.8411,3.5384
2009-07-20,44001,Bristol,27.4773,15.4573,62.0585,1.706
2009-07-21,44001,Bristol,24.6378,18.0119,78.664,2.6479
2009-07-22,44001,Bristol,27.9192,19.5368,67.7553,2.9101
2009-07-23,44001,Bristol,26.7675,18.3882,68.0054,3.8564
2009-07-24,44001,Bristol,23.3611,18.4254,72.1045,2.7056
2009-07-25,44001,Bristol,27.4807,18.3933,63.9571,3.1647
2009-07-26,44001,Bristol,28.2697,18.0291,74.3436,3.6824
2009-07-27,44001,Bristol,27.1976,21.1032,71.1615,4.0523
2009-07-28,44001,Bristol,29.2491,20.6882,65.8396,2.8339
2009-07-29,44001,Bristol,29.5463,21.3971,69.9899,3.9269
2009-07-30,44001,Bristol,29.6912,21.5849,66.7761,4.1304
2009-07-31,44001,Bristol,27.1571,19.476,77.4334,3.7596
2009-08-01,44001,Bristol,27.7568,18.0337,69.4029,2.3191
2009-08-02,44001,Bristol,27.4577,17.1001,79.2151,3.3091
2009-08-03,44001,Bristol,29.1269,19.7385,66.9669,1.7203
2009-08-04,44001,Bristol,28.6803,18.3682,70.3667,3.1917
2009-08-05,44001,Bristol,29.7455,19.1927,75.8677,3.4465
2009-08-06,44001,Bristol,24.6593,16.7008,68.5435,2.1769
2009-08-07,44001,Bristol,26.1158,14.7851,55.1007,3.6657
2009-08-08,44001,Bristol,24.5106,12.1472,53.8811,1.8625
2009-08-09,44001,Bristol,21.9601,13.514,82.1207,2.6359
2009-08-10,44001,Bristol,31.0667,18.7258,71.3464,3.0184
2009-08-11,44001,Bristol,30.1991,23.1152,68.7691,1.1671
2009-08-12,44001,Bristol,25.9516,19.1904,76.0998,3.0371
2009-08-13,44001,Bristol,21.488,18.3337,81.9227,4.3003
2009-08-14,44001,Bristol,27.89,16.6463,65.7101,1.8151
2009-08-15,44001,Bristol,31.0676,16.904,65.4626,3.0432
2009-08-16,44001,Bristol,31.9655,19.0305,64.9291,2.9152
2009-08-17,44001,Bristol,32.1354,20.2846,64.5327,3.3119
2009-08-18,44001,Bristol,32.6531,20.8032,60.14,3.8485
2009-08-19,44001,Bristol,31.8778,20.8086,65.0889,3.563
2009-08-20,44001,Bristol,30.8364,21.2502,68.465,2.3878
2009-08-21,44001,Bristol,29.7721,21.7598,76.2047,4.3085
2009-08-22,44001,Bristol,30.5073,22.9605,72.4534,3.6583
2009-08-23,44001,Bristol,29.6244,21.8102,71.0083,3.49
2009-08-24,44001,Bristol,30.85,21.5886,64.6357,1.9945
2009-08-25,44001,Bristol,28.8975,19.902,66.2201,2.312
2009-08-26,44001,Bristol,30.902,19.7785,63.2484,4.1402
2009-08-27,44001,Bristol,24.6334,15.9362,54.4376,2.0125
2009-08-28,44001,Bristol,24.7271,13.8379,62.0765,2.9366
2009-08-29,44001,Bristol,24.0548,17.8191,81.3659,3.3116
2009-08-30,44001,Bristol,25.7558,16.8383,74.5103,2.3852
2009-08-31,44001,Bristol,22.7127,15.3988,64.938,2.9165
2009-09-01,44001,Bristol,21.703,12.968,59.8781,2.9071
2009-09-02,44001,Bristol,23.0239,12.2851,58.5894,1.9671
2009-09-03,44001,Bristol,24.3363,10.4455,63.4112,1.5625
2009-09-04,44001,Bristol,27.1476,12.0018,63.019,2.3863
2009-09-05,44001,Bristol,27.3196,14.2633,65.3386,1.3837
2009-09-06,44001,Bristol,20.613,10.2034,69.6219,4.4303
2009-09-07,44001,Bristol,22.0064,8.7359,66.4176,1.4585
2009-09-08,44001,Bristol,25.3521,11.8827,68.7897,1.2676
2009-09-09,44001,Bristol,24.4655,11.6907,66.2807,4.9547
2009-09-10,44001,Bristol,20.2794,10.2736,64.084,5.9332
2009-09-11,44001,Bristol,19.4721,11.3481,88.3402,6.3261
2009-09-12,44001,Bristol,23.3861,16.2829,78.9958,3.0666
2009-09-13,44001,Bristol,24.9905,16.2449,72.9924,2.5321
2009-09-14,44001,Bristol,24.1925,12.927,63.0016,2.9087
2009-09-15,44001,Bristol,26.8672,14.1979,61.0279,2.6173
2009-09-16,44001,Bristol,18.8843,11.0141,75.8184,5.4103
2009-09-17,44001,Bristol,19.2018,9.4928,67.2608,3.6259
2009-09-18,44001,Bristol,22.8135,9.9998,66.2823,5.2761
2009-09-19,44001,Bristol,18.3733,8.8476,52.3511,3.8116
2009-09-20,44001,Bristol,21.323,6.3253,57.5738,2.7091
2009-09-21,44001,Bristol,23.4596,8.078,62.8089,2.5958
2009-09-22,44001,Bristol,25.9263,9.9154,73.7592,3.2914
2009-09-23,44001,Bristol,25.9337,17.194,73.9394,4.402
2009-09-24,44001,Bristol,27.7921,17.5183,64.2677,2.5767
2009-09-25,44001,Bristol,19.2378,6.0543,60.4647,5.3503
2009-09-26,44001,Bristol,18.2348,4.1862,61.4305,3.1962
2009-09-27,44001,Bristol,20.9515,10.5257,95.0093,5.484
2009-09-28,44001,Bristol,23.6024,15.3103,70.8248,4.7312
2009-09-29,44001,Bristol,21.0286,13.3356,63.7951,5.4383
2009-09-30,44001,Bristol,17.2846,8.5194,66.8196,4.1666
2009-10-01,44001,Bristol,14.3481,6.201,60.7347,3.5395
2009-10-02,44001,Bristol,16.4483,6.7547,63.2161,3.2623
2009-10-03,44001,Bristol,21.345,12.2601,83.5078,3.6273
2009-10-04,44001,Bristol,22.2801,13.2943,69.9438,1.9664
2009-10-05,44001,Bristol,19.4768,9.4559,61.2558,4.4905
2009-10-06,44001,Bristol,19.1702,7.2825,61.1577,4.0226
2009-10-07,44001,Bristol,21.069,9.2162,64.7001,7.4745
2009-10-08,44001,Bristol,17.1502,7.7645,58.2761,4.8201
2009-10-09,44001,Bristol,18.3151,7.7846,83.5392,3.3293
2009-10-10,44001,Bristol,20.1578,5.7781,74.7492,3.6365
2009-10-11,44001,Bristol,17.1673,2.7617,55.1499,4.1345
2009-10-12,44001,Bristol,12.0727,1.7511,55.2817,2.4378
2009-10-13,44001,Bristol,14.9321,3.2769,70.9032,5.0748
2009-10-14,44001,Bristol,11.1468,0.2272,56.8904,3.9544
2009-10-15,44001,Bristol,9.0429,2.244,68.815,5.3379
2009-10-16,44001,Bristol,7.637,4.2247,74.9798,7.1089
2009-10-17,44001,Bristol,11.1391,4.2423,73.0545,5.8479
2009-10-18,44001,Bristol,9.6629,3.6247,80.7788,8.5552
2009-10-19,44001,Bristol,12.4391,2.8387,58.8919,3.556
2009-10-20,44001,Bristol,16.169,1.1667,66.6623,3.1776
2009-10-21,44001,Bristol,18.0642,7.981,64.6758,1.6768
2009-10-22,44001,Bristol,20.3082,10.8895,66.1581,4.2247
2009-10-23,44001,Bristol,13.8007,5.8518,63.6445,5.5014
2009-10-24,44001,Bristol,20.3211,6.6682,88.0452,6.7202
2009-10-25,44001,Bristol,17.7419,6.3186,71.2471,3.7254
2009-10-26,44001,Bristol,14.165,3.4619,58.1904,2.3557
2009-10-27,44001,Bristol,14.4008,3.8224,81.7422,3.5764
2009-10-28,44001,Bristol,13.3185,8.001,80.4907,7.3139
2009-10-29,44001,Bristol,12.0438,6.3444,68.9427,4.7504
2009-10-30,44001,Bristol,13.4838,5.7916,67.1161,2.3002
2009-10-31,44001,Bristol,19.8174,7.9418,83.7964,6.1984
2009-11-01,44001,Bristol,15.6206,7.075,70.7,3.723
2009-11-02,44001,Bristol,10.4259,5.1136,74.2393,5.0726
2009-11-03,44001,Bristol,12.924,5.1795,68.76,4.0093
2009-11-04,44001,Bristol,9.3182,2.0119,54.7521,2.815
2009-11-05,44001,Bristol,9.7882,4.4881,65.1889,1.5425
2009-11-06,44001,Bristol,8.4263,2.1721,62.187,5.2388
2009-11-07,44001,Bristol,8.3214,-0.6101,64.4729,3.5758
2009-11-08,44001,Bristol,16.8373,4.4367,62.8294,3.0915
2009-11-09,44001,Bristol,17.0591,5.4713,65.3236,3.3908
2009-11-10,44001,Bristol,19.2263,9.3167,63.8847,2.6619
2009-11-11,44001,Bristol,10.8576,4.3136,72.2378,5.7021
2009-11-12,44001,Bristol,10.5263,4.2256,73.5876,7.5332
2009-11-13,44001,Bristol,13.28,6.5788,78.8269,8.4903
2009-11-14,44001,Bristol,14.2825,11.1607,83.7228,5.5075
2009-11-15,44001,Bristol,18.6228,12.7876,82.231,1.2908
2009-11-16,44001,Bristol,15.3543,5.1899,68.705,3.7339
2009-11-17,44001,Bristol,9.8964,1.5124,60.5898,4.2008
2009-11-18,44001,Bristol,9.8976,0.8058,71.7177,1.9107
2009-11-19,44001,Bristol,14.2436,3.7373,78.5408,2.1495
2009-11-20,44001,Bristol,16.7747,6.6746,79.2054,4.7662
2009-11-21,44001,Bristol,13.0292,3.9229,65.4606,2.892
2009-11-22,44001,Bristol,11.2993,2.5153,69.6763,4.4252
2009-11-23,44001,Bristol,10.0621,3.094,84.5581,5.8364
2009-11-24,44001,Bristol,11.6151,7.6557,78.886,5.752
2009-11-25,44001,Bristol,12.9182,6.5501,80.5103,2.6373
2009-11-26,44001,Bristol,13.4494,8.8087,76.8903,2.6326
2009-11-27,44001,Bristol,9.4074,6.3999,76.7053,6.3796
2009-11-28,44001,Bristol,9.3182,2.9827,64.9363,8.6914
2009-11-29,44001,Bristol,10.4829,1.5089,68.6881,4.3253
2009-11-30,44001,Bristol,13.9215,5.6145,72.7665,3.9177
2009-12-01,44001,Bristol,6.5484,0.1747,50.6796,4.8504
2009-12-02,44001,Bristol,11.6606,0.9612,63.0527,3.815
2009-12-03,44001,Bristol,18.9675,8.993,61.9886,7.4787
2009-12-04,44001,Bristol,11.3125,4.031,51.4215,2.5425
2009-12-05,44001,Bristol,7.5111,2.481,65.2563,5.5165
2009-12-06,44001,Bristol,3.5238,-2.1947,55.8334,5.8708
2009-12-07,44001,Bristol,5.6958,-2.091,56.399,2.4739
2009-12-08,44001,Bristol,4.6738,-1.6944,54.0172,3.7518
2009-12-09,44001,Bristol,10.7266,-0.5827,75.5436,6.8106
2009-12-10,44001,Bristol,8.2981,-1.446,47.7747,7.497
2009-12-11,44001,Bristol,-0.6095,-4.8446,35.1824,9.5608
2009-12-12,44001,Bristol,-0.7456,-7.0039,44.2194,5.993
2009-12-13,44001,Bristol,6.0934,-6.7804,68.6042,4.7956
2009-12-14,44001,Bristol,6.975,-0.3444,61.9092,3.1581
2009-12-15,44001,Bristol,9.2741,2.0384,63.1091,3.8932
2009-12-16,44001,Bristol,4.8115,-3.5645,39.9992,6.6813
2009-12-17,44001,Bristol,-2.4494,-10.9612,44.7098,7.4658
2009-12-18,44001,Bristol,-4.1848,-12.3531,54.1162,4.5378
2009-12-19,44001,Bristol,0.0096,-9.1272,64.5017,6.4672
2009-12-20,44001,Bristol,-0.2885,-5.8352,56.0362,8.6077
2009-12-21,44001,Bristol,-1.263,-9.1719,49.8149,7.4913
2009-12-22,44001,Bristol,-3.2949,-11.0477,56.3225,6.3875
2009-12-23,44001,Bristol,-5.5177,-13.1609,58.4507,5.6846
2009-12-24,44001,Bristol,1.5348,-9.617,74.0586,5.1989
2009-12-25,44001,Bristol,2.9004,-2.6184,64.4261,3.6924
2009-12-26,44001,Bristol,4.0292,-1.0765,70.0355,6.3468
2009-12-27,44001,Bristol,12.4964,1.7089,63.6432,5.9673
2009-12-28,44001,Bristol,5.8738,-1.5439,59.808,4.5709
2009-12-29,44001,Bristol,0.0076,-12.4379,75.2144,9.6932
2009-12-30,44001,Bristol,-2.1236,-12.7362,47.4921,4.931
2009-12-31,44001,Bristol,2.9272,-5.4283,69.8216,1.4865
2010-01-01,44001,Bristol,1.8749,-1.7189,76.7209,2.3924
2010-01-02,44001,Bristol,-0.8884,-8.5017,86.2556,6.876
2010-01-03,44001,Bristol,-2.596,-8.6128,59.0349,8.4728
2010-01-04,44001,Bristol,1.0848,-7.1147,63.0746,5.8833
2010-01-05,44001,Bristol,-0.6339,-5.4372,62.0787,4.6564
2010-01-06,44001,Bristol,0.6207,-4.8716,58.8239,5.3598
2010-01-07,44001,Bristol,4.4399,-5.3148,54.8755,4.9223
2010-01-08,44001,Bristol,-1.5449,-6.8627,70.5536,3.5371
2010-01-09,44001,Bristol,-1.9309,-13.0001,54.1233,5.6819
2010-01-10,44001,Bristol,-2.55,-12.6935,46.2207,4.8655
2010-01-11,44001,Bristol,1.1758,-10.0584,58.3711,4.3515
2010-01-12,44001,Bristol,1.3371,-10.1927,54.4942,5.0927
2010-01-13,44001,Bristol,-0.6881,-9.1018,44.1911,4.9204
2010-01-14,44001,Bristol,2.5095,-6.6964,62.7518,2.5559
2010-01-15,44001,Bristol,7.801,-2.0291,55.3742,4.1879
2010-01-16,44001,Bristol,8.1649,-2.5566,54.0193,3.4925
2010-01-17,44001,Bristol,5.2463,-1.5474,69.2393,4.4752
2010-01-18,44001,Bristol,2.1614,-0.1075,75.926,7.7245
2010-01-19,44001,Bristol,3.587,0.5759,75.8687,1.9669
2010-01-20,44001,Bristol,3.6845,-1.9876,69.1554,3.8174
2010-01-21,44001,Bristol,5.8711,-4.9355,51.9407,2.7041
2010-01-22,44001,Bristol,4.3196,-4.6236,56.49,4.5984
2010-01-23,44001,Bristol,3.9355,-6.0089,51.3665,3.6459
2010-01-24,44001,Bristol,11.4723,-4.953,51.0026,2.9585
2010-01-25,44001,Bristol,13.7902,4.2889,63.0216,7.4414
2010-01-26,44001,Bristol,8.0449,-1.2655,59.1912,4.4752
2010-01-27,44001,Bristol,6.0943,-3.4207,51.4326,3.9748
2010-01-28,44001,Bristol,2.4551,-10.3283,70.0494,5.3565
2010-01-29,44001,Bristol,-6.6439,-13.9093,30.6515,9.4376
2010-01-30,44001,Bristol,-5.5659,-13.3134,32.502,5.0567
2010-01-31,44001,Bristol,-1.5016,-8.7547,35.0642,4.8941
2010-02-01,44001,Bristol,1.5397,-6.6053,39.1689,5.4321
2010-02-02,44001,Bristol,-0.5389,-5.8163,40.9986,1.8638
2010-02-03,44001,Bristol,0.9891,-4.9003,65.5877,3.0053
2010-02-04,44001,Bristol,1.3622,-7.1761,43.2452,5.756
2010-02-05,44001,Bristol,2.616,-5.9766,35.7552,4.0815
2010-02-06,44001,Bristol,-3.9429,-9.9304,54.2709,7.7178
2010-02-07,44001,Bristol,1.0968,-8.1321,41.5472,6.5461
2010-02-08,44001,Bristol,1.4635,-5.6812,42.588,6.602
2010-02-09,44001,Bristol,4.94,-4.4245,45.2967,3.7168
2010-02-10,44001,Bristol,1.639,-1.4202,71.8014,7.9207
2010-02-11,44001,Bristol,4.3063,-4.4217,61.739,6.3828
2010-02-12,44001,Bristol,3.9073,-6.2935,55.7557,4.8562
2010-02-13,44001,Bristol,2.1429,-5.4525,60.1141,4.0226
2010-02-14,44001,Bristol,4.3247,-2.1342,51.9976,6.2948
2010-02-15,44001,Bristol,5.0392,-1.5174,52.8219,5.0186
2010-02-16,44001,Bristol,1.8321,-2.0483,76.4143,4.0152
2010-02-17,44001,Bristol,2.8562,-1.2233,60.6618,4.9738
2010-02-18,44001,Bristol,7.8607,0.5799,49.9671,5.5088
2010-02-19,44001,Bristol,6.4099,-0.7507,51.3916,6.1614
2010-02-20,44001,Bristol,9.6322,-1.2174,47.2729,4.3804
2010-02-21,44001,Bristol,5.5156,-1.476,48.0003,4.7927
2010-02-22,44001,Bristol,8.3948,-1.1068,48.5126,3.2028
2010-02-23,44001,Bristol,4.8073,1.9469,68.0227,5.5909
2010-02-24,44001,Bristol,7.829,3.8254,64.9634,5.5033
2010-02-25,44001,Bristol,9.2285,1.1868,72.3537,5.2632
2010-02-26,44001,Bristol,3.9049,0.6695,68.6545,3.9837
2010-02-27,44001,Bristol,3.4169,-1.257,69.3439,2.7462
2010-02-28,44001,Bristol,3.6858,0.5084,63.2415,3.1014
2010-03-01,44001,Bristol,8.574,0.8187,57.7388,6.9752
2010-03-02,44001,Bristol,8.5729,0.9743,56.5134,2.4986
2010-03-03,44001,Bristol,2.074,0.7273,73.8001,7.3605
2010-03-04,44001,Bristol,3.0475,0.2636,63.5373,6.4081
2010-03-05,44001,Bristol,6.0992,-1.8013,53.6014,5.5388
2010-03-06,44001,Bristol,13.4728,-0.462,29.3849,3.4623
2010-03-07,44001,Bristol,14.1627,1.8106,35.6205,3.384
2010-03-08,44001,Bristol,15.9731,1.9661,40.1425,3.7725
2010-03-09,44001,Bristol,12.1886,-2.1318,39.9006,2.0956
2010-03-10,44001,Bristol,13.2652,0.6813,41.5296,0.8227
2010-03-11,44001,Bristol,9.3588,3.8651,57.0426,3.3992
2010-03-12,44001,Bristol,9.3929,3.9448,56.7069,6.1219
2010-03-13,44001,Bristol,9.2301,4.6158,67.244,9.8096
2010-03-14,44001,Bristol,9.5959,5.6716,68.5852,8.9132
2010-03-15,44001,Bristol,6.4307,3.4875,73.1924,8.5764
2010-03-16,44001,Bristol,11.8027,-0.4889,50.0734,5.2988
2010-03-17,44001,Bristol,17.4119,2.8603,37.9217,3.0205
2010-03-18,44001,Bristol,19.3396,3.5558,40.3742,3.5955
2010-03-19,44001,Bristol,20.8299,4.0222,38.8994,2.1678
2010-03-20,44001,Bristol,22.1885,6.1956,38.8235,2.9191
2010-03-21,44001,Bristol,15.0436,5.5829,56.4175,2.5699
2010-03-22,44001,Bristol,11.32,5.9612,85.3195,2.8469
2010-03-23,44001,Bristol,9.128,5.7273,98.7568,3.2285
2010-03-24,44001,Bristol,12.5422,2.5403,49.8377,6.226
2010-03-25,44001,Bristol,16.8528,4.7395,43.514,4.076
2010-03-26,44001,Bristol,5.5259,-3.3214,72.7149,6.569
2010-03-27,44001,Bristol,4.6538,-2.7212,38.7667,3.7489
2010-03-28,44001,Bristol,9.8172,1.3181,58.5417,4.4572
2010-03-29,44001,Bristol,11.8967,8.8425,78.2866,6.3424
2010-03-30,44001,Bristol,12.7598,5.7825,76.3961,4.5997
2010-03-31,44001,Bristol,10.1408,6.0703,77.1297,2.8996
2010-04-01,44001,Bristol,16.7222,4.2717,62.8475,2.5775
2010-04-02,44001,Bristol,19.7548,5.5076,56.6724,1.8213
2010-04-03,44001,Bristol,20.3093,7.7639,53.1101,3.3708
2010-04-04,44001,Bristol,24.333,7.5731,42.6293,3.4342
2010-04-05,44001,Bristol,21.1882,8.3436,42.7914,3.061
2010-04-06,44001,Bristol,21.6104,8.7111,51.446,1.6372
2010-04-07,44001,Bristol,31.7983,11.6383,38.772,3.4938
2010-04-08,44001,Bristol,19.6006,10.9421,64.1794,2.876
2010-04-09,44001,Bristol,13.5897,5.0037,87.1089,5.0623
2010-04-10,44001,Bristol,14.6115,5.9801,40.0437,5.7984
2010-04-11,44001,Bristol,21.7647,5.4083,41.1766,3.536
2010-04-12,44001,Bristol,17.5058,2.6891,41.1324,2.1018
2010-04-13,44001,Bristol,14.8497,1.8933,47.0266,1.9333
2010-04-14,44001,Bristol,18.6439,5.2653,38.3047,3.2109
2010-04-15,44001,Bristol,18.2542,4.3292,37.6903,3.6684
2010-04-16,44001,Bristol,8.6761,4.4916,69.8039,4.2606
2010-04-17,44001,Bristol,7.3749,4.4273,81.7224,2.3445
2010-04-18,44001,Bristol,11.5111,4.2611,59.1667,3.0464
2010-04-19,44001,Bristol,15.4739,6.269,47.3929,3.9593
2010-04-20,44001,Bristol,20.1609,5.8422,46.175,2.935
2010-04-21,44001,Bristol,21.3822,7.5053,46.2242,2.8733
2010-04-22,44001,Bristol,20.3138,6.9878,59.9622,3.1495
2010-04-23,44001,Bristol,17.6411,4.7129,52.2453,3.6672
2010-04-24,44001,Bristol,19.5697,8.9799,38.3463,2.9118
2010-04-25,44001,Bristol,14.062,8.6962,63.8929,3.0532
2010-04-26,44001,Bristol,14.5602,8.5214,67.0433,4.3633
2010-04-27,44001,Bristol,10.4507,1.1639,86.0437,3.7978
2010-04-28,44001,Bristol,9.4201,4.5617,55.8592,6.7326
2010-04-29,44001,Bristol,17.5372,2.9672,36.8303,5.8645
2010-04-30,44001,Bristol,24.4737,11.9981,31.2775,3.9589
2010-05-01,44001,Bristol,25.5362,12.9733,44.4522,1.8947
2010-05-02,44001,Bristol,26.7494,15.1095,60.0436,3.697
2010-05-03,44001,Bristol,26.4553,12.4722,68.6282,4.8968
2010-05-04,44001,Bristol,26.902,11.4455,47.2242,4.0379
2010-05-05,44001,Bristol,25.422,13.5206,40.3448,3.5574
2010-05-06,44001,Bristol,24.7971,9.7457,56.9993,5.2677
2010-05-07,44001,Bristol,22.4007,10.9264,41.7321,3.6865
2010-05-08,44001,Bristol,19.8276,6.0705,67.7702,4.9682
2010-05-09,44001,Bristol,12.8941,3.881,48.105,7.6248
2010-05-10,44001,Bristol,14.7686,2.3017,44.0125,4.9643
2010-05-11,44001,Bristol,14.3065,6.4009,44.702,2.8504
2010-05-12,44001,Bristol,10.6586,2.532,74.7556,2.2064
2010-05-13,44001,Bristol,19.1637,9.2753,44.7494,3.2183
2010-05-14,44001,Bristol,20.2893,10.1524,67.5228,3.5626
2010-05-15,44001,Bristol,22.1385,10.3065,51.8891,4.2712
2010-05-16,44001,Bristol,22.767,7.7063,45.1988,2.6424
2010-05-17,44001,Bristol,23.7913,8.1189,40.3541,2.363
2010-05-18,44001,Bristol,15.1357,8.5572,69.6755,4.3936
2010-05-19,44001,Bristol,14.7877,10.7628,80.3995,3.2296
2010-05-20,44001,Bristol,26.2718,12.2767,54.2203,3.322
2010-05-21,44001,Bristol,24.2835,11.0074,56.6916,2.6445
2010-05-22,44001,Bristol,22.197,12.6716,59.8866,2.8781
2010-05-23,44001,Bristol,24.1711,14.1646,64.2481,2.7784
2010-05-24,44001,Bristol,25.7331,14.6483,65.1495,2.1469
2010-05-25,44001,Bristol,29.7486,16.5348,56.7761,3.5605
2010-05-26,44001,Bristol,34.8412,14.1787,56.6153,2.6538
2010-05-27,44001,Bristol,22.8715,11.3356,68.0244,2.7148
2010-05-28,44001,Bristol,23.2215,12.2984,57.7277,1.3518
2010-05-29,44001,Bristol,24.4376,15.2678,64.3724,4.1273
2010-05-30,44001,Bristol,27.2808,15.4933,52.3378,3.0792
2010-05-31,44001,Bristol,24.6657,15.9993,47.2599,3.014
2010-06-01,44001,Bristol,27.8734,17.0007,68.1311,4.5297
2010-06-02,44001,Bristol,26.8521,15.9219,65.7383,2.2917
2010-06-03,44001,Bristol,26.1493,16.7028,74.3151,3.8279
2010-06-04,44001,Bristol,28.0003,17.7484,66.5123,1.7858
2010-06-05,44001,Bristol,27.109,19.2326,73.3219,3.708
2010-06-06,44001,Bristol,26.7929,13.1782,84.7061,4.7306
2010-06-07,44001,Bristol,23.6249,10.5085,52.4303,3.8934
2010-06-08,44001,Bristol,21.3506,8.3861,53.9335,3.0439
2010-06-09,44001,Bristol,20.6391,11.5571,57.5994,2.4418
2010-06-10,44001,Bristol,17.838,13.0975,83.239,2.6296
2010-06-11,44001,Bristol,19.835,12.3861,72.0751,2.3142
2010-06-12,44001,Bristol,21.0039,15.7928,72.8271,2.873
2010-06-13,44001,Bristol,19.8842,15.5646,80.6159,2.3422
2010-06-14,44001,Bristol,23.574,13.653,79.8705,1.864
2010-06-15,44001,Bristol,25.1744,12.2665,63.3352,2.2394
2010-06-16,44001,Bristol,24.2145,16.3692,62.5986,3.4549
2010-06-17,44001,Bristol,23.6805,13.7701,77.7825,3.7343
2010-06-18,44001,Bristol,30.0417,15.5753,56.2613,2.735
2010-06-19,44001,Bristol,27.3353,18.4373,59.5944,4.0566
2010-06-20,44001,Bristol,29.4502,19.0664,71.5823,3.3922
2010-06-21,44001,Bristol,30.6588,17.3386,63.172,1.609
2010-06-22,44001,Bristol,28.6751,19.3407,57.7138,2.1208
2010-06-23,44001,Bristol,29.1771,18.7762,70.3347,2.9165
2010-06-24,44001,Bristol,31.8462,18.4755,67.3579,4.5768
2010-06-25,44001,Bristol,27.97,17.824,56.8784,2.2439
2010-06-26,44001,Bristol,29.2784,18.6941,62.4663,3.1623
2010-06-27,44001,Bristol,29.8041,21.3614,66.0368,2.5095
2010-06-28,44001,Bristol,32.8787,22.214,67.0184,4.6848
2010-06-29,44001,Bristol,31.4619,15.6974,68.3634,3.5843
2010-06-30,44001,Bristol,24.7869,12.514,51.6246,3.3925
2010-07-01,44001,Bristol,23.4444,13.1614,53.531,3.9357
2010-07-02,44001,Bristol,26.4794,13.1909,50.2673,2.3416
2010-07-03,44001,Bristol,29.1987,16.9789,50.909,2.8728
2010-07-04,44001,Bristol,33.7538,18.4511,49.6622,3.4085
2010-07-05,44001,Bristol,35.0564,21.5002,44.2799,2.1247
2010-07-06,44001,Bristol,37.3415,23.0273,52.0251,1.2017
2010-07-07,44001,Bristol,33.5834,22.1729,59.1709,2.2483
2010-07-08,44001,Bristol,30.1212,21.9178,65.7582,3.3671
2010-07-09,44001,Bristol,30.4182,22.9409,67.1505,3.6377
2010-07-10,44001,Bristol,29.5723,20.1861,71.4588,2.5935
2010-07-11,44001,Bristol,30.897,20.6227,62.3615,1.8408
2010-07-12,44001,Bristol,30.5304,22.9082,58.2629,3.2956
2010-07-13,44001,Bristol,30.3697,23.3105,65.5567,3.8913
2010-07-14,44001,Bristol,27.5536,20.1275,84.8188,2.2761
2010-07-15,44001,Bristol,26.4315,20.0399,79.8372,2.9577
2010-07-16,44001,Bristol,30.7227,22.0377,69.8953,3.7427
2010-07-17,44001,Bristol,32.2377,22.387,63.2748,4.0912
2010-07-18,44001,Bristol,31.8327,19.2865,60.3708,3.8333
2010-07-19,44001,Bristol,28.6381,21.0798,73.4404,3.0186
2010-07-20,44001,Bristol,29.2804,20.6899,71.3952,1.8251
2010-07-21,44001,Bristol,30.0539,20.3954,72.4172,3.0663
2010-07-22,44001,Bristol,29.1708,17.8621,61.3673,3.909
2010-07-23,44001,Bristol,25.6615,19.6064,67.8774,2.0605
2010-07-24,44001,Bristol,31.3564,23.0383,72.8997,1.2826
2010-07-25,44001,Bristol,31.9096,16.9383,70.5379,3.6748
2010-07-26,44001,Bristol,28.7946,16.6717,50.6795,4.2254
2010-07-27,44001,Bristol,31.0186,17.9935,49.0698,3.0754
2010-07-28,44001,Bristol,30.2635,22.6668,58.008,4.9282
2010-07-29,44001,Bristol,30.3202,15.6145,76.4616,4.3363
2010-07-30,44001,Bristol,26.7262,15.2512,51.5741,2.1792
2010-07-31,44001,Bristol,25.1687,13.4733,58.9424,2.1562
2010-08-01,44001,Bristol,25.651,14.5225,64.1565,2.4464
2010-08-02,44001,Bristol,26.5001,18.1158,57.6275,2.1505
2010-08-03,44001,Bristol,27.9474,22.2037,59.6789,4.7786
2010-08-04,44001,Bristol,30.5945,23.3367,66.9139,5.3688
2010-08-05,44001,Bristol,30.765,20.8096,74.6163,4.2536
2010-08-06,44001,Bristol,30.3205,13.4646,61.0327,3.6191
2010-08-07,44001,Bristol,26.1329,16.2781,47.173,2.3893
2010-08-08,44001,Bristol,29.1195,20.2111,57.4463,3.3098
2010-08-09,44001,Bristol,32.0372,21.6226,55.8626,3.457
2010-08-10,44001,Bristol,30.7501,21.4837,65.5802,2.5553
2010-08-11,44001,Bristol,28.8524,17.6613,66.6763,2.0637
2010-08-12,44001,Bristol,27.3995,18.398,54.9622,3.1912
2010-08-13,44001,Bristol,26.2538,12.3562,55.9244,3.2638
2010-08-14,44001,Bristol,26.6557,13.8481,48.9329,2.4156
2010-08-15,44001,Bristol,25.1008,18.5199,61.7459,3.3122
2010-08-16,44001,Bristol,26.7813,20.3318,81.9833,4.5008
2010-08-17,44001,Bristol,30.9741,18.2887,74.6877,4.2094
2010-08-18,44001,Bristol,28.0906,15.4905,61.2617,1.4516
2010-08-19,44001,Bristol,30.3228,18.4855,52.0887,1.7981
2010-08-20,44001,Bristol,29.9359,13.6228,55.0369,2.2226
2010-08-21,44001,Bristol,26.786,18.1668,50.2032,2.0382
2010-08-22,44001,Bristol,21.4979,17.8883,97.8318,5.6019
2010-08-23,44001,Bristol,18.5816,16.6472,94.2154,8.2366
2010-08-24,44001,Bristol,18.317,17.0147,90.3356,6.9873
2010-08-25,44001,Bristol,21.048,17.2801,78.6936,3.7898
2010-08-26,44001,Bristol,28.3538,14.5515,72.2625,3.3888
2010-08-27,44001,Bristol,25.6352,11.8726,61.3775,2.5709
2010-08-28,44001,Bristol,27.1682,15.3073,55.6253,2.3361
2010-08-29,44001,Bristol,32.9102,17.8348,53.4648,2.7067
2010-08-30,44001,Bristol,32.5834,19.2868,48.5367,2.7706
2010-08-31,44001,Bristol,34.2722,20.4838,54.4485,2.5833
2010-09-01,44001,Bristol,34.0765,21.1928,53.8912,2.6313
2010-09-02,44001,Bristol,33.3196,21.3616,57.5028,4.2322
2010-09-03,44001,Bristol,27.5404,21.8789,80.1635,4.7534
2010-09-04,44001,Bristol,26.8656,14.2651,66.4593,6.109
2010-09-05,44001,Bristol,23.2456,10.6945,58.0827,4.603
2010-09-06,44001,Bristol,24.6462,15.2164,51.8327,2.2505
2010-09-07,44001,Bristol,27.4258,20.1132,63.2844,4.6072
2010-09-08,44001,Bristol,28.3908,14.2736,68.1517,5.1359
2010-09-09,44001,Bristol,22.3223,14.4325,63.1679,4.3362
2010-09-10,44001,Bristol,20.5478,12.0911,68.7736,4.1213
2010-09-11,44001,Bristol,21.851,10.8415,65.9335,3.4985
2010-09-12,44001,Bristol,18.4693,13.0771,70.8689,4.0191
2010-09-13,44001,Bristol,19.201,13.0508,73.4555,2.5624
2010-09-14,44001,Bristol,24.6402,10.8795,58.2224,3.2767
2010-09-15,44001,Bristol,20.668,7.3225,50.9236,4.257
2010-09-16,44001,Bristol,21.0829,13.5694,63.8277,4.5142
2010-09-17,44001,Bristol,22.0382,10.7627,89.2137,4.1464
2010-09-18,44001,Bristol,20.2577,10.5219,74.9274,2.4543
2010-09-19,44001,Bristol,23.928,13.581,70.2381,1.2697
2010-09-20,44001,Bristol,21.727,7.5203,66.6726,4.2266
2010-09-21,44001,Bristol,21.103,12.9085,50.5571,4.209
2010-09-22,44001,Bristol,27.3547,16.6011,66.0519,5.6614
2010-09-23,44001,Bristol,24.3699,14.6855,67.5052,2.4573
2010-09-24,44001,Bristol,25.9623,18.3056,71.7372,4.8534
2010-09-25,44001,Bristol,29.4421,14.9502,67.3358,4.5014
2010-09-26,44001,Bristol,21.9594,15.4498,68.0464,5.0509
2010-09-27,44001,Bristol,21.8384,16.2527,81.4415,3.6636
2010-09-28,44001,Bristol,25.3431,20.2471,77.2581,5.755
2010-09-29,44001,Bristol,27.2121,18.9729,68.1786,3.3138
2010-09-30,44001,Bristol,26.1154,22.4719,74.2117,5.6982
2010-10-01,44001,Bristol,26.3838,12.0463,76.4645,6.8565
2010-10-02,44001,Bristol,19.5148,8.2241,60.6862,3.1199
2010-10-03,44001,Bristol,14.5375,10.668,71.8311,6.2718
2010-10-04,44001,Bristol,16.1664,12.497,72.8676,7.7197
2010-10-05,44001,Bristol,15.8187,14.1632,81.9041,4.5893
2010-10-06,44001,Bristol,16.3713,9.8813,86.5804,2.798
2010-10-07,44001,Bristol,18.8357,9.363,64.05,5.987
2010-10-08,44001,Bristol,21.8857,8.4194,54.2189,4.8303
2010-10-09,44001,Bristol,18.8576,3.5006,49.5233,4.3777
2010-10-10,44001,Bristol,18.2276,6.0164,47.6861,4.2833
2010-10-11,44001,Bristol,20.9387,10.0103,51.6851,2.2441
2010-10-12,44001,Bristol,18.2885,4.4117,76.8184,2.2663
2010-10-13,44001,Bristol,17.3098,4.4558,54.4906,1.816
2010-10-14,44001,Bristol,16.2433,7.8135,72.6134,4.2974
2010-10-15,44001,Bristol,13.4459,8.0399,76.7418,8.2985
2010-10-16,44001,Bristol,14.8591,5.364,59.4359,7.6082
2010-10-17,44001,Bristol,18.6509,6.1064,53.4933,4.7753
2010-10-18,44001,Bristol,15.7763,4.2837,49.7651,4.3022
2010-10-19,44001,Bristol,15.0862,4.095,54.2106,2.1407
2010-10-20,44001,Bristol,16.6468,4.4206,66.122,2.2698
2010-10-21,44001,Bristol,15.5543,3.4544,68.5444,4.678
2010-10-22,44001,Bristol,10.5895,1.9071,52.2242,6.6373
2010-10-23,44001,Bristol,15.2493,4.843,52.959,4.9351
2010-10-24,44001,Bristol,11.8016,8.0206,69.0402,2.3678
2010-10-25,44001,Bristol,20.2632,10.5635,73.8871,3.5524
2010-10-26,44001,Bristol,23.0964,17.7743,64.667,4.2861
2010-10-27,44001,Bristol,20.7895,17.785,75.9986,5.4537
2010-10-28,44001,Bristol,23.1565,6.7366,76.5064,3.8726
2010-10-29,44001,Bristol,14.0874,3.8378,60.6478,4.874
2010-10-30,44001,Bristol,13.7435,5.9798,55.1272,6.3368
2010-10-31,44001,Bristol,15.1938,0.3859,56.4711,5.5208
2010-11-01,44001,Bristol,10.3957,1.2339,46.5247,5.2529
2010-11-02,44001,Bristol,9.2373,-2.693,51.6189,3.8801
2010-11-03,44001,Bristol,10.9703,0.0992,52.2946,1.7951
2010-11-04,44001,Bristol,15.6889,8.0436,75.8204,4.9658
2010-11-05,44001,Bristol,16.5239,6.1874,80.7617,4.5549
2010-11-06,44001,Bristol,9.8845,4.3413,67.5689,3.5292
2010-11-07,44001,Bristol,6.9605,1.9236,67.8889,6.0681
2010-11-08,44001,Bristol,9.3332,3.8842,69.3739,5.8435
2010-11-09,44001,Bristol,11.6042,7.4874,72.8812,7.8419
2010-11-10,44001,Bristol,8.4847,5.5084,71.7378,8.7177
2010-11-11,44001,Bristol,9.4692,3.3201,58.1138,7.4028
2010-11-12,44001,Bristol,14.2069,2.5837,54.1952,5.3138
2010-11-13,44001,Bristol,17.8262,1.5846,46.4643,3.3691
2010-11-14,44001,Bristol,13.5034,4.409,58.4377,3.2403
2010-11-15,44001,Bristol,13.3772,9.2891,68.559,2.2902
2010-11-16,44001,Bristol,15.9711,9.8071,65.3712,2.4956
2010-11-17,44001,Bristol,17.2804,7.3991,67.3902,8.1897
2010-11-18,44001,Bristol,12.1938,0.6878,55.2639,5.2334
2010-11-19,44001,Bristol,7.6952,-1.6473,55.2049,3.9592
2010-11-20,44001,Bristol,10.9763,-0.0712,55.1338,6.0902
2010-11-21,44001,Bristol,6.0457,0.0851,51.7966,3.7236
2010-11-22,44001,Bristol,14.4761,5.561,66.8838,4.2405
2010-11-23,44001,Bristol,17.0106,6.1365,71.9879,4.5987
2010-11-24,44001,Bristol,8.6408,-1.3491,44.8467,7.4377
2010-11-25,44001,Bristol,7.9674,0.1415,34.4784,3.1676
2010-11-26,44001,Bristol,11.2738,-1.5375,70.221,4.8701
2010-11-27,44001,Bristol,6.0431,-2.657,50.7413,5.4998
2010-11-28,44001,Bristol,6.6611,-3.5631,44.2505,4.131
2010-11-29,44001,Bristol,8.5105,-2.1843,49.5181,1.7343
2010-11-30,44001,Bristol,10.6994,2.4541,65.9205,3.7167
2010-12-01,44001,Bristol,14.0565,1.9672,90.6787,7.7455
2010-12-02,44001,Bristol,7.5573,0.3947,56.4575,4.8618
2010-12-03,44001,Bristol,4.8833,0.0983,52.3373,4.1838
2010-12-04,44001,Bristol,5.5434,-2.1291,52.8112,5.2316
2010-12-05,44001,Bristol,1.702,-3.0806,52.3042,4.8993
2010-12-06,44001,Bristol,0.743,-2.358,47.9266,7.4222
2010-12-07,44001,Bristol,2.2442,-2.5117,45.2089,6.749
2010-12-08,44001,Bristol,0.5581,-6.6031,46.3138,6.4616
2010-12-09,44001,Bristol,-2.0552,-11.4973,46.0598,5.7334
2010-12-10,44001,Bristol,0.7061,-10.1573,55.3515,2.2883
2010-12-11,44001,Bristol,8.287,-2.8201,59.1329,1.8353
2010-12-12,44001,Bristol,13.6067,4.916,64.789,8.1681
2010-12-13,44001,Bristol,10.8241,-2.8707,94.7647,4.4694
2010-12-14,44001,Bristol,-1.7541,-7.8977,64.3912,5.0384
2010-12-15,44001,Bristol,-4.7127,-7.6543,43.9607,6.9212
2010-12-16,44001,Bristol,1.2483,-8.9087,55.9855,3.6217
2010-12-17,44001,Bristol,2.409,-7.506,58.1285,3.6615
2010-12-18,44001,Bristol,4.1448,-6.3851,56.0045,2.1417
2010-12-19,44001,Bristol,2.8815,-3.4706,68.3564,3.7979
2010-12-20,44001,Bristol,-0.9612,-2.7279,72.541,7.0095
2010-12-21,44001,Bristol,4.7121,-1.3965,61.1343,7.3888
2010-12-22,44001,Bristol,4.3285,-0.2025,60.0942,5.8649
2010-12-23,44001,Bristol,3.4867,-1.8877,62.9314,7.4193
2010-12-24,44001,Bristol,3.4619,-6.3264,58.3442,5.1722
2010-12-25,44001,Bristol,0.9746,-6.1151,57.7351,2.4347
2010-12-26,44001,Bristol,0.2284,-3.3038,80.0719,7.5339
2010-12-27,44001,Bristol,-0.8007,-7.393,75.4155,10.3962
2010-12-28,44001,Bristol,1.609,-5.9949,47.7914,7.9328
2010-12-29,44001,Bristol,3.4636,-7.2586,71.5192,4.3337
2010-12-30,44001,Bristol,6.026,-6.8919,56.1547,3.3384
2010-12-31,44001,Bristol,6.2526,-0.5241,56.6003,3.802
2011-01-01,44001,Bristol,6.2526,-0.5241,63.0815,3.3761
2011-01-02,44001,Bristol,5.8841,1.1304,70.1757,2.6743
2011-01-03,44001,Bristol,3.0787,-3.821,60.5724,5.0698
2011-01-04,44001,Bristol,4.1873,-3.4866,42.181,4.6527
2011-01-05,44001,Bristol,4.2118,-4.0511,59.2472,3.8407
2011-01-06,44001,Bristol,1.0214,-5.1418,50.2658,2.2796
2011-01-07,44001,Bristol,2.2122,-4.6524,54.6397,2.8479
2011-01-08,44001,Bristol,3.4376,-1.38,67.01,2.2661
2011-01-09,44001,Bristol,1.4922,-4.8837,73.0867,6.3543
2011-01-10,44001,Bristol,0.1763,-6.0834,60.0946,6.6722
2011-01-11,44001,Bristol,1.4208,-7.3158,62.937,3.0593
2011-01-12,44001,Bristol,3.0481,-3.7077,71.3066,6.2736
2011-01-13,44001,Bristol,0.5969,-9.5461,71.0533,7.012
2011-01-14,44001,Bristol,-0.1911,-11.1175,60.6353,3.5602
2011-01-15,44001,Bristol,2.2336,-9.6719,54.3402,3.4985
2011-01-16,44001,Bristol,1.9148,-7.9149,73.9288,4.7854
2011-01-17,44001,Bristol,-4.281,-10.5027,61.7715,3.2964
2011-01-18,44001,Bristol,3.7418,-6.7712,63.6535,4.483
2011-01-19,44001,Bristol,3.4573,-0.9849,74.3182,3.1927
2011-01-20,44001,Bristol,1.7171,-3.2077,68.4208,3.4153
2011-01-21,44001,Bristol,2.561,-8.071,75.2301,3.3364
2011-01-22,44001,Bristol,-2.522,-10.0291,57.1585,4.5452
2011-01-23,44001,Bristol,-3.743,-15.4493,62.7916,3.7042
2011-01-24,44001,Bristol,-9.1316,-18.4499,54.3286,5.3134
2011-01-25,44001,Bristol,2.1942,-11.7818,58.4755,2.4821
2011-01-26,44001,Bristol,2.3122,-6.3765,68.1471,3.6971
2011-01-27,44001,Bristol,1.9226,-5.2489,72.7309,7.5235
2011-01-28,44001,Bristol,1.8902,-6.6764,60.314,2.0799
2011-01-29,44001,Bristol,2.3855,-4.4832,63.8972,1.6694
2011-01-30,44001,Bristol,1.9855,-5.9129,64.5254,2.9523
2011-01-31,44001,Bristol,-2.3661,-9.9516,63.1445,3.991
2011-02-01,44001,Bristol,1.6912,-7.9757,60.587,3.6731
2011-02-02,44001,Bristol,3.5045,-2.3612,69.2025,4.2124
2011-02-03,44001,Bristol,0.0669,-11.9194,78.0234,4.2871
2011-02-04,44001,Bristol,1.138,-12.283,55.616,4.8571
2011-02-05,44001,Bristol,4.0048,-9.0932,60.7307,2.9323
2011-02-06,44001,Bristol,4.9409,-3.5331,72.0394,5.8692
2011-02-07,44001,Bristol,4.9819,-3.2887,58.5302,1.7099
2011-02-08,44001,Bristol,3.6822,-8.7419,86.1575,3.2461
2011-02-09,44001,Bristol,0.3683,-10.6735,48.6805,7.6435
2011-02-10,44001,Bristol,-1.0321,-10.5777,55.315,4.8798
2011-02-11,44001,Bristol,0.3487,-10.7735,47.5573,4.3517
2011-02-12,44001,Bristol,3.8183,-6.3973,57.679,3.3707
2011-02-13,44001,Bristol,3.583,-6.6039,55.42,5.9042
2011-02-14,44001,Bristol,8.5817,-0.4006,59.1116,5.8339
2011-02-15,44001,Bristol,2.8361,-7.9822,50.0061,7.6854
2011-02-16,44001,Bristol,4.1087,-8.7792,44.109,4.3725
2011-02-17,44001,Bristol,8.0246,-0.2837,55.7794,3.2518
2011-02-18,44001,Bristol,13.4106,0.2813,58.6812,4.1075
2011-02-19,44001,Bristol,6.3543,-9.3162,59.2989,7.4895
2011-02-20,44001,Bristol,1.2562,-10.9696,37.9914,7.848
2011-02-21,44001,Bristol,0.0736,-10.4785,63.6964,3.812
2011-02-22,44001,Bristol,0.8593,-10.8907,39.4853,5.7722
2011-02-23,44001,Bristol,3.5733,-10.1916,38.8354,4.3487
2011-02-24,44001,Bristol,5.6558,-6.7039,44.489,2.4215
2011-02-25,44001,Bristol,8.125,-1.9082,70.3705,5.1259
2011-02-26,44001,Bristol,5.0578,-3.0609,48.6517,5.4266
2011-02-27,44001,Bristol,4.0773,-3.3094,67.4532,2.191
2011-02-28,44001,Bristol,6.4156,-2.8739,63.1546,5.0558
2011-03-01,44001,Bristol,4.8182,-3.3647,55.223,5.4849
2011-03-02,44001,Bristol,7.2689,-6.306,53.6183,4.8658
2011-03-03,44001,Bristol,-1.6006,-9.9568,45.2695,6.5222
2011-03-04,44001,Bristol,3.0054,-9.6823,39.0325,2.7747
2011-03-05,44001,Bristol,9.6295,-1.4031,62.6089,4.6366
2011-03-06,44001,Bristol,13.7861,4.9505,66.1317,6.0816
2011-03-07,44001,Bristol,11.4532,-1.9468,79.3234,7.5793
2011-03-08,44001,Bristol,6.3653,-3.2285,41.8178,4.1987
2011-03-09,44001,Bristol,5.886,-3.1314,55.745,4.6692
2011-03-10,44001,Bristol,9.7114,0.053,61.3008,5.9149
2011-03-11,44001,Bristol,14.1894,3.4759,70.419,6.636
2011-03-12,44001,Bristol,10.1221,1.0822,64.0194,5.3812
2011-03-13,44001,Bristol,12.214,1.9321,55.1259,4.0583
2011-03-14,44001,Bristol,5.9031,0.3995,64.2709,2.8265
2011-03-15,44001,Bristol,6.7715,-1.0739,58.6229,1.9189
2011-03-16,44001,Bristol,12.9166,-0.5138,59.7888,3.4556
2011-03-17,44001,Bristol,15.2587,0.5741,52.8174,2.7412
2011-03-18,44001,Bristol,21.5467,1.8308,44.0269,5.178
2011-03-19,44001,Bristol,10.0464,1.0669,56.786,3.4323
2011-03-20,44001,Bristol,7.9947,-0.2789,48.5243,2.2476
2011-03-21,44001,Bristol,7.0346,-0.1259,58.8851,3.9863
2011-03-22,44001,Bristol,9.4877,1.2669,60.9635,5.093
2011-03-23,44001,Bristol,5.8291,0.1906,54.8936,2.2377
2011-03-24,44001,Bristol,5.3598,-0.2229,62.6644,4.5482
2011-03-25,44001,Bristol,6.5569,-2.8228,49.7312,3.0555
2011-03-26,44001,Bristol,4.465,-3.8778,36.2465,5.4723
2011-03-27,44001,Bristol,5.432,-3.9904,35.1409,5.1477
2011-03-28,44001,Bristol,6.6468,-4.4146,33.8613,5.6846
2011-03-29,44001,Bristol,7.4088,-0.9681,40.1088,4.28
2011-03-30,44001,Bristol,10.4163,-0.3433,43.5491,3.0734
2011-03-31,44001,Bristol,7.8246,1.1977,60.8031,3.3018
2011-04-01,44001,Bristol,6.4591,1.4411,65.8809,5.56
2011-04-02,44001,Bristol,11.8615,1.2399,50.6341,5.4304
2011-04-03,44001,Bristol,12.9031,1.2202,38.9505,5.2719
2011-04-04,44001,Bristol,10.5032,2.4593,53.9868,3.8494
2011-04-05,44001,Bristol,15.1124,2.6657,74.2408,6.1508
2011-04-06,44001,Bristol,11.3345,0.9948,47.1262,6.4195
2011-04-07,44001,Bristol,11.8844,0.6018,51.311,2.9441
2011-04-08,44001,Bristol,12.3043,0.5689,46.6926,1.7908
2011-04-09,44001,Bristol,13.808,1.2797,46.3314,1.6024
2011-04-10,44001,Bristol,15.6959,2.0796,46.7332,2.6058
2011-04-11,44001,Bristol,18.487,6.9171,62.8673,5.2808
2011-04-12,44001,Bristol,18.4168,7.4202,61.4981,4.4694
2011-04-13,44001,Bristol,13.3732,6.9652,66.2399,5.2994
2011-04-14,44001,Bristol,17.0117,6.6154,59.6988,2.1802
2011-04-15,44001,Bristol,9.5427,0.0896,65.6177,3.7209
2011-04-16,44001,Bristol,10.654,0.2483,58.3243,6.0932
2011-04-17,44001,Bristol,16.1314,6.6009,62.9969,8.5704
2011-04-18,44001,Bristol,15.69,5.4113,49.3976,4.8586
2011-04-19,44001,Bristol,14.089,6.1434,65.1136,2.5467
2011-04-20,44001,Bristol,18.8953,7.1295,58.7256,4.4146
2011-04-21,44001,Bristol,13.7302,2.297,69.7819,5.0082
2011-04-22,44001,Bristol,12.1222,0.0007,43.8679,3.5489
2011-04-23,44001,Bristol,12.0476,5.7916,64.6816,4.9502
2011-04-24,44001,Bristol,22.4867,9.1997,58.8737,3.6119
2011-04-25,44001,Bristol,18.5901,9.132,75.9431,1.4725
2011-04-26,44001,Bristol,23.4019,8.9285,62.5409,3.7455
2011-04-27,44001,Bristol,23.7007,11.7301,64.594,4.8531
2011-04-28,44001,Bristol,22.1449,12.8775,67.223,6.7364
2011-04-29,44001,Bristol,22.8766,10.829,56.7653,3.4054
2011-04-30,44001,Bristol,17.3375,8.3521,55.3699,2.9462
2011-05-01,44001,Bristol,16.2566,6.1326,50.483,2.907
2011-05-02,44001,Bristol,19.4156,5.3586,47.6202,1.6186
2011-05-03,44001,Bristol,19.6869,10.571,58.9835,2.6058
2011-05-04,44001,Bristol,22.0147,10.6145,63.6113,4.7281
2011-05-05,44001,Bristol,13.6776,6.6863,69.6814,4.8193
2011-05-06,44001,Bristol,19.9026,4.8657,46.2498,4.013
2011-05-07,44001,Bristol,21.6443,8.5801,56.7255,3.5902
2011-05-08,44001,Bristol,20.2139,10.5056,58.7014,2.9803
2011-05-09,44001,Bristol,18.058,9.7301,55.0431,4.7773
2011-05-10,44001,Bristol,13.789,9.6952,64.1012,6.703
2011-05-11,44001,Bristol,16.0271,9.4211,63.9831,6.2908
2011-05-12,44001,Bristol,16.1176,9.621,61.8269,5.3457
2011-05-13,44001,Bristol,18.9666,9.7015,59.8159,2.0711
2011-05-14,44001,Bristol,18.3315,9.8294,63.7028,1.8256
2011-05-15,44001,Bristol,19.4188,11.7388,69.0496,3.5002
2011-05-16,44001,Bristol,18.7252,12.6298,72.7912,2.7352
2011-05-17,44001,Bristol,19.3491,12.4417,69.9497,4.1825
2011-05-18,44001,Bristol,19.2422,12.6744,71.2325,4.8678
2011-05-19,44001,Bristol,21.2708,12.9229,69.2391,3.0963
2011-05-20,44001,Bristol,22.264,12.7917,67.3376,2.0638
2011-05-21,44001,Bristol,21.6687,12.1518,67.3595,1.2775
2011-05-22,44001,Bristol,17.9222,11.2466,69.9501,3.3994
2011-05-23,44001,Bristol,17.628,11.24,68.5792,3.8368
2011-05-24,44001,Bristol,26.158,14.3307,65.9748,4.9634
2011-05-25,44001,Bristol,25.5578,13.3033,67.9942,2.3113
2011-05-26,44001,Bristol,25.1006,12.221,66.1494,3.0457
2011-05-27,44001,Bristol,28.2313,16.0091,65.3892,3.164
2011-05-28,44001,Bristol,26.9127,15.7583,67.9029,3.1423
2011-05-29,44001,Bristol,26.7615,17.595,67.4299,3.6068
2011-05-30,44001,Bristol,29.9971,17.9264,62.2051,3.1161
2011-05-31,44001,Bristol,28.0133,15.1527,65.6895,1.7203
2011-06-01,44001,Bristol,27.0041,15.2184,63.1649,4.2344
2011-06-02,44001,Bristol,23.5307,11.2113,72.4593,5.4145
2011-06-03,44001,Bristol,20.536,9.7705,53.2543,5.2024
2011-06-04,44001,Bristol,22.0959,9.1024,51.2865,2.3108
2011-06-05,44001,Bristol,20.6756,8.5725,60.4281,1.7857
2011-06-06,44001,Bristol,24.0186,12.8875,59.7246,1.331
2011-06-07,44001,Bristol,28.3177,13.4679,58.2415,1.6089
2011-06-08,44001,Bristol,30.8026,16.962,61.7801,1.9669
2011-06-09,44001,Bristol,33.4971,21.6017,62.0667,3.2655
2011-06-10,44001,Bristol,28.1871,18.1261,71.4987,2.5449
2011-06-11,44001,Bristol,19.2888,15.34,81.2957,3.8339
2011-06-12,44001,Bristol,22.4069,15.6409,69.0975,3.0049
2011-06-13,44001,Bristol,21.8677,14.4652,71.8989,1.5951
2011-06-14,44001,Bristol,18.9251,14.2088,70.386,2.5716
2011-06-15,44001,Bristol,25.0302,13.0169,57.1922,2.7047
2011-06-16,44001,Bristol,28.3796,12.6459,58.6524,2.8453
2011-06-17,44001,Bristol,23.9116,14.7473,74.9064,3.9476
2011-06-18,44001,Bristol,27.065,17.6901,66.506,3.3119
2011-06-19,44001,Bristol,25.5374,14.5278,64.709,2.6245
2011-06-20,44001,Bristol,24.8801,12.243,56.131,1.4211
2011-06-21,44001,Bristol,27.3526,13.9689,60.2364,1.8999
2011-06-22,44001,Bristol,26.5603,18.3524,68.806,2.0934
2011-06-23,44001,Bristol,26.3572,16.1833,73.9567,2.3007
2011-06-24,44001,Bristol,24.3288,15.7074,70.2491,2.9475
2011-06-25,44001,Bristol,25.5871,15.3597,69.5959,1.6607
2011-06-26,44001,Bristol,26.516,18.0492,66.8999,2.1002
2011-06-27,44001,Bristol,28.0421,18.44,64.5655,1.8173
2011-06-28,44001,Bristol,27.3651,17.8585,68.8221,2.0664
2011-06-29,44001,Bristol,29.1024,17.6582,71.0661,2.8552
2011-06-30,44001,Bristol,26.1544,15.6819,64.2849,3.5572
2011-07-01,44001,Bristol,26.1946,15.4392,60.131,2.1256
2011-07-02,44001,Bristol,25.7393,18.1537,67.3994,0.9079
2011-07-03,44001,Bristol,27.5804,17.6893,72.0854,3.2093
2011-07-04,44001,Bristol,29.9413,18.8503,69.6063,2.6705
2011-07-05,44001,Bristol,30.2496,19.1491,65.0074,2.2244
2011-07-06,44001,Bristol,29.795,18.4567,66.4585,3.2336
2011-07-07,44001,Bristol,30.0232,21.0311,67.9624,2.3589
2011-07-08,44001,Bristol,25.9548,20.0532,77.0582,1.9295
2011-07-09,44001,Bristol,29.2296,17.1324,71.0263,2.4682
2011-07-10,44001,Bristol,27.3856,16.6964,59.6496,1.9332
2011-07-11,44001,Bristol,29.6813,17.7,69.3786,3.0675
2011-07-12,44001,Bristol,32.3081,21.7968,69.2869,4.3481
2011-07-13,44001,Bristol,30.2752,19.7518,65.0797,2.1969
2011-07-14,44001,Bristol,24.3172,14.9967,73.3699,4.287
2011-07-15,44001,Bristol,27.6041,14.3174,56.8893,2.0627
2011-07-16,44001,Bristol,28.8662,15.603,60.3777,2.7237
2011-07-17,44001,Bristol,30.9038,18.3775,62.3222,4.2065
2011-07-18,44001,Bristol,31.0142,20.2307,67.2508,5.3999
2011-07-19,44001,Bristol,30.7321,20.9474,69.476,2.232
2011-07-20,44001,Bristol,30.3247,19.6208,66.8724,2.2312
2011-07-21,44001,Bristol,32.1937,20.4884,69.2502,4.948
2011-07-22,44001,Bristol,36.6901,23.1607,63.0342,4.1304
2011-07-23,44001,Bristol,34.3182,22.5292,61.6788,2.3379
2011-07-24,44001,Bristol,32.6978,17.7408,70.7172,2.0135
2011-07-25,44001,Bristol,24.4227,17.7412,70.2919,2.7565
2011-07-26,44001,Bristol,28.3143,19.0756,66.0306,2.5509
2011-07-27,44001,Bristol,28.7878,19.5011,63.6824,2.8596
2011-07-28,44001,Bristol,28.7351,18.9295,58.8563,1.7196
2011-07-29,44001,Bristol,26.2548,19.2676,74.9698,3.2558
2011-07-30,44001,Bristol,32.2164,19.0622,62.1688,2.9861
2011-07-31,44001,Bristol,30.7417,17.3284,55.256,1.8442
2011-08-01,44001,Bristol,32.177,18.5058,58.286,3.2462
2011-08-02,44001,Bristol,31.6395,19.1354,57.3312,2.9065
2011-08-03,44001,Bristol,27.5495,18.2415,61.5946,1.679
2011-08-04,44001,Bristol,27.2448,18.1602,64.3835,2.2041
2011-08-05,44001,Bristol,27.2217,17.862,64.7066,1.966
2011-08-06,44001,Bristol,29.717,19.5377,63.8486,3.5796
2011-08-07,44001,Bristol,24.6256,21.6285,84.0906,4.208
2011-08-08,44001,Bristol,29.4595,21.6016,74.328,1.5765
2011-08-09,44001,Bristol,27.8598,17.2889,81.6401,2.0206
2011-08-10,44001,Bristol,28.8877,17.6134,69.9565,2.6702
2011-08-11,44001,Bristol,27.1872,15.7609,70.706,2.6489
2011-08-12,44001,Bristol,26.6597,14.2494,58.5307,2.7483
2011-08-13,44001,Bristol,28.4175,15.9959,58.5793,2.0296
2011-08-14,44001,Bristol,25.6189,18.0876,77.9352,2.7851
2011-08-15,44001,Bristol,23.9971,14.9744,96.5341,4.3601
2011-08-16,44001,Bristol,21.235,15.0476,80.0892,2.6686
2011-08-17,44001,Bristol,27.7903,16.349,67.4718,2.2248
2011-08-18,44001,Bristol,28.7079,18.2895,71.1621,3.2827
2011-08-19,44001,Bristol,27.4967,19.7389,75.9459,3.6863
2011-08-20,44001,Bristol,27.3846,19.0389,74.687,1.7571
2011-08-21,44001,Bristol,28.2831,18.4748,75.5143,3.736
2011-08-22,44001,Bristol,25.8244,16.3817,77.6977,4.3242
2011-08-23,44001,Bristol,24.0288,14.3837,59.401,2.8014
2011-08-24,44001,Bristol,26.2465,14.7853,63.6461,3.4463
2011-08-25,44001,Bristol,28.6217,19.4622,74.7757,5.358
2011-08-26,44001,Bristol,29.0449,19.8731,74.7603,3.0483
2011-08-27,44001,Bristol,26.3736,19.2407,81.3667,2.3478
2011-08-28,44001,Bristol,24.2437,18.1512,94.9408,9.6981
2011-08-29,44001,Bristol,24.2495,15.6415,70.1761,5.8732
2011-08-30,44001,Bristol,25.1,14.1214,63.6875,1.7193
2011-08-31,44001,Bristol,27.7226,14.308,60.3144,1.2798
2011-09-01,44001,Bristol,25.2809,14.0805,71.1534,2.3476
2011-09-02,44001,Bristol,24.091,13.1991,66.0218,2.9328
2011-09-03,44001,Bristol,26.2763,13.7909,68.3352,3.0618
2011-09-04,44001,Bristol,27.8326,18.4131,70.9334,4.332
2011-09-05,44001,Bristol,27.7338,19.6038,73.9303,5.0243
2011-09-06,44001,Bristol,23.4587,16.4484,88.9936,3.9606
2011-09-07,44001,Bristol,22.1126,16.9555,77.9988,4.708
2011-09-08,44001,Bristol,23.7657,15.3244,75.9246,3.1026
2011-09-09,44001,Bristol,26.702,16.4976,69.1205,3.8566
2011-09-10,44001,Bristol,25.3827,15.6111,66.2183,2.1667
2011-09-11,44001,Bristol,22.057,15.6442,67.0235,3.0985
2011-09-12,44001,Bristol,26.1982,16.7894,69.0109,2.8649
2011-09-13,44001,Bristol,26.3982,18.0267,69.4178,3.244
2011-09-14,44001,Bristol,28.1877,18.1047,70.0531,4.303
2011-09-15,44001,Bristol,27.4982,11.5534,85.6516,3.4628
2011-09-16,44001,Bristol,17.0093,8.1398,68.7954,5.2796
2011-09-17,44001,Bristol,16.9688,6.9078,60.4112,2.8626
2011-09-18,44001,Bristol,18.9007,9.5293,64.2676,4.2069
2011-09-19,44001,Bristol,20.2488,9.1171,64.0852,3.9896
2011-09-20,44001,Bristol,19.8392,10.7404,75.8845,3.0
2011-09-21,44001,Bristol,24.6072,15.4665,72.3975,2.4213
2011-09-22,44001,Bristol,25.3947,18.5793,72.3373,1.9258
2011-09-23,44001,Bristol,25.246,19.5195,78.3621,2.0509
2011-09-24,44001,Bristol,26.3789,20.0127,76.1855,3.2577
2011-09-25,44001,Bristol,26.7734,19.9379,76.9413,1.5622
2011-09-26,44001,Bristol,27.4167,18.7148,77.1188,1.5259
2011-09-27,44001,Bristol,25.5421,17.8929,76.2028,1.4211
2011-09-28,44001,Bristol,24.152,16.0397,76.1479,3.7729
2011-09-29,44001,Bristol,23.8977,16.7223,77.6776,3.5743
2011-09-30,44001,Bristol,25.0502,14.062,71.4867,3.7288
2011-10-01,44001,Bristol,22.9403,15.223,83.3371,1.7679
2011-10-02,44001,Bristol,21.3456,13.9467,78.3224,2.0499
2011-10-03,44001,Bristol,19.1592,9.3318,79.7794,2.2231
2011-10-04,44001,Bristol,18.1574,9.985,71.0869,1.3025
2011-10-05,44001,Bristol,19.6758,5.6443,70.4315,5.7261
2011-10-06,44001,Bristol,15.4944,3.7718,53.5981,4.5412
2011-10-07,44001,Bristol,16.0247,3.14,50.2665,2.3808
2011-10-08,44001,Bristol,24.6143,7.3419,52.9154,3.1155
2011-10-09,44001,Bristol,28.4704,11.5457,52.7929,3.017
2011-10-10,44001,Bristol,27.4923,12.4977,56.9851,2.7613
2011-10-11,44001,Bristol,20.2856,9.6833,67.6763,3.2277
2011-10-12,44001,Bristol,17.9647,9.6142,70.7084,4.1147
2011-10-13,44001,Bristol,23.8864,15.3519,71.3645,3.94
2011-10-14,44001,Bristol,22.9531,15.6264,79.4111,3.0462
2011-10-15,44001,Bristol,19.304,10.4583,70.9565,7.5217
2011-10-16,44001,Bristol,17.6387,9.6041,56.2157,6.7535
2011-10-17,44001,Bristol,18.9649,9.7838,66.9666,5.5328
2011-10-18,44001,Bristol,19.5921,9.4066,58.5718,3.8617
2011-10-19,44001,Bristol,17.8957,11.1973,79.5393,3.9725
2011-10-20,44001,Bristol,21.8021,12.2526,79.8436,6.1553
2011-10-21,44001,Bristol,16.5768,9.5057,66.7055,6.5331
2011-10-22,44001,Bristol,15.876,8.8837,61.5791,3.9174
2011-10-23,44001,Bristol,14.2993,8.6262,62.474,2.5953
2011-10-24,44001,Bristol,15.6711,9.3467,62.6082,1.3427
2011-10-25,44001,Bristol,15.8711,4.7845,70.4778,4.1926
2011-10-26,44001,Bristol,13.5995,4.4712,61.1378,2.8041
2011-10-27,44001,Bristol,10.9749,3.4353,94.1825,3.6124
2011-10-28,44001,Bristol,8.1434,0.0627,66.8629,5.5721
2011-10-29,44001,Bristol,8.1661,1.5087,69.0147,5.491
2011-10-30,44001,Bristol,7.0177,-0.748,75.4471,9.5443
2011-10-31,44001,Bristol,12.0556,-0.9553,53.8622,2.6144
2011-11-01,44001,Bristol,12.7457,2.6701,64.5312,4.0115
2011-11-02,44001,Bristol,13.4804,1.7634,57.6363,3.7273
2011-11-03,44001,Bristol,15.4696,2.7097,58.6681,3.2387
2011-11-04,44001,Bristol,11.5101,-0.3368,71.6009,5.0619
2011-11-05,44001,Bristol,9.4504,-0.6339,51.4946,5.2153
2011-11-06,44001,Bristol,12.3177,0.1568,49.1857,2.8492
2011-11-07,44001,Bristol,15.5618,3.2435,58.0972,4.6292
2011-11-08,44001,Bristol,19.9705,6.1776,56.1606,2.5137
2011-11-09,44001,Bristol,18.8031,8.1728,61.8111,1.81
2011-11-10,44001,Bristol,18.4687,8.2723,72.0369,2.446
2011-11-11,44001,Bristol,13.1694,2.9663,78.3405,5.1955
2011-11-12,44001,Bristol,10.8816,1.4701,53.9948,6.777
2011-11-13,44001,Bristol,17.0289,4.8789,59.1708,5.0333
2011-11-14,44001,Bristol,18.3337,9.1998,63.7743,6.0203
2011-11-15,44001,Bristol,20.8828,12.0532,62.9722,4.6504
2011-11-16,44001,Bristol,16.3945,10.5562,74.9874,2.2024
2011-11-17,44001,Bristol,14.3711,3.4923,81.6763,3.0848
2011-11-18,44001,Bristol,7.5457,0.4666,54.1103,6.3647
2011-11-19,44001,Bristol,11.5612,0.6362,50.9678,5.3144
2011-11-20,44001,Bristol,16.6995,6.7998,61.5838,6.5071
2011-11-21,44001,Bristol,12.1833,2.7849,74.1828,3.7542
2011-11-22,44001,Bristol,9.5833,2.269,57.6333,2.4014
2011-11-23,44001,Bristol,15.0805,1.5997,72.9722,5.3037
2011-11-24,44001,Bristol,7.4002,-0.6412,61.4471,5.2647
2011-11-25,44001,Bristol,14.4555,1.7337,56.5005,3.7813
2011-11-26,44001,Bristol,17.0072,4.1633,54.6332,3.5614
2011-11-27,44001,Bristol,15.7887,4.2232,62.6898,2.3847
2011-11-28,44001,Bristol,19.5913,8.4885,61.3333,4.5213
2011-11-29,44001,Bristol,20.4372,8.6689,65.2248,3.0581
2011-11-30,44001,Bristol,15.7861,5.0126,77.4839,6.6676
2011-12-01,44001,Bristol,8.7754,-0.543,63.687,4.6837
2011-12-02,44001,Bristol,10.485,-0.643,52.5301,2.5135
2011-12-03,44001,Bristol,8.5171,-0.7223,60.4324,4.2362
2011-12-04,44001,Bristol,12.6864,0.4781,59.6429,2.7753
2011-12-05,44001,Bristol,15.5721,4.4523,64.7482,2.7174
2011-12-06,44001,Bristol,16.3974,9.391,72.0455,4.0505
2011-12-07,44001,Bristol,15.88,8.9796,82.4357,3.8304
2011-12-08,44001,Bristol,13.1763,-0.4708,69.9667,6.8157
2011-12-09,44001,Bristol,11.5113,-0.6711,53.7937,3.9192
2011-12-10,44001,Bristol,9.6073,-1.2828,70.5837,3.2353
2011-12-11,44001,Bristol,3.7171,-3.282,44.9086,3.2163
2011-12-12,44001,Bristol,8.7171,-1.0997,49.4432,2.9926
2011-12-13,44001,Bristol,8.0702,-1.4663,57.4103,2.821
2011-12-14,44001,Bristol,7.7816,-0.2333,63.2676,3.4754
2011-12-15,44001,Bristol,13.6737,1.7565,63.1414,5.2614
2011-12-16,44001,Bristol,11.8918,0.6627,75.8197,6.9996
2011-12-17,44001,Bristol,6.6873,-1.4977,58.9745,3.4793
2011-12-18,44001,Bristol,0.9749,-5.4125,46.1659,3.9652
2011-12-19,44001,Bristol,5.1889,-5.9637,44.1585,3.2653
2011-12-20,44001,Bristol,6.9009,-1.2861,59.6104,5.0809
2011-12-21,44001,Bristol,12.9561,-0.0862,57.8469,3.5588
2011-12-22,44001,Bristol,14.1797,4.8525,72.2433,5.4985
2011-12-23,44001,Bristol,8.9853,-0.9512,82.4296,3.4906
2011-12-24,44001,Bristol,1.5365,-3.6077,63.9814,4.7165
2011-12-25,44001,Bristol,4.6428,-3.3086,52.5778,2.5113
2011-12-26,44001,Bristol,6.9619,-1.7705,67.9325,4.4916
2011-12-27,44001,Bristol,12.5604,-0.8039,53.2462,3.8764
2011-12-28,44001,Bristol,11.2692,-2.6291,82.2051,7.7247
2011-12-29,44001,Bristol,1.7442,-3.0938,42.8035,7.0486
2011-12-30,44001,Bristol,8.8002,-1.1111,46.5202,2.0775
2011-12-31,44001,Bristol,12.5508,2.1076,69.3096,2.1506
2012-01-01,44001,Bristol,11.7785,0.2677,62.7147,3.1315
2012-01-02,44001,Bristol,10.5476,-1.646,67.1533,6.125
2012-01-03,44001,Bristol,1.757,-8.9467,53.4369,5.439
2012-01-04,44001,Bristol,0.4336,-11.4146,27.6617,5.8753
2012-01-05,44001,Bristol,3.1599,-2.4208,39.2683,4.6403
2012-01-06,44001,Bristol,8.9142,-2.277,49.9212,4.0651
2012-01-07,44001,Bristol,12.6909,0.315,56.4097,3.636
2012-01-08,44001,Bristol,8.1086,-0.9132,56.572,2.8687
2012-01-09,44001,Bristol,3.4894,-1.9305,41.4057,2.9617
2012-01-10,44001,Bristol,7.0873,-0.3253,51.2407,3.0169
2012-01-11,44001,Bristol,6.2665,-1.7108,51.5136,2.9813
2012-01-12,44001,Bristol,8.9613,1.5669,66.192,5.8052
2012-01-13,44001,Bristol,11.3925,-1.3985,63.7507,5.6728
2012-01-14,44001,Bristol,2.6745,-6.328,48.26,8.0289
2012-01-15,44001,Bristol,-3.7782,-12.51,44.7705,6.6299
2012-01-16,44001,Bristol,3.9318,-12.342,32.1664,4.8731
2012-01-17,44001,Bristol,8.0308,1.2577,61.7189,6.1781
2012-01-18,44001,Bristol,7.8913,-6.0169,70.5842,6.9494
2012-01-19,44001,Bristol,3.3691,-6.6794,38.8998,4.6284
2012-01-20,44001,Bristol,3.2082,-6.0921,67.9557,5.3046
2012-01-21,44001,Bristol,0.8086,-6.0271,59.553,4.2665
2012-01-22,44001,Bristol,1.0558,-7.8055,62.9199,5.4167
2012-01-23,44001,Bristol,7.0139,-4.1893,60.3148,3.3755
2012-01-24,44001,Bristol,13.3004,0.4329,62.6797,4.0769
2012-01-25,44001,Bristol,7.1014,-0.5866,56.2084,4.4908
2012-01-26,44001,Bristol,6.5171,-0.6845,52.6262,2.2912
2012-01-27,44001,Bristol,13.1565,1.912,66.7735,4.9914
2012-01-28,44001,Bristol,8.4939,-0.9648,60.2305,4.9166
2012-01-29,44001,Bristol,7.3095,-1.3158,50.6954,5.8971
2012-01-30,44001,Bristol,5.4089,-1.5777,51.8351,5.2345
2012-01-31,44001,Bristol,10.7734,-1.0858,44.1841,3.5719
2012-02-01,44001,Bristol,13.0194,1.8546,57.9156,3.8046
2012-02-02,44001,Bristol,8.32,-0.1277,64.9956,3.6273
2012-02-03,44001,Bristol,4.7215,-1.9505,49.4955,4.8027
2012-02-04,44001,Bristol,7.1246,-2.117,42.1143,3.8912
2012-02-05,44001,Bristol,2.8432,-3.8355,46.0965,3.3341
2012-02-06,44001,Bristol,8.32,-3.0106,42.2323,4.864
2012-02-07,44001,Bristol,9.6998,-1.3023,50.3194,4.0148
2012-02-08,44001,Bristol,5.4145,-2.9277,43.3461,2.9614
2012-02-09,44001,Bristol,8.3559,-1.7106,43.0799,2.8746
2012-02-10,44001,Bristol,9.6185,-1.4972,43.4585,3.3819
2012-02-11,44001,Bristol,6.0523,-1.7031,69.5571,3.8388
2012-02-12,44001,Bristol,0.7183,-6.0491,43.8768,7.512
2012-02-13,44001,Bristol,5.9305,-5.8369,31.5434,6.6899
2012-02-14,44001,Bristol,6.7419,-2.4111,48.2173,2.5146
2012-02-15,44001,Bristol,8.3968,0.8579,62.7429,1.5251
2012-02-16,44001,Bristol,10.1078,-0.0318,56.8595,2.0706
2012-02-17,44001,Bristol,11.5784,1.6829,63.4492,2.537
2012-02-18,44001,Bristol,8.7695,0.0385,46.532,4.958
2012-02-19,44001,Bristol,8.2188,-1.7111,48.7754,2.9299
2012-02-20,44001,Bristol,5.4267,-2.7061,40.4081,4.6721
2012-02-21,44001,Bristol,6.3531,-3.6817,42.8203,3.7815
2012-02-22,44001,Bristol,13.542,2.7457,54.0169,4.2267
2012-02-23,44001,Bristol,15.9479,0.8802,54.8305,4.2163
2012-02-24,44001,Bristol,7.7741,0.482,60.7366,4.0736
2012-02-25,44001,Bristol,8.1619,-1.3043,60.0193,8.0241
2012-02-26,44001,Bristol,5.7339,-3.2014,37.0307,7.5463
2012-02-27,44001,Bristol,10.6717,-1.8652,39.8055,3.8646
2012-02-28,44001,Bristol,8.4876,1.3492,54.6692,5.3315
2012-02-29,44001,Bristol,6.5043,-2.0179,50.0563,5.4849
2012-03-01,44001,Bristol,5.7395,-0.0989,73.3847,5.5597
2012-03-02,44001,Bristol,5.2855,-1.145,62.3737,4.1416
2012-03-03,44001,Bristol,11.6481,1.3663,67.0594,4.7695
2012-03-04,44001,Bristol,9.5261,0.89,52.2913,3.1335
2012-03-05,44001,Bristol,3.9277,-5.3933,56.3974,5.5024
2012-03-06,44001,Bristol,3.5789,-6.0271,37.2844,4.6597
2012-03-07,44001,Bristol,11.9001,-1.1773,49.3947,5.5064
2012-03-08,44001,Bristol,17.9266,4.4506,56.6508,7.7428
2012-03-09,44001,Bristol,11.6675,2.2759,65.8139,6.9961
2012-03-10,44001,Bristol,7.1161,-1.6627,47.6099,4.3669
2012-03-11,44001,Bristol,11.7034,-1.68,45.3031,4.1328
2012-03-12,44001,Bristol,19.1301,1.7481,44.0703,3.7795
2012-03-13,44001,Bristol,17.7527,6.7654,60.1809,3.9624
2012-03-14,44001,Bristol,17.7287,3.8801,63.286,1.9946
2012-03-15,44001,Bristol,10.654,1.9648,65.199,2.4595
2012-03-16,44001,Bristol,9.696,3.5514,63.2093,2.64
2012-03-17,44001,Bristol,14.6971,3.3279,61.4353,2.1617
2012-03-18,44001,Bristol,18.3663,2.3188,56.0999,3.4572
2012-03-19,44001,Bristol,23.0217,5.8134,52.4523,3.2858
2012-03-20,44001,Bristol,22.2789,7.0123,56.4128,2.1476
2012-03-21,44001,Bristol,22.4821,8.9898,59.6939,2.9924
2012-03-22,44001,Bristol,24.3086,12.1017,58.304,4.5301
2012-03-23,44001,Bristol,23.239,10.6999,51.9106,2.9366
2012-03-24,44001,Bristol,13.2165,6.8547,52.5357,3.0873
2012-03-25,44001,Bristol,11.9219,6.7421,59.6726,3.0717
2012-03-26,44001,Bristol,12.8054,-2.3909,67.6406,4.503
2012-03-27,44001,Bristol,7.9153,-2.4146,27.7518,6.9058
2012-03-28,44001,Bristol,12.5527,1.0723,45.3581,3.5325
2012-03-29,44001,Bristol,9.274,3.6249,70.3411,3.7731
2012-03-30,44001,Bristol,10.4534,2.5857,42.8573,4.1184
2012-03-31,44001,Bristol,6.8868,3.5277,60.8811,3.0738
2012-04-01,44001,Bristol,11.1383,2.9521,51.8261,2.1502
2012-04-02,44001,Bristol,10.8356,0.8614,64.1289,4.4531
2012-04-03,44001,Bristol,13.847,0.6512,33.4332,4.0081
2012-04-04,44001,Bristol,16.7664,6.1214,32.1679,2.7674
2012-04-05,44001,Bristol,11.2414,3.0838,47.1131,4.0525
2012-04-06,44001,Bristol,10.0827,1.2701,45.9084,3.0677
2012-04-07,44001,Bristol,10.9323,0.296,39.9483,3.311
2012-04-08,44001,Bristol,12.1593,4.4656,44.6962,2.4613
2012-04-09,44001,Bristol,15.5031,4.8102,45.0427,5.5048
2012-04-10,44001,Bristol,15.9563,4.1819,43.0893,4.2073
2012-04-11,44001,Bristol,14.469,6.7425,49.9134,2.0647
2012-04-12,44001,Bristol,14.3836,5.7454,54.4833,2.2815
2012-04-13,44001,Bristol,16.2629,5.2605,46.1232,2.0486
2012-04-14,44001,Bristol,19.9288,5.6136,38.293,3.776
2012-04-15,44001,Bristol,22.0978,10.4194,50.9595,3.684
2012-04-16,44001,Bristol,27.3679,12.1463,53.1638,2.8727
2012-04-17,44001,Bristol,27.1408,11.1743,46.6106,2.8972
2012-04-18,44001,Bristol,17.1769,8.0093,45.2269,3.5146
2012-04-19,44001,Bristol,18.7886,6.6923,50.8717,2.6711
2012-04-20,44001,Bristol,20.6283,6.4614,54.6522,3.3524
2012-04-21,44001,Bristol,21.6597,12.4339,59.6183,4.1059
2012-04-22,44001,Bristol,19.5689,12.7173,70.1845,2.7817
2012-04-23,44001,Bristol,18.4288,8.9523,78.3766,6.4716
2012-04-24,44001,Bristol,14.1434,6.6841,61.2077,6.1219
2012-04-25,44001,Bristol,17.4031,5.8549,48.0542,3.3575
2012-04-26,44001,Bristol,16.0372,4.8078,54.3225,3.0581
2012-04-27,44001,Bristol,14.2773,3.9163,71.4223,5.7002
2012-04-28,44001,Bristol,13.5431,2.7307,39.0897,5.8742
2012-04-29,44001,Bristol,13.8425,1.936,44.1988,3.7454
2012-04-30,44001,Bristol,15.1493,0.6376,38.3759,2.6868
2012-05-01,44001,Bristol,13.2713,7.7606,68.3446,3.8658
2012-05-02,44001,Bristol,15.8726,7.4548,67.3221,3.9072
2012-05-03,44001,Bristol,13.2501,9.121,71.0566,2.5019
2012-05-04,44001,Bristol,16.0777,7.9316,73.5613,2.6494
2012-05-05,44001,Bristol,16.8332,9.6031,73.065,1.2268
2012-05-06,44001,Bristol,18.0718,7.4058,65.2236,1.9295
2012-05-07,44001,Bristol,19.8099,6.5395,52.5698,1.4631
2012-05-08,44001,Bristol,15.6652,9.3366,64.807,4.0718
2012-05-09,44001,Bristol,19.3062,13.2107,72.5032,4.8788
2012-05-10,44001,Bristol,19.6261,8.968,74.0537,3.8769
2012-05-11,44001,Bristol,18.0819,7.3952,51.5136,4.736
2012-05-12,44001,Bristol,22.6127,6.6537,42.1807,3.1993
2012-05-13,44001,Bristol,25.0667,10.9163,53.0484,2.8933
2012-05-14,44001,Bristol,22.1544,12.8701,68.4702,3.8576
2012-05-15,44001,Bristol,21.5668,12.9916,71.6132,4.5166
2012-05-16,44001,Bristol,23.7822,13.1418,67.5909,4.1394
2012-05-17,44001,Bristol,22.1096,9.339,60.7655,2.4687
2012-05-18,44001,Bristol,20.3435,8.7464,47.5408,2.0417
2012-05-19,44001,Bristol,22.3163,6.6526,47.249,3.0029
2012-05-20,44001,Bristol,23.9255,8.5395,49.872,2.8092
2012-05-21,44001,Bristol,21.9874,10.5443,68.9064,3.2563
2012-05-22,44001,Bristol,19.4429,14.7351,77.0106,3.9142
2012-05-23,44001,Bristol,23.8359,15.4017,66.9402,1.1222
2012-05-24,44001,Bristol,21.1438,15.2418,75.6394,2.4869
2012-05-25,44001,Bristol,23.242,14.507,70.5489,3.2075
2012-05-26,44001,Bristol,28.8434,16.4773,65.9697,3.684
2012-05-27,44001,Bristol,26.3332,15.9016,67.0073,2.2296
2012-05-28,44001,Bristol,28.6836,16.0448,63.9139,1.9232
2012-05-29,44001,Bristol,29.0178,16.5672,68.57,3.4294
2012-05-30,44001,Bristol,26.1252,16.6276,72.9137,3.0684
2012-05-31,44001,Bristol,27.8023,16.391,55.2409,1.4144
2012-06-01,44001,Bristol,21.3248,14.6492,65.4479,3.575
2012-06-02,44001,Bristol,20.8782,14.9603,72.4058,6.455
2012-06-03,44001,Bristol,23.1646,12.8736,66.8811,2.6366
2012-06-04,44001,Bristol,14.5724,10.8905,81.7583,4.5195
2012-06-05,44001,Bristol,14.9217,10.5726,71.3599,4.9689
2012-06-06,44001,Bristol,19.1753,11.34,63.6093,1.919
2012-06-07,44001,Bristol,21.5901,13.54,65.5504,1.642
2012-06-08,44001,Bristol,23.6891,14.3524,64.2119,1.9447
2012-06-09,44001,Bristol,25.272,15.3356,59.1552,3.0626
2012-06-10,44001,Bristol,26.2922,13.101,57.6433,1.9765
2012-06-11,44001,Bristol,20.7247,12.1644,66.4266,2.8647
2012-06-12,44001,Bristol,22.3849,16.3045,67.1125,3.8143
2012-06-13,44001,Bristol,20.42,16.9299,76.7542,3.5489
2012-06-14,44001,Bristol,23.9252,12.8427,71.4525,2.1035
2012-06-15,44001,Bristol,24.1534,11.8835,60.0285,2.9758
2012-06-16,44001,Bristol,22.8297,11.1233,62.9155,3.258
2012-06-17,44001,Bristol,20.4404,9.5477,66.618,3.3077
2012-06-18,44001,Bristol,21.2374,8.7505,66.2619,2.5092
2012-06-19,44001,Bristol,23.2082,12.6394,67.744,3.0423
2012-06-20,44001,Bristol,33.0802,16.9558,60.8982,3.9203
2012-06-21,44001,Bristol,34.0892,23.0283,59.7127,3.0722
2012-06-22,44001,Bristol,33.1528,22.8613,59.2222,2.2027
2012-06-23,44001,Bristol,28.527,17.3353,73.2201,1.8755
2012-06-24,44001,Bristol,27.9202,15.4538,57.8386,2.9319
2012-06-25,44001,Bristol,24.2728,18.1923,71.064,3.5285
2012-06-26,44001,Bristol,23.547,16.0657,65.2691,3.2513
2012-06-27,44001,Bristol,25.0898,14.6238,57.018,4.6556
2012-06-28,44001,Bristol,28.3045,15.1972,53.4133,3.1883
2012-06-29,44001,Bristol,31.0682,16.9221,63.0019,3.1095
2012-06-30,44001,Bristol,30.744,19.0018,59.3661,3.3407
2012-07-01,44001,Bristol,31.0585,19.5408,62.643,3.1999
2012-07-02,44001,Bristol,28.769,17.6295,64.7949,2.6926
2012-07-03,44001,Bristol,28.6878,17.009,59.8273,2.628
2012-07-04,44001,Bristol,29.5945,18.5929,68.9979,2.3886
2012-07-05,44001,Bristol,30.5785,21.7168,67.0555,2.2439
2012-07-06,44001,Bristol,30.2304,20.8969,65.6557,1.7307
2012-07-07,44001,Bristol,32.994,20.9839,65.3007,3.4815
2012-07-08,44001,Bristol,29.6145,19.2133,64.1488,2.2365
2012-07-09,44001,Bristol,27.6649,16.6271,60.7145,1.9342
2012-07-10,44001,Bristol,27.6907,14.8393,54.1949,1.8034
2012-07-11,44001,Bristol,29.1322,17.8573,57.0203,1.5897
2012-07-12,44001,Bristol,29.4834,17.8713,60.3152,1.841
2012-07-13,44001,Bristol,30.9507,17.9692,61.1854,3.4628
2012-07-14,44001,Bristol,31.5775,19.8047,61.0631,3.2571
2012-07-15,44001,Bristol,31.2489,19.0552,64.3634,3.8852
2012-07-16,44001,Bristol,31.7887,23.2681,64.4445,3.466
2012-07-17,44001,Bristol,32.851,22.8612,60.4026,2.9392
2012-07-18,44001,Bristol,35.9942,23.1913,58.5688,3.4397
2012-07-19,44001,Bristol,28.067,20.4471,72.0705,2.6654
2012-07-20,44001,Bristol,22.758,16.1688,78.931,3.4447
2012-07-21,44001,Bristol,26.8776,14.8041,57.7465,2.7813
2012-07-22,44001,Bristol,28.8579,15.2676,53.5717,2.4675
2012-07-23,44001,Bristol,29.722,16.7697,62.0013,3.6593
2012-07-24,44001,Bristol,34.17,19.8514,60.5134,4.3042
2012-07-25,44001,Bristol,28.1307,16.8416,54.3411,4.5878
2012-07-26,44001,Bristol,30.4284,17.1378,55.6647,3.6846
2012-07-27,44001,Bristol,31.2588,21.3358,68.1102,2.6231
2012-07-28,44001,Bristol,29.8932,19.4078,68.0429,2.6106
2012-07-29,44001,Bristol,28.8634,19.5804,63.5654,2.633
2012-07-30,44001,Bristol,28.4683,17.6562,64.5857,2.2661
2012-07-31,44001,Bristol,26.8837,16.8436,68.5982,3.0401
2012-08-01,44001,Bristol,29.4673,19.053,67.8358,2.9766
2012-08-02,44001,Bristol,31.3163,20.2613,63.591,2.1795
2012-08-03,44001,Bristol,34.2963,21.0714,58.9871,3.851
2012-08-04,44001,Bristol,33.7472,21.1207,62.8053,3.1001
2012-08-05,44001,Bristol,32.6724,21.3655,67.4167,4.7298
2012-08-06,44001,Bristol,33.0556,19.935,62.0969,4.3575
2012-08-07,44001,Bristol,29.4571,17.6988,51.4168,2.6248
2012-08-08,44001,Bristol,33.2991,17.7998,51.0652,2.0516
2012-08-09,44001,Bristol,33.8333,19.0985,54.7578,2.2616
2012-08-10,44001,Bristol,32.1345,18.9899,65.3203,4.4062
2012-08-11,44001,Bristol,28.6565,23.0271,74.1213,4.491
2012-08-12,44001,Bristol,27.7812,22.0533,77.6503,4.727
2012-08-13,44001,Bristol,29.8391,20.3696,67.3566,3.4573
2012-08-14,44001,Bristol,29.5982,19.3389,62.8649,2.6947
2012-08-15,44001,Bristol,28.9575,20.088,70.5174,2.527
2012-08-16,44001,Bristol,29.2872,19.9748,67.8439,2.5652
2012-08-17,44001,Bristol,30.4293,18.7651,60.8216,3.1418
2012-08-18,44001,Bristol,23.6688,20.1808,84.0359,1.7457
2012-08-19,44001,Bristol,25.8366,18.5731,65.2603,2.0994
2012-08-20,44001,Bristol,26.5083,18.0745,61.2548,1.2604
2012-08-21,44001,Bristol,28.4701,17.6334,60.8224,2.4977
2012-08-22,44001,Bristol,28.6982,16.5558,56.2231,1.9725
2012-08-23,44001,Bristol,29.8881,17.2948,56.1382,2.3876
2012-08-24,44001,Bristol,31.2877,17.3947,54.6287,2.1539
2012-08-25,44001,Bristol,29.3225,17.2172,59.1962,2.9252
2012-08-26,44001,Bristol,30.147,15.0366,51.088,2.895
2012-08-27,44001,Bristol,30.6455,15.3042,55.6684,2.917
2012-08-28,44001,Bristol,30.5282,18.2714,70.0922,3.8787
2012-08-29,44001,Bristol,25.0595,12.1624,62.7842,3.117
2012-08-30,44001,Bristol,28.974,11.5726,43.3091,3.2352
2012-08-31,44001,Bristol,34.2567,14.9736,43.1032,4.6808
2012-09-01,44001,Bristol,31.043,16.4812,55.5837,4.0552
2012-09-02,44001,Bristol,28.8993,16.4776,51.7888,2.487
2012-09-03,44001,Bristol,29.5029,14.8707,54.2009,2.5979
2012-09-04,44001,Bristol,26.1988,16.619,74.4499,3.0559
2012-09-05,44001,Bristol,26.7723,21.9021,78.5137,4.7713
2012-09-06,44001,Bristol,28.4118,19.216,73.4761,1.8825
2012-09-07,44001,Bristol,30.215,18.427,66.3654,2.3956
2012-09-08,44001,Bristol,29.965,19.7241,70.979,4.3571
2012-09-09,44001,Bristol,23.9839,14.6571,78.4273,3.0289
2012-09-10,44001,Bristol,22.2488,10.0404,62.6036,4.2023
2012-09-11,44001,Bristol,22.057,8.7837,50.6827,4.1088
2012-09-12,44001,Bristol,26.2883,10.5462,47.3939,2.027
2012-09-13,44001,Bristol,27.8075,13.5777,57.4336,3.0223
2012-09-14,44001,Bristol,27.5482,14.0314,61.4089,3.3019
2012-09-15,44001,Bristol,25.1794,9.076,70.9318,3.6326
2012-09-16,44001,Bristol,21.4518,8.4115,51.9847,3.5397
2012-09-17,44001,Bristol,25.0757,8.7286,46.349,2.2663
2012-09-18,44001,Bristol,26.2428,11.9904,65.5557,4.585
2012-09-19,44001,Bristol,23.3656,9.8404,80.629,5.5963
2012-09-20,44001,Bristol,21.291,9.1013,59.3681,4.16
2012-09-21,44001,Bristol,22.5792,9.0184,59.77,3.116
2012-09-22,44001,Bristol,24.9725,12.5545,62.1494,2.6131
2012-09-23,44001,Bristol,22.902,7.8432,72.0116,3.4363
2012-09-24,44001,Bristol,19.3745,6.4133,48.7334,3.0706
2012-09-25,44001,Bristol,23.0283,7.702,47.6792,4.1325
2012-09-26,44001,Bristol,25.2301,13.052,63.7447,4.903
2012-09-27,44001,Bristol,24.3038,13.7016,69.4218,2.8289
2012-09-28,44001,Bristol,18.3488,13.338,76.6139,4.5228
2012-09-29,44001,Bristol,21.1589,15.4203,75.8791,1.5033
2012-09-30,44001,Bristol,18.7711,13.007,79.9786,2.1923
2012-10-01,44001,Bristol,21.1835,10.8614,61.2384,5.6028
2012-10-02,44001,Bristol,23.2106,12.9386,60.7963,2.2556
2012-10-03,44001,Bristol,23.2878,15.8554,71.5877,1.8499
2012-10-04,44001,Bristol,23.2755,16.0027,75.3226,1.2432
2012-10-05,44001,Bristol,25.5397,13.976,62.7233,1.9738
2012-10-06,44001,Bristol,25.5318,11.5816,68.702,4.4212
2012-10-07,44001,Bristol,16.1725,8.3934,69.5136,2.9497
2012-10-08,44001,Bristol,15.9832,7.6497,60.8313,2.1434
2012-10-09,44001,Bristol,14.9241,10.6855,72.0175,4.5269
2012-10-10,44001,Bristol,18.9172,11.7149,73.1198,4.3091
2012-10-11,44001,Bristol,15.3741,6.8746,65.7398,5.4544
2012-10-12,44001,Bristol,15.0341,0.8764,62.5066,5.1098
2012-10-13,44001,Bristol,11.8451,-0.2444,45.9478,4.3212
2012-10-14,44001,Bristol,18.6023,7.3049,60.2322,5.2876
2012-10-15,44001,Bristol,24.9586,13.8274,64.2695,5.755
2012-10-16,44001,Bristol,17.4819,3.9744,84.4428,5.1073
2012-10-17,44001,Bristol,16.0708,2.7119,52.3315,2.8148
2012-10-18,44001,Bristol,18.9606,7.8834,57.0316,2.2439
2012-10-19,44001,Bristol,20.7966,11.1193,74.3735,4.954
2012-10-20,44001,Bristol,24.1378,10.5577,76.974,4.3717
2012-10-21,44001,Bristol,16.876,8.6338,62.1951,4.3025
2012-10-22,44001,Bristol,17.8136,7.9764,54.4377,5.0549
2012-10-23,44001,Bristol,18.6263,6.8457,54.3948,2.8807
2012-10-24,44001,Bristol,14.2669,9.6636,70.4124,2.6349
2012-10-25,44001,Bristol,17.2067,8.8043,57.9561,2.0986
2012-10-26,44001,Bristol,18.5835,10.428,57.2206,1.4654
2012-10-27,44001,Bristol,20.0612,10.0969,61.5984,2.2797
2012-10-28,44001,Bristol,17.1136,9.2545,68.7169,6.5037
2012-10-29,44001,Bristol,18.6463,12.1712,69.4853,12.4438
2012-10-30,44001,Bristol,20.4365,13.7846,77.2198,7.2004
2012-10-31,44001,Bristol,16.0548,7.8278,85.9243,3.7444
2012-11-01,44001,Bristol,15.0956,7.7368,60.9431,3.6729
2012-11-02,44001,Bristol,12.0754,5.8119,65.375,3.9171
2012-11-03,44001,Bristol,11.8612,2.5262,59.7763,5.1053
2012-11-04,44001,Bristol,12.5067,1.7325,52.8626,4.4261
2012-11-05,44001,Bristol,8.4694,-1.416,63.1147,4.0845
2012-11-06,44001,Bristol,7.2785,-2.9287,47.9765,3.3654
2012-11-07,44001,Bristol,9.4468,0.1612,62.6793,8.6932
2012-11-08,44001,Bristol,7.9964,4.0249,72.852,10.8613
2012-11-09,44001,Bristol,11.1711,1.609,54.7301,6.4392
2012-11-10,44001,Bristol,12.1694,1.2399,51.9905,3.3112
2012-11-11,44001,Bristol,17.3673,4.6551,52.8016,2.7909
2012-11-12,44001,Bristol,19.3932,7.6793,63.368,3.4299
2012-11-13,44001,Bristol,18.3544,6.5176,80.7675,4.5817
2012-11-14,44001,Bristol,10.0742,0.5557,66.3519,5.5127
2012-11-15,44001,Bristol,9.7101,0.2527,61.0372,4.9992
2012-11-16,44001,Bristol,9.4804,0.651,59.9962,3.5009
2012-11-17,44001,Bristol,10.889,0.0611,55.5614,4.1602
2012-11-18,44001,Bristol,10.2612,-0.6279,58.9961,3.7292
2012-11-19,44001,Bristol,12.4008,0.6883,60.2449,4.2865
2012-11-20,44001,Bristol,11.5196,0.7358,62.8787,4.1614
2012-11-21,44001,Bristol,11.465,1.3478,63.4127,3.8035
2012-11-22,44001,Bristol,13.3742,1.7397,61.8571,3.5789
2012-11-23,44001,Bristol,13.2384,2.463,62.5866,1.5624
2012-11-24,44001,Bristol,9.5299,-0.4652,67.9289,4.9099
2012-11-25,44001,Bristol,5.7905,-0.9666,43.4397,7.1718
2012-11-26,44001,Bristol,8.3376,-1.0619,48.4885,5.6173
2012-11-27,44001,Bristol,7.5951,-0.4575,55.2901,2.3851
2012-11-28,44001,Bristol,7.1951,-1.4022,70.4393,4.715
2012-11-29,44001,Bristol,6.4486,-1.1003,52.1181,4.8793
2012-11-30,44001,Bristol,5.8967,-1.6819,56.5384,4.2454
2012-12-01,44001,Bristol,8.3669,0.5525,54.6806,5.0688
2012-12-02,44001,Bristol,15.9867,5.9279,60.0273,3.5952
2012-12-03,44001,Bristol,16.5413,4.0767,64.2969,4.183
2012-12-04,44001,Bristol,13.7812,3.0103,65.2729,2.1116
2012-12-05,44001,Bristol,16.4985,0.419,69.6994,4.7701
2012-12-06,44001,Bristol,5.3084,-3.255,49.4508,5.1706
2012-12-07,44001,Bristol,10.2723,-1.4599,55.6458,2.183
2012-12-08,44001,Bristol,14.4425,6.2198,65.7556,1.7163
2012-12-09,44001,Bristol,11.209,5.5202,63.5103,3.1912
2012-12-10,44001,Bristol,14.5336,7.3574,67.8868,5.4277
2012-12-11,44001,Bristol,13.0286,1.0388,82.2196,3.9087
2012-12-12,44001,Bristol,5.6264,-1.7685,56.0536,3.6067
2012-12-13,44001,Bristol,6.3125,-1.0082,47.6956,3.1626
2012-12-14,44001,Bristol,9.1171,-1.5677,52.0353,3.7356
2012-12-15,44001,Bristol,6.2902,-1.363,53.7969,3.4661
2012-12-16,44001,Bristol,7.4345,-0.1417,58.6473,4.3552
2012-12-17,44001,Bristol,9.7276,4.9609,68.5496,5.4691
2012-12-18,44001,Bristol,15.5597,5.8062,67.9994,3.5617
2012-12-19,44001,Bristol,8.1195,0.3369,72.7981,6.5353
2012-12-20,44001,Bristol,7.907,-1.1708,57.8006,4.1422
2012-12-21,44001,Bristol,13.1049,2.1398,67.1482,7.7167
2012-12-22,44001,Bristol,5.8197,-2.0134,64.5358,7.0634
2012-12-23,44001,Bristol,5.3501,-1.9468,46.6277,6.7753
2012-12-24,44001,Bristol,5.5902,-1.8012,51.7656,3.2746
2012-12-25,44001,Bristol,5.0602,-3.0642,68.6536,3.255
2012-12-26,44001,Bristol,6.4602,-3.5891,54.209,4.8007
2012-12-27,44001,Bristol,12.0626,0.3435,71.8729,6.908
2012-12-28,44001,Bristol,3.585,-1.7985,61.0442,6.4233
2012-12-29,44001,Bristol,5.0561,-2.148,58.8972,3.366
2012-12-30,44001,Bristol,2.7383,-5.1897,69.0097,8.3867
2012-12-31,44001,Bristol,2.9036,-5.0753,45.3633,7.4442
2013-01-01,44001,Bristol,4.6884,-6.0738,61.6732,6.2816
2013-01-02,44001,Bristol,0.0327,-8.0753,42.8369,5.7946
2013-01-03,44001,Bristol,-2.2781,-10.9466,36.0295,5.43
2013-01-04,44001,Bristol,4.309,-4.8456,52.6477,5.3406
2013-01-05,44001,Bristol,4.8482,-2.2316,51.0801,5.9128
2013-01-06,44001,Bristol,5.3873,-1.592,57.6705,2.6672
2013-01-07,44001,Bristol,5.8329,-2.2874,61.7972,3.5738
2013-01-08,44001,Bristol,8.4506,-1.9504,54.1198,4.215
2013-01-09,44001,Bristol,9.3973,-0.9679,60.2284,3.3559
2013-01-10,44001,Bristol,7.5641,-1.7863,61.233,6.2994
2013-01-11,44001,Bristol,7.5167,-2.0121,53.5068,2.564
2013-01-12,44001,Bristol,11.0942,2.977,64.0532,2.959
2013-01-13,44001,Bristol,13.4021,2.1403,62.944,2.2369
2013-01-14,44001,Bristol,16.6556,4.6962,61.9861,3.4754
2013-01-15,44001,Bristol,7.0231,1.0831,62.4847,2.931
2013-01-16,44001,Bristol,8.1282,1.0333,61.5035,2.9129
2013-01-17,44001,Bristol,6.6095,-1.7663,63.7672,4.7149
2013-01-18,44001,Bristol,0.7214,-5.5756,47.6246,4.9948
2013-01-19,44001,Bristol,7.8084,-3.0074,47.6577,6.7795
2013-01-20,44001,Bristol,12.4536,-2.52,57.434,7.2927
2013-01-21,44001,Bristol,2.4847,-3.8221,40.0132,4.1402
2013-01-22,44001,Bristol,0.8272,-8.8142,56.9473,4.8728
2013-01-23,44001,Bristol,-5.4598,-11.4218,28.3164,6.3826
2013-01-24,44001,Bristol,-5.6068,-12.734,27.2454,6.6435
2013-01-25,44001,Bristol,-2.588,-12.9989,28.7087,6.4284
2013-01-26,44001,Bristol,-2.1598,-11.1612,47.5003,4.393
2013-01-27,44001,Bristol,-0.5613,-11.8007,39.9563,6.4924
2013-01-28,44001,Bristol,2.7739,-8.683,45.8569,3.0502
2013-01-29,44001,Bristol,6.1228,-0.911,64.3461,2.4125
2013-01-30,44001,Bristol,14.2651,1.5637,61.4521,4.7413
2013-01-31,44001,Bristol,12.8532,-1.2617,78.4913,9.8449
2013-02-01,44001,Bristol,2.9856,-4.4635,35.4446,7.628
2013-02-02,44001,Bristol,2.3007,-5.7216,29.2751,5.5664
2013-02-03,44001,Bristol,1.6931,-3.2043,42.5366,3.4469
2013-02-04,44001,Bristol,1.7652,-4.1892,37.5681,5.7616
2013-02-05,44001,Bristol,1.2397,-4.3369,35.9284,3.9016
2013-02-06,44001,Bristol,4.7275,-3.494,56.0335,3.0314
2013-02-07,44001,Bristol,0.5787,-4.6255,33.8215,4.4226
2013-02-08,44001,Bristol,5.435,-2.0373,55.2381,7.2287
2013-02-09,44001,Bristol,1.9773,-8.806,68.5791,11.7662
2013-02-10,44001,Bristol,2.1384,-9.3768,44.6792,6.3043
2013-02-11,44001,Bristol,5.2489,-4.0998,61.0107,3.8312
2013-02-12,44001,Bristol,6.8512,-0.7641,61.3657,5.7629
2013-02-13,44001,Bristol,5.8188,-1.3817,55.12,3.7799
2013-02-14,44001,Bristol,5.7625,-1.2381,55.3375,2.7044
2013-02-15,44001,Bristol,10.5754,-0.5866,51.7647,3.0508
2013-02-16,44001,Bristol,6.9026,-1.1259,62.7431,2.4682
2013-02-17,44001,Bristol,1.3344,-8.4037,60.4873,8.6206
2013-02-18,44001,Bristol,1.4275,-9.2279,30.6788,9.5842
2013-02-19,44001,Bristol,10.1188,-4.3079,42.0936,4.4066
2013-02-20,44001,Bristol,4.9396,-3.4434,62.7504,6.6321
2013-02-21,44001,Bristol,0.9293,-4.3382,40.3859,7.3991
2013-02-22,44001,Bristol,5.0322,-3.5734,47.8389,4.8658
2013-02-23,44001,Bristol,6.5582,-1.39,61.0285,2.9037
2013-02-24,44001,Bristol,6.4321,0.3108,69.0684,5.4033
2013-02-25,44001,Bristol,6.7275,-1.0261,57.2982,4.0173
2013-02-26,44001,Bristol,7.9359,-0.1153,50.9083,1.652
2013-02-27,44001,Bristol,7.2189,1.1844,63.6349,6.8731
2013-02-28,44001,Bristol,9.8493,0.3765,61.5594,2.1718
2013-03-01,44001,Bristol,9.184,0.0273,57.1301,3.4523
2013-03-02,44001,Bristol,7.3652,-0.5097,53.9413,3.8395
2013-03-03,44001,Bristol,5.036,-0.0018,55.3422,3.1994
2013-03-04,44001,Bristol,5.0181,-1.0085,51.5615,5.1265
2013-03-05,44001,Bristol,7.4227,-1.2254,49.2886,5.2458
2013-03-06,44001,Bristol,6.7929,1.5385,66.4891,5.9227
2013-03-07,44001,Bristol,5.6324,1.459,64.3993,11.5424
2013-03-08,44001,Bristol,5.6964,-0.4913,62.9282,10.1087
2013-03-09,44001,Bristol,8.6029,-1.0124,53.1936,7.771
2013-03-10,44001,Bristol,9.0186,-1.1616,57.098,3.4399
2013-03-11,44001,Bristol,11.3371,-0.4348,59.1617,2.9339
2013-03-12,44001,Bristol,15.7243,2.5933,63.1636,5.025
2013-03-13,44001,Bristol,11.7449,-0.1516,67.5411,4.0608
2013-03-14,44001,Bristol,4.5177,-2.8462,52.8081,4.5426
2013-03-15,44001,Bristol,5.132,-3.4138,29.7938,6.5004
2013-03-16,44001,Bristol,4.1421,-1.0784,47.34,3.6829
2013-03-17,44001,Bristol,4.2446,-4.1352,46.9153,3.1757
2013-03-18,44001,Bristol,3.6237,-4.2036,33.6948,3.909
2013-03-19,44001,Bristol,5.8083,-0.1136,66.9305,5.4959
2013-03-20,44001,Bristol,5.455,-1.3403,57.3797,6.1705
2013-03-21,44001,Bristol,7.3926,-0.9473,50.104,2.6376
2013-03-22,44001,Bristol,5.821,-1.4166,50.7913,4.8047
2013-03-23,44001,Bristol,7.5259,-1.6748,46.8926,6.5348
2013-03-24,44001,Bristol,9.3415,-1.3193,45.6922,4.5556
2013-03-25,44001,Bristol,8.5412,-0.9514,56.5771,4.6123
2013-03-26,44001,Bristol,10.3186,-0.5673,51.1713,5.3193
2013-03-27,44001,Bristol,11.7894,-0.958,40.7835,3.1958
2013-03-28,44001,Bristol,11.2702,1.4876,48.6371,3.5698
2013-03-29,44001,Bristol,14.9896,1.3265,42.1969,3.147
2013-03-30,44001,Bristol,14.387,0.9753,42.3984,2.8849
2013-03-31,44001,Bristol,15.0377,1.001,40.2841,2.9909
2013-04-01,44001,Bristol,15.6854,0.4213,65.1341,5.5051
2013-04-02,44001,Bristol,5.824,-1.2503,44.0802,6.3438
2013-04-03,44001,Bristol,7.2039,-1.0529,33.6711,7.032
2013-04-04,44001,Bristol,9.3604,-1.2011,38.7248,5.1252
2013-04-05,44001,Bristol,14.6117,1.3683,51.4166,3.7398
2013-04-06,44001,Bristol,7.3431,0.9614,40.9874,5.0809
2013-04-07,44001,Bristol,11.1422,0.2983,46.9556,3.4894
2013-04-08,44001,Bristol,19.7458,4.2936,48.8372,3.3161
2013-04-09,44001,Bristol,22.9699,5.6417,47.792,3.5369
2013-04-10,44001,Bristol,20.506,7.7383,53.9051,1.6236
2013-04-11,44001,Bristol,11.9685,5.9355,75.3419,2.8852
2013-04-12,44001,Bristol,9.3061,5.3138,62.4013,5.9942
2013-04-13,44001,Bristol,13.5085,4.5431,57.9398,3.5659
2013-04-14,44001,Bristol,13.655,2.7829,55.8834,3.488
2013-04-15,44001,Bristol,13.4993,1.3614,45.1537,2.4306
2013-04-16,44001,Bristol,15.3049,3.4636,59.3299,4.302
2013-04-17,44001,Bristol,19.4444,5.8477,56.0027,3.6911
2013-04-18,44001,Bristol,16.117,3.8522,48.8549,3.2344
2013-04-19,44001,Bristol,22.633,8.4272,60.4981,5.6953
2013-04-20,44001,Bristol,15.8312,6.0734,75.022,6.4928
2013-04-21,44001,Bristol,11.6873,1.1488,44.1044,4.5665
2013-04-22,44001,Bristol,11.1338,-0.0424,53.6608,4.5884
2013-04-23,44001,Bristol,8.729,3.037,70.3765,6.1273
2013-04-24,44001,Bristol,19.123,6.2633,53.1183,5.0452
2013-04-25,44001,Bristol,17.1011,5.6518,57.4282,4.1053
2013-04-26,44001,Bristol,17.9317,3.3597,42.6024,1.8825
2013-04-27,44001,Bristol,17.9416,5.3421,47.5344,1.6411
2013-04-28,44001,Bristol,18.2442,5.2934,47.2708,2.2312
2013-04-29,44001,Bristol,18.1912,5.1616,50.4097,2.6039
2013-04-30,44001,Bristol,19.4859,5.3746,43.3951,1.8694
2013-05-01,44001,Bristol,17.7658,4.0529,51.7789,2.803
2013-05-02,44001,Bristol,21.1563,5.2063,45.6556,1.4678
2013-05-03,44001,Bristol,15.4097,5.8092,60.0568,4.5359
2013-05-04,44001,Bristol,15.9067,2.9459,56.5865,4.3442
2013-05-05,44001,Bristol,16.3332,1.6301,53.7155,3.558
2013-05-06,44001,Bristol,19.4127,4.5493,54.5616,1.88
2013-05-07,44001,Bristol,22.744,8.6,58.003,2.0217
2013-05-08,44001,Bristol,23.0488,11.1649,62.7443,3.7401
2013-05-09,44001,Bristol,20.3968,11.2133,68.0359,2.8117
2013-05-10,44001,Bristol,25.2652,12.3229,55.3124,3.2144
2013-05-11,44001,Bristol,21.2175,11.6184,69.5181,4.3574
2013-05-12,44001,Bristol,21.4567,7.6542,72.465,4.2511
2013-05-13,44001,Bristol,14.8606,5.5213,50.1271,4.67
2013-05-14,44001,Bristol,15.5788,5.5071,45.6975,3.4882
2013-05-15,44001,Bristol,17.8616,4.5597,52.8034,3.9017
2013-05-16,44001,Bristol,25.1009,9.9178,48.3476,4.0615
2013-05-17,44001,Bristol,20.6732,10.1762,50.0609,3.1497
2013-05-18,44001,Bristol,21.5559,9.9666,46.6899,2.0299
2013-05-19,44001,Bristol,21.4546,9.0304,59.3576,3.8016
2013-05-20,44001,Bristol,26.9922,14.4684,56.5162,4.2805
2013-05-21,44001,Bristol,27.4766,15.4279,63.7953,3.1379
2013-05-22,44001,Bristol,26.1191,14.2472,64.9149,3.1149
2013-05-23,44001,Bristol,24.2143,15.7107,68.7836,5.5172
2013-05-24,44001,Bristol,22.1913,12.0291,78.7488,4.5724
2013-05-25,44001,Bristol,13.2097,7.4433,82.7222,3.7698
2013-05-26,44001,Bristol,13.5756,6.3742,60.7704,6.6813
2013-05-27,44001,Bristol,20.6561,6.0719,44.9588,4.141
2013-05-28,44001,Bristol,22.6455,9.0418,49.1769,2.4203
2013-05-29,44001,Bristol,24.1024,14.1376,63.6017,4.2699
2013-05-30,44001,Bristol,30.1937,15.8215,59.8152,3.9586
2013-05-31,44001,Bristol,31.8832,18.137,56.3557,3.2803
2013-06-01,44001,Bristol,29.8331,17.1719,61.2372,4.4188
2013-06-02,44001,Bristol,27.5368,17.1743,67.7731,5.7765
2013-06-03,44001,Bristol,24.2222,17.2156,73.1007,4.9371
2013-06-04,44001,Bristol,20.8489,10.3941,67.2218,3.8731
2013-06-05,44001,Bristol,22.0142,9.3441,50.4376,1.9402
2013-06-06,44001,Bristol,21.9183,10.4392,61.7856,3.2953
2013-06-07,44001,Bristol,18.978,14.8315,72.5423,4.1353
2013-06-08,44001,Bristol,24.9229,16.4381,65.1808,4.7464
2013-06-09,44001,Bristol,26.0078,15.613,62.8966,2.8106
2013-06-10,44001,Bristol,24.7674,15.1226,63.9573,2.2761
2013-06-11,44001,Bristol,26.0522,16.7444,68.2131,4.6248
2013-06-12,44001,Bristol,21.9675,15.3401,69.6158,5.9643
2013-06-13,44001,Bristol,20.9652,13.0417,67.141,3.0446
2013-06-14,44001,Bristol,20.7524,12.9592,61.9004,6.3115
2013-06-15,44001,Bristol,24.7578,13.6325,55.9454,3.0026
2013-06-16,44001,Bristol,25.794,12.8348,60.6966,3.557
2013-06-17,44001,Bristol,28.5025,16.8151,63.9596,3.7133
2013-06-18,44001,Bristol,26.7336,17.3427,68.7321,2.4156
2013-06-19,44001,Bristol,23.8636,16.0755,62.1362,3.4327
2013-06-20,44001,Bristol,24.4738,14.8606,56.1589,2.3035
2013-06-21,44001,Bristol,26.3008,15.3296,58.5473,3.5328
2013-06-22,44001,Bristol,26.8698,15.1911,61.9708,3.882
2013-06-23,44001,Bristol,28.3241,16.5122,66.1283,3.8893
2013-06-24,44001,Bristol,32.9839,19.8969,61.9932,4.4004
2013-06-25,44001,Bristol,32.4797,22.1314,61.5392,3.8829
2013-06-26,44001,Bristol,31.0388,21.5969,63.5426,4.1012
2013-06-27,44001,Bristol,27.6032,19.0536,75.355,2.2434
2013-06-28,44001,Bristol,27.1458,19.2008,70.7145,5.373
2013-06-29,44001,Bristol,27.6916,20.3462,71.9966,5.4184
2013-06-30,44001,Bristol,28.1932,20.1769,73.9005,4.4925
2013-07-01,44001,Bristol,27.3804,20.9351,74.2887,4.0776
2013-07-02,44001,Bristol,27.3243,20.9429,78.7977,4.3492
2013-07-03,44001,Bristol,30.0229,21.0274,72.187,4.6624
2013-07-04,44001,Bristol,31.37,22.2769,72.3577,4.7035
2013-07-05,44001,Bristol,32.6048,22.45,70.5458,4.4207
2013-07-06,44001,Bristol,32.9971,22.841,68.7204,4.0556
2013-07-07,44001,Bristol,32.7852,23.1277,67.615,2.875
2013-07-08,44001,Bristol,31.6229,23.3205,70.4613,3.6899
2013-07-09,44001,Bristol,28.6334,21.7283,75.3627,2.0204
2013-07-10,44001,Bristol,28.5944,21.4046,78.1721,3.6111
2013-07-11,44001,Bristol,28.5066,23.1462,77.8653,4.2223
2013-07-12,44001,Bristol,25.1221,20.4396,80.9112,3.8003
2013-07-13,44001,Bristol,26.3114,20.3227,75.7426,2.6479
2013-07-14,44001,Bristol,30.4991,22.0305,73.557,2.0702
2013-07-15,44001,Bristol,33.6,23.1366,65.059,2.2821
2013-07-16,44001,Bristol,33.3544,22.7884,62.5736,2.038
2013-07-17,44001,Bristol,31.7961,22.6463,64.7791,1.4943
2013-07-18,44001,Bristol,34.1248,23.0366,64.394,2.8382
2013-07-19,44001,Bristol,34.231,23.5913,68.6276,4.2604
2013-07-20,44001,Bristol,33.4157,23.7542,70.0871,5.2448
2013-07-21,44001,Bristol,28.6913,20.5002,73.7994,2.1817
2013-07-22,44001,Bristol,30.6643,19.9908,64.507,2.2191
2013-07-23,44001,Bristol,28.529,20.8567,75.6244,3.2861
2013-07-24,44001,Bristol,29.0946,22.3315,75.1078,2.6588
2013-07-25,44001,Bristol,21.7543,18.6722,83.518,4.5823
2013-07-26,44001,Bristol,22.4114,18.2176,78.3558,5.2914
2013-07-27,44001,Bristol,28.4546,17.1807,65.6521,3.3012
2013-07-28,44001,Bristol,29.9419,18.9079,66.3401,1.9771
2013-07-29,44001,Bristol,28.9045,20.5754,71.6088,2.9763
2013-07-30,44001,Bristol,28.668,16.9437,66.2357,2.893
2013-07-31,44001,Bristol,28.5626,15.5266,55.0558,2.0225
2013-08-01,44001,Bristol,28.3487,16.553,63.7394,3.193
2013-08-02,44001,Bristol,29.2698,19.0716,65.2916,3.0394
2013-08-03,44001,Bristol,28.4864,16.6803,65.4599,4.5577
2013-08-04,44001,Bristol,27.6803,13.229,58.2056,3.084
2013-08-05,44001,Bristol,26.1579,11.6432,47.4963,3.5853
2013-08-06,44001,Bristol,27.3244,10.3351,43.2597,2.0895
2013-08-07,44001,Bristol,28.7314,14.3289,50.221,2.3012
2013-08-08,44001,Bristol,28.1378,18.0816,67.937,3.3884
2013-08-09,44001,Bristol,28.1088,20.931,73.3494,4.8133
2013-08-10,44001,Bristol,30.3897,15.1182,63.9911,3.9357
2013-08-11,44001,Bristol,27.026,13.3257,49.7668,2.6456
2013-08-12,44001,Bristol,29.6704,16.2496,54.1912,3.0223
2013-08-13,44001,Bristol,27.6437,18.631,69.2216,2.808
2013-08-14,44001,Bristol,27.4622,11.9361,65.3585,3.8052
2013-08-15,44001,Bristol,26.8746,10.9247,45.4262,3.4655
2013-08-16,44001,Bristol,28.7671,12.3635,44.6554,2.9541
2013-08-17,44001,Bristol,29.547,14.5589,44.9677,1.8889
2013-08-18,44001,Bristol,28.742,15.3866,48.4285,1.6646
2013-08-19,44001,Bristol,31.0612,14.3963,47.6312,3.2527
2013-08-20,44001,Bristol,34.0121,17.1508,45.6079,3.2433
2013-08-21,44001,Bristol,33.7139,16.9165,47.537,2.8914
2013-08-22,44001,Bristol,30.9611,18.2161,61.4321,4.4396
2013-08-23,44001,Bristol,29.5862,14.1621,60.8441,4.1261
2013-08-24,44001,Bristol,27.9489,12.4682,43.3714,3.5411
2013-08-25,44001,Bristol,29.4403,11.7237,38.7812,1.7425
2013-08-26,44001,Bristol,30.5709,16.0057,53.6722,4.8808
2013-08-27,44001,Bristol,27.6913,18.3633,74.4244,3.3328
2013-08-28,44001,Bristol,29.9068,17.9616,64.4647,1.5264
2013-08-29,44001,Bristol,25.9188,17.764,72.0141,3.5541
2013-08-30,44001,Bristol,29.531,17.1661,60.3695,3.3383
2013-08-31,44001,Bristol,27.7439,19.5793,74.6805,4.7536
2013-09-01,44001,Bristol,26.2173,20.2979,79.4588,3.6372
2013-09-02,44001,Bristol,25.3176,20.4304,81.3104,2.6351
2013-09-03,44001,Bristol,27.6915,19.8717,79.2116,2.4682
2013-09-04,44001,Bristol,26.1977,16.176,69.2007,3.75
2013-09-05,44001,Bristol,25.6755,11.3317,66.7217,3.225
2013-09-06,44001,Bristol,20.6599,9.351,57.196,2.9136
2013-09-07,44001,Bristol,25.3962,9.9172,51.9625,3.8622
2013-09-08,44001,Bristol,26.5207,8.3205,69.3127,4.1097
2013-09-09,44001,Bristol,21.6535,6.7905,51.3256,3.1861
2013-09-10,44001,Bristol,26.726,12.7158,65.9497,4.5099
2013-09-11,44001,Bristol,33.9828,19.6763,61.518,4.0598
2013-09-12,44001,Bristol,30.8721,20.2119,68.47,4.4794
2013-09-13,44001,Bristol,25.938,15.5593,82.7955,3.2286
2013-09-14,44001,Bristol,23.6026,13.2109,64.4821,2.919
2013-09-15,44001,Bristol,22.6442,10.9906,57.1809,3.1236
2013-09-16,44001,Bristol,22.5988,9.1053,64.1102,2.9063
2013-09-17,44001,Bristol,17.6449,6.3476,58.8273,4.9431
2013-09-18,44001,Bristol,22.8725,6.7522,42.0796,1.9821
2013-09-19,44001,Bristol,26.9967,8.419,43.7736,2.9569
2013-09-20,44001,Bristol,27.5233,9.951,47.5985,2.3411
2013-09-21,44001,Bristol,26.599,10.9929,61.8139,3.3076
2013-09-22,44001,Bristol,23.9947,13.2009,83.3662,4.2969
2013-09-23,44001,Bristol,19.5582,8.7623,55.7124,4.3937
2013-09-24,44001,Bristol,19.9595,5.3183,51.227,3.9303
2013-09-25,44001,Bristol,20.791,7.7559,53.5324,2.5921
2013-09-26,44001,Bristol,20.252,13.0911,56.3691,2.9501
2013-09-27,44001,Bristol,20.5907,12.2521,61.9811,3.0815
2013-09-28,44001,Bristol,23.1122,10.1524,56.9565,3.2534
2013-09-29,44001,Bristol,22.0054,8.4124,59.2939,2.4731
2013-09-30,44001,Bristol,24.5641,7.7257,55.714,2.5972
2013-10-01,44001,Bristol,26.4598,9.7342,49.1468,2.2695
2013-10-02,44001,Bristol,30.6794,10.8507,38.6296,3.3188
2013-10-03,44001,Bristol,28.7087,11.4728,39.6397,2.5617
2013-10-04,44001,Bristol,25.0124,10.1629,48.3493,1.6455
2013-10-05,44001,Bristol,23.5471,14.8954,59.1766,1.272
2013-10-06,44001,Bristol,18.8416,15.2593,67.224,2.9949
2013-10-07,44001,Bristol,26.0701,15.7546,66.3159,4.3147
2013-10-08,44001,Bristol,21.504,6.1259,64.7791,4.5226
2013-10-09,44001,Bristol,20.1257,5.9646,47.2065,4.7566
2013-10-10,44001,Bristol,20.5878,7.3138,59.6298,4.6998
2013-10-11,44001,Bristol,24.5953,9.083,57.8226,4.7992
2013-10-12,44001,Bristol,23.2274,8.9984,54.0596,5.753
2013-10-13,44001,Bristol,19.3713,5.1319,61.1417,4.8491
2013-10-14,44001,Bristol,20.2294,4.9863,47.8325,2.4003
2013-10-15,44001,Bristol,22.6188,7.6561,47.089,2.061
2013-10-16,44001,Bristol,22.4067,8.3182,62.4455,2.5579
2013-10-17,44001,Bristol,25.4588,13.6855,57.4441,2.1389
2013-10-18,44001,Bristol,23.2041,6.699,63.7815,4.1328
2013-10-19,44001,Bristol,20.798,5.5849,45.4744,2.9357
2013-10-20,44001,Bristol,18.5574,3.606,60.4267,4.2239
2013-10-21,44001,Bristol,19.4606,2.9735,37.661,3.0933
2013-10-22,44001,Bristol,23.0887,5.7105,48.3744,3.5385
2013-10-23,44001,Bristol,13.8364,2.8126,60.7134,2.8539
2013-10-24,44001,Bristol,13.8793,2.7535,49.1601,4.8621
2013-10-25,44001,Bristol,13.003,1.6347,39.5602,4.7393
2013-10-26,44001,Bristol,15.3742,-0.2334,41.4559,4.927
2013-10-27,44001,Bristol,15.8589,1.1254,51.6843,4.5017
2013-10-28,44001,Bristol,15.8403,0.0078,38.9581,4.3916
2013-10-29,44001,Bristol,12.7448,-0.3405,43.3169,3.3645
2013-10-30,44001,Bristol,13.9902,1.8617,47.1031,1.7951
2013-10-31,44001,Bristol,19.2341,4.6138,61.1113,3.0173
2013-11-01,44001,Bristol,22.6828,10.5998,77.3553,7.7884
2013-11-02,44001,Bristol,21.5438,9.7186,54.1886,2.7486
2013-11-03,44001,Bristol,12.0779,1.9371,74.2666,4.3135
2013-11-04,44001,Bristol,8.1711,1.1983,42.463,5.4004
2013-11-05,44001,Bristol,11.6804,1.2839,49.8709,2.7678
2013-11-06,44001,Bristol,17.2866,4.6726,53.832,2.0077
2013-11-07,44001,Bristol,19.9277,6.0075,76.3175,4.8118
2013-11-08,44001,Bristol,10.5789,2.2874,62.1769,5.7095
2013-11-09,44001,Bristol,9.1241,-0.8414,42.8537,5.374
2013-11-10,44001,Bristol,15.0676,5.218,49.6668,4.1437
2013-11-11,44001,Bristol,10.8708,2.1223,50.2461,6.4556
2013-11-12,44001,Bristol,9.7579,-4.2666,69.4222,5.8379
2013-11-13,44001,Bristol,3.4797,-5.541,43.7584,5.9614
2013-11-14,44001,Bristol,11.3694,-3.0432,39.0967,5.9322
2013-11-15,44001,Bristol,16.5649,0.8511,42.4835,4.7034
2013-11-16,44001,Bristol,15.2125,4.2747,53.0773,2.8538
2013-11-17,44001,Bristol,15.9649,4.4308,66.6894,2.2772
2013-11-18,44001,Bristol,19.9721,6.5123,70.9331,4.8049
2013-11-19,44001,Bristol,7.8115,-2.8544,66.5252,6.1222
2013-11-20,44001,Bristol,6.1988,-4.1972,43.3682,5.8805
2013-11-21,44001,Bristol,9.0804,-5.1483,47.6876,2.2589
2013-11-22,44001,Bristol,11.8491,4.3713,68.9373,2.2739
2013-11-23,44001,Bristol,9.6227,-2.1195,76.034,4.9949
2013-11-24,44001,Bristol,-0.9854,-8.1353,47.2465,8.7174
2013-11-25,44001,Bristol,0.8144,-10.2588,34.8727,6.8337
2013-11-26,44001,Bristol,8.7151,-1.6614,50.7535,3.9977
2013-11-27,44001,Bristol,16.0776,3.4439,86.8289,7.0148
2013-11-28,44001,Bristol,4.5284,-3.078,73.967,7.1745
2013-11-29,44001,Bristol,1.0504,-3.7802,40.1809,4.4708
2013-11-30,44001,Bristol,3.4707,-6.472,50.6672,3.6098
2013-12-01,44001,Bristol,9.7316,1.2629,70.6366,3.0507
2013-12-02,44001,Bristol,9.328,-0.3706,73.659,1.7123
2013-12-03,44001,Bristol,10.0,-0.7064,64.2276,3.1236
2013-12-04,44001,Bristol,9.3981,-1.1714,57.9511,2.6713
2013-12-05,44001,Bristol,13.6711,3.109,64.7103,2.5106
2013-12-06,44001,Bristol,14.8097,3.311,84.5638,3.364
2013-12-07,44001,Bristol,6.7183,-1.6721,72.2999,4.3157
2013-12-08,44001,Bristol,3.3125,-3.3045,46.916,3.5876
2013-12-09,44001,Bristol,6.082,-0.514,65.4627,4.556
2013-12-10,44001,Bristol,6.6812,-3.2105,70.1975,3.6451
2013-12-11,44001,Bristol,2.0276,-3.1376,52.1367,6.1472
2013-12-12,44001,Bristol,0.3099,-5.684,52.6722,4.8491
2013-12-13,44001,Bristol,2.0007,-6.3613,45.068,6.3309
2013-12-14,44001,Bristol,3.2954,-7.6271,38.5111,5.1916
2013-12-15,44001,Bristol,5.277,-3.1189,76.1132,6.5323
2013-12-16,44001,Bristol,0.9392,-5.3822,61.9801,6.035
2013-12-17,44001,Bristol,2.4452,-6.7996,51.2627,3.9542
2013-12-18,44001,Bristol,1.3969,-4.1658,71.5074,4.9979
2013-12-19,44001,Bristol,5.5195,-2.4501,58.2648,5.5338
2013-12-20,44001,Bristol,7.5907,-0.2253,64.1485,2.9019
2013-12-21,44001,Bristol,14.298,2.8056,64.4928,4.4373
2013-12-22,44001,Bristol,17.1926,8.0755,68.5236,5.0613
2013-12-23,44001,Bristol,11.548,3.751,88.8817,1.8849
2013-12-24,44001,Bristol,5.8343,-2.8946,71.139,4.7689
2013-12-25,44001,Bristol,-0.6655,-6.3976,43.5705,5.0018
2013-12-26,44001,Bristol,4.7839,-3.0886,63.8221,2.5882
2013-12-27,44001,Bristol,3.4813,-3.2845,58.0658,4.7832
2013-12-28,44001,Bristol,7.185,-2.1334,59.7361,4.8117
2013-12-29,44001,Bristol,9.2731,-0.2941,68.507,3.1959
2013-12-30,44001,Bristol,8.3755,-6.0216,79.8431,5.2995
2013-12-31,44001,Bristol,8.3755,-6.0216,28.894,4.2023
2014-01-01,44001,Bristol,-1.7125,-6.8808,41.9817,5.4103
2014-01-02,44001,Bristol,-3.3043,-14.3707,90.0846,5.6149
2014-01-03,44001,Bristol,-9.7571,-20.0988,100.0,9.7598
2014-01-04,44001,Bristol,-1.5765,-18.5771,53.2022,4.6199
2014-01-05,44001,Bristol,11.7438,-8.5525,47.3969,3.176
2014-01-06,44001,Bristol,14.2829,-10.1697,59.8909,5.4275
2014-01-07,44001,Bristol,-9.2496,-13.0583,74.7843,8.3592
2014-01-08,44001,Bristol,-5.2559,-12.8333,36.7047,5.6646
2014-01-09,44001,Bristol,-1.0459,-10.0988,40.5289,4.5603
2014-01-10,44001,Bristol,6.7142,-4.7835,47.0042,1.7972
2014-01-11,44001,Bristol,14.8446,6.3977,48.4511,4.6766
2014-01-12,44001,Bristol,7.8972,-1.0655,80.8793,6.3286
2014-01-13,44001,Bristol,10.3899,0.2104,48.6962,4.1313
2014-01-14,44001,Bristol,9.4896,0.2777,81.3278,3.7345
2014-01-15,44001,Bristol,8.4853,0.2545,76.6119,2.4598
2014-01-16,44001,Bristol,4.6357,1.7885,71.6509,2.1898
2014-01-17,44001,Bristol,6.9136,-0.1444,63.0732,2.2663
2014-01-18,44001,Bristol,2.6522,0.1436,82.3912,1.9868
2014-01-19,44001,Bristol,1.9797,-0.6628,65.7905,6.262
2014-01-20,44001,Bristol,6.4754,-6.4182,62.0998,6.1589
2014-01-21,44001,Bristol,-7.1335,-11.5852,81.478,5.0915
2014-01-22,44001,Bristol,-8.357,-15.9445,85.0239,8.2039
2014-01-23,44001,Bristol,-6.3109,-15.3215,55.6327,5.06
2014-01-24,44001,Bristol,-2.7301,-13.7662,35.9498,6.0383
2014-01-25,44001,Bristol,3.4151,-7.6706,59.6329,7.0458
2014-01-26,44001,Bristol,4.4376,-8.1327,39.3081,7.1304
2014-01-27,44001,Bristol,8.7673,-9.8325,59.9841,5.0379
2014-01-28,44001,Bristol,-6.8004,-9.6223,37.8028,4.7614
2014-01-29,44001,Bristol,-3.9156,-12.5891,49.9325,3.1797
2014-01-30,44001,Bristol,-0.8734,-11.0411,44.688,3.8618
2014-01-31,44001,Bristol,6.018,-1.023,44.1717,3.8628
2014-02-01,44001,Bristol,7.0119,-0.006,50.2879,1.8321
2014-02-02,44001,Bristol,11.919,2.2185,49.448,2.8362
2014-02-03,44001,Bristol,2.1156,-7.3509,90.2607,3.4964
2014-02-04,44001,Bristol,1.9754,-6.0192,64.7665,2.6374
2014-02-05,44001,Bristol,1.2811,-6.5195,80.3498,3.5619
2014-02-06,44001,Bristol,-1.1901,-11.3621,79.8382,3.7671
2014-02-07,44001,Bristol,-0.0736,-10.8815,63.7325,4.3282
2014-02-08,44001,Bristol,-0.6462,-8.474,53.5154,3.7363
2014-02-09,44001,Bristol,0.0082,-6.9183,48.2868,2.0486
2014-02-10,44001,Bristol,-1.248,-12.6839,81.8855,4.3687
2014-02-11,44001,Bristol,-3.3098,-15.5013,49.0457,4.2688
2014-02-12,44001,Bristol,-1.9367,-14.0191,43.2513,4.0899
2014-02-13,44001,Bristol,3.3308,-1.6743,64.4659,6.4839
2014-02-14,44001,Bristol,3.3673,-3.4949,74.2999,7.2938
2014-02-15,44001,Bristol,2.2125,-4.9525,72.9397,4.7538
2014-02-16,44001,Bristol,0.0893,-9.3819,76.0843,8.1658
2014-02-17,44001,Bristol,-0.795,-13.176,53.5331,6.149
2014-02-18,44001,Bristol,2.4715,-8.1977,65.4129,3.4795
2014-02-19,44001,Bristol,4.2489,-5.798,75.4284,4.0086
2014-02-20,44001,Bristol,9.6118,1.5633,51.5821,3.5985
2014-02-21,44001,Bristol,11.0894,0.416,59.5318,3.1457
2014-02-22,44001,Bristol,10.7192,0.8123,56.959,4.4926
2014-02-23,44001,Bristol,11.4643,1.2499,53.9965,4.1586
2014-02-24,44001,Bristol,2.8013,-6.4605,77.6932,3.707
2014-02-25,44001,Bristol,-1.0095,-8.8471,34.4603,6.1916
2014-02-26,44001,Bristol,-0.2637,-13.0786,42.5086,4.1328
2014-02-27,44001,Bristol,-1.2816,-12.3502,44.7724,3.7209
2014-02-28,44001,Bristol,-3.4372,-14.089,38.1996,6.0368
2014-03-01,44001,Bristol,2.656,-9.3971,45.504,2.2025
2014-03-02,44001,Bristol,3.2031,-6.3193,74.0762,3.0486
2014-03-03,44001,Bristol,-4.2129,-14.0698,75.4704,4.6114
2014-03-04,44001,Bristol,-0.4594,-10.5201,46.4874,3.4483
2014-03-05,44001,Bristol,0.6948,-10.7608,63.6115,2.6026
2014-03-06,44001,Bristol,-0.8867,-12.0279,56.2699,5.8898
2014-03-07,44001,Bristol,4.0824,-8.3837,57.491,3.0939
2014-03-08,44001,Bristol,13.9947,-0.8501,41.9564,3.1657
2014-03-09,44001,Bristol,6.3458,-1.2935,51.239,3.6591
2014-03-10,44001,Bristol,7.0964,-0.4995,49.9569,2.4119
2014-03-11,44001,Bristol,15.9395,2.7526,41.8087,2.8936
2014-03-12,44001,Bristol,13.4608,-5.0268,66.3256,3.341
2014-03-13,44001,Bristol,-3.8963,-10.7531,100.0,6.5721
2014-03-14,44001,Bristol,6.2754,-7.5579,35.6332,5.8903
2014-03-15,44001,Bristol,14.4225,-1.6884,50.9985,5.4919
2014-03-16,44001,Bristol,2.4704,-7.3832,61.5292,4.9792
2014-03-17,44001,Bristol,-0.1786,-9.3167,30.9157,5.2926
2014-03-18,44001,Bristol,5.0871,-6.5827,41.5196,3.704
2014-03-19,44001,Bristol,8.2853,-1.4334,49.2181,3.942
2014-03-20,44001,Bristol,12.3971,1.9199,60.9402,5.2152
2014-03-21,44001,Bristol,7.7611,-3.897,57.9681,5.8716
2014-03-22,44001,Bristol,15.2825,-1.6973,41.1752,4.45
2014-03-23,44001,Bristol,7.2056,-8.2521,57.3143,3.5343
2014-03-24,44001,Bristol,2.116,-9.0341,33.373,5.4233
2014-03-25,44001,Bristol,3.6001,-4.069,32.9895,2.2661
2014-03-26,44001,Bristol,2.5976,-5.9487,61.0419,7.9723
2014-03-27,44001,Bristol,7.5987,-4.038,28.9461,6.5727
2014-03-28,44001,Bristol,13.684,2.8402,52.3949,5.8345
2014-03-29,44001,Bristol,12.8751,4.5432,70.9903,3.6682
2014-03-30,44001,Bristol,10.5947,1.6903,91.104,4.5974
2014-03-31,44001,Bristol,4.7323,1.1269,71.3979,6.4443
2014-04-01,44001,Bristol,11.5092,-1.2368,49.7498,4.8848
2014-04-02,44001,Bristol,13.1068,-0.1822,52.8099,1.6353
2014-04-03,44001,Bristol,15.3012,1.2492,43.3831,2.0721
2014-04-04,44001,Bristol,10.6766,2.9915,50.0118,3.7433
2014-04-05,44001,Bristol,12.3782,-0.6937,70.6054,4.611
2014-04-06,44001,Bristol,14.8049,0.5977,37.5133,4.3096
2014-04-07,44001,Bristol,14.2853,5.1774,44.1066,2.8796
2014-04-08,44001,Bristol,16.0663,4.2088,78.1929,5.8202
2014-04-09,44001,Bristol,16.4017,-1.792,57.5271,4.2748
2014-04-10,44001,Bristol,13.6853,4.9373,35.9928,3.8627
2014-04-11,44001,Bristol,20.6679,8.2892,46.581,4.5148
2014-04-12,44001,Bristol,21.3543,5.3173,48.0109,2.643
2014-04-13,44001,Bristol,18.38,9.5228,52.0396,3.6195
2014-04-14,44001,Bristol,21.6867,12.7198,55.1027,6.3817
2014-04-15,44001,Bristol,19.4279,0.1649,79.0457,7.4769
2014-04-16,44001,Bristol,8.3013,-1.0036,67.7869,6.8256
2014-04-17,44001,Bristol,6.9465,-1.7241,50.6283,5.4887
2014-04-18,44001,Bristol,9.2204,1.4155,58.6851,3.406
2014-04-19,44001,Bristol,18.2999,1.2347,43.7452,2.8482
2014-04-20,44001,Bristol,13.2521,-0.6043,49.9266,3.0185
2014-04-21,44001,Bristol,17.7214,4.3858,36.1781,1.8519
2014-04-22,44001,Bristol,20.4867,8.0655,48.6817,2.9371
2014-04-23,44001,Bristol,12.8379,5.2337,77.9533,3.5536
2014-04-24,44001,Bristol,15.5626,4.4159,56.1089,7.9685
2014-04-25,44001,Bristol,17.0605,6.0446,36.975,3.6787
2014-04-26,44001,Bristol,8.9163,5.1118,79.979,2.8602
2014-04-27,44001,Bristol,11.0025,3.4683,73.6575,1.4585
2014-04-28,44001,Bristol,14.8475,5.3777,53.2349,3.0849
2014-04-29,44001,Bristol,8.7055,4.6076,73.8252,5.7977
2014-04-30,44001,Bristol,14.8037,4.9559,55.5404,4.9895
2014-05-01,44001,Bristol,18.6947,9.5362,72.9543,5.5226
2014-05-02,44001,Bristol,19.7815,5.1256,69.3363,3.1383
2014-05-03,44001,Bristol,20.2646,9.0407,47.9229,2.7899
2014-05-04,44001,Bristol,18.0814,9.2605,52.6829,5.145
2014-05-05,44001,Bristol,18.3283,5.2791,53.1555,4.8169
2014-05-06,44001,Bristol,18.1417,3.9179,50.4003,2.543
2014-05-07,44001,Bristol,19.7397,5.3018,41.6666,2.5735
2014-05-08,44001,Bristol,18.8581,9.8838,53.1477,2.444
2014-05-09,44001,Bristol,17.4729,12.391,60.5445,2.35
2014-05-10,44001,Bristol,26.0663,13.4872,58.0737,3.4376
2014-05-11,44001,Bristol,26.5724,10.1689,56.6715,4.1231
2014-05-12,44001,Bristol,28.2024,10.5531,42.2822,3.0223
2014-05-13,44001,Bristol,15.6998,6.3619,78.9892,3.9896
2014-05-14,44001,Bristol,20.5411,10.4819,54.7474,3.3236
2014-05-15,44001,Bristol,23.1916,15.8996,63.455,3.4163
2014-05-16,44001,Bristol,21.1576,16.5044,72.9461,5.4061
2014-05-17,44001,Bristol,24.0661,8.5728,67.9867,5.3046
2014-05-18,44001,Bristol,19.9913,9.1693,50.7606,3.2744
2014-05-19,44001,Bristol,19.3374,9.6749,45.6421,3.9102
2014-05-20,44001,Bristol,23.1164,6.8532,48.1683,3.2165
2014-05-21,44001,Bristol,22.7188,10.2363,53.2359,1.4481
2014-05-22,44001,Bristol,18.227,10.9724,70.8209,2.4052
2014-05-23,44001,Bristol,18.326,10.7973,71.7258,1.9691
2014-05-24,44001,Bristol,18.8125,8.5901,70.3584,3.4283
2014-05-25,44001,Bristol,20.8067,10.0776,65.447,1.2094
2014-05-26,44001,Bristol,25.3352,13.8586,55.6908,3.4556
2014-05-27,44001,Bristol,26.028,9.4641,68.5923,2.7567
2014-05-28,44001,Bristol,11.4293,3.6294,100.0,4.7239
2014-05-29,44001,Bristol,18.5887,4.5718,60.3897,4.0563
2014-05-30,44001,Bristol,20.3412,9.4163,50.8434,1.3276
2014-05-31,44001,Bristol,18.5846,6.1147,71.2498,3.4767
2014-06-01,44001,Bristol,24.5638,8.9427,47.99,2.3291
2014-06-02,44001,Bristol,27.4151,10.8304,47.6811,2.5702
2014-06-03,44001,Bristol,26.2102,12.5391,56.956,2.8133
2014-06-04,44001,Bristol,20.4299,13.6496,70.5125,2.6096
2014-06-05,44001,Bristol,17.6998,11.7357,89.648,2.7262
2014-06-06,44001,Bristol,24.66,12.2778,59.853,3.0006
2014-06-07,44001,Bristol,28.1657,13.8001,52.3361,2.4632
2014-06-08,44001,Bristol,29.6659,14.4683,54.8383,2.0417
2014-06-09,44001,Bristol,25.364,16.5055,63.3756,2.6026
2014-06-10,44001,Bristol,25.2382,14.3683,79.0154,2.6213
2014-06-11,44001,Bristol,23.2671,12.7691,79.8184,3.2349
2014-06-12,44001,Bristol,22.1211,15.6814,72.5328,4.0027
2014-06-13,44001,Bristol,21.8374,16.8582,80.779,3.9212
2014-06-14,44001,Bristol,25.3073,12.7894,81.943,1.873
2014-06-15,44001,Bristol,27.1588,12.6252,59.6249,3.7512
2014-06-16,44001,Bristol,26.541,15.1634,51.9238,2.2439
2014-06-17,44001,Bristol,26.6423,18.0096,62.3241,3.5387
2014-06-18,44001,Bristol,30.5256,19.6138,62.3363,4.3146
2014-06-19,44001,Bristol,28.0718,10.764,70.0656,2.3478
2014-06-20,44001,Bristol,25.4675,9.378,53.7081,2.7519
2014-06-21,44001,Bristol,24.4623,10.4761,51.4192,1.4235
2014-06-22,44001,Bristol,25.0229,10.6096,57.321,1.0247
2014-06-23,44001,Bristol,26.0169,12.0885,56.704,1.4262
2014-06-24,44001,Bristol,27.0882,16.9074,52.3582,3.1387
2014-06-25,44001,Bristol,29.303,20.8777,58.8507,4.102
2014-06-26,44001,Bristol,29.5338,13.6451,73.6141,2.7857
2014-06-27,44001,Bristol,25.9909,11.4735,73.2572,2.4525
2014-06-28,44001,Bristol,28.7365,11.9336,50.1395,1.5808
2014-06-29,44001,Bristol,29.285,15.7009,46.6564,2.5515
2014-06-30,44001,Bristol,29.8869,19.5221,50.0163,3.4406
2014-07-01,44001,Bristol,30.0277,21.6666,59.6669,4.5824
2014-07-02,44001,Bristol,31.4458,22.8906,62.8585,4.6326
2014-07-03,44001,Bristol,31.9032,19.9974,69.5421,3.5671
2014-07-04,44001,Bristol,24.6077,15.1057,99.2654,3.4169
2014-07-05,44001,Bristol,26.6561,15.3893,59.0764,6.7478
2014-07-06,44001,Bristol,29.0056,19.121,47.5355,4.6564
2014-07-07,44001,Bristol,28.6304,20.9176,60.6422,5.0663
2014-07-08,44001,Bristol,32.0063,21.5123,61.9173,4.9711
2014-07-09,44001,Bristol,29.753,20.3234,64.0597,4.6843
2014-07-10,44001,Bristol,27.906,17.4086,66.6701,1.9551
2014-07-11,44001,Bristol,27.5329,14.378,59.127,2.1726
2014-07-12,44001,Bristol,29.5555,17.8696,49.953,1.8155
2014-07-13,44001,Bristol,28.1977,21.3784,53.2957,4.356
2014-07-14,44001,Bristol,28.6384,22.5751,66.1058,4.8681
2014-07-15,44001,Bristol,26.6181,21.9759,79.0055,4.2208
2014-07-16,44001,Bristol,24.7386,18.3771,91.7102,4.1111
2014-07-17,44001,Bristol,27.4131,15.0459,75.7559,1.5197
2014-07-18,44001,Bristol,27.116,14.9658,54.7371,1.4211
2014-07-19,44001,Bristol,25.607,16.5694,59.4524,1.7994
2014-07-20,44001,Bristol,23.9483,15.927,74.9866,3.2847
2014-07-21,44001,Bristol,26.3933,16.0033,69.5556,2.5666
2014-07-22,44001,Bristol,30.8076,19.9167,55.4793,2.0078
2014-07-23,44001,Bristol,30.5515,20.8471,61.3738,4.8572
2014-07-24,44001,Bristol,25.4159,15.3424,83.5209,2.8605
2014-07-25,44001,Bristol,27.4715,16.0234,54.9977,2.2743
2014-07-26,44001,Bristol,27.8378,17.9835,49.9671,3.8298
2014-07-27,44001,Bristol,25.0495,20.6794,68.5564,4.1351
2014-07-28,44001,Bristol,28.1722,17.154,77.1269,3.6917
2014-07-29,44001,Bristol,26.1012,14.0197,66.754,3.7139
2014-07-30,44001,Bristol,26.305,13.2478,55.2051,2.3404
2014-07-31,44001,Bristol,27.4214,16.7451,52.3491,3.2575
2014-08-01,44001,Bristol,27.9793,18.9786,58.3026,3.0813
2014-08-02,44001,Bristol,21.4109,16.2291,90.3575,2.4156
2014-08-03,44001,Bristol,22.4544,17.1265,84.2848,1.2867
2014-08-04,44001,Bristol,28.5481,18.0262,65.9559,2.5993
2014-08-05,44001,Bristol,30.4862,19.1059,58.3588,2.3377
2014-08-06,44001,Bristol,28.2416,14.6547,66.161,2.0079
2014-08-07,44001,Bristol,27.3295,13.2894,53.939,2.1435
2014-08-08,44001,Bristol,28.6107,14.539,43.0416,2.7229
2014-08-09,44001,Bristol,29.0157,14.9642,47.1753,2.1939
2014-08-10,44001,Bristol,29.6416,15.535,52.0439,1.6091
2014-08-11,44001,Bristol,28.5236,15.5463,55.0593,1.917
2014-08-12,44001,Bristol,27.2115,19.2782,57.5877,2.7953
2014-08-13,44001,Bristol,22.5826,15.623,96.8904,5.5617
2014-08-14,44001,Bristol,24.5773,12.9854,73.87,3.4599
2014-08-15,44001,Bristol,23.9201,12.6844,59.9069,2.6485
2014-08-16,44001,Bristol,25.1684,16.1826,54.6873,4.1669
2014-08-17,44001,Bristol,26.8754,13.2938,67.3284,2.7227
2014-08-18,44001,Bristol,25.7847,10.3706,61.91,2.8689
2014-08-19,44001,Bristol,26.376,12.1174,53.2088,1.7017
2014-08-20,44001,Bristol,27.1277,12.8298,56.9106,1.7817
2014-08-21,44001,Bristol,26.3683,16.4708,58.0876,1.7908
2014-08-22,44001,Bristol,23.3604,16.4693,73.3041,3.2593
2014-08-23,44001,Bristol,23.6251,12.4279,75.8974,4.1161
2014-08-24,44001,Bristol,26.1971,13.8502,55.9249,3.0539
2014-08-25,44001,Bristol,31.0045,14.4564,47.2915,1.7669
2014-08-26,44001,Bristol,29.5408,15.7793,53.1267,2.2689
2014-08-27,44001,Bristol,30.548,18.6978,53.961,3.8359
2014-08-28,44001,Bristol,27.6858,12.434,63.9301,3.2053
2014-08-29,44001,Bristol,24.1227,10.5917,55.2709,3.3667
2014-08-30,44001,Bristol,24.3898,15.828,54.6781,3.2384
2014-08-31,44001,Bristol,28.221,22.0376,63.7942,4.6325
2014-09-01,44001,Bristol,30.6732,21.2019,65.6956,3.368
2014-09-02,44001,Bristol,32.1094,21.7004,60.5304,3.5845
2014-09-03,44001,Bristol,29.0217,13.8869,60.7896,3.8715
2014-09-04,44001,Bristol,30.1176,16.9015,39.0387,2.3691
2014-09-05,44001,Bristol,30.3255,21.6721,47.1885,3.3885
2014-09-06,44001,Bristol,31.012,17.8016,68.8263,4.9426
2014-09-07,44001,Bristol,25.9022,12.1094,69.9197,3.2747
2014-09-08,44001,Bristol,24.1954,13.6103,53.0996,3.3045
2014-09-09,44001,Bristol,22.3729,15.3302,65.5626,5.0536
2014-09-10,44001,Bristol,23.3719,15.1748,63.2421,3.7955
2014-09-11,44001,Bristol,25.9931,13.7546,67.098,3.3658
2014-09-12,44001,Bristol,23.2233,9.8199,76.014,3.2031
2014-09-13,44001,Bristol,21.2214,10.2552,62.8232,3.521
2014-09-14,44001,Bristol,20.6067,7.6071,66.95,2.7269
2014-09-15,44001,Bristol,20.0624,9.2199,47.657,1.564
2014-09-16,44001,Bristol,20.7954,7.5489,63.1314,1.7088
2014-09-17,44001,Bristol,22.1607,7.5623,56.5963,2.335
2014-09-18,44001,Bristol,24.1972,8.3453,47.2849,1.8848
2014-09-19,44001,Bristol,15.9589,3.8297,73.3676,3.6237
2014-09-20,44001,Bristol,21.6942,12.2797,51.4116,4.0611
2014-09-21,44001,Bristol,25.2684,16.9059,76.8473,3.2293
2014-09-22,44001,Bristol,23.3051,5.0747,85.3985,4.0676
2014-09-23,44001,Bristol,20.8102,7.9961,44.8053,3.5832
2014-09-24,44001,Bristol,21.2634,10.7468,53.2183,3.3095
2014-09-25,44001,Bristol,16.9636,12.9553,79.8158,4.6364
2014-09-26,44001,Bristol,23.8499,9.5453,61.7985,5.3453
2014-09-27,44001,Bristol,28.7616,11.5461,42.9984,2.4813
2014-09-28,44001,Bristol,29.3676,14.7713,47.2456,2.474
2014-09-29,44001,Bristol,23.7144,13.8925,65.7567,2.7767
2014-09-30,44001,Bristol,15.0873,13.6587,100.0,2.97
2014-10-01,44001,Bristol,15.6433,13.8533,89.7175,5.1559
2014-10-02,44001,Bristol,14.5156,8.2941,98.4297,6.1601
2014-10-03,44001,Bristol,15.2639,11.2911,73.3205,3.9168
2014-10-04,44001,Bristol,19.07,8.1786,79.3512,3.1936
2014-10-05,44001,Bristol,16.6049,3.5298,81.2106,4.1539
2014-10-06,44001,Bristol,19.194,9.5206,47.1583,3.2297
2014-10-07,44001,Bristol,22.9028,16.3453,59.132,4.9918
2014-10-08,44001,Bristol,22.7109,5.6349,81.082,5.407
2014-10-09,44001,Bristol,19.3709,5.2196,55.0516,4.3217
2014-10-10,44001,Bristol,17.3016,7.6489,48.4236,2.8936
2014-10-11,44001,Bristol,11.3121,2.9888,86.9528,3.2152
2014-10-12,44001,Bristol,16.6839,2.9981,57.9089,2.9801
2014-10-13,44001,Bristol,18.2673,8.325,54.0542,2.6086
2014-10-14,44001,Bristol,24.1461,17.6822,62.99,3.6404
2014-10-15,44001,Bristol,25.909,19.9991,64.0868,4.4282
2014-10-16,44001,Bristol,22.1155,14.49,88.8932,4.8439
2014-10-17,44001,Bristol,21.9551,13.2807,75.1996,4.1349
2014-10-18,44001,Bristol,21.4751,10.8801,72.8266,3.6165
2014-10-19,44001,Bristol,13.084,0.3459,85.9395,4.9179
2014-10-20,44001,Bristol,13.7657,4.5024,46.1489,4.7525
2014-10-21,44001,Bristol,17.9167,10.5648,67.1519,2.967
2014-10-22,44001,Bristol,13.7668,10.4876,83.2143,5.3357
2014-10-23,44001,Bristol,13.9037,9.883,85.7733,5.8412
2014-10-24,44001,Bristol,12.315,5.6355,89.9738,4.9092
2014-10-25,44001,Bristol,18.8063,9.0932,54.0997,4.0512
2014-10-26,44001,Bristol,14.7575,6.5766,69.475,5.2341
2014-10-27,44001,Bristol,17.4545,3.9448,55.6052,4.9833
2014-10-28,44001,Bristol,20.6884,10.3037,51.0915,2.4713
2014-10-29,44001,Bristol,22.6392,5.567,75.9277,3.578
2014-10-30,44001,Bristol,15.462,3.9016,72.2186,3.6889
2014-10-31,44001,Bristol,12.5237,6.5684,65.8274,2.9465
2014-11-01,44001,Bristol,9.2712,4.062,85.8557,8.0575
2014-11-02,44001,Bristol,5.9777,1.1942,75.9466,10.3935
2014-11-03,44001,Bristol,11.9043,2.1427,39.0816,7.1336
2014-11-04,44001,Bristol,17.9716,8.4371,40.114,2.7444
2014-11-05,44001,Bristol,19.4819,7.3029,57.223,4.4121
2014-11-06,44001,Bristol,10.7618,7.9967,77.9707,2.5816
2014-11-07,44001,Bristol,10.1661,0.4346,98.109,5.1085
2014-11-08,44001,Bristol,9.3026,1.6215,54.0281,5.0737
2014-11-09,44001,Bristol,14.0278,0.1478,62.3789,3.8803
2014-11-10,44001,Bristol,15.1864,2.2833,51.9283,1.8256
2014-11-11,44001,Bristol,16.5795,5.4271,64.9416,2.7927
2014-11-12,44001,Bristol,17.1567,0.9083,91.1527,1.5181
2014-11-13,44001,Bristol,10.881,1.1258,69.0248,2.8866
2014-11-14,44001,Bristol,6.6587,-3.0937,69.3323,3.5889
2014-11-15,44001,Bristol,4.5095,-5.1752,56.4054,4.6157
2014-11-16,44001,Bristol,5.9019,-1.7802,52.8157,2.8862
2014-11-17,44001,Bristol,15.0822,3.7429,67.1185,3.3458
2014-11-18,44001,Bristol,5.2298,-5.4331,100.0,6.8331
2014-11-19,44001,Bristol,3.5986,-4.2826,36.3685,6.7281
2014-11-20,44001,Bristol,9.2989,-3.023,57.0211,5.5152
2014-11-21,44001,Bristol,2.6177,-5.894,53.8223,6.4816
2014-11-22,44001,Bristol,7.6102,-3.5034,40.1917,6.0108
2014-11-23,44001,Bristol,14.9998,4.1182,50.9026,5.9919
2014-11-24,44001,Bristol,18.7188,13.6058,57.9856,5.2454
2014-11-25,44001,Bristol,17.5884,6.9434,67.4374,4.4007
2014-11-26,44001,Bristol,7.109,0.8563,80.8122,4.6041
2014-11-27,44001,Bristol,4.3645,-0.7133,74.1296,5.6939
2014-11-28,44001,Bristol,2.8606,-6.6675,81.5846,4.3237
2014-11-29,44001,Bristol,7.792,-5.1073,42.7454,3.3015
2014-11-30,44001,Bristol,13.8442,8.3882,49.2256,4.4978
2014-12-01,44001,Bristol,18.4708,1.9423,61.2786,4.3193
2014-12-02,44001,Bristol,6.1937,1.8608,57.6816,6.2439
2014-12-03,44001,Bristol,11.0286,0.0612,68.0179,4.2151
2014-12-04,44001,Bristol,6.8295,-3.585,65.574,4.8453
2014-12-05,44001,Bristol,8.0567,-2.1663,50.8478,4.3602
2014-12-06,44001,Bristol,8.1011,1.988,86.1279,3.4873
2014-12-07,44001,Bristol,3.0741,-5.1176,90.6203,7.7853
2014-12-08,44001,Bristol,4.3011,-4.3719,53.0548,7.4647
2014-12-09,44001,Bristol,10.6011,4.4846,67.2279,7.1729
2014-12-10,44001,Bristol,6.4188,1.3292,100.0,2.4998
2014-12-11,44001,Bristol,2.0899,-1.6053,88.1269,5.9039
2014-12-12,44001,Bristol,3.7402,-0.4374,59.4373,4.2672
2014-12-13,44001,Bristol,5.5841,-0.6614,57.6193,4.8061
2014-12-14,44001,Bristol,7.8812,-2.3154,58.7032,4.3716
2014-12-15,44001,Bristol,6.8741,-1.5542,61.6226,3.0105
2014-12-16,44001,Bristol,7.0317,2.5366,68.8118,2.1708
2014-12-17,44001,Bristol,10.1516,3.2227,74.9378,2.9725
2014-12-18,44001,Bristol,6.4402,0.6329,67.0217,6.1296
2014-12-19,44001,Bristol,2.6997,-2.7273,66.9448,4.8085
2014-12-20,44001,Bristol,2.2845,-0.8321,68.3098,3.0352
2014-12-21,44001,Bristol,2.2076,0.7834,77.317,2.7283
2014-12-22,44001,Bristol,6.8028,1.8053,69.1256,3.5119
2014-12-23,44001,Bristol,8.5489,6.4659,75.774,4.3183
2014-12-24,44001,Bristol,17.4738,7.3713,63.242,2.928
2014-12-25,44001,Bristol,14.6083,2.4501,81.4173,5.9776
2014-12-26,44001,Bristol,9.9417,-0.1758,57.199,4.5095
2014-12-27,44001,Bristol,11.7044,1.0889,52.8113,2.9345
2014-12-28,44001,Bristol,10.7755,-0.2803,71.2576,3.8448
2014-12-29,44001,Bristol,5.8664,-4.5111,77.8365,3.8876
2014-12-30,44001,Bristol,-0.8161,-9.0072,58.1342,3.959
2014-12-31,44001,Bristol,-0.6098,-7.3386,39.3063,3.7807
2015-01-01,44001,Bristol,2.5903,-3.794,34.6822,6.093
2015-01-02,44001,Bristol,5.2388,-3.7632,45.5747,6.4768
2015-01-03,44001,Bristol,5.6131,-3.5397,43.1901,3.9235
2015-01-04,44001,Bristol,12.7177,2.9998,55.5661,5.7556
2015-01-05,44001,Bristol,3.5523,-8.6014,87.1534,7.5953
2015-01-06,44001,Bristol,-6.9621,-10.8908,43.4669,3.8674
2015-01-07,44001,Bristol,-3.9478,-17.0011,64.3519,5.2618
2015-01-08,44001,Bristol,-0.7974,-16.4011,22.5377,7.271
2015-01-09,44001,Bristol,1.8917,-10.9675,61.2126,7.4654
2015-01-10,44001,Bristol,-4.2616,-11.4908,54.2959,5.4064
2015-01-11,44001,Bristol,2.8587,-8.9592,42.505,3.7826
2015-01-12,44001,Bristol,4.1455,-3.009,74.2529,3.6129
2015-01-13,44001,Bristol,-3.352,-8.6987,87.3976,5.887
2015-01-14,44001,Bristol,-2.9159,-6.7559,67.4772,4.3193
2015-01-15,44001,Bristol,-0.8625,-4.6525,91.166,3.3439
2015-01-16,44001,Bristol,3.7139,-11.5854,70.5495,5.642
2015-01-17,44001,Bristol,1.6443,-10.1262,23.9312,5.7046
2015-01-18,44001,Bristol,11.4854,0.3201,48.5728,4.9565
2015-01-19,44001,Bristol,6.0932,-0.4196,70.9316,6.0561
2015-01-20,44001,Bristol,3.4396,-6.1039,61.1282,5.547
2015-01-21,44001,Bristol,1.7396,-5.2917,41.393,3.2558
2015-01-22,44001,Bristol,3.6478,-4.5595,66.4206,3.4804
2015-01-23,44001,Bristol,3.079,-4.1362,48.8723,4.0048
2015-01-24,44001,Bristol,1.5481,-0.0851,71.6529,4.2817
2015-01-25,44001,Bristol,3.4959,-8.183,71.0154,6.1469
2015-01-26,44001,Bristol,-1.85,-8.2572,64.9145,5.7439
2015-01-27,44001,Bristol,-5.8926,-9.8164,100.0,10.8371
2015-01-28,44001,Bristol,-3.7312,-14.5175,62.9957,6.3232
2015-01-29,44001,Bristol,1.1511,-13.6541,53.6797,3.3651
2015-01-30,44001,Bristol,1.5232,-9.8426,94.6614,2.9201
2015-01-31,44001,Bristol,-4.9701,-12.4656,63.2436,9.0356
2015-02-01,44001,Bristol,0.092,-10.1016,46.3995,5.6974
2015-02-02,44001,Bristol,-0.8946,-14.0944,96.5547,4.6171
2015-02-03,44001,Bristol,-4.7921,-15.7355,64.6857,6.1673
2015-02-04,44001,Bristol,4.2639,-8.0958,47.1281,3.4759
2015-02-05,44001,Bristol,2.3105,-17.262,100.0,4.7093
2015-02-06,44001,Bristol,-5.585,-15.768,53.8976,6.1508
2015-02-07,44001,Bristol,-1.5225,-5.4484,51.618,4.3338
2015-02-08,44001,Bristol,0.4504,-8.2509,91.0784,3.1946
2015-02-09,44001,Bristol,-2.9455,-7.5563,100.0,6.1893
2015-02-10,44001,Bristol,0.1182,-6.7427,82.4524,7.4139
2015-02-11,44001,Bristol,-4.3903,-10.8722,91.2365,6.4772
2015-02-12,44001,Bristol,0.2366,-13.4259,69.6979,2.7565
2015-02-13,44001,Bristol,-8.0695,-19.7653,99.5978,6.2103
2015-02-14,44001,Bristol,-1.4654,-16.1509,55.123,3.3623
2015-02-15,44001,Bristol,-5.7823,-19.2513,100.0,6.9145
2015-02-16,44001,Bristol,-7.4046,-17.8271,44.1641,9.3833
2015-02-17,44001,Bristol,-4.9829,-12.1056,54.4248,3.9593
2015-02-18,44001,Bristol,-0.8364,-10.0446,60.2085,2.2845
2015-02-19,44001,Bristol,-3.4102,-15.9763,91.0493,4.2601
2015-02-20,44001,Bristol,-7.047,-20.5335,60.5717,8.177
2015-02-21,44001,Bristol,2.5873,-16.5326,47.2848,4.5742
2015-02-22,44001,Bristol,3.6044,-3.1741,76.9677,3.5672
2015-02-23,44001,Bristol,-2.8514,-20.2545,92.9379,3.9942
2015-02-24,44001,Bristol,-4.372,-18.0113,40.5055,4.2796
2015-02-25,44001,Bristol,1.7139,-10.1359,63.8746,3.9568
2015-02-26,44001,Bristol,-3.9957,-13.7521,72.8323,4.4808
2015-02-27,44001,Bristol,-1.9982,-14.5927,68.6339,3.7198
2015-02-28,44001,Bristol,-1.343,-15.374,48.5433,3.461
2015-03-01,44001,Bristol,-1.0986,-10.3263,56.9168,2.1232
2015-03-02,44001,Bristol,2.1548,-11.7131,87.6904,4.3243
2015-03-03,44001,Bristol,4.9657,-7.8157,40.694,4.1526
2015-03-04,44001,Bristol,6.1877,-0.394,65.2259,4.3814
2015-03-05,44001,Bristol,-0.2088,-13.7156,100.0,3.9073
2015-03-06,44001,Bristol,-3.9542,-14.124,61.7329,4.3003
2015-03-07,44001,Bristol,2.2068,-8.9295,46.9124,4.6493
2015-03-08,44001,Bristol,6.6438,-6.999,63.4617,3.1732
2015-03-09,44001,Bristol,9.0363,-4.2128,46.158,3.0522
2015-03-10,44001,Bristol,9.0259,-0.0531,41.0749,2.3083
2015-03-11,44001,Bristol,13.4975,2.4217,47.7104,3.4214
2015-03-12,44001,Bristol,4.1361,-5.7725,59.3089,5.3518
2015-03-13,44001,Bristol,4.4776,-3.0527,36.8607,2.8124
2015-03-14,44001,Bristol,6.8707,1.6087,54.095,3.2597
2015-03-15,44001,Bristol,6.9448,-2.3465,67.8475,4.7078
2015-03-16,44001,Bristol,7.5148,-0.1878,44.7565,4.7955
2015-03-17,44001,Bristol,10.9864,-4.1833,53.3305,3.4803
2015-03-18,44001,Bristol,0.5123,-7.1861,51.7575,7.956
2015-03-19,44001,Bristol,1.8641,-8.2177,43.3407,6.2219
2015-03-20,44001,Bristol,0.3362,-4.0941,50.0467,2.1919
2015-03-21,44001,Bristol,5.3079,-2.1009,64.4298,3.3323
2015-03-22,44001,Bristol,1.421,-8.7059,67.9963,6.5672
2015-03-23,44001,Bristol,0.7647,-7.0927,42.0705,5.4782
2015-03-24,44001,Bristol,4.3846,-6.3319,45.8781,2.9727
2015-03-25,44001,Bristol,8.4309,0.624,42.1734,2.1152
2015-03-26,44001,Bristol,13.2164,4.4541,48.7676,4.6294
2015-03-27,44001,Bristol,5.868,1.9397,74.0018,4.3585
2015-03-28,44001,Bristol,2.514,-4.5839,83.037,4.4263
2015-03-29,44001,Bristol,5.9268,-3.1159,51.215,3.6348
2015-03-30,44001,Bristol,7.9883,0.0384,50.3345,3.8609
2015-03-31,44001,Bristol,9.6933,-1.0598,51.0108,3.9832
2015-04-01,44001,Bristol,9.1016,-4.0568,57.183,3.814
2015-04-02,44001,Bristol,14.403,2.393,37.3359,3.6492
2015-04-03,44001,Bristol,14.3148,6.8969,57.1501,4.8202
2015-04-04,44001,Bristol,12.0805,-1.4602,74.6437,4.8859
2015-04-05,44001,Bristol,10.1799,-0.1249,47.4746,4.3073
2015-04-06,44001,Bristol,11.5561,3.298,60.2079,2.4983
2015-04-07,44001,Bristol,6.4372,1.8476,93.9509,3.2371
2015-04-08,44001,Bristol,8.1793,1.1731,62.8329,5.7292
2015-04-09,44001,Bristol,4.768,2.0147,72.4959,6.2928
2015-04-10,44001,Bristol,12.8815,4.0974,70.0375,3.7613
2015-04-11,44001,Bristol,14.675,1.0186,68.3837,4.8975
2015-04-12,44001,Bristol,18.2677,2.4347,38.1945,3.4437
2015-04-13,44001,Bristol,18.9602,9.5082,41.1521,3.7315
2015-04-14,44001,Bristol,19.5987,7.158,54.0302,3.9593
2015-04-15,44001,Bristol,20.446,1.2095,39.8789,2.959
2015-04-16,44001,Bristol,15.6564,7.0577,34.304,2.3218
2015-04-17,44001,Bristol,17.577,6.5274,61.0441,4.0723
2015-04-18,44001,Bristol,22.5263,5.3434,52.1593,2.7229
2015-04-19,44001,Bristol,14.2281,4.18,58.4815,3.6154
2015-04-20,44001,Bristol,14.0329,6.4118,60.7527,5.5958
2015-04-21,44001,Bristol,20.5083,4.3782,66.5498,5.5266
2015-04-22,44001,Bristol,19.2574,4.791,55.559,4.0624
2015-04-23,44001,Bristol,9.8458,1.9997,69.2509,5.3531
2015-04-24,44001,Bristol,10.5811,0.2482,50.4773,4.4491
2015-04-25,44001,Bristol,14.6761,2.8059,40.732,4.055
2015-04-26,44001,Bristol,13.9322,6.9981,44.7382,1.6372
2015-04-27,44001,Bristol,14.8138,5.7936,53.8363,2.7227
2015-04-28,44001,Bristol,17.8977,7.0856,47.3771,4.7011
2015-04-29,44001,Bristol,17.0589,5.4286,52.8052,3.0557
2015-04-30,44001,Bristol,15.3822,5.4903,61.6478,2.3007
2015-05-01,44001,Bristol,13.8046,2.5215,70.4406,3.0524
2015-05-02,44001,Bristol,16.2918,5.2406,56.9383,2.7253
2015-05-03,44001,Bristol,18.8,8.0453,54.1955,2.6685
2015-05-04,44001,Bristol,25.6879,13.6765,45.5977,4.0298
2015-05-05,44001,Bristol,24.9415,11.7182,53.5212,3.0404
2015-05-06,44001,Bristol,22.4689,6.3725,58.6854,1.796
2015-05-07,44001,Bristol,27.6588,10.4456,38.2246,2.5352
2015-05-08,44001,Bristol,24.5986,8.3895,54.6195,2.3749
2015-05-09,44001,Bristol,21.9507,10.359,68.3683,2.651
2015-05-10,44001,Bristol,28.9476,18.0285,52.6042,3.9585
2015-05-11,44001,Bristol,28.2025,12.9962,67.5395,4.5099
2015-05-12,44001,Bristol,28.4126,12.0046,66.3267,4.3692
2015-05-13,44001,Bristol,20.4096,5.8433,68.2594,4.3961
2015-05-14,44001,Bristol,21.117,5.8716,45.6514,2.1691
2015-05-15,44001,Bristol,21.3605,11.5489,44.5034,2.7975
2015-05-16,44001,Bristol,19.8797,12.2119,64.635,3.1312
2015-05-17,44001,Bristol,27.8098,10.7541,62.3103,1.7717
2015-05-18,44001,Bristol,20.7668,10.2899,72.8345,3.3454
2015-05-19,44001,Bristol,18.3462,11.4629,73.8751,3.4425
2015-05-20,44001,Bristol,18.794,5.8413,79.479,4.5095
2015-05-21,44001,Bristol,19.1137,10.0783,45.1211,3.7214
2015-05-22,44001,Bristol,23.3751,6.6377,52.5352,3.291
2015-05-23,44001,Bristol,17.984,8.6658,43.7849,4.534
2015-05-24,44001,Bristol,26.0746,11.3459,41.4313,4.5327
2015-05-25,44001,Bristol,25.7796,16.3993,52.1986,3.9606
2015-05-26,44001,Bristol,26.7886,16.5382,60.8051,5.2995
2015-05-27,44001,Bristol,25.3417,17.0813,67.2171,5.2531
2015-05-28,44001,Bristol,26.8378,13.594,71.5113,5.321
2015-05-29,44001,Bristol,26.6727,13.0989,67.6845,2.4882
2015-05-30,44001,Bristol,28.7263,18.4712,54.3026,3.8585
2015-05-31,44001,Bristol,25.8882,9.8457,82.5765,4.6489
2015-06-01,44001,Bristol,11.5455,8.8009,100.0,2.8059
2015-06-02,44001,Bristol,10.8795,7.8628,98.0731,3.2884
2015-06-03,44001,Bristol,16.8159,6.87,75.5918,2.8568
2015-06-04,44001,Bristol,18.6268,9.7158,62.2585,2.9591
2015-06-05,44001,Bristol,20.6601,13.6565,59.1769,2.2506
2015-06-06,44001,Bristol,22.1147,8.7214,77.859,3.014
2015-06-07,44001,Bristol,22.3544,11.1138,55.3911,2.1726
2015-06-08,44001,Bristol,23.1164,17.6808,57.5553,4.551
2015-06-09,44001,Bristol,23.2205,14.4616,82.3452,5.6158
2015-06-10,44001,Bristol,27.8075,17.2668,58.2992,3.2429
2015-06-11,44001,Bristol,29.644,18.5792,59.2507,4.4825
2015-06-12,44001,Bristol,29.0316,20.0847,56.1143,2.3861
2015-06-13,44001,Bristol,28.4294,15.9514,66.0981,3.487
2015-06-14,44001,Bristol,27.0741,13.9182,60.2048,2.1456
2015-06-15,44001,Bristol,16.391,13.4877,84.3161,4.0153
2015-06-16,44001,Bristol,24.0606,16.0318,63.9004,3.0661
2015-06-17,44001,Bristol,21.9979,9.9782,85.1921,3.6848
2015-06-18,44001,Bristol,23.089,16.4781,57.8403,2.2967
2015-06-19,44001,Bristol,29.1285,13.6784,64.9613,2.6104
2015-06-20,44001,Bristol,23.0365,17.1697,70.5615,2.3727
2015-06-21,44001,Bristol,27.4139,19.033,68.6319,4.0442
2015-06-22,44001,Bristol,29.7569,16.7351,65.9952,2.6022
2015-06-23,44001,Bristol,28.7257,17.6674,71.334,4.1172
2015-06-24,44001,Bristol,28.3242,15.4736,68.1018,3.187
2015-06-25,44001,Bristol,27.6153,17.7319,51.9589,2.3926
2015-06-26,44001,Bristol,24.0117,11.1159,72.544,3.0229
2015-06-27,44001,Bristol,22.6189,14.7298,60.2279,3.0136
2015-06-28,44001,Bristol,18.4657,12.0099,100.0,5.2732
2015-06-29,44001,Bristol,23.2609,14.1424,81.246,3.5784
2015-06-30,44001,Bristol,27.5143,18.4385,60.5085,2.64
2015-07-01,44001,Bristol,26.8501,15.9911,77.7245,4.1955
2015-07-02,44001,Bristol,26.3315,15.4784,73.2346,2.543
2015-07-03,44001,Bristol,26.4282,15.0921,64.4936,1.9721
2015-07-04,44001,Bristol,23.7702,12.8085,75.8661,1.7901
2015-07-05,44001,Bristol,28.5623,16.1567,59.4203,2.6152
2015-07-06,44001,Bristol,29.1579,17.96,69.3356,2.6492
2015-07-07,44001,Bristol,28.1876,21.8029,71.5825,3.3137
2015-07-08,44001,Bristol,30.7874,18.3,80.3878,3.7596
2015-07-09,44001,Bristol,24.9259,16.7776,89.3547,2.0308
2015-07-10,44001,Bristol,27.6211,15.7747,76.8802,1.9873
2015-07-11,44001,Bristol,30.1004,18.0964,56.1797,1.8256
2015-07-12,44001,Bristol,30.9118,19.5916,59.8847,2.9003
2015-07-13,44001,Bristol,28.8408,17.6102,73.4395,2.4822
2015-07-14,44001,Bristol,27.147,21.1443,71.2506,2.78
2015-07-15,44001,Bristol,29.3807,15.7176,80.6747,1.4661
2015-07-16,44001,Bristol,24.0098,12.4579,79.0849,3.5736
2015-07-17,44001,Bristol,26.0318,19.0532,53.2481,1.4202
2015-07-18,44001,Bristol,26.1057,20.7193,71.1153,3.8846
2015-07-19,44001,Bristol,30.8349,22.9301,71.7577,3.882
2015-07-20,44001,Bristol,33.5844,20.782,71.361,2.951
2015-07-21,44001,Bristol,31.0497,18.4762,75.8221,2.152
2015-07-22,44001,Bristol,28.712,14.9001,69.1248,3.3797
2015-07-23,44001,Bristol,28.1395,14.2247,53.9573,2.4613
2015-07-24,44001,Bristol,27.1797,14.2995,57.3587,1.5402
2015-07-25,44001,Bristol,23.8948,16.5263,66.5931,1.7226
2015-07-26,44001,Bristol,26.4661,19.6043,64.4272,3.3391
2015-07-27,44001,Bristol,27.4761,19.9396,71.6806,3.358
2015-07-28,44001,Bristol,31.5007,18.7308,66.4166,2.6076
2015-07-29,44001,Bristol,33.4201,22.1286,58.0729,2.2365
2015-07-30,44001,Bristol,30.616,20.9757,71.835,4.5064
2015-07-31,44001,Bristol,30.9141,17.0656,68.7609,3.7418
2015-08-01,44001,Bristol,31.1068,16.0514,55.493,3.4324
2015-08-02,44001,Bristol,30.1649,19.2227,50.0081,2.9918
2015-08-03,44001,Bristol,30.9893,19.164,58.4583,4.2422
2015-08-04,44001,Bristol,30.0534,16.7358,78.3345,4.6442
2015-08-05,44001,Bristol,29.2889,14.6916,69.1702,2.4996
2015-08-06,44001,Bristol,27.0832,15.3156,55.0191,3.1024
2015-08-07,44001,Bristol,26.7425,14.7789,58.7043,2.6072
2015-08-08,44001,Bristol,26.4904,15.684,58.8028,3.4086
2015-08-09,44001,Bristol,23.7001,13.13,73.1241,3.659
2015-08-10,44001,Bristol,26.9639,18.8117,55.2776,2.8087
2015-08-11,44001,Bristol,22.4627,19.9411,81.5515,4.2206
2015-08-12,44001,Bristol,28.6753,16.1999,75.1787,2.8934
2015-08-13,44001,Bristol,27.9228,14.835,67.316,2.3409
2015-08-14,44001,Bristol,28.947,18.5465,57.0384,2.1409
2015-08-15,44001,Bristol,30.9635,19.4086,59.6301,2.7886
2015-08-16,44001,Bristol,31.5714,19.8911,65.3488,2.6508
2015-08-17,44001,Bristol,32.2012,20.886,63.0154,3.0044
2015-08-18,44001,Bristol,32.2097,21.2624,63.5884,3.56
2015-08-19,44001,Bristol,29.7466,21.7001,68.5599,3.2776
2015-08-20,44001,Bristol,28.7488,23.0413,67.6028,3.5458
2015-08-21,44001,Bristol,29.2825,20.6744,73.1821,3.2745
2015-08-22,44001,Bristol,25.6349,20.0642,85.5411,1.5694
2015-08-23,44001,Bristol,25.9864,20.6176,79.9662,2.5473
2015-08-24,44001,Bristol,27.2556,20.2359,77.5763,1.7951
2015-08-25,44001,Bristol,30.0007,20.4034,67.9331,2.8879
2015-08-26,44001,Bristol,28.7912,15.5451,81.1343,3.5111
2015-08-27,44001,Bristol,27.1962,13.5273,60.9707,3.4508
2015-08-28,44001,Bristol,26.525,13.8755,57.1735,2.1659
2015-08-29,44001,Bristol,27.2557,18.0535,52.3432,2.5426
2015-08-30,44001,Bristol,30.5372,20.3572,54.7879,3.3132
2015-08-31,44001,Bristol,30.3875,18.5107,65.0568,3.7433
2015-09-01,44001,Bristol,28.694,17.2923,61.9505,2.9122
2015-09-02,44001,Bristol,30.7557,18.3483,54.6243,2.4226
2015-09-03,44001,Bristol,30.9107,20.1466,57.6053,2.2576
2015-09-04,44001,Bristol,24.3398,12.1001,84.8906,3.5465
2015-09-05,44001,Bristol,26.1166,11.8751,55.1769,3.4131
2015-09-06,44001,Bristol,27.4669,15.8661,48.2112,2.1384
2015-09-07,44001,Bristol,31.02,21.3555,45.7461,4.1387
2015-09-08,44001,Bristol,33.9887,21.7743,52.7314,3.7722
2015-09-09,44001,Bristol,31.2217,22.597,66.7093,4.4351
2015-09-10,44001,Bristol,24.523,17.455,99.0926,2.48
2015-09-11,44001,Bristol,23.261,13.7079,99.9582,2.1136
2015-09-12,44001,Bristol,24.7631,16.9201,72.5591,2.2191
2015-09-13,44001,Bristol,21.8593,13.4506,99.8894,2.9491
2015-09-14,44001,Bristol,21.123,14.2516,79.3995,5.1295
2015-09-15,44001,Bristol,28.0772,14.2178,52.8473,3.5558
2015-09-16,44001,Bristol,27.9905,14.7491,58.7378,2.2158
2015-09-17,44001,Bristol,29.7088,15.0829,57.8685,2.1386
2015-09-18,44001,Bristol,28.2614,15.3984,61.0323,2.2243
2015-09-19,44001,Bristol,26.849,18.2619,69.8599,2.3355
2015-09-20,44001,Bristol,25.2997,11.0775,84.68,3.0392
2015-09-21,44001,Bristol,20.382,12.8324,60.4036,5.438
2015-09-22,44001,Bristol,22.308,10.1163,66.8066,4.4978
2015-09-23,44001,Bristol,23.0842,9.7708,60.0716,2.7383
2015-09-24,44001,Bristol,24.6511,9.8046,55.4209,2.6178
2015-09-25,44001,Bristol,21.3117,9.0502,64.7632,3.6736
2015-09-26,44001,Bristol,19.3646,4.6842,65.3102,4.195
2015-09-27,44001,Bristol,21.687,9.8564,54.1812,3.02
2015-09-28,44001,Bristol,25.9422,15.4449,61.1589,2.4742
2015-09-29,44001,Bristol,26.8873,21.2083,68.3324,3.8885
2015-09-30,44001,Bristol,24.5881,13.3605,98.3057,6.0858
2015-10-01,44001,Bristol,14.3952,10.6676,88.4344,6.3585
2015-10-02,44001,Bristol,11.1638,9.9798,83.9986,8.4393
2015-10-03,44001,Bristol,12.2779,10.5631,73.8388,8.7631
2015-10-04,44001,Bristol,14.8494,9.4231,72.7016,7.4224
2015-10-05,44001,Bristol,16.5373,6.1952,79.3912,5.8588
2015-10-06,44001,Bristol,20.7052,7.8336,62.6347,2.9741
2015-10-07,44001,Bristol,21.5193,9.7929,55.8565,2.2441
2015-10-08,44001,Bristol,19.2168,9.4533,62.062,2.198
2015-10-09,44001,Bristol,21.0603,8.3147,76.3885,4.1055
2015-10-10,44001,Bristol,16.3136,6.0311,75.1004,4.4932
2015-10-11,44001,Bristol,19.2985,8.645,52.6488,3.762
2015-10-12,44001,Bristol,23.4086,11.3339,54.8381,3.3843
2015-10-13,44001,Bristol,22.2681,11.6503,72.5344,2.5295
2015-10-14,44001,Bristol,20.3163,4.645,79.7203,4.2809
2015-10-15,44001,Bristol,16.4717,7.3692,59.0245,3.5397
2015-10-16,44001,Bristol,17.2256,3.8854,66.5326,4.1927
2015-10-17,44001,Bristol,13.0389,0.4664,64.8637,3.7959
2015-10-18,44001,Bristol,8.0342,-2.1953,55.724,5.2268
2015-10-19,44001,Bristol,10.5001,1.779,39.3934,4.4969
2015-10-20,44001,Bristol,19.954,11.9763,43.847,6.2698
2015-10-21,44001,Bristol,20.1584,11.4179,59.5415,2.0088
2015-10-22,44001,Bristol,22.2524,8.4751,66.039,3.5473
2015-10-23,44001,Bristol,11.234,2.957,83.6105,5.427
2015-10-24,44001,Bristol,12.9707,5.1975,60.7244,3.8483
2015-10-25,44001,Bristol,17.0513,4.616,79.9812,3.774
2015-10-26,44001,Bristol,13.2406,0.0812,70.4915,4.4577
2015-10-27,44001,Bristol,13.8189,2.8849,52.8139,2.1941
2015-10-28,44001,Bristol,21.0494,8.7405,50.3569,5.5974
2015-10-29,44001,Bristol,23.0962,6.8801,82.7206,7.7871
2015-10-30,44001,Bristol,16.0232,-0.2575,65.1342,5.2013
2015-10-31,44001,Bristol,12.344,3.6212,56.5514,2.7426
2015-11-01,44001,Bristol,16.8437,7.8812,66.2143,4.2652
2015-11-02,44001,Bristol,17.2705,3.8967,66.5241,3.1594
2015-11-03,44001,Bristol,21.6629,6.3124,50.8721,2.0499
2015-11-04,44001,Bristol,18.8398,8.1512,55.4497,2.3404
2015-11-05,44001,Bristol,21.7736,14.0913,55.8522,3.5981
2015-11-06,44001,Bristol,21.3386,12.3579,78.7582,4.7139
2015-11-07,44001,Bristol,16.488,5.5421,86.411,4.3262
2015-11-08,44001,Bristol,13.4731,0.8663,57.7161,3.9309
2015-11-09,44001,Bristol,15.4746,3.9167,45.4141,2.9204
2015-11-10,44001,Bristol,13.8797,8.0104,66.3014,3.5626
2015-11-11,44001,Bristol,9.9684,8.1879,89.2113,7.2422
2015-11-12,44001,Bristol,14.6839,8.403,72.4451,3.8332
2015-11-13,44001,Bristol,15.6226,5.3895,71.82,6.8608
2015-11-14,44001,Bristol,8.581,0.5155,61.816,7.648
2015-11-15,44001,Bristol,12.9444,2.8642,46.4764,5.4331
2015-11-16,44001,Bristol,17.0681,-0.4378,57.3113,3.4185
2015-11-17,44001,Bristol,8.735,-3.6451,63.059,4.5013
2015-11-18,44001,Bristol,10.3465,-0.6052,61.1288,2.3266
2015-11-19,44001,Bristol,15.7037,8.4932,62.805,5.1274
2015-11-20,44001,Bristol,16.3239,1.525,91.3765,5.344
2015-11-21,44001,Bristol,10.4825,0.8176,60.4869,4.5853
2015-11-22,44001,Bristol,9.8484,2.3307,86.8855,2.2918
2015-11-23,44001,Bristol,6.2187,-4.8985,76.0351,6.4926
2015-11-24,44001,Bristol,6.6821,-4.8643,43.0144,4.0188
2015-11-25,44001,Bristol,8.9574,-1.936,46.3311,2.4138
2015-11-26,44001,Bristol,14.2606,5.4499,57.4291,3.807
2015-11-27,44001,Bristol,17.771,7.9796,59.4804,3.6124
2015-11-28,44001,Bristol,12.8446,1.7022,89.4528,3.2753
2015-11-29,44001,Bristol,8.2618,-1.6204,76.2101,3.1696
2015-11-30,44001,Bristol,4.6977,-2.5276,72.2055,4.4261
2015-12-01,44001,Bristol,7.7687,0.7659,74.6412,3.2179
2015-12-02,44001,Bristol,14.3698,6.7735,72.0115,2.6947
2015-12-03,44001,Bristol,10.2699,0.0697,95.142,5.3502
2015-12-04,44001,Bristol,9.9544,-0.4128,55.3825,4.9535
2015-12-05,44001,Bristol,11.8818,-1.5276,54.0036,2.6676
2015-12-06,44001,Bristol,13.6737,0.8279,52.5368,2.99
2015-12-07,44001,Bristol,13.6088,2.9069,55.019,3.7082
2015-12-08,44001,Bristol,7.1471,1.6438,76.0233,3.6556
2015-12-09,44001,Bristol,9.4503,2.0956,60.0404,2.4053
2015-12-10,44001,Bristol,16.3761,5.8174,62.7291,3.0245
2015-12-11,44001,Bristol,15.7001,7.4456,63.4688,2.4682
2015-12-12,44001,Bristol,17.0506,8.6624,50.3298,3.3146
2015-12-13,44001,Bristol,13.1922,9.125,58.8071,2.1397
2015-12-14,44001,Bristol,17.4359,9.0699,62.0281,2.9012
2015-12-15,44001,Bristol,15.62,5.768,75.1233,6.5552
2015-12-16,44001,Bristol,8.4351,2.8859,66.7125,4.5687
2015-12-17,44001,Bristol,12.8039,6.8324,69.8223,3.9817
2015-12-18,44001,Bristol,11.2952,1.1324,100.0,2.6401
2015-12-19,44001,Bristol,4.6816,-0.2931,59.4577,6.912
2015-12-20,44001,Bristol,5.9126,-1.5817,42.4109,6.4
2015-12-21,44001,Bristol,12.889,4.7326,51.2336,5.9713
2015-12-22,44001,Bristol,15.7111,7.2757,71.8898,5.3346
2015-12-23,44001,Bristol,17.4335,7.1727,67.0545,3.2975
2015-12-24,44001,Bristol,20.5714,10.4266,69.6085,5.6476
2015-12-25,44001,Bristol,18.3398,7.7772,73.4546,2.2459
2015-12-26,44001,Bristol,11.5271,6.7906,67.8189,3.8622
2015-12-27,44001,Bristol,15.1439,1.9383,77.1011,4.5863
2015-12-28,44001,Bristol,2.2845,-0.7268,77.4142,6.0217
2015-12-29,44001,Bristol,4.8935,-2.0732,80.0994,5.8235
2015-12-30,44001,Bristol,4.974,-1.3,82.6078,2.9232
2015-12-31,44001,Bristol,5.6038,-1.1537,99.2721,2.7143
2016-01-01,44001,Bristol,6.1374,0.2076,47.313,5.0572
2016-01-02,44001,Bristol,4.3919,-0.2046,60.225,5.2693
2016-01-03,44001,Bristol,7.6844,-0.8034,37.0361,5.4343
2016-01-04,44001,Bristol,0.5255,-11.4071,40.9733,6.2452
2016-01-05,44001,Bristol,-1.3872,-11.3291,80.9787,5.2135
2016-01-06,44001,Bristol,6.2808,-4.4715,52.8359,3.8991
2016-01-07,44001,Bristol,7.7723,-2.3922,61.4483,2.0451
2016-01-08,44001,Bristol,5.9256,-0.6685,81.7655,4.3571
2016-01-09,44001,Bristol,8.4857,4.1112,91.996,3.8295
2016-01-10,44001,Bristol,15.2344,2.6903,25.9274,7.3414
2016-01-11,44001,Bristol,3.1483,-5.3821,62.3437,6.3897
2016-01-12,44001,Bristol,4.6221,-4.7993,37.1373,4.082
2016-01-13,44001,Bristol,-1.2165,-5.3707,54.8768,8.1054
2016-01-14,44001,Bristol,0.613,-4.8721,91.1433,5.1918
2016-01-15,44001,Bristol,5.9814,-0.219,78.2958,2.1085
2016-01-16,44001,Bristol,6.3865,0.7492,53.2271,4.612
2016-01-17,44001,Bristol,2.1306,-1.5933,47.0573,3.8716
2016-01-18,44001,Bristol,-1.4565,-6.5725,42.0794,7.525
2016-01-19,44001,Bristol,-3.102,-6.4576,60.0685,9.5113
2016-01-20,44001,Bristol,1.6981,-5.1822,44.4586,6.2693
2016-01-21,44001,Bristol,1.2478,-6.6874,41.4436,6.0171
2016-01-22,44001,Bristol,0.3233,-6.553,77.8675,4.8419
2016-01-23,44001,Bristol,0.8363,-6.1193,62.6074,10.4619
2016-01-24,44001,Bristol,2.3354,-6.4765,65.9181,5.9995
2016-01-25,44001,Bristol,4.999,-3.7119,77.3955,2.5568
2016-01-26,44001,Bristol,10.3588,2.9037,44.6612,5.8272
2016-01-27,44001,Bristol,7.7211,-3.8259,56.2664,3.1589
2016-01-28,44001,Bristol,5.51,-2.9237,68.3672,2.0393
2016-01-29,44001,Bristol,6.0227,-1.2069,57.2254,2.7213
2016-01-30,44001,Bristol,6.1059,-1.0784,74.3825,4.3797
2016-01-31,44001,Bristol,13.0112,5.0668,55.211,4.1275
2016-02-01,44001,Bristol,16.7254,1.4402,32.8421,4.0649
2016-02-02,44001,Bristol,10.1421,1.4286,79.1619,2.9802
2016-02-03,44001,Bristol,14.1056,4.6129,70.1251,6.7069
2016-02-04,44001,Bristol,13.0322,0.9959,39.6344,3.7047
2016-02-05,44001,Bristol,1.2721,-5.6671,60.5035,7.1736
2016-02-06,44001,Bristol,2.6659,-4.8319,69.7318,2.9361
2016-02-07,44001,Bristol,6.9912,-0.5703,51.3099,3.0148
2016-02-08,44001,Bristol,0.8239,-5.9541,69.658,8.7608
2016-02-09,44001,Bristol,-0.4746,-5.6641,82.1385,2.9532
2016-02-10,44001,Bristol,2.6176,-3.2783,41.0156,2.3076
2016-02-11,44001,Bristol,-1.9411,-12.2046,58.2495,7.0322
2016-02-12,44001,Bristol,-4.1366,-11.8724,51.2814,3.7425
2016-02-13,44001,Bristol,-4.1008,-22.0863,38.7002,7.3486
2016-02-14,44001,Bristol,-10.2984,-21.8445,100.0,6.3346
2016-02-15,44001,Bristol,10.5394,-14.5499,77.1712,3.6455
2016-02-16,44001,Bristol,13.248,0.766,40.3418,7.8619
2016-02-17,44001,Bristol,7.4883,-1.9007,40.1555,3.1672
2016-02-18,44001,Bristol,2.5903,-6.4504,55.5217,4.7714
2016-02-19,44001,Bristol,7.8252,-5.4656,86.5656,3.6272
2016-02-20,44001,Bristol,11.9072,3.974,48.8398,5.7437
2016-02-21,44001,Bristol,11.9366,3.1457,39.1543,3.6126
2016-02-22,44001,Bristol,9.3369,-1.4064,50.4138,2.5404
2016-02-23,44001,Bristol,4.966,-1.0549,100.0,5.9069
2016-02-24,44001,Bristol,16.1814,4.4599,59.7385,5.2232
2016-02-25,44001,Bristol,13.6804,0.5162,24.7968,9.2081
2016-02-26,44001,Bristol,3.5333,-5.5152,40.6912,6.9508
2016-02-27,44001,Bristol,3.9524,-4.8407,82.7997,4.5553
2016-02-28,44001,Bristol,12.1834,3.1373,64.2726,5.9948
2016-02-29,44001,Bristol,15.8683,1.8495,32.4567,5.6485
2016-03-01,44001,Bristol,12.5401,2.3149,50.6093,4.4683
2016-03-02,44001,Bristol,11.7942,-4.826,17.5789,7.4497
2016-03-03,44001,Bristol,1.9971,-4.3006,62.4167,3.5044
2016-03-04,44001,Bristol,0.6165,-3.1364,46.3044,6.3722
2016-03-05,44001,Bristol,2.9264,-2.8521,48.3816,3.8747
2016-03-06,44001,Bristol,7.2127,-0.9001,64.6004,1.153
2016-03-07,44001,Bristol,9.0538,2.1869,66.769,4.806
2016-03-08,44001,Bristol,12.9759,4.1934,73.2487,1.8256
2016-03-09,44001,Bristol,18.9891,7.8294,65.0548,4.6883
2016-03-10,44001,Bristol,18.3467,8.8354,51.4508,2.7139
2016-03-11,44001,Bristol,16.4907,2.2448,46.2317,2.7452
2016-03-12,44001,Bristol,12.4556,3.8689,49.7872,3.494
2016-03-13,44001,Bristol,18.3614,5.8388,42.4528,3.6811
2016-03-14,44001,Bristol,8.5591,4.8112,84.4086,5.9752
2016-03-15,44001,Bristol,10.2458,5.9298,72.844,4.3996
2016-03-16,44001,Bristol,11.1727,6.0113,70.2951,2.5315
2016-03-17,44001,Bristol,16.9686,5.5061,37.443,3.0196
2016-03-18,44001,Bristol,11.3329,-0.6506,33.0392,5.0919
2016-03-19,44001,Bristol,8.0772,-2.5092,46.5889,3.2393
2016-03-20,44001,Bristol,4.8422,-1.5748,61.7327,5.1856
2016-03-21,44001,Bristol,8.1571,-1.5269,50.6737,4.923
2016-03-22,44001,Bristol,10.049,1.2787,75.7887,5.6776
2016-03-23,44001,Bristol,18.4421,4.7886,48.0431,3.6244
2016-03-24,44001,Bristol,10.9536,3.6328,99.9537,4.0721
2016-03-25,44001,Bristol,14.8643,3.7451,47.7862,4.1973
2016-03-26,44001,Bristol,8.3848,0.389,65.095,4.4003
2016-03-27,44001,Bristol,10.5541,1.5867,82.2716,2.2165
2016-03-28,44001,Bristol,9.907,4.5652,45.8757,4.3461
2016-03-29,44001,Bristol,11.1485,0.8561,47.9969,7.1527
2016-03-30,44001,Bristol,12.2527,2.9062,87.7182,4.3294
2016-03-31,44001,Bristol,18.7622,10.6167,72.9491,7.2516
2016-04-01,44001,Bristol,16.521,8.9818,61.2028,6.3628
2016-04-02,44001,Bristol,10.1012,0.438,40.3694,2.6411
2016-04-03,44001,Bristol,4.0801,-3.2382,65.491,7.0416
2016-04-04,44001,Bristol,0.6466,-4.3803,56.5251,4.9759
2016-04-05,44001,Bristol,4.1175,-4.372,63.8056,6.2476
2016-04-06,44001,Bristol,12.3988,-0.906,83.8766,4.2385
2016-04-07,44001,Bristol,14.1665,6.9549,45.2555,7.5206
2016-04-08,44001,Bristol,11.8717,0.8485,42.3465,5.803
2016-04-09,44001,Bristol,8.8091,-0.4113,43.593,3.4576
2016-04-10,44001,Bristol,10.2242,0.731,83.6912,4.8284
2016-04-11,44001,Bristol,15.0208,6.6333,69.7871,5.8863
2016-04-12,44001,Bristol,14.47,2.3722,44.9206,5.7557
2016-04-13,44001,Bristol,13.6661,2.7501,43.9156,3.2643
2016-04-14,44001,Bristol,12.0418,2.9054,43.4411,4.1891
2016-04-15,44001,Bristol,14.9389,4.281,43.9436,4.7879
2016-04-16,44001,Bristol,12.5456,3.9514,53.8631,6.2807
2016-04-17,44001,Bristol,19.4675,5.4816,45.3337,3.0695
2016-04-18,44001,Bristol,23.2869,7.0287,35.7621,2.382
2016-04-19,44001,Bristol,16.8053,7.2811,35.6117,3.5633
2016-04-20,44001,Bristol,16.3458,5.3016,56.5223,3.7573
2016-04-21,44001,Bristol,21.8309,8.5842,62.418,4.3715
2016-04-22,44001,Bristol,23.8631,10.8062,51.4395,2.8003
2016-04-23,44001,Bristol,18.04,5.6739,34.775,3.5154
2016-04-24,44001,Bristol,16.9108,6.6519,55.9997,2.8631
2016-04-25,44001,Bristol,16.9994,5.7549,56.0844,2.4366
2016-04-26,44001,Bristol,8.6634,2.6092,68.1851,3.3969
2016-04-27,44001,Bristol,13.7395,4.4827,48.7506,2.612
2016-04-28,44001,Bristol,14.6853,6.4867,50.7986,2.5337
2016-04-29,44001,Bristol,13.5775,5.4241,55.1843,3.3736
2016-04-30,44001,Bristol,16.9376,5.7935,53.2664,2.4891
2016-05-01,44001,Bristol,12.0555,5.1755,92.9439,2.8917
2016-05-02,44001,Bristol,14.3471,8.2622,72.093,2.9507
2016-05-03,44001,Bristol,11.5948,7.273,71.4793,2.9877
2016-05-04,44001,Bristol,11.8561,6.4119,76.4207,4.9504
2016-05-05,44001,Bristol,9.8659,6.6082,83.4799,6.1415
2016-05-06,44001,Bristol,14.93,7.4672,85.0885,4.3057
2016-05-07,44001,Bristol,13.8972,7.9176,67.9993,2.6538
2016-05-08,44001,Bristol,17.7438,7.8224,48.0303,4.2898
2016-05-09,44001,Bristol,21.1147,6.2735,40.9213,3.8368
2016-05-10,44001,Bristol,19.7012,8.7785,50.1287,2.8562
2016-05-11,44001,Bristol,22.3102,10.582,47.569,1.9425
2016-05-12,44001,Bristol,23.7795,10.9422,64.0856,1.9436
2016-05-13,44001,Bristol,21.0809,13.0831,63.9469,3.2047
2016-05-14,44001,Bristol,23.867,9.5264,36.8286,3.5478
2016-05-15,44001,Bristol,15.609,5.4793,42.8021,6.553
2016-05-16,44001,Bristol,16.6085,6.5312,59.5424,6.8498
2016-05-17,44001,Bristol,21.3285,10.4291,47.4786,4.1484
2016-05-18,44001,Bristol,19.7379,10.8777,52.7914,2.5181
2016-05-19,44001,Bristol,19.5004,9.4486,58.4114,1.4152
2016-05-20,44001,Bristol,23.8001,11.0905,49.3362,2.1307
2016-05-21,44001,Bristol,20.8036,12.5046,57.8612,3.6212
2016-05-22,44001,Bristol,20.3799,9.8932,64.8959,4.8215
2016-05-23,44001,Bristol,24.8716,11.8956,57.4435,1.9484
2016-05-24,44001,Bristol,15.8131,11.6521,92.0258,1.9867
2016-05-25,44001,Bristol,29.7696,14.2558,53.1485,3.1785
2016-05-26,44001,Bristol,28.6439,14.87,60.0678,2.1552
2016-05-27,44001,Bristol,25.7096,15.7292,77.6406,3.1521
2016-05-28,44001,Bristol,29.8173,17.4583,59.3873,3.7877
2016-05-29,44001,Bristol,24.9244,13.8261,76.6693,2.2028
2016-05-30,44001,Bristol,21.9001,14.7298,88.3243,4.4055
2016-05-31,44001,Bristol,26.9346,16.7899,54.4605,3.6901
2016-06-01,44001,Bristol,26.0748,12.4852,63.2269,3.099
2016-06-02,44001,Bristol,22.824,14.3758,70.1942,3.1037
2016-06-03,44001,Bristol,20.5571,15.308,84.9713,1.5811
2016-06-04,44001,Bristol,26.4374,16.0687,59.9109,2.4211
2016-06-05,44001,Bristol,21.0662,16.0603,86.0876,4.2771
2016-06-06,44001,Bristol,27.778,17.7831,65.6213,4.058
2016-06-07,44001,Bristol,27.6701,15.2363,44.0519,3.4332
2016-06-08,44001,Bristol,22.9834,11.5686,45.936,4.938
2016-06-09,44001,Bristol,20.779,12.7563,52.0647,6.109
2016-06-10,44001,Bristol,22.751,12.3786,63.9914,3.0666
2016-06-11,44001,Bristol,23.0708,14.1891,61.2602,3.762
2016-06-12,44001,Bristol,26.4828,12.0661,50.7657,5.1254
2016-06-13,44001,Bristol,22.3349,13.0339,57.592,4.6118
2016-06-14,44001,Bristol,26.1894,14.8205,55.7849,3.8955
2016-06-15,44001,Bristol,28.9677,17.2833,50.2613,3.0882
2016-06-16,44001,Bristol,27.4018,16.3988,46.6073,1.4702
2016-06-17,44001,Bristol,25.8983,14.6153,53.1649,2.7341
2016-06-18,44001,Bristol,27.5687,14.1684,50.6729,1.9169
2016-06-19,44001,Bristol,22.8568,15.0922,71.3916,3.671
2016-06-20,44001,Bristol,24.3496,17.0677,68.4727,4.3485
2016-06-21,44001,Bristol,29.0596,16.6035,46.8102,4.0723
2016-06-22,44001,Bristol,26.9422,15.7336,57.197,2.4765
2016-06-23,44001,Bristol,26.7721,16.2426,54.9874,1.7389
2016-06-24,44001,Bristol,27.7792,14.6343,50.3926,2.7148
2016-06-25,44001,Bristol,27.3548,14.9723,57.4945,2.0565
2016-06-26,44001,Bristol,25.1332,16.4943,63.3442,2.3326
2016-06-27,44001,Bristol,25.7242,19.2952,70.3553,3.912
2016-06-28,44001,Bristol,24.5697,19.2419,79.2115,3.2315
2016-06-29,44001,Bristol,26.2868,18.3877,67.0205,2.7658
2016-06-30,44001,Bristol,28.3872,18.8713,66.8357,2.7192
2016-07-01,44001,Bristol,26.1324,18.8846,57.6776,3.9628
2016-07-02,44001,Bristol,25.114,16.2503,57.1463,4.1123
2016-07-03,44001,Bristol,27.8563,18.0224,56.9537,3.6098
2016-07-04,44001,Bristol,29.6152,18.8345,66.8536,3.9684
2016-07-05,44001,Bristol,28.7247,20.129,68.9768,2.6479
2016-07-06,44001,Bristol,32.7333,21.263,65.3531,2.6345
2016-07-07,44001,Bristol,28.5844,17.7071,72.6061,2.1923
2016-07-08,44001,Bristol,21.5019,15.2359,83.1463,2.9753
2016-07-09,44001,Bristol,20.1946,15.5578,88.6666,2.9977
2016-07-10,44001,Bristol,23.0397,14.6874,73.9616,0.9647
2016-07-11,44001,Bristol,24.4133,16.6792,65.4113,1.4201
2016-07-12,44001,Bristol,28.6942,19.376,59.5235,3.2384
2016-07-13,44001,Bristol,27.8285,20.2681,77.7898,4.0107
2016-07-14,44001,Bristol,27.0764,20.734,84.9139,4.6001
2016-07-15,44001,Bristol,32.3441,20.9213,53.4412,3.2451
2016-07-16,44001,Bristol,31.8062,22.4905,63.9567,2.6169
2016-07-17,44001,Bristol,29.5921,21.6684,69.5252,2.6869
2016-07-18,44001,Bristol,32.2345,22.691,43.705,4.7632
2016-07-19,44001,Bristol,29.1513,16.6573,40.7648,3.545
2016-07-20,44001,Bristol,27.9065,17.9859,54.6302,2.4178
2016-07-21,44001,Bristol,30.4157,21.1227,63.9671,3.9505
2016-07-22,44001,Bristol,31.3543,20.9993,59.4349,6.1662
2016-07-23,44001,Bristol,33.6218,20.3125,45.9905,3.5594
2016-07-24,44001,Bristol,30.1016,21.2365,64.8528,2.3934
2016-07-25,44001,Bristol,32.2212,22.2224,56.012,3.3636
2016-07-26,44001,Bristol,33.32,21.546,49.429,3.1835
2016-07-27,44001,Bristol,31.3596,21.8055,56.8699,2.0908
2016-07-28,44001,Bristol,30.6225,22.981,63.6499,2.4178
2016-07-29,44001,Bristol,28.0221,20.67,62.1665,1.3507
2016-07-30,44001,Bristol,29.4797,21.6883,61.6472,1.5216
2016-07-31,44001,Bristol,27.1048,17.6504,69.4422,2.8086
2016-08-01,44001,Bristol,26.3436,18.614,65.0892,3.5091
2016-08-02,44001,Bristol,23.1006,15.9499,66.341,3.2838
2016-08-03,44001,Bristol,26.5722,16.026,55.9912,2.8711
2016-08-04,44001,Bristol,26.4368,16.9107,64.3557,2.1422
2016-08-05,44001,Bristol,27.0366,19.5892,83.3913,3.4441
2016-08-06,44001,Bristol,29.3727,19.2175,54.8305,4.7139
2016-08-07,44001,Bristol,30.152,18.7269,48.4035,2.6926
2016-08-08,44001,Bristol,28.4388,18.2968,54.0504,1.9447
2016-08-09,44001,Bristol,29.7948,20.6296,72.8469,2.3823
2016-08-10,44001,Bristol,26.0139,20.6169,95.1348,3.7068
2016-08-11,44001,Bristol,31.6413,23.3905,76.6097,4.6134
2016-08-12,44001,Bristol,32.0798,23.3704,76.2012,4.9115
2016-08-13,44001,Bristol,30.2865,20.8856,83.8952,2.5227
2016-08-14,44001,Bristol,33.6729,23.4449,67.4895,3.693
2016-08-15,44001,Bristol,31.4464,21.4862,66.0339,3.8097
2016-08-16,44001,Bristol,28.7842,23.2516,63.5673,4.83
2016-08-17,44001,Bristol,29.0507,20.1224,58.0145,4.5308
2016-08-18,44001,Bristol,29.4213,21.2811,58.4362,2.3972
2016-08-19,44001,Bristol,30.1519,20.4789,60.2196,1.7524
2016-08-20,44001,Bristol,27.7311,19.8217,72.0668,3.2797
2016-08-21,44001,Bristol,28.0093,19.8365,55.7292,3.9933
2016-08-22,44001,Bristol,26.6761,14.8353,52.0112,4.3134
2016-08-23,44001,Bristol,25.9672,17.2576,67.2182,2.9633
2016-08-24,44001,Bristol,29.0458,19.9546,63.4118,3.5843
2016-08-25,44001,Bristol,27.4597,21.9398,78.6203,4.8564
2016-08-26,44001,Bristol,30.4796,20.6709,50.4722,3.5945
2016-08-27,44001,Bristol,30.5604,19.6054,51.5603,2.3525
2016-08-28,44001,Bristol,28.6567,19.9566,52.8354,2.2065
2016-08-29,44001,Bristol,31.0872,16.8012,45.2515,3.5902
2016-08-30,44001,Bristol,26.0269,18.8135,70.5154,2.2898
2016-08-31,44001,Bristol,26.8159,20.2801,72.9716,3.5404
2016-09-01,44001,Bristol,22.9532,16.2676,63.5626,2.1398
2016-09-02,44001,Bristol,25.7976,15.7455,54.3196,2.96
2016-09-03,44001,Bristol,23.41,14.8656,60.0668,2.98
2016-09-04,44001,Bristol,23.4059,15.611,67.1192,6.0437
2016-09-05,44001,Bristol,22.0285,15.3101,96.6983,7.9516
2016-09-06,44001,Bristol,24.677,18.8809,83.917,5.5201
2016-09-07,44001,Bristol,26.4377,19.7011,76.482,2.7493
2016-09-08,44001,Bristol,27.3944,19.9938,73.5956,2.1646
2016-09-09,44001,Bristol,31.7469,21.6627,57.9238,3.2558
2016-09-10,44001,Bristol,28.2771,21.1437,57.2899,2.7392
2016-09-11,44001,Bristol,26.3536,12.4616,63.7985,4.9258
2016-09-12,44001,Bristol,24.2025,13.8441,71.458,4.2076
2016-09-13,44001,Bristol,24.7323,17.6718,68.4132,4.2793
2016-09-14,44001,Bristol,29.0362,12.9533,38.5431,4.4544
2016-09-15,44001,Bristol,21.7641,11.5932,51.5449,3.555
2016-09-16,44001,Bristol,21.4517,11.8026,72.7383,2.1443
2016-09-17,44001,Bristol,23.1347,14.1407,93.6089,2.8539
2016-09-18,44001,Bristol,26.4748,20.9297,79.5669,4.9531
2016-09-19,44001,Bristol,22.5631,19.5756,85.6157,3.5271
2016-09-20,44001,Bristol,24.9547,18.6612,59.2644,1.915
2016-09-21,44001,Bristol,28.3338,15.8008,51.0188,1.6898
2016-09-22,44001,Bristol,27.5611,15.1344,59.6349,1.623
2016-09-23,44001,Bristol,26.2652,13.2657,45.0691,1.889
2016-09-24,44001,Bristol,19.6531,9.3954,41.3525,4.0234
2016-09-25,44001,Bristol,19.3034,7.7336,54.9453,4.0001
2016-09-26,44001,Bristol,19.8417,10.266,99.6404,2.6906
2016-09-27,44001,Bristol,21.4454,15.096,74.4461,3.707
2016-09-28,44001,Bristol,16.6799,13.1542,74.3688,5.2214
2016-09-29,44001,Bristol,15.6747,12.9745,82.7033,7.396
2016-09-30,44001,Bristol,16.8196,13.6958,82.5018,7.0906
2016-10-01,44001,Bristol,16.2324,12.3202,86.372,4.6065
2016-10-02,44001,Bristol,15.6034,12.9581,85.8017,2.0785
2016-10-03,44001,Bristol,22.2424,13.8866,57.3804,1.8795
2016-10-04,44001,Bristol,19.264,9.1757,62.7561,5.2276
2016-10-05,44001,Bristol,18.8958,7.9006,63.9922,3.7786
2016-10-06,44001,Bristol,20.0183,9.1183,63.8872,1.1257
2016-10-07,44001,Bristol,22.3825,9.6069,71.526,1.1662
2016-10-08,44001,Bristol,20.7803,10.8528,77.202,1.4959
2016-10-09,44001,Bristol,16.8268,7.2674,47.7241,4.859
2016-10-10,44001,Bristol,15.8895,5.0793,57.5138,6.1606
2016-10-11,44001,Bristol,17.9555,6.4927,69.2029,2.0366
2016-10-12,44001,Bristol,17.7968,9.4259,78.9381,1.7951
2016-10-13,44001,Bristol,20.7361,7.2922,42.3949,2.9879
2016-10-14,44001,Bristol,16.2261,4.1181,54.5489,4.0783
2016-10-15,44001,Bristol,15.3217,5.2446,85.9039,2.1169
2016-10-16,44001,Bristol,19.5698,11.7793,82.0922,5.0902
2016-10-17,44001,Bristol,24.1266,16.0657,69.8713,2.6746
2016-10-18,44001,Bristol,24.4183,16.6999,62.9816,3.6498
2016-10-19,44001,Bristol,26.3064,12.0916,52.9632,3.2224
2016-10-20,44001,Bristol,20.2916,13.4246,83.4782,4.4683
2016-10-21,44001,Bristol,22.6477,17.184,50.5815,3.4455
2016-10-22,44001,Bristol,18.2612,7.2712,45.2883,6.0468
2016-10-23,44001,Bristol,15.3696,8.599,53.1598,7.8286
2016-10-24,44001,Bristol,15.5817,4.8503,38.387,5.6697
2016-10-25,44001,Bristol,10.5912,2.6246,48.466,6.4422
2016-10-26,44001,Bristol,9.1869,0.4067,85.5513,5.1531
2016-10-27,44001,Bristol,12.6316,1.438,84.6291,4.4079
2016-10-28,44001,Bristol,9.9472,4.9565,88.3878,6.9908
2016-10-29,44001,Bristol,15.216,5.732,89.931,4.8586
2016-10-30,44001,Bristol,19.916,5.1042,40.8374,2.7952
2016-10-31,44001,Bristol,11.6588,0.6312,62.397,4.4678
2016-11-01,44001,Bristol,12.5149,1.9406,100.0,2.0203
2016-11-02,44001,Bristol,18.6414,10.625,72.4133,3.691
2016-11-03,44001,Bristol,19.4186,8.9519,41.3113,3.9636
2016-11-04,44001,Bristol,14.4138,1.5437,55.7637,4.1991
2016-11-05,44001,Bristol,13.2432,3.9539,59.4,3.3849
2016-11-06,44001,Bristol,10.0665,2.627,57.9881,5.9227
2016-11-07,44001,Bristol,9.3629,1.3004,67.6087,5.3499
2016-11-08,44001,Bristol,15.704,3.3865,63.5216,2.0419
2016-11-09,44001,Bristol,15.8421,4.0413,49.8521,2.6493
2016-11-10,44001,Bristol,11.8336,4.2768,55.7107,4.5742
2016-11-11,44001,Bristol,15.9426,0.8305,35.4471,6.9503
2016-11-12,44001,Bristol,8.7732,1.3544,66.7069,5.2067
2016-11-13,44001,Bristol,15.1573,5.4499,51.5863,5.0051
2016-11-14,44001,Bristol,16.8858,6.6826,67.1271,3.5288
2016-11-15,44001,Bristol,14.0643,9.0613,65.2562,3.9015
2016-11-16,44001,Bristol,12.7102,6.3996,64.5072,4.564
2016-11-17,44001,Bristol,12.9765,4.4876,64.8661,4.3785
2016-11-18,44001,Bristol,16.4806,5.0615,60.4436,4.0761
2016-11-19,44001,Bristol,13.647,4.9003,49.0119,2.696
2016-11-20,44001,Bristol,6.686,0.1691,42.5663,7.6306
2016-11-21,44001,Bristol,3.0707,-0.3779,54.764,8.2373
2016-11-22,44001,Bristol,5.419,-0.668,53.5743,7.1262
2016-11-23,44001,Bristol,7.056,-0.6538,84.8314,4.7936
2016-11-24,44001,Bristol,7.733,0.9165,99.1637,2.1991
2016-11-25,44001,Bristol,9.7469,4.8271,71.3237,2.1147
2016-11-26,44001,Bristol,9.3471,2.1144,54.5101,2.6597
2016-11-27,44001,Bristol,8.5887,0.0282,51.754,5.4771
2016-11-28,44001,Bristol,8.7171,-0.097,100.0,3.5534
2016-11-29,44001,Bristol,15.0016,5.292,77.5966,5.7169
2016-11-30,44001,Bristol,15.4718,8.5649,60.65,4.1319
2016-12-01,44001,Bristol,14.114,4.1685,45.2947,6.2795
2016-12-02,44001,Bristol,10.0995,3.9588,45.1176,6.1055
2016-12-03,44001,Bristol,8.1074,0.7174,42.6086,6.8892
2016-12-04,44001,Bristol,5.9083,-0.9066,72.1247,4.1779
2016-12-05,44001,Bristol,5.6898,0.0909,64.4831,3.1977
2016-12-06,44001,Bristol,7.6288,1.415,72.5419,4.1138
2016-12-07,44001,Bristol,6.6978,2.0932,59.2244,2.6188
2016-12-08,44001,Bristol,6.4094,-0.154,35.5554,4.7179
2016-12-09,44001,Bristol,3.1717,-5.547,34.9683,6.9057
2016-12-10,44001,Bristol,-0.4656,-7.3281,58.9924,5.689
2016-12-11,44001,Bristol,4.0355,-7.0041,100.0,2.5234
2016-12-12,44001,Bristol,8.2513,1.08,50.1001,5.7203
2016-12-13,44001,Bristol,5.8569,1.0419,54.5968,3.5707
2016-12-14,44001,Bristol,6.5344,-1.333,24.2381,4.6135
2016-12-15,44001,Bristol,-1.0375,-12.105,43.0444,9.1704
2016-12-16,44001,Bristol,-3.4298,-12.1227,100.0,6.0629
2016-12-17,44001,Bristol,11.2578,-3.5057,77.8829,4.0623
2016-12-18,44001,Bristol,13.9118,-2.4316,18.0944,7.6597
2016-12-19,44001,Bristol,-1.664,-6.6557,81.1322,5.0546
2016-12-20,44001,Bristol,2.2406,-6.656,73.9647,2.6108
2016-12-21,44001,Bristol,4.0792,-1.9725,74.4994,3.785
2016-12-22,44001,Bristol,6.2248,-0.2235,57.9871,3.3472
2016-12-23,44001,Bristol,7.3405,0.7525,76.086,3.9109
2016-12-24,44001,Bristol,7.1204,1.5618,46.5296,5.5307
2016-12-25,44001,Bristol,7.956,-4.1573,64.1262,5.2699
2016-12-26,44001,Bristol,12.6712,-4.0777,83.0165,4.9918
2016-12-27,44001,Bristol,13.5079,1.7922,34.8337,6.8744
2016-12-28,44001,Bristol,4.7993,-2.0155,84.4744,3.4819
2016-12-29,44001,Bristol,5.521,-0.858,53.9615,5.2479
2016-12-30,44001,Bristol,5.8028,-1.6561,74.3854,7.8218
2016-12-31,44001,Bristol,7.6471,-2.6181,70.4231,6.3555
2017-01-01,44001,Bristol,7.7495,-1.5728,59.8099,4.5525
2017-01-02,44001,Bristol,5.5483,-1.0357,62.4956,3.3648
2017-01-03,44001,Bristol,7.3669,4.9845,75.2656,5.309
2017-01-04,44001,Bristol,8.8845,-0.6439,78.3669,5.4611
2017-01-05,44001,Bristol,1.0426,-2.7879,48.7154,5.387
2017-01-06,44001,Bristol,0.6744,-4.9042,67.5599,3.2871
2017-01-07,44001,Bristol,-3.4389,-9.2409,80.7307,6.8915
2017-01-08,44001,Bristol,-4.5056,-11.7948,58.7303,5.72
2017-01-09,44001,Bristol,-4.6352,-11.9624,58.12,3.8386
2017-01-10,44001,Bristol,10.2984,-8.3848,53.8159,3.8268
2017-01-11,44001,Bristol,11.9626,5.4648,48.8547,5.6525
2017-01-12,44001,Bristol,13.5432,7.9445,64.8142,6.3412
2017-01-13,44001,Bristol,8.2083,-5.0886,58.7508,5.4791
2017-01-14,44001,Bristol,0.0576,-5.1511,43.8372,2.7896
2017-01-15,44001,Bristol,3.9355,-5.3764,51.6218,3.1063
2017-01-16,44001,Bristol,4.8933,-5.2394,52.8665,3.2616
2017-01-17,44001,Bristol,5.7529,1.1823,58.9418,2.8002
2017-01-18,44001,Bristol,4.8344,1.6774,78.6955,4.5992
2017-01-19,44001,Bristol,7.6714,0.6669,64.0215,2.1725
2017-01-20,44001,Bristol,6.074,1.3252,61.0541,1.5283
2017-01-21,44001,Bristol,11.4927,3.6576,62.0135,3.1231
2017-01-22,44001,Bristol,9.7748,3.1668,63.0174,4.6461
2017-01-23,44001,Bristol,5.0789,2.999,64.463,9.7947
2017-01-24,44001,Bristol,6.6999,2.6387,85.3926,5.8251
2017-01-25,44001,Bristol,7.0438,2.4771,56.016,5.6533
2017-01-26,44001,Bristol,9.5042,4.4024,65.131,5.3794
2017-01-27,44001,Bristol,6.3236,1.3071,49.7919,7.9325
2017-01-28,44001,Bristol,4.6777,0.2894,50.1411,6.8052
2017-01-29,44001,Bristol,6.2231,-3.3284,51.41,5.0045
2017-01-30,44001,Bristol,2.1541,-5.6728,44.8584,3.258
2017-01-31,44001,Bristol,-0.5337,-5.5554,61.0562,2.5546
2017-02-01,44001,Bristol,6.2762,-0.9591,56.9516,4.259
2017-02-02,44001,Bristol,4.179,-3.6987,56.6566,4.1687
2017-02-03,44001,Bristol,0.374,-5.8771,47.2084,4.2899
2017-02-04,44001,Bristol,0.7324,-5.7163,37.0314,5.9112
2017-02-05,44001,Bristol,6.1561,-0.7046,48.4517,5.8671
2017-02-06,44001,Bristol,4.1051,-0.1667,45.2405,4.4587
2017-02-07,44001,Bristol,4.8624,1.7866,78.5425,3.1014
2017-02-08,44001,Bristol,12.9766,1.7792,64.1686,4.4394
2017-02-09,44001,Bristol,4.0489,-10.4179,72.4224,8.1375
2017-02-10,44001,Bristol,-1.6296,-9.4439,50.6168,5.9482
2017-02-11,44001,Bristol,1.1212,-6.4353,83.7789,2.6427
2017-02-12,44001,Bristol,1.3898,-5.2665,87.7523,4.2343
2017-02-13,44001,Bristol,2.1229,-5.1019,65.5289,9.0282
2017-02-14,44001,Bristol,2.1789,-5.1588,58.5432,4.0265
2017-02-15,44001,Bristol,5.3236,-1.0075,65.7298,3.1819
2017-02-16,44001,Bristol,2.6162,-4.345,66.1099,6.18
2017-02-17,44001,Bristol,4.5323,-3.9374,50.8743,5.5468
2017-02-18,44001,Bristol,9.3164,-1.5286,52.0818,4.7919
2017-02-19,44001,Bristol,15.8536,3.3785,38.5724,3.5612
2017-02-20,44001,Bristol,7.7919,-2.3102,52.7945,4.5426
2017-02-21,44001,Bristol,6.835,-1.0492,53.188,2.5874
2017-02-22,44001,Bristol,11.9656,3.2613,53.8823,2.4831
2017-02-23,44001,Bristol,16.2921,3.8833,58.1473,4.1824
2017-02-24,44001,Bristol,19.0931,7.4052,60.5343,4.1346
2017-02-25,44001,Bristol,17.121,2.548,77.5185,3.6913
2017-02-26,44001,Bristol,5.8156,-0.7126,52.1156,6.1541
2017-02-27,44001,Bristol,9.7465,1.2719,47.801,5.6498
2017-02-28,44001,Bristol,11.2371,5.4618,60.2947,3.3429
2017-03-01,44001,Bristol,14.0192,8.8461,76.4507,6.3112
2017-03-02,44001,Bristol,10.9973,-2.3171,53.0313,8.2197
2017-03-03,44001,Bristol,3.1662,-8.7051,35.5689,5.5772
2017-03-04,44001,Bristol,-3.9693,-11.2023,27.1266,8.2562
2017-03-05,44001,Bristol,1.3207,-10.0808,28.7762,6.5562
2017-03-06,44001,Bristol,4.2644,-7.2122,34.386,2.5995
2017-03-07,44001,Bristol,11.0388,3.5663,61.8695,5.1687
2017-03-08,44001,Bristol,14.0984,6.2167,57.2289,6.4715
2017-03-09,44001,Bristol,12.4201,-0.381,40.7649,6.0107
2017-03-10,44001,Bristol,0.8524,-9.0749,79.2444,5.1288
2017-03-11,44001,Bristol,-4.7456,-10.4907,47.5411,8.2803
2017-03-12,44001,Bristol,-2.2374,-10.1653,44.432,6.7179
2017-03-13,44001,Bristol,0.9587,-8.8051,52.827,3.5394
2017-03-14,44001,Bristol,7.2122,-7.0668,71.6113,8.5976
2017-03-15,44001,Bristol,-0.774,-6.9807,55.5261,7.5811
2017-03-16,44001,Bristol,2.5476,-4.4502,44.0417,7.28
2017-03-17,44001,Bristol,6.5498,-3.2535,41.0336,4.4462
2017-03-18,44001,Bristol,6.7571,-2.0002,51.7239,4.0159
2017-03-19,44001,Bristol,3.9754,0.1946,64.369,7.7672
2017-03-20,44001,Bristol,11.5667,1.6382,38.5262,5.1732
2017-03-21,44001,Bristol,12.7268,2.6434,42.1193,2.9314
2017-03-22,44001,Bristol,5.0662,-7.6246,44.5052,7.3056
2017-03-23,44001,Bristol,4.4298,-6.4072,32.396,5.1601
2017-03-24,44001,Bristol,8.3323,1.4592,53.8898,5.6767
2017-03-25,44001,Bristol,8.0581,-0.688,75.9025,3.1915
2017-03-26,44001,Bristol,6.5714,0.4653,58.518,4.1687
2017-03-27,44001,Bristol,8.9685,2.6919,83.9241,3.6821
2017-03-28,44001,Bristol,7.0453,3.0307,88.1324,2.7678
2017-03-29,44001,Bristol,10.06,0.6021,60.5352,5.0348
2017-03-30,44001,Bristol,11.2147,2.1523,42.92,2.6175
2017-03-31,44001,Bristol,4.4462,1.0611,70.354,5.4202
2017-04-01,44001,Bristol,4.4218,1.02,81.546,8.3229
2017-04-02,44001,Bristol,14.4906,1.6269,45.7869,3.8039
2017-04-03,44001,Bristol,14.3763,4.1731,47.555,2.0754
2017-04-04,44001,Bristol,6.545,3.5385,88.7031,4.6251
2017-04-05,44001,Bristol,9.7406,3.0744,74.1856,1.963
2017-04-06,44001,Bristol,14.1019,3.332,64.618,5.432
2017-04-07,44001,Bristol,11.388,3.2635,65.4365,5.8589
2017-04-08,44001,Bristol,10.2509,3.6996,46.613,5.5676
2017-04-09,44001,Bristol,17.779,5.8944,37.6559,3.0552
2017-04-10,44001,Bristol,17.165,8.3587,54.4827,4.6298
2017-04-11,44001,Bristol,22.5759,8.0605,55.8532,3.7593
2017-04-12,44001,Bristol,21.3747,7.0729,61.9987,2.681
2017-04-13,44001,Bristol,15.6813,5.1616,46.8663,3.0361
2017-04-14,44001,Bristol,17.9912,6.098,35.859,1.8701
2017-04-15,44001,Bristol,17.3481,8.1064,48.272,5.0861
2017-04-16,44001,Bristol,27.589,14.4695,44.9318,5.6314
2017-04-17,44001,Bristol,23.0333,8.0193,46.6112,3.5536
2017-04-18,44001,Bristol,14.0765,3.0387,54.8263,3.5908
2017-04-19,44001,Bristol,10.2223,5.3357,61.6894,4.5099
2017-04-20,44001,Bristol,16.937,7.4903,64.1707,3.0169
2017-04-21,44001,Bristol,9.5735,6.3718,84.9038,4.365
2017-04-22,44001,Bristol,9.13,5.2787,92.3619,2.1682
2017-04-23,44001,Bristol,15.9812,5.7349,53.7049,2.7909
2017-04-24,44001,Bristol,15.5733,8.0233,58.7875,2.383
2017-04-25,44001,Bristol,15.2644,8.594,68.7825,5.5833
2017-04-26,44001,Bristol,16.4912,10.7216,74.0579,3.3907
2017-04-27,44001,Bristol,18.5952,10.898,76.7077,2.1956
2017-04-28,44001,Bristol,25.9,11.2601,64.2633,3.6435
2017-04-29,44001,Bristol,28.6514,12.1285,51.7069,4.3705
2017-04-30,44001,Bristol,16.3395,6.7194,55.5954,3.6152
2017-05-01,44001,Bristol,17.6365,8.1162,82.2426,4.0049
2017-05-02,44001,Bristol,21.3815,11.3368,68.5927,6.6817
2017-05-03,44001,Bristol,19.0166,6.5498,49.7358,4.6692
2017-05-04,44001,Bristol,16.8301,8.558,45.4309,2.2311
2017-05-05,44001,Bristol,17.5712,10.0651,69.3131,5.8142
2017-05-06,44001,Bristol,18.3451,10.3091,83.4553,4.5112
2017-05-07,44001,Bristol,15.582,5.8355,72.5157,4.9083
2017-05-08,44001,Bristol,12.9928,5.2111,56.1811,4.6867
2017-05-09,44001,Bristol,13.361,6.6008,52.7218,1.1746
2017-05-10,44001,Bristol,15.4876,8.3312,51.9633,1.4267
2017-05-11,44001,Bristol,16.1966,5.8764,61.727,2.1325
2017-05-12,44001,Bristol,15.4063,7.4421,69.5511,2.2274
2017-05-13,44001,Bristol,13.9701,7.5546,68.8048,5.2158
2017-05-14,44001,Bristol,11.5251,7.6228,77.6795,5.7911
2017-05-15,44001,Bristol,16.4457,8.9692,65.1185,4.9997
2017-05-16,44001,Bristol,25.6543,13.6656,46.8502,3.6378
2017-05-17,44001,Bristol,28.6444,15.6783,52.0546,4.3126
2017-05-18,44001,Bristol,31.8163,16.5386,58.3815,4.7414
2017-05-19,44001,Bristol,31.5207,12.5671,56.448,3.8504
2017-05-20,44001,Bristol,21.0904,8.945,49.6855,3.5183
2017-05-21,44001,Bristol,19.3802,10.7138,47.7928,1.7512
2017-05-22,44001,Bristol,14.553,9.9411,72.6869,3.5025
2017-05-23,44001,Bristol,22.4466,12.2305,62.9651,2.2431
2017-05-24,44001,Bristol,20.4168,11.2337,62.411,2.4459
2017-05-25,44001,Bristol,14.1118,9.8507,81.8504,4.7364
2017-05-26,44001,Bristol,15.0595,9.7979,88.3546,3.5292
2017-05-27,44001,Bristol,19.5957,12.3727,65.3096,2.3969
2017-05-28,44001,Bristol,18.9863,10.2536,67.8685,2.9182
2017-05-29,44001,Bristol,12.8181,9.1271,83.5864,3.604
2017-05-30,44001,Bristol,16.9692,10.5936,73.6689,2.9277
2017-05-31,44001,Bristol,19.5883,13.0826,76.8948,2.7596
2017-06-01,44001,Bristol,24.7483,12.2369,65.366,3.3375
2017-06-02,44001,Bristol,21.5183,9.4248,60.8925,3.2903
2017-06-03,44001,Bristol,20.5678,10.9748,53.4098,2.9996
2017-06-04,44001,Bristol,21.8319,12.3586,58.427,3.1879
2017-06-05,44001,Bristol,15.4138,10.2275,99.9505,3.7521
2017-06-06,44001,Bristol,12.1605,8.8552,84.0844,6.1116
2017-06-07,44001,Bristol,21.4666,9.8636,58.3825,2.0943
2017-06-08,44001,Bristol,21.1553,12.5675,59.4201,2.1056
2017-06-09,44001,Bristol,26.1276,14.5322,56.2125,4.1215
2017-06-10,44001,Bristol,28.1102,17.2333,54.7521,3.9156
2017-06-11,44001,Bristol,29.9238,18.2522,63.7068,4.831
2017-06-12,44001,Bristol,33.3655,20.3452,58.924,3.6095
2017-06-13,44001,Bristol,34.1419,20.4765,59.5366,2.935
2017-06-14,44001,Bristol,27.4833,13.006,58.7892,2.944
2017-06-15,44001,Bristol,21.3542,14.7174,54.7434,2.5731
2017-06-16,44001,Bristol,21.2755,15.1227,75.0887,4.5365
2017-06-17,44001,Bristol,23.5451,17.0868,81.12,3.4011
2017-06-18,44001,Bristol,24.3129,18.9318,81.1157,5.0271
2017-06-19,44001,Bristol,24.2648,18.6373,83.9813,6.3363
2017-06-20,44001,Bristol,27.4229,18.023,68.9302,5.2491
2017-06-21,44001,Bristol,28.4601,16.6378,61.5821,4.0445
2017-06-22,44001,Bristol,28.1423,18.5719,54.9867,2.3456
2017-06-23,44001,Bristol,28.9407,19.5086,70.5286,4.733
2017-06-24,44001,Bristol,29.5417,18.2433,69.6669,4.0113
2017-06-25,44001,Bristol,27.9832,16.3252,59.2397,3.2518
2017-06-26,44001,Bristol,25.534,16.2509,55.6699,2.9475
2017-06-27,44001,Bristol,23.9982,13.8833,71.2123,3.4535
2017-06-28,44001,Bristol,25.316,16.9595,52.655,3.5136
2017-06-29,44001,Bristol,24.8608,18.7707,64.8192,4.8419
2017-06-30,44001,Bristol,26.8286,19.7036,71.6918,5.7759
2017-07-01,44001,Bristol,26.5224,19.8329,82.9287,5.4657
2017-07-02,44001,Bristol,31.2727,20.1173,66.9347,3.8516
2017-07-03,44001,Bristol,30.5594,18.5576,62.5252,3.7768
2017-07-04,44001,Bristol,28.5035,17.5676,58.9495,1.4977
2017-07-05,44001,Bristol,27.8536,16.4784,58.6707,2.0935
2017-07-06,44001,Bristol,25.0009,18.4972,66.2433,2.6883
2017-07-07,44001,Bristol,22.3388,17.1777,86.7757,2.5625
2017-07-08,44001,Bristol,28.5727,18.3621,75.7355,3.6041
2017-07-09,44001,Bristol,27.8244,16.8217,61.1569,3.4738
2017-07-10,44001,Bristol,28.3716,20.0317,62.5812,3.8368
2017-07-11,44001,Bristol,28.7727,20.13,79.4503,4.1611
2017-07-12,44001,Bristol,29.0773,20.3956,81.2859,2.0135
2017-07-13,44001,Bristol,25.4854,14.8075,96.2334,3.1369
2017-07-14,44001,Bristol,19.647,15.6196,92.3524,2.9307
2017-07-15,44001,Bristol,24.3523,17.9297,84.5048,1.856
2017-07-16,44001,Bristol,29.1554,19.365,69.5088,2.1807
2017-07-17,44001,Bristol,26.7921,20.6004,75.9247,2.5319
2017-07-18,44001,Bristol,28.8112,21.9445,72.854,2.7602
2017-07-19,44001,Bristol,31.1531,21.8274,75.3342,4.2715
2017-07-20,44001,Bristol,32.8164,22.3137,67.8057,2.9433
2017-07-21,44001,Bristol,31.8965,21.9922,66.6102,3.314
2017-07-22,44001,Bristol,29.2564,20.6594,67.8341,1.7343
2017-07-23,44001,Bristol,24.9222,16.2613,78.9547,3.4995
2017-07-24,44001,Bristol,17.119,14.2601,97.9972,5.5354
2017-07-25,44001,Bristol,19.1935,13.3932,84.2166,3.9968
2017-07-26,44001,Bristol,25.9365,16.1186,57.4286,2.3127
2017-07-27,44001,Bristol,23.0717,18.1212,78.8946,3.0171
2017-07-28,44001,Bristol,27.4311,18.3045,74.5523,2.0419
2017-07-29,44001,Bristol,21.4255,14.4099,89.5185,5.1078
2017-07-30,44001,Bristol,27.4224,15.7946,53.9478,3.3235
2017-07-31,44001,Bristol,25.9673,18.0255,64.7723,1.7471
2017-08-01,44001,Bristol,28.864,19.5609,67.5718,1.9747
2017-08-02,44001,Bristol,27.1298,19.7959,75.9866,2.687
2017-08-03,44001,Bristol,26.3871,19.5842,75.6862,2.7179
2017-08-04,44001,Bristol,26.0605,20.6921,72.2731,2.833
2017-08-05,44001,Bristol,24.7481,16.4838,88.4937,2.9766
2017-08-06,44001,Bristol,25.0186,16.1154,61.4635,3.7824
2017-08-07,44001,Bristol,23.5738,16.2748,73.0431,2.2181
2017-08-08,44001,Bristol,25.2447,15.9081,73.9412,2.5713
2017-08-09,44001,Bristol,26.8363,17.2936,63.8756,2.8581
2017-08-10,44001,Bristol,27.1456,17.1007,67.5104,2.2382
2017-08-11,44001,Bristol,25.9473,15.8631,76.503,2.4626
2017-08-12,44001,Bristol,23.0809,16.6213,93.9654,3.0814
2017-08-13,44001,Bristol,29.1807,17.6527,69.3252,2.385
2017-08-14,44001,Bristol,26.8889,19.5623,64.7878,1.7091
2017-08-15,44001,Bristol,25.4619,18.8398,80.9547,2.086
2017-08-16,44001,Bristol,29.4931,16.573,62.5611,2.0256
2017-08-17,44001,Bristol,25.9928,18.2257,52.0821,2.3934
2017-08-18,44001,Bristol,25.2575,21.3444,79.0577,3.7872
2017-08-19,44001,Bristol,30.8077,21.0586,72.2698,3.8408
2017-08-20,44001,Bristol,28.6045,18.9341,62.3901,3.1399
2017-08-21,44001,Bristol,28.7786,20.7349,60.6217,3.4995
2017-08-22,44001,Bristol,28.45,21.8356,77.4106,5.6175
2017-08-23,44001,Bristol,28.228,15.9585,73.3236,4.2831
2017-08-24,44001,Bristol,26.7378,16.0319,54.8861,1.6559
2017-08-25,44001,Bristol,25.0844,13.5559,59.1211,1.9642
2017-08-26,44001,Bristol,23.6284,13.8164,50.3805,1.4922
2017-08-27,44001,Bristol,25.201,13.5639,52.4769,2.7335
2017-08-28,44001,Bristol,24.2242,14.063,51.1873,3.9158
2017-08-29,44001,Bristol,21.1832,14.3151,67.2776,4.6789
2017-08-30,44001,Bristol,23.1577,15.2341,59.4746,5.5623
2017-08-31,44001,Bristol,25.8307,10.8954,64.4676,4.0638
2017-09-01,44001,Bristol,20.4403,9.2156,48.3622,4.2828
2017-09-02,44001,Bristol,20.2077,11.3892,50.2487,2.4156
2017-09-03,44001,Bristol,20.0012,12.5994,85.0017,5.3868
2017-09-04,44001,Bristol,24.5259,16.5485,64.1252,5.0463
2017-09-05,44001,Bristol,25.5142,19.9429,73.9654,5.9456
2017-09-06,44001,Bristol,23.5711,15.8769,90.086,4.3492
2017-09-07,44001,Bristol,23.1693,13.4516,78.0982,4.7323
2017-09-08,44001,Bristol,22.6887,12.15,60.4949,3.8794
2017-09-09,44001,Bristol,22.2882,12.6512,59.7478,2.4721
2017-09-10,44001,Bristol,22.5877,11.6367,58.9453,2.924
2017-09-11,44001,Bristol,25.566,13.0383,49.1294,2.718
2017-09-12,44001,Bristol,26.7824,14.7182,53.8391,3.2472
2017-09-13,44001,Bristol,25.7359,17.7069,60.6263,2.7438
2017-09-14,44001,Bristol,25.6988,19.694,73.483,4.346
2017-09-15,44001,Bristol,25.8435,17.5686,73.5402,2.8586
2017-09-16,44001,Bristol,25.5269,17.067,73.3507,0.9793
2017-09-17,44001,Bristol,24.8792,17.3581,70.7771,1.5605
2017-09-18,44001,Bristol,22.1728,18.1075,79.2557,3.6531
2017-09-19,44001,Bristol,19.5679,18.1778,89.3617,6.0557
2017-09-20,44001,Bristol,21.7966,18.7891,86.3486,7.0143
2017-09-21,44001,Bristol,21.5294,14.6531,86.8424,8.2752
2017-09-22,44001,Bristol,16.8878,14.5106,81.6491,8.7297
2017-09-23,44001,Bristol,25.3837,15.6498,72.808,4.6735
2017-09-24,44001,Bristol,27.7132,17.1146,66.527,1.7652
2017-09-25,44001,Bristol,26.4641,18.9749,68.3769,1.5264
2017-09-26,44001,Bristol,26.0015,18.3733,73.2507,1.6978
2017-09-27,44001,Bristol,27.0726,19.8796,75.0541,2.3567
2017-09-28,44001,Bristol,25.8145,10.5048,70.0959,3.8259
2017-09-29,44001,Bristol,19.2243,10.8931,52.1505,2.6551
2017-09-30,44001,Bristol,16.3772,7.5893,77.9943,3.3701
2017-10-01,44001,Bristol,19.2598,9.12,49.3744,2.8765
2017-10-02,44001,Bristol,21.4897,9.4452,49.1997,3.6136
2017-10-03,44001,Bristol,19.1429,10.1631,55.1078,2.2701
2017-10-04,44001,Bristol,22.3663,14.2256,57.5762,5.5471
2017-10-05,44001,Bristol,25.8432,16.0366,61.461,5.0054
2017-10-06,44001,Bristol,25.2206,15.6809,55.3745,2.1597
2017-10-07,44001,Bristol,23.4762,16.7366,68.9729,3.2905
2017-10-08,44001,Bristol,22.8083,19.9237,77.3302,5.4834
2017-10-09,44001,Bristol,23.0304,19.3387,80.7618,5.0782
2017-10-10,44001,Bristol,25.6897,14.983,66.1818,2.843
2017-10-11,44001,Bristol,22.2998,12.902,63.1756,3.7211
2017-10-12,44001,Bristol,16.2669,7.2193,63.0494,5.875
2017-10-13,44001,Bristol,18.1451,9.3988,67.8496,3.6382
2017-10-14,44001,Bristol,19.2574,15.3056,85.1657,1.988
2017-10-15,44001,Bristol,21.1118,16.1424,82.1898,5.1092
2017-10-16,44001,Bristol,16.4253,4.9646,87.0561,4.5405
2017-10-17,44001,Bristol,13.992,5.8557,47.8916,3.7043
2017-10-18,44001,Bristol,22.1907,10.6161,45.5738,3.5345
2017-10-19,44001,Bristol,20.4507,13.3503,57.901,5.0241
2017-10-20,44001,Bristol,21.1078,10.0991,47.1997,3.7951
2017-10-21,44001,Bristol,21.2621,10.87,46.2941,2.5191
2017-10-22,44001,Bristol,23.6903,11.3714,51.7769,1.8675
2017-10-23,44001,Bristol,21.7369,12.4954,72.0638,3.765
2017-10-24,44001,Bristol,22.2876,19.2166,72.3901,7.222
2017-10-25,44001,Bristol,19.7262,15.5923,89.456,5.3144
2017-10-26,44001,Bristol,17.5914,8.1871,82.823,4.0349
2017-10-27,44001,Bristol,16.4151,7.88,54.4354,3.8113
2017-10-28,44001,Bristol,18.1227,10.4741,66.4647,3.4826
2017-10-29,44001,Bristol,18.9784,15.3355,77.8753,7.8037
2017-10-30,44001,Bristol,15.5831,10.4523,75.2816,8.5405
2017-10-31,44001,Bristol,15.0218,4.3506,56.9243,5.8516
2017-11-01,44001,Bristol,15.1837,5.3805,56.1624,2.6687
2017-11-02,44001,Bristol,19.7738,14.1507,75.2215,4.1359
2017-11-03,44001,Bristol,21.7649,6.5634,78.2261,4.2126
2017-11-04,44001,Bristol,13.4987,6.4276,54.5584,4.299
2017-11-05,44001,Bristol,17.8439,9.8539,67.9264,4.1608
2017-11-06,44001,Bristol,18.6149,5.7581,91.0886,4.79
2017-11-07,44001,Bristol,10.5275,3.2967,73.0636,4.3999
2017-11-08,44001,Bristol,7.8595,0.1021,78.0149,5.7907
2017-11-09,44001,Bristol,11.7222,1.0905,67.1737,3.1319
2017-11-10,44001,Bristol,6.6624,-5.4204,60.076,7.4676
2017-11-11,44001,Bristol,4.2578,-5.0209,40.6916,3.702
2017-11-12,44001,Bristol,8.8728,-1.579,53.2637,0.8975
2017-11-13,44001,Bristol,6.7673,2.7061,86.3375,4.225
2017-11-14,44001,Bristol,6.3105,1.1889,76.1894,4.9396
2017-11-15,44001,Bristol,9.293,1.8794,61.2314,3.1306
2017-11-16,44001,Bristol,10.6902,3.6583,80.5601,4.9701
2017-11-17,44001,Bristol,7.743,-1.5311,57.541,6.5226
2017-11-18,44001,Bristol,16.0372,-0.4887,56.5941,4.4611
2017-11-19,44001,Bristol,14.9413,1.9774,71.8227,8.1794
2017-11-20,44001,Bristol,6.8746,1.9971,49.2654,7.3236
2017-11-21,44001,Bristol,14.0189,6.5784,56.9384,6.3621
2017-11-22,44001,Bristol,11.8045,-0.4482,93.3861,3.9753
2017-11-23,44001,Bristol,6.1185,-0.8434,52.3559,3.8057
2017-11-24,44001,Bristol,8.9717,0.6407,57.2931,3.7915
2017-11-25,44001,Bristol,13.0172,5.4287,63.487,3.8839
2017-11-26,44001,Bristol,8.7787,1.6861,58.2794,5.7955
2017-11-27,44001,Bristol,8.3336,-3.6836,56.568,5.709
2017-11-28,44001,Bristol,12.2558,-3.6606,50.4554,3.8068
2017-11-29,44001,Bristol,16.133,-0.5225,56.4997,6.0281
2017-11-30,44001,Bristol,10.2553,-0.3486,61.9919,3.3607
2017-12-01,44001,Bristol,11.6545,0.529,65.6817,3.7214
2017-12-02,44001,Bristol,7.5102,0.4401,58.4756,1.5157
2017-12-03,44001,Bristol,7.34,0.8865,63.4781,1.5157
2017-12-04,44001,Bristol,9.7858,1.9455,55.4778,2.6054
2017-12-05,44001,Bristol,15.3363,5.3732,65.8008,6.813
2017-12-06,44001,Bristol,12.2434,1.9266,65.5772,5.4627
2017-12-07,44001,Bristol,8.3135,0.8871,45.618,4.8418
2017-12-08,44001,Bristol,4.7882,0.725,49.2431,3.2205
2017-12-09,44001,Bristol,3.1168,-0.1187,67.5432,4.3968
2017-12-10,44001,Bristol,4.1621,-0.0394,59.7966,5.2209
2017-12-11,44001,Bristol,5.0394,0.4392,54.7774,3.281
2017-12-12,44001,Bristol,9.6705,-5.2854,80.3714,4.395
2017-12-13,44001,Bristol,-2.6432,-5.8597,60.2116,8.7891
2017-12-14,44001,Bristol,-0.7592,-8.7295,64.8782,4.917
2017-12-15,44001,Bristol,-2.4394,-8.1672,72.3851,2.5647
2017-12-16,44001,Bristol,1.3643,-6.6893,65.4942,6.666
2017-12-17,44001,Bristol,-0.2676,-6.8893,60.7405,3.6742
2017-12-18,44001,Bristol,4.8738,-2.1772,68.777,1.8423
2017-12-19,44001,Bristol,10.7814,4.1863,53.4645,5.0788
2017-12-20,44001,Bristol,6.5027,-2.1109,56.4306,5.8547
2017-12-21,44001,Bristol,3.1359,-2.6932,41.0418,3.6469
2017-12-22,44001,Bristol,1.467,-2.4887,65.7593,2.6105
2017-12-23,44001,Bristol,11.8165,-0.7836,76.7652,4.6808
2017-12-24,44001,Bristol,4.1417,0.6047,60.0256,5.1498
2017-12-25,44001,Bristol,3.6896,-3.9111,69.9208,7.8036
2017-12-26,44001,Bristol,-2.2767,-9.2481,38.0212,6.8005
2017-12-27,44001,Bristol,-4.9539,-12.3822,37.4719,5.6637
2017-12-28,44001,Bristol,-9.8203,-14.5605,38.2971,7.7687
2017-12-29,44001,Bristol,-8.6339,-14.4623,45.6881,5.3597
2017-12-30,44001,Bristol,-7.4372,-12.3693,65.6817,3.4387
2017-12-31,44001,Bristol,3.8877,-4.7851,23.5218,4.4156
2018-01-01,44001,Bristol,-9.7127,-16.8118,46.1371,6.3908
2018-01-02,44001,Bristol,-6.3458,-13.8525,62.4535,5.5162
2018-01-03,44001,Bristol,-0.6011,-10.6126,68.3222,3.066
2018-01-04,44001,Bristol,-0.3882,-8.6945,87.9285,10.0941
2018-01-05,44001,Bristol,-9.5793,-14.8873,65.2928,10.4896
2018-01-06,44001,Bristol,-10.3644,-18.7562,49.0662,8.8453
2018-01-07,44001,Bristol,-2.1376,-16.167,42.317,5.6107
2018-01-08,44001,Bristol,4.6125,-3.3805,60.6489,7.0075
2018-01-09,44001,Bristol,6.725,-6.1272,58.5212,5.1661
2018-01-10,44001,Bristol,2.7968,-7.6835,63.4257,2.2932
2018-01-11,44001,Bristol,10.7713,0.7388,53.1217,3.6615
2018-01-12,44001,Bristol,15.4735,8.9905,43.7141,7.0088
2018-01-13,44001,Bristol,13.8157,-7.4713,60.1424,7.4404
2018-01-14,44001,Bristol,-3.8381,-8.9126,42.3129,5.4214
2018-01-15,44001,Bristol,-5.2437,-8.3439,79.7283,5.8905
2018-01-16,44001,Bristol,2.0497,-3.4465,63.9739,2.4312
2018-01-17,44001,Bristol,2.0431,-5.7514,86.5886,3.3357
2018-01-18,44001,Bristol,0.7613,-6.2151,60.5882,3.8209
2018-01-19,44001,Bristol,2.3477,-4.4497,53.0496,4.286
2018-01-20,44001,Bristol,10.0014,-0.623,46.2164,5.4965
2018-01-21,44001,Bristol,9.1483,-0.2977,49.081,1.6342
2018-01-22,44001,Bristol,5.1913,2.2259,69.7708,2.3218
2018-01-23,44001,Bristol,12.9589,3.1117,71.6133,6.1775
2018-01-24,44001,Bristol,5.2943,-6.3346,63.4394,5.4402
2018-01-25,44001,Bristol,-0.5148,-7.0781,33.6526,5.8277
2018-01-26,44001,Bristol,1.4038,-5.7514,32.932,3.8577
2018-01-27,44001,Bristol,9.9793,1.8396,52.389,6.3299
2018-01-28,44001,Bristol,10.5338,1.8769,67.5899,3.1609
2018-01-29,44001,Bristol,5.4823,-3.7102,65.7587,7.4757
2018-01-30,44001,Bristol,0.5014,-8.0755,68.0342,6.9966
2018-01-31,44001,Bristol,1.1696,-8.7524,58.4733,4.7705
2018-02-01,44001,Bristol,7.2369,-0.3435,61.0185,4.3049
2018-02-02,44001,Bristol,1.4852,-11.5925,63.8766,6.4873
2018-02-03,44001,Bristol,-0.1102,-11.3334,42.177,5.9114
2018-02-04,44001,Bristol,8.8861,-0.4098,63.1431,5.6047
2018-02-05,44001,Bristol,6.9139,-5.5811,60.006,5.0675
2018-02-06,44001,Bristol,1.5833,-5.8433,53.6052,2.667
2018-02-07,44001,Bristol,9.3784,-4.1446,62.0041,5.3689
2018-02-08,44001,Bristol,1.7008,-6.3206,44.8301,4.8358
2018-02-09,44001,Bristol,2.8455,-6.2088,46.1976,3.7176
2018-02-10,44001,Bristol,12.0062,1.1961,65.6386,2.9398
2018-02-11,44001,Bristol,13.4372,6.5251,66.1085,3.788
2018-02-12,44001,Bristol,8.7455,-2.9762,64.128,4.3214
2018-02-13,44001,Bristol,1.8161,-3.9221,32.9172,3.4035
2018-02-14,44001,Bristol,9.5294,1.084,53.6552,4.2875
2018-02-15,44001,Bristol,10.486,3.9588,71.211,3.7065
2018-02-16,44001,Bristol,12.6316,-2.1568,74.6148,4.4192
2018-02-17,44001,Bristol,3.9377,-1.324,53.126,3.9576
2018-02-18,44001,Bristol,7.0459,-4.1547,58.7678,3.6677
2018-02-19,44001,Bristol,10.8687,-0.3188,61.4914,4.1885
2018-02-20,44001,Bristol,17.2185,7.9472,59.5514,5.15
2018-02-21,44001,Bristol,16.9303,4.1188,76.2146,4.4684
2018-02-22,44001,Bristol,8.1582,-0.4365,56.0135,5.3697
2018-02-23,44001,Bristol,6.9424,1.1978,59.9874,3.7929
2018-02-24,44001,Bristol,14.6258,3.1331,55.2591,2.9377
2018-02-25,44001,Bristol,6.1258,2.7718,78.1988,4.4974
2018-02-26,44001,Bristol,10.2539,0.1652,55.8781,2.8765
2018-02-27,44001,Bristol,12.1091,1.4083,39.3563,3.0857
2018-02-28,44001,Bristol,14.1702,3.6274,47.52,4.5868
2018-03-01,44001,Bristol,17.1495,3.2488,53.0556,3.217
2018-03-02,44001,Bristol,7.6459,0.8702,82.8284,11.4693
2018-03-03,44001,Bristol,6.6902,2.2353,64.8125,9.6556
2018-03-04,44001,Bristol,6.4012,0.4007,61.453,6.0902
2018-03-05,44001,Bristol,6.4804,0.2541,61.0209,7.0266
2018-03-06,44001,Bristol,4.8253,-1.4315,66.3025,3.1848
2018-03-07,44001,Bristol,4.4828,0.653,76.3238,7.0479
2018-03-08,44001,Bristol,4.4463,-0.5924,70.3422,6.1029
2018-03-09,44001,Bristol,4.3937,-0.4552,57.0655,5.6227
2018-03-10,44001,Bristol,5.9385,-1.3209,51.195,6.5993
2018-03-11,44001,Bristol,8.5003,-1.3141,47.2015,3.9447
2018-03-12,44001,Bristol,7.6086,-0.0089,55.8763,5.3692
2018-03-13,44001,Bristol,2.1429,-2.3521,82.1958,9.5561
2018-03-14,44001,Bristol,4.7801,-0.7439,59.0548,7.7762
2018-03-15,44001,Bristol,6.9773,-1.3523,54.1909,6.9613
2018-03-16,44001,Bristol,4.4093,-3.9463,50.2019,7.2447
2018-03-17,44001,Bristol,6.842,-8.3695,47.2165,6.592
2018-03-18,44001,Bristol,2.0337,-6.1489,46.5355,5.1215
2018-03-19,44001,Bristol,4.5486,-5.0222,43.4054,4.4939
2018-03-20,44001,Bristol,5.3998,-2.0296,45.7713,3.553
2018-03-21,44001,Bristol,3.5808,-0.6226,67.448,9.233
2018-03-22,44001,Bristol,6.8151,-0.9638,58.0043,6.2542
2018-03-23,44001,Bristol,9.3873,1.6991,46.1164,3.0
2018-03-24,44001,Bristol,9.5132,-0.5837,47.0326,2.7119
2018-03-25,44001,Bristol,3.9941,-2.5333,66.1809,6.1857
2018-03-26,44001,Bristol,6.6785,-3.573,55.3565,5.6846
2018-03-27,44001,Bristol,10.0432,2.3753,45.0076,3.2219
2018-03-28,44001,Bristol,13.395,3.2088,49.9303,2.4725
2018-03-29,44001,Bristol,14.2714,6.884,56.7255,2.4263
2018-03-30,44001,Bristol,16.5809,3.0423,70.0765,5.072
2018-03-31,44001,Bristol,13.9616,2.4626,41.725,4.4124
2018-04-01,44001,Bristol,15.6762,-0.9111,49.8747,5.4366
2018-04-02,44001,Bristol,6.0281,-2.5281,60.7045,2.0748
2018-04-03,44001,Bristol,7.5838,2.5045,69.991,3.0229
2018-04-04,44001,Bristol,12.968,-1.4797,81.4553,6.8348
2018-04-05,44001,Bristol,6.9155,-3.9476,37.6723,6.3954
2018-04-06,44001,Bristol,7.7587,0.9411,64.8276,5.5847
2018-04-07,44001,Bristol,9.6352,-0.8549,53.1621,3.4169
2018-04-08,44001,Bristol,7.7312,-2.3819,42.5836,4.8775
2018-04-09,44001,Bristol,9.3196,0.0964,34.4514,3.2048
2018-04-10,44001,Bristol,6.3116,-2.7679,72.7062,2.0274
2018-04-11,44001,Bristol,10.197,0.9865,49.7191,2.6631
2018-04-12,44001,Bristol,15.4532,6.7796,50.3212,5.2506
2018-04-13,44001,Bristol,17.3259,4.981,65.105,4.5009
2018-04-14,44001,Bristol,15.6229,2.092,65.9665,4.6033
2018-04-15,44001,Bristol,5.0376,0.8184,66.0323,8.5802
2018-04-16,44001,Bristol,15.2637,4.3336,60.3704,7.9367
2018-04-17,44001,Bristol,10.6708,-0.0644,62.379,5.5504
2018-04-18,44001,Bristol,12.906,2.6036,49.2528,5.5806
2018-04-19,44001,Bristol,7.1245,0.1823,80.4717,2.8139
2018-04-20,44001,Bristol,12.9897,1.7993,46.4762,5.0528
2018-04-21,44001,Bristol,16.5353,0.4601,40.4117,3.3514
2018-04-22,44001,Bristol,17.8185,1.3646,34.1959,2.019
2018-04-23,44001,Bristol,19.5191,1.8903,35.7705,2.0943
2018-04-24,44001,Bristol,19.1826,8.859,42.5194,3.1605
2018-04-25,44001,Bristol,14.6053,9.9045,71.5759,4.9906
2018-04-26,44001,Bristol,21.2299,7.2764,60.1518,4.2671
2018-04-27,44001,Bristol,17.1527,8.9098,58.8009,3.0607
2018-04-28,44001,Bristol,22.6852,6.5631,55.7046,2.756
2018-04-29,44001,Bristol,16.3457,3.5516,65.7766,2.919
2018-04-30,44001,Bristol,11.0663,5.1187,62.3024,3.7674
2018-05-01,44001,Bristol,20.8309,10.7065,45.203,3.1722
2018-05-02,44001,Bristol,30.8524,13.4486,40.4099,5.1036
2018-05-03,44001,Bristol,30.2348,13.8487,49.5885,4.7312
2018-05-04,44001,Bristol,26.7293,13.9945,60.1804,5.007
2018-05-05,44001,Bristol,23.6933,12.1026,49.2954,4.374
2018-05-06,44001,Bristol,18.6516,9.4008,70.4982,3.6203
2018-05-07,44001,Bristol,20.8893,7.7064,61.5161,2.3508
2018-05-08,44001,Bristol,22.4141,7.4972,51.3305,1.7951
2018-05-09,44001,Bristol,22.9445,10.6134,50.2062,2.2983
2018-05-10,44001,Bristol,22.122,10.2042,58.5079,4.1359
2018-05-11,44001,Bristol,23.1784,8.3992,46.8713,2.6462
2018-05-12,44001,Bristol,13.0317,9.0749,72.3819,3.1551
2018-05-13,44001,Bristol,15.0744,9.7167,69.7736,3.0723
2018-05-14,44001,Bristol,20.9778,10.5953,64.267,2.3313
2018-05-15,44001,Bristol,26.9884,13.2152,66.0671,4.2885
2018-05-16,44001,Bristol,18.4987,12.1005,71.4172,3.2662
2018-05-17,44001,Bristol,21.1247,12.2845,73.4911,1.8029
2018-05-18,44001,Bristol,14.6614,6.0059,79.8253,4.9818
2018-05-19,44001,Bristol,17.3653,7.5953,72.7068,4.1331
2018-05-20,44001,Bristol,23.8892,12.5321,74.1471,4.9244
2018-05-21,44001,Bristol,24.2705,10.1158,53.3726,2.4455
2018-05-22,44001,Bristol,21.1583,10.9971,62.2831,2.1691
2018-05-23,44001,Bristol,26.5949,11.4596,57.2219,2.452
2018-05-24,44001,Bristol,24.157,9.1198,51.0717,3.0701
2018-05-25,44001,Bristol,30.2243,17.51,45.6224,5.6367
2018-05-26,44001,Bristol,31.4987,12.6117,63.2112,3.5172
2018-05-27,44001,Bristol,15.5125,9.6073,87.5803,5.7109
2018-05-28,44001,Bristol,19.3365,12.2414,69.9534,2.9982
2018-05-29,44001,Bristol,30.3462,13.9129,57.5912,2.1001
2018-05-30,44001,Bristol,26.5396,10.8137,58.934,2.2621
2018-05-31,44001,Bristol,25.1814,13.9613,64.2247,2.5152
2018-06-01,44001,Bristol,23.8057,16.7296,82.7062,2.8422
2018-06-02,44001,Bristol,28.4623,10.8143,76.3326,3.3582
2018-06-03,44001,Bristol,19.0164,8.3347,64.7339,5.5227
2018-06-04,44001,Bristol,13.2235,9.764,85.7156,4.3029
2018-06-05,44001,Bristol,21.3894,10.7649,68.5816,3.4
2018-06-06,44001,Bristol,20.4809,9.9551,68.9507,2.6026
2018-06-07,44001,Bristol,21.2169,10.6466,67.0636,3.385
2018-06-08,44001,Bristol,26.6455,14.9571,59.8525,3.4238
2018-06-09,44001,Bristol,26.9325,14.5033,56.4783,1.4688
2018-06-10,44001,Bristol,22.8882,10.9696,61.6695,1.8672
2018-06-11,44001,Bristol,22.0836,9.6626,54.6507,3.037
2018-06-12,44001,Bristol,24.6767,13.6041,51.1598,5.2493
2018-06-13,44001,Bristol,22.9689,17.6832,72.379,5.4679
2018-06-14,44001,Bristol,28.1306,13.9973,60.2819,4.8726
2018-06-15,44001,Bristol,20.2909,12.5993,73.3058,2.2248
2018-06-16,44001,Bristol,29.4934,14.5823,50.0457,2.8335
2018-06-17,44001,Bristol,31.2807,15.9445,47.6966,1.9373
2018-06-18,44001,Bristol,28.884,18.5772,67.1154,5.7509
2018-06-19,44001,Bristol,30.1173,13.6867,57.7823,3.887
2018-06-20,44001,Bristol,28.2404,18.1497,50.6728,2.6961
2018-06-21,44001,Bristol,28.1021,14.3523,69.4188,2.4688
2018-06-22,44001,Bristol,25.8197,14.1716,60.6163,3.1268
2018-06-23,44001,Bristol,18.3185,14.3315,92.0624,2.9206
2018-06-24,44001,Bristol,25.2703,16.1781,78.8404,2.7674
2018-06-25,44001,Bristol,25.435,11.6001,65.5854,3.2641
2018-06-26,44001,Bristol,26.5867,15.2631,49.455,2.7157
2018-06-27,44001,Bristol,25.42,18.5971,64.0256,4.4255
2018-06-28,44001,Bristol,23.1924,18.7426,81.8573,4.7735
2018-06-29,44001,Bristol,31.3667,19.4424,64.2868,2.3545
2018-06-30,44001,Bristol,31.6361,19.9135,61.1843,2.0186
2018-07-01,44001,Bristol,34.8276,20.8896,66.8379,2.2929
2018-07-02,44001,Bristol,30.8799,19.9988,72.7044,2.4624
2018-07-03,44001,Bristol,32.3622,21.9425,70.9469,3.268
2018-07-04,44001,Bristol,32.8059,21.5884,71.7998,2.2656
2018-07-05,44001,Bristol,31.7489,22.4489,70.9756,4.7817
2018-07-06,44001,Bristol,27.5625,12.5518,93.5232,5.7054
2018-07-07,44001,Bristol,25.05,12.3513,55.4545,2.9188
2018-07-08,44001,Bristol,27.4326,13.9695,53.8255,1.6991
2018-07-09,44001,Bristol,29.6548,16.6886,59.4574,3.8529
2018-07-10,44001,Bristol,32.8506,18.694,59.3747,4.2517
2018-07-11,44001,Bristol,25.7744,14.2173,79.8233,3.1411
2018-07-12,44001,Bristol,26.9141,14.4509,59.5408,2.3739
2018-07-13,44001,Bristol,27.2949,15.5009,55.1283,2.241
2018-07-14,44001,Bristol,26.1162,19.7455,61.3645,2.1942
2018-07-15,44001,Bristol,30.095,19.6567,69.4447,2.3112
2018-07-16,44001,Bristol,31.1728,21.3293,66.8465,3.0158
2018-07-17,44001,Bristol,30.3255,19.8176,77.5527,5.0322
2018-07-18,44001,Bristol,28.6567,14.6215,67.481,2.8197
2018-07-19,44001,Bristol,27.6289,15.5533,53.1995,1.9913
2018-07-20,44001,Bristol,28.9896,12.9911,57.1332,2.3873
2018-07-21,44001,Bristol,25.7606,18.1422,59.5565,3.6258
2018-07-22,44001,Bristol,26.0376,20.8355,80.701,5.5835
2018-07-23,44001,Bristol,28.4924,21.9078,74.803,4.984
2018-07-24,44001,Bristol,29.5041,22.0491,71.9114,4.4829
2018-07-25,44001,Bristol,28.1512,22.0924,74.3383,5.7031
2018-07-26,44001,Bristol,28.6259,20.6981,75.6832,5.2239
2018-07-27,44001,Bristol,31.0289,21.8059,67.1346,3.7527
2018-07-28,44001,Bristol,30.1759,19.5458,71.7755,3.4552
2018-07-29,44001,Bristol,28.8684,16.8804,67.3468,2.6676
2018-07-30,44001,Bristol,28.6325,18.2602,56.6977,2.1517
2018-07-31,44001,Bristol,30.6758,18.456,54.9913,2.0864
2018-08-01,44001,Bristol,28.7222,21.7711,72.1199,4.2553
2018-08-02,44001,Bristol,33.7691,22.4097,65.4285,5.6712
2018-08-03,44001,Bristol,32.5079,22.1208,67.8018,5.3257
2018-08-04,44001,Bristol,27.75,19.2354,80.7317,4.3279
2018-08-05,44001,Bristol,32.4209,20.3264,55.4477,2.1526
2018-08-06,44001,Bristol,33.9654,21.7222,56.9799,3.4385
2018-08-07,44001,Bristol,33.4919,22.5428,62.0808,4.7574
2018-08-08,44001,Bristol,32.5109,22.7953,65.4739,3.6824
2018-08-09,44001,Bristol,31.7265,18.8324,70.0035,3.7178
2018-08-10,44001,Bristol,31.6829,20.6329,53.0911,1.9969
2018-08-11,44001,Bristol,24.1186,20.9215,88.7795,2.4159
2018-08-12,44001,Bristol,27.5146,19.5068,76.9626,2.8722
2018-08-13,44001,Bristol,23.2971,20.9836,86.0264,2.7523
2018-08-14,44001,Bristol,29.2173,20.1133,76.4777,2.7084
2018-08-15,44001,Bristol,30.9806,21.4643,68.3835,2.9212
2018-08-16,44001,Bristol,32.3594,20.4765,69.6992,2.8171
2018-08-17,44001,Bristol,31.5192,21.6982,69.7685,2.8954
2018-08-18,44001,Bristol,30.059,17.6946,81.2651,4.1308
2018-08-19,44001,Bristol,23.3486,17.6355,82.7882,5.441
2018-08-20,44001,Bristol,24.9818,16.5872,78.9872,4.5508
2018-08-21,44001,Bristol,23.8586,18.4934,83.0093,2.8936
2018-08-22,44001,Bristol,29.1751,17.5801,74.8787,3.7835
2018-08-23,44001,Bristol,25.6405,13.1152,61.6801,3.0635
2018-08-24,44001,Bristol,28.374,14.8119,58.9506,2.2743
2018-08-25,44001,Bristol,27.4461,12.5547,69.9508,2.086
2018-08-26,44001,Bristol,27.9253,18.4177,67.3778,3.171
2018-08-27,44001,Bristol,31.3323,21.6514,66.927,2.9819
2018-08-28,44001,Bristol,34.5062,23.3862,64.1098,4.3145
2018-08-29,44001,Bristol,35.2475,22.626,62.8673,4.2265
2018-08-30,44001,Bristol,32.8721,17.1718,71.9145,3.2304
2018-08-31,44001,Bristol,24.8678,14.3998,73.2267,4.3399
2018-09-01,44001,Bristol,26.9112,14.6796,64.6186,2.9107
2018-09-02,44001,Bristol,28.2705,20.5215,56.5039,2.2895
2018-09-03,44001,Bristol,33.1948,21.4906,60.2283,4.1664
2018-09-04,44001,Bristol,32.3116,19.4601,61.4307,2.3082
2018-09-05,44001,Bristol,30.2325,21.2016,58.2923,2.9733
2018-09-06,44001,Bristol,33.9211,18.5381,65.3425,3.6402
2018-09-07,44001,Bristol,21.7582,16.2286,89.1354,2.3722
2018-09-08,44001,Bristol,20.3884,12.4113,74.8739,3.3623
2018-09-09,44001,Bristol,17.9719,12.5967,67.8765,4.983
2018-09-10,44001,Bristol,19.0529,15.067,86.8635,6.0458
2018-09-11,44001,Bristol,27.7347,18.5799,78.2651,2.6683
2018-09-12,44001,Bristol,22.0965,17.4792,97.9179,1.6761
2018-09-13,44001,Bristol,21.8992,15.4894,87.4021,2.5801
2018-09-14,44001,Bristol,24.2994,15.63,73.896,2.3918
2018-09-15,44001,Bristol,25.5385,14.8551,69.9896,1.3463
2018-09-16,44001,Bristol,27.7249,16.5975,68.9009,1.5773
2018-09-17,44001,Bristol,27.2916,19.4666,69.1234,3.1411
2018-09-18,44001,Bristol,24.662,16.12,94.4367,3.9031
2018-09-19,44001,Bristol,19.3803,13.2648,95.561,4.6397
2018-09-20,44001,Bristol,19.1977,12.9942,82.0663,3.9149
2018-09-21,44001,Bristol,21.2985,15.7386,79.6653,4.5214
2018-09-22,44001,Bristol,22.2115,10.4155,75.7155,4.2578
2018-09-23,44001,Bristol,17.6924,9.3507,79.1366,1.5181
2018-09-24,44001,Bristol,14.6356,9.3105,84.684,5.3876
2018-09-25,44001,Bristol,22.0758,11.7845,86.8256,6.0746
2018-09-26,44001,Bristol,25.6806,17.486,85.8166,5.3217
2018-09-27,44001,Bristol,21.1064,13.3308,82.1891,4.0496
2018-09-28,44001,Bristol,15.1967,10.4302,100.0,3.8875
2018-09-29,44001,Bristol,23.0884,8.5722,68.6808,2.5429
2018-09-30,44001,Bristol,21.421,10.9623,60.8916,2.3138
2018-10-01,44001,Bristol,21.8157,12.5432,78.4376,2.1669
2018-10-02,44001,Bristol,20.4812,13.8924,89.6551,3.3986
2018-10-03,44001,Bristol,19.5843,13.809,90.104,2.3042
2018-10-04,44001,Bristol,21.1511,13.4373,85.0123,3.388
2018-10-05,44001,Bristol,17.1341,6.5693,89.9829,4.347
2018-10-06,44001,Bristol,19.6435,9.367,67.3736,2.7522
2018-10-07,44001,Bristol,25.0005,14.4636,74.6768,3.34
2018-10-08,44001,Bristol,17.8138,13.9826,75.851,3.8781
2018-10-09,44001,Bristol,25.2845,17.6191,71.7568,4.6126
2018-10-10,44001,Bristol,28.2932,19.1642,67.6637,4.4917
2018-10-11,44001,Bristol,24.2558,13.1716,91.6486,4.2025
2018-10-12,44001,Bristol,18.2137,7.6042,91.7654,3.8646
2018-10-13,44001,Bristol,11.6485,5.4232,71.336,3.7056
2018-10-14,44001,Bristol,14.6212,4.9334,61.2947,3.9434
2018-10-15,44001,Bristol,20.2926,6.7584,80.9254,6.0917
2018-10-16,44001,Bristol,14.9865,3.967,61.7606,5.6697
2018-10-17,44001,Bristol,17.1019,2.8367,55.1431,7.233
2018-10-18,44001,Bristol,8.8746,0.4983,49.2567,6.9701
2018-10-19,44001,Bristol,15.6854,5.4352,59.9566,6.543
2018-10-20,44001,Bristol,17.8541,4.8259,79.2269,5.8463
2018-10-21,44001,Bristol,9.0599,-1.6571,73.5147,6.3693
2018-10-22,44001,Bristol,10.4437,1.8776,59.278,3.9038
2018-10-23,44001,Bristol,14.4202,4.6326,71.7384,3.0051
2018-10-24,44001,Bristol,9.6986,1.8758,74.5359,5.971
2018-10-25,44001,Bristol,10.1488,-1.6743,57.1872,5.928
2018-10-26,44001,Bristol,7.9713,1.1815,55.2322,3.1416
2018-10-27,44001,Bristol,11.7212,6.7105,88.1516,6.8544
2018-10-28,44001,Bristol,13.7679,7.1129,79.7409,5.0059
2018-10-29,44001,Bristol,15.0752,4.776,72.5084,4.8867
2018-10-30,44001,Bristol,9.6166,-1.0878,72.6437,4.7732
2018-10-31,44001,Bristol,13.974,0.9203,71.0983,3.4222
2018-11-01,44001,Bristol,19.7741,12.0482,67.34,3.6855
2018-11-02,44001,Bristol,18.8674,14.599,78.2395,7.3853
2018-11-03,44001,Bristol,17.672,4.8565,72.7852,8.3763
2018-11-04,44001,Bristol,12.5464,3.4483,48.187,3.4289
2018-11-05,44001,Bristol,11.0823,4.771,79.4606,4.5329
2018-11-06,44001,Bristol,17.4966,9.1395,83.1881,4.4274
2018-11-07,44001,Bristol,15.9726,5.0563,71.2604,5.4823
2018-11-08,44001,Bristol,11.8342,-0.0522,61.2633,3.6336
2018-11-09,44001,Bristol,10.8366,2.2814,75.6484,5.7533
2018-11-10,44001,Bristol,9.6516,-0.2786,78.6402,7.3574
2018-11-11,44001,Bristol,6.5937,-2.9014,53.579,5.7816
2018-11-12,44001,Bristol,11.048,1.1683,48.1972,2.6173
2018-11-13,44001,Bristol,14.8042,-1.0304,78.254,6.2347
2018-11-14,44001,Bristol,3.7437,-5.1942,37.5755,6.8712
2018-11-15,44001,Bristol,3.8053,-3.2178,54.9142,5.033
2018-11-16,44001,Bristol,6.5061,0.7056,77.7863,6.8787
2018-11-17,44001,Bristol,8.518,0.5229,59.8367,5.3563
2018-11-18,44001,Bristol,5.9948,1.6662,60.4333,2.4283
2018-11-19,44001,Bristol,8.6101,2.4194,83.1421,1.568
2018-11-20,44001,Bristol,5.1214,-1.0642,99.995,3.3642
2018-11-21,44001,Bristol,5.2428,-7.3433,66.5604,6.6688
2018-11-22,44001,Bristol,-5.4864,-10.9185,34.2865,8.1824
2018-11-23,44001,Bristol,-0.9233,-7.4956,44.8986,4.4196
2018-11-24,44001,Bristol,7.821,-2.5621,66.6838,4.0933
2018-11-25,44001,Bristol,8.522,-0.4601,85.8648,4.9174
2018-11-26,44001,Bristol,8.1921,3.0634,84.0504,5.2661
2018-11-27,44001,Bristol,7.6351,0.8948,79.7903,6.9755
2018-11-28,44001,Bristol,5.8969,1.2926,60.0882,6.6739
2018-11-29,44001,Bristol,7.3566,-2.6444,60.9164,6.3642
2018-11-30,44001,Bristol,4.8823,-1.5927,67.5358,2.7168
2018-12-01,44001,Bristol,6.5994,0.6379,58.5134,2.3873
2018-12-02,44001,Bristol,14.5793,5.7068,69.4657,4.9319
2018-12-03,44001,Bristol,14.3817,0.2778,69.9491,5.2837
2018-12-04,44001,Bristol,5.7205,-6.4129,56.4024,5.4947
2018-12-05,44001,Bristol,2.1255,-4.9043,50.9772,2.768
2018-12-06,44001,Bristol,4.5382,-2.9476,47.836,4.8059
2018-12-07,44001,Bristol,3.5201,-7.4444,57.9187,5.4557
2018-12-08,44001,Bristol,-1.0461,-7.6804,39.765,4.7456
2018-12-09,44001,Bristol,1.331,-6.644,58.3201,3.9851
2018-12-10,44001,Bristol,3.3834,-7.3684,60.7632,3.9927
2018-12-11,44001,Bristol,2.6704,-5.477,66.1347,1.6042
2018-12-12,44001,Bristol,3.0352,-5.4194,47.6497,4.8439
2018-12-13,44001,Bristol,1.768,-5.4762,61.585,3.2228
2018-12-14,44001,Bristol,9.0562,-0.6094,65.9852,3.3553
2018-12-15,44001,Bristol,11.3883,4.4769,65.3001,3.3127
2018-12-16,44001,Bristol,6.4482,2.238,75.3961,7.3722
2018-12-17,44001,Bristol,5.4001,-1.7664,75.1197,6.3965
2018-12-18,44001,Bristol,1.5275,-6.1076,39.1451,7.7802
2018-12-19,44001,Bristol,3.6659,-5.6655,51.5362,3.9857
2018-12-20,44001,Bristol,11.902,-2.1067,54.5719,2.696
2018-12-21,44001,Bristol,15.794,9.6148,64.1428,7.5905
2018-12-22,44001,Bristol,11.9418,0.2005,68.9012,6.7972
2018-12-23,44001,Bristol,4.5289,-1.3357,51.0914,3.5649
2018-12-24,44001,Bristol,2.48,-1.2265,69.3429,2.5461
2018-12-25,44001,Bristol,3.723,-5.1108,52.8544,4.597
2018-12-26,44001,Bristol,3.6528,-3.1975,41.9666,4.1944
2018-12-27,44001,Bristol,4.1105,-0.4526,41.4643,3.5567
2018-12-28,44001,Bristol,12.8423,3.3968,66.8199,6.9195
2018-12-29,44001,Bristol,11.961,-1.3287,62.8302,4.9518
2018-12-30,44001,Bristol,1.6464,-3.7943,56.7844,1.7027
2018-12-31,44001,Bristol,3.8877,-4.7851,55.0314,1.3694
2019-01-01,44001,Bristol,14.5885,-1.7917,61.8195,7.2882
2019-01-02,44001,Bristol,3.1289,-1.9309,45.5453,3.1965
2019-01-03,44001,Bristol,7.8326,-0.6498,61.3805,3.5625
2019-01-04,44001,Bristol,7.158,0.5962,58.8285,4.9637
2019-01-05,44001,Bristol,7.0028,-0.3298,79.7639,4.2592
2019-01-06,44001,Bristol,7.2576,-6.6919,58.9661,5.8219
2019-01-07,44001,Bristol,0.9185,-5.5745,25.8513,4.8439
2019-01-08,44001,Bristol,6.9844,1.9126,63.0441,4.4007
2019-01-09,44001,Bristol,7.6747,0.0182,62.3659,7.054
2019-01-10,44001,Bristol,1.8789,-5.9399,52.4359,6.7607
2019-01-11,44001,Bristol,-1.1377,-9.4547,38.6064,6.4117
2019-01-12,44001,Bristol,-1.4383,-8.8145,28.8227,4.8439
2019-01-13,44001,Bristol,-1.9742,-7.5608,45.786,4.7187
2019-01-14,44001,Bristol,0.3699,-8.0612,65.0414,5.2235
2019-01-15,44001,Bristol,1.7937,-7.5103,44.2652,2.6376
2019-01-16,44001,Bristol,2.3103,-6.4362,63.6911,5.0136
2019-01-17,44001,Bristol,-1.3442,-5.4737,31.7607,3.2537
2019-01-18,44001,Bristol,3.4572,-3.618,70.7413,2.1504
2019-01-19,44001,Bristol,2.8425,-4.5768,66.3621,4.3819
2019-01-20,44001,Bristol,3.5918,-16.1935,100.0,6.1976
2019-01-21,44001,Bristol,-11.2962,-16.0261,37.5158,9.1273
2019-01-22,44001,Bristol,-3.4712,-11.3373,40.6665,5.7088
2019-01-23,44001,Bristol,10.662,-2.522,50.3967,5.8804
2019-01-24,44001,Bristol,13.1233,-0.7099,75.7553,8.6091
2019-01-25,44001,Bristol,3.8844,-6.7813,61.6869,5.4194
2019-01-26,44001,Bristol,0.5217,-5.5116,43.5005,2.8255
2019-01-27,44001,Bristol,6.427,-4.0641,62.7955,3.9416
2019-01-28,44001,Bristol,1.1361,-5.4789,48.423,4.9174
2019-01-29,44001,Bristol,3.5935,-3.9722,63.224,4.0808
2019-01-30,44001,Bristol,1.6212,-14.9191,73.3624,6.5016
2019-01-31,44001,Bristol,-8.4913,-15.5902,36.8129,6.5904
2019-02-01,44001,Bristol,-5.023,-12.8602,33.148,4.6157
2019-02-02,44001,Bristol,0.6984,-11.1817,48.4273,5.7421
2019-02-03,44001,Bristol,4.6659,-0.5098,59.7191,2.4714
2019-02-04,44001,Bristol,13.7262,0.047,50.0803,2.792
2019-02-05,44001,Bristol,16.4849,1.0388,50.7306,3.3207
2019-02-06,44001,Bristol,6.5863,0.9505,55.8094,3.3923
2019-02-07,44001,Bristol,5.6071,1.3351,80.6839,3.086
2019-02-08,44001,Bristol,9.8417,-4.6305,67.8454,5.0151
2019-02-09,44001,Bristol,0.9018,-6.5776,29.3943,7.481
2019-02-10,44001,Bristol,2.2964,-5.7501,31.6144,4.4753
2019-02-11,44001,Bristol,2.5921,-7.2534,33.4758,3.2127
2019-02-12,44001,Bristol,2.9569,-6.853,60.0168,5.9145
2019-02-13,44001,Bristol,5.8473,-1.1978,67.5168,6.6042
2019-02-14,44001,Bristol,4.384,-1.1503,44.4742,5.4624
2019-02-15,44001,Bristol,10.6503,0.7727,69.0945,5.7211
2019-02-16,44001,Bristol,6.5729,-4.7826,59.7699,3.5936
2019-02-17,44001,Bristol,2.9269,-4.1341,41.1283,2.0302
2019-02-18,44001,Bristol,1.6799,-8.2832,85.2806,3.8449
2019-02-19,44001,Bristol,0.0434,-8.048,40.5483,4.9187
2019-02-20,44001,Bristol,0.6599,-5.5936,47.2954,2.8909
2019-02-21,44001,Bristol,8.53,-0.6473,56.6668,4.481
2019-02-22,44001,Bristol,7.4897,-2.1527,47.3817,3.6609
2019-02-23,44001,Bristol,5.7949,-1.685,50.4504,1.6667
2019-02-24,44001,Bristol,8.461,0.6511,71.2631,6.1211
2019-02-25,44001,Bristol,3.8572,-5.7775,43.764,10.887
2019-02-26,44001,Bristol,-0.0369,-8.8681,26.8148,7.9764
2019-02-27,44001,Bristol,-2.6042,-8.9971,32.777,3.2241
2019-02-28,44001,Bristol,-0.973,-8.0166,63.2221,3.7137
2019-03-01,44001,Bristol,2.6068,-2.9981,49.4155,2.0155
2019-03-02,44001,Bristol,1.6617,-2.2944,77.716,4.8284
2019-03-03,44001,Bristol,6.0195,-0.7603,58.6968,2.382
2019-03-04,44001,Bristol,4.2594,-8.3215,79.0739,5.3541
2019-03-05,44001,Bristol,-0.5096,-9.1551,61.69,4.363
2019-03-06,44001,Bristol,-3.106,-11.6751,52.6935,5.8591
2019-03-07,44001,Bristol,-1.9229,-10.7621,51.7204,5.5095
2019-03-08,44001,Bristol,2.7141,-6.4509,50.0412,4.0001
2019-03-09,44001,Bristol,7.0756,-2.3565,46.3135,2.908
2019-03-10,44001,Bristol,5.8225,0.6396,65.1398,6.0933
2019-03-11,44001,Bristol,10.3122,-0.4575,52.9412,5.044
2019-03-12,44001,Bristol,6.7588,-4.1035,52.0912,4.3151
2019-03-13,44001,Bristol,7.182,0.881,46.3195,2.3677
2019-03-14,44001,Bristol,11.2882,4.5089,56.8629,3.6663
2019-03-15,44001,Bristol,15.1834,4.5049,67.9338,6.3102
2019-03-16,44001,Bristol,11.2057,-1.8736,54.5632,5.7172
2019-03-17,44001,Bristol,6.0943,-4.8145,41.8382,4.767
2019-03-18,44001,Bristol,6.4283,-3.6415,38.7803,3.2373
2019-03-19,44001,Bristol,8.001,-3.8376,41.5368,3.0424
2019-03-20,44001,Bristol,9.9146,-0.9542,42.7988,2.8535
2019-03-21,44001,Bristol,10.0256,3.5409,61.0734,4.9128
2019-03-22,44001,Bristol,6.6112,-1.1469,83.1066,5.9919
2019-03-23,44001,Bristol,8.0968,-1.5328,49.3858,7.5528
2019-03-24,44001,Bristol,13.912,3.1511,39.1155,5.2422
2019-03-25,44001,Bristol,10.6114,-0.738,48.0357,2.2159
2019-03-26,44001,Bristol,7.7748,-3.1335,36.8629,4.8215
2019-03-27,44001,Bristol,7.6828,-2.8158,38.7167,3.1202
2019-03-28,44001,Bristol,10.2195,2.9742,50.7431,4.7422
2019-03-29,44001,Bristol,12.3418,4.6191,69.4216,4.1066
2019-03-30,44001,Bristol,18.5071,6.6982,58.5113,3.5376
2019-03-31,44001,Bristol,17.1415,1.2431,72.5203,6.1132
2019-04-01,44001,Bristol,8.2108,-3.1435,41.6423,5.6423
2019-04-02,44001,Bristol,9.1326,2.3637,47.3612,3.6089
2019-04-03,44001,Bristol,17.4162,3.1753,42.1874,7.0798
2019-04-04,44001,Bristol,12.2344,-0.5108,33.8505,5.6276
2019-04-05,44001,Bristol,8.2923,1.2637,44.8487,3.2101
2019-04-06,44001,Bristol,18.9958,2.4398,54.7738,2.5624
2019-04-07,44001,Bristol,16.5031,7.2042,50.829,2.6424
2019-04-08,44001,Bristol,11.0436,1.7959,92.1079,3.1743
2019-04-09,44001,Bristol,11.4615,2.2204,72.0133,3.2545
2019-04-10,44001,Bristol,10.4914,-0.5406,60.2383,3.5487
2019-04-11,44001,Bristol,11.5674,3.998,41.4942,2.8702
2019-04-12,44001,Bristol,15.4588,7.6441,58.0506,4.1055
2019-04-13,44001,Bristol,19.1141,7.8292,74.4813,5.178
2019-04-14,44001,Bristol,21.9896,9.6752,61.0067,2.7676
2019-04-15,44001,Bristol,19.7453,5.2162,64.4873,7.8111
2019-04-16,44001,Bristol,16.0571,3.623,37.1437,6.2247
2019-04-17,44001,Bristol,17.1088,3.3027,39.9506,1.9123
2019-04-18,44001,Bristol,16.6229,6.1855,57.3186,5.2349
2019-04-19,44001,Bristol,21.3171,14.8333,59.9381,6.419
2019-04-20,44001,Bristol,20.6843,10.6418,70.2356,6.228
2019-04-21,44001,Bristol,19.3493,7.8102,74.1775,3.2653
2019-04-22,44001,Bristol,16.2919,7.8673,72.9366,3.0776
2019-04-23,44001,Bristol,16.6884,8.1153,72.3343,2.0789
2019-04-24,44001,Bristol,20.5328,5.5138,57.0509,4.0147
2019-04-25,44001,Bristol,17.5656,8.5518,50.2755,2.2193
2019-04-26,44001,Bristol,15.7404,7.5928,71.0542,6.3161
2019-04-27,44001,Bristol,13.6051,5.0082,60.6082,6.8835
2019-04-28,44001,Bristol,12.3329,3.3481,63.2284,3.0864
2019-04-29,44001,Bristol,16.332,4.9153,45.3382,3.5057
2019-04-30,44001,Bristol,12.0942,4.1535,75.3601,3.1762
2019-05-01,44001,Bristol,14.373,7.2453,54.3032,2.5652
2019-05-02,44001,Bristol,14.158,6.582,75.8874,3.2429
2019-05-03,44001,Bristol,15.7166,8.872,70.7825,2.6842
2019-05-04,44001,Bristol,17.6605,8.7762,79.9014,1.7811
2019-05-05,44001,Bristol,11.9692,7.0186,88.4241,4.439
2019-05-06,44001,Bristol,18.163,3.6964,64.4386,4.5026
2019-05-07,44001,Bristol,20.4104,10.51,56.4667,3.3591
2019-05-08,44001,Bristol,20.6506,5.1697,55.6576,2.439
2019-05-09,44001,Bristol,17.4276,8.3782,46.9689,3.1949
2019-05-10,44001,Bristol,17.0105,10.257,71.4664,5.9437
2019-05-11,44001,Bristol,22.2497,5.8742,60.1826,2.543
2019-05-12,44001,Bristol,9.7971,4.292,81.4493,4.5176
2019-05-13,44001,Bristol,13.6915,4.4766,63.4227,6.5074
2019-05-14,44001,Bristol,9.5402,4.996,76.4783,3.9141
2019-05-15,44001,Bristol,16.1714,7.8726,59.6548,2.8313
2019-05-16,44001,Bristol,21.0625,8.374,55.5441,1.6291
2019-05-17,44001,Bristol,21.7603,11.1828,62.9624,3.9606
2019-05-18,44001,Bristol,22.8276,9.4807,51.7191,2.8339
2019-05-19,44001,Bristol,20.1177,12.7596,62.8246,4.69
2019-05-20,44001,Bristol,28.1994,11.3983,68.461,5.2689
2019-05-21,44001,Bristol,21.3654,9.5439,52.3605,5.5373
2019-05-22,44001,Bristol,22.3598,8.9239,43.2935,3.6484
2019-05-23,44001,Bristol,18.7321,12.5925,65.408,5.4868
2019-05-24,44001,Bristol,23.395,7.7587,65.1787,5.4313
2019-05-25,44001,Bristol,23.9914,12.9884,49.4037,2.8927
2019-05-26,44001,Bristol,29.984,16.4763,54.4533,3.7572
2019-05-27,44001,Bristol,27.1428,12.8071,56.1865,2.2138
2019-05-28,44001,Bristol,17.4755,8.5359,74.5766,3.1037
2019-05-29,44001,Bristol,13.9105,8.5717,94.1737,2.1415
2019-05-30,44001,Bristol,17.6997,11.3856,79.7365,3.0866
2019-05-31,44001,Bristol,26.0283,13.2635,63.0723,2.3256
2019-06-01,44001,Bristol,24.2052,12.5837,68.0268,2.0832
2019-06-02,44001,Bristol,22.5265,11.7793,74.2675,3.1132
2019-06-03,44001,Bristol,22.3119,7.9017,55.1335,4.2876
2019-06-04,44001,Bristol,21.5354,12.1843,48.3595,3.8735
2019-06-05,44001,Bristol,25.3753,16.958,64.3068,5.4326
2019-06-06,44001,Bristol,27.2919,13.9644,71.2347,2.7732
2019-06-07,44001,Bristol,26.3745,12.0271,68.7956,1.7136
2019-06-08,44001,Bristol,26.481,9.0527,59.1757,1.8026
2019-06-09,44001,Bristol,24.6267,10.1989,54.4315,2.1769
2019-06-10,44001,Bristol,25.2021,16.4656,61.1845,3.4764
2019-06-11,44001,Bristol,25.0658,10.8435,74.533,4.4247
2019-06-12,44001,Bristol,24.5335,12.1184,52.7106,2.7591
2019-06-13,44001,Bristol,15.2926,10.9982,96.7553,4.0502
2019-06-14,44001,Bristol,22.9732,13.1232,65.2579,4.3873
2019-06-15,44001,Bristol,26.2799,17.0583,54.5741,4.4872
2019-06-16,44001,Bristol,22.447,16.8038,81.3057,3.5458
2019-06-17,44001,Bristol,26.1368,16.6774,68.6383,1.8712
2019-06-18,44001,Bristol,21.5941,15.8859,84.5457,1.8177
2019-06-19,44001,Bristol,23.3187,15.9354,80.1945,2.094
2019-06-20,44001,Bristol,20.8777,14.551,91.3827,2.5139
2019-06-21,44001,Bristol,21.3768,14.2026,84.1291,3.3977
2019-06-22,44001,Bristol,26.9223,12.6513,54.4154,3.9557
2019-06-23,44001,Bristol,29.298,16.1691,50.3317,3.6129
2019-06-24,44001,Bristol,30.0139,16.4972,51.1891,2.0938
2019-06-25,44001,Bristol,23.339,18.0657,70.617,3.2812
2019-06-26,44001,Bristol,28.7816,18.421,69.729,1.4914
2019-06-27,44001,Bristol,29.6809,16.2067,68.6174,1.8424
2019-06-28,44001,Bristol,31.5598,20.9217,55.1101,1.645
2019-06-29,44001,Bristol,29.4805,17.8929,73.0324,3.8674
2019-06-30,44001,Bristol,26.25,15.3303,68.7764,2.8535
2019-07-01,44001,Bristol,28.602,18.9985,58.0603,2.8373
2019-07-02,44001,Bristol,27.9874,18.0864,68.0164,2.7784
2019-07-03,44001,Bristol,31.4606,18.2973,62.828,1.3589
2019-07-04,44001,Bristol,32.0929,17.8611,63.7642,2.0501
2019-07-05,44001,Bristol,29.6908,21.3383,65.3248,2.5028
2019-07-06,44001,Bristol,31.1931,21.0582,75.7813,3.8368
2019-07-07,44001,Bristol,26.5262,14.5636,78.1287,2.8279
2019-07-08,44001,Bristol,27.3873,15.7027,63.1066,1.2959
2019-07-09,44001,Bristol,30.328,17.1218,56.2636,2.2393
2019-07-10,44001,Bristol,31.4651,19.6722,56.9535,2.0195
2019-07-11,44001,Bristol,28.1475,20.9643,72.7203,3.8178
2019-07-12,44001,Bristol,30.7822,20.8106,73.7739,2.4
2019-07-13,44001,Bristol,29.9852,19.718,68.544,2.1857
2019-07-14,44001,Bristol,32.2131,17.9994,67.7123,2.87
2019-07-15,44001,Bristol,28.7961,16.4324,58.0873,2.6926
2019-07-16,44001,Bristol,30.3191,22.721,57.5639,2.6922
2019-07-17,44001,Bristol,32.304,21.6254,74.491,3.6729
2019-07-18,44001,Bristol,24.4352,17.4986,90.125,1.3339
2019-07-19,44001,Bristol,31.3432,19.7791,70.8652,3.2827
2019-07-20,44001,Bristol,35.0021,24.7287,68.2226,3.6685
2019-07-21,44001,Bristol,35.4166,23.3628,64.7366,3.4375
2019-07-22,44001,Bristol,29.2271,18.8525,76.7029,1.8176
2019-07-23,44001,Bristol,21.1562,17.0613,94.9377,2.4526
2019-07-24,44001,Bristol,27.4861,16.9706,67.5839,2.4825
2019-07-25,44001,Bristol,28.1996,16.5499,65.4651,1.0029
2019-07-26,44001,Bristol,28.7602,17.533,63.7005,1.6127
2019-07-27,44001,Bristol,27.2737,17.6256,70.5747,2.2428
2019-07-28,44001,Bristol,31.851,22.1272,61.5876,3.9115
2019-07-29,44001,Bristol,32.1605,21.2129,67.1468,3.7438
2019-07-30,44001,Bristol,33.5352,21.5873,65.1056,3.0455
2019-07-31,44001,Bristol,32.7431,20.1207,68.2079,3.1636
2019-08-01,44001,Bristol,30.4254,16.5157,71.2688,1.6312
2019-08-02,44001,Bristol,29.5205,17.6692,63.7186,1.7577
2019-08-03,44001,Bristol,29.868,21.0156,65.2896,3.5363
2019-08-04,44001,Bristol,30.5965,16.3926,71.2717,1.9327
2019-08-05,44001,Bristol,27.8802,16.931,63.0937,1.9447
2019-08-06,44001,Bristol,26.2032,18.0196,83.5253,2.0943
2019-08-07,44001,Bristol,28.711,19.4673,78.2034,3.7864
2019-08-08,44001,Bristol,29.2577,17.0648,80.0885,4.4818
2019-08-09,44001,Bristol,29.346,15.4659,66.2068,3.5617
2019-08-10,44001,Bristol,26.9224,12.9273,62.0328,3.7113
2019-08-11,44001,Bristol,26.5215,15.4274,54.2692,2.9064
2019-08-12,44001,Bristol,29.0194,20.2309,56.8613,3.7115
2019-08-13,44001,Bristol,24.3509,18.9465,94.8408,3.6026
2019-08-14,44001,Bristol,27.0814,16.464,84.3611,1.5629
2019-08-15,44001,Bristol,27.6702,16.4044,68.5394,3.223
2019-08-16,44001,Bristol,28.095,19.0592,62.5275,2.5749
2019-08-17,44001,Bristol,26.4739,20.8086,76.4941,1.9473
2019-08-18,44001,Bristol,30.4795,22.3362,72.9846,2.3792
2019-08-19,44001,Bristol,32.457,19.3545,75.1543,3.2875
2019-08-20,44001,Bristol,30.764,18.2064,65.0889,1.4211
2019-08-21,44001,Bristol,28.5615,22.1722,76.051,4.0681
2019-08-22,44001,Bristol,31.4686,19.9196,75.6246,3.4423
2019-08-23,44001,Bristol,24.9094,14.3501,76.8031,1.942
2019-08-24,44001,Bristol,24.25,14.4343,62.9595,4.2981
2019-08-25,44001,Bristol,20.8776,12.1022,79.1024,5.574
2019-08-26,44001,Bristol,23.1978,10.2421,70.147,4.2807
2019-08-27,44001,Bristol,23.3781,14.9737,62.5502,2.0514
2019-08-28,44001,Bristol,24.594,19.2735,78.5187,2.7026
2019-08-29,44001,Bristol,28.7136,14.0317,71.0161,2.4494
2019-08-30,44001,Bristol,27.9712,16.6587,64.6271,3.8674
2019-08-31,44001,Bristol,26.7737,12.9564,58.4473,2.1974
2019-09-01,44001,Bristol,24.0545,13.2351,61.9568,3.2045
2019-09-02,44001,Bristol,24.518,16.3739,75.4002,4.0257
2019-09-03,44001,Bristol,27.002,14.902,68.4328,1.7691
2019-09-04,44001,Bristol,27.9976,14.491,78.982,4.3612
2019-09-05,44001,Bristol,21.6134,11.7152,72.9056,2.4611
2019-09-06,44001,Bristol,19.3235,12.3582,82.6517,5.4648
2019-09-07,44001,Bristol,22.5632,12.7565,67.2513,5.7981
2019-09-08,44001,Bristol,24.1735,12.7073,59.1615,2.9049
2019-09-09,44001,Bristol,23.7539,13.3304,63.4217,2.2796
2019-09-10,44001,Bristol,23.6293,16.8029,68.3088,3.172
2019-09-11,44001,Bristol,28.0953,17.3763,71.2771,4.9863
2019-09-12,44001,Bristol,19.5175,9.6859,99.6724,4.138
2019-09-13,44001,Bristol,20.3432,7.8278,65.6182,4.2873
2019-09-14,44001,Bristol,22.3989,14.3562,80.1888,4.5039
2019-09-15,44001,Bristol,26.2795,15.503,70.7068,3.328
2019-09-16,44001,Bristol,23.5453,9.6591,67.1893,2.4682
2019-09-17,44001,Bristol,21.314,12.2234,58.3785,3.9759
2019-09-18,44001,Bristol,17.6388,5.9036,66.6297,5.3422
2019-09-19,44001,Bristol,20.2757,6.9588,52.5791,2.9203
2019-09-20,44001,Bristol,26.1254,11.5568,48.5361,2.868
2019-09-21,44001,Bristol,27.8562,13.4046,54.0752,2.038
2019-09-22,44001,Bristol,27.9178,16.9823,57.3418,4.1368
2019-09-23,44001,Bristol,28.7034,16.5949,69.651,6.1445
2019-09-24,44001,Bristol,24.7341,11.1782,70.7548,3.9084
2019-09-25,44001,Bristol,22.7095,12.2209,57.1888,2.884
2019-09-26,44001,Bristol,26.2684,10.625,71.9729,4.0611
2019-09-27,44001,Bristol,22.4845,10.7457,59.7119,2.4907
2019-09-28,44001,Bristol,24.556,16.7936,65.5689,3.9872
2019-09-29,44001,Bristol,24.1665,10.2812,63.2046,3.6006
2019-09-30,44001,Bristol,18.9823,11.7875,60.1776,2.9519
2019-10-01,44001,Bristol,22.4733,15.9609,65.9088,5.0475
2019-10-02,44001,Bristol,27.5476,10.3266,69.2948,3.8944
2019-10-03,44001,Bristol,13.1918,9.3603,75.4866,4.8269
2019-10-04,44001,Bristol,17.2788,3.0611,74.6925,5.2863
2019-10-05,44001,Bristol,15.3844,3.0283,45.7011,3.1367
2019-10-06,44001,Bristol,20.8555,9.8003,64.1747,4.9767
2019-10-07,44001,Bristol,25.5472,13.5485,69.7575,5.3792
2019-10-08,44001,Bristol,17.1529,11.9214,69.9557,4.7661
2019-10-09,44001,Bristol,14.1146,10.5432,80.2862,8.4044
2019-10-10,44001,Bristol,13.6576,10.7848,75.9154,10.8394
2019-10-11,44001,Bristol,13.312,11.2463,79.6676,9.932
2019-10-12,44001,Bristol,14.3032,8.3569,90.0198,4.3355
2019-10-13,44001,Bristol,20.0841,9.0337,63.4788,1.8921
2019-10-14,44001,Bristol,19.638,7.3353,80.0131,3.2387
2019-10-15,44001,Bristol,17.0865,3.5382,55.9148,2.1431
2019-10-16,44001,Bristol,17.3627,8.446,73.1465,5.7311
2019-10-17,44001,Bristol,14.5746,8.7988,73.5214,10.1121
2019-10-18,44001,Bristol,15.9766,3.5476,61.5089,5.444
2019-10-19,44001,Bristol,15.1596,2.2645,57.8554,2.8898
2019-10-20,44001,Bristol,16.4304,5.9981,71.6048,2.4235
2019-10-21,44001,Bristol,17.5122,7.7649,71.418,5.1992
2019-10-22,44001,Bristol,16.3833,10.6516,81.7108,4.1322
2019-10-23,44001,Bristol,20.0827,4.1609,70.6282,4.1307
2019-10-24,44001,Bristol,19.0261,5.7555,53.5747,3.2941
2019-10-25,44001,Bristol,18.647,8.9985,61.6732,1.8916
2019-10-26,44001,Bristol,16.1396,7.6463,62.831,2.6069
2019-10-27,44001,Bristol,13.5529,9.3952,82.5909,6.471
2019-10-28,44001,Bristol,13.3994,9.6899,77.2762,4.3808
2019-10-29,44001,Bristol,14.2396,10.0058,86.6551,2.935
2019-10-30,44001,Bristol,18.8867,12.9507,80.7591,2.0864
2019-10-31,44001,Bristol,21.1702,9.5043,94.1701,7.349
2019-11-01,44001,Bristol,14.7546,-0.4108,68.3653,7.4888
2019-11-02,44001,Bristol,10.1142,2.0212,63.0564,1.8893
2019-11-03,44001,Bristol,12.8907,-1.1464,57.1478,3.9447
2019-11-04,44001,Bristol,12.0148,2.3788,52.6947,3.0418
2019-11-05,44001,Bristol,14.2399,2.588,95.1188,4.894
2019-11-06,44001,Bristol,11.8546,0.5897,53.7825,3.8677
2019-11-07,44001,Bristol,14.2261,-0.2222,73.4161,4.5315
2019-11-08,44001,Bristol,2.7582,-5.5235,68.9618,6.5394
2019-11-09,44001,Bristol,3.901,-4.0475,51.0564,2.9331
2019-11-10,44001,Bristol,11.2634,0.0617,60.569,3.9411
2019-11-11,44001,Bristol,16.8528,5.2451,56.4454,2.4221
2019-11-12,44001,Bristol,13.6736,-7.657,75.3379,6.3735
2019-11-13,44001,Bristol,-0.0638,-8.1185,37.6367,6.0717
2019-11-14,44001,Bristol,5.7614,-4.8983,65.051,2.7762
2019-11-15,44001,Bristol,12.176,-2.9303,52.7693,4.529
2019-11-16,44001,Bristol,3.414,-4.5025,49.8974,7.1783
2019-11-17,44001,Bristol,5.3604,-2.2614,77.0269,6.8986
2019-11-18,44001,Bristol,5.7628,2.0667,87.5769,7.4209
2019-11-19,44001,Bristol,8.5518,3.947,72.9742,2.4873
2019-11-20,44001,Bristol,5.53,0.819,81.7936,4.3974
2019-11-21,44001,Bristol,10.8946,1.1822,54.3652,3.6548
2019-11-22,44001,Bristol,12.8817,-1.8411,71.7795,6.4278
2019-11-23,44001,Bristol,7.7339,-0.1903,49.3455,3.8547
2019-11-24,44001,Bristol,9.1324,3.2397,76.701,5.1541
2019-11-25,44001,Bristol,11.3923,0.8379,63.2259,4.2272
2019-11-26,44001,Bristol,15.2077,1.3204,63.8196,3.6153
2019-11-27,44001,Bristol,12.2071,2.3888,86.2037,3.321
2019-11-28,44001,Bristol,8.8562,-0.8976,68.3956,8.065
2019-11-29,44001,Bristol,6.2252,-2.2983,52.6871,6.0008
2019-11-30,44001,Bristol,4.317,-6.7522,42.9565,5.6924
2019-12-01,44001,Bristol,4.1188,-5.8532,70.6384,5.1905
2019-12-02,44001,Bristol,5.563,-1.7427,85.0221,9.1057
2019-12-03,44001,Bristol,1.6464,-3.121,71.5095,7.086
2019-12-04,44001,Bristol,3.2867,-1.6546,66.2676,3.4678
2019-12-05,44001,Bristol,6.1301,-2.6668,62.6548,5.2254
2019-12-06,44001,Bristol,7.0907,-2.6622,57.3379,5.5425
2019-12-07,44001,Bristol,2.4065,-8.4241,58.9645,4.9987
2019-12-08,44001,Bristol,6.8537,-7.0573,50.2462,3.5794
2019-12-09,44001,Bristol,15.2626,6.995,62.4436,6.9915
2019-12-10,44001,Bristol,14.6674,-0.2164,93.8575,6.3965
2019-12-11,44001,Bristol,1.3483,-4.9968,71.7899,4.874
2019-12-12,44001,Bristol,0.3344,-5.5547,57.639,3.4854
2019-12-13,44001,Bristol,13.0213,-2.0963,53.545,4.2774
2019-12-14,44001,Bristol,15.8397,5.7322,52.2268,6.6767
2019-12-15,44001,Bristol,9.1222,-0.9247,53.5714,8.4524
2019-12-16,44001,Bristol,1.2156,-1.9399,42.648,3.6053
2019-12-17,44001,Bristol,2.4021,-1.7426,75.4694,4.1593
2019-12-18,44001,Bristol,2.9065,-10.2045,75.8518,6.0115
2019-12-19,44001,Bristol,-4.9869,-10.174,47.9238,8.1162
2019-12-20,44001,Bristol,-0.6232,-8.1355,51.9528,5.3986
2019-12-21,44001,Bristol,1.8818,-6.9955,68.546,2.0922
2019-12-22,44001,Bristol,6.8311,-1.7327,62.2765,4.5477
2019-12-23,44001,Bristol,12.7766,-0.8642,51.1531,4.7991
2019-12-24,44001,Bristol,7.7761,-3.354,53.3583,4.4231
2019-12-25,44001,Bristol,5.8033,-3.2307,61.5463,1.7693
2019-12-26,44001,Bristol,6.3755,0.7495,58.5163,3.501
2019-12-27,44001,Bristol,10.0524,3.5349,68.3319,4.2017
2019-12-28,44001,Bristol,9.4351,0.0148,59.8698,3.6433
2019-12-29,44001,Bristol,6.5742,0.5196,53.5818,2.6832
2019-12-30,44001,Bristol,5.0432,2.4619,73.2539,7.4219
2019-12-31,44001,Bristol,3.8877,-4.7851,89.6697,4.1278
2020-01-01,44001,Bristol,5.9058,-0.209,52.8002,5.9988
2020-01-02,44001,Bristol,9.4084,0.6258,50.6009,5.3988
2020-01-03,44001,Bristol,9.6138,6.8059,61.9818,3.4858
2020-01-04,44001,Bristol,7.8202,2.7482,83.3564,1.5503
2020-01-05,44001,Bristol,4.3418,-3.2097,58.2219,6.505
2020-01-06,44001,Bristol,2.9173,-2.2396,60.8831,3.648
2020-01-07,44001,Bristol,6.0063,-1.1277,54.3982,3.3442
2020-01-08,44001,Bristol,5.0275,-5.8383,63.0771,6.5221
2020-01-09,44001,Bristol,1.8348,-5.8021,35.0579,4.6654
2020-01-10,44001,Bristol,12.0701,2.7766,53.3274,5.9521
2020-01-11,44001,Bristol,17.2182,11.4998,53.5994,6.7726
2020-01-12,44001,Bristol,20.896,3.3873,51.6693,6.6337
2020-01-13,44001,Bristol,6.0713,2.0549,70.8933,2.9435
2020-01-14,44001,Bristol,5.2974,2.1318,70.7709,2.6886
2020-01-15,44001,Bristol,10.0034,-0.6605,62.0715,2.3894
2020-01-16,44001,Bristol,8.5194,-6.1216,63.9564,7.0366
2020-01-17,44001,Bristol,-3.9603,-9.4685,32.9833,8.2821
2020-01-18,44001,Bristol,2.4056,-9.1389,48.6585,4.1835
2020-01-19,44001,Bristol,6.7279,-7.4058,68.0125,5.3553
2020-01-20,44001,Bristol,-1.5849,-9.455,51.5157,5.9105
2020-01-21,44001,Bristol,-2.0787,-10.6098,52.6927,3.7349
2020-01-22,44001,Bristol,2.4734,-9.1919,55.7555,1.9004
2020-01-23,44001,Bristol,8.1301,-6.8095,56.4012,2.7061
2020-01-24,44001,Bristol,9.7456,-1.7316,52.1995,2.1456
2020-01-25,44001,Bristol,10.9732,3.8324,55.4112,5.1098
2020-01-26,44001,Bristol,10.0046,0.0931,56.4622,4.884
2020-01-27,44001,Bristol,7.771,1.8269,53.0529,4.8979
2020-01-28,44001,Bristol,5.321,0.1316,54.3981,3.7848
2020-01-29,44001,Bristol,5.0218,-5.8308,49.4796,4.4862
2020-01-30,44001,Bristol,2.4233,-5.9032,41.9305,2.4074
2020-01-31,44001,Bristol,6.9312,-3.4919,53.1055,1.8616
2020-02-01,44001,Bristol,4.5313,0.0301,70.1067,2.5604
2020-02-02,44001,Bristol,5.4946,-1.6515,64.1097,2.8438
2020-02-03,44001,Bristol,8.6859,-1.167,57.7653,3.3985
2020-02-04,44001,Bristol,9.5403,2.2801,66.0209,2.3991
2020-02-05,44001,Bristol,5.6661,1.2872,57.6645,2.9697
2020-02-06,44001,Bristol,4.9226,2.621,78.682,2.936
2020-02-07,44001,Bristol,14.0484,-3.1133,63.1005,7.1509
2020-02-08,44001,Bristol,3.5037,-6.0859,40.3225,5.9455
2020-02-09,44001,Bristol,6.126,-4.2669,50.9845,2.7315
2020-02-10,44001,Bristol,8.6123,5.1607,66.0572,5.4044
2020-02-11,44001,Bristol,6.9319,2.186,80.962,1.976
2020-02-12,44001,Bristol,7.0995,1.9962,48.6526,4.6486
2020-02-13,44001,Bristol,4.7873,-1.2629,94.7202,3.448
2020-02-14,44001,Bristol,0.726,-12.1037,50.1913,5.344
2020-02-15,44001,Bristol,0.3806,-11.1434,39.1309,4.1704
2020-02-16,44001,Bristol,6.2167,-3.5974,61.3029,4.9782
2020-02-17,44001,Bristol,8.7356,-2.358,47.3316,2.5655
2020-02-18,44001,Bristol,6.056,1.2605,68.6713,5.5385
2020-02-19,44001,Bristol,7.731,-4.4471,52.0711,5.1968
2020-02-20,44001,Bristol,1.7152,-8.7967,30.9534,3.8844
2020-02-21,44001,Bristol,0.1557,-8.1387,34.4113,4.3404
2020-02-22,44001,Bristol,8.607,-4.0095,39.7093,4.7181
2020-02-23,44001,Bristol,12.2769,-1.5758,43.2562,3.4824
2020-02-24,44001,Bristol,14.9797,2.1494,47.86,3.4628
2020-02-25,44001,Bristol,12.5539,6.0692,62.0162,1.9469
2020-02-26,44001,Bristol,10.6496,6.0648,61.9209,3.6257
2020-02-27,44001,Bristol,10.7305,-2.0061,57.4735,8.4662
2020-02-28,44001,Bristol,4.1025,-4.1824,36.2529,7.4311
2020-02-29,44001,Bristol,3.1534,-6.7222,40.1005,4.7831
2020-03-01,44001,Bristol,2.0948,-5.408,34.3921,5.1209
2020-03-02,44001,Bristol,12.4187,0.5719,50.7671,5.2876
2020-03-03,44001,Bristol,16.6403,6.4487,60.9572,4.562
2020-03-04,44001,Bristol,11.9221,2.89,52.0393,6.5375
2020-03-05,44001,Bristol,11.929,-0.8483,43.2838,3.4621
2020-03-06,44001,Bristol,10.393,-0.9536,55.5964,6.2941
2020-03-07,44001,Bristol,7.6808,-1.4809,34.7761,8.0985
2020-03-08,44001,Bristol,13.3951,2.6321,33.5344,4.4226
2020-03-09,44001,Bristol,21.3509,5.9985,36.6806,5.0275
2020-03-10,44001,Bristol,19.4878,7.252,49.9724,5.384
2020-03-11,44001,Bristol,14.3428,0.524,51.9082,3.2299
2020-03-12,44001,Bristol,10.6719,3.403,56.8577,3.5645
2020-03-13,44001,Bristol,16.1745,2.6003,69.6413,6.6256
2020-03-14,44001,Bristol,12.0993,3.8219,41.4117,5.1927
2020-03-15,44001,Bristol,10.6843,-2.8078,39.895,4.0502
2020-03-16,44001,Bristol,5.3776,-0.8107,46.0823,4.068
2020-03-17,44001,Bristol,8.8035,1.0661,74.0414,4.2741
2020-03-18,44001,Bristol,12.4802,3.9821,43.4971,2.8872
2020-03-19,44001,Bristol,8.8089,5.0509,79.7794,3.1307
2020-03-20,44001,Bristol,18.1719,6.3615,70.0285,5.1862
2020-03-21,44001,Bristol,10.2646,-3.0107,52.1091,5.0461
2020-03-22,44001,Bristol,4.9662,-2.1353,40.3572,4.5208
2020-03-23,44001,Bristol,6.1,0.8845,68.6475,6.3412
2020-03-24,44001,Bristol,10.7707,2.0701,61.2193,3.9229
2020-03-25,44001,Bristol,7.1756,0.7529,69.2927,5.2859
2020-03-26,44001,Bristol,13.2652,2.4414,49.5383,4.1021
2020-03-27,44001,Bristol,18.4875,0.0983,42.0191,3.3658
2020-03-28,44001,Bristol,12.9107,5.2555,51.6705,2.7907
2020-03-29,44001,Bristol,8.1755,4.3452,82.6786,5.4882
2020-03-30,44001,Bristol,7.3899,1.8515,83.4127,4.3969
2020-03-31,44001,Bristol,8.1269,-0.8977,61.079,4.5714
2020-04-01,44001,Bristol,7.7078,2.7407,58.3563,5.1943
2020-04-02,44001,Bristol,11.6724,4.236,54.9596,6.8968
2020-04-03,44001,Bristol,8.3275,3.7125,75.8662,8.9621
2020-04-04,44001,Bristol,10.7355,2.5942,65.5141,4.9582
2020-04-05,44001,Bristol,12.3178,3.6276,65.4961,2.9486
2020-04-06,44001,Bristol,16.7526,5.1751,45.8066,2.7179
2020-04-07,44001,Bristol,18.6069,6.5574,37.5407,3.2946
2020-04-08,44001,Bristol,12.3379,4.446,63.9478,2.3843
2020-04-09,44001,Bristol,10.9944,3.3021,70.9861,6.4517
2020-04-10,44001,Bristol,10.4708,1.7126,49.4798,7.3778
2020-04-11,44001,Bristol,11.8532,-0.148,42.5502,5.7817
2020-04-12,44001,Bristol,15.584,7.9064,44.7656,4.5099
2020-04-13,44001,Bristol,16.2712,7.5166,70.845,8.6516
2020-04-14,44001,Bristol,15.2978,4.1133,52.0437,3.321
2020-04-15,44001,Bristol,12.6603,0.1549,49.2213,3.3627
2020-04-16,44001,Bristol,9.5344,0.0149,46.049,4.4685
2020-04-17,44001,Bristol,10.8554,-0.2026,44.5094,4.8776
2020-04-18,44001,Bristol,5.3212,0.595,80.5491,5.0015
2020-04-19,44001,Bristol,15.7451,6.6143,45.9935,5.9279
2020-04-20,44001,Bristol,12.3979,-1.0287,62.6803,3.1285
2020-04-21,44001,Bristol,11.1582,0.2712,70.7425,5.9602
2020-04-22,44001,Bristol,9.0524,-0.6211,39.3511,7.1776
2020-04-23,44001,Bristol,12.7323,3.927,40.5737,4.28
2020-04-24,44001,Bristol,8.6395,0.1163,83.2439,4.9957
2020-04-25,44001,Bristol,18.0235,4.1598,40.3783,1.8253
2020-04-26,44001,Bristol,12.6247,4.2283,61.5462,5.7035
2020-04-27,44001,Bristol,7.0982,2.197,79.9054,5.8997
2020-04-28,44001,Bristol,13.8657,-0.152,53.1972,3.7172
2020-04-29,44001,Bristol,16.8449,5.8014,45.3862,3.2544
2020-04-30,44001,Bristol,13.4146,5.8295,75.1029,7.0812
2020-05-01,44001,Bristol,18.9979,8.0096,76.1013,4.7267
2020-05-02,44001,Bristol,22.1447,10.7677,43.4623,4.105
2020-05-03,44001,Bristol,22.7183,10.9481,56.06,3.8809
2020-05-04,44001,Bristol,23.1568,5.9609,45.9309,3.9899
2020-05-05,44001,Bristol,16.5458,3.7127,46.3496,3.4695
2020-05-06,44001,Bristol,14.5411,3.9097,57.5537,2.8052
2020-05-07,44001,Bristol,18.0854,7.7446,46.7306,3.3427
2020-05-08,44001,Bristol,14.7075,1.5817,61.1134,2.7837
2020-05-09,44001,Bristol,8.4964,0.5288,53.2702,8.2424
2020-05-10,44001,Bristol,16.546,4.3425,43.9043,7.3152
2020-05-11,44001,Bristol,16.1597,4.4009,69.0157,4.9582
2020-05-12,44001,Bristol,14.5109,2.2373,49.6394,5.3639
2020-05-13,44001,Bristol,15.9711,3.8587,38.415,4.8105
2020-05-14,44001,Bristol,20.8538,9.3959,37.7005,3.7304
2020-05-15,44001,Bristol,25.0809,11.9167,57.9551,3.9868
2020-05-16,44001,Bristol,23.2524,9.5284,60.4463,2.7683
2020-05-17,44001,Bristol,17.9571,9.5854,58.841,2.2914
2020-05-18,44001,Bristol,18.9017,7.6872,63.2725,2.7505
2020-05-19,44001,Bristol,17.6044,5.9203,55.1314,6.13
2020-05-20,44001,Bristol,18.5921,3.5084,47.4358,3.0917
2020-05-21,44001,Bristol,21.5496,9.6943,45.9623,3.3855
2020-05-22,44001,Bristol,26.113,16.104,52.0673,4.5068
2020-05-23,44001,Bristol,20.7096,6.9456,74.8496,3.9797
2020-05-24,44001,Bristol,18.745,9.2973,57.9769,4.8258
2020-05-25,44001,Bristol,21.445,11.0884,68.6638,2.3465
2020-05-26,44001,Bristol,26.0049,13.9791,63.6346,2.2922
2020-05-27,44001,Bristol,26.5081,15.1974,60.7061,3.4363
2020-05-28,44001,Bristol,25.1434,17.0873,67.8614,4.0311
2020-05-29,44001,Bristol,23.9054,16.8743,72.2948,5.6962
2020-05-30,44001,Bristol,26.855,13.7272,60.5939,4.2218
2020-05-31,44001,Bristol,20.8573,5.4523,54.4642,3.9559
2020-06-01,44001,Bristol,18.6401,6.3997,51.9608,3.0237
2020-06-02,44001,Bristol,22.0171,12.4447,52.7474,2.5731
2020-06-03,44001,Bristol,26.5517,16.2668,62.9334,2.9011
2020-06-04,44001,Bristol,30.1465,16.8899,55.4802,3.1658
2020-06-05,44001,Bristol,26.2327,17.2583,73.5629,4.2094
2020-06-06,44001,Bristol,27.7515,13.9949,77.696,4.2025
2020-06-07,44001,Bristol,21.3574,10.473,68.6378,3.0374
2020-06-08,44001,Bristol,26.1949,13.1908,46.5658,2.8908
2020-06-09,44001,Bristol,27.4395,16.2459,54.897,2.3033
2020-06-10,44001,Bristol,26.424,17.101,64.0894,3.6567
2020-06-11,44001,Bristol,22.8951,17.6075,76.6086,5.7973
2020-06-12,44001,Bristol,27.0452,15.2953,70.3541,3.3361
2020-06-13,44001,Bristol,23.9272,10.7429,57.2114,2.7938
2020-06-14,44001,Bristol,22.6802,12.3446,57.2761,4.5182
2020-06-15,44001,Bristol,22.0751,9.7442,67.5105,3.8728
2020-06-16,44001,Bristol,25.3062,11.2317,55.8178,2.7809
2020-06-17,44001,Bristol,26.6475,15.7395,55.7148,1.9643
2020-06-18,44001,Bristol,28.2231,17.4809,64.4355,2.6702
2020-06-19,44001,Bristol,29.2584,17.6217,66.0171,3.9144
2020-06-20,44001,Bristol,31.6054,18.0924,59.4858,3.8307
2020-06-21,44001,Bristol,31.0594,17.4384,62.9211,3.158
2020-06-22,44001,Bristol,28.5842,17.9065,70.3157,2.0397
2020-06-23,44001,Bristol,28.4428,18.8063,70.0007,3.4796
2020-06-24,44001,Bristol,29.1885,16.1935,75.0491,4.1789
2020-06-25,44001,Bristol,30.1066,18.0067,53.2186,2.9918
2020-06-26,44001,Bristol,27.8389,15.9756,65.7819,2.925
2020-06-27,44001,Bristol,28.5807,16.8814,67.166,3.562
2020-06-28,44001,Bristol,28.5348,19.0096,69.7183,3.0049
2020-06-29,44001,Bristol,26.4111,17.819,70.1121,1.6958
2020-06-30,44001,Bristol,23.7121,16.0831,78.7331,1.8338
2020-07-01,44001,Bristol,25.8495,16.1998,75.2957,1.019
2020-07-02,44001,Bristol,29.7493,21.3176,65.2019,2.226
2020-07-03,44001,Bristol,25.8067,16.9978,84.2477,3.163
2020-07-04,44001,Bristol,26.8015,17.853,72.6467,2.7909
2020-07-05,44001,Bristol,28.4097,19.692,70.4168,3.2406
2020-07-06,44001,Bristol,26.1779,16.7708,74.8708,2.4425
2020-07-07,44001,Bristol,24.1289,17.4944,68.8919,3.4861
2020-07-08,44001,Bristol,29.3527,21.1356,71.7147,3.7971
2020-07-09,44001,Bristol,31.3781,20.2977,70.5777,3.0551
2020-07-10,44001,Bristol,28.7578,21.773,73.3699,4.0912
2020-07-11,44001,Bristol,29.8668,21.1531,78.1166,5.1799
2020-07-12,44001,Bristol,31.0242,20.9037,67.5939,5.2982
2020-07-13,44001,Bristol,30.451,19.4361,69.5264,3.28
2020-07-14,44001,Bristol,28.6706,17.1424,73.0639,1.6539
2020-07-15,44001,Bristol,24.6844,13.5156,76.44,3.5411
2020-07-16,44001,Bristol,25.159,15.7148,60.1691,2.7809
2020-07-17,44001,Bristol,23.4137,17.2376,78.8687,3.1711
2020-07-18,44001,Bristol,32.2084,19.9074,61.5528,2.7148
2020-07-19,44001,Bristol,33.2036,22.3559,60.6644,4.4351
2020-07-20,44001,Bristol,33.8944,21.6628,68.049,4.3579
2020-07-21,44001,Bristol,32.9516,20.736,51.9735,2.1986
2020-07-22,44001,Bristol,30.9333,22.0123,63.2313,2.217
2020-07-23,44001,Bristol,32.1377,22.2338,68.153,3.9858
2020-07-24,44001,Bristol,29.0391,19.094,71.8904,2.0224
2020-07-25,44001,Bristol,32.3752,22.9414,53.2004,3.2016
2020-07-26,44001,Bristol,34.1707,23.6122,52.4703,5.058
2020-07-27,44001,Bristol,35.4935,24.9002,47.0559,4.7381
2020-07-28,44001,Bristol,36.3191,20.8409,57.1372,4.3864
2020-07-29,44001,Bristol,32.1354,21.8797,51.2925,2.8288
2020-07-30,44001,Bristol,32.657,20.4253,58.4163,4.3272
2020-07-31,44001,Bristol,29.6004,18.0061,62.9061,1.4366
2020-08-01,44001,Bristol,32.1522,19.9664,51.1732,2.2849
2020-08-02,44001,Bristol,29.6547,23.9228,63.3406,4.4542
2020-08-03,44001,Bristol,33.7793,22.6965,54.8704,5.1312
2020-08-04,44001,Bristol,29.1934,20.8303,75.1038,6.0032
2020-08-05,44001,Bristol,32.0989,18.159,59.3664,4.3465
2020-08-06,44001,Bristol,28.7481,18.196,49.9582,1.7301
2020-08-07,44001,Bristol,27.7251,18.5328,55.5472,2.6353
2020-08-08,44001,Bristol,29.5058,18.4991,59.7522,1.9663
2020-08-09,44001,Bristol,31.3367,20.8908,56.0047,3.6658
2020-08-10,44001,Bristol,33.6528,21.6501,57.617,4.2886
2020-08-11,44001,Bristol,32.9966,23.0386,59.3954,4.6512
2020-08-12,44001,Bristol,33.0973,21.8228,63.2647,4.0538
2020-08-13,44001,Bristol,29.9512,18.5765,67.4148,1.742
2020-08-14,44001,Bristol,31.1282,18.5207,50.5252,3.4739
2020-08-15,44001,Bristol,22.8896,18.4443,72.8219,5.2381
2020-08-16,44001,Bristol,21.7151,16.4623,88.9045,5.0229
2020-08-17,44001,Bristol,25.6591,18.0659,65.3818,3.7185
2020-08-18,44001,Bristol,29.0079,15.3773,61.8403,4.1727
2020-08-19,44001,Bristol,26.0827,14.7266,61.1085,2.4017
2020-08-20,44001,Bristol,26.8205,16.5807,46.4454,2.4602
2020-08-21,44001,Bristol,30.1498,19.7835,51.3557,4.1342
2020-08-22,44001,Bristol,31.115,18.1607,63.3889,3.5054
2020-08-23,44001,Bristol,31.5386,20.628,62.0691,2.801
2020-08-24,44001,Bristol,30.1693,21.4026,69.8648,3.0145
2020-08-25,44001,Bristol,32.6219,16.511,57.891,4.3808
2020-08-26,44001,Bristol,24.8075,15.4037,45.8028,4.0582
2020-08-27,44001,Bristol,23.0595,16.5111,68.6819,2.4389
2020-08-28,44001,Bristol,27.9481,18.6154,59.0156,2.4178
2020-08-29,44001,Bristol,25.1016,17.369,92.5688,4.6884
2020-08-30,44001,Bristol,26.2251,10.8679,62.4779,4.3408
2020-08-31,44001,Bristol,23.5219,12.6489,54.6999,2.023
2020-09-01,44001,Bristol,24.7281,15.653,69.073,4.0581
2020-09-02,44001,Bristol,22.4728,17.9158,90.3952,3.5034
2020-09-03,44001,Bristol,27.2181,19.5389,79.3789,2.4236
2020-09-04,44001,Bristol,29.1824,13.4305,64.4202,2.8017
2020-09-05,44001,Bristol,25.3181,15.244,45.5135,3.0626
2020-09-06,44001,Bristol,26.3973,15.2323,54.0526,3.1567
2020-09-07,44001,Bristol,25.0472,15.8004,63.9546,3.1414
2020-09-08,44001,Bristol,27.9908,17.2703,55.3763,1.7855
2020-09-09,44001,Bristol,26.5543,18.6614,66.6425,1.7471
2020-09-10,44001,Bristol,26.003,19.7301,82.6399,2.7888
2020-09-11,44001,Bristol,20.265,9.7967,91.5379,4.3283
2020-09-12,44001,Bristol,21.6895,10.4684,57.9544,4.2976
2020-09-13,44001,Bristol,22.9592,15.5474,71.8754,3.9792
2020-09-14,44001,Bristol,24.2494,8.4208,66.4384,4.2549
2020-09-15,44001,Bristol,19.0768,8.4531,47.5473,2.8185
2020-09-16,44001,Bristol,21.9157,13.5378,60.0796,4.8344
2020-09-17,44001,Bristol,23.9076,14.8967,67.6208,3.6351
2020-09-18,44001,Bristol,18.506,7.3059,80.5033,5.5235
2020-09-19,44001,Bristol,16.6241,5.9628,41.6564,5.0514
2020-09-20,44001,Bristol,15.7687,4.7027,45.7851,5.7324
2020-09-21,44001,Bristol,17.4317,5.4285,45.2432,5.6642
2020-09-22,44001,Bristol,18.4985,8.4678,40.0723,5.3358
2020-09-23,44001,Bristol,25.2443,11.621,47.1174,3.9523
2020-09-24,44001,Bristol,25.2302,12.0305,50.1622,3.2499
2020-09-25,44001,Bristol,27.0341,14.2506,51.3594,2.5993
2020-09-26,44001,Bristol,23.9569,16.5057,61.1481,2.6418
2020-09-27,44001,Bristol,24.7556,18.6069,69.1139,3.1358
2020-09-28,44001,Bristol,23.4221,16.8554,83.6698,3.9556
2020-09-29,44001,Bristol,23.3582,18.3717,78.1417,3.7624
2020-09-30,44001,Bristol,23.0045,13.6216,68.9291,7.2622
2020-10-01,44001,Bristol,24.1131,11.5782,64.7763,3.9115
2020-10-02,44001,Bristol,19.446,5.4661,76.1209,2.2974
2020-10-03,44001,Bristol,20.6868,5.3632,52.6338,1.9214
2020-10-04,44001,Bristol,20.2878,10.4478,54.9134,3.1692
2020-10-05,44001,Bristol,18.7426,7.0041,72.5526,3.4047
2020-10-06,44001,Bristol,19.7872,10.8285,64.0309,3.4628
2020-10-07,44001,Bristol,23.5578,10.1716,60.6787,6.817
2020-10-08,44001,Bristol,17.7423,4.8888,45.017,6.1999
2020-10-09,44001,Bristol,17.2327,7.9316,47.2041,4.6252
2020-10-10,44001,Bristol,23.4095,14.8733,62.0432,7.7179
2020-10-11,44001,Bristol,18.1515,8.5098,60.9411,4.8495
2020-10-12,44001,Bristol,13.2709,9.7669,71.3856,6.4277
2020-10-13,44001,Bristol,16.7332,9.9556,76.8758,4.5838
2020-10-14,44001,Bristol,20.7494,7.1938,57.7838,3.8284
2020-10-15,44001,Bristol,21.9186,11.7807,65.546,4.5099
2020-10-16,44001,Bristol,21.1276,6.5189,91.9346,3.2431
2020-10-17,44001,Bristol,15.068,1.2195,65.3263,4.4035
2020-10-18,44001,Bristol,16.6336,3.8173,57.9793,3.3459
2020-10-19,44001,Bristol,17.7282,6.6706,74.9771,2.4428
2020-10-20,44001,Bristol,18.5238,10.9598,85.184,1.6779
2020-10-21,44001,Bristol,22.0371,15.5147,73.9415,2.6178
2020-10-22,44001,Bristol,24.4934,12.3271,69.5041,1.4959
2020-10-23,44001,Bristol,20.2909,11.7909,72.8732,2.379
2020-10-24,44001,Bristol,19.4989,5.585,82.0519,2.7979
2020-10-25,44001,Bristol,11.8246,6.8922,60.6581,4.7235
2020-10-26,44001,Bristol,13.5147,9.3733,83.7333,3.4845
2020-10-27,44001,Bristol,14.398,6.9563,74.9318,2.3229
2020-10-28,44001,Bristol,11.128,6.5569,87.4974,2.5962
2020-10-29,44001,Bristol,8.9699,2.4196,100.0,4.1166
2020-10-30,44001,Bristol,2.3332,-4.149,100.0,7.7738
2020-10-31,44001,Bristol,7.1376,-1.4007,53.0608,2.9171
2020-11-01,44001,Bristol,10.4971,1.7616,86.2216,5.4206
2020-11-02,44001,Bristol,6.0328,0.3902,55.8751,8.4915
2020-11-03,44001,Bristol,7.2116,-1.3,57.7683,6.5913
2020-11-04,44001,Bristol,13.1294,1.9151,61.397,3.645
2020-11-05,44001,Bristol,19.8704,11.6886,59.2285,4.7596
2020-11-06,44001,Bristol,20.6421,7.8096,66.369,4.6112
2020-11-07,44001,Bristol,23.7806,5.5188,53.3676,3.7054
2020-11-08,44001,Bristol,23.377,4.3332,52.287,1.3578
2020-11-09,44001,Bristol,24.199,5.7908,49.3706,2.3475
2020-11-10,44001,Bristol,22.5198,11.1762,56.9722,4.2591
2020-11-11,44001,Bristol,22.1079,16.6292,65.0396,5.1372
2020-11-12,44001,Bristol,18.4061,7.3746,80.4024,4.4996
2020-11-13,44001,Bristol,10.3152,2.9267,84.3976,4.0563
2020-11-14,44001,Bristol,10.3777,-2.3807,61.8782,4.6637
2020-11-15,44001,Bristol,15.5211,0.1456,61.6893,5.3666
2020-11-16,44001,Bristol,11.8294,0.5574,63.1824,6.4868
2020-11-17,44001,Bristol,9.2335,-2.1567,56.5891,4.7908
2020-11-18,44001,Bristol,1.1272,-7.1647,53.7408,5.5996
2020-11-19,44001,Bristol,9.4549,-4.6454,57.418,5.8305
2020-11-20,44001,Bristol,16.4924,6.3861,59.5457,7.5222
2020-11-21,44001,Bristol,17.2485,2.3448,56.1535,3.4946
2020-11-22,44001,Bristol,14.9427,3.3214,56.608,5.8039
2020-11-23,44001,Bristol,15.5374,0.4552,75.1713,6.7203
2020-11-24,44001,Bristol,7.1649,-1.381,51.5743,4.6342
2020-11-25,44001,Bristol,13.0968,2.5667,69.5587,3.6339
2020-11-26,44001,Bristol,15.6318,6.1319,81.0337,3.8854
2020-11-27,44001,Bristol,13.8457,7.2658,69.9421,1.7198
2020-11-28,44001,Bristol,12.2387,0.1023,67.3816,3.4523
2020-11-29,44001,Bristol,12.4054,1.2281,55.7241,3.7771
2020-11-30,44001,Bristol,17.6852,5.8269,71.772,7.5874
2020-12-01,44001,Bristol,16.161,1.8415,77.4591,7.375
2020-12-02,44001,Bristol,6.9669,-0.8417,62.9584,6.0288
2020-12-03,44001,Bristol,10.1811,1.1773,56.8301,5.7384
2020-12-04,44001,Bristol,14.1331,7.0267,58.893,5.8463
2020-12-05,44001,Bristol,7.7878,0.8454,90.5708,6.039
2020-12-06,44001,Bristol,3.7342,-3.2888,58.3075,7.124
2020-12-07,44001,Bristol,3.1599,-3.0638,54.7517,3.7962
2020-12-08,44001,Bristol,0.2446,-5.3533,66.7248,5.5617
2020-12-09,44001,Bristol,3.5541,-4.1653,65.2634,4.336
2020-12-10,44001,Bristol,8.2718,-3.0472,58.1671,4.4707
2020-12-11,44001,Bristol,11.0276,-2.1658,66.8419,3.8262
2020-12-12,44001,Bristol,11.7523,4.0091,74.3951,2.6775
2020-12-13,44001,Bristol,16.3286,0.6356,72.2667,3.4307
2020-12-14,44001,Bristol,3.2222,-1.3034,79.8099,2.9003
2020-12-15,44001,Bristol,2.7039,-6.5643,42.1123,6.1195
2020-12-16,44001,Bristol,0.6472,-6.0673,45.5396,6.4065
2020-12-17,44001,Bristol,0.9311,-5.3039,85.0087,8.657
2020-12-18,44001,Bristol,-0.958,-9.5726,77.0993,5.5735
2020-12-19,44001,Bristol,0.2228,-9.2493,77.8895,2.5193
2020-12-20,44001,Bristol,2.3894,-3.5423,84.0853,1.5454
2020-12-21,44001,Bristol,2.2755,-1.2745,81.6813,2.5901
2020-12-22,44001,Bristol,6.7915,-0.7181,60.6003,5.0345
2020-12-23,44001,Bristol,6.2685,-2.5931,54.1454,3.9386
2020-12-24,44001,Bristol,14.3976,4.7156,51.5524,6.2271
2020-12-25,44001,Bristol,15.5636,-1.7031,65.5429,8.396
2020-12-26,44001,Bristol,0.8777,-4.7153,60.2707,6.7548
2020-12-27,44001,Bristol,4.1733,-4.247,48.2741,2.9158
2020-12-28,44001,Bristol,10.4125,0.118,68.9325,4.5608
2020-12-29,44001,Bristol,3.3095,-5.7575,53.1051,6.1946
2020-12-30,44001,Bristol,9.6676,-4.1716,44.0098,5.5446
2020-12-31,44001,Bristol,9.5461,-2.9591,89.1913,5.6681
2021-01-01,44001,Bristol,7.0739,-1.5786,53.151,3.1683
2021-01-02,44001,Bristol,10.2953,0.5269,64.2782,5.1835
2021-01-03,44001,Bristol,3.594,1.1746,66.5646,4.6936
2021-01-04,44001,Bristol,4.8684,0.6179,67.3617,5.925
2021-01-05,44001,Bristol,3.0492,0.9696,67.5581,5.1763
2021-01-06,44001,Bristol,6.9418,0.7819,48.3975,5.5616
2021-01-07,44001,Bristol,6.7483,-2.3668,44.8199,4.8658
2021-01-08,44001,Bristol,6.5741,-2.7726,40.7975,3.8509
2021-01-09,44001,Bristol,2.6865,-2.6258,48.3826,5.5187
2021-01-10,44001,Bristol,6.5359,-5.3631,43.1898,3.7497
2021-01-11,44001,Bristol,4.3042,-3.8735,56.5491,2.6219
2021-01-12,44001,Bristol,6.3651,-0.8601,48.4217,3.0909
2021-01-13,44001,Bristol,6.1379,0.3612,46.4952,2.5621
2021-01-14,44001,Bristol,8.0475,2.9284,58.1901,1.8472
2021-01-15,44001,Bristol,8.496,3.3027,55.33,4.4311
2021-01-16,44001,Bristol,12.7298,2.4022,68.7261,7.3955
2021-01-17,44001,Bristol,7.2245,3.0951,49.9319,8.1735
2021-01-18,44001,Bristol,7.9748,-0.7225,52.6428,5.8268
2021-01-19,44001,Bristol,5.6243,-0.7515,47.0045,4.9666
2021-01-20,44001,Bristol,4.161,-5.7242,51.5629,4.1853
2021-01-21,44001,Bristol,3.1774,-5.8241,50.0636,4.4417
2021-01-22,44001,Bristol,7.6998,-0.6177,50.5294,3.9214
2021-01-23,44001,Bristol,0.0551,-7.4228,42.0902,7.4453
2021-01-24,44001,Bristol,0.0929,-7.1008,30.4924,7.9148
2021-01-25,44001,Bristol,3.9812,-5.8294,31.9201,4.4384
2021-01-26,44001,Bristol,2.8261,-2.519,53.4868,3.9168
2021-01-27,44001,Bristol,2.4982,0.1228,69.3943,3.4222
2021-01-28,44001,Bristol,0.8849,-11.4201,82.2951,5.7089
2021-01-29,44001,Bristol,-7.0351,-12.3859,44.4645,8.9409
2021-01-30,44001,Bristol,-4.4168,-12.7182,43.6852,5.932
2021-01-31,44001,Bristol,-0.8745,-13.2181,58.5737,3.0723
2021-02-01,44001,Bristol,3.6868,-2.1107,69.504,9.4754
2021-02-02,44001,Bristol,3.9462,-1.9114,72.9221,5.9653
2021-02-03,44001,Bristol,2.5183,-1.8527,63.6271,3.9742
2021-02-04,44001,Bristol,5.0895,-2.9774,59.3521,3.8583
2021-02-05,44001,Bristol,7.0509,-1.4643,63.0641,3.752
2021-02-06,44001,Bristol,6.9725,-2.6731,49.6196,5.3398
2021-02-07,44001,Bristol,2.0094,-9.0304,89.3433,4.7049
2021-02-08,44001,Bristol,-1.8132,-10.7061,58.7456,4.4296
2021-02-09,44001,Bristol,-0.9705,-7.9966,86.4472,2.9735
2021-02-10,44001,Bristol,0.2812,-7.7081,65.2665,3.6763
2021-02-11,44001,Bristol,0.9068,-11.5105,60.7112,3.7526
2021-02-12,44001,Bristol,-0.8178,-11.1296,52.8634,3.844
2021-02-13,44001,Bristol,-1.1861,-6.684,61.1045,4.5143
2021-02-14,44001,Bristol,2.8364,-2.2649,67.9896,3.3336
2021-02-15,44001,Bristol,4.2466,-1.245,65.9185,4.2737
2021-02-16,44001,Bristol,11.4463,-5.4985,60.1175,5.5024
2021-02-17,44001,Bristol,0.9977,-5.3558,51.4665,4.47
2021-02-18,44001,Bristol,-0.8351,-4.7761,61.2766,3.7076
2021-02-19,44001,Bristol,0.1216,-3.6203,79.522,5.6876
2021-02-20,44001,Bristol,1.131,-7.0477,70.6052,4.6534
2021-02-21,44001,Bristol,1.7798,-8.8519,54.8517,4.4242
2021-02-22,44001,Bristol,6.1873,-3.0947,62.872,5.4285
2021-02-23,44001,Bristol,7.3509,0.345,57.4345,4.704
2021-02-24,44001,Bristol,11.2212,3.6631,45.4547,4.9144
2021-02-25,44001,Bristol,8.0868,-2.4231,49.2927,5.8277
2021-02-26,44001,Bristol,6.5254,-1.1175,38.3571,2.7661
2021-02-27,44001,Bristol,10.2854,0.3671,60.6611,4.923
2021-02-28,44001,Bristol,7.6551,1.4178,63.9321,2.99
2021-03-01,44001,Bristol,9.3632,-9.7892,81.0847,5.6501
2021-03-02,44001,Bristol,-1.6427,-9.5404,35.8873,9.1601
2021-03-03,44001,Bristol,8.8122,-1.449,39.8689,4.1969
2021-03-04,44001,Bristol,5.7106,-5.0767,49.9177,5.3658
2021-03-05,44001,Bristol,1.2209,-5.1662,32.7819,6.4125
2021-03-06,44001,Bristol,1.6209,-7.3587,36.3336,5.0762
2021-03-07,44001,Bristol,2.6727,-5.6577,35.1414,3.7185
2021-03-08,44001,Bristol,5.2658,-4.0496,37.1722,3.0722
2021-03-09,44001,Bristol,16.0967,-2.1151,39.503,4.2638
2021-03-10,44001,Bristol,10.1709,0.9367,51.7989,2.6206
2021-03-11,44001,Bristol,19.9819,6.0268,46.3116,5.1566
2021-03-12,44001,Bristol,17.9239,-0.3034,45.0547,4.9184
2021-03-13,44001,Bristol,8.9056,-0.0378,37.4828,5.4396
2021-03-14,44001,Bristol,8.5437,-8.3002,37.7724,6.4602
2021-03-15,44001,Bristol,-0.7669,-7.902,27.0687,7.2825
2021-03-16,44001,Bristol,2.8377,-5.9353,32.4103,2.9988
2021-03-17,44001,Bristol,8.8863,0.4932,53.1421,1.9226
2021-03-18,44001,Bristol,9.354,-0.6639,85.3022,3.2758
2021-03-19,44001,Bristol,5.2915,-3.6883,46.3304,7.1288
2021-03-20,44001,Bristol,12.362,-1.752,39.2167,3.0416
2021-03-21,44001,Bristol,16.7085,-1.5892,41.0647,1.7203
2021-03-22,44001,Bristol,14.8069,1.5387,53.8232,1.845
2021-03-23,44001,Bristol,18.5053,2.1663,51.2173,1.9453
2021-03-24,44001,Bristol,16.1363,6.5263,60.4999,2.9502
2021-03-25,44001,Bristol,19.6812,8.1112,65.1665,3.1498
2021-03-26,44001,Bristol,18.4057,7.8085,69.7567,6.6852
2021-03-27,44001,Bristol,18.2846,4.6848,44.8056,3.7537
2021-03-28,44001,Bristol,13.2692,5.7557,72.8747,6.5562
2021-03-29,44001,Bristol,9.6866,-0.997,55.3455,6.3903
2021-03-30,44001,Bristol,12.4946,5.6085,43.354,3.1122
2021-03-31,44001,Bristol,18.1195,8.0893,62.5505,5.3166
2021-04-01,44001,Bristol,10.2876,-0.9414,84.2998,4.8757
2021-04-02,44001,Bristol,3.5912,-2.5143,45.7913,3.7807
2021-04-03,44001,Bristol,9.9986,-0.3829,34.3472,3.1142
2021-04-04,44001,Bristol,15.3309,5.8211,30.8583,3.817
2021-04-05,44001,Bristol,16.4898,6.3356,35.5208,5.6783
2021-04-06,44001,Bristol,17.7477,4.0014,42.9878,2.629
2021-04-07,44001,Bristol,16.4171,7.8025,52.7198,2.3884
2021-04-08,44001,Bristol,18.8055,5.4642,56.2907,1.8456
2021-04-09,44001,Bristol,18.4698,6.4704,51.756,1.8723
2021-04-10,44001,Bristol,22.0377,9.9388,50.0729,3.3129
2021-04-11,44001,Bristol,11.7559,6.4466,80.4313,3.6146
2021-04-12,44001,Bristol,11.1227,4.9506,66.0066,5.4865
2021-04-13,44001,Bristol,15.7737,7.232,53.3765,3.5225
2021-04-14,44001,Bristol,15.6769,7.181,59.5974,2.1441
2021-04-15,44001,Bristol,11.5923,2.7543,77.4209,4.8156
2021-04-16,44001,Bristol,5.3934,1.581,87.8038,5.0773
2021-04-17,44001,Bristol,9.788,4.3,62.7286,3.7916
2021-04-18,44001,Bristol,16.3615,6.4355,50.5855,2.6818
2021-04-19,44001,Bristol,18.956,5.9719,50.1943,2.7227
2021-04-20,44001,Bristol,22.1545,8.979,44.6628,4.1364
2021-04-21,44001,Bristol,19.9953,-0.1016,69.0494,5.516
2021-04-22,44001,Bristol,9.4427,1.9341,38.505,8.1502
2021-04-23,44001,Bristol,15.9303,5.5988,35.6417,6.5562
2021-04-24,44001,Bristol,22.6038,8.637,35.1892,4.6808
2021-04-25,44001,Bristol,13.2168,5.4948,72.9746,3.7562
2021-04-26,44001,Bristol,14.7722,5.1084,42.7238,5.3167
2021-04-27,44001,Bristol,20.9455,6.6411,33.4659,3.6633
2021-04-28,44001,Bristol,21.4707,9.9876,49.5675,2.0417
2021-04-29,44001,Bristol,14.7321,9.1533,80.8856,2.4403
2021-04-30,44001,Bristol,18.589,4.9907,61.9156,7.4675
2021-05-01,44001,Bristol,18.3603,7.3678,45.7028,4.8922
2021-05-02,44001,Bristol,25.1526,11.4659,45.7387,4.0539
2021-05-03,44001,Bristol,22.4945,9.0029,54.0853,2.3313
2021-05-04,44001,Bristol,12.4665,8.8691,81.932,3.1253
2021-05-05,44001,Bristol,12.5147,8.7916,90.2275,2.1659
2021-05-06,44001,Bristol,19.3278,7.5895,51.1372,3.3658
2021-05-07,44001,Bristol,17.1336,5.8466,55.1638,3.541
2021-05-08,44001,Bristol,14.2646,6.398,59.8706,2.7032
2021-05-09,44001,Bristol,19.2896,7.5485,50.762,5.1027
2021-05-10,44001,Bristol,16.287,8.9267,68.3359,2.4903
2021-05-11,44001,Bristol,18.6732,6.7239,49.5978,4.6088
2021-05-12,44001,Bristol,20.0442,5.9582,47.3199,3.4346
2021-05-13,44001,Bristol,20.7937,7.2707,43.9207,2.7669
2021-05-14,44001,Bristol,24.752,9.5652,41.245,2.9777
2021-05-15,44001,Bristol,25.2644,11.2034,42.062,2.5961
2021-05-16,44001,Bristol,24.8459,9.8752,47.2879,3.1014
2021-05-17,44001,Bristol,24.8522,11.0024,49.3727,2.8093
2021-05-18,44001,Bristol,27.6036,15.0792,43.0398,4.2824
2021-05-19,44001,Bristol,26.7957,9.7072,46.4972,2.4308
2021-05-20,44001,Bristol,24.4287,9.3705,46.1686,1.7352
2021-05-21,44001,Bristol,23.5885,13.1325,51.9967,3.2047
2021-05-22,44001,Bristol,26.7512,15.6838,59.6315,3.9543
2021-05-23,44001,Bristol,31.4063,11.6736,55.1107,4.0024
2021-05-24,44001,Bristol,20.0214,8.5455,55.4127,3.6411
2021-05-25,44001,Bristol,21.9116,13.8014,52.8812,5.8269
2021-05-26,44001,Bristol,28.791,17.6005,57.8386,6.0286
2021-05-27,44001,Bristol,27.4572,12.002,58.9395,3.4747
2021-05-28,44001,Bristol,17.7963,6.2741,60.258,5.2276
2021-05-29,44001,Bristol,9.7224,7.2968,79.3368,8.072
2021-05-30,44001,Bristol,10.6842,8.5168,83.0063,5.7478
2021-05-31,44001,Bristol,16.045,10.3031,75.5331,2.9315
2021-06-01,44001,Bristol,23.573,12.5899,56.8433,3.5698
2021-06-02,44001,Bristol,24.4902,13.6594,63.5317,3.4628
2021-06-03,44001,Bristol,21.1872,15.4308,73.1286,3.8636
2021-06-04,44001,Bristol,23.5203,14.2793,82.5175,4.9575
2021-06-05,44001,Bristol,29.4173,18.4088,62.9107,4.3597
2021-06-06,44001,Bristol,32.5697,19.8554,57.8294,3.9677
2021-06-07,44001,Bristol,31.204,18.984,66.1439,4.5707
2021-06-08,44001,Bristol,31.4902,19.6447,70.3453,3.966
2021-06-09,44001,Bristol,31.936,18.6397,66.8843,2.2632
2021-06-10,44001,Bristol,24.0993,11.3153,61.0233,4.0537
2021-06-11,44001,Bristol,22.4602,13.5623,57.8794,3.1376
2021-06-12,44001,Bristol,21.5194,13.314,68.8372,2.6196
2021-06-13,44001,Bristol,26.4194,13.4455,60.6531,3.4358
2021-06-14,44001,Bristol,19.2571,16.6121,81.0023,2.0659
2021-06-15,44001,Bristol,25.5382,16.2803,73.3083,2.4752
2021-06-16,44001,Bristol,23.7026,11.5205,61.9535,2.9887
2021-06-17,44001,Bristol,24.4986,12.4546,51.0211,2.6299
2021-06-18,44001,Bristol,27.0583,18.443,50.3127,3.6322
2021-06-19,44001,Bristol,29.8835,17.958,65.4357,3.966
2021-06-20,44001,Bristol,28.5974,18.4252,63.3363,3.1601
2021-06-21,44001,Bristol,25.8514,19.1421,82.1693,4.1816
2021-06-22,44001,Bristol,28.3153,12.7155,78.4661,3.8551
2021-06-23,44001,Bristol,22.7132,11.5755,61.9899,2.8011
2021-06-24,44001,Bristol,23.371,15.0782,60.5694,2.606
2021-06-25,44001,Bristol,24.5218,16.4926,76.3707,2.9126
2021-06-26,44001,Bristol,26.1602,21.1516,72.7892,4.0507
2021-06-27,44001,Bristol,27.8124,21.0994,74.9303,5.6048
2021-06-28,44001,Bristol,31.8968,22.8627,66.3747,5.2465
2021-06-29,44001,Bristol,34.1932,23.2257,63.6317,4.0847
2021-06-30,44001,Bristol,33.7437,21.5773,67.9426,4.3877
2021-07-01,44001,Bristol,29.5922,19.1443,77.9203,2.8248
2021-07-02,44001,Bristol,20.4226,14.4277,97.517,2.827
2021-07-03,44001,Bristol,17.1356,12.85,88.6174,4.633
2021-07-04,44001,Bristol,20.9616,14.6716,73.128,2.3558
2021-07-05,44001,Bristol,23.0186,18.0576,75.7001,3.3517
2021-07-06,44001,Bristol,31.3584,21.11,70.4912,5.5484
2021-07-07,44001,Bristol,32.6019,18.946,71.293,3.0066
2021-07-08,44001,Bristol,23.6197,18.173,99.149,2.3044
2021-07-09,44001,Bristol,25.8809,19.6255,83.3887,4.1488
2021-07-10,44001,Bristol,25.1195,15.6878,89.0195,1.5777
2021-07-11,44001,Bristol,25.7501,19.8889,75.0384,2.2147
2021-07-12,44001,Bristol,23.6359,17.3244,94.0539,1.6597
2021-07-13,44001,Bristol,22.456,18.4597,87.3694,2.4983
2021-07-14,44001,Bristol,28.6539,19.9688,81.0854,2.5363
2021-07-15,44001,Bristol,31.4426,22.5684,68.5919,2.5188
2021-07-16,44001,Bristol,32.5528,22.5753,70.9756,3.6111
2021-07-17,44001,Bristol,31.2647,21.2656,73.9784,1.3567
2021-07-18,44001,Bristol,28.6424,20.1854,77.1695,3.1113
2021-07-19,44001,Bristol,24.474,19.4346,82.8796,2.069
2021-07-20,44001,Bristol,30.2299,20.3677,70.5308,2.5652
2021-07-21,44001,Bristol,29.4479,17.518,73.1709,2.4907
2021-07-22,44001,Bristol,28.2101,19.946,55.4488,2.5473
2021-07-23,44001,Bristol,28.5893,16.765,55.9595,1.422
2021-07-24,44001,Bristol,28.2225,19.9872,55.3387,1.6452
2021-07-25,44001,Bristol,24.5412,20.9398,78.5697,4.7574
2021-07-26,44001,Bristol,32.2888,20.347,67.0889,2.9939
2021-07-27,44001,Bristol,32.1535,19.2166,58.1084,2.5665
2021-07-28,44001,Bristol,25.4213,17.6301,73.0559,2.3931
2021-07-29,44001,Bristol,25.8488,20.1884,69.6121,4.7624
2021-07-30,44001,Bristol,28.1237,13.7309,68.1282,3.6915
2021-07-31,44001,Bristol,24.1883,13.7374,56.4603,2.9835
2021-08-01,44001,Bristol,25.08,16.507,64.2277,1.9906
2021-08-02,44001,Bristol,26.5765,15.4435,68.6771,2.3301
2021-08-03,44001,Bristol,24.9302,16.7448,68.5673,1.9707
2021-08-04,44001,Bristol,23.2256,16.2931,88.5891,2.196
2021-08-05,44001,Bristol,21.2889,17.0685,95.8086,2.2484
2021-08-06,44001,Bristol,28.6839,18.5287,72.4305,3.388
2021-08-07,44001,Bristol,30.7946,21.6888,65.1075,3.2052
2021-08-08,44001,Bristol,27.2776,19.4959,77.7015,1.7358
2021-08-09,44001,Bristol,24.4339,18.7679,88.6327,2.0005
2021-08-10,44001,Bristol,26.2519,19.8374,82.672,2.1876
2021-08-11,44001,Bristol,31.2382,22.109,73.7412,4.5704
2021-08-12,44001,Bristol,33.0154,23.1474,71.3082,4.3459
2021-08-13,44001,Bristol,33.0805,22.9571,72.0243,2.7656
2021-08-14,44001,Bristol,31.5756,19.8493,76.788,2.8158
2021-08-15,44001,Bristol,27.3091,17.8358,59.9413,2.7872
2021-08-16,44001,Bristol,26.6359,17.4715,62.8815,1.6212
2021-08-17,44001,Bristol,26.9208,20.2875,70.3086,2.13
2021-08-18,44001,Bristol,28.058,21.9014,72.7348,2.9087
2021-08-19,44001,Bristol,27.6701,22.4843,82.8566,4.3494
2021-08-20,44001,Bristol,28.3093,21.5302,74.3156,2.1361
2021-08-21,44001,Bristol,29.2701,22.4768,74.6031,2.5231
2021-08-22,44001,Bristol,24.0365,21.7154,83.7531,4.6824
2021-08-23,44001,Bristol,27.6535,21.7596,75.3002,2.7475
2021-08-24,44001,Bristol,31.1414,22.034,67.4918,2.6452
2021-08-25,44001,Bristol,32.2604,21.9512,65.565,2.1991
2021-08-26,44001,Bristol,33.3507,23.5741,65.1594,2.3515
2021-08-27,44001,Bristol,32.6582,20.0661,75.5249,1.6733
2021-08-28,44001,Bristol,23.2174,15.2033,80.2712,4.4948
2021-08-29,44001,Bristol,22.8474,17.1427,83.2201,1.9503
2021-08-30,44001,Bristol,28.5323,21.4114,78.9731,3.5819
2021-08-31,44001,Bristol,27.995,19.0441,75.1438,2.7868
2021-09-01,44001,Bristol,21.7777,15.1819,90.0574,3.2001
2021-09-02,44001,Bristol,23.5552,14.0381,73.4094,4.6212
2021-09-03,44001,Bristol,23.2897,13.7213,61.3911,3.0143
2021-09-04,44001,Bristol,25.0818,16.0652,59.2049,2.7736
2021-09-05,44001,Bristol,22.877,19.9205,74.5922,2.6865
2021-09-06,44001,Bristol,27.4817,14.8599,75.792,3.6787
2021-09-07,44001,Bristol,25.7736,16.8181,58.7744,2.543
2021-09-08,44001,Bristol,27.6421,22.3806,66.0384,4.3507
2021-09-09,44001,Bristol,22.7634,17.8328,92.1678,2.9055
2021-09-10,44001,Bristol,24.3423,12.1691,71.7004,3.6706
2021-09-11,44001,Bristol,24.0294,17.2027,58.3049,3.5345
2021-09-12,44001,Bristol,26.1601,20.6148,69.6096,5.3633
2021-09-13,44001,Bristol,26.647,15.5759,68.1039,2.8031
2021-09-14,44001,Bristol,24.097,19.9396,62.4603,3.1587
2021-09-15,44001,Bristol,28.1479,19.6367,79.3015,5.1757
2021-09-16,44001,Bristol,22.5438,18.7565,85.6685,2.7227
2021-09-17,44001,Bristol,21.5381,17.9367,89.0389,3.8374
2021-09-18,44001,Bristol,24.6758,18.086,80.4164,2.3517
2021-09-19,44001,Bristol,22.8531,12.0702,72.9212,3.0094
2021-09-20,44001,Bristol,23.0131,11.5736,65.418,2.0235
2021-09-21,44001,Bristol,24.1096,14.9217,70.4934,2.6488
2021-09-22,44001,Bristol,24.0769,21.3385,79.3084,3.891
2021-09-23,44001,Bristol,26.4191,22.8273,73.7999,4.8311
2021-09-24,44001,Bristol,24.1427,17.0835,89.1545,3.6227
2021-09-25,44001,Bristol,24.0042,17.565,75.5956,1.3183
2021-09-26,44001,Bristol,23.5551,12.4032,67.4662,3.6336
2021-09-27,44001,Bristol,23.9742,16.7562,62.4002,4.5282
2021-09-28,44001,Bristol,22.8484,11.0569,89.2326,3.815
2021-09-29,44001,Bristol,18.5371,11.8441,67.203,4.0035
2021-09-30,44001,Bristol,17.348,8.522,67.1404,3.7318
2021-10-01,44001,Bristol,19.3825,7.9352,56.7093,3.3923
2021-10-02,44001,Bristol,22.8157,13.597,56.6179,3.2493
2021-10-03,44001,Bristol,22.9417,16.0504,66.8274,0.9687
2021-10-04,44001,Bristol,16.0647,12.5554,93.2937,4.7405
2021-10-05,44001,Bristol,16.0349,11.2106,84.6651,3.6936
2021-10-06,44001,Bristol,21.6664,10.5757,71.7929,1.8899
2021-10-07,44001,Bristol,23.1865,11.9078,65.5146,1.8173
2021-10-08,44001,Bristol,22.7269,15.2249,63.364,2.9809
2021-10-09,44001,Bristol,17.9262,13.5483,76.136,5.3037
2021-10-10,44001,Bristol,18.2107,15.5368,78.857,4.4305
2021-10-11,44001,Bristol,22.6633,11.7495,76.0166,4.2301
2021-10-12,44001,Bristol,22.708,11.7121,66.853,1.5893
2021-10-13,44001,Bristol,23.4726,14.6903,62.8588,2.0102
2021-10-14,44001,Bristol,24.0433,14.0275,67.4785,1.4959
2021-10-15,44001,Bristol,22.5805,16.5744,69.8335,1.7951
2021-10-16,44001,Bristol,23.6002,12.2774,86.3573,5.0588
2021-10-17,44001,Bristol,18.0571,9.2746,67.2394,4.4685
2021-10-18,44001,Bristol,16.3619,6.1734,56.2647,5.1648
2021-10-19,44001,Bristol,17.1013,8.7886,52.366,5.6355
2021-10-20,44001,Bristol,22.8097,13.1105,52.6026,3.0153
2021-10-21,44001,Bristol,23.372,15.5881,58.0417,3.5291
2021-10-22,44001,Bristol,22.5141,10.8248,68.5838,3.9307
2021-10-23,44001,Bristol,16.7659,6.3087,66.3814,2.4677
2021-10-24,44001,Bristol,14.8579,9.3192,55.3413,2.8978
2021-10-25,44001,Bristol,17.2485,12.407,83.0868,3.1453
2021-10-26,44001,Bristol,17.9521,10.8091,85.1888,7.7926
2021-10-27,44001,Bristol,10.6352,7.5529,89.2982,10.27
2021-10-28,44001,Bristol,10.4691,6.4873,76.2893,4.7025
2021-10-29,44001,Bristol,12.3598,7.4849,69.3124,4.5937
2021-10-30,44001,Bristol,16.993,13.066,79.4901,5.1383
2021-10-31,44001,Bristol,18.8302,10.323,72.5428,4.4915
2021-11-01,44001,Bristol,16.0435,4.3475,56.4362,4.2078
2021-11-02,44001,Bristol,13.7061,4.1153,59.7745,2.3569
2021-11-03,44001,Bristol,11.3298,0.9113,55.342,3.4845
2021-11-04,44001,Bristol,10.962,2.8236,50.7403,2.6512
2021-11-05,44001,Bristol,10.7899,-0.6956,53.3092,4.3523
2021-11-06,44001,Bristol,11.53,-0.5359,46.5266,1.2718
2021-11-07,44001,Bristol,13.6809,2.3613,48.2804,1.8233
2021-11-08,44001,Bristol,16.7822,3.2781,53.2801,3.4228
2021-11-09,44001,Bristol,20.9282,6.9905,49.9101,2.409
2021-11-10,44001,Bristol,17.6654,1.9595,62.8265,2.5022
2021-11-11,44001,Bristol,14.5841,4.5492,48.8667,2.9452
2021-11-12,44001,Bristol,17.5514,3.0518,89.068,7.3314
2021-11-13,44001,Bristol,15.8983,3.05,68.9976,4.2837
2021-11-14,44001,Bristol,11.2873,4.3758,58.117,4.4868
2021-11-15,44001,Bristol,9.9574,2.5281,64.1265,5.0171
2021-11-16,44001,Bristol,9.3416,-0.2715,51.6721,5.3905
2021-11-17,44001,Bristol,14.5775,2.0581,51.3691,3.4287
2021-11-18,44001,Bristol,19.7267,4.9941,74.8958,5.3803
2021-11-19,44001,Bristol,8.7478,-0.6647,66.6651,5.7189
2021-11-20,44001,Bristol,8.2901,1.2394,49.8549,3.1402
2021-11-21,44001,Bristol,14.3998,6.3505,66.8383,3.9228
2021-11-22,44001,Bristol,13.0711,0.6382,81.3724,4.8367
2021-11-23,44001,Bristol,4.701,-2.8162,45.0136,6.5319
2021-11-24,44001,Bristol,6.1358,-1.6191,39.3673,5.5994
2021-11-25,44001,Bristol,13.1902,3.7305,45.5076,3.3346
2021-11-26,44001,Bristol,8.1981,1.6491,76.3549,5.0906
2021-11-27,44001,Bristol,4.6578,-1.11,54.3197,6.4943
2021-11-28,44001,Bristol,3.0276,-1.1373,60.7944,2.5989
2021-11-29,44001,Bristol,5.2349,-3.2328,67.3286,4.2287
2021-11-30,44001,Bristol,4.9888,-1.9934,57.3388,3.6946
2021-12-01,44001,Bristol,10.0363,2.372,51.5282,3.6952
2021-12-02,44001,Bristol,16.2666,5.1287,65.5826,5.3075
2021-12-03,44001,Bristol,6.878,-0.7733,52.5779,6.4921
2021-12-04,44001,Bristol,6.3261,-0.0116,51.3796,3.2839
2021-12-05,44001,Bristol,10.7811,2.6488,42.5822,2.87
2021-12-06,44001,Bristol,17.0421,3.4,75.0145,6.7847
2021-12-07,44001,Bristol,6.7159,0.9457,49.0405,4.0727
2021-12-08,44001,Bristol,3.8187,-2.1381,69.8846,3.7159
2021-12-09,44001,Bristol,3.5845,-1.599,57.3873,3.1749
2021-12-10,44001,Bristol,9.2312,2.0719,64.2801,2.3767
2021-12-11,44001,Bristol,17.1537,4.7074,71.5962,6.076
2021-12-12,44001,Bristol,8.6333,2.954,52.4044,5.8738
2021-12-13,44001,Bristol,11.3854,3.939,48.3105,5.7064
2021-12-14,44001,Bristol,11.6331,-1.3708,46.3817,4.23
2021-12-15,44001,Bristol,14.0337,-0.9728,45.8452,3.4889
2021-12-16,44001,Bristol,15.9221,11.9465,60.8217,6.0161
2021-12-17,44001,Bristol,16.0703,5.0495,45.9257,4.8044
2021-12-18,44001,Bristol,5.6097,3.1461,65.3762,2.8539
2021-12-19,44001,Bristol,3.5037,-6.0048,80.8186,5.8883
2021-12-20,44001,Bristol,2.2221,-5.5952,55.4225,3.7327
2021-12-21,44001,Bristol,6.6585,0.2853,53.1632,3.3345
2021-12-22,44001,Bristol,8.6333,-1.9649,71.6407,4.3965
2021-12-23,44001,Bristol,0.4519,-5.2931,39.1066,5.0423
2021-12-24,44001,Bristol,-0.5944,-4.2598,69.7108,0.771
2021-12-25,44001,Bristol,3.5904,1.943,71.4288,1.7425
2021-12-26,44001,Bristol,5.704,-1.0507,64.1249,5.305
2021-12-27,44001,Bristol,2.8925,-0.5485,56.0052,3.0222
2021-12-28,44001,Bristol,9.0273,2.2012,64.9057,2.3218
2021-12-29,44001,Bristol,5.7444,3.1659,69.6409,1.8556
2021-12-30,44001,Bristol,6.3171,4.616,75.0803,1.7973
2021-12-31,44001,Bristol,8.7528,5.4307,71.7255,0.6684
2022-01-01,44001,Bristol,13.1202,10.1073,65.1904,2.4268
2022-01-02,44001,Bristol,12.3811,0.3772,76.5383,2.6537
2022-01-03,44001,Bristol,0.2446,-6.8883,54.3895,7.2406
2022-01-04,44001,Bristol,3.9938,-6.4813,35.8219,3.9858
2022-01-05,44001,Bristol,12.2362,4.5027,57.5797,4.6401
2022-01-06,44001,Bristol,5.6465,-0.5639,57.2452,3.6803
2022-01-07,44001,Bristol,1.1398,-7.2192,72.7426,6.0414
2022-01-08,44001,Bristol,0.4202,-7.8398,46.5281,4.2771
2022-01-09,44001,Bristol,7.9243,-0.1267,58.7213,6.6178
2022-01-10,44001,Bristol,0.3146,-7.8048,58.524,5.4006
2022-01-11,44001,Bristol,-7.3362,-11.4126,40.5904,5.2029
2022-01-12,44001,Bristol,6.8037,-5.4763,53.3963,5.0919
2022-01-13,44001,Bristol,9.7455,1.0143,48.6384,1.8895
2022-01-14,44001,Bristol,6.6227,-12.9052,74.7549,8.0508
2022-01-15,44001,Bristol,-6.6391,-12.9958,32.8994,7.6881
2022-01-16,44001,Bristol,6.9008,-11.7986,34.6802,4.5781
2022-01-17,44001,Bristol,9.4606,-0.2829,67.74,8.5486
2022-01-18,44001,Bristol,1.2138,-5.9323,42.2216,7.629
2022-01-19,44001,Bristol,8.7437,-2.3091,50.7318,5.0296
2022-01-20,44001,Bristol,3.2377,-9.0588,70.5141,4.619
2022-01-21,44001,Bristol,-4.4361,-9.2967,35.9151,6.7886
2022-01-22,44001,Bristol,-1.3512,-7.8592,48.131,3.955
2022-01-23,44001,Bristol,2.2673,-3.5702,47.3664,3.2819
2022-01-24,44001,Bristol,2.0013,-2.567,51.3894,2.4504
2022-01-25,44001,Bristol,6.406,-5.1991,63.669,2.5669
2022-01-26,44001,Bristol,-1.7334,-12.2338,35.4155,5.5881
2022-01-27,44001,Bristol,-0.8614,-11.1728,43.0896,3.0432
2022-01-28,44001,Bristol,2.1812,-2.6297,58.8621,3.5885
2022-01-29,44001,Bristol,-3.4403,-11.2035,76.8331,10.7279
2022-01-30,44001,Bristol,-4.0466,-14.1522,50.036,5.6937
2022-01-31,44001,Bristol,0.0774,-12.9105,43.8722,2.8978
2022-02-01,44001,Bristol,1.79,-7.6513,61.7391,3.6085
2022-02-02,44001,Bristol,7.4944,0.9756,54.9164,1.6918
2022-02-03,44001,Bristol,10.9368,4.0784,52.3063,2.6376
2022-02-04,44001,Bristol,9.1409,-4.2171,61.6631,4.2628
2022-02-05,44001,Bristol,-3.0123,-11.0689,63.1316,5.9045
2022-02-06,44001,Bristol,-1.2177,-10.5937,59.8499,3.1418
2022-02-07,44001,Bristol,5.8519,-2.8278,66.1625,2.3497
2022-02-08,44001,Bristol,6.2159,-2.3404,67.2805,3.6646
2022-02-09,44001,Bristol,6.2568,-2.363,51.4994,2.9128
2022-02-10,44001,Bristol,11.3921,-1.4534,53.939,3.7987
2022-02-11,44001,Bristol,12.1191,0.4702,49.2729,2.9325
2022-02-12,44001,Bristol,16.1857,-0.663,48.2574,4.3068
2022-02-13,44001,Bristol,-0.0698,-6.381,80.7965,4.9203
2022-02-14,44001,Bristol,-4.6681,-12.6596,65.0558,6.2621
2022-02-15,44001,Bristol,-2.3275,-12.3402,47.4374,4.5537
2022-02-16,44001,Bristol,9.4077,-8.2769,51.7536,5.2912
2022-02-17,44001,Bristol,15.4337,9.6291,41.804,7.312
2022-02-18,44001,Bristol,14.7693,-7.8235,48.0818,7.3715
2022-02-19,44001,Bristol,4.5662,-8.6852,44.656,5.9551
2022-02-20,44001,Bristol,1.7137,-7.8924,40.6838,6.0482
2022-02-21,44001,Bristol,11.6456,-0.7438,49.0019,3.9592
2022-02-22,44001,Bristol,13.2947,0.2544,67.4531,4.9241
2022-02-23,44001,Bristol,19.4975,-2.1651,58.8181,6.0537
2022-02-24,44001,Bristol,-0.8069,-2.6868,31.1998,3.8762
2022-02-25,44001,Bristol,1.9799,-7.8165,80.3166,4.8314
2022-02-26,44001,Bristol,0.9263,-7.3649,55.1316,3.5841
2022-02-27,44001,Bristol,5.2506,-5.3217,54.7673,5.9042
2022-02-28,44001,Bristol,-0.3653,-6.9782,43.6507,4.9534
2022-03-01,44001,Bristol,5.5522,-2.9199,57.159,3.3358
2022-03-02,44001,Bristol,7.2848,0.2224,56.3559,3.1981
2022-03-03,44001,Bristol,5.0936,-7.8742,57.1694,5.5761
2022-03-04,44001,Bristol,1.6972,-6.2185,38.4037,4.2089
2022-03-05,44001,Bristol,6.8369,-2.0217,44.4158,3.0393
2022-03-06,44001,Bristol,16.1658,6.8626,56.3681,6.0307
2022-03-07,44001,Bristol,16.0578,3.3205,70.9446,4.7439
2022-03-08,44001,Bristol,6.716,-0.494,48.7279,5.2727
2022-03-09,44001,Bristol,3.9681,-1.6004,64.3836,3.6566
2022-03-10,44001,Bristol,10.3377,-2.1111,58.0422,2.0195
2022-03-11,44001,Bristol,11.5122,1.43,58.9129,2.6282
2022-03-12,44001,Bristol,9.2219,-6.0262,84.3389,5.194
2022-03-13,44001,Bristol,2.3239,-4.6519,41.9116,7.8195
2022-03-14,44001,Bristol,11.7082,2.3847,44.285,4.1882
2022-03-15,44001,Bristol,17.1737,2.0909,49.6956,2.7749
2022-03-16,44001,Bristol,13.9348,1.9365,57.9694,2.2329
2022-03-17,44001,Bristol,13.6707,5.8368,67.9726,2.8255
2022-03-18,44001,Bristol,22.0532,5.3266,53.2206,2.4824
2022-03-19,44001,Bristol,13.6399,6.8519,79.9274,3.937
2022-03-20,44001,Bristol,17.1507,5.0723,61.9785,3.3542
2022-03-21,44001,Bristol,14.7981,2.9109,39.5493,5.5317
2022-03-22,44001,Bristol,11.4772,-1.0891,38.3272,5.5506
2022-03-23,44001,Bristol,9.5752,2.0596,43.1214,2.8093
2022-03-24,44001,Bristol,7.1604,3.1777,83.1274,4.9917
2022-03-25,44001,Bristol,14.5063,3.628,66.3873,3.5943
2022-03-26,44001,Bristol,12.582,3.7505,61.4558,3.4928
2022-03-27,44001,Bristol,9.1134,-4.8454,63.1873,4.8418
2022-03-28,44001,Bristol,0.2108,-8.3117,30.4414,7.1926
2022-03-29,44001,Bristol,3.633,-5.5603,35.0141,6.1587
2022-03-30,44001,Bristol,9.3133,-0.2515,39.1242,4.257
2022-03-31,44001,Bristol,16.3155,6.543,70.5499,6.4797
2022-04-01,44001,Bristol,15.2318,2.6859,65.551,5.638
2022-04-02,44001,Bristol,12.3369,0.3836,42.3772,4.6692
2022-04-03,44001,Bristol,11.3999,2.8746,57.2009,1.7166
2022-04-04,44001,Bristol,13.4897,2.2397,45.6692,3.9303
2022-04-05,44001,Bristol,14.5776,5.9531,44.3982,2.1212
2022-04-06,44001,Bristol,8.91,4.4461,77.8445,5.6475
2022-04-07,44001,Bristol,12.7964,7.3548,65.1385,6.2359
2022-04-08,44001,Bristol,17.7844,7.0837,59.8265,4.747
2022-04-09,44001,Bristol,14.9851,4.5292,63.3638,3.7799
2022-04-10,44001,Bristol,12.8334,3.3657,50.1216,4.7237
2022-04-11,44001,Bristol,16.602,6.9164,40.0107,4.5562
2022-04-12,44001,Bristol,20.3395,6.3187,54.5564,3.3666
2022-04-13,44001,Bristol,20.5901,9.3687,47.5558,2.5821
2022-04-14,44001,Bristol,17.4124,8.7162,71.6112,1.8725
2022-04-15,44001,Bristol,20.0323,10.8416,36.9722,3.9968
2022-04-16,44001,Bristol,19.2965,4.2043,62.0662,5.2998
2022-04-17,44001,Bristol,9.8291,1.1759,58.4072,4.2882
2022-04-18,44001,Bristol,13.818,5.72,43.1478,4.8164
2022-04-19,44001,Bristol,12.4323,4.7697,66.5853,8.8611
2022-04-20,44001,Bristol,14.5085,1.6159,44.4288,4.4128
2022-04-21,44001,Bristol,15.9065,8.5229,49.8627,4.5532
2022-04-22,44001,Bristol,19.4255,5.7144,45.242,3.8146
2022-04-23,44001,Bristol,17.9744,7.6921,38.6695,2.2391
2022-04-24,44001,Bristol,13.0698,3.9674,50.6361,2.4903
2022-04-25,44001,Bristol,17.3858,6.1702,41.7753,2.2944
2022-04-26,44001,Bristol,12.9326,8.559,69.0834,3.0977
2022-04-27,44001,Bristol,14.9003,3.4485,60.3787,5.2541
2022-04-28,44001,Bristol,11.9505,3.4753,42.4641,6.4402
2022-04-29,44001,Bristol,15.0693,4.2893,35.4232,5.1566
2022-04-30,44001,Bristol,16.6876,3.4535,42.3766,2.8932
2022-05-01,44001,Bristol,19.2914,5.7464,43.9374,2.0934
2022-05-02,44001,Bristol,13.1214,7.0541,72.5711,3.2814
2022-05-03,44001,Bristol,14.3055,7.8656,67.9365,3.906
2022-05-04,44001,Bristol,14.4922,9.0433,79.2354,2.6679
2022-05-05,44001,Bristol,20.8658,8.5795,55.1953,2.6368
2022-05-06,44001,Bristol,17.8361,8.1301,63.3946,2.2985
2022-05-07,44001,Bristol,10.4895,6.549,73.4125,7.4285
2022-05-08,44001,Bristol,12.6637,4.6257,58.1261,8.4232
2022-05-09,44001,Bristol,13.7256,7.2706,52.2825,8.3554
2022-05-10,44001,Bristol,15.703,7.6288,54.3043,7.4998
2022-05-11,44001,Bristol,18.3121,10.0148,56.68,5.4944
2022-05-12,44001,Bristol,24.7348,12.8627,55.9927,2.5652
2022-05-13,44001,Bristol,24.8684,14.8592,60.0791,2.0952
2022-05-14,44001,Bristol,27.3541,13.8637,62.7338,3.4359
2022-05-15,44001,Bristol,23.2841,12.5309,69.9621,3.061
2022-05-16,44001,Bristol,23.9905,12.3476,69.6201,3.9585
2022-05-17,44001,Bristol,22.8017,10.7664,52.5717,5.1369
2022-05-18,44001,Bristol,22.3684,11.716,40.483,3.6076
2022-05-19,44001,Bristol,13.9458,8.978,77.0282,3.1253
2022-05-20,44001,Bristol,20.9303,13.7303,61.9477,3.1353
2022-05-21,44001,Bristol,29.0728,15.3445,62.9451,2.7874
2022-05-22,44001,Bristol,30.4025,15.8823,64.1053,3.1493
2022-05-23,44001,Bristol,22.9527,12.0107,61.1872,3.1788
2022-05-24,44001,Bristol,18.9673,7.1247,61.4784,2.8081
2022-05-25,44001,Bristol,19.372,7.5262,60.0737,1.802
2022-05-26,44001,Bristol,19.6403,13.133,56.3184,3.6358
2022-05-27,44001,Bristol,23.7315,16.5627,73.1386,4.9397
2022-05-28,44001,Bristol,22.0673,13.0647,83.6491,3.9995
2022-05-29,44001,Bristol,24.6158,12.388,61.4014,2.1795
2022-05-30,44001,Bristol,29.2403,20.3555,51.5324,3.87
2022-05-31,44001,Bristol,29.0264,12.7354,62.3166,3.2902
2022-06-01,44001,Bristol,18.9891,12.9445,68.207,2.7262
2022-06-02,44001,Bristol,23.3802,12.3093,73.5881,2.0646
2022-06-03,44001,Bristol,23.6869,12.4938,66.1842,1.4877
2022-06-04,44001,Bristol,22.5945,10.7964,70.4298,2.4347
2022-06-05,44001,Bristol,24.3129,10.6373,45.2382,2.3643
2022-06-06,44001,Bristol,26.8151,12.9179,48.1378,1.6455
2022-06-07,44001,Bristol,25.3234,16.4719,58.4992,4.0471
2022-06-08,44001,Bristol,27.1947,16.9578,69.2309,4.1744
2022-06-09,44001,Bristol,27.4298,14.0337,71.0039,4.8574
2022-06-10,44001,Bristol,25.5743,15.0692,57.362,3.3017
2022-06-11,44001,Bristol,25.8862,16.3206,58.3797,1.9377
2022-06-12,44001,Bristol,23.763,17.6359,66.9364,3.0701
2022-06-13,44001,Bristol,28.7726,16.5982,68.5967,2.9692
2022-06-14,44001,Bristol,27.5311,16.2116,57.4106,1.8677
2022-06-15,44001,Bristol,25.1633,13.2206,65.5542,2.3072
2022-06-16,44001,Bristol,22.3929,17.7919,63.8607,3.9121
2022-06-17,44001,Bristol,28.1646,16.0068,74.8647,4.554
2022-06-18,44001,Bristol,21.7827,9.6339,64.8761,4.4778
2022-06-19,44001,Bristol,18.0713,10.8747,61.5212,4.5562
2022-06-20,44001,Bristol,25.6199,11.3498,47.9217,2.0851
2022-06-21,44001,Bristol,24.5346,15.3963,56.072,2.8
2022-06-22,44001,Bristol,23.1973,13.8727,66.5401,3.5995
2022-06-23,44001,Bristol,24.7671,12.1745,67.1792,2.8714
2022-06-24,44001,Bristol,26.4028,16.1811,63.9658,1.9642
2022-06-25,44001,Bristol,31.5056,17.773,58.1812,1.7428
2022-06-26,44001,Bristol,30.8618,19.2817,60.9803,3.2291
2022-06-27,44001,Bristol,22.6824,13.5537,95.2471,4.9037
2022-06-28,44001,Bristol,26.3363,14.4559,61.3461,2.3491
2022-06-29,44001,Bristol,27.7092,16.3596,60.1185,2.872
2022-06-30,44001,Bristol,27.3794,17.1458,57.104,2.0195
2022-07-01,44001,Bristol,30.2937,21.1236,65.5434,4.7261
2022-07-02,44001,Bristol,28.4313,20.6036,79.0754,4.44
2022-07-03,44001,Bristol,28.4996,16.8364,64.9256,2.5551
2022-07-04,44001,Bristol,27.7327,17.0716,51.0231,2.4987
2022-07-05,44001,Bristol,24.1429,19.4756,73.5551,3.8472
2022-07-06,44001,Bristol,28.9305,15.7108,71.4438,2.9937
2022-07-07,44001,Bristol,26.2232,15.4422,68.0894,2.0252
2022-07-08,44001,Bristol,27.4994,19.8515,65.3877,3.068
2022-07-09,44001,Bristol,27.419,14.88,60.5884,2.2341
2022-07-10,44001,Bristol,26.7887,14.6832,51.9693,2.0882
2022-07-11,44001,Bristol,27.5782,17.8503,57.2916,4.2279
2022-07-12,44001,Bristol,27.9056,20.336,68.0005,5.926
2022-07-13,44001,Bristol,31.0293,19.7539,58.7205,2.0778
2022-07-14,44001,Bristol,29.2654,17.9871,68.8881,1.879
2022-07-15,44001,Bristol,28.5301,16.8219,52.3811,2.1883
2022-07-16,44001,Bristol,28.0881,19.9005,58.6804,3.1069
2022-07-17,44001,Bristol,30.3442,20.789,59.9593,2.8318
2022-07-18,44001,Bristol,27.4511,22.3185,75.1599,4.1669
2022-07-19,44001,Bristol,32.4375,21.8194,57.3864,4.7867
2022-07-20,44001,Bristol,34.3557,22.04,53.7483,3.2853
2022-07-21,44001,Bristol,32.1666,22.7141,65.8103,4.9598
2022-07-22,44001,Bristol,33.8219,22.4625,51.5612,3.2328
2022-07-23,44001,Bristol,34.7918,22.0404,47.9906,3.1747
2022-07-24,44001,Bristol,34.5149,24.654,52.59,4.9317
2022-07-25,44001,Bristol,29.1482,20.8761,78.0463,6.2927
2022-07-26,44001,Bristol,27.5057,16.4236,62.0945,2.6174
2022-07-27,44001,Bristol,29.7266,19.1992,48.7389,2.51
2022-07-28,44001,Bristol,29.2206,21.8795,65.2466,2.8884
2022-07-29,44001,Bristol,32.2433,20.8939,54.0102,3.7233
2022-07-30,44001,Bristol,30.0509,17.7553,51.2128,2.8527
2022-07-31,44001,Bristol,29.1563,20.8055,47.1656,2.4682
2022-08-01,44001,Bristol,26.0918,19.856,78.1468,2.5139
2022-08-02,44001,Bristol,31.2888,22.0426,62.1406,3.47
2022-08-03,44001,Bristol,31.2176,19.5887,58.362,2.3493
2022-08-04,44001,Bristol,33.2035,22.8256,55.6633,3.4463
2022-08-05,44001,Bristol,33.8862,22.6544,58.4735,3.0336
2022-08-06,44001,Bristol,33.4055,24.1666,59.8873,4.2027
2022-08-07,44001,Bristol,33.4182,24.4195,62.4128,5.589
2022-08-08,44001,Bristol,33.1774,24.3557,63.4742,5.4022
2022-08-09,44001,Bristol,34.6289,18.5222,69.0002,3.7159
2022-08-10,44001,Bristol,26.495,19.1494,80.4005,2.3026
2022-08-11,44001,Bristol,25.0368,19.5688,85.0247,2.5059
2022-08-12,44001,Bristol,28.7738,16.3714,61.5993,1.4769
2022-08-13,44001,Bristol,25.8012,13.5434,60.4748,2.3769
2022-08-14,44001,Bristol,27.8094,16.3104,53.4022,2.1317
2022-08-15,44001,Bristol,28.0789,15.7963,55.691,2.3212
2022-08-16,44001,Bristol,26.4429,16.9785,58.1404,4.5275
2022-08-17,44001,Bristol,25.2101,17.3226,61.5653,3.7264
2022-08-18,44001,Bristol,28.8248,19.0925,50.0644,4.4268
2022-08-19,44001,Bristol,32.118,20.0826,42.3709,3.3164
2022-08-20,44001,Bristol,31.2398,19.4589,51.371,2.3347
2022-08-21,44001,Bristol,28.7386,20.0344,58.5015,2.7117
2022-08-22,44001,Bristol,23.7019,20.3106,84.2015,2.3438
2022-08-23,44001,Bristol,25.9654,18.4401,84.1212,2.1155
2022-08-24,44001,Bristol,30.416,20.8924,65.4088,2.1468
2022-08-25,44001,Bristol,31.3384,20.4073,58.7568,1.7538
2022-08-26,44001,Bristol,29.9817,19.5758,71.3008,3.3911
2022-08-27,44001,Bristol,27.625,19.0299,76.5487,2.1982
2022-08-28,44001,Bristol,27.4304,17.0661,70.117,2.787
2022-08-29,44001,Bristol,28.5208,22.1998,66.7614,3.5544
2022-08-30,44001,Bristol,29.6262,21.5369,73.1624,4.0091
2022-08-31,44001,Bristol,28.2147,16.8296,73.0226,3.5496
2022-09-01,44001,Bristol,26.2693,13.0282,55.4351,3.4927
2022-09-02,44001,Bristol,24.4865,12.8811,50.7228,2.4647
2022-09-03,44001,Bristol,25.4697,15.2334,56.9687,1.7214
2022-09-04,44001,Bristol,28.2991,20.4886,61.5757,2.6457
2022-09-05,44001,Bristol,24.609,15.0623,87.9643,3.111
2022-09-06,44001,Bristol,18.9557,15.6411,96.3156,3.8994
2022-09-07,44001,Bristol,20.9862,14.0859,85.7663,4.8128
2022-09-08,44001,Bristol,23.5967,13.9674,69.7811,4.4384
2022-09-09,44001,Bristol,25.8359,14.9383,61.9474,2.8374
2022-09-10,44001,Bristol,29.0677,18.134,57.1636,2.1991
2022-09-11,44001,Bristol,26.7235,16.992,60.5436,2.64
2022-09-12,44001,Bristol,23.6849,17.9773,84.0218,1.1219
2022-09-13,44001,Bristol,23.2954,15.1832,95.1853,2.4598
2022-09-14,44001,Bristol,24.9364,15.4129,71.7993,3.9751
2022-09-15,44001,Bristol,21.3214,9.1264,58.6273,4.0915
2022-09-16,44001,Bristol,21.7553,10.0426,50.5798,3.4433
2022-09-17,44001,Bristol,20.982,13.7479,54.3823,2.6403
2022-09-18,44001,Bristol,26.8313,19.6796,66.2395,4.7793
2022-09-19,44001,Bristol,21.8429,16.485,86.6425,2.4922
2022-09-20,44001,Bristol,21.3986,13.7275,84.5938,1.7068
2022-09-21,44001,Bristol,21.0117,15.0787,73.3761,2.555
2022-09-22,44001,Bristol,22.0514,8.9714,96.9165,5.4551
2022-09-23,44001,Bristol,15.9753,7.475,61.5886,7.4156
2022-09-24,44001,Bristol,20.0764,8.726,51.1543,5.1682
2022-09-25,44001,Bristol,20.5768,13.8566,73.2812,3.8186
2022-09-26,44001,Bristol,22.0435,14.6007,77.1271,4.2784
2022-09-27,44001,Bristol,22.4672,10.3257,68.2805,3.3848
2022-09-28,44001,Bristol,21.0657,11.2984,62.3011,3.2355
2022-09-29,44001,Bristol,19.1667,7.6912,65.6434,3.8505
2022-09-30,44001,Bristol,17.3676,10.298,63.4977,3.7193
2022-10-01,44001,Bristol,14.2385,10.5355,78.1134,6.0559
2022-10-02,44001,Bristol,13.6007,9.9408,72.9963,9.0142
2022-10-03,44001,Bristol,12.498,10.215,68.7463,7.5797
2022-10-04,44001,Bristol,13.7199,11.5342,79.7583,7.749
2022-10-05,44001,Bristol,14.9456,12.8147,82.3922,4.8668
2022-10-06,44001,Bristol,23.3039,12.4928,65.7723,2.7193
2022-10-07,44001,Bristol,23.9315,8.3699,70.9696,3.2193
2022-10-08,44001,Bristol,15.263,4.0864,60.4238,3.2351
2022-10-09,44001,Bristol,16.2291,5.7791,51.4687,4.0885
2022-10-10,44001,Bristol,18.6084,7.2259,57.6777,2.3186
2022-10-11,44001,Bristol,19.1613,9.5082,54.6193,1.8616
2022-10-12,44001,Bristol,22.4692,12.81,54.0412,2.7674
2022-10-13,44001,Bristol,19.3331,16.8498,76.4537,6.4162
2022-10-14,44001,Bristol,21.3657,9.6221,81.8111,3.7242
2022-10-15,44001,Bristol,20.8879,8.942,65.971,2.0967
2022-10-16,44001,Bristol,21.0282,8.9396,64.0433,1.9669
2022-10-17,44001,Bristol,17.3434,11.2902,73.8363,2.7005
2022-10-18,44001,Bristol,18.3889,4.17,82.8297,3.2688
2022-10-19,44001,Bristol,12.7524,5.0765,59.6235,4.5
2022-10-20,44001,Bristol,13.7155,4.21,64.9602,4.8185
2022-10-21,44001,Bristol,17.4582,5.2069,58.9971,1.9389
2022-10-22,44001,Bristol,18.83,8.3439,61.8096,1.5111
2022-10-23,44001,Bristol,14.8515,10.851,84.7877,4.0866
2022-10-24,44001,Bristol,14.9018,11.6375,98.5935,2.6714
2022-10-25,44001,Bristol,20.7417,14.8593,82.9144,2.3526
2022-10-26,44001,Bristol,21.9713,14.1595,81.5596,2.2495
2022-10-27,44001,Bristol,19.8073,4.811,71.0192,4.6657
2022-10-28,44001,Bristol,12.2908,3.4248,65.7599,5.0668
2022-10-29,44001,Bristol,15.8725,0.9858,67.3909,2.7796
2022-10-30,44001,Bristol,17.8944,4.1969,57.2377,1.3174
2022-10-31,44001,Bristol,17.4265,10.2057,73.5137,2.1552
2022-11-01,44001,Bristol,16.8204,11.6722,81.7634,3.1185
2022-11-02,44001,Bristol,20.4368,4.0573,56.8989,2.9135
2022-11-03,44001,Bristol,18.0863,5.6581,54.6177,1.7486
2022-11-04,44001,Bristol,21.2344,7.68,64.5269,2.9757
2022-11-05,44001,Bristol,23.1016,16.4337,64.7282,4.5847
2022-11-06,44001,Bristol,22.9723,17.1807,66.8354,5.1556
2022-11-07,44001,Bristol,24.4808,7.4719,58.9569,4.8118
2022-11-08,44001,Bristol,12.5509,0.8973,45.5787,6.1841
2022-11-09,44001,Bristol,11.198,2.4596,51.6563,3.1615
2022-11-10,44001,Bristol,18.6489,8.614,55.9629,4.9734
2022-11-11,44001,Bristol,21.014,13.155,70.8571,3.9583
2022-11-12,44001,Bristol,22.8054,10.6922,72.3489,4.8302
2022-11-13,44001,Bristol,11.0222,1.332,87.7702,3.7923
2022-11-14,44001,Bristol,7.2407,-2.9464,52.9441,4.4086
2022-11-15,44001,Bristol,8.828,-0.0206,52.3467,3.5067
2022-11-16,44001,Bristol,13.4623,2.404,72.395,5.8724
2022-11-17,44001,Bristol,7.8514,-0.2209,57.5453,5.6834
2022-11-18,44001,Bristol,6.3795,-1.743,54.4574,5.4338
2022-11-19,44001,Bristol,5.7767,-3.5649,56.6744,4.7012
2022-11-20,44001,Bristol,2.795,-5.0239,48.6724,6.2439
2022-11-21,44001,Bristol,4.7808,-3.7924,55.1787,6.0876
2022-11-22,44001,Bristol,9.1569,1.2665,49.675,3.9465
2022-11-23,44001,Bristol,10.8687,-2.1577,51.7246,3.9053
2022-11-24,44001,Bristol,8.7945,-0.4008,57.6054,2.737
2022-11-25,44001,Bristol,11.2429,1.9943,73.5719,5.1332
2022-11-26,44001,Bristol,11.2796,2.8064,49.1392,5.7778
2022-11-27,44001,Bristol,15.2375,6.432,62.469,5.4081
2022-11-28,44001,Bristol,11.8686,-1.1091,75.5431,5.4976
2022-11-29,44001,Bristol,7.3324,-0.2176,57.9637,2.1469
2022-11-30,44001,Bristol,14.4531,2.1073,73.605,6.3545
2022-12-01,44001,Bristol,6.3036,-1.4655,49.673,6.8517
2022-12-02,44001,Bristol,10.3993,-0.0457,47.722,3.1332
2022-12-03,44001,Bristol,15.0118,1.0365,78.2449,7.0494
2022-12-04,44001,Bristol,6.2621,-3.9434,58.5868,2.95
2022-12-05,44001,Bristol,9.6891,-1.7489,55.4586,2.4027
2022-12-06,44001,Bristol,13.3846,5.2221,65.3595,3.9269
2022-12-07,44001,Bristol,14.4098,9.1429,77.7497,5.0635
2022-12-08,44001,Bristol,12.058,-0.1831,68.8091,4.5887
2022-12-09,44001,Bristol,8.1092,0.0461,47.4935,5.891
2022-12-10,44001,Bristol,2.478,-1.5681,72.5293,6.2412
2022-12-11,44001,Bristol,1.0039,-3.3751,78.5616,5.1143
2022-12-12,44001,Bristol,0.6893,-4.8771,68.0908,5.9377
2022-12-13,44001,Bristol,5.2118,-3.7407,44.455,4.9198
2022-12-14,44001,Bristol,3.6496,-3.8915,54.705,7.0074
2022-12-15,44001,Bristol,5.9588,0.863,64.4706,4.6796
2022-12-16,44001,Bristol,7.5795,1.8563,74.862,6.7319
2022-12-17,44001,Bristol,6.9476,0.5139,62.8835,6.3922
2022-12-18,44001,Bristol,5.4288,-0.8825,52.3722,4.6508
2022-12-19,44001,Bristol,5.1623,-1.2156,50.8232,5.8506
2022-12-20,44001,Bristol,5.2578,-3.8359,52.5464,4.8661
2022-12-21,44001,Bristol,4.7664,-3.9663,53.2068,1.7313
2022-12-22,44001,Bristol,12.5146,-1.985,55.7036,4.7895
2022-12-23,44001,Bristol,13.2065,-13.1878,86.7605,11.3484
2022-12-24,44001,Bristol,-8.0411,-13.1334,52.0916,8.185
2022-12-25,44001,Bristol,-2.6129,-9.7324,48.1885,6.4149
2022-12-26,44001,Bristol,0.6395,-7.4525,45.5184,4.1386
2022-12-27,44001,Bristol,1.5907,-4.5386,47.0861,3.9016
2022-12-28,44001,Bristol,6.0977,-2.2772,55.3996,3.2202
2022-12-29,44001,Bristol,10.9485,1.6825,53.4529,3.1666
2022-12-30,44001,Bristol,15.7836,4.4461,46.2099,3.3468
2022-12-31,44001,Bristol,12.8215,5.8458,68.4124,3.5139
2023-01-01,44001,Bristol,13.0948,0.9878,69.2056,3.9263
2023-01-02,44001,Bristol,9.4618,0.5577,64.3031,2.2135
2023-01-03,44001,Bristol,11.4734,4.4734,66.4984,2.3963
2023-01-04,44001,Bristol,8.9362,5.3162,81.4397,2.1055
2023-01-05,44001,Bristol,7.418,2.0994,80.074,3.6223
2023-01-06,44001,Bristol,4.0619,-0.4358,82.3154,2.8014
2023-01-07,44001,Bristol,6.9082,-3.0173,65.3648,3.5052
2023-01-08,44001,Bristol,3.4429,-3.0682,51.1023,3.3303
2023-01-09,44001,Bristol,6.1802,-0.7232,58.3683,2.3377
2023-01-10,44001,Bristol,6.2489,-3.9835,52.2983,3.4017
2023-01-11,44001,Bristol,3.2622,-4.0459,56.1428,3.5457
2023-01-12,44001,Bristol,13.7625,1.7673,52.3241,4.3115
2023-01-13,44001,Bristol,12.8872,0.8431,88.7986,5.4716
2023-01-14,44001,Bristol,1.4964,-0.1207,74.824,7.1901
2023-01-15,44001,Bristol,2.1456,-0.8537,60.6424,9.7731
2023-01-16,44001,Bristol,1.0639,-0.7293,65.1996,6.0828
2023-01-17,44001,Bristol,9.8752,0.1524,50.662,3.8085
2023-01-18,44001,Bristol,10.957,1.6372,57.3986,4.545
2023-01-19,44001,Bristol,5.1878,2.0754,66.9016,3.1864
2023-01-20,44001,Bristol,2.5646,-0.4109,85.4003,2.9729
2023-01-21,44001,Bristol,1.8046,-0.8316,63.8478,2.9365
2023-01-22,44001,Bristol,4.7847,-0.459,64.3345,2.8169
2023-01-23,44001,Bristol,3.2303,-1.4501,82.4109,4.7786
2023-01-24,44001,Bristol,4.2786,-0.9062,55.4906,5.4274
2023-01-25,44001,Bristol,12.487,-0.4493,45.4314,4.421
2023-01-26,44001,Bristol,11.6028,-1.6867,71.4289,7.801
2023-01-27,44001,Bristol,5.7954,-3.075,53.9364,2.9804
2023-01-28,44001,Bristol,10.7678,0.3973,46.7043,4.0455
2023-01-29,44001,Bristol,11.1491,-0.0435,65.8681,3.2192
2023-01-30,44001,Bristol,10.7771,1.3123,59.4878,1.7473
2023-01-31,44001,Bristol,3.0847,-6.1851,74.6545,2.546
2023-02-01,44001,Bristol,0.1669,-6.7187,46.6086,3.5326
2023-02-02,44001,Bristol,1.8087,-5.3673,50.8388,3.739
2023-02-03,44001,Bristol,-2.9571,-23.1254,49.014,9.0374
2023-02-04,44001,Bristol,-2.5658,-22.1944,23.7512,6.7633
2023-02-05,44001,Bristol,8.1448,-0.2904,53.7579,5.636
2023-02-06,44001,Bristol,8.4886,-3.8055,61.9256,5.2387
2023-02-07,44001,Bristol,2.9857,-3.1609,56.4703,4.096
2023-02-08,44001,Bristol,8.2512,-1.9565,58.8144,4.1386
2023-02-09,44001,Bristol,10.8411,0.4545,56.4898,3.2851
2023-02-10,44001,Bristol,16.866,1.1454,52.4743,5.3202
2023-02-11,44001,Bristol,6.6286,-2.9537,47.0392,4.2103
2023-02-12,44001,Bristol,8.6056,0.4793,47.3404,2.6947
2023-02-13,44001,Bristol,6.6355,1.071,66.1877,4.1974
2023-02-14,44001,Bristol,10.2347,-1.6344,47.8775,2.9512
2023-02-15,44001,Bristol,12.869,3.0945,58.2976,4.6144
2023-02-16,44001,Bristol,19.3185,6.9337,46.7063,3.0728
2023-02-17,44001,Bristol,12.7085,-5.583,89.1212,5.0248
2023-02-18,44001,Bristol,2.9483,-4.5931,46.1869,4.6265
2023-02-19,44001,Bristol,8.4166,0.1624,57.6447,3.7354
2023-02-20,44001,Bristol,13.9496,2.1323,65.7978,3.4543
2023-02-21,44001,Bristol,3.5904,-0.536,83.9126,2.6549
2023-02-22,44001,Bristol,5.1459,0.0263,58.5604,2.6366
2023-02-23,44001,Bristol,2.1692,-1.3662,77.4083,4.3777
2023-02-24,44001,Bristol,4.5356,-8.9046,52.5696,5.7759
2023-02-25,44001,Bristol,1.5119,-7.2794,34.0049,2.1372
2023-02-26,44001,Bristol,10.0712,-0.9531,40.5082,3.4516
2023-02-27,44001,Bristol,13.3205,2.0521,26.3851,3.5874
2023-02-28,44001,Bristol,12.2106,-3.5312,51.4627,4.7817
2023-03-01,44001,Bristol,2.5001,-4.304,80.1572,3.1236
2023-03-02,44001,Bristol,7.9271,0.4901,79.8446,5.0509
2023-03-03,44001,Bristol,8.4025,0.4547,47.7736,3.5645
2023-03-04,44001,Bristol,3.6512,-2.3343,87.7955,6.7701
2023-03-05,44001,Bristol,8.245,0.0564,54.7574,4.3548
2023-03-06,44001,Bristol,10.3341,1.6773,35.7057,6.3289
2023-03-07,44001,Bristol,5.9664,-1.0731,39.6302,5.4787
2023-03-08,44001,Bristol,9.1543,0.2169,47.2816,6.0008
2023-03-09,44001,Bristol,10.5321,-0.9978,49.3034,4.028
2023-03-10,44001,Bristol,10.814,1.7067,47.5178,1.9565
2023-03-11,44001,Bristol,3.8817,0.0836,73.277,6.2434
2023-03-12,44001,Bristol,6.8706,0.9681,57.6119,3.3059
2023-03-13,44001,Bristol,6.6093,3.4171,69.933,4.4285
2023-03-14,44001,Bristol,6.5985,0.6996,81.1721,6.524
2023-03-15,44001,Bristol,6.0061,0.6943,53.029,7.5184
2023-03-16,44001,Bristol,11.7931,1.5189,39.9942,4.3494
2023-03-17,44001,Bristol,11.6754,4.8294,60.6922,4.236
2023-03-18,44001,Bristol,12.0594,-1.3943,75.1557,2.6824
2023-03-19,44001,Bristol,4.6789,-2.3646,42.9841,6.0074
2023-03-20,44001,Bristol,9.7332,-1.2136,41.4707,4.6577
2023-03-21,44001,Bristol,15.6897,0.787,38.9203,3.2218
2023-03-22,44001,Bristol,14.8217,5.4621,46.2515,2.3924
2023-03-23,44001,Bristol,14.7968,5.3606,67.9547,4.2325
2023-03-24,44001,Bristol,13.1522,0.7443,53.3731,3.1481
2023-03-25,44001,Bristol,6.6394,3.3174,66.0407,4.9082
2023-03-26,44001,Bristol,15.7646,0.2909,48.4361,4.2129
2023-03-27,44001,Bristol,14.9095,2.6122,45.8752,2.4115
2023-03-28,44001,Bristol,8.0007,-0.1104,73.3737,1.6938
2023-03-29,44001,Bristol,10.6262,-1.1444,50.5358,2.7899
2023-03-30,44001,Bristol,5.8531,-2.6327,43.8806,5.4767
2023-03-31,44001,Bristol,10.0282,2.5234,46.6041,3.6995
2023-04-01,44001,Bristol,14.0437,5.4805,84.5585,4.8615
2023-04-02,44001,Bristol,10.3351,-2.8794,53.915,4.5664
2023-04-03,44001,Bristol,10.9845,3.5248,46.8062,3.8203
2023-04-04,44001,Bristol,19.6587,7.837,58.398,2.5386
2023-04-05,44001,Bristol,8.8138,3.8773,80.2433,4.3231
2023-04-06,44001,Bristol,16.4571,6.1043,78.7304,2.4913
2023-04-07,44001,Bristol,15.5368,0.2866,44.4625,4.8403
2023-04-08,44001,Bristol,10.8856,0.0507,36.3484,3.0122
2023-04-09,44001,Bristol,11.7074,0.9481,39.6802,2.2775
2023-04-10,44001,Bristol,17.6694,4.1411,38.0365,3.3976
2023-04-11,44001,Bristol,23.6191,12.0184,31.542,4.894
2023-04-12,44001,Bristol,24.9342,9.9168,35.5754,4.1482
2023-04-13,44001,Bristol,30.8222,14.1762,34.2523,3.0661
2023-04-14,44001,Bristol,32.3021,9.1223,36.3916,2.1913
2023-04-15,44001,Bristol,22.3012,10.0574,59.4526,2.1002
2023-04-16,44001,Bristol,18.8289,9.3072,73.2354,1.711
2023-04-17,44001,Bristol,14.5312,8.0325,84.9284,3.9394
2023-04-18,44001,Bristol,14.4514,4.041,54.6371,4.4899
2023-04-19,44001,Bristol,11.269,3.9118,50.7009,4.6182
2023-04-20,44001,Bristol,16.7314,5.1916,42.61,2.4438
2023-04-21,44001,Bristol,16.889,7.0632,51.5649,3.4931
2023-04-22,44001,Bristol,13.7406,8.9658,65.3869,5.6977
2023-04-23,44001,Bristol,12.4552,5.8857,81.619,5.0758
2023-04-24,44001,Bristol,16.8084,4.7001,57.7842,2.4505
2023-04-25,44001,Bristol,16.2705,6.4647,54.1783,1.0975
2023-04-26,44001,Bristol,14.1565,5.1956,62.7884,2.2281
2023-04-27,44001,Bristol,14.4423,4.6095,61.6242,1.9482
2023-04-28,44001,Bristol,16.7514,5.5161,56.3731,2.4656
2023-04-29,44001,Bristol,14.6034,7.3096,68.1854,6.0654
2023-04-30,44001,Bristol,16.3635,9.8456,78.3545,6.3336
2023-05-01,44001,Bristol,17.194,6.6295,70.1046,5.6831
2023-05-02,44001,Bristol,13.9355,3.2965,78.0162,4.4643
2023-05-03,44001,Bristol,14.5029,5.4264,64.5822,2.5936
2023-05-04,44001,Bristol,10.648,6.4719,72.8141,4.0482
2023-05-05,44001,Bristol,16.3339,6.9194,59.9562,2.5838
2023-05-06,44001,Bristol,23.6173,10.6355,42.8411,3.5933
2023-05-07,44001,Bristol,25.3182,12.1551,40.9222,3.2796
2023-05-08,44001,Bristol,23.9616,6.7587,50.3562,3.044
2023-05-09,44001,Bristol,17.8287,5.1333,50.05,2.3218
2023-05-10,44001,Bristol,21.9375,8.9538,43.1369,3.5463
2023-05-11,44001,Bristol,26.666,11.6431,44.3133,3.4738
2023-05-12,44001,Bristol,28.7608,17.0393,43.5694,3.1772
2023-05-13,44001,Bristol,27.5169,9.0342,51.4227,2.7215
2023-05-14,44001,Bristol,19.2018,7.2723,48.423,3.358
2023-05-15,44001,Bristol,22.7919,11.6944,42.1769,4.2882
2023-05-16,44001,Bristol,25.4516,10.6905,48.1548,4.5565
2023-05-17,44001,Bristol,15.749,1.4104,55.139,4.8073
2023-05-18,44001,Bristol,15.6827,4.9904,42.1604,3.181
2023-05-19,44001,Bristol,18.2482,10.2848,57.5079,3.9121
2023-05-20,44001,Bristol,18.0032,13.5196,79.0479,4.5375
2023-05-21,44001,Bristol,22.8329,11.5923,62.8184,2.7275
2023-05-22,44001,Bristol,18.9153,7.1991,67.3194,3.5792
2023-05-23,44001,Bristol,19.2706,5.6986,64.4431,3.1305
2023-05-24,44001,Bristol,20.3937,9.0087,57.8929,1.9335
2023-05-25,44001,Bristol,19.4471,6.7268,54.218,3.6685
2023-05-26,44001,Bristol,22.5248,7.9878,44.7718,2.3368
2023-05-27,44001,Bristol,24.9046,11.4996,45.6329,2.5697
2023-05-28,44001,Bristol,27.6281,13.3594,49.3517,4.1015
2023-05-29,44001,Bristol,20.7122,5.9216,64.6732,4.3578
2023-05-30,44001,Bristol,20.7353,8.5725,52.4795,2.5025
2023-05-31,44001,Bristol,23.2596,10.9448,54.6703,1.9146
2023-06-01,44001,Bristol,27.8024,14.1551,55.2245,2.3656
2023-06-02,44001,Bristol,29.1626,10.2327,67.0454,1.72
2023-06-03,44001,Bristol,12.3654,7.0182,89.6624,6.7899
2023-06-04,44001,Bristol,13.1009,9.0187,73.1245,4.7824
2023-06-05,44001,Bristol,17.2681,10.5566,70.254,3.8658
2023-06-06,44001,Bristol,23.7377,9.8696,60.6221,3.3925
2023-06-07,44001,Bristol,19.4681,10.1608,63.9114,2.7694
2023-06-08,44001,Bristol,18.9639,8.6199,68.177,1.5441
2023-06-09,44001,Bristol,20.0788,10.4824,67.2171,1.3942
2023-06-10,44001,Bristol,20.9525,11.148,66.5415,1.7938
2023-06-11,44001,Bristol,25.9706,15.0444,58.6474,2.2748
2023-06-12,44001,Bristol,25.0303,16.9025,73.5795,2.9496
2023-06-13,44001,Bristol,25.2198,13.1931,80.5783,3.3075
2023-06-14,44001,Bristol,25.346,13.2316,71.6345,3.3923
2023-06-15,44001,Bristol,25.0432,15.4274,64.5345,3.3255
2023-06-16,44001,Bristol,27.5535,14.7573,61.1867,2.4299
2023-06-17,44001,Bristol,20.2231,12.469,81.5396,2.0415
2023-06-18,44001,Bristol,23.3227,13.6882,66.7829,2.6662
2023-06-19,44001,Bristol,21.9326,11.7139,76.7486,1.9663
2023-06-20,44001,Bristol,22.0601,11.0074,71.7653,3.0301
2023-06-21,44001,Bristol,22.0287,11.0494,66.4627,3.5497
2023-06-22,44001,Bristol,23.5007,15.0152,62.7972,3.4421
2023-06-23,44001,Bristol,25.5539,16.9641,70.1808,1.826
2023-06-24,44001,Bristol,24.3688,17.9332,80.0219,2.6096
2023-06-25,44001,Bristol,28.1632,17.5989,72.3624,2.5679
2023-06-26,44001,Bristol,26.9119,17.8544,74.4527,3.3039
2023-06-27,44001,Bristol,24.8148,18.1934,80.1176,4.6595
2023-06-28,44001,Bristol,24.4528,17.272,81.6773,3.3417
2023-06-29,44001,Bristol,26.2339,14.9906,76.5588,2.4661
2023-06-30,44001,Bristol,27.9663,15.8393,70.4434,2.3553
2023-07-01,44001,Bristol,27.7878,18.1836,71.2097,2.2945
2023-07-02,44001,Bristol,26.2287,19.8071,79.269,3.1999
2023-07-03,44001,Bristol,29.2779,19.8079,78.7371,2.2656
2023-07-04,44001,Bristol,27.0772,18.6504,78.4793,1.067
2023-07-05,44001,Bristol,30.6896,20.3039,70.4838,1.6924
2023-07-06,44001,Bristol,31.1872,20.3495,71.528,2.4784
2023-07-07,44001,Bristol,28.28,21.032,74.0165,2.1719
2023-07-08,44001,Bristol,30.3798,21.0596,70.7462,1.4473
2023-07-09,44001,Bristol,27.3502,19.9229,79.9512,2.4928
2023-07-10,44001,Bristol,22.8517,17.7511,91.9339,2.827
2023-07-11,44001,Bristol,30.2035,19.7199,62.4859,2.7304
2023-07-12,44001,Bristol,31.8031,20.4746,65.33,2.0915
2023-07-13,44001,Bristol,30.1865,18.6614,79.2191,3.5255
2023-07-14,44001,Bristol,26.1779,21.2259,83.2386,2.9406
2023-07-15,44001,Bristol,28.8977,22.6549,78.812,3.0508
2023-07-16,44001,Bristol,25.3504,21.2922,91.0703,4.4712
2023-07-17,44001,Bristol,30.6829,21.8774,75.3089,2.6096
2023-07-18,44001,Bristol,28.6455,21.6966,81.3435,2.8396
2023-07-19,44001,Bristol,28.4842,19.6826,79.2641,2.2739
2023-07-20,44001,Bristol,29.9734,19.5593,64.0061,1.651
2023-07-21,44001,Bristol,26.492,18.458,79.9577,2.3075
2023-07-22,44001,Bristol,28.6152,18.7875,73.5639,0.7326
2023-07-23,44001,Bristol,29.6062,18.5097,65.8105,1.9821
2023-07-24,44001,Bristol,29.3742,19.7256,67.0093,2.5428
2023-07-25,44001,Bristol,29.4857,18.1384,75.9359,2.6067
2023-07-26,44001,Bristol,30.7554,20.8043,65.0498,3.0579
2023-07-27,44001,Bristol,30.6804,21.4064,80.9418,4.9502
2023-07-28,44001,Bristol,32.008,22.3191,72.5247,2.6692
2023-07-29,44001,Bristol,30.0137,15.8786,86.6851,4.0797
2023-07-30,44001,Bristol,24.6755,14.406,63.003,3.5487
2023-07-31,44001,Bristol,27.3797,16.6385,59.8552,2.49
2023-08-01,44001,Bristol,25.0692,13.6393,66.8106,2.2014
2023-08-02,44001,Bristol,25.1307,14.3688,57.6817,1.9295
2023-08-03,44001,Bristol,25.7872,18.5673,62.8932,3.3588
2023-08-04,44001,Bristol,25.7524,19.4291,72.5553,4.0013
2023-08-05,44001,Bristol,28.2275,16.5948,75.1101,1.1441
2023-08-06,44001,Bristol,27.5694,17.5766,66.4999,2.2196
2023-08-07,44001,Bristol,23.7315,20.6466,83.7644,3.1941
2023-08-08,44001,Bristol,27.9584,19.2663,80.3722,4.1949
2023-08-09,44001,Bristol,27.8284,18.7362,66.6818,4.3655
2023-08-10,44001,Bristol,27.5573,18.6506,73.1063,3.1668
2023-08-11,44001,Bristol,27.7384,14.9037,70.4112,3.3887
2023-08-12,44001,Bristol,28.135,21.2439,64.2739,2.1429
2023-08-13,44001,Bristol,28.6171,18.4935,80.885,3.5644
2023-08-14,44001,Bristol,27.7983,19.3117,68.9036,2.4297
2023-08-15,44001,Bristol,21.6555,18.2751,96.3929,2.3465
2023-08-16,44001,Bristol,22.1418,17.9577,94.1608,1.3199
2023-08-17,44001,Bristol,23.6524,19.1226,86.5214,2.6868
2023-08-18,44001,Bristol,26.6058,14.9668,87.3524,3.6469
2023-08-19,44001,Bristol,23.5062,16.4225,66.7798,3.9203
2023-08-20,44001,Bristol,27.6535,18.4307,61.9327,3.2645
2023-08-21,44001,Bristol,29.3045,17.1766,71.5038,1.8677
2023-08-22,44001,Bristol,25.1022,14.3655,67.6502,3.7101
2023-08-23,44001,Bristol,25.066,13.7624,57.9829,2.1691
2023-08-24,44001,Bristol,24.4882,17.669,67.7567,2.7975
2023-08-25,44001,Bristol,22.187,18.8479,88.5045,4.8551
2023-08-26,44001,Bristol,28.5331,18.5281,79.8709,2.1418
2023-08-27,44001,Bristol,25.364,16.4035,80.7605,2.3491
2023-08-28,44001,Bristol,23.6535,16.3545,80.7888,2.2605
2023-08-29,44001,Bristol,24.3414,17.9732,81.331,2.0279
2023-08-30,44001,Bristol,26.6025,16.849,84.5106,3.2387
2023-08-31,44001,Bristol,23.3331,12.3984,62.7515,4.3483
2023-09-01,44001,Bristol,23.2928,11.3658,60.6876,2.5573
2023-09-02,44001,Bristol,24.5898,16.9336,63.6028,3.9084
2023-09-03,44001,Bristol,29.3033,17.9506,67.5534,3.2838
2023-09-04,44001,Bristol,30.3042,18.7575,69.47,1.2112
2023-09-05,44001,Bristol,30.9533,20.917,71.6095,1.3511
2023-09-06,44001,Bristol,31.4001,20.49,74.5532,1.797
2023-09-07,44001,Bristol,33.1582,21.2793,69.074,2.2604
2023-09-08,44001,Bristol,29.6225,22.5843,76.9858,3.1345
2023-09-09,44001,Bristol,29.3941,21.1604,76.0463,2.4613
2023-09-10,44001,Bristol,26.7584,19.6919,79.2306,2.0321
2023-09-11,44001,Bristol,25.0937,19.1477,73.3993,1.5906
2023-09-12,44001,Bristol,26.412,18.1084,80.5425,1.2574
2023-09-13,44001,Bristol,24.8101,17.1857,86.8787,2.6176
2023-09-14,44001,Bristol,24.8371,12.8675,75.1197,2.1817
2023-09-15,44001,Bristol,19.8387,13.7461,72.1756,6.9761
2023-09-16,44001,Bristol,21.5253,12.0026,69.1769,6.1255
2023-09-17,44001,Bristol,24.2438,16.551,56.8227,3.1799
2023-09-18,44001,Bristol,18.79,14.2459,91.2263,3.2943
2023-09-19,44001,Bristol,22.2431,12.4596,71.6176,4.186
2023-09-20,44001,Bristol,22.6382,10.3949,64.5551,2.9085
2023-09-21,44001,Bristol,22.8267,11.2134,62.8077,2.3304
2023-09-22,44001,Bristol,21.3431,12.016,66.474,3.8585
2023-09-23,44001,Bristol,15.6739,12.5663,87.6833,5.8671
2023-09-24,44001,Bristol,16.1676,13.9359,90.829,5.9994
2023-09-25,44001,Bristol,16.0417,13.4717,89.9385,6.6198
2023-09-26,44001,Bristol,15.9142,6.8942,89.1292,5.6837
2023-09-27,44001,Bristol,19.1883,7.8512,68.2412,3.9988
2023-09-28,44001,Bristol,20.1513,11.6966,69.8408,3.6423
2023-09-29,44001,Bristol,15.7636,12.932,89.8942,4.4451
2023-09-30,44001,Bristol,15.6974,11.0721,92.0091,5.4715
2023-10-01,44001,Bristol,21.2437,12.3114,65.6938,3.721
2023-10-02,44001,Bristol,21.7558,7.7376,68.6924,2.6104
2023-10-03,44001,Bristol,26.5906,14.7405,55.2272,2.6915
2023-10-04,44001,Bristol,28.7386,15.0534,59.6956,1.6505
2023-10-05,44001,Bristol,23.8222,15.8797,64.9299,2.6104
2023-10-06,44001,Bristol,23.9663,17.5831,69.8636,2.9594
2023-10-07,44001,Bristol,21.4798,9.5948,88.8624,3.3907
2023-10-08,44001,Bristol,17.5792,7.1947,71.7012,5.6053
2023-10-09,44001,Bristol,16.3726,7.5555,60.7622,4.0907
2023-10-10,44001,Bristol,18.27,8.8685,63.1423,2.0434
2023-10-11,44001,Bristol,20.3808,8.1421,65.4882,2.1402
2023-10-12,44001,Bristol,20.5911,8.6836,60.9615,1.4551
2023-10-13,44001,Bristol,17.2418,8.296,54.8694,4.0389
2023-10-14,44001,Bristol,15.901,9.9318,61.5561,2.8023
2023-10-15,44001,Bristol,15.2649,9.0383,63.3626,4.2391
2023-10-16,44001,Bristol,14.9927,7.9124,66.427,3.4194
2023-10-17,44001,Bristol,16.6206,10.2529,63.3088,1.4446
2023-10-18,44001,Bristol,16.9805,8.7426,68.1853,1.2248
2023-10-19,44001,Bristol,17.6936,10.3883,67.7486,3.1636
2023-10-20,44001,Bristol,17.78,13.5699,78.4727,4.0727
2023-10-21,44001,Bristol,15.2322,10.3456,89.3191,4.3038
2023-10-22,44001,Bristol,14.1556,6.8635,69.2696,6.2044
2023-10-23,44001,Bristol,16.6843,6.0591,59.2575,3.4811
2023-10-24,44001,Bristol,16.3699,8.6995,61.6531,2.4868
2023-10-25,44001,Bristol,22.5259,13.1359,59.5242,4.0595
2023-10-26,44001,Bristol,25.4913,14.3518,54.19,2.228
2023-10-27,44001,Bristol,22.7742,12.6262,66.6618,2.8188
2023-10-28,44001,Bristol,26.787,12.2459,59.4105,3.2196
2023-10-29,44001,Bristol,12.3719,8.1198,78.3399,4.216
2023-10-30,44001,Bristol,12.9514,4.9033,95.0869,3.753
2023-10-31,44001,Bristol,9.7179,3.6678,55.8665,3.9616
2023-11-01,44001,Bristol,7.6348,-1.1748,69.4644,4.4209
2023-11-02,44001,Bristol,7.7625,-1.3295,54.3931,2.8922
2023-11-03,44001,Bristol,12.406,3.6933,63.0922,3.934
2023-11-04,44001,Bristol,15.7397,5.9631,63.9259,2.1713
2023-11-05,44001,Bristol,17.0288,4.5195,58.0892,2.036
2023-11-06,44001,Bristol,12.0311,5.5334,63.2205,3.0489
2023-11-07,44001,Bristol,17.7487,3.946,78.6443,4.8866
2023-11-08,44001,Bristol,6.6147,1.4533,54.4513,5.3379
2023-11-09,44001,Bristol,6.3513,1.2625,82.1328,2.2964
2023-11-10,44001,Bristol,9.8055,3.6145,65.1049,3.7054
2023-11-11,44001,Bristol,10.6348,-2.0311,56.4478,4.4257
2023-11-12,44001,Bristol,6.3541,-4.3204,59.9869,3.4538
2023-11-13,44001,Bristol,7.0588,-2.0843,56.9528,1.9699
2023-11-14,44001,Bristol,9.2284,-1.7105,63.7746,3.5904
2023-11-15,44001,Bristol,9.8075,0.4946,63.195,3.5074
2023-11-16,44001,Bristol,17.2477,3.2453,54.1537,2.935
2023-11-17,44001,Bristol,17.1307,9.2269,68.0229,4.3831
2023-11-18,44001,Bristol,13.7153,-1.5977,86.4742,3.6762
2023-11-19,44001,Bristol,11.1363,-0.7114,51.0877,4.2657
2023-11-20,44001,Bristol,4.5576,-4.3211,52.0965,5.1085
2023-11-21,44001,Bristol,8.2776,-2.7804,57.4853,4.5456
2023-11-22,44001,Bristol,13.0425,4.1047,80.4733,7.0179
2023-11-23,44001,Bristol,11.1926,2.9094,59.7488,4.4814
2023-11-24,44001,Bristol,9.6393,-4.6907,56.2849,4.4616
2023-11-25,44001,Bristol,2.5806,-5.4171,45.5716,2.7816
2023-11-26,44001,Bristol,12.2955,-3.1231,61.4826,4.1132
2023-11-27,44001,Bristol,11.3326,1.5451,74.1608,5.5842
2023-11-28,44001,Bristol,4.0633,-3.2617,49.6625,6.5577
2023-11-29,44001,Bristol,2.8963,-3.3627,48.2593,4.9577
2023-11-30,44001,Bristol,8.4006,-0.1455,52.5956,4.5889
2023-12-01,44001,Bristol,12.7138,7.1799,59.5636,4.1441
2023-12-02,44001,Bristol,11.8434,4.7801,80.1883,2.7656
2023-12-03,44001,Bristol,8.0679,4.8495,79.0063,4.1469
2023-12-04,44001,Bristol,11.6729,2.3193,67.9876,2.9866
2023-12-05,44001,Bristol,4.7459,-2.2278,67.843,3.5457
2023-12-06,44001,Bristol,2.505,-5.9201,64.1549,4.8137
2023-12-07,44001,Bristol,0.5768,-5.3945,53.8393,3.8853
2023-12-08,44001,Bristol,7.2054,-2.1426,55.2386,1.8176
2023-12-09,44001,Bristol,11.6162,2.1708,68.2812,2.9645
2023-12-10,44001,Bristol,16.4659,7.2555,69.1817,5.232
2023-12-11,44001,Bristol,8.1256,-0.7283,90.2699,6.7983
2023-12-12,44001,Bristol,6.1901,-0.5525,56.2595,4.9788
2023-12-13,44001,Bristol,7.5205,-3.0914,52.6411,5.1323
2023-12-14,44001,Bristol,2.9424,-2.7972,41.8577,4.3829
2023-12-15,44001,Bristol,13.3852,0.6901,45.6957,4.6246
2023-12-16,44001,Bristol,11.7644,2.3297,51.3322,3.7184
2023-12-17,44001,Bristol,14.4853,4.0067,67.7004,5.7507
2023-12-18,44001,Bristol,16.07,4.3842,81.1843,10.6007
2023-12-19,44001,Bristol,8.8938,-1.4325,60.1315,4.4685
2023-12-20,44001,Bristol,6.5321,-1.0285,49.3635,5.0144
2023-12-21,44001,Bristol,3.1742,-6.8722,55.1347,6.0223
2023-12-22,44001,Bristol,1.9896,-6.8592,44.4479,2.4005
2023-12-23,44001,Bristol,5.8396,-4.4592,59.2514,1.6562
2023-12-24,44001,Bristol,8.287,3.1387,64.8678,1.2232
2023-12-25,44001,Bristol,12.9072,0.5776,61.1385,1.8767
2023-12-26,44001,Bristol,8.3942,1.6033,70.3148,0.9723
2023-12-27,44001,Bristol,10.1506,4.8777,72.3814,1.5361
2023-12-28,44001,Bristol,8.1876,4.8326,85.8216,4.0668
2023-12-29,44001,Bristol,7.8266,4.1245,80.9066,3.0833
2023-12-30,44001,Bristol,7.7818,1.0516,72.6404,4.1604
2023-12-31,44001,Bristol,4.5097,1.021,52.8851,3.9611
2024-01-01,44001,Bristol,6.2357,-2.8373,51.2948,2.5852
2024-01-02,44001,Bristol,4.9941,-2.4687,46.3077,2.3678
2024-01-03,44001,Bristol,6.6854,0.0228,47.6494,2.4515
2024-01-04,44001,Bristol,7.0408,-4.3354,51.6122,4.3794
2024-01-05,44001,Bristol,2.0585,-4.4235,40.0275,4.8763
2024-01-06,44001,Bristol,2.5912,-3.3686,63.4671,4.1694
2024-01-07,44001,Bristol,1.9761,-2.2877,78.6557,7.1101
2024-01-08,44001,Bristol,2.7906,-4.2875,59.2893,4.5301
2024-01-09,44001,Bristol,12.7713,-3.1144,48.8854,5.9667
2024-01-10,44001,Bristol,12.249,5.4156,51.789,8.9169
2024-01-11,44001,Bristol,6.9385,1.4911,53.9567,4.633
2024-01-12,44001,Bristol,9.7889,2.6806,48.3779,3.6887
2024-01-13,44001,Bristol,14.4149,1.4787,50.0268,9.1156
2024-01-14,44001,Bristol,5.4965,-3.8052,50.9891,7.5747
2024-01-15,44001,Bristol,0.2432,-3.4526,40.747,3.1994
2024-01-16,44001,Bristol,1.4711,-6.1013,78.7542,4.0469
2024-01-17,44001,Bristol,-3.5334,-6.3048,55.7377,6.6398
2024-01-18,44001,Bristol,-1.1083,-5.9791,52.6174,5.1323
2024-01-19,44001,Bristol,-2.1637,-8.2516,62.1219,4.6674
2024-01-20,44001,Bristol,-5.8103,-9.1163,41.1986,6.2717
2024-01-21,44001,Bristol,-2.5331,-9.1239,48.2203,6.1058
2024-01-22,44001,Bristol,3.4776,-6.1105,52.687,4.795
2024-01-23,44001,Bristol,4.4056,1.6652,55.0063,3.4004
2024-01-24,44001,Bristol,10.2972,1.972,51.2553,2.8183
2024-01-25,44001,Bristol,12.2626,4.4776,48.9728,3.6734
2024-01-26,44001,Bristol,6.12,4.2355,61.7249,2.7923
2024-01-27,44001,Bristol,4.0212,3.1875,63.9103,2.1528
2024-01-28,44001,Bristol,3.5667,2.3416,70.1043,4.7626
2024-01-29,44001,Bristol,2.9199,0.8994,65.3463,6.7468
2024-01-30,44001,Bristol,-0.6081,-1.9558,57.4578,3.6741
2024-01-31,44001,Bristol,1.7473,-1.2677,53.2038,1.3763
2024-02-01,44001,Bristol,6.9567,2.6535,56.0979,3.139
2024-02-02,44001,Bristol,5.8875,0.1314,66.7047,3.4485
2024-02-03,44001,Bristol,3.2315,-3.3788,54.4017,5.6102
2024-02-04,44001,Bristol,5.5021,-3.012,39.4474,5.0417
2024-02-05,44001,Bristol,5.7488,-1.6139,38.2492,5.098
2024-02-06,44001,Bristol,2.5334,-1.5417,57.1415,4.4735
2024-02-07,44001,Bristol,5.6745,-3.3273,60.1867,3.1447
2024-02-08,44001,Bristol,9.1301,-2.0287,50.3776,1.1991
2024-02-09,44001,Bristol,8.9201,1.1344,60.0673,3.388
2024-02-10,44001,Bristol,13.6812,2.7758,58.5232,3.0109
2024-02-11,44001,Bristol,8.8035,-1.772,59.288,3.1414
2024-02-12,44001,Bristol,7.6752,-0.0258,53.8099,1.6031
2024-02-13,44001,Bristol,1.1114,-1.6244,76.0562,5.9303
2024-02-14,44001,Bristol,0.4893,-5.1498,51.1581,7.5003
2024-02-15,44001,Bristol,3.5764,-4.1988,46.1129,5.2041
2024-02-16,44001,Bristol,3.5838,-2.71,54.1926,6.2805
2024-02-17,44001,Bristol,1.2704,-6.5894,67.2706,2.8463
2024-02-18,44001,Bristol,2.2131,-5.7827,58.2538,6.5433
2024-02-19,44001,Bristol,2.8655,-6.1421,51.5921,4.1835
2024-02-20,44001,Bristol,2.5599,-6.9352,45.947,2.4463
2024-02-21,44001,Bristol,4.4791,-5.9388,58.1157,2.4411
2024-02-22,44001,Bristol,5.0855,-3.4744,63.0285,2.4156
2024-02-23,44001,Bristol,8.9327,2.9902,58.4725,2.3744
2024-02-24,44001,Bristol,6.1986,0.4653,49.0049,4.3055
2024-02-25,44001,Bristol,10.5966,2.4946,23.9804,3.0326
2024-02-26,44001,Bristol,11.3762,3.6882,46.7326,3.7065
2024-02-27,44001,Bristol,10.5914,3.4938,70.8471,3.3114
2024-02-28,44001,Bristol,8.584,2.4659,100.0,7.8737
2024-02-29,44001,Bristol,10.7131,-6.7942,29.5022,7.0629
2024-03-01,44001,Bristol,5.5721,-2.7493,42.4922,4.1477
2024-03-02,44001,Bristol,10.247,4.4256,69.2261,4.6297
2024-03-03,44001,Bristol,16.0665,4.4429,67.9976,2.3053
2024-03-04,44001,Bristol,13.1711,3.993,66.0935,2.64
2024-03-05,44001,Bristol,8.3968,4.6473,84.2191,3.7403
2024-03-06,44001,Bristol,10.947,5.7198,82.9714,3.1329
2024-03-07,44001,Bristol,7.7586,2.5655,83.6021,5.8782
2024-03-08,44001,Bristol,9.683,-0.4375,53.2524,4.5035
2024-03-09,44001,Bristol,9.7548,2.3145,61.7286,5.5936
2024-03-10,44001,Bristol,10.8158,-0.2184,75.7768,7.3695
2024-03-11,44001,Bristol,7.0815,0.6867,47.1206,8.2304
2024-03-12,44001,Bristol,14.2777,0.5738,35.6716,5.2967
2024-03-13,44001,Bristol,13.7344,2.8653,42.4117,2.2743
2024-03-14,44001,Bristol,17.6931,5.6926,50.4795,1.9498
2024-03-15,44001,Bristol,12.7337,2.6707,70.2056,3.403
2024-03-16,44001,Bristol,13.0669,5.4428,53.394,2.9109
2024-03-17,44001,Bristol,15.347,3.9303,51.1428,4.8917
2024-03-18,44001,Bristol,10.5295,0.3061,45.244,3.3498
2024-03-19,44001,Bristol,7.8896,2.0055,43.2937,4.6853
2024-03-20,44001,Bristol,11.7374,-2.4905,59.2882,4.6152
2024-03-21,44001,Bristol,4.5186,-4.3566,35.6344,7.9273
2024-03-22,44001,Bristol,5.6582,-2.2748,36.9869,3.6449
2024-03-23,44001,Bristol,12.0377,-2.7813,82.2055,6.3508
2024-03-24,44001,Bristol,7.3616,-2.4074,43.1368,6.4987
2024-03-25,44001,Bristol,6.6407,1.5928,51.9111,7.5996
2024-03-26,44001,Bristol,4.967,1.6127,72.8065,6.14
2024-03-27,44001,Bristol,14.7513,4.0182,67.5288,1.3729
2024-03-28,44001,Bristol,10.8884,3.4228,87.557,2.3577
2024-03-29,44001,Bristol,11.4699,2.7916,54.3274,7.0077
2024-03-30,44001,Bristol,13.8422,4.1296,40.4002,5.4846
2024-03-31,44001,Bristol,15.8101,1.9887,41.6135,2.9328
2024-04-01,44001,Bristol,13.4765,2.2708,56.5674,1.2286
2024-04-02,44001,Bristol,11.839,2.558,63.2567,4.2372
2024-04-03,44001,Bristol,6.4747,2.2278,74.2071,8.9704
2024-04-04,44001,Bristol,5.7514,-0.4384,82.9735,5.8968
2024-04-05,44001,Bristol,8.6762,1.718,55.8456,5.0747
2024-04-06,44001,Bristol,8.7787,1.7628,59.1919,4.6719
2024-04-07,44001,Bristol,10.7677,0.593,55.308,3.7271
2024-04-08,44001,Bristol,17.6515,3.7996,41.3953,3.2625
2024-04-09,44001,Bristol,21.9618,4.7618,39.6087,2.1231
2024-04-10,44001,Bristol,15.7809,7.4062,60.7022,3.7438
2024-04-11,44001,Bristol,16.3488,8.5647,71.3164,3.3375
2024-04-12,44001,Bristol,16.3304,7.1068,76.2855,7.3928
2024-04-13,44001,Bristol,13.8649,6.8222,54.2094,6.1812
2024-04-14,44001,Bristol,15.8632,7.201,51.3465,4.0109
2024-04-15,44001,Bristol,23.4868,8.2038,47.4141,1.6773
2024-04-16,44001,Bristol,20.7298,6.3768,39.8326,2.5604
2024-04-17,44001,Bristol,15.299,6.7108,49.5519,3.3084
2024-04-18,44001,Bristol,11.4865,5.4946,60.8191,4.0651
2024-04-19,44001,Bristol,14.9079,6.2994,54.075,3.2413
2024-04-20,44001,Bristol,15.9928,3.1114,72.4224,2.9166
2024-04-21,44001,Bristol,12.6651,2.984,49.6112,3.5919
2024-04-22,44001,Bristol,15.5854,3.2324,38.7114,2.7896
2024-04-23,44001,Bristol,14.9552,4.8122,46.789,2.43
2024-04-24,44001,Bristol,19.9649,0.8625,52.0318,4.5726
2024-04-25,44001,Bristol,13.7226,1.2619,38.5735,2.7896
2024-04-26,44001,Bristol,15.9158,3.1076,40.6197,1.9551
2024-04-27,44001,Bristol,17.0603,5.6366,41.7206,3.471
2024-04-28,44001,Bristol,19.3056,7.0935,57.6005,3.762
2024-04-29,44001,Bristol,24.3783,9.6621,54.1379,2.3186
2024-04-30,44001,Bristol,16.6119,6.8504,68.672,3.0542
2024-05-01,44001,Bristol,17.0985,6.9075,66.2418,2.1472
2024-05-02,44001,Bristol,17.6517,7.4068,72.7919,3.5379
2024-05-03,44001,Bristol,17.0892,6.3705,63.1227,2.9622
2024-05-04,44001,Bristol,16.6362,6.8135,60.2304,3.0709
2024-05-05,44001,Bristol,12.9079,7.059,75.2189,3.8469
2024-05-06,44001,Bristol,20.5336,10.7522,69.4304,3.0168
2024-05-07,44001,Bristol,24.3772,10.4348,59.5819,1.5988
2024-05-08,44001,Bristol,17.0294,10.6699,85.7778,2.6882
2024-05-09,44001,Bristol,20.6347,7.1935,64.8363,2.5898
2024-05-10,44001,Bristol,15.5237,5.5228,61.8429,4.0986
2024-05-11,44001,Bristol,15.1325,5.6875,59.5856,3.2701
2024-05-12,44001,Bristol,14.8145,7.93,60.4344,1.7198
2024-05-13,44001,Bristol,19.3704,9.372,56.9924,2.7946
2024-05-14,44001,Bristol,20.5968,11.9559,63.0006,3.9743
2024-05-15,44001,Bristol,18.7213,12.3381,77.9134,3.2051
2024-05-16,44001,Bristol,16.3168,11.002,84.0569,5.8881
2024-05-17,44001,Bristol,21.309,11.4556,64.5862,4.3762
2024-05-18,44001,Bristol,15.0004,10.0897,82.5584,3.8175
2024-05-19,44001,Bristol,15.2039,9.7623,81.3138,4.1402
2024-05-20,44001,Bristol,22.1245,9.275,66.6635,2.1598
2024-05-21,44001,Bristol,19.5806,10.8975,74.9894,3.0623
2024-05-22,44001,Bristol,26.1322,14.0751,64.6682,3.7315
2024-05-23,44001,Bristol,23.2262,14.1289,81.2334,3.4277
2024-05-24,44001,Bristol,27.5233,13.6732,62.6484,3.0884
2024-05-25,44001,Bristol,22.1344,13.7558,61.049,2.0321
2024-05-26,44001,Bristol,23.1775,14.9142,70.5052,1.8699
2024-05-27,44001,Bristol,22.4678,16.4147,73.6487,4.4894
2024-05-28,44001,Bristol,26.3203,15.3676,71.8665,4.0416
2024-05-29,44001,Bristol,24.0263,14.6461,61.5799,1.8916
2024-05-30,44001,Bristol,17.2998,10.3985,80.9245,2.216
2024-05-31,44001,Bristol,24.9068,12.8877,45.6969,2.8534
2024-06-01,44001,Bristol,27.1709,12.2071,46.145,1.9821
2024-06-02,44001,Bristol,27.4035,15.1157,54.8083,2.1664
2024-06-03,44001,Bristol,29.653,13.4492,57.4922,1.5796
2024-06-04,44001,Bristol,22.1871,14.2255,69.1925,2.8655
2024-06-05,44001,Bristol,26.4713,16.8129,64.3387,3.4327
2024-06-06,44001,Bristol,22.2663,16.9637,84.5613,2.1143
2024-06-07,44001,Bristol,26.744,14.5581,73.9552,1.8302
2024-06-08,44001,Bristol,24.558,15.6682,56.928,3.9883
2024-06-09,44001,Bristol,21.9018,13.9551,72.4526,3.0773
2024-06-10,44001,Bristol,24.6756,12.9587,60.8835,2.7883
2024-06-11,44001,Bristol,22.4146,14.329,65.1185,1.5291
2024-06-12,44001,Bristol,25.0895,14.9335,63.9388,1.6699
2024-06-13,44001,Bristol,26.1694,17.4827,63.9649,3.4911
2024-06-14,44001,Bristol,26.581,17.2867,74.6358,3.8178
2024-06-15,44001,Bristol,25.9822,12.7078,65.328,3.0332
2024-06-16,44001,Bristol,23.9055,14.4595,50.0978,2.2672
2024-06-17,44001,Bristol,25.1064,17.96,65.4315,3.9818
2024-06-18,44001,Bristol,29.1933,18.7939,69.4579,3.8354
2024-06-19,44001,Bristol,29.7479,20.081,66.1308,3.803
2024-06-20,44001,Bristol,31.7091,20.7226,68.1437,3.7591
2024-06-21,44001,Bristol,31.6974,18.7759,68.2951,1.7203
2024-06-22,44001,Bristol,25.626,17.0254,84.6945,1.4072
2024-06-23,44001,Bristol,27.338,20.2681,79.638,4.8265
2024-06-24,44001,Bristol,27.8064,17.6049,70.5461,4.7586
2024-06-25,44001,Bristol,31.5621,20.2115,52.4856,3.3851
2024-06-26,44001,Bristol,28.721,18.6693,75.2949,4.194
2024-06-27,44001,Bristol,27.968,14.1359,73.4734,3.3328
2024-06-28,44001,Bristol,24.1239,15.3525,49.5389,2.5873
2024-06-29,44001,Bristol,24.5525,17.914,69.804,4.8724
2024-06-30,44001,Bristol,26.4483,17.9129,93.7335,4.3543
2024-07-01,44001,Bristol,26.3331,16.4504,69.0547,3.4406
2024-07-02,44001,Bristol,29.7249,15.9479,55.5178,1.8156
2024-07-03,44001,Bristol,27.0769,17.8151,62.3878,2.2579
2024-07-04,44001,Bristol,26.314,20.3618,75.3044,3.755
2024-07-05,44001,Bristol,26.0415,21.1692,84.6962,3.0127
2024-07-06,44001,Bristol,25.1364,21.1491,91.839,4.3203
2024-07-07,44001,Bristol,28.1249,21.2565,84.88,2.1156
2024-07-08,44001,Bristol,32.7624,21.0698,70.1021,1.9354
2024-07-09,44001,Bristol,28.4285,21.5062,81.402,3.0394
2024-07-10,44001,Bristol,28.198,22.6653,85.9306,4.4081
2024-07-11,44001,Bristol,29.1227,21.7484,79.1528,5.4491
2024-07-12,44001,Bristol,28.9017,22.5379,76.8592,4.2468
2024-07-13,44001,Bristol,26.3879,21.1456,84.4519,3.2467
2024-07-14,44001,Bristol,31.8085,21.7504,67.0913,2.2879
2024-07-15,44001,Bristol,31.7928,22.7183,74.6786,3.2533
2024-07-16,44001,Bristol,33.2936,23.4072,68.996,4.1387
2024-07-17,44001,Bristol,30.0984,22.4133,75.2447,3.2406
2024-07-18,44001,Bristol,30.7722,18.6262,71.8112,2.9191
2024-07-19,44001,Bristol,27.984,19.26,57.7129,2.2743
2024-07-20,44001,Bristol,28.6404,21.1731,62.265,2.8644
2024-07-21,44001,Bristol,30.7084,20.5533,60.2487,2.1221
2024-07-22,44001,Bristol,28.6,19.8353,71.3491,2.0299
2024-07-23,44001,Bristol,25.3961,19.6793,84.2629,1.5237
2024-07-24,44001,Bristol,23.2175,19.248,88.2901,1.9415
2024-07-25,44001,Bristol,28.0329,17.1006,78.7862,3.2384
2024-07-26,44001,Bristol,30.0085,17.6337,53.6852,2.6296
2024-07-27,44001,Bristol,29.9221,17.6272,58.8902,1.4641
2024-07-28,44001,Bristol,27.4229,16.2448,67.8603,2.1212
2024-07-29,44001,Bristol,24.5265,16.2717,76.8793,2.8687
2024-07-30,44001,Bristol,28.7002,22.2516,75.9727,4.2564
2024-07-31,44001,Bristol,26.8412,21.5929,83.9963,4.2135
2024-08-01,44001,Bristol,32.1182,21.5376,68.1276,2.7948
2024-08-02,44001,Bristol,31.3017,23.2542,72.0024,2.1379
2024-08-03,44001,Bristol,31.5885,21.894,78.0247,3.7607
2024-08-04,44001,Bristol,28.2647,20.5208,81.3187,4.7818
2024-08-05,44001,Bristol,29.8706,22.2777,71.3509,2.7669
2024-08-06,44001,Bristol,24.7357,14.7527,94.8209,2.4903
2024-08-07,44001,Bristol,20.7658,14.7869,89.3747,3.2811
2024-08-08,44001,Bristol,22.3373,16.5437,82.5537,3.6512
2024-08-09,44001,Bristol,27.9197,19.6707,85.7675,5.6605
2024-08-10,44001,Bristol,29.7498,18.0747,84.7113,4.3598
2024-08-11,44001,Bristol,26.3841,16.3228,76.4913,2.4408
2024-08-12,44001,Bristol,26.1259,15.1999,65.2896,3.1329
2024-08-13,44001,Bristol,27.4223,16.9313,60.0435,2.7275
2024-08-14,44001,Bristol,29.0736,17.8026,63.1198,1.241
2024-08-15,44001,Bristol,28.2658,15.9249,72.3445,0.9723
2024-08-16,44001,Bristol,26.1057,17.1453,74.5666,1.7951
2024-08-17,44001,Bristol,24.0177,17.4616,73.6105,2.3668
2024-08-18,44001,Bristol,24.2696,18.4685,79.1639,2.407
2024-08-19,44001,Bristol,25.9957,15.6363,89.7205,2.6666
2024-08-20,44001,Bristol,22.66,12.87,81.1753,3.112
2024-08-21,44001,Bristol,23.1668,12.7697,64.3253,2.9566
2024-08-22,44001,Bristol,23.7224,14.1591,61.1241,3.1877
2024-08-23,44001,Bristol,26.8178,16.4502,54.4554,2.1693
2024-08-24,44001,Bristol,27.1701,17.2316,61.6531,2.1691
2024-08-25,44001,Bristol,26.8061,18.8806,67.9401,2.1165
2024-08-26,44001,Bristol,26.3477,15.9317,73.9075,1.2436
2024-08-27,44001,Bristol,26.2464,18.9126,68.8059,1.9345
2024-08-28,44001,Bristol,31.3069,17.032,72.9577,3.6668
2024-08-29,44001,Bristol,24.687,11.4973,67.5383,3.1632
2024-08-30,44001,Bristol,23.7826,13.5955,64.6813,3.0611
2024-08-31,44001,Bristol,24.8564,16.7091,74.7958,2.6857
2024-09-01,44001,Bristol,24.4219,18.8706,83.5357,3.7927
2024-09-02,44001,Bristol,26.0418,10.805,66.7658,2.6991
2024-09-03,44001,Bristol,23.2484,11.3379,43.5229,2.4176
2024-09-04,44001,Bristol,25.49,12.4971,49.9228,1.272
2024-09-05,44001,Bristol,24.2701,14.2201,56.9953,2.4932
2024-09-06,44001,Bristol,25.8079,14.595,68.2635,3.876
2024-09-07,44001,Bristol,23.334,11.8285,76.1887,3.0866
2024-09-08,44001,Bristol,20.244,11.5458,57.3574,4.2714
2024-09-09,44001,Bristol,22.9525,14.0305,51.272,4.0996
2024-09-10,44001,Bristol,24.275,11.0909,56.4967,2.4261
2024-09-11,44001,Bristol,24.3347,12.3042,49.3292,1.6455
2024-09-12,44001,Bristol,24.0677,13.2857,58.4781,1.7651
2024-09-13,44001,Bristol,24.3065,15.2958,62.7074,1.3935
2024-09-14,44001,Bristol,28.6094,15.3419,57.1592,1.8708
2024-09-15,44001,Bristol,25.8363,11.0503,60.3277,2.3825
2024-09-16,44001,Bristol,24.6926,13.2275,53.4222,1.3241
2024-09-17,44001,Bristol,24.6597,14.5707,59.0159,1.3755
2024-09-18,44001,Bristol,22.5848,15.2858,68.1558,1.6799
2024-09-19,44001,Bristol,21.132,16.7879,77.3672,4.5995
2024-09-20,44001,Bristol,16.8738,14.5276,99.5964,6.5721
2024-09-21,44001,Bristol,14.8972,13.3159,97.4574,6.6649
2024-09-22,44001,Bristol,18.6061,11.8482,80.3138,5.3603
2024-09-23,44001,Bristol,18.2634,11.5378,80.3467,4.2252
2024-09-24,44001,Bristol,19.2525,12.7836,71.5432,3.9177
2024-09-25,44001,Bristol,18.7751,14.5312,75.944,3.4421
2024-09-26,44001,Bristol,20.4604,15.6783,82.6518,3.5095
2024-09-27,44001,Bristol,22.9473,15.5133,77.922,1.2278
2024-09-28,44001,Bristol,23.3166,13.925,73.9067,2.9804
2024-09-29,44001,Bristol,20.5429,11.0381,77.2693,2.7345
2024-09-30,44001,Bristol,23.6912,12.1416,62.6871,2.6399
2024-10-01,44001,Bristol,21.9907,11.4877,66.6168,3.7476
2024-10-02,44001,Bristol,21.5919,10.2033,64.8818,3.0549
2024-10-03,44001,Bristol,21.0389,11.6357,64.0471,1.4492
2024-10-04,44001,Bristol,21.7736,13.1696,65.9967,2.0911
2024-10-05,44001,Bristol,23.6931,8.6508,62.9796,1.6675
2024-10-06,44001,Bristol,20.4422,10.45,54.3297,2.3885
2024-10-07,44001,Bristol,18.7768,9.2448,82.1797,3.1577
2024-10-08,44001,Bristol,19.0041,9.3492,55.044,2.8963
2024-10-09,44001,Bristol,18.2495,7.1357,57.2092,2.767
2024-10-10,44001,Bristol,16.3367,5.3543,52.4837,5.1517
2024-10-11,44001,Bristol,19.6472,7.5065,51.6467,4.6305
2024-10-12,44001,Bristol,22.2856,5.4147,45.7991,4.7755
2024-10-13,44001,Bristol,13.3101,7.4504,71.4218,2.3176
2024-10-14,44001,Bristol,14.5831,4.6942,87.4825,2.8356
2024-10-15,44001,Bristol,13.6469,5.1003,52.1764,4.9555
2024-10-16,44001,Bristol,13.8758,2.5319,53.1012,4.6077
2024-10-17,44001,Bristol,13.0185,4.1497,57.7263,3.3771
2024-10-18,44001,Bristol,16.8455,4.1079,54.2892,4.1448
2024-10-19,44001,Bristol,19.1533,5.8468,53.6215,1.8699
2024-10-20,44001,Bristol,22.4449,10.0856,49.2791,3.5298
2024-10-21,44001,Bristol,26.1188,11.278,45.9396,2.7891
2024-10-22,44001,Bristol,25.1793,12.4354,54.997,1.7951
2024-10-23,44001,Bristol,22.4314,12.9917,67.1523,3.2162
2024-10-24,44001,Bristol,21.7015,6.7837,68.279,3.3848
2024-10-25,44001,Bristol,16.1167,7.4529,51.1669,3.4649
2024-10-26,44001,Bristol,17.8289,4.2126,48.6339,4.4066
2024-10-27,44001,Bristol,12.8237,4.1279,38.4925,3.9006
2024-10-28,44001,Bristol,12.3298,2.1334,48.95,2.8665
2024-10-29,44001,Bristol,13.6692,6.5208,63.3155,4.777
2024-10-30,44001,Bristol,19.6861,12.7223,69.8949,4.5527
2024-10-31,44001,Bristol,22.8817,16.5406,54.7325,3.8455
2024-11-01,44001,Bristol,24.6391,8.1503,60.245,5.2617
2024-11-02,44001,Bristol,14.5724,1.874,57.3017,3.4133
2024-11-03,44001,Bristol,11.1837,0.1148,43.1202,2.8878
2024-11-04,44001,Bristol,12.8171,2.1148,58.1326,2.8975
2024-11-05,44001,Bristol,20.6708,14.971,57.8406,4.7258
2024-11-06,44001,Bristol,22.9595,13.9766,65.6972,5.1434
2024-11-07,44001,Bristol,20.7287,6.1995,58.604,3.4973
2024-11-08,44001,Bristol,17.4719,5.0827,43.9776,5.5157
2024-11-09,44001,Bristol,11.5395,0.3145,39.6314,6.0332
2024-11-10,44001,Bristol,14.6914,1.6215,56.6413,4.094
2024-11-11,44001,Bristol,18.8532,9.7172,70.3311,5.21
2024-11-12,44001,Bristol,11.7034,0.3553,60.1057,7.2446
2024-11-13,44001,Bristol,7.4781,-0.2096,44.8429,5.1637
2024-11-14,44001,Bristol,7.9804,-0.3501,46.8314,3.5515
2024-11-15,44001,Bristol,14.8281,0.9615,26.9537,4.1611
2024-11-16,44001,Bristol,16.0085,5.3372,32.6579,4.3857
2024-11-17,44001,Bristol,17.282,5.5029,32.4442,3.3511
2024-11-18,44001,Bristol,16.9459,6.0973,43.2924,3.0882
2024-11-19,44001,Bristol,14.7823,3.3033,45.5945,4.2043
2024-11-20,44001,Bristol,14.872,4.2736,47.8085,2.3825
2024-11-21,44001,Bristol,8.9498,6.9987,78.5558,5.108
2024-11-22,44001,Bristol,10.5056,5.5805,67.6702,4.185
2024-11-23,44001,Bristol,8.3488,5.1803,70.377,6.2008
2024-11-24,44001,Bristol,9.5468,2.8652,54.4793,7.6724
2024-11-25,44001,Bristol,10.7455,0.9517,46.8688,4.377
2024-11-26,44001,Bristol,10.3293,2.366,73.1361,3.6772
2024-11-27,44001,Bristol,10.3282,2.6474,52.688,3.1909
2024-11-28,44001,Bristol,10.1165,3.3894,79.1628,5.6345
2024-11-29,44001,Bristol,7.5175,0.6899,59.1485,4.4402
2024-11-30,44001,Bristol,4.947,-3.2842,53.9512,4.4832
2024-12-01,44001,Bristol,2.6343,-4.1916,54.4922,4.833
2024-12-02,44001,Bristol,4.6716,-5.0805,45.0262,3.2158
2024-12-03,44001,Bristol,3.0629,-4.8395,51.8872,3.2057
2024-12-04,44001,Bristol,6.6333,-3.5409,55.4566,4.6587
2024-12-05,44001,Bristol,4.5935,-1.5123,77.4577,6.4331
2024-12-06,44001,Bristol,1.1109,-2.9486,42.0305,6.7609
2024-12-07,44001,Bristol,6.6906,-2.5283,43.4547,4.1434
2024-12-08,44001,Bristol,9.2085,0.3698,56.999,5.3337
2024-12-09,44001,Bristol,9.672,1.0797,68.9563,3.2338
2024-12-10,44001,Bristol,9.1351,1.9097,76.5686,2.8757
2024-12-11,44001,Bristol,16.0371,2.9765,84.1702,8.1321
2024-12-12,44001,Bristol,5.6916,-3.3011,57.0777,6.906
2024-12-13,44001,Bristol,1.161,-6.7063,44.3948,4.2487
2024-12-14,44001,Bristol,2.1703,-7.3913,42.1429,3.354
2024-12-15,44001,Bristol,2.931,-6.5525,55.8956,2.3716
2024-12-16,44001,Bristol,12.7121,1.8919,56.1541,4.133
2024-12-17,44001,Bristol,14.8952,1.6339,75.506,5.1265
2024-12-18,44001,Bristol,9.8144,2.0558,66.4227,2.269
2024-12-19,44001,Bristol,7.6019,-0.5012,60.2664,3.9882
2024-12-20,44001,Bristol,2.969,-4.1032,82.1808,5.5238
2024-12-21,44001,Bristol,-1.5837,-11.0571,61.1373,6.4741
2024-12-22,44001,Bristol,-5.8879,-13.0673,41.5366,5.8619
2024-12-23,44001,Bristol,-1.0464,-13.035,53.8834,2.4974
2024-12-24,44001,Bristol,1.3609,-4.7024,75.3313,4.5154
2024-12-25,44001,Bristol,1.6166,-4.3015,57.6154,3.813
2024-12-26,44001,Bristol,5.3987,-6.3803,57.5202,2.1827
2024-12-27,44001,Bristol,4.6302,-5.7046,63.5364,1.7239
2024-12-28,44001,Bristol,8.6043,3.5711,59.2663,2.3609
2024-12-29,44001,Bristol,13.0361,6.9675,56.9145,2.5621
2024-12-30,44001,Bristol,13.8173,5.4989,53.7656,5.5458
2024-12-31,44001,Bristol,11.9923,4.4275,68.4083,2.9915
2025-01-01,44001,Bristol,10.1983,2.1759,71.5669,5.7814
2025-01-02,44001,Bristol,5.9963,-0.4923,47.7709,8.6281
2025-01-03,44001,Bristol,3.3905,-3.4186,49.2526,6.8999
2025-01-04,44001,Bristol,-0.3929,-3.5655,38.2061,6.6572
2025-01-05,44001,Bristol,0.9423,-5.3659,39.1425,7.0553
2025-01-06,44001,Bristol,-2.7611,-9.0005,50.8371,4.6032
2025-01-07,44001,Bristol,-2.5105,-8.5511,43.6982,8.0723
2025-01-08,44001,Bristol,-2.0502,-7.5901,40.5303,9.0476
2025-01-09,44001,Bristol,-1.4602,-6.7723,42.3502,8.5864
2025-01-10,44001,Bristol,6.196,-4.0683,42.6829,4.7556
2025-01-11,44001,Bristol,0.2521,-4.8853,75.6754,3.5946
2025-01-12,44001,Bristol,3.5504,-4.8014,47.6372,3.5438
2025-01-13,44001,Bristol,4.9087,-3.1606,56.2191,3.213
2025-01-14,44001,Bristol,0.6051,-6.3471,51.0741,6.2539
2025-01-15,44001,Bristol,-0.7875,-7.8491,41.9592,6.3009
2025-01-16,44001,Bristol,-0.9592,-7.4019,47.14,3.1656
2025-01-17,44001,Bristol,2.7691,-6.3481,51.1036,2.9003
2025-01-18,44001,Bristol,7.2808,-0.1683,67.5426,4.0288
2025-01-19,44001,Bristol,6.1098,-7.4952,83.2857,3.3081
2025-01-20,44001,Bristol,-4.0132,-12.2799,66.0616,5.4017
2025-01-21,44001,Bristol,-7.1999,-13.5029,48.7781,3.4282
2025-01-22,44001,Bristol,-4.9951,-13.4114,47.432,3.4172
2025-01-23,44001,Bristol,-1.1653,-9.5781,66.8234,2.755
2025-01-24,44001,Bristol,0.2425,-9.6354,55.4598,3.5813
2025-01-25,44001,Bristol,0.3166,-9.1537,54.3419,4.5126
2025-01-26,44001,Bristol,4.7234,-3.3361,54.7068,5.0455
2025-01-27,44001,Bristol,3.7071,-3.092,54.5631,6.2189
2025-01-28,44001,Bristol,3.6427,-3.856,51.265,6.3825
2025-01-29,44001,Bristol,8.537,-6.7067,56.0109,6.3878
2025-01-30,44001,Bristol,3.5219,-6.8509,30.9469,6.0407
2025-01-31,44001,Bristol,5.8476,-1.2202,70.2568,2.9653
2025-02-01,44001,Bristol,0.5119,-13.2265,78.1744,5.7535
2025-02-02,44001,Bristol,0.011,-11.4911,60.7132,3.6598
2025-02-03,44001,Bristol,5.6009,-1.0833,70.2045,3.9752
2025-02-04,44001,Bristol,6.4551,-8.1212,57.4274,5.6922
2025-02-05,44001,Bristol,-0.2469,-8.4223,35.0974,3.5052
2025-02-06,44001,Bristol,4.0378,-3.6851,63.2027,3.5223
2025-02-07,44001,Bristol,4.8401,-5.8739,54.775,5.9181
2025-02-08,44001,Bristol,1.4549,-5.1087,48.8787,2.9751
2025-02-09,44001,Bristol,-0.0677,-5.9535,77.3835,3.7065
2025-02-10,44001,Bristol,1.5894,-10.0466,60.9564,3.7623
2025-02-11,44001,Bristol,0.0935,-6.9966,61.1536,3.1639
2025-02-12,44001,Bristol,2.2029,-3.424,67.7472,5.1633
2025-02-13,44001,Bristol,4.9688,-4.171,74.7818,6.0989
2025-02-14,44001,Bristol,0.9141,-8.2883,55.0077,6.3681
2025-02-15,44001,Bristol,0.202,-6.5716,55.9292,3.0328
2025-02-16,44001,Bristol,7.2579,-4.6627,70.9305,6.3141
2025-02-17,44001,Bristol,-0.9729,-9.7538,49.8422,10.1521
2025-02-18,44001,Bristol,-3.8249,-9.8589,38.0375,8.8888
2025-02-19,44001,Bristol,-0.3207,-10.926,44.4933,5.657
2025-02-20,44001,Bristol,-0.3159,-9.6625,58.6347,3.4623
2025-02-21,44001,Bristol,2.0029,-3.8384,46.5897,6.4289
2025-02-22,44001,Bristol,1.2398,-3.6598,46.2566,4.4313
2025-02-23,44001,Bristol,-0.868,-6.9997,80.0816,3.5337
2025-02-24,44001,Bristol,0.0075,-11.486,100.0,2.6843
2025-02-25,44001,Bristol,3.0284,-5.9426,99.9697,3.4623
2025-02-26,44001,Bristol,6.7082,-7.4836,69.4188,3.5149
2025-02-27,44001,Bristol,4.3655,-7.3498,100.0,4.6731
2025-02-28,44001,Bristol,8.6323,-2.798,52.1306,3.8572
2025-03-01,44001,Bristol,4.2492,-9.7898,100.0,5.5889
2025-03-02,44001,Bristol,-0.8258,-10.2145,35.8685,6.3869
2025-03-03,44001,Bristol,1.8128,-9.3439,34.4204,3.7663
2025-03-04,44001,Bristol,8.6163,0.864,50.2631,5.0308
2025-03-05,44001,Bristol,13.4918,7.1386,63.5742,7.043
2025-03-06,44001,Bristol,10.815,-1.2885,91.4307,5.1334
2025-03-07,44001,Bristol,6.3507,-0.7211,39.6012,8.9496
2025-03-08,44001,Bristol,6.5607,-1.7146,39.3346,6.4536
2025-03-09,44001,Bristol,8.6635,-1.1905,42.4674,5.0593
2025-03-10,44001,Bristol,17.5941,1.0484,37.8406,2.7994
2025-03-11,44001,Bristol,14.7935,3.0967,56.8961,3.1106
2025-03-12,44001,Bristol,12.9025,1.4652,42.3067,3.7444
2025-03-13,44001,Bristol,10.5644,2.3772,51.1041,4.2871
2025-03-14,44001,Bristol,15.9578,2.9512,50.7529,2.367
2025-03-15,44001,Bristol,10.494,5.2254,70.882,2.89
2025-03-16,44001,Bristol,17.7608,8.6991,63.6546,5.408
2025-03-17,44001,Bristol,13.2828,2.8945,80.8287,5.6877
2025-03-18,44001,Bristol,11.7324,0.5714,54.1758,5.1758
2025-03-19,44001,Bristol,19.1238,3.0661,41.2072,2.461
2025-03-20,44001,Bristol,11.6472,4.6793,76.718,3.4706
2025-03-21,44001,Bristol,9.4556,1.1358,63.5383,5.8589
2025-03-22,44001,Bristol,14.5712,-1.1994,50.961,5.183
2025-03-23,44001,Bristol,8.502,-1.2321,34.0689,4.486
2025-03-24,44001,Bristol,9.2213,2.0858,72.2285,4.4801
2025-03-25,44001,Bristol,13.6017,2.9439,53.2429,2.858
2025-03-26,44001,Bristol,12.0257,-0.5681,51.7416,2.3792
2025-03-27,44001,Bristol,10.4325,0.4329,39.3654,4.58
2025-03-28,44001,Bristol,16.3853,6.0468,39.8086,4.0785
2025-03-29,44001,Bristol,8.4551,1.8203,75.9676,3.2751
2025-03-30,44001,Bristol,10.9703,2.5806,70.7461,3.6039
2025-03-31,44001,Bristol,13.1876,7.3811,84.2077,4.8425
2025-04-01,44001,Bristol,13.0065,-1.0246,60.0008,4.4591
2025-04-02,44001,Bristol,9.2074,0.7887,45.3438,4.4102
2025-04-03,44001,Bristol,15.0688,6.3322,77.2502,5.9726
2025-04-04,44001,Bristol,20.4175,5.0728,54.9811,2.633
2025-04-05,44001,Bristol,8.4395,3.7392,72.4613,4.4489
2025-04-06,44001,Bristol,12.6697,4.1831,75.091,1.8917
2025-04-07,44001,Bristol,5.1005,2.5965,81.0079,3.287
2025-04-08,44001,Bristol,7.2212,-2.0572,63.0962,5.504
2025-04-09,44001,Bristol,9.2955,-1.5287,38.6488,4.2024
2025-04-10,44001,Bristol,9.9296,0.975,50.343,2.2739
2025-04-11,44001,Bristol,10.7745,1.8586,58.6303,4.4307
2025-04-12,44001,Bristol,4.6346,2.1896,80.2492,6.5289
2025-04-13,44001,Bristol,8.8711,2.0553,73.095,5.3476
2025-04-14,44001,Bristol,20.5631,6.9839,41.051,3.8181
2025-04-15,44001,Bristol,15.9692,5.5937,69.3634,4.1902
2025-04-16,44001,Bristol,11.195,3.5696,47.9233,6.4181
2025-04-17,44001,Bristol,16.1582,2.4977,39.0483,4.1467
2025-04-18,44001,Bristol,16.6076,7.3175,42.6478,3.7547
2025-04-19,44001,Bristol,22.1054,11.5411,58.7331,5.2059
2025-04-20,44001,Bristol,18.741,3.7056,45.0651,5.6807
2025-04-21,44001,Bristol,13.9039,7.1366,43.4274,3.0792
2025-04-22,44001,Bristol,21.8846,9.5021,61.6419,3.258
2025-04-23,44001,Bristol,20.8085,7.0529,46.3407,2.2359
2025-04-24,44001,Bristol,20.8608,9.9754,46.0203,2.8311
2025-04-25,44001,Bristol,24.1692,12.1703,48.6189,3.1239
2025-04-26,44001,Bristol,15.7338,7.6128,87.3856,5.7011
2025-04-27,44001,Bristol,15.1059,6.497,54.7686,5.9824
2025-04-28,44001,Bristol,25.6576,9.9387,32.7499,3.4963
2025-04-29,44001,Bristol,22.5864,12.8717,45.0975,5.5261
2025-04-30,44001,Bristol,23.7126,6.4056,46.7453,4.8481
2025-05-01,44001,Bristol,17.2777,8.831,47.6335,2.7227
2025-05-02,44001,Bristol,22.1339,11.437,71.1398,3.7235
2025-05-03,44001,Bristol,22.5872,13.1268,69.4332,3.4581
2025-05-04,44001,Bristol,23.4014,13.0093,70.4071,3.1189
2025-05-05,44001,Bristol,17.6398,11.588,76.5059,3.9252
2025-05-06,44001,Bristol,18.9866,11.4389,74.7852,4.4641
2025-05-07,44001,Bristol,21.8907,10.8609,66.5435,2.9915
2025-05-08,44001,Bristol,23.2986,11.6314,60.4913,1.6173
2025-05-09,44001,Bristol,18.0445,8.8578,79.2681,3.6408
2025-05-10,44001,Bristol,18.9217,8.5698,66.628,0.0
2025-05-11,44001,Bristol,22.5302,5.5551,48.8877,3.3153
2025-05-12,44001,Bristol,20.0061,10.8184,52.3436,3.5141
2025-05-13,44001,Bristol,22.6238,10.4816,54.9742,3.2518
2025-05-14,44001,Bristol,24.0648,14.0867,55.6989,3.3173
2025-05-15,44001,Bristol,19.035,14.6934,81.2777,2.3806
2025-05-16,44001,Bristol,22.3357,13.975,77.2846,2.1786
2025-05-17,44001,Bristol,22.6968,13.9467,78.1276,3.7315
2025-05-18,44001,Bristol,21.0767,10.8268,67.1217,5.3236
2025-05-19,44001,Bristol,18.7075,8.9657,62.3388,5.6336
2025-05-20,44001,Bristol,15.6544,8.0718,64.9556,4.0491
2025-05-21,44001,Bristol,10.9457,6.905,77.123,4.6622
2025-05-22,44001,Bristol,8.756,6.073,90.1115,5.9255
2025-05-23,44001,Bristol,13.8979,7.4085,73.525,3.9808
2025-05-24,44001,Bristol,17.2484,9.2766,62.5426,4.0746
2025-05-25,44001,Bristol,16.6826,7.8581,68.7616,3.0158
2025-05-26,44001,Bristol,21.6467,9.4452,55.7347,1.8731
2025-05-27,44001,Bristol,23.0893,12.3276,52.6751,2.9392
2025-05-28,44001,Bristol,21.9561,11.5542,61.076,3.388
2025-05-29,44001,Bristol,18.3427,13.9343,74.3739,2.6728
2025-05-30,44001,Bristol,20.4798,14.0562,77.2575,3.1449
2025-05-31,44001,Bristol,19.6198,9.6861,78.8573,6.35
2025-06-01,44001,Bristol,18.0685,10.2099,60.2047,4.8179
2025-06-02,44001,Bristol,21.1842,10.5699,56.2707,2.9459
2025-06-03,44001,Bristol,26.0781,13.2432,48.4472,1.9752
2025-06-04,44001,Bristol,25.5873,15.3507,60.883,2.8339
2025-06-05,44001,Bristol,30.9509,18.1752,62.5957,2.8183
2025-06-06,44001,Bristol,28.8897,17.4082,70.8407,2.2907
2025-06-07,44001,Bristol,23.028,14.7161,82.9209,2.0137
2025-06-08,44001,Bristol,24.2034,14.2314,70.6832,2.8286
2025-06-09,44001,Bristol,20.408,14.6515,76.2665,3.3103
2025-06-10,44001,Bristol,19.496,14.6102,94.4036,1.8999
2025-06-11,44001,Bristol,26.7565,16.957,64.8255,3.4919
2025-06-12,44001,Bristol,30.9128,16.3169,55.8968,3.974
2025-06-13,44001,Bristol,25.2336,15.1471,56.0499,2.1114
2025-06-14,44001,Bristol,17.7968,12.6172,77.9237,3.7856
2025-06-15,44001,Bristol,23.1007,13.0405,63.0796,2.385
2025-06-16,44001,Bristol,24.7269,15.3353,62.7257,2.7494
2025-06-17,44001,Bristol,22.1799,16.4128,75.4638,2.5053
2025-06-18,44001,Bristol,24.4284,17.5562,79.9578,2.6848
2025-06-19,44001,Bristol,30.3315,18.8281,71.361,3.5182
2025-06-20,44001,Bristol,27.9449,16.1162,62.0083,5.3842
2025-06-21,44001,Bristol,29.4582,19.1383,56.0385,2.6413
2025-06-22,44001,Bristol,33.2059,20.5103,63.2086,3.8127
2025-06-23,44001,Bristol,31.9734,21.9283,68.9762,2.5843
2025-06-24,44001,Bristol,37.5738,23.6873,57.8514,2.8421
2025-06-25,44001,Bristol,36.0071,18.6212,63.3066,2.0197
2025-06-26,44001,Bristol,19.9781,15.4473,86.4078,3.9474
2025-06-27,44001,Bristol,23.7284,15.9041,60.0027,3.2483
2025-06-28,44001,Bristol,24.4836,17.4984,77.5666,3.1262
2025-06-29,44001,Bristol,31.7055,17.5202,72.0654,2.3513
2025-06-30,44001,Bristol,28.4976,19.9334,70.6473,2.0143
2025-07-01,44001,Bristol,30.3745,21.5066,76.3696,4.1277
2025-07-02,44001,Bristol,27.5988,19.2699,82.4009,3.3108
2025-07-03,44001,Bristol,30.5951,16.1899,72.0883,3.0106
2025-07-04,44001,Bristol,26.8781,15.8523,59.0113,2.8422
2025-07-05,44001,Bristol,27.1269,18.9596,59.8867,2.3108
2025-07-06,44001,Bristol,29.7191,21.0882,67.1726,4.3603
2025-07-07,44001,Bristol,28.1952,22.7145,76.2985,3.8893
2025-07-08,44001,Bristol,32.0057,21.204,77.0396,2.5125
2025-07-09,44001,Bristol,26.0894,20.1815,88.8486,1.3275
2025-07-10,44001,Bristol,21.5687,17.2574,90.1749,1.2002
2025-07-11,44001,Bristol,25.8483,18.6349,80.5449,1.8257
2025-07-12,44001,Bristol,25.6151,18.4884,77.5904,2.2147
2025-07-13,44001,Bristol,26.19,18.8263,77.1956,2.382
2025-07-14,44001,Bristol,25.4962,21.124,82.9172,2.6344
2025-07-15,44001,Bristol,29.5969,22.1252,74.0242,2.4295
2025-07-16,44001,Bristol,30.8942,23.2985,73.1983,2.7148
2025-07-17,44001,Bristol,29.8955,22.6393,79.8948,4.4638
2025-07-18,44001,Bristol,29.0527,16.5729,65.2705,3.2612
2025-07-19,44001,Bristol,27.7488,20.6359,58.9737,1.8474
2025-07-20,44001,Bristol,27.8981,18.6714,84.3231,3.1414
2025-07-21,44001,Bristol,27.4734,14.071,62.8874,3.286
2025-07-22,44001,Bristol,27.1634,16.4418,51.8702,1.7929
2025-07-23,44001,Bristol,26.9747,19.6303,58.2259,2.3139
2025-07-24,44001,Bristol,28.5177,21.5511,65.5693,4.4316
2025-07-25,44001,Bristol,32.9042,19.7584,73.8167,3.9264
2025-07-26,44001,Bristol,29.0345,18.2473,62.6024,2.5348
2025-07-27,44001,Bristol,23.9615,20.4462,79.2512,3.099
2025-07-28,44001,Bristol,32.1864,21.9616,63.9943,1.6377
2025-07-29,44001,Bristol,36.064,22.2846,58.1065,2.6365
2025-07-30,44001,Bristol,34.3442,23.3928,59.0578,1.6924
2025-07-31,44001,Bristol,27.4949,15.4717,78.1507,3.9372
2025-08-01,44001,Bristol,23.4842,13.1138,76.6796,4.6976
2025-08-02,44001,Bristol,27.1259,14.3276,56.9399,1.8538
2025-08-03,44001,Bristol,26.0938,16.2151,61.1937,1.6495
2025-08-04,44001,Bristol,28.902,17.7613,60.656,2.0083
2025-08-05,44001,Bristol,26.9379,15.954,69.2896,1.915
2025-08-06,44001,Bristol,26.2676,16.7268,64.2196,2.5684
2025-08-07,44001,Bristol,26.9987,13.4812,64.0214,2.1678
2025-08-08,44001,Bristol,26.4779,13.575,57.8706,1.9894
2025-08-09,44001,Bristol,26.5357,16.6411,53.3637,1.3463
2025-08-10,44001,Bristol,28.3064,18.4284,57.3803,2.1757
2025-08-11,44001,Bristol,31.7338,19.875,53.6473,2.6364
2025-08-12,44001,Bristol,29.8915,20.2383,53.0254,2.6853
2025-08-13,44001,Bristol,28.6946,21.8274,68.85,3.4339
2025-08-14,44001,Bristol,28.6278,19.2626,76.4275,1.7468
2025-08-15,44001,Bristol,28.6436,16.1199,70.6417,2.2849
2025-08-16,44001,Bristol,27.3511,18.9898,66.0639,1.8417
2025-08-17,44001,Bristol,28.863,16.9281,75.6768,3.8411
2025-08-18,44001,Bristol,23.6145,11.5295,57.8821,4.4612
2025-08-19,44001,Bristol,24.1969,14.4427,48.7517,2.1421
2025-08-20,44001,Bristol,19.5175,12.4333,79.0672,4.0651
2025-08-21,44001,Bristol,20.0455,13.5701,84.6242,6.5337
2025-08-22,44001,Bristol,28.454,16.1229,49.996,4.0507
2025-08-23,44001,Bristol,27.2035,17.4685,62.0524,3.4333
2025-08-24,44001,Bristol,25.0815,18.4553,74.542,3.9537
2025-08-25,44001,Bristol,27.3761,16.4188,77.8539,2.567
2025-08-26,44001,Bristol,25.3366,13.859,59.3512,3.19
2025-08-27,44001,Bristol,24.268,11.6528,57.6582,2.5722
2025-08-28,44001,Bristol,23.6292,15.2783,54.6997,2.9848
2025-08-29,44001,Bristol,22.5934,13.8337,81.7587,2.8868
2025-08-30,44001,Bristol,22.9593,11.3518,61.2788,2.7952
2025-08-31,44001,Bristol,25.6317,12.8608,54.7017,1.6708
2025-09-01,44001,Bristol,23.3438,13.5244,65.2972,2.8083
2025-09-02,44001,Bristol,25.1954,12.4338,61.4469,1.838
2025-09-03,44001,Bristol,23.1934,13.0602,62.0629,1.5807
2025-09-04,44001,Bristol,23.2464,16.3243,62.881,3.0912
2025-09-05,44001,Bristol,25.4662,19.6779,72.343,4.7191
2025-09-06,44001,Bristol,26.5976,16.0064,79.7237,4.4362
2025-09-07,44001,Bristol,17.218,11.0881,100.0,1.7371
2025-09-08,44001,Bristol,21.5873,9.6111,59.7235,2.4703
2025-09-09,44001,Bristol,22.9054,11.9837,60.7594,3.6902
2025-09-10,44001,Bristol,20.9794,11.2937,82.3019,4.5995
2025-09-11,44001,Bristol,25.9071,13.4687,56.5627,2.2802
2025-09-12,44001,Bristol,24.3028,11.0912,65.0225,2.1814
2025-09-13,44001,Bristol,21.8747,13.9343,68.9107,2.1658
2025-09-14,44001,Bristol,25.0026,14.0303,68.5258,1.5897
2025-09-15,44001,Bristol,26.4333,13.8803,59.4269,2.6931
2025-09-16,44001,Bristol,22.9925,13.0893,61.0706,3.4901
2025-09-17,44001,Bristol,23.3841,15.4394,68.7141,3.3382
2025-09-18,44001,Bristol,24.0451,15.758,75.1951,2.5931
2025-09-19,44001,Bristol,27.5028,11.628,60.1145,2.6608
2025-09-20,44001,Bristol,22.6816,8.1468,48.5674,2.574
2025-09-21,44001,Bristol,21.4146,9.9127,53.5612,2.3658
2025-09-22,44001,Bristol,22.1101,12.8835,61.7708,2.0569
2025-09-23,44001,Bristol,24.8949,18.0747,67.2995,3.4028
2025-09-24,44001,Bristol,18.9892,17.5823,91.2133,2.1045
2025-09-25,44001,Bristol,22.4254,18.5894,87.0413,4.2368
2025-09-26,44001,Bristol,26.6411,15.6284,74.2407,3.025
2025-09-27,44001,Bristol,25.685,17.242,65.7527,1.9952
2025-09-28,44001,Bristol,25.6774,15.168,72.4833,2.3666
2025-09-29,44001,Bristol,26.0574,14.5626,57.631,1.9447
2025-09-30,44001,Bristol,24.1743,11.1856,65.1528,3.2353
2025-10-01,44001,Bristol,18.2017,7.7078,62.6377,5.8316
2025-10-02,44001,Bristol,19.2173,8.088,51.0492,2.8071
2025-10-03,44001,Bristol,21.7018,11.4832,52.8623,3.669
2025-10-04,44001,Bristol,25.6783,13.1912,53.1736,2.6214
2025-10-05,44001,Bristol,26.735,15.4438,54.8223,1.6786
2025-10-06,44001,Bristol,25.0865,16.8253,57.4274,3.0916
2025-10-07,44001,Bristol,24.4799,18.8149,64.3574,4.7455
2025-10-08,44001,Bristol,21.1585,7.7587,84.6913,5.9643
2025-10-09,44001,Bristol,14.2636,2.933,49.7545,4.8455
2025-10-10,44001,Bristol,16.3501,5.1877,52.5103,2.3943
2025-10-11,44001,Bristol,19.7752,12.5011,67.3334,2.996
2025-10-12,44001,Bristol,14.4542,12.953,83.4089,8.3211
2025-10-13,44001,Bristol,13.9095,12.4785,81.9643,8.7154
2025-10-14,44001,Bristol,14.474,11.9174,83.8165,5.4056
2025-10-15,44001,Bristol,17.9987,6.9783,70.8604,4.308
2025-10-16,44001,Bristol,13.7721,7.8756,50.185,6.6479
2025-10-17,44001,Bristol,17.0908,5.5439,55.0603,4.5827
2025-10-18,44001,Bristol,17.5498,7.1071,54.5935,2.0952
2025-10-19,44001,Bristol,19.0414,11.6579,67.5997,3.6237
2025-10-20,44001,Bristol,19.0482,10.9979,74.7641,5.909
2025-10-21,44001,Bristol,18.2034,11.2986,60.2222,4.6496
2025-10-22,44001,Bristol,19.0749,9.8926,65.3399,4.9115
2025-10-23,44001,Bristol,16.1064,6.3054,61.3684,4.2714
2025-10-24,44001,Bristol,15.0924,5.4064,59.4405,2.8289
2025-10-25,44001,Bristol,14.5487,5.448,52.8811,3.0374
2025-10-26,44001,Bristol,14.7078,2.5945,53.3193,3.188
2025-10-27,44001,Bristol,12.2712,3.7341,59.4873,3.657
2025-10-28,44001,Bristol,12.02,7.3882,67.4534,5.8148
2025-10-29,44001,Bristol,11.0549,8.8316,78.976,5.2257
2025-10-30,44001,Bristol,15.7923,10.6555,80.1621,7.0132
2025-10-31,44001,Bristol,14.5111,8.4557,73.7828,9.1761
2025-11-01,44001,Bristol,13.5178,1.9688,58.3624,6.9837
2025-11-02,44001,Bristol,13.0422,2.4955,48.9063,2.9824
2025-11-03,44001,Bristol,12.7543,4.9291,67.9011,3.4414
2025-11-04,44001,Bristol,13.0421,5.5297,48.1755,6.7674
2025-11-05,44001,Bristol,15.4564,6.222,59.6598,5.2054
2025-11-06,44001,Bristol,10.9696,0.7926,54.7703,6.8272
2025-11-07,44001,Bristol,14.6827,2.691,55.3366,4.978
2025-11-08,44001,Bristol,16.8008,4.0252,70.715,3.0722
2025-11-09,44001,Bristol,15.7935,5.6837,71.3939,3.5321
2025-11-10,44001,Bristol,13.1746,0.3877,99.9137,3.4864
2025-11-11,44001,Bristol,4.0947,0.5756,56.3625,7.7502
2025-11-12,44001,Bristol,7.829,3.6853,56.8345,5.8942
2025-11-13,44001,Bristol,8.6834,1.3055,64.8531,5.4931
2025-11-14,44001,Bristol,8.5968,-0.5488,54.1063,5.0045
2025-11-15,44001,Bristol,10.9753,0.4587,52.5775,4.2545
2025-11-16,44001,Bristol,12.3991,0.8448,68.3665,6.7573
2025-11-17,44001,Bristol,5.468,1.429,48.5124,8.2671
2025-11-18,44001,Bristol,8.5285,-0.8533,50.7394,4.9388
2025-11-19,44001,Bristol,9.3169,-2.0042,53.1001,2.0833
2025-11-20,44001,Bristol,9.0306,-1.8653,53.8933,1.2931
2025-11-21,44001,Bristol,8.1794,-0.5749,80.1182,3.1087
2025-11-22,44001,Bristol,8.5294,-2.696,88.8569,2.5025
2025-11-23,44001,Bristol,5.873,-2.2645,70.3206,3.1865
2025-11-24,44001,Bristol,10.5398,0.2716,55.8528,3.7056
2025-11-25,44001,Bristol,13.3472,4.3325,63.5705,3.5654
2025-11-26,44001,Bristol,13.7802,4.6438,97.3897,4.4778
2025-11-27,44001,Bristol,8.8479,1.1873,61.6793,5.3086
2025-11-28,44001,Bristol,6.3208,0.6331,48.6579,7.2274
2025-11-29,44001,Bristol,6.0707,-1.7514,45.4714,4.6762
2025-11-30,44001,Bristol,10.6509,1.0495,71.1778,5.4175
2025-12-01,44001,Bristol,7.4018,-2.3559,55.3231,4.2323
2025-12-02,44001,Bristol,5.8301,0.3999,75.1301,4.7501
2025-12-03,44001,Bristol,5.3548,-1.3041,62.3033,4.0422
2025-12-04,44001,Bristol,5.4341,-10.358,61.0797,6.2962
2025-12-05,44001,Bristol,-0.9816,-10.2099,49.6777,2.5655
2025-12-06,44001,Bristol,6.2728,-2.6089,64.4334,2.2857
2025-12-07,44001,Bristol,7.6556,-3.129,54.7454,3.1466
2025-12-08,44001,Bristol,-1.5241,-10.4408,45.2144,6.2778
2025-12-09,44001,Bristol,4.5227,-9.6436,40.3141,4.0368
2025-12-10,44001,Bristol,9.792,2.5413,62.5992,6.572
2025-12-11,44001,Bristol,3.2557,-4.7504,56.1031,7.428
2025-12-12,44001,Bristol,2.4608,-4.0535,40.2307,7.4152
2025-12-13,44001,Bristol,3.6119,-1.559,61.4051,3.7357
2025-12-14,44001,Bristol,0.4887,-9.3305,79.6431,5.0885
2025-12-15,44001,Bristol,-3.3525,-9.0736,46.6887,6.8426
2025-12-16,44001,Bristol,2.5501,-3.8944,53.0391,4.2933
2025-12-17,44001,Bristol,7.721,-1.1151,59.8387,5.6398
2025-12-18,44001,Bristol,13.0433,-0.4056,48.0934,3.3349
2025-12-19,44001,Bristol,14.8045,-0.6068,56.4715,9.0215
2025-12-20,44001,Bristol,7.0133,-0.5644,42.898,5.5599
2025-12-21,44001,Bristol,8.5099,-2.9684,55.0539,6.7326
2025-12-22,44001,Bristol,2.2409,-2.8218,43.3893,5.2298
2025-12-23,44001,Bristol,3.3858,0.2716,66.1513,2.5502
2025-12-24,44001,Bristol,4.796,-2.535,65.4476,5.9036
2025-12-25,44001,Bristol,5.5576,-9.5856,59.4466,6.3735
2025-12-26,44001,Bristol,-3.6173,-9.6976,44.3064,4.225
2025-12-27,44001,Bristol,-3.182,-9.5662,78.2638,4.8756
2025-12-28,44001,Bristol,7.1298,-8.4074,52.9659,3.3416
2025-12-29,44001,Bristol,8.4914,-3.423,69.337,5.9836
2025-12-30,44001,Bristol,-1.3174,-3.8738,39.184,9.3328
2025-12-31,44001,Bristol,1.5877,-2.6794,51.6308,5.5024
