date,FIPS,county,tmmx_C,tmmn_C,rh_mean,vs_2m
1986-01-01,44003,Kent,5.2704,-5.3038,50.8808,3.8554
1986-01-02,44003,Kent,4.5567,-5.2855,47.5364,3.7295
1986-01-03,44003,Kent,8.1024,-1.9564,60.0937,3.093
1986-01-04,44003,Kent,4.0548,-5.7811,39.5557,3.6305
1986-01-05,44003,Kent,6.5483,-4.2353,59.2422,4.781
1986-01-06,44003,Kent,1.1694,-6.6584,37.598,7.843
1986-01-07,44003,Kent,-2.712,-13.0263,28.854,6.2397
1986-01-08,44003,Kent,-4.5113,-16.0436,36.5329,5.9657
1986-01-09,44003,Kent,1.7719,-11.1975,45.2198,7.2828
1986-01-10,44003,Kent,5.0529,-4.2282,41.6954,5.0274
1986-01-11,44003,Kent,1.2879,-6.2228,40.8801,2.9479
1986-01-12,44003,Kent,7.3094,-5.8906,54.2633,5.8137
1986-01-13,44003,Kent,6.367,-4.4612,48.1168,3.3082
1986-01-14,44003,Kent,-0.7605,-12.4551,22.1958,5.3722
1986-01-15,44003,Kent,-7.1002,-17.2208,27.7573,6.0456
1986-01-16,44003,Kent,0.2771,-11.5751,31.971,2.3114
1986-01-17,44003,Kent,8.3389,-7.2816,56.9677,3.7526
1986-01-18,44003,Kent,8.8946,-0.2979,59.6047,3.1545
1986-01-19,44003,Kent,13.8247,-0.3916,70.2435,3.4121
1986-01-20,44003,Kent,13.6745,0.7597,60.9782,4.635
1986-01-21,44003,Kent,7.2771,-2.3386,51.6545,4.193
1986-01-22,44003,Kent,9.9759,-2.6986,53.3293,3.6096
1986-01-23,44003,Kent,5.6325,-5.5977,35.483,3.7192
1986-01-24,44003,Kent,-1.2133,-9.3889,35.688,3.9836
1986-01-25,44003,Kent,4.5877,-9.2521,61.6001,5.7543
1986-01-26,44003,Kent,7.4217,0.4835,66.3081,5.9853
1986-01-27,44003,Kent,9.457,-2.6213,60.9443,4.0238
1986-01-28,44003,Kent,1.7977,-11.7558,42.0254,6.4125
1986-01-29,44003,Kent,-2.8528,-13.0923,49.4671,2.953
1986-01-30,44003,Kent,-1.7317,-9.7588,56.3429,4.2335
1986-01-31,44003,Kent,0.1977,-9.7064,52.3894,4.8553
1986-02-01,44003,Kent,1.0209,-9.1166,56.9653,2.6148
1986-02-02,44003,Kent,5.9126,-2.793,65.3739,4.4062
1986-02-03,44003,Kent,1.8224,-5.2789,54.5959,3.1414
1986-02-04,44003,Kent,2.2301,-6.029,63.5267,3.625
1986-02-05,44003,Kent,4.717,-2.0003,68.0383,2.2029
1986-02-06,44003,Kent,1.8203,-8.9693,49.9926,4.7029
1986-02-07,44003,Kent,-1.4875,-10.8848,61.595,5.0174
1986-02-08,44003,Kent,0.3271,-6.7146,62.0745,2.2655
1986-02-09,44003,Kent,0.9202,-9.1319,59.5292,3.3044
1986-02-10,44003,Kent,2.629,-6.6943,58.9413,2.8938
1986-02-11,44003,Kent,0.3139,-5.6351,65.2252,3.7265
1986-02-12,44003,Kent,-0.7787,-9.5351,54.3627,4.4667
1986-02-13,44003,Kent,-2.5317,-10.7519,53.7607,5.2819
1986-02-14,44003,Kent,0.1729,-11.1841,61.0898,3.7486
1986-02-15,44003,Kent,0.4317,-6.6107,58.9858,3.9434
1986-02-16,44003,Kent,-0.7773,-9.7062,56.678,3.4665
1986-02-17,44003,Kent,2.9807,-5.5706,72.3181,2.6905
1986-02-18,44003,Kent,3.1852,-1.6844,70.9581,3.2787
1986-02-19,44003,Kent,3.355,-1.9834,66.5579,3.5952
1986-02-20,44003,Kent,3.4234,-2.5206,67.0155,2.7801
1986-02-21,44003,Kent,6.576,-2.2533,71.3208,2.9825
1986-02-22,44003,Kent,5.4171,-3.5386,47.548,4.448
1986-02-23,44003,Kent,3.8273,-2.9168,52.8554,2.0019
1986-02-24,44003,Kent,3.7508,-4.3371,47.4959,2.2618
1986-02-25,44003,Kent,1.5634,-6.5844,47.2869,5.1108
1986-02-26,44003,Kent,-2.7171,-11.1228,34.9033,6.4796
1986-02-27,44003,Kent,0.1628,-10.4999,32.2108,2.9354
1986-02-28,44003,Kent,1.9996,-9.1753,42.9183,4.08
1986-03-01,44003,Kent,4.6128,-5.6528,39.4081,2.6077
1986-03-02,44003,Kent,4.2984,-3.8442,43.0679,3.4711
1986-03-03,44003,Kent,6.1885,-3.1082,44.7611,1.352
1986-03-04,44003,Kent,7.6423,-1.254,49.1918,1.0788
1986-03-05,44003,Kent,9.5257,-0.6306,46.1576,2.5277
1986-03-06,44003,Kent,6.7452,-1.4894,56.0475,3.2731
1986-03-07,44003,Kent,5.2535,-10.8909,30.6169,9.4778
1986-03-08,44003,Kent,-2.7486,-16.0051,30.2233,6.1249
1986-03-09,44003,Kent,5.5703,-8.9201,52.3157,3.2036
1986-03-10,44003,Kent,9.4879,-1.9326,58.7472,3.9515
1986-03-11,44003,Kent,18.0163,-1.2363,46.1294,6.6115
1986-03-12,44003,Kent,8.0356,-3.4988,47.9248,2.0866
1986-03-13,44003,Kent,7.9662,0.1435,66.9283,3.1121
1986-03-14,44003,Kent,11.6368,1.833,70.804,2.2416
1986-03-15,44003,Kent,14.646,3.9789,53.7623,3.1034
1986-03-16,44003,Kent,12.5865,2.3837,56.8461,1.7367
1986-03-17,44003,Kent,10.9847,1.0379,50.6023,2.0518
1986-03-18,44003,Kent,11.1895,1.0268,48.1194,2.8521
1986-03-19,44003,Kent,15.1119,0.4448,71.7032,7.4634
1986-03-20,44003,Kent,12.3922,-5.5833,41.4546,5.7788
1986-03-21,44003,Kent,-0.4339,-10.4733,31.3688,3.2727
1986-03-22,44003,Kent,4.0174,-7.0576,35.2587,1.983
1986-03-23,44003,Kent,8.2498,-3.9882,46.209,3.2739
1986-03-24,44003,Kent,10.0639,-2.5977,40.7988,4.2731
1986-03-25,44003,Kent,11.5338,-2.1752,46.2728,4.5161
1986-03-26,44003,Kent,19.5016,2.5318,51.2084,6.2152
1986-03-27,44003,Kent,18.3187,5.2095,58.1001,3.1323
1986-03-28,44003,Kent,14.988,3.6877,49.4562,3.2202
1986-03-29,44003,Kent,17.9941,2.0825,46.7166,5.4035
1986-03-30,44003,Kent,20.0046,3.2211,43.7734,4.6865
1986-03-31,44003,Kent,19.6887,5.5693,34.667,2.7626
1986-04-01,44003,Kent,18.4685,3.5324,43.7138,2.9006
1986-04-02,44003,Kent,21.8716,3.3644,50.364,2.8756
1986-04-03,44003,Kent,14.0063,2.2315,42.7079,2.7694
1986-04-04,44003,Kent,11.5108,-0.2864,64.2921,2.454
1986-04-05,44003,Kent,10.7848,1.6695,54.6927,4.3443
1986-04-06,44003,Kent,7.7387,1.278,74.6684,4.5481
1986-04-07,44003,Kent,18.3878,5.5459,61.3804,1.5023
1986-04-08,44003,Kent,14.9804,6.383,70.3426,2.6267
1986-04-09,44003,Kent,12.9176,3.2165,57.4556,2.2968
1986-04-10,44003,Kent,11.0755,4.4856,53.7388,3.6552
1986-04-11,44003,Kent,7.431,1.623,58.2659,2.9404
1986-04-12,44003,Kent,9.5479,2.4278,55.0415,2.488
1986-04-13,44003,Kent,12.3722,-0.3912,50.8964,2.8657
1986-04-14,44003,Kent,15.5219,1.8963,47.7493,1.2243
1986-04-15,44003,Kent,16.0555,2.9579,46.6756,1.8666
1986-04-16,44003,Kent,13.3229,5.087,54.5425,4.202
1986-04-17,44003,Kent,14.0394,4.814,53.4865,5.322
1986-04-18,44003,Kent,12.2023,1.9145,60.0153,7.2128
1986-04-19,44003,Kent,13.6417,-0.0468,42.9549,4.9486
1986-04-20,44003,Kent,17.1409,-0.4292,38.4525,1.8036
1986-04-21,44003,Kent,14.5259,5.064,78.8273,3.8696
1986-04-22,44003,Kent,16.9086,8.5712,60.8511,1.8634
1986-04-23,44003,Kent,10.598,3.6982,70.4614,5.2734
1986-04-24,44003,Kent,12.5229,3.6138,59.35,4.5675
1986-04-25,44003,Kent,16.9946,4.4559,66.6393,5.7289
1986-04-26,44003,Kent,18.8907,7.421,66.8801,2.7753
1986-04-27,44003,Kent,17.639,9.5357,68.0484,3.7864
1986-04-28,44003,Kent,19.0469,9.6503,63.9702,2.296
1986-04-29,44003,Kent,20.7498,8.2238,62.2716,1.9653
1986-04-30,44003,Kent,19.1003,10.277,62.218,1.4382
1986-05-01,44003,Kent,20.0707,8.5811,57.1926,3.8865
1986-05-02,44003,Kent,16.0718,4.5325,47.9906,4.8976
1986-05-03,44003,Kent,11.2295,2.5786,39.2365,4.8216
1986-05-04,44003,Kent,11.9302,-0.331,43.644,3.8161
1986-05-05,44003,Kent,21.9945,5.0838,50.6853,4.4575
1986-05-06,44003,Kent,24.6793,9.4679,49.0094,2.0854
1986-05-07,44003,Kent,21.0512,7.9813,58.4978,2.1194
1986-05-08,44003,Kent,14.9763,5.8018,61.3519,4.3133
1986-05-09,44003,Kent,12.7501,2.4739,55.1638,5.3766
1986-05-10,44003,Kent,18.342,1.2495,41.4051,3.0758
1986-05-11,44003,Kent,13.4947,2.318,53.7623,3.7512
1986-05-12,44003,Kent,11.3467,3.1591,63.2339,5.4435
1986-05-13,44003,Kent,18.8984,5.9821,40.8801,2.6809
1986-05-14,44003,Kent,18.8773,5.4695,46.0642,2.0284
1986-05-15,44003,Kent,19.0318,5.1355,51.3044,1.8938
1986-05-16,44003,Kent,19.4836,6.1062,66.9273,3.2815
1986-05-17,44003,Kent,26.2904,12.1132,61.4336,3.0675
1986-05-18,44003,Kent,28.9746,15.6764,51.9324,2.2941
1986-05-19,44003,Kent,28.5921,14.3788,56.6207,4.0641
1986-05-20,44003,Kent,25.2461,12.6492,63.6668,3.8278
1986-05-21,44003,Kent,22.0932,14.6946,67.7029,3.1909
1986-05-22,44003,Kent,23.6975,14.3023,65.1388,2.4162
1986-05-23,44003,Kent,24.5608,14.4329,60.5006,1.2066
1986-05-24,44003,Kent,23.5172,13.9196,53.6853,2.9026
1986-05-25,44003,Kent,20.8076,12.9917,60.0538,2.8254
1986-05-26,44003,Kent,20.9103,8.3373,57.8423,3.4974
1986-05-27,44003,Kent,22.9388,6.8862,62.5065,3.0143
1986-05-28,44003,Kent,27.9593,14.303,50.019,3.7412
1986-05-29,44003,Kent,27.1086,10.9208,47.0674,2.8451
1986-05-30,44003,Kent,31.7223,15.2188,50.5028,3.1605
1986-05-31,44003,Kent,30.7179,16.7012,53.3321,2.0104
1986-06-01,44003,Kent,29.3891,16.9941,61.9834,3.5852
1986-06-02,44003,Kent,23.9325,7.47,65.1585,3.8156
1986-06-03,44003,Kent,17.3852,3.5261,48.3116,3.0964
1986-06-04,44003,Kent,21.2085,7.0541,63.4437,5.3424
1986-06-05,44003,Kent,25.075,14.4948,64.4999,4.6308
1986-06-06,44003,Kent,23.0925,16.2979,73.5586,2.4026
1986-06-07,44003,Kent,21.2253,13.3966,76.2955,2.2157
1986-06-08,44003,Kent,28.5328,14.5177,68.6976,3.6759
1986-06-09,44003,Kent,22.4725,11.5622,52.3439,3.9855
1986-06-10,44003,Kent,23.8728,9.4355,53.1059,2.9126
1986-06-11,44003,Kent,22.504,12.6421,76.83,4.1175
1986-06-12,44003,Kent,19.2766,10.6877,70.0465,5.6538
1986-06-13,44003,Kent,22.4609,11.2657,67.3156,2.3959
1986-06-14,44003,Kent,26.0754,13.2776,59.5673,2.3372
1986-06-15,44003,Kent,27.0626,14.3441,65.8182,2.7639
1986-06-16,44003,Kent,27.6819,17.1011,71.2983,5.4301
1986-06-17,44003,Kent,22.7871,8.9793,60.2981,4.7625
1986-06-18,44003,Kent,20.883,6.459,52.3044,3.3606
1986-06-19,44003,Kent,23.3585,9.0583,58.0348,3.7502
1986-06-20,44003,Kent,23.0392,11.9374,64.9322,2.426
1986-06-21,44003,Kent,22.2561,9.5959,52.465,3.5928
1986-06-22,44003,Kent,25.466,8.3461,53.4629,1.7184
1986-06-23,44003,Kent,26.812,13.7653,65.6739,3.1769
1986-06-24,44003,Kent,27.4266,14.6698,61.015,4.2282
1986-06-25,44003,Kent,18.9469,10.6163,53.7084,3.9474
1986-06-26,44003,Kent,20.6702,9.3076,54.961,3.1213
1986-06-27,44003,Kent,24.8314,12.2017,73.2963,3.9924
1986-06-28,44003,Kent,30.3314,18.64,61.3523,3.4817
1986-06-29,44003,Kent,29.0305,15.8325,55.4463,3.6321
1986-06-30,44003,Kent,24.1149,12.0015,53.2187,3.2123
1986-07-01,44003,Kent,22.2821,10.8184,66.252,2.1731
1986-07-02,44003,Kent,22.7609,13.2278,82.982,2.9771
1986-07-03,44003,Kent,22.3884,12.302,71.4608,2.4504
1986-07-04,44003,Kent,21.5941,8.8637,69.1318,3.3684
1986-07-05,44003,Kent,28.7324,14.9949,74.4509,4.4893
1986-07-06,44003,Kent,27.9634,18.1917,75.968,1.9898
1986-07-07,44003,Kent,32.61,16.9891,71.2236,3.162
1986-07-08,44003,Kent,28.8163,18.7055,62.2232,3.4321
1986-07-09,44003,Kent,28.356,16.9699,66.4009,3.1527
1986-07-10,44003,Kent,23.9456,13.0499,58.1816,3.5695
1986-07-11,44003,Kent,23.4977,11.1258,61.9542,2.1457
1986-07-12,44003,Kent,19.1672,13.8305,85.2618,2.9009
1986-07-13,44003,Kent,20.2514,14.8758,85.0314,2.2081
1986-07-14,44003,Kent,25.998,14.7261,75.9453,2.7527
1986-07-15,44003,Kent,26.6395,14.6419,64.8646,2.8249
1986-07-16,44003,Kent,26.6424,17.2765,62.959,2.036
1986-07-17,44003,Kent,26.8703,17.2896,69.3144,1.7374
1986-07-18,44003,Kent,27.2447,17.0195,78.7453,1.5972
1986-07-19,44003,Kent,25.9017,16.7075,78.9847,1.622
1986-07-20,44003,Kent,24.2399,14.7412,83.7764,2.9503
1986-07-21,44003,Kent,29.0008,19.1681,74.2618,1.7586
1986-07-22,44003,Kent,26.9636,19.6802,68.3966,1.6036
1986-07-23,44003,Kent,29.119,18.9335,64.9013,2.3876
1986-07-24,44003,Kent,29.3368,17.8773,65.705,2.7611
1986-07-25,44003,Kent,28.7608,17.8797,69.4772,3.5089
1986-07-26,44003,Kent,29.0114,19.1433,75.0313,4.0964
1986-07-27,44003,Kent,26.9055,20.0524,77.8607,1.8064
1986-07-28,44003,Kent,26.5377,19.2542,75.8446,1.1034
1986-07-29,44003,Kent,27.1917,16.9267,74.1768,1.5693
1986-07-30,44003,Kent,24.8992,16.6373,77.7827,2.8102
1986-07-31,44003,Kent,22.7134,14.7446,82.7772,1.9036
1986-08-01,44003,Kent,24.0107,15.7385,79.8875,2.0021
1986-08-02,44003,Kent,27.4178,16.9105,78.31,3.0952
1986-08-03,44003,Kent,27.4273,18.7858,78.4958,2.5318
1986-08-04,44003,Kent,28.0334,16.7028,63.1457,2.241
1986-08-05,44003,Kent,27.43,15.9347,64.1281,1.8699
1986-08-06,44003,Kent,26.9098,16.8816,74.4942,3.0881
1986-08-07,44003,Kent,27.0579,18.0769,80.1526,3.2275
1986-08-08,44003,Kent,27.698,19.3458,83.3086,3.2555
1986-08-09,44003,Kent,28.388,18.528,71.0635,3.7214
1986-08-10,44003,Kent,27.6304,15.4651,69.9826,2.5448
1986-08-11,44003,Kent,29.2787,18.4985,70.8642,3.5901
1986-08-12,44003,Kent,24.5299,14.7142,60.5692,1.7615
1986-08-13,44003,Kent,24.8137,14.0149,66.6482,1.7639
1986-08-14,44003,Kent,25.2861,13.6619,65.6004,1.9047
1986-08-15,44003,Kent,25.7954,14.01,69.7974,2.1793
1986-08-16,44003,Kent,26.5016,16.1907,81.3879,3.4122
1986-08-17,44003,Kent,27.7707,19.5317,77.2642,2.3052
1986-08-18,44003,Kent,25.583,17.8143,80.2664,3.0609
1986-08-19,44003,Kent,24.117,16.6088,78.3034,3.3051
1986-08-20,44003,Kent,23.4107,16.2196,74.6444,1.4856
1986-08-21,44003,Kent,21.9744,15.1653,79.092,1.7052
1986-08-22,44003,Kent,24.6719,15.7021,69.2362,2.0883
1986-08-23,44003,Kent,22.3006,12.0323,79.5856,3.3733
1986-08-24,44003,Kent,21.9538,11.3299,69.2304,6.2338
1986-08-25,44003,Kent,21.3788,8.6479,60.0042,4.6115
1986-08-26,44003,Kent,24.1205,9.6478,65.24,2.6143
1986-08-27,44003,Kent,27.0652,15.0786,79.7155,4.5068
1986-08-28,44003,Kent,20.1589,7.5337,72.0331,3.112
1986-08-29,44003,Kent,17.2071,4.8806,59.4044,2.8386
1986-08-30,44003,Kent,20.0547,7.9987,59.2922,2.7727
1986-08-31,44003,Kent,23.5243,8.1622,59.3838,1.5913
1986-09-01,44003,Kent,23.972,10.4076,62.6638,2.1358
1986-09-02,44003,Kent,22.1586,11.5703,76.9771,2.1474
1986-09-03,44003,Kent,22.2331,13.6036,75.4024,2.3425
1986-09-04,44003,Kent,19.9705,12.6676,81.0608,3.1604
1986-09-05,44003,Kent,20.2929,12.0251,87.4663,2.9757
1986-09-06,44003,Kent,24.7867,14.2006,73.2528,2.5105
1986-09-07,44003,Kent,22.076,10.977,60.6597,1.777
1986-09-08,44003,Kent,19.8029,10.729,56.5431,2.1515
1986-09-09,44003,Kent,21.2593,9.2877,54.0831,2.4196
1986-09-10,44003,Kent,22.7777,8.059,69.1584,3.9033
1986-09-11,44003,Kent,26.8671,13.5325,78.5667,6.2262
1986-09-12,44003,Kent,27.7512,16.3498,74.7647,6.0907
1986-09-13,44003,Kent,21.5737,10.3808,58.3233,3.3232
1986-09-14,44003,Kent,18.6479,4.495,55.9534,3.1239
1986-09-15,44003,Kent,19.1511,3.711,65.0561,3.0001
1986-09-16,44003,Kent,16.1644,6.2036,74.793,4.4824
1986-09-17,44003,Kent,16.3675,4.7101,60.9454,2.4748
1986-09-18,44003,Kent,18.5824,6.9901,69.9318,3.0979
1986-09-19,44003,Kent,22.2212,11.0936,77.1951,1.7153
1986-09-20,44003,Kent,21.9798,13.0147,70.592,1.7884
1986-09-21,44003,Kent,18.7235,9.5876,81.3539,2.4158
1986-09-22,44003,Kent,18.7532,8.9941,69.6925,2.2151
1986-09-23,44003,Kent,22.2386,11.5531,86.8997,4.7224
1986-09-24,44003,Kent,23.9897,14.5656,75.1502,2.1676
1986-09-25,44003,Kent,24.9657,13.2858,57.5558,1.7572
1986-09-26,44003,Kent,21.6476,13.9991,78.5117,2.8438
1986-09-27,44003,Kent,17.7661,6.6078,66.8708,2.8087
1986-09-28,44003,Kent,20.0416,7.0879,62.0202,2.5951
1986-09-29,44003,Kent,24.3008,12.6104,74.5111,4.723
1986-09-30,44003,Kent,28.5571,14.4493,75.0836,5.4184
1986-10-01,44003,Kent,26.2926,13.9953,60.7922,3.633
1986-10-02,44003,Kent,18.9095,10.8697,78.9946,1.7795
1986-10-03,44003,Kent,19.6155,9.0855,75.4123,2.8148
1986-10-04,44003,Kent,25.2145,13.3823,72.7952,3.4126
1986-10-05,44003,Kent,18.642,6.4888,64.9139,3.709
1986-10-06,44003,Kent,14.0206,1.8776,57.5199,6.6865
1986-10-07,44003,Kent,10.7134,-0.0611,54.3178,3.2882
1986-10-08,44003,Kent,17.1292,0.828,68.7267,4.9185
1986-10-09,44003,Kent,23.2787,9.0477,64.9383,3.7019
1986-10-10,44003,Kent,11.5647,-1.4766,56.364,4.7245
1986-10-11,44003,Kent,13.1788,-1.1526,68.6265,3.6248
1986-10-12,44003,Kent,18.4049,4.5167,62.1264,2.5262
1986-10-13,44003,Kent,16.7971,6.3139,87.8029,3.0019
1986-10-14,44003,Kent,20.849,12.319,82.9811,3.9881
1986-10-15,44003,Kent,15.954,5.0681,53.1021,4.2041
1986-10-16,44003,Kent,12.8021,4.0188,56.8038,1.7116
1986-10-17,44003,Kent,13.0148,4.2268,60.5165,3.6009
1986-10-18,44003,Kent,10.3632,2.2361,60.202,3.592
1986-10-19,44003,Kent,12.3082,-0.9031,50.1598,2.293
1986-10-20,44003,Kent,15.3239,0.151,52.4677,2.3416
1986-10-21,44003,Kent,16.553,1.8066,65.7388,3.6982
1986-10-22,44003,Kent,18.3465,6.3784,58.3703,2.5664
1986-10-23,44003,Kent,21.4323,6.6638,61.0378,4.2286
1986-10-24,44003,Kent,12.7137,0.1762,55.0809,3.2651
1986-10-25,44003,Kent,12.5182,-2.6284,54.4367,2.4196
1986-10-26,44003,Kent,9.8797,2.3774,84.9066,3.0407
1986-10-27,44003,Kent,15.2262,6.0612,81.5157,1.4168
1986-10-28,44003,Kent,16.6994,7.0061,68.6607,3.0023
1986-10-29,44003,Kent,18.0025,3.8947,62.4899,3.9245
1986-10-30,44003,Kent,16.2032,3.6591,57.9742,4.4253
1986-10-31,44003,Kent,8.1943,-0.6872,54.1107,2.8112
1986-11-01,44003,Kent,15.461,-0.7665,70.0103,4.6576
1986-11-02,44003,Kent,16.7803,3.9905,70.766,3.736
1986-11-03,44003,Kent,9.3211,-1.9367,58.0718,2.0364
1986-11-04,44003,Kent,12.1213,0.6892,64.6802,3.0962
1986-11-05,44003,Kent,6.283,-2.8051,64.2229,4.9477
1986-11-06,44003,Kent,9.7297,0.4223,75.6606,3.8896
1986-11-07,44003,Kent,11.973,-0.6304,69.644,2.1054
1986-11-08,44003,Kent,14.9259,5.5,80.3815,3.7426
1986-11-09,44003,Kent,21.1779,9.5831,67.5961,5.6238
1986-11-10,44003,Kent,11.8051,-2.7893,42.046,4.3786
1986-11-11,44003,Kent,7.4637,-2.4802,71.0353,1.9177
1986-11-12,44003,Kent,8.4882,0.0736,63.8961,1.8435
1986-11-13,44003,Kent,7.2007,-8.2641,50.7914,5.6281
1986-11-14,44003,Kent,0.6162,-9.1371,50.9651,4.7671
1986-11-15,44003,Kent,6.9143,-4.1255,60.7347,4.4213
1986-11-16,44003,Kent,8.64,0.9876,59.1326,1.3736
1986-11-17,44003,Kent,10.3497,0.2639,63.7022,3.1142
1986-11-18,44003,Kent,11.5757,0.5498,55.9276,3.2403
1986-11-19,44003,Kent,4.217,-7.2723,66.6617,6.2076
1986-11-20,44003,Kent,5.4195,-7.3355,72.3398,4.476
1986-11-21,44003,Kent,8.5586,-3.5518,67.5176,6.6369
1986-11-22,44003,Kent,4.4676,-4.0319,52.8752,4.2694
1986-11-23,44003,Kent,9.6837,-3.0267,69.0426,2.9528
1986-11-24,44003,Kent,12.835,3.5548,72.3028,4.5112
1986-11-25,44003,Kent,7.9191,-1.9335,56.1679,2.6967
1986-11-26,44003,Kent,13.9246,-0.5735,74.4069,4.8981
1986-11-27,44003,Kent,13.9487,-0.0094,62.1431,3.2443
1986-11-28,44003,Kent,9.8083,-1.1538,58.5774,2.8573
1986-11-29,44003,Kent,11.4264,-1.0044,55.942,3.5798
1986-11-30,44003,Kent,3.6887,-5.8284,51.5494,4.961
1986-12-01,44003,Kent,1.6517,-6.8638,48.8307,4.3663
1986-12-02,44003,Kent,7.3711,-4.761,72.5497,5.9483
1986-12-03,44003,Kent,15.5935,4.9013,76.1092,7.3415
1986-12-04,44003,Kent,8.4829,-0.7901,50.5819,6.498
1986-12-05,44003,Kent,4.5553,-2.618,50.1132,5.2781
1986-12-06,44003,Kent,4.8754,-4.8501,57.7359,4.1486
1986-12-07,44003,Kent,5.6404,-3.7212,64.6476,4.1889
1986-12-08,44003,Kent,5.5008,-5.7403,48.6668,4.7663
1986-12-09,44003,Kent,7.0632,-4.7977,73.3529,5.0982
1986-12-10,44003,Kent,8.8516,0.4596,70.7681,4.1343
1986-12-11,44003,Kent,4.0645,-3.6992,55.6752,2.4365
1986-12-12,44003,Kent,6.2236,-2.0089,65.6653,3.8121
1986-12-13,44003,Kent,0.7933,-9.4588,41.9292,6.011
1986-12-14,44003,Kent,1.2,-9.8229,59.4246,5.4368
1986-12-15,44003,Kent,4.8832,-3.0037,56.1959,3.7092
1986-12-16,44003,Kent,3.9645,-3.2778,60.5023,1.1215
1986-12-17,44003,Kent,4.2542,-1.357,66.126,3.1193
1986-12-18,44003,Kent,8.1439,-1.5714,78.4796,5.3333
1986-12-19,44003,Kent,8.7302,-0.997,74.3617,5.5456
1986-12-20,44003,Kent,4.0512,-3.261,58.8664,3.4313
1986-12-21,44003,Kent,2.1609,-5.3327,48.2239,3.9045
1986-12-22,44003,Kent,2.1583,-5.5088,53.2199,3.2087
1986-12-23,44003,Kent,5.6716,-3.221,54.1156,4.5471
1986-12-24,44003,Kent,5.4092,-3.448,63.5123,3.9719
1986-12-25,44003,Kent,11.9985,0.6671,77.3113,5.1659
1986-12-26,44003,Kent,6.1723,-2.3491,62.6574,3.5267
1986-12-27,44003,Kent,3.1178,-2.53,55.7175,1.958
1986-12-28,44003,Kent,2.9321,-2.6633,55.285,1.5753
1986-12-29,44003,Kent,3.6339,-4.0008,63.417,1.5537
1986-12-30,44003,Kent,3.7816,-3.2476,70.9376,4.1622
1986-12-31,44003,Kent,2.8168,-5.5802,66.5263,5.9083
1987-01-01,44003,Kent,4.4463,-5.5762,63.5579,3.2548
1987-01-02,44003,Kent,5.2371,-2.599,69.0871,5.5897
1987-01-03,44003,Kent,1.7743,-6.9411,60.8048,6.0436
1987-01-04,44003,Kent,0.8136,-8.2789,60.1508,3.1155
1987-01-05,44003,Kent,1.1855,-7.6035,57.25,3.4491
1987-01-06,44003,Kent,2.2338,-7.6617,65.9382,2.4763
1987-01-07,44003,Kent,4.9491,-1.9859,64.2981,5.42
1987-01-08,44003,Kent,1.6973,-5.4059,46.4365,5.4738
1987-01-09,44003,Kent,2.063,-5.4549,58.0105,2.9762
1987-01-10,44003,Kent,4.7452,-3.2337,69.7963,3.02
1987-01-11,44003,Kent,4.8941,-3.0147,66.6633,5.1549
1987-01-12,44003,Kent,3.4336,-3.926,56.2246,6.0449
1987-01-13,44003,Kent,2.2478,-4.9506,53.4596,5.6098
1987-01-14,44003,Kent,5.3454,-5.4752,57.1451,3.9187
1987-01-15,44003,Kent,8.0787,-1.1731,67.5601,3.3025
1987-01-16,44003,Kent,5.4972,-3.9753,48.3839,3.8058
1987-01-17,44003,Kent,-0.4937,-8.0329,31.6437,3.3974
1987-01-18,44003,Kent,3.848,-7.6247,67.1495,2.7255
1987-01-19,44003,Kent,3.258,-3.8202,62.6676,4.642
1987-01-20,44003,Kent,0.1998,-6.4532,61.6838,2.7377
1987-01-21,44003,Kent,1.6999,-6.8283,60.4863,2.8841
1987-01-22,44003,Kent,3.8238,-6.8927,69.7773,5.3375
1987-01-23,44003,Kent,3.8311,-9.8382,62.3744,7.4251
1987-01-24,44003,Kent,-6.1069,-15.5813,49.2711,6.8577
1987-01-25,44003,Kent,-4.1308,-16.7209,52.815,3.1874
1987-01-26,44003,Kent,-1.8914,-12.715,60.2218,7.7247
1987-01-27,44003,Kent,-4.212,-17.4855,53.4449,3.6489
1987-01-28,44003,Kent,-2.0469,-17.5517,51.5025,2.546
1987-01-29,44003,Kent,0.5851,-14.9485,58.6225,2.5213
1987-01-30,44003,Kent,2.9561,-8.4274,71.86,3.2779
1987-01-31,44003,Kent,4.9985,-4.0453,61.7508,3.9316
1987-02-01,44003,Kent,2.8307,-7.7915,52.6114,4.6439
1987-02-02,44003,Kent,4.8435,-5.0104,58.1876,3.0086
1987-02-03,44003,Kent,5.557,-3.7467,59.3303,2.1566
1987-02-04,44003,Kent,5.2137,-2.5429,50.4129,4.227
1987-02-05,44003,Kent,1.9568,-9.3835,38.6701,5.1117
1987-02-06,44003,Kent,4.1823,-8.8786,51.5874,3.2121
1987-02-07,44003,Kent,6.8831,-4.2063,50.3224,2.3068
1987-02-08,44003,Kent,5.8462,-3.8909,54.6249,2.2527
1987-02-09,44003,Kent,5.1222,-6.9338,59.3098,8.159
1987-02-10,44003,Kent,1.6336,-11.477,48.0106,6.2481
1987-02-11,44003,Kent,2.6669,-7.7159,46.2155,5.3585
1987-02-12,44003,Kent,2.6065,-9.1909,45.6984,2.0912
1987-02-13,44003,Kent,0.7736,-13.8006,43.578,5.8751
1987-02-14,44003,Kent,-5.1763,-17.3825,42.2763,4.1541
1987-02-15,44003,Kent,-7.359,-17.2031,40.5256,5.7472
1987-02-16,44003,Kent,1.1783,-17.464,43.2764,3.7453
1987-02-17,44003,Kent,3.1815,-11.4197,45.429,3.288
1987-02-18,44003,Kent,3.3944,-8.5766,41.2112,3.1841
1987-02-19,44003,Kent,3.0184,-10.2153,38.0774,4.4828
1987-02-20,44003,Kent,3.2708,-9.7767,36.0399,4.5054
1987-02-21,44003,Kent,5.5109,-7.8919,35.4558,3.7899
1987-02-22,44003,Kent,6.5934,-5.319,37.9262,2.9265
1987-02-23,44003,Kent,5.398,-3.7725,48.7969,5.0238
1987-02-24,44003,Kent,3.7718,-5.9356,41.8269,5.8014
1987-02-25,44003,Kent,4.3367,-6.9209,40.1735,5.0492
1987-02-26,44003,Kent,4.1751,-5.0412,41.2428,3.7265
1987-02-27,44003,Kent,6.573,-2.2875,37.6231,2.1067
1987-02-28,44003,Kent,6.2907,-2.5365,48.5389,2.6353
1987-03-01,44003,Kent,5.6522,-0.833,79.6518,3.5816
1987-03-02,44003,Kent,6.2498,-0.24,68.9606,2.4578
1987-03-03,44003,Kent,5.7756,-1.7468,50.3655,3.4138
1987-03-04,44003,Kent,3.938,-2.7274,46.8001,2.2224
1987-03-05,44003,Kent,3.7287,-3.5753,42.19,2.2324
1987-03-06,44003,Kent,8.7243,-3.7459,47.4018,4.6225
1987-03-07,44003,Kent,17.5503,0.3548,45.0181,3.438
1987-03-08,44003,Kent,18.7974,2.6369,46.3774,2.2251
1987-03-09,44003,Kent,13.5829,-4.3883,51.564,4.6704
1987-03-10,44003,Kent,-2.0939,-11.6148,33.2667,7.159
1987-03-11,44003,Kent,1.8302,-10.519,46.3644,4.1306
1987-03-12,44003,Kent,5.0436,-5.9581,61.9848,3.2048
1987-03-13,44003,Kent,5.3515,-2.3051,65.0859,3.8042
1987-03-14,44003,Kent,6.0575,-2.883,53.358,4.7832
1987-03-15,44003,Kent,5.2433,-2.8403,48.5279,3.365
1987-03-16,44003,Kent,3.617,-2.9176,43.0279,4.2847
1987-03-17,44003,Kent,5.2576,-3.3664,44.7257,4.93
1987-03-18,44003,Kent,5.539,-3.1357,50.7512,3.6717
1987-03-19,44003,Kent,7.2458,-2.4686,53.1276,3.356
1987-03-20,44003,Kent,6.1967,-1.5546,59.1409,3.3523
1987-03-21,44003,Kent,6.9868,-1.6135,64.4228,3.2137
1987-03-22,44003,Kent,10.2338,-0.7052,60.9454,5.4997
1987-03-23,44003,Kent,11.8303,-1.182,54.5599,4.85
1987-03-24,44003,Kent,15.3816,-1.8083,46.1205,2.5358
1987-03-25,44003,Kent,18.3755,0.5144,41.4711,2.3112
1987-03-26,44003,Kent,16.2118,2.2242,64.8029,3.4961
1987-03-27,44003,Kent,17.0979,3.675,49.8264,2.3703
1987-03-28,44003,Kent,13.813,3.9564,67.3987,3.4075
1987-03-29,44003,Kent,16.6576,3.5363,53.1825,2.0459
1987-03-30,44003,Kent,14.9969,2.5978,67.6432,5.0167
1987-03-31,44003,Kent,13.5471,8.2824,81.3972,7.8094
1987-04-01,44003,Kent,10.4563,1.4256,64.0723,3.2544
1987-04-02,44003,Kent,10.2197,-1.9907,59.9644,3.7864
1987-04-03,44003,Kent,15.4981,2.4577,63.6766,2.5893
1987-04-04,44003,Kent,11.9352,6.0519,77.9882,7.1796
1987-04-05,44003,Kent,9.529,3.9091,79.2036,4.6134
1987-04-06,44003,Kent,10.9293,3.6416,77.5198,2.2349
1987-04-07,44003,Kent,8.8266,4.3547,78.6718,2.1941
1987-04-08,44003,Kent,8.9596,2.8972,69.3549,2.2816
1987-04-09,44003,Kent,9.9668,2.7309,63.1356,1.9634
1987-04-10,44003,Kent,16.4437,5.3292,50.4951,2.2003
1987-04-11,44003,Kent,20.0051,6.5169,47.2999,2.1317
1987-04-12,44003,Kent,20.1373,5.6024,56.3966,3.2822
1987-04-13,44003,Kent,10.0917,2.6212,68.8283,7.1039
1987-04-14,44003,Kent,12.6,-0.018,46.9202,3.1841
1987-04-15,44003,Kent,14.5884,1.1226,48.0093,1.9087
1987-04-16,44003,Kent,11.2026,2.0,72.9107,4.5934
1987-04-17,44003,Kent,14.8529,1.3744,81.9581,4.3477
1987-04-18,44003,Kent,19.5191,8.4023,74.0216,3.079
1987-04-19,44003,Kent,20.9504,9.5894,68.657,2.8544
1987-04-20,44003,Kent,18.0251,9.1319,74.0456,4.0425
1987-04-21,44003,Kent,18.669,9.9145,75.1623,2.5297
1987-04-22,44003,Kent,14.4183,3.1144,73.5594,4.072
1987-04-23,44003,Kent,15.4262,1.596,74.1157,2.7885
1987-04-24,44003,Kent,15.8912,8.0653,74.8455,2.5009
1987-04-25,44003,Kent,11.4035,1.0558,57.5737,4.8191
1987-04-26,44003,Kent,13.6354,-0.6216,46.2318,4.0482
1987-04-27,44003,Kent,12.5164,-0.9405,54.2901,4.4775
1987-04-28,44003,Kent,7.4055,0.6863,81.8243,4.2348
1987-04-29,44003,Kent,11.879,0.3945,63.8727,5.2578
1987-04-30,44003,Kent,13.2925,4.929,48.3854,6.4633
1987-05-01,44003,Kent,16.6191,2.5426,43.8555,4.559
1987-05-02,44003,Kent,18.3819,4.452,47.3994,2.3054
1987-05-03,44003,Kent,17.2957,5.4484,52.16,2.5036
1987-05-04,44003,Kent,12.4036,5.3078,61.4004,5.7514
1987-05-05,44003,Kent,12.9525,5.3117,65.6929,3.7189
1987-05-06,44003,Kent,15.3487,7.4659,62.8952,2.963
1987-05-07,44003,Kent,23.8133,8.944,44.5836,3.4589
1987-05-08,44003,Kent,18.6687,6.6039,45.4216,2.7644
1987-05-09,44003,Kent,22.2388,4.2759,43.6057,3.4604
1987-05-10,44003,Kent,28.6358,9.2348,42.2952,3.5135
1987-05-11,44003,Kent,22.6828,9.8782,45.0328,3.1562
1987-05-12,44003,Kent,26.5295,9.3995,51.2807,3.8965
1987-05-13,44003,Kent,17.5706,4.4628,42.2127,3.2493
1987-05-14,44003,Kent,19.0699,2.7581,57.2699,2.5392
1987-05-15,44003,Kent,23.3648,10.573,56.9128,3.8848
1987-05-16,44003,Kent,17.9175,5.4833,45.4992,3.3525
1987-05-17,44003,Kent,25.2189,7.814,51.5626,3.6528
1987-05-18,44003,Kent,23.5792,9.8964,50.0749,2.8817
1987-05-19,44003,Kent,16.663,6.2124,52.1273,3.5593
1987-05-20,44003,Kent,16.7899,4.4274,55.8263,3.3637
1987-05-21,44003,Kent,20.1803,7.3619,64.9953,2.8865
1987-05-22,44003,Kent,25.1822,13.3651,62.2038,4.8746
1987-05-23,44003,Kent,26.0632,11.6374,59.7269,2.9176
1987-05-24,44003,Kent,22.2911,10.109,55.7239,2.2223
1987-05-25,44003,Kent,16.3051,8.3608,61.6963,1.7126
1987-05-26,44003,Kent,19.8593,10.215,53.7433,1.6019
1987-05-27,44003,Kent,17.8911,9.2158,60.5798,2.3009
1987-05-28,44003,Kent,27.4245,10.8604,61.8548,3.9319
1987-05-29,44003,Kent,30.7618,18.0197,57.7426,2.2414
1987-05-30,44003,Kent,32.9903,15.9239,55.7125,2.9437
1987-05-31,44003,Kent,32.5019,19.0712,57.0265,3.2561
1987-06-01,44003,Kent,29.8301,20.3716,59.0398,1.9296
1987-06-02,44003,Kent,24.1202,13.1639,73.3725,3.276
1987-06-03,44003,Kent,22.208,11.6535,64.9948,2.9732
1987-06-04,44003,Kent,18.6716,11.6699,80.137,1.9963
1987-06-05,44003,Kent,24.5362,14.7421,65.4864,1.4058
1987-06-06,44003,Kent,22.0724,9.8836,53.0488,3.2535
1987-06-07,44003,Kent,18.5677,7.4708,61.5827,2.7418
1987-06-08,44003,Kent,28.1378,13.1369,70.6724,4.0217
1987-06-09,44003,Kent,26.3,14.4718,59.1952,4.9213
1987-06-10,44003,Kent,22.0474,9.9218,53.6482,3.7019
1987-06-11,44003,Kent,22.3547,8.089,56.3814,3.6342
1987-06-12,44003,Kent,20.241,13.1421,80.9587,4.6356
1987-06-13,44003,Kent,26.9434,16.8078,72.4815,2.9423
1987-06-14,44003,Kent,27.4253,17.443,64.6428,3.5311
1987-06-15,44003,Kent,30.5927,18.3565,61.4816,3.6295
1987-06-16,44003,Kent,26.7962,14.5776,53.9473,2.5724
1987-06-17,44003,Kent,23.6716,13.7794,53.9682,2.8159
1987-06-18,44003,Kent,24.674,13.9917,54.4339,1.8808
1987-06-19,44003,Kent,27.359,12.8898,65.4199,4.0013
1987-06-20,44003,Kent,29.4979,17.4506,60.5479,1.5413
1987-06-21,44003,Kent,25.3089,16.6482,70.3615,2.0383
1987-06-22,44003,Kent,26.7335,16.0702,72.1017,2.1229
1987-06-23,44003,Kent,24.1575,12.7946,74.1597,2.7346
1987-06-24,44003,Kent,25.0504,10.4724,63.801,2.4005
1987-06-25,44003,Kent,27.1004,13.0358,62.3449,2.7136
1987-06-26,44003,Kent,23.3824,11.207,70.6102,3.1312
1987-06-27,44003,Kent,23.753,16.0266,75.7655,2.6757
1987-06-28,44003,Kent,25.4992,14.9986,58.387,4.0353
1987-06-29,44003,Kent,27.6991,12.5854,57.8508,4.4766
1987-06-30,44003,Kent,28.2401,16.0021,71.3377,4.6731
1987-07-01,44003,Kent,26.7673,16.7444,73.8674,1.5439
1987-07-02,44003,Kent,18.3558,16.0104,92.9088,3.1117
1987-07-03,44003,Kent,24.3251,16.3749,89.7176,1.8691
1987-07-04,44003,Kent,26.8266,18.7282,84.9246,3.3247
1987-07-05,44003,Kent,25.6542,16.3356,69.2319,2.1969
1987-07-06,44003,Kent,23.4488,13.0122,72.085,2.0359
1987-07-07,44003,Kent,21.7656,11.7461,83.7744,2.1151
1987-07-08,44003,Kent,23.5479,16.2384,87.9333,2.4652
1987-07-09,44003,Kent,27.8308,18.6049,86.2159,2.1431
1987-07-10,44003,Kent,30.1975,20.7834,76.3438,1.2773
1987-07-11,44003,Kent,28.1132,20.408,79.5355,1.518
1987-07-12,44003,Kent,27.1614,19.9276,83.4118,2.2077
1987-07-13,44003,Kent,27.2607,19.4434,82.0036,2.8452
1987-07-14,44003,Kent,28.4353,19.8677,77.8898,3.7106
1987-07-15,44003,Kent,26.953,16.4207,62.2077,2.4089
1987-07-16,44003,Kent,22.6227,13.7507,59.1922,2.0575
1987-07-17,44003,Kent,26.8009,13.2707,49.2001,2.0502
1987-07-18,44003,Kent,31.9466,13.4615,52.2397,3.1
1987-07-19,44003,Kent,29.1604,17.047,56.7185,2.6299
1987-07-20,44003,Kent,27.4312,16.059,72.733,4.0612
1987-07-21,44003,Kent,29.5514,18.2561,69.8275,2.9192
1987-07-22,44003,Kent,30.0456,14.5651,65.3409,1.9067
1987-07-23,44003,Kent,29.7477,17.9057,65.9801,2.4193
1987-07-24,44003,Kent,33.986,17.7013,63.4473,4.398
1987-07-25,44003,Kent,33.1599,21.1347,65.7403,3.3266
1987-07-26,44003,Kent,31.8622,19.1508,62.1173,3.8977
1987-07-27,44003,Kent,28.2615,15.3816,49.7442,2.9371
1987-07-28,44003,Kent,28.2609,14.4403,48.3174,1.7654
1987-07-29,44003,Kent,25.2789,11.5972,54.401,2.4795
1987-07-30,44003,Kent,27.1228,12.9761,66.5298,3.2217
1987-07-31,44003,Kent,28.312,15.6314,55.0776,1.4221
1987-08-01,44003,Kent,26.6518,13.9425,46.5189,1.9314
1987-08-02,44003,Kent,27.0086,12.927,63.8814,2.8978
1987-08-03,44003,Kent,27.2005,18.8039,82.4119,3.6742
1987-08-04,44003,Kent,32.4747,18.8427,59.2638,2.1118
1987-08-05,44003,Kent,29.8927,17.4741,63.9322,2.8579
1987-08-06,44003,Kent,24.937,13.6239,63.747,2.9263
1987-08-07,44003,Kent,26.5404,11.2626,61.7437,2.4671
1987-08-08,44003,Kent,29.3004,15.3871,73.0803,3.6661
1987-08-09,44003,Kent,26.1998,16.6016,66.1414,1.8139
1987-08-10,44003,Kent,22.4622,16.9126,84.6722,2.2561
1987-08-11,44003,Kent,27.0665,14.9579,60.4859,2.4734
1987-08-12,44003,Kent,23.9437,12.7098,63.0508,2.2285
1987-08-13,44003,Kent,23.6051,12.9203,68.0417,2.2009
1987-08-14,44003,Kent,26.2773,14.1884,66.4228,2.3815
1987-08-15,44003,Kent,29.4334,14.9777,63.7181,3.3312
1987-08-16,44003,Kent,31.2004,17.7415,62.3653,4.3912
1987-08-17,44003,Kent,33.2972,19.3424,67.7379,4.1779
1987-08-18,44003,Kent,33.2864,19.3147,58.534,2.9951
1987-08-19,44003,Kent,30.821,15.9113,50.7283,2.3002
1987-08-20,44003,Kent,30.108,14.6633,50.2358,2.8414
1987-08-21,44003,Kent,26.5128,11.9111,53.4981,2.7033
1987-08-22,44003,Kent,27.3403,14.472,77.2654,5.2144
1987-08-23,44003,Kent,24.6243,11.1461,54.7832,3.9338
1987-08-24,44003,Kent,20.3887,7.6081,45.5273,3.7559
1987-08-25,44003,Kent,22.8902,6.4454,49.0072,3.7564
1987-08-26,44003,Kent,21.6758,9.6908,59.4503,2.5558
1987-08-27,44003,Kent,15.6211,12.238,95.445,4.3052
1987-08-28,44003,Kent,15.634,13.4267,94.5488,4.0198
1987-08-29,44003,Kent,21.5405,13.5656,81.0803,2.4793
1987-08-30,44003,Kent,21.6884,12.2152,68.8843,2.2196
1987-08-31,44003,Kent,24.0576,10.9017,75.6357,3.7156
1987-09-01,44003,Kent,24.3407,11.8739,67.9191,2.985
1987-09-02,44003,Kent,21.3795,8.726,67.8605,3.2483
1987-09-03,44003,Kent,22.2351,11.6427,56.3548,1.8706
1987-09-04,44003,Kent,20.3306,9.2561,62.2055,1.5186
1987-09-05,44003,Kent,22.7553,10.9295,60.6952,2.4189
1987-09-06,44003,Kent,20.7884,10.907,80.0415,2.2908
1987-09-07,44003,Kent,24.8053,15.128,83.4152,2.8366
1987-09-08,44003,Kent,26.6493,16.24,79.6636,2.5312
1987-09-09,44003,Kent,27.2496,18.1573,75.7724,4.1495
1987-09-10,44003,Kent,27.8099,17.0267,65.7254,1.6425
1987-09-11,44003,Kent,23.4746,13.6164,75.8331,3.3826
1987-09-12,44003,Kent,20.8417,13.0562,80.6514,3.6143
1987-09-13,44003,Kent,21.5801,14.9301,91.0856,4.3834
1987-09-14,44003,Kent,26.9373,13.9646,67.0452,2.3888
1987-09-15,44003,Kent,23.5797,10.299,63.0754,2.5493
1987-09-16,44003,Kent,24.177,13.5734,64.9654,2.5366
1987-09-17,44003,Kent,24.5113,14.2533,71.8659,2.3326
1987-09-18,44003,Kent,17.8629,11.3838,83.9144,6.3443
1987-09-19,44003,Kent,15.033,9.1288,91.3252,6.0071
1987-09-20,44003,Kent,17.4677,12.0803,86.5852,4.1077
1987-09-21,44003,Kent,18.7683,11.4696,78.3453,2.196
1987-09-22,44003,Kent,21.3053,11.2824,75.9358,1.4118
1987-09-23,44003,Kent,20.2244,12.3622,71.7728,2.8963
1987-09-24,44003,Kent,21.2489,11.0617,68.5895,3.7302
1987-09-25,44003,Kent,15.3506,5.774,58.5247,4.1616
1987-09-26,44003,Kent,17.1334,5.0683,65.3139,4.6162
1987-09-27,44003,Kent,18.526,6.5902,61.3617,2.3404
1987-09-28,44003,Kent,21.8033,10.5057,81.1965,4.0803
1987-09-29,44003,Kent,24.9156,13.2445,69.7714,4.1699
1987-09-30,44003,Kent,23.2961,12.0381,82.3021,3.67
1987-10-01,44003,Kent,19.8756,6.3443,66.4236,3.4513
1987-10-02,44003,Kent,18.1483,3.5208,72.7588,4.2391
1987-10-03,44003,Kent,23.4013,10.2258,72.3215,2.6923
1987-10-04,44003,Kent,13.3681,1.3803,67.0817,5.8254
1987-10-05,44003,Kent,16.6429,0.0767,64.919,3.4867
1987-10-06,44003,Kent,19.8165,5.0203,66.464,2.9356
1987-10-07,44003,Kent,21.3165,8.2114,74.9269,3.5646
1987-10-08,44003,Kent,16.976,3.9761,62.7054,4.5139
1987-10-09,44003,Kent,12.3887,0.6616,61.9599,4.2019
1987-10-10,44003,Kent,16.5723,5.0528,64.8087,3.3403
1987-10-11,44003,Kent,12.447,4.7616,78.4055,2.5958
1987-10-12,44003,Kent,10.9947,2.3419,69.4186,3.7549
1987-10-13,44003,Kent,11.2382,0.2907,54.859,3.8401
1987-10-14,44003,Kent,13.2785,-1.6915,52.4971,1.833
1987-10-15,44003,Kent,16.2188,0.6964,51.7896,0.8924
1987-10-16,44003,Kent,18.0594,3.4839,53.5997,2.3413
1987-10-17,44003,Kent,17.8406,3.5883,73.6968,3.023
1987-10-18,44003,Kent,21.048,7.6697,60.8367,1.74
1987-10-19,44003,Kent,17.1325,5.8758,57.7603,1.3463
1987-10-20,44003,Kent,17.3383,5.6187,67.9747,2.1805
1987-10-21,44003,Kent,16.7565,4.4691,82.1145,3.0133
1987-10-22,44003,Kent,10.9385,0.1612,53.1877,3.4828
1987-10-23,44003,Kent,13.7763,0.7428,67.5048,3.1608
1987-10-24,44003,Kent,17.316,6.1812,63.376,2.6825
1987-10-25,44003,Kent,16.1536,0.1573,60.4212,4.0169
1987-10-26,44003,Kent,11.0234,-2.9727,50.7335,2.0238
1987-10-27,44003,Kent,14.5236,-0.9916,77.6142,3.7426
1987-10-28,44003,Kent,19.9978,7.0075,71.8203,4.2531
1987-10-29,44003,Kent,12.2989,1.7417,59.5226,3.5922
1987-10-30,44003,Kent,11.6184,0.4345,65.8518,3.7184
1987-10-31,44003,Kent,14.3456,2.4832,56.8034,3.706
1987-11-01,44003,Kent,13.9047,2.0207,49.0867,1.4257
1987-11-02,44003,Kent,10.8316,0.0998,54.9467,2.6605
1987-11-03,44003,Kent,15.9491,1.8123,75.5007,5.1651
1987-11-04,44003,Kent,22.424,8.5019,55.971,4.1984
1987-11-05,44003,Kent,21.1475,2.6934,49.116,4.8982
1987-11-06,44003,Kent,6.1677,-2.695,40.5454,7.1392
1987-11-07,44003,Kent,8.7249,-2.7393,50.0041,5.8512
1987-11-08,44003,Kent,14.5699,0.0074,56.556,3.9037
1987-11-09,44003,Kent,15.512,6.3819,66.3216,3.2061
1987-11-10,44003,Kent,11.6141,0.1776,63.4501,5.8872
1987-11-11,44003,Kent,3.7812,-1.3901,69.0709,7.8016
1987-11-12,44003,Kent,3.0366,-3.1561,61.4802,6.9557
1987-11-13,44003,Kent,9.8175,-2.8782,62.1647,3.7713
1987-11-14,44003,Kent,12.8969,-0.4921,54.1043,3.0541
1987-11-15,44003,Kent,8.906,-0.688,51.8719,1.7728
1987-11-16,44003,Kent,10.5053,0.0938,55.5235,2.2308
1987-11-17,44003,Kent,15.1623,0.7852,75.0114,4.4561
1987-11-18,44003,Kent,20.214,5.9783,61.2787,5.9339
1987-11-19,44003,Kent,10.4642,1.0222,52.0042,3.1327
1987-11-20,44003,Kent,8.8199,-0.0759,68.8494,2.2138
1987-11-21,44003,Kent,2.9763,-10.5378,29.6544,7.4121
1987-11-22,44003,Kent,-0.0545,-10.254,41.3089,6.1804
1987-11-23,44003,Kent,7.0459,-5.6842,53.8639,3.6954
1987-11-24,44003,Kent,13.3846,1.552,57.7912,3.0834
1987-11-25,44003,Kent,11.0346,0.974,59.6362,2.2929
1987-11-26,44003,Kent,15.2648,0.6609,65.5871,3.4808
1987-11-27,44003,Kent,5.3514,-2.7699,58.7221,4.1171
1987-11-28,44003,Kent,4.5027,-3.2218,66.949,3.0062
1987-11-29,44003,Kent,10.2567,-1.2536,76.1392,4.9527
1987-11-30,44003,Kent,15.6435,6.2633,78.7098,3.0618
1987-12-01,44003,Kent,11.2876,1.8791,62.6498,3.9811
1987-12-02,44003,Kent,7.2554,-2.3954,61.4354,5.4074
1987-12-03,44003,Kent,5.1525,-2.9381,58.6059,3.7391
1987-12-04,44003,Kent,6.7323,-0.7671,71.7918,4.5127
1987-12-05,44003,Kent,2.929,-4.1506,59.1721,4.9346
1987-12-06,44003,Kent,3.5477,-5.0082,56.6078,5.6998
1987-12-07,44003,Kent,3.716,-5.6398,50.7313,3.834
1987-12-08,44003,Kent,6.0134,-5.2663,58.4563,2.9973
1987-12-09,44003,Kent,9.7889,-1.218,71.9399,4.3114
1987-12-10,44003,Kent,14.6603,2.5778,59.7681,2.5489
1987-12-11,44003,Kent,7.1498,-0.8394,79.2171,4.6157
1987-12-12,44003,Kent,7.1972,-2.8091,75.1305,1.8676
1987-12-13,44003,Kent,6.6713,-1.3321,60.7539,4.8822
1987-12-14,44003,Kent,7.3296,-2.4453,56.2561,3.7081
1987-12-15,44003,Kent,7.7758,-2.9644,70.8879,3.6881
1987-12-16,44003,Kent,9.0025,-1.6219,57.6934,5.8912
1987-12-17,44003,Kent,2.1183,-6.8338,55.7713,6.4755
1987-12-18,44003,Kent,-0.133,-7.5728,48.807,3.8282
1987-12-19,44003,Kent,4.1646,-6.4675,55.813,3.1257
1987-12-20,44003,Kent,4.7005,-3.7548,76.7244,3.1524
1987-12-21,44003,Kent,6.7327,-3.1669,62.9613,3.8435
1987-12-22,44003,Kent,6.8626,-3.5707,53.992,2.7084
1987-12-23,44003,Kent,5.2199,-2.5599,63.483,3.0283
1987-12-24,44003,Kent,5.2254,-4.0419,66.4118,2.4651
1987-12-25,44003,Kent,10.7889,0.8963,79.4704,3.5953
1987-12-26,44003,Kent,6.2553,-1.9274,63.4822,2.7033
1987-12-27,44003,Kent,2.832,-3.5752,57.0362,3.7266
1987-12-28,44003,Kent,1.343,-6.428,48.1092,3.8846
1987-12-29,44003,Kent,-2.3856,-14.3378,65.2709,7.4837
1987-12-30,44003,Kent,-10.7893,-17.9786,60.5804,8.412
1987-12-31,44003,Kent,3.2864,-15.9037,55.9059,4.4343
1988-01-01,44003,Kent,6.2563,-3.727,60.86,4.1975
1988-01-02,44003,Kent,0.736,-7.4385,39.8877,3.6332
1988-01-03,44003,Kent,1.0165,-9.6836,47.5075,2.16
1988-01-04,44003,Kent,1.9893,-5.0186,66.5036,5.0544
1988-01-05,44003,Kent,-0.399,-14.6294,39.4787,7.4566
1988-01-06,44003,Kent,-6.4891,-15.5231,51.2775,6.9549
1988-01-07,44003,Kent,-7.6973,-16.0807,53.0422,4.7726
1988-01-08,44003,Kent,0.5323,-14.6574,65.7104,5.9826
1988-01-09,44003,Kent,0.7205,-10.9971,61.7676,3.5989
1988-01-10,44003,Kent,-2.1078,-14.8842,54.1087,2.6903
1988-01-11,44003,Kent,-0.7538,-15.7336,51.7145,2.5228
1988-01-12,44003,Kent,1.9208,-12.1178,64.9926,2.4954
1988-01-13,44003,Kent,3.3653,-8.9277,70.2475,5.6388
1988-01-14,44003,Kent,-5.5333,-21.0079,33.7289,5.8595
1988-01-15,44003,Kent,-4.6436,-19.8331,52.6092,2.0957
1988-01-16,44003,Kent,0.4194,-12.9651,58.3597,2.91
1988-01-17,44003,Kent,3.9735,-6.745,64.82,3.7807
1988-01-18,44003,Kent,6.1218,-2.3902,68.0971,3.5804
1988-01-19,44003,Kent,5.5477,-4.0237,58.8582,3.5613
1988-01-20,44003,Kent,3.9235,-3.7344,70.9883,3.1007
1988-01-21,44003,Kent,7.2324,-2.6263,59.5339,3.5436
1988-01-22,44003,Kent,1.9333,-4.6796,47.2647,2.0895
1988-01-23,44003,Kent,2.2834,-4.4097,46.9525,2.3328
1988-01-24,44003,Kent,4.6575,-4.1586,56.5907,2.6952
1988-01-25,44003,Kent,7.1256,-2.5074,62.4189,2.411
1988-01-26,44003,Kent,3.4822,-5.5315,59.6924,5.0558
1988-01-27,44003,Kent,-0.9115,-10.4256,34.1366,5.0944
1988-01-28,44003,Kent,-2.5486,-12.6793,37.7163,3.1312
1988-01-29,44003,Kent,-0.1626,-9.9659,35.7606,3.0298
1988-01-30,44003,Kent,7.2338,-4.7961,58.0654,6.0239
1988-01-31,44003,Kent,9.7177,-1.8522,61.4542,4.3655
1988-02-01,44003,Kent,12.4307,1.2523,69.6577,4.5623
1988-02-02,44003,Kent,11.4471,-1.1855,74.4706,4.5469
1988-02-03,44003,Kent,2.6621,-6.598,50.4759,4.3716
1988-02-04,44003,Kent,3.4548,-6.274,72.7885,4.2592
1988-02-05,44003,Kent,-2.6976,-11.8022,48.3473,4.9988
1988-02-06,44003,Kent,-4.1312,-11.6408,50.8046,3.7936
1988-02-07,44003,Kent,-4.1306,-15.5959,54.3554,4.7286
1988-02-08,44003,Kent,1.3719,-8.2096,57.9844,4.4477
1988-02-09,44003,Kent,1.4447,-8.3245,59.6684,1.8535
1988-02-10,44003,Kent,2.9317,-5.7036,59.1698,3.0034
1988-02-11,44003,Kent,2.4325,-6.6862,60.4981,3.9086
1988-02-12,44003,Kent,4.4519,-3.6981,77.8278,6.1631
1988-02-13,44003,Kent,2.9802,-8.2796,49.4073,7.8365
1988-02-14,44003,Kent,-0.0095,-10.9972,50.5542,5.64
1988-02-15,44003,Kent,7.5861,-5.5806,71.0071,5.3289
1988-02-16,44003,Kent,6.6044,-4.2516,68.3145,3.6054
1988-02-17,44003,Kent,4.5608,-5.0308,51.8436,2.9611
1988-02-18,44003,Kent,7.7207,-3.7774,50.7632,2.1051
1988-02-19,44003,Kent,7.2601,-3.8142,56.108,3.4562
1988-02-20,44003,Kent,13.5876,-0.1195,65.6349,4.8354
1988-02-21,44003,Kent,4.7066,-10.4973,40.5832,6.0514
1988-02-22,44003,Kent,3.8115,-10.0059,53.1499,7.2597
1988-02-23,44003,Kent,10.4005,-1.5795,61.7815,5.3594
1988-02-24,44003,Kent,5.279,-4.3887,51.9209,3.3353
1988-02-25,44003,Kent,2.3109,-6.0494,36.9931,2.6728
1988-02-26,44003,Kent,1.3613,-5.7136,31.8399,1.6507
1988-02-27,44003,Kent,2.1995,-5.0385,43.2673,2.3808
1988-02-28,44003,Kent,2.7367,-5.5129,42.5973,2.0979
1988-02-29,44003,Kent,5.8216,-4.1703,49.4212,2.9299
1988-03-01,44003,Kent,5.5714,-4.8126,37.7674,4.0145
1988-03-02,44003,Kent,6.5687,-6.0967,40.8225,4.3859
1988-03-03,44003,Kent,11.6626,0.5858,51.6517,2.295
1988-03-04,44003,Kent,6.2082,-1.483,66.3016,4.2055
1988-03-05,44003,Kent,2.9422,-7.0668,52.3137,3.8146
1988-03-06,44003,Kent,7.1246,-4.3986,44.628,3.2242
1988-03-07,44003,Kent,11.2633,-2.9924,45.6905,4.2128
1988-03-08,44003,Kent,8.7775,-3.065,39.5939,2.5513
1988-03-09,44003,Kent,12.9335,-1.4492,62.3094,4.4753
1988-03-10,44003,Kent,10.8388,-2.7859,54.0101,4.802
1988-03-11,44003,Kent,7.2104,-3.5567,37.7594,5.4715
1988-03-12,44003,Kent,10.7904,-2.8569,45.7926,2.7726
1988-03-13,44003,Kent,14.9194,0.2262,57.9648,2.006
1988-03-14,44003,Kent,6.391,-0.869,62.9895,2.7519
1988-03-15,44003,Kent,4.1263,-1.4963,58.4805,3.817
1988-03-16,44003,Kent,7.506,-2.2591,47.2064,3.9279
1988-03-17,44003,Kent,10.0209,-1.5917,34.5419,4.2288
1988-03-18,44003,Kent,8.7872,-2.1674,42.572,4.4442
1988-03-19,44003,Kent,8.6132,-2.031,45.0185,3.4416
1988-03-20,44003,Kent,5.9888,-6.6305,33.3926,5.7305
1988-03-21,44003,Kent,-2.2361,-9.6945,24.0799,6.1941
1988-03-22,44003,Kent,3.5748,-11.4716,29.817,4.4689
1988-03-23,44003,Kent,6.8308,-5.54,43.5132,4.2
1988-03-24,44003,Kent,17.6843,-0.257,59.4116,4.9132
1988-03-25,44003,Kent,17.8784,4.968,57.0746,3.4388
1988-03-26,44003,Kent,15.6705,6.2737,71.2104,6.3253
1988-03-27,44003,Kent,16.0756,4.6962,55.6686,5.2839
1988-03-28,44003,Kent,9.5503,-0.484,44.3699,4.224
1988-03-29,44003,Kent,12.6687,-1.7721,37.3173,1.7319
1988-03-30,44003,Kent,12.7702,-0.5551,44.3091,2.4881
1988-03-31,44003,Kent,15.5287,0.7082,44.8261,1.9337
1988-04-01,44003,Kent,14.2172,3.4089,52.2602,1.5723
1988-04-02,44003,Kent,15.268,6.3167,55.2206,1.5022
1988-04-03,44003,Kent,11.8343,5.3345,71.5363,3.0391
1988-04-04,44003,Kent,17.6581,6.8328,76.301,4.5169
1988-04-05,44003,Kent,19.144,9.1514,54.0932,2.9194
1988-04-06,44003,Kent,10.4773,4.3289,66.6577,3.6342
1988-04-07,44003,Kent,8.4761,3.1071,70.4911,4.7121
1988-04-08,44003,Kent,8.9255,3.8951,68.6836,5.622
1988-04-09,44003,Kent,14.1732,4.0463,55.0165,5.502
1988-04-10,44003,Kent,14.1579,5.5751,52.6393,5.3967
1988-04-11,44003,Kent,8.0797,4.0258,63.6378,4.6669
1988-04-12,44003,Kent,9.5199,-0.2703,56.7318,3.9101
1988-04-13,44003,Kent,7.5847,-1.3652,59.5911,4.201
1988-04-14,44003,Kent,8.7588,-0.9446,61.4532,2.7449
1988-04-15,44003,Kent,9.3756,1.2787,74.0785,2.7209
1988-04-16,44003,Kent,9.6842,2.3418,55.188,4.3887
1988-04-17,44003,Kent,14.0869,1.1958,50.4686,5.2323
1988-04-18,44003,Kent,12.0037,2.8067,76.8981,3.3538
1988-04-19,44003,Kent,10.6502,3.2639,42.5688,2.9644
1988-04-20,44003,Kent,8.782,0.0288,45.523,4.8138
1988-04-21,44003,Kent,11.7801,0.8658,52.4541,4.9063
1988-04-22,44003,Kent,10.6407,0.0456,46.7642,5.3155
1988-04-23,44003,Kent,12.5468,0.3048,57.0023,2.7942
1988-04-24,44003,Kent,17.8424,5.4707,58.7694,4.1559
1988-04-25,44003,Kent,13.4729,3.3336,54.0238,4.8636
1988-04-26,44003,Kent,14.3976,1.8533,50.871,3.6244
1988-04-27,44003,Kent,17.0006,3.3434,61.7491,3.3032
1988-04-28,44003,Kent,15.2537,5.4006,80.9206,3.6784
1988-04-29,44003,Kent,12.6478,4.8185,65.1109,3.2849
1988-04-30,44003,Kent,14.8688,3.6803,60.7002,1.228
1988-05-01,44003,Kent,13.1781,6.3436,63.7389,1.798
1988-05-02,44003,Kent,10.8193,4.447,65.6833,4.047
1988-05-03,44003,Kent,11.4827,4.3346,65.3353,2.9841
1988-05-04,44003,Kent,19.499,4.9848,48.9182,4.0454
1988-05-05,44003,Kent,18.3339,5.1683,70.0619,2.1434
1988-05-06,44003,Kent,19.2634,10.1259,70.813,3.6808
1988-05-07,44003,Kent,19.2819,6.9358,59.6666,5.1548
1988-05-08,44003,Kent,16.499,3.7852,46.8365,2.3914
1988-05-09,44003,Kent,16.8026,2.6709,50.6443,2.4471
1988-05-10,44003,Kent,16.3832,4.6668,73.9512,3.0306
1988-05-11,44003,Kent,19.3035,9.3332,72.501,1.8189
1988-05-12,44003,Kent,20.6768,9.8541,55.8218,2.1464
1988-05-13,44003,Kent,20.9022,8.1688,66.2672,4.3991
1988-05-14,44003,Kent,20.4598,8.4393,55.6601,1.6407
1988-05-15,44003,Kent,18.5672,6.3787,53.0809,2.4499
1988-05-16,44003,Kent,22.9702,6.3343,72.601,1.6279
1988-05-17,44003,Kent,23.3835,11.925,68.3691,1.3372
1988-05-18,44003,Kent,20.063,12.0667,72.8948,3.6133
1988-05-19,44003,Kent,15.8479,10.8732,75.9214,4.3901
1988-05-20,44003,Kent,20.8918,10.6992,70.818,2.4097
1988-05-21,44003,Kent,22.2642,11.7509,69.7995,2.1889
1988-05-22,44003,Kent,23.0981,12.1741,69.6293,2.0041
1988-05-23,44003,Kent,25.7369,13.5029,67.6984,3.695
1988-05-24,44003,Kent,26.1415,15.473,66.7386,3.0887
1988-05-25,44003,Kent,17.8817,9.6779,77.4194,2.9073
1988-05-26,44003,Kent,17.9235,8.3935,55.1443,3.1894
1988-05-27,44003,Kent,22.8972,7.2032,57.4618,3.5233
1988-05-28,44003,Kent,25.1419,10.0711,59.5197,3.9243
1988-05-29,44003,Kent,27.7432,11.54,58.3519,1.6494
1988-05-30,44003,Kent,23.559,12.429,66.2672,2.4348
1988-05-31,44003,Kent,29.8302,11.6456,53.1953,3.3716
1988-06-01,44003,Kent,26.2874,12.9043,53.9069,3.5217
1988-06-02,44003,Kent,14.9041,8.826,57.351,3.5303
1988-06-03,44003,Kent,17.32,7.6782,56.6202,1.3251
1988-06-04,44003,Kent,18.037,7.4563,57.355,2.4934
1988-06-05,44003,Kent,22.8375,10.303,55.68,5.6352
1988-06-06,44003,Kent,23.512,10.1765,50.4605,5.1437
1988-06-07,44003,Kent,22.1695,8.7173,45.9779,4.1305
1988-06-08,44003,Kent,21.4205,5.7443,48.1512,2.1084
1988-06-09,44003,Kent,15.7012,8.553,64.024,2.6851
1988-06-10,44003,Kent,19.3993,5.9026,54.5967,2.4406
1988-06-11,44003,Kent,21.8613,10.1606,50.1065,2.0108
1988-06-12,44003,Kent,28.1384,11.1282,52.9239,2.9957
1988-06-13,44003,Kent,31.496,15.3268,50.3006,2.8693
1988-06-14,44003,Kent,31.5862,16.6395,51.1132,2.7035
1988-06-15,44003,Kent,32.7462,17.0749,55.5912,3.4924
1988-06-16,44003,Kent,30.033,16.437,61.4009,3.9184
1988-06-17,44003,Kent,25.7299,15.6546,67.267,1.9903
1988-06-18,44003,Kent,26.3805,15.0001,60.9392,1.9625
1988-06-19,44003,Kent,27.4783,13.0502,59.4475,3.4305
1988-06-20,44003,Kent,28.4361,14.3016,66.1002,4.5886
1988-06-21,44003,Kent,30.9729,18.2756,52.1844,2.4442
1988-06-22,44003,Kent,30.5843,17.4518,61.6239,3.5406
1988-06-23,44003,Kent,29.7307,13.2683,57.5627,4.4107
1988-06-24,44003,Kent,21.0057,9.8903,49.1203,1.787
1988-06-25,44003,Kent,20.824,9.8708,64.3791,4.0212
1988-06-26,44003,Kent,27.7162,13.6986,61.7152,4.3162
1988-06-27,44003,Kent,22.4499,12.5343,57.5038,1.9169
1988-06-28,44003,Kent,26.0754,13.92,52.1414,2.6584
1988-06-29,44003,Kent,23.9689,14.6721,56.1114,1.6852
1988-06-30,44003,Kent,21.0655,9.9624,56.1288,2.1968
1988-07-01,44003,Kent,19.3285,7.2541,66.0245,3.2368
1988-07-02,44003,Kent,21.5432,9.6855,64.7796,3.1229
1988-07-03,44003,Kent,25.7835,12.1353,59.8302,3.1013
1988-07-04,44003,Kent,27.3336,13.2442,62.5159,2.4223
1988-07-05,44003,Kent,27.2715,14.1133,65.6461,2.3616
1988-07-06,44003,Kent,29.4563,14.1757,64.5808,2.8194
1988-07-07,44003,Kent,31.1284,17.9615,63.0961,3.2343
1988-07-08,44003,Kent,31.3686,17.143,63.6322,3.7088
1988-07-09,44003,Kent,29.3884,18.3722,73.4316,3.8691
1988-07-10,44003,Kent,34.7044,19.0604,61.3017,3.0286
1988-07-11,44003,Kent,34.6934,20.6015,60.3782,3.2033
1988-07-12,44003,Kent,31.3749,21.4302,68.3473,3.0585
1988-07-13,44003,Kent,30.8785,19.143,57.9417,1.795
1988-07-14,44003,Kent,30.4286,16.8237,70.6938,4.3526
1988-07-15,44003,Kent,29.7671,17.5448,64.6425,2.266
1988-07-16,44003,Kent,31.0046,15.9595,67.6442,4.2692
1988-07-17,44003,Kent,34.7892,21.6723,63.1515,3.6697
1988-07-18,44003,Kent,31.0555,21.1574,68.4081,1.9863
1988-07-19,44003,Kent,29.6792,19.3708,76.5825,3.2976
1988-07-20,44003,Kent,26.5839,21.7383,84.0251,1.5354
1988-07-21,44003,Kent,26.171,18.8087,85.3771,3.3788
1988-07-22,44003,Kent,25.7085,19.5856,83.6888,2.4525
1988-07-23,44003,Kent,23.7168,16.1324,88.4111,1.3859
1988-07-24,44003,Kent,24.6545,19.2605,84.2715,3.315
1988-07-25,44003,Kent,25.8235,18.4572,81.4827,2.662
1988-07-26,44003,Kent,26.8584,18.8983,81.4659,2.2059
1988-07-27,44003,Kent,25.8922,20.5181,82.3311,2.7661
1988-07-28,44003,Kent,25.5443,19.9508,78.5835,2.2069
1988-07-29,44003,Kent,28.5554,19.0415,76.8582,2.3736
1988-07-30,44003,Kent,32.04,22.1329,73.77,3.0566
1988-07-31,44003,Kent,30.2601,21.398,75.5348,1.8856
1988-08-01,44003,Kent,29.2552,20.4579,73.858,1.8512
1988-08-02,44003,Kent,29.5896,20.2755,75.6456,2.5708
1988-08-03,44003,Kent,30.6231,19.7137,76.658,3.8486
1988-08-04,44003,Kent,30.1021,20.4761,77.9941,4.7543
1988-08-05,44003,Kent,30.0546,21.6303,76.4109,4.9262
1988-08-06,44003,Kent,29.0511,20.7271,77.1097,4.2549
1988-08-07,44003,Kent,29.933,20.2512,75.698,2.7975
1988-08-08,44003,Kent,28.5395,20.6616,70.8818,2.5494
1988-08-09,44003,Kent,30.2143,18.9882,74.091,3.3783
1988-08-10,44003,Kent,30.0211,20.3102,78.7761,4.9308
1988-08-11,44003,Kent,30.2808,21.6896,77.4697,3.8677
1988-08-12,44003,Kent,32.7282,22.255,71.7696,3.5732
1988-08-13,44003,Kent,31.9397,21.3062,73.9018,4.4097
1988-08-14,44003,Kent,31.598,22.8289,73.9413,4.3902
1988-08-15,44003,Kent,32.3209,22.2073,69.4538,5.1522
1988-08-16,44003,Kent,25.9511,16.9345,66.8372,3.7626
1988-08-17,44003,Kent,29.133,15.84,63.8357,2.3296
1988-08-18,44003,Kent,27.2886,13.8714,63.5508,3.3791
1988-08-19,44003,Kent,22.6285,9.5877,61.314,1.8489
1988-08-20,44003,Kent,24.6775,14.6359,56.6299,1.6394
1988-08-21,44003,Kent,27.5671,10.7835,51.9264,2.5783
1988-08-22,44003,Kent,20.7324,7.3344,53.4763,2.1867
1988-08-23,44003,Kent,21.089,10.8325,58.276,2.0317
1988-08-24,44003,Kent,22.7686,13.3209,84.5579,4.2597
1988-08-25,44003,Kent,26.5022,15.3446,71.4682,2.4691
1988-08-26,44003,Kent,29.049,18.5317,67.9657,3.463
1988-08-27,44003,Kent,30.0051,18.0231,65.5436,2.2708
1988-08-28,44003,Kent,30.3963,18.2015,72.5632,4.8187
1988-08-29,44003,Kent,28.7073,19.8639,78.1811,5.0996
1988-08-30,44003,Kent,24.3503,14.7099,70.1199,2.4895
1988-08-31,44003,Kent,24.4519,11.0783,60.3495,1.517
1988-09-01,44003,Kent,25.5128,13.01,56.9193,1.4746
1988-09-02,44003,Kent,26.9545,11.8009,58.5402,2.9793
1988-09-03,44003,Kent,25.9049,10.8386,65.9687,2.2157
1988-09-04,44003,Kent,20.442,13.8185,97.4696,3.7755
1988-09-05,44003,Kent,25.4071,12.0342,75.7287,4.7787
1988-09-06,44003,Kent,17.0753,7.0184,62.0663,3.3677
1988-09-07,44003,Kent,20.1449,6.0962,60.9442,2.8425
1988-09-08,44003,Kent,22.9968,9.3931,65.6156,2.5397
1988-09-09,44003,Kent,23.5648,11.542,84.5857,2.3001
1988-09-10,44003,Kent,26.9461,13.6528,60.8653,3.5203
1988-09-11,44003,Kent,21.2338,9.6027,58.7773,3.9388
1988-09-12,44003,Kent,21.8016,9.7788,58.0665,2.7423
1988-09-13,44003,Kent,23.7153,11.3136,83.13,4.0531
1988-09-14,44003,Kent,20.3049,10.6053,63.4629,3.1358
1988-09-15,44003,Kent,17.246,6.2984,57.8676,4.5122
1988-09-16,44003,Kent,16.9532,3.4743,57.5353,2.4713
1988-09-17,44003,Kent,19.9877,6.1371,75.066,3.3522
1988-09-18,44003,Kent,25.0007,13.4198,75.6531,4.1827
1988-09-19,44003,Kent,27.6583,14.0659,62.5456,1.9534
1988-09-20,44003,Kent,25.532,13.2869,82.1431,4.1607
1988-09-21,44003,Kent,26.1519,15.2705,70.2061,2.9786
1988-09-22,44003,Kent,20.864,10.7888,61.6591,3.3947
1988-09-23,44003,Kent,24.4128,10.3943,74.4711,3.6401
1988-09-24,44003,Kent,21.4645,9.5648,50.2434,2.9367
1988-09-25,44003,Kent,20.432,10.0136,59.4442,1.4542
1988-09-26,44003,Kent,23.2745,9.5326,54.9742,2.3533
1988-09-27,44003,Kent,21.088,7.319,61.5579,2.8958
1988-09-28,44003,Kent,24.8813,6.8535,57.3161,4.2952
1988-09-29,44003,Kent,16.8526,2.1246,51.0419,2.419
1988-09-30,44003,Kent,19.4562,3.0055,79.2096,4.0073
1988-10-01,44003,Kent,24.9607,9.7869,61.4378,4.3125
1988-10-02,44003,Kent,25.5954,10.6933,62.7456,5.3518
1988-10-03,44003,Kent,21.8212,9.8243,63.262,2.3992
1988-10-04,44003,Kent,12.4488,4.8031,81.5984,5.8111
1988-10-05,44003,Kent,12.5238,4.4402,67.8602,3.0632
1988-10-06,44003,Kent,14.8322,2.6237,53.7219,2.6748
1988-10-07,44003,Kent,11.5216,3.646,64.9474,4.5934
1988-10-08,44003,Kent,7.4289,0.6779,84.2311,5.3503
1988-10-09,44003,Kent,10.5695,-1.0505,65.5448,3.6705
1988-10-10,44003,Kent,16.4066,6.0475,65.2691,5.226
1988-10-11,44003,Kent,17.0367,4.8188,60.6041,4.9949
1988-10-12,44003,Kent,11.8865,1.9262,51.1988,4.1555
1988-10-13,44003,Kent,7.5972,-0.3752,56.8455,4.7722
1988-10-14,44003,Kent,10.5452,-2.0582,58.7644,4.5687
1988-10-15,44003,Kent,16.4699,1.6837,58.1376,2.5924
1988-10-16,44003,Kent,17.1038,8.453,70.1852,2.4356
1988-10-17,44003,Kent,20.1598,8.9149,67.983,3.0872
1988-10-18,44003,Kent,20.9877,8.5662,71.4448,4.5242
1988-10-19,44003,Kent,13.4855,5.1833,60.7983,3.0182
1988-10-20,44003,Kent,9.719,-2.8493,49.3725,3.0702
1988-10-21,44003,Kent,10.6115,-4.2596,68.3818,4.8888
1988-10-22,44003,Kent,14.8148,4.9035,79.2627,6.4055
1988-10-23,44003,Kent,10.5259,3.4199,64.1107,4.7338
1988-10-24,44003,Kent,14.6764,4.0158,79.9151,3.5552
1988-10-25,44003,Kent,11.3854,2.0867,59.8464,4.3822
1988-10-26,44003,Kent,13.6731,0.045,52.7359,3.0523
1988-10-27,44003,Kent,11.0182,-0.2018,51.8358,2.9217
1988-10-28,44003,Kent,15.3163,-0.7395,70.2888,4.0501
1988-10-29,44003,Kent,9.6166,-1.3446,54.691,3.3513
1988-10-30,44003,Kent,7.4721,-2.817,50.7423,3.4121
1988-10-31,44003,Kent,7.5853,-3.5013,49.2506,2.227
1988-11-01,44003,Kent,14.0355,-0.6815,78.6766,3.7369
1988-11-02,44003,Kent,13.669,3.5402,61.9767,6.5275
1988-11-03,44003,Kent,11.0064,0.821,51.537,5.8836
1988-11-04,44003,Kent,14.864,-0.2185,64.9896,3.2948
1988-11-05,44003,Kent,21.0522,7.6092,68.3713,5.0589
1988-11-06,44003,Kent,18.8407,7.1827,65.1156,4.696
1988-11-07,44003,Kent,14.8376,2.9362,54.8111,4.9615
1988-11-08,44003,Kent,11.4045,0.0773,58.9012,3.6237
1988-11-09,44003,Kent,14.0147,3.6651,53.3497,2.8235
1988-11-10,44003,Kent,14.9087,1.6145,67.9391,4.586
1988-11-11,44003,Kent,13.6453,3.0879,52.8448,4.4152
1988-11-12,44003,Kent,6.9612,-2.0489,51.0131,2.2829
1988-11-13,44003,Kent,13.9573,-1.0446,74.9831,5.0872
1988-11-14,44003,Kent,14.4535,2.2621,56.9154,4.4358
1988-11-15,44003,Kent,11.6992,1.1257,50.5942,2.5378
1988-11-16,44003,Kent,15.1232,0.4584,69.4826,3.8367
1988-11-17,44003,Kent,17.8312,2.793,71.8998,4.4055
1988-11-18,44003,Kent,8.8048,-0.9812,50.2358,4.7324
1988-11-19,44003,Kent,7.9514,-2.3273,49.5374,2.15
1988-11-20,44003,Kent,14.6581,1.2236,77.4011,4.7284
1988-11-21,44003,Kent,14.2225,-2.0295,48.5389,8.0142
1988-11-22,44003,Kent,7.1428,-3.3089,49.1195,3.4735
1988-11-23,44003,Kent,9.169,-2.7479,51.3252,2.6732
1988-11-24,44003,Kent,4.6624,-4.1018,51.0417,4.8339
1988-11-25,44003,Kent,6.5462,-4.8862,42.4445,4.5328
1988-11-26,44003,Kent,8.778,-2.2983,58.6059,2.2803
1988-11-27,44003,Kent,14.82,0.499,73.9183,3.7083
1988-11-28,44003,Kent,16.0215,3.5961,76.4564,5.0805
1988-11-29,44003,Kent,8.562,-0.3644,52.0346,4.8835
1988-11-30,44003,Kent,9.8354,-2.1945,65.3697,3.8704
1988-12-01,44003,Kent,9.4388,-0.1409,52.3731,3.1936
1988-12-02,44003,Kent,4.3455,-3.4898,54.2819,5.0429
1988-12-03,44003,Kent,8.2115,-3.7953,61.3954,5.3333
1988-12-04,44003,Kent,4.4407,-6.4721,42.8797,6.5474
1988-12-05,44003,Kent,2.8244,-5.8304,40.3493,3.6613
1988-12-06,44003,Kent,6.7985,-5.6868,54.3471,3.8199
1988-12-07,44003,Kent,11.6438,-2.0043,52.8184,3.6092
1988-12-08,44003,Kent,5.9814,-4.5326,52.4879,3.704
1988-12-09,44003,Kent,2.4403,-5.0292,39.8618,1.6184
1988-12-10,44003,Kent,0.5177,-5.4657,40.4743,2.868
1988-12-11,44003,Kent,-0.2456,-15.1982,36.2169,5.7482
1988-12-12,44003,Kent,-7.4361,-18.0851,44.5611,3.6749
1988-12-13,44003,Kent,3.6114,-11.7295,77.5569,3.3647
1988-12-14,44003,Kent,4.5556,-1.7348,72.7227,3.4592
1988-12-15,44003,Kent,8.1124,-5.7706,55.1716,6.1327
1988-12-16,44003,Kent,-2.6653,-11.8536,33.6548,4.8511
1988-12-17,44003,Kent,-1.7063,-12.4074,46.9533,4.6447
1988-12-18,44003,Kent,-1.351,-10.2199,43.3117,3.9466
1988-12-19,44003,Kent,1.9278,-7.2772,55.8578,2.6752
1988-12-20,44003,Kent,9.459,-3.1881,66.1336,5.173
1988-12-21,44003,Kent,10.6407,0.7774,63.3955,4.4887
1988-12-22,44003,Kent,4.7948,-6.1542,43.5884,4.1239
1988-12-23,44003,Kent,4.8266,-5.8812,72.9857,3.6927
1988-12-24,44003,Kent,9.2986,-2.3597,70.3266,3.6281
1988-12-25,44003,Kent,9.5037,-1.9372,58.8169,5.8552
1988-12-26,44003,Kent,1.584,-6.8976,39.0131,6.1395
1988-12-27,44003,Kent,3.846,-8.3292,55.5986,4.0107
1988-12-28,44003,Kent,10.2834,0.0666,38.9395,6.8568
1988-12-29,44003,Kent,3.7721,-4.0874,42.9801,3.8496
1988-12-30,44003,Kent,2.0122,-4.7998,50.9862,2.1404
1988-12-31,44003,Kent,1.8754,-4.2971,57.3127,5.2175
1989-01-01,44003,Kent,2.8295,-4.7255,50.5803,2.8418
1989-01-02,44003,Kent,6.6319,-3.0108,67.6318,3.0734
1989-01-03,44003,Kent,3.8389,-3.4992,48.2506,4.0166
1989-01-04,44003,Kent,0.9516,-17.5278,26.7336,7.9237
1989-01-05,44003,Kent,-6.3784,-18.1951,36.0149,6.5687
1989-01-06,44003,Kent,0.1703,-13.0816,51.4281,3.8222
1989-01-07,44003,Kent,3.018,-4.2387,67.1422,4.374
1989-01-08,44003,Kent,7.4535,-3.1965,67.6553,4.5917
1989-01-09,44003,Kent,4.8544,-3.8248,38.6845,5.0915
1989-01-10,44003,Kent,2.5415,-5.2323,40.0217,2.8444
1989-01-11,44003,Kent,4.1392,-5.7481,43.1712,4.63
1989-01-12,44003,Kent,6.2013,-5.921,69.3734,4.4448
1989-01-13,44003,Kent,5.7678,-5.1734,48.5711,5.7678
1989-01-14,44003,Kent,4.3093,-5.9433,50.8292,4.4869
1989-01-15,44003,Kent,10.6135,-1.6703,65.7284,4.6102
1989-01-16,44003,Kent,6.8753,-3.495,49.8201,3.1749
1989-01-17,44003,Kent,5.9909,-4.4472,50.557,4.5479
1989-01-18,44003,Kent,8.0658,-3.1991,49.3999,2.1357
1989-01-19,44003,Kent,8.5552,-1.8643,58.2798,2.6149
1989-01-20,44003,Kent,8.916,-2.5192,57.3375,4.5256
1989-01-21,44003,Kent,2.0553,-11.7401,25.045,7.0645
1989-01-22,44003,Kent,3.1932,-12.0726,49.19,5.051
1989-01-23,44003,Kent,7.6797,-4.2278,49.0049,2.124
1989-01-24,44003,Kent,10.5395,-2.2733,38.6643,2.1823
1989-01-25,44003,Kent,2.864,-6.4326,41.8533,4.4766
1989-01-26,44003,Kent,6.335,-6.0201,72.5058,5.5881
1989-01-27,44003,Kent,5.6294,-2.5975,56.802,3.7634
1989-01-28,44003,Kent,4.4283,-3.1426,54.1951,4.3666
1989-01-29,44003,Kent,11.6591,-1.7834,43.8014,3.3371
1989-01-30,44003,Kent,10.3548,-0.0678,66.052,3.5618
1989-01-31,44003,Kent,7.1125,-3.5325,61.4714,5.113
1989-02-01,44003,Kent,14.497,-1.2034,55.231,3.9803
1989-02-02,44003,Kent,7.3754,-3.0611,59.357,4.9976
1989-02-03,44003,Kent,2.996,-4.7879,69.0512,3.2451
1989-02-04,44003,Kent,-1.5529,-9.6433,40.0265,3.6391
1989-02-05,44003,Kent,-3.1565,-9.7253,51.8328,1.8113
1989-02-06,44003,Kent,2.4824,-7.2287,62.0777,2.6323
1989-02-07,44003,Kent,2.1285,-6.4,64.638,2.3625
1989-02-08,44003,Kent,0.6228,-7.9888,49.8441,5.1475
1989-02-09,44003,Kent,-1.9414,-12.7193,26.5595,6.9384
1989-02-10,44003,Kent,-2.7447,-12.7404,39.3554,4.2338
1989-02-11,44003,Kent,1.6377,-8.4102,47.3675,5.0026
1989-02-12,44003,Kent,3.169,-4.8595,44.2011,4.4934
1989-02-13,44003,Kent,2.5006,-6.5732,47.8356,3.9013
1989-02-14,44003,Kent,8.4444,-1.2553,78.4096,3.9395
1989-02-15,44003,Kent,7.1244,0.5017,72.4175,2.0155
1989-02-16,44003,Kent,5.1114,-7.4239,51.4958,4.7261
1989-02-17,44003,Kent,-3.7012,-11.984,25.5795,4.404
1989-02-18,44003,Kent,-3.633,-11.8866,32.6251,2.3897
1989-02-19,44003,Kent,0.6191,-8.2541,50.8229,2.5132
1989-02-20,44003,Kent,4.8037,-4.4545,59.7705,2.8575
1989-02-21,44003,Kent,12.2177,-1.843,80.5234,5.9793
1989-02-22,44003,Kent,11.7716,1.7062,73.2521,2.8364
1989-02-23,44003,Kent,5.5506,-4.9377,58.4025,6.1556
1989-02-24,44003,Kent,-1.2296,-9.5714,48.8445,8.7739
1989-02-25,44003,Kent,-3.3521,-11.4987,60.0635,5.1465
1989-02-26,44003,Kent,1.2275,-11.7818,56.5808,2.2511
1989-02-27,44003,Kent,2.5507,-4.7904,65.1826,3.0952
1989-02-28,44003,Kent,4.2726,-3.375,48.8765,1.696
1989-03-01,44003,Kent,6.6955,-4.7694,47.368,4.852
1989-03-02,44003,Kent,2.5977,-5.1998,37.7678,4.4933
1989-03-03,44003,Kent,3.7771,-3.6039,49.2707,2.8281
1989-03-04,44003,Kent,3.6903,-3.2559,54.731,5.1029
1989-03-05,44003,Kent,7.9577,-2.7618,67.4468,2.2654
1989-03-06,44003,Kent,5.5525,-7.6567,41.2046,5.1415
1989-03-07,44003,Kent,-4.4134,-12.9411,47.5729,6.9243
1989-03-08,44003,Kent,0.4358,-10.6686,48.1232,6.0432
1989-03-09,44003,Kent,3.6517,-6.6858,46.9413,4.6879
1989-03-10,44003,Kent,3.3157,-6.9206,48.7814,4.0737
1989-03-11,44003,Kent,5.2782,-6.1631,54.6208,2.3238
1989-03-12,44003,Kent,5.0901,-3.3868,63.3349,3.3461
1989-03-13,44003,Kent,2.2714,-5.1902,48.3718,2.7381
1989-03-14,44003,Kent,10.2158,-3.9406,60.1816,2.2378
1989-03-15,44003,Kent,16.6528,1.4083,61.3777,4.623
1989-03-16,44003,Kent,10.6878,-0.9381,47.5057,3.3148
1989-03-17,44003,Kent,13.1116,-1.2089,50.7129,4.3886
1989-03-18,44003,Kent,15.9569,0.7769,69.6858,4.0667
1989-03-19,44003,Kent,8.6985,-3.0044,39.4808,3.7502
1989-03-20,44003,Kent,4.9453,-2.8293,49.4089,3.3963
1989-03-21,44003,Kent,8.2332,-1.79,61.8025,3.9745
1989-03-22,44003,Kent,4.5185,-3.9943,42.4882,2.1108
1989-03-23,44003,Kent,6.429,-2.4201,45.9819,1.8041
1989-03-24,44003,Kent,6.0684,-2.2318,70.7216,6.4237
1989-03-25,44003,Kent,10.7033,0.8596,61.7137,4.382
1989-03-26,44003,Kent,15.1614,1.5757,44.4576,2.7005
1989-03-27,44003,Kent,15.6067,0.1237,51.9233,4.492
1989-03-28,44003,Kent,20.4881,3.9792,59.1924,4.8517
1989-03-29,44003,Kent,18.84,3.3021,60.9667,5.0811
1989-03-30,44003,Kent,7.9452,1.2791,66.4278,4.354
1989-03-31,44003,Kent,9.4468,2.0999,67.8762,3.4714
1989-04-01,44003,Kent,9.5072,1.6024,55.796,4.6151
1989-04-02,44003,Kent,10.4529,-0.1901,45.9524,3.354
1989-04-03,44003,Kent,10.887,0.9115,76.103,4.3417
1989-04-04,44003,Kent,16.1604,3.77,72.2843,3.3604
1989-04-05,44003,Kent,21.9671,7.4257,59.2985,3.8575
1989-04-06,44003,Kent,16.1232,7.0846,73.0723,3.3702
1989-04-07,44003,Kent,13.172,3.9968,49.0057,4.9969
1989-04-08,44003,Kent,10.5211,2.3585,56.368,4.8922
1989-04-09,44003,Kent,10.5654,2.1737,61.0579,1.9681
1989-04-10,44003,Kent,11.1526,-0.3899,41.8004,3.9872
1989-04-11,44003,Kent,7.8668,-2.2405,39.2447,2.8073
1989-04-12,44003,Kent,9.9772,-0.1618,41.5139,2.4353
1989-04-13,44003,Kent,10.3827,-1.1463,58.7561,3.0695
1989-04-14,44003,Kent,11.4315,1.6802,52.6644,1.8096
1989-04-15,44003,Kent,11.8466,1.3607,67.7649,4.1832
1989-04-16,44003,Kent,9.6603,3.0836,72.8786,5.2058
1989-04-17,44003,Kent,18.4418,2.4678,50.6922,2.9949
1989-04-18,44003,Kent,20.7921,6.6581,53.9098,1.5835
1989-04-19,44003,Kent,15.9558,4.5569,49.0216,2.2119
1989-04-20,44003,Kent,14.4772,0.0605,37.0038,2.8056
1989-04-21,44003,Kent,15.2408,2.3684,47.0308,2.5321
1989-04-22,44003,Kent,9.9015,-2.962,39.0156,4.5119
1989-04-23,44003,Kent,8.8629,-4.1908,42.7696,4.981
1989-04-24,44003,Kent,11.984,-0.9285,42.1706,4.2339
1989-04-25,44003,Kent,13.7035,-0.9734,39.1468,3.2976
1989-04-26,44003,Kent,17.9057,2.1385,41.6129,1.0239
1989-04-27,44003,Kent,15.5478,3.8559,43.7218,2.6753
1989-04-28,44003,Kent,14.0042,4.1869,45.2627,2.7103
1989-04-29,44003,Kent,14.7208,3.4994,57.2098,2.8267
1989-04-30,44003,Kent,19.6613,8.1964,58.5889,2.1215
1989-05-01,44003,Kent,20.4188,7.8599,60.2284,2.207
1989-05-02,44003,Kent,18.6171,9.2451,75.6954,5.0237
1989-05-03,44003,Kent,17.0044,7.0825,51.0338,5.9429
1989-05-04,44003,Kent,18.7887,4.8622,49.2085,3.4786
1989-05-05,44003,Kent,15.6726,4.7433,71.2389,4.1114
1989-05-06,44003,Kent,20.0105,11.2744,70.0203,5.5174
1989-05-07,44003,Kent,18.3679,5.5823,60.1634,4.3526
1989-05-08,44003,Kent,12.712,3.7085,60.4504,4.2085
1989-05-09,44003,Kent,17.2644,3.5351,55.9831,1.8717
1989-05-10,44003,Kent,12.621,6.697,73.0661,4.6955
1989-05-11,44003,Kent,18.0769,6.653,73.0613,4.0945
1989-05-12,44003,Kent,19.9493,10.3013,64.7812,1.5318
1989-05-13,44003,Kent,18.9692,10.44,63.015,1.6336
1989-05-14,44003,Kent,19.3977,8.9804,59.0863,2.6385
1989-05-15,44003,Kent,22.34,8.6527,60.4657,1.7869
1989-05-16,44003,Kent,19.8179,11.2186,69.5723,4.3566
1989-05-17,44003,Kent,21.9715,10.825,58.1171,4.1936
1989-05-18,44003,Kent,25.0567,9.5323,51.7119,2.2593
1989-05-19,44003,Kent,22.2856,9.5999,57.4339,2.0038
1989-05-20,44003,Kent,24.0287,8.3753,59.0847,2.7943
1989-05-21,44003,Kent,25.5371,10.8857,63.154,3.6225
1989-05-22,44003,Kent,24.5624,11.3928,52.2873,3.8401
1989-05-23,44003,Kent,24.3119,9.7141,52.3009,1.9091
1989-05-24,44003,Kent,21.5222,13.3002,70.0164,2.7815
1989-05-25,44003,Kent,24.0163,13.0135,60.7203,2.4804
1989-05-26,44003,Kent,23.981,12.4274,70.3285,3.7982
1989-05-27,44003,Kent,27.4624,11.2639,58.6292,2.9467
1989-05-28,44003,Kent,18.0014,7.3338,52.3206,4.6017
1989-05-29,44003,Kent,22.919,7.2085,50.2578,3.668
1989-05-30,44003,Kent,22.4096,9.4065,73.3266,4.7017
1989-05-31,44003,Kent,25.8053,15.2035,72.0437,1.5829
1989-06-01,44003,Kent,27.6569,15.1006,71.7929,1.824
1989-06-02,44003,Kent,28.7005,18.1105,64.8208,2.9667
1989-06-03,44003,Kent,26.8541,13.4952,60.297,3.0062
1989-06-04,44003,Kent,27.3516,13.5159,69.8725,3.4044
1989-06-05,44003,Kent,23.9723,13.0489,61.7977,1.521
1989-06-06,44003,Kent,23.0809,14.7192,77.7093,2.1052
1989-06-07,44003,Kent,20.8164,14.474,80.8445,2.0745
1989-06-08,44003,Kent,22.8912,15.6668,77.1697,2.2006
1989-06-09,44003,Kent,21.0927,13.7624,79.777,3.8921
1989-06-10,44003,Kent,25.0962,14.2431,70.2601,3.0707
1989-06-11,44003,Kent,22.369,11.6535,58.4105,4.6922
1989-06-12,44003,Kent,24.3666,9.9502,59.0415,3.4445
1989-06-13,44003,Kent,18.7169,11.9254,78.4422,3.0656
1989-06-14,44003,Kent,21.3078,11.114,67.7806,2.4368
1989-06-15,44003,Kent,17.0746,11.1444,82.5873,4.2247
1989-06-16,44003,Kent,26.8137,14.8623,75.2973,2.609
1989-06-17,44003,Kent,25.5877,16.664,76.6322,3.8128
1989-06-18,44003,Kent,25.1491,15.5003,69.6215,3.326
1989-06-19,44003,Kent,26.2007,14.0159,66.0669,1.9009
1989-06-20,44003,Kent,25.7391,14.9568,67.4483,2.4268
1989-06-21,44003,Kent,25.5815,14.2554,76.6327,2.1224
1989-06-22,44003,Kent,28.5456,17.0038,71.904,1.7006
1989-06-23,44003,Kent,28.3282,17.6327,67.733,1.5866
1989-06-24,44003,Kent,21.0039,13.3085,78.2374,1.9781
1989-06-25,44003,Kent,25.0153,11.2088,70.3581,1.8474
1989-06-26,44003,Kent,28.3508,14.7245,70.4185,1.9229
1989-06-27,44003,Kent,30.6789,17.8748,69.3351,2.971
1989-06-28,44003,Kent,29.0405,17.8044,70.3208,3.0539
1989-06-29,44003,Kent,21.8274,14.9023,62.3354,3.132
1989-06-30,44003,Kent,24.7694,10.9344,53.8223,2.1454
1989-07-01,44003,Kent,24.368,12.2789,63.662,1.4211
1989-07-02,44003,Kent,28.4252,15.3046,65.1516,3.5637
1989-07-03,44003,Kent,25.8458,14.225,70.1254,2.8029
1989-07-04,44003,Kent,24.5578,13.5694,76.4637,2.7312
1989-07-05,44003,Kent,26.2512,16.3687,78.2777,2.0612
1989-07-06,44003,Kent,28.0122,17.4283,77.5518,1.8452
1989-07-07,44003,Kent,31.5709,19.2263,70.0322,2.7702
1989-07-08,44003,Kent,28.0086,17.7486,67.8367,1.8158
1989-07-09,44003,Kent,26.4384,16.5593,67.2008,2.6508
1989-07-10,44003,Kent,28.787,16.4738,80.2641,4.1248
1989-07-11,44003,Kent,28.7199,16.5661,60.346,3.8639
1989-07-12,44003,Kent,26.8329,12.5961,61.997,2.7142
1989-07-13,44003,Kent,24.916,15.9484,71.6502,2.0071
1989-07-14,44003,Kent,26.4936,15.7981,66.3815,1.36
1989-07-15,44003,Kent,26.2015,15.5194,57.6089,1.8079
1989-07-16,44003,Kent,22.9032,14.347,77.0101,1.8353
1989-07-17,44003,Kent,21.9357,14.7099,76.9198,3.5853
1989-07-18,44003,Kent,26.0943,14.6154,70.0581,2.6806
1989-07-19,44003,Kent,26.9151,14.1872,72.7061,2.8209
1989-07-20,44003,Kent,25.3269,15.8321,76.9107,1.6993
1989-07-21,44003,Kent,22.6115,16.2162,77.7982,2.2134
1989-07-22,44003,Kent,26.8542,17.2261,76.2646,2.42
1989-07-23,44003,Kent,31.4907,19.9799,64.7853,1.729
1989-07-24,44003,Kent,30.1508,17.6983,62.6651,1.7451
1989-07-25,44003,Kent,31.142,17.9221,69.3564,3.1589
1989-07-26,44003,Kent,32.7581,21.005,66.6448,2.9796
1989-07-27,44003,Kent,31.5811,21.976,71.4561,3.6762
1989-07-28,44003,Kent,29.4115,16.9208,69.8163,4.0186
1989-07-29,44003,Kent,24.8331,13.0722,57.9885,2.8552
1989-07-30,44003,Kent,27.3343,13.0811,63.0576,2.6662
1989-07-31,44003,Kent,26.7563,14.6341,67.0719,1.8215
1989-08-01,44003,Kent,26.0686,14.6804,69.4036,3.0454
1989-08-02,44003,Kent,27.0366,13.718,70.3027,2.3337
1989-08-03,44003,Kent,28.3802,17.1019,71.1121,1.858
1989-08-04,44003,Kent,29.7229,18.9887,79.8748,3.7254
1989-08-05,44003,Kent,30.7767,21.5412,73.8239,3.3094
1989-08-06,44003,Kent,31.2197,21.0205,74.3828,3.3428
1989-08-07,44003,Kent,30.234,19.6071,70.3974,1.7573
1989-08-08,44003,Kent,23.4976,13.891,62.4447,3.2176
1989-08-09,44003,Kent,22.9306,10.5059,61.5441,1.9907
1989-08-10,44003,Kent,25.083,12.88,60.9923,1.9608
1989-08-11,44003,Kent,20.2776,15.341,81.0051,3.1716
1989-08-12,44003,Kent,26.3552,16.2258,83.6636,2.3917
1989-08-13,44003,Kent,27.294,19.266,77.1702,2.8976
1989-08-14,44003,Kent,27.6193,19.7151,77.5791,3.0963
1989-08-15,44003,Kent,27.6954,19.8086,76.2929,2.9014
1989-08-16,44003,Kent,28.8769,19.9325,75.0332,3.0085
1989-08-17,44003,Kent,28.2972,18.0235,63.2955,1.4664
1989-08-18,44003,Kent,26.1458,14.7516,66.3206,3.233
1989-08-19,44003,Kent,26.1197,15.833,72.8824,3.5928
1989-08-20,44003,Kent,26.8676,17.8491,77.1555,3.9146
1989-08-21,44003,Kent,30.0408,19.387,70.0872,4.1613
1989-08-22,44003,Kent,27.9345,18.2283,61.4806,2.6859
1989-08-23,44003,Kent,29.3351,17.6653,65.9677,2.819
1989-08-24,44003,Kent,24.6174,13.8495,60.3686,2.9467
1989-08-25,44003,Kent,20.6231,10.4448,55.966,3.0539
1989-08-26,44003,Kent,22.3268,9.2735,55.7358,2.6214
1989-08-27,44003,Kent,22.4989,8.5758,57.2295,1.5694
1989-08-28,44003,Kent,23.8446,13.6549,71.1768,1.8679
1989-08-29,44003,Kent,26.6464,15.9713,76.8385,2.6972
1989-08-30,44003,Kent,28.355,17.7204,70.2595,3.6946
1989-08-31,44003,Kent,22.8085,13.0422,61.185,3.6315
1989-09-01,44003,Kent,25.0743,12.7322,76.8629,4.7054
1989-09-02,44003,Kent,26.7775,14.9861,64.968,3.2845
1989-09-03,44003,Kent,22.6453,11.2254,56.2951,2.2845
1989-09-04,44003,Kent,20.9624,9.2936,57.7267,3.0484
1989-09-05,44003,Kent,21.281,7.2249,61.4597,2.599
1989-09-06,44003,Kent,23.6571,9.5711,64.6312,1.5954
1989-09-07,44003,Kent,24.5487,11.4952,63.0139,1.157
1989-09-08,44003,Kent,24.727,11.7357,61.9692,1.1659
1989-09-09,44003,Kent,27.791,12.6667,66.8895,1.8033
1989-09-10,44003,Kent,30.7384,17.2385,71.9594,1.4676
1989-09-11,44003,Kent,29.8154,21.3321,68.1447,1.2407
1989-09-12,44003,Kent,27.1509,17.1971,65.9852,1.4865
1989-09-13,44003,Kent,25.4181,12.7552,66.038,1.8897
1989-09-14,44003,Kent,24.8017,13.8838,79.3531,1.8859
1989-09-15,44003,Kent,23.133,12.629,79.6223,3.2662
1989-09-16,44003,Kent,20.6698,11.6963,80.2266,3.9754
1989-09-17,44003,Kent,26.9017,16.9461,69.3987,2.086
1989-09-18,44003,Kent,20.3564,12.2307,76.6978,3.4703
1989-09-19,44003,Kent,20.7821,11.7297,88.4209,4.1971
1989-09-20,44003,Kent,25.7304,16.6627,80.9951,2.9506
1989-09-21,44003,Kent,26.1615,19.022,75.6088,2.3565
1989-09-22,44003,Kent,27.5895,19.0428,76.7782,5.1891
1989-09-23,44003,Kent,26.7874,7.2727,81.5814,6.6329
1989-09-24,44003,Kent,14.3488,4.1943,54.4872,4.2482
1989-09-25,44003,Kent,17.986,4.0004,69.0536,2.6708
1989-09-26,44003,Kent,19.695,8.9287,82.2671,3.5545
1989-09-27,44003,Kent,11.8558,1.7687,57.6185,4.5269
1989-09-28,44003,Kent,16.3072,0.9733,63.1374,3.7496
1989-09-29,44003,Kent,21.481,8.7394,68.214,5.2627
1989-09-30,44003,Kent,18.8291,8.0531,58.3493,1.8363
1989-10-01,44003,Kent,19.5145,7.8145,58.0478,2.2593
1989-10-02,44003,Kent,22.3074,9.5467,83.8635,3.8555
1989-10-03,44003,Kent,24.1821,3.7125,63.7437,4.5857
1989-10-04,44003,Kent,10.5135,1.9656,59.4986,5.9969
1989-10-05,44003,Kent,14.8871,3.3268,55.153,4.6724
1989-10-06,44003,Kent,19.635,5.371,69.749,3.3365
1989-10-07,44003,Kent,16.4586,4.9827,61.1648,4.2386
1989-10-08,44003,Kent,12.8857,3.7796,59.1325,2.8717
1989-10-09,44003,Kent,12.0105,2.7485,54.4504,3.526
1989-10-10,44003,Kent,11.8363,1.6261,60.4894,2.2226
1989-10-11,44003,Kent,16.8619,4.6067,65.0332,3.1914
1989-10-12,44003,Kent,17.229,4.0114,67.8395,3.6507
1989-10-13,44003,Kent,21.2625,7.5079,53.4848,3.3235
1989-10-14,44003,Kent,19.5307,5.0898,54.224,1.9493
1989-10-15,44003,Kent,18.8535,6.848,73.5457,1.9256
1989-10-16,44003,Kent,22.6797,7.6574,74.4395,3.5546
1989-10-17,44003,Kent,19.8411,6.7867,83.8112,3.1896
1989-10-18,44003,Kent,11.8509,3.3558,73.9113,5.9506
1989-10-19,44003,Kent,11.1328,2.8311,79.3924,7.9977
1989-10-20,44003,Kent,19.4012,6.9857,86.7122,5.7283
1989-10-21,44003,Kent,15.779,3.6332,58.3949,5.4676
1989-10-22,44003,Kent,11.9097,3.053,60.8616,4.6089
1989-10-23,44003,Kent,14.7457,0.3257,56.7292,1.9358
1989-10-24,44003,Kent,16.6966,2.8233,59.0009,2.1254
1989-10-25,44003,Kent,18.5014,3.3504,54.8488,1.7863
1989-10-26,44003,Kent,20.4502,4.0229,53.8757,1.8812
1989-10-27,44003,Kent,20.4906,5.7735,63.5181,2.0426
1989-10-28,44003,Kent,23.4567,8.3511,61.0331,2.1581
1989-10-29,44003,Kent,22.6939,8.5398,57.5665,1.7921
1989-10-30,44003,Kent,21.4768,7.5457,62.29,2.5087
1989-10-31,44003,Kent,20.5335,9.6274,79.5508,4.3176
1989-11-01,44003,Kent,16.214,3.5441,55.725,4.9616
1989-11-02,44003,Kent,10.968,1.0253,55.0918,2.4438
1989-11-03,44003,Kent,11.7697,1.4425,71.5882,3.2438
1989-11-04,44003,Kent,5.5253,-3.126,43.9022,2.7271
1989-11-05,44003,Kent,10.4385,-0.7379,56.4072,2.0704
1989-11-06,44003,Kent,16.2398,3.6888,68.4925,4.0491
1989-11-07,44003,Kent,14.5764,4.4776,59.6952,2.101
1989-11-08,44003,Kent,15.7066,8.0731,67.281,2.5434
1989-11-09,44003,Kent,19.0778,9.7322,69.5554,4.7648
1989-11-10,44003,Kent,12.1237,3.7931,54.6199,4.2775
1989-11-11,44003,Kent,10.5734,0.6069,60.4577,5.9134
1989-11-12,44003,Kent,10.8335,-0.5023,50.3551,5.7662
1989-11-13,44003,Kent,9.3088,-2.2353,58.0099,3.9239
1989-11-14,44003,Kent,19.0637,6.0762,65.2149,4.6796
1989-11-15,44003,Kent,19.2265,10.2197,68.061,5.3104
1989-11-16,44003,Kent,18.7101,6.2434,70.5097,7.594
1989-11-17,44003,Kent,8.0259,-1.2954,44.4498,5.4528
1989-11-18,44003,Kent,8.3629,-1.9791,47.6638,4.8329
1989-11-19,44003,Kent,2.2266,-3.8459,43.551,4.8552
1989-11-20,44003,Kent,9.2424,-1.8042,71.8565,6.489
1989-11-21,44003,Kent,8.293,-8.0134,35.3974,9.9829
1989-11-22,44003,Kent,0.3884,-7.9686,41.5741,4.1234
1989-11-23,44003,Kent,-0.8531,-7.2434,59.722,5.9451
1989-11-24,44003,Kent,-0.092,-7.1911,43.6131,4.3694
1989-11-25,44003,Kent,4.5805,-4.4836,61.8298,4.7853
1989-11-26,44003,Kent,5.641,-1.0446,66.1871,3.8334
1989-11-27,44003,Kent,4.0116,-3.1792,48.27,3.1624
1989-11-28,44003,Kent,13.9668,-0.5056,67.5718,6.7008
1989-11-29,44003,Kent,3.0343,-7.8059,36.2126,5.2814
1989-11-30,44003,Kent,2.3825,-8.4281,46.1589,5.7467
1989-12-01,44003,Kent,-0.1933,-11.7463,27.9826,5.8093
1989-12-02,44003,Kent,4.4445,-13.4996,54.2068,3.3129
1989-12-03,44003,Kent,4.4823,-11.6615,50.6125,6.5035
1989-12-04,44003,Kent,-6.0247,-14.3421,39.1306,7.5401
1989-12-05,44003,Kent,-1.7801,-11.3652,40.1587,3.6446
1989-12-06,44003,Kent,5.1668,-7.9087,61.5947,3.0029
1989-12-07,44003,Kent,4.8985,-10.8089,40.4348,6.3108
1989-12-08,44003,Kent,-3.7928,-12.2411,25.2922,4.2312
1989-12-09,44003,Kent,-4.964,-14.0049,38.3435,4.0408
1989-12-10,44003,Kent,-1.2666,-11.4548,45.9318,2.9687
1989-12-11,44003,Kent,2.3857,-6.1619,47.7317,2.591
1989-12-12,44003,Kent,0.3444,-5.8016,43.0693,2.6627
1989-12-13,44003,Kent,-1.8898,-11.287,32.7638,5.1653
1989-12-14,44003,Kent,-4.9068,-13.6223,33.1438,5.0509
1989-12-15,44003,Kent,-0.9362,-11.5674,48.1998,3.5758
1989-12-16,44003,Kent,2.6937,-11.3232,49.6146,7.7881
1989-12-17,44003,Kent,-2.4641,-11.248,43.4237,6.6881
1989-12-18,44003,Kent,-3.2321,-11.9062,44.8765,4.5994
1989-12-19,44003,Kent,-2.8685,-12.3655,43.5174,2.035
1989-12-20,44003,Kent,-2.6337,-10.2277,45.9633,4.054
1989-12-21,44003,Kent,-6.6032,-13.6782,37.4417,5.3069
1989-12-22,44003,Kent,-9.8495,-17.3608,35.2938,6.5736
1989-12-23,44003,Kent,-8.0141,-18.3119,42.9466,4.4175
1989-12-24,44003,Kent,-5.9238,-17.1415,47.4036,3.9282
1989-12-25,44003,Kent,-2.3175,-15.4305,51.8704,4.447
1989-12-26,44003,Kent,-0.3165,-11.7583,57.4754,6.1312
1989-12-27,44003,Kent,-6.379,-18.1457,39.8565,4.1187
1989-12-28,44003,Kent,-4.4034,-10.2718,61.7352,3.4501
1989-12-29,44003,Kent,-3.9574,-10.627,100.0,2.5506
1989-12-30,44003,Kent,0.6614,-8.3997,71.3282,3.9724
1989-12-31,44003,Kent,6.8767,-3.0886,62.0923,3.4672
1990-01-01,44003,Kent,6.5956,-5.0735,61.6916,6.7412
1990-01-02,44003,Kent,2.5019,-6.0032,55.6634,5.7442
1990-01-03,44003,Kent,5.5229,-4.1198,58.1612,3.2805
1990-01-04,44003,Kent,7.5429,-2.3194,68.3277,4.8955
1990-01-05,44003,Kent,7.1476,-2.3493,60.0698,3.0305
1990-01-06,44003,Kent,5.034,-2.9626,52.6832,2.5822
1990-01-07,44003,Kent,3.485,-5.0258,57.8134,4.0792
1990-01-08,44003,Kent,6.352,-3.1147,65.5042,2.2999
1990-01-09,44003,Kent,5.9129,-3.0665,70.5484,3.0168
1990-01-10,44003,Kent,8.4777,-1.14,73.6351,3.6253
1990-01-11,44003,Kent,6.3766,-2.3931,68.4638,4.1132
1990-01-12,44003,Kent,6.1433,-2.6779,54.6767,4.3079
1990-01-13,44003,Kent,1.2914,-7.9356,41.6891,6.3276
1990-01-14,44003,Kent,-1.4867,-9.1667,41.6641,3.8989
1990-01-15,44003,Kent,4.4037,-5.4905,73.4509,2.8176
1990-01-16,44003,Kent,8.1921,-1.9814,62.1163,2.2715
1990-01-17,44003,Kent,10.1551,-0.593,69.0781,2.8802
1990-01-18,44003,Kent,15.4407,3.4633,62.0683,4.5698
1990-01-19,44003,Kent,6.4404,-5.8059,41.8772,4.1374
1990-01-20,44003,Kent,3.3113,-5.8813,69.5782,2.0946
1990-01-21,44003,Kent,2.8305,-3.2747,76.5947,3.4081
1990-01-22,44003,Kent,3.4134,-3.792,75.7306,2.6861
1990-01-23,44003,Kent,6.5342,-2.8285,61.3738,2.6114
1990-01-24,44003,Kent,8.9288,-1.7456,67.1262,3.618
1990-01-25,44003,Kent,8.6514,0.5681,70.9536,2.8282
1990-01-26,44003,Kent,9.2022,-1.0337,70.6198,4.5819
1990-01-27,44003,Kent,5.7157,-2.8904,56.0079,4.6459
1990-01-28,44003,Kent,9.0021,-1.4147,55.7369,4.0719
1990-01-29,44003,Kent,5.6369,-1.5671,68.8359,4.3178
1990-01-30,44003,Kent,9.2317,-1.8136,62.2997,4.312
1990-01-31,44003,Kent,6.5189,-2.7871,56.6453,1.0802
1990-02-01,44003,Kent,9.0032,-2.9844,66.7706,4.626
1990-02-02,44003,Kent,8.2595,-0.5148,71.8974,3.0819
1990-02-03,44003,Kent,3.0253,-4.4103,55.6153,3.8139
1990-02-04,44003,Kent,2.1552,-5.4695,72.928,5.733
1990-02-05,44003,Kent,-0.3569,-7.8703,52.8948,3.7136
1990-02-06,44003,Kent,6.4461,-5.4513,57.5225,4.3536
1990-02-07,44003,Kent,7.7081,-3.1959,62.5529,1.9588
1990-02-08,44003,Kent,9.4229,-3.0187,53.9098,2.816
1990-02-09,44003,Kent,13.1361,-1.5033,66.4792,5.2211
1990-02-10,44003,Kent,12.7279,0.4743,72.0333,5.0114
1990-02-11,44003,Kent,5.8763,-3.8684,39.352,3.3743
1990-02-12,44003,Kent,3.9336,-3.9045,42.5227,2.5268
1990-02-13,44003,Kent,6.2831,-4.5328,57.6329,5.0573
1990-02-14,44003,Kent,12.3546,-0.2507,51.087,4.0657
1990-02-15,44003,Kent,2.8638,-3.7363,68.5581,4.9412
1990-02-16,44003,Kent,9.7561,-1.0978,75.6314,1.9326
1990-02-17,44003,Kent,8.9528,-8.0213,47.2445,6.4291
1990-02-18,44003,Kent,0.7719,-10.3174,49.467,4.3532
1990-02-19,44003,Kent,9.2227,-3.2263,51.1451,6.3929
1990-02-20,44003,Kent,-0.0394,-9.1434,26.6066,6.486
1990-02-21,44003,Kent,4.5265,-10.1217,44.549,4.7645
1990-02-22,44003,Kent,11.055,-2.1317,70.5282,6.8005
1990-02-23,44003,Kent,16.9981,5.6862,68.8834,5.6327
1990-02-24,44003,Kent,9.7824,-5.0269,52.1374,4.1142
1990-02-25,44003,Kent,0.0153,-12.0653,65.5031,6.2349
1990-02-26,44003,Kent,-6.3947,-17.0153,42.8122,3.777
1990-02-27,44003,Kent,2.763,-12.038,60.0333,4.8243
1990-02-28,44003,Kent,2.3906,-5.4898,44.9448,4.5823
1990-03-01,44003,Kent,2.2949,-7.2199,39.6726,5.7399
1990-03-02,44003,Kent,9.306,-3.5133,51.6286,6.1059
1990-03-03,44003,Kent,11.965,-1.4444,50.5147,1.5354
1990-03-04,44003,Kent,3.6368,-6.2587,37.226,4.6972
1990-03-05,44003,Kent,0.9653,-6.9348,31.9887,2.0857
1990-03-06,44003,Kent,1.3633,-7.1143,51.5442,5.0393
1990-03-07,44003,Kent,0.073,-11.3415,32.2795,4.2891
1990-03-08,44003,Kent,3.9763,-9.073,32.6744,2.9735
1990-03-09,44003,Kent,9.1657,-3.8037,37.3707,1.9867
1990-03-10,44003,Kent,11.0776,-2.5623,53.4604,2.5247
1990-03-11,44003,Kent,16.3496,1.2722,55.4886,2.7526
1990-03-12,44003,Kent,9.3898,1.2248,64.5536,1.9333
1990-03-13,44003,Kent,24.5856,0.7171,47.223,2.7717
1990-03-14,44003,Kent,14.9019,3.2208,57.4691,3.0312
1990-03-15,44003,Kent,23.1542,2.6812,49.7016,2.5668
1990-03-16,44003,Kent,22.3767,6.2297,56.512,3.6831
1990-03-17,44003,Kent,20.4065,8.5569,64.1205,6.2368
1990-03-18,44003,Kent,15.0738,2.2662,57.0701,5.3213
1990-03-19,44003,Kent,11.5877,-0.3448,47.3694,2.7803
1990-03-20,44003,Kent,11.7522,3.1814,66.9255,3.3833
1990-03-21,44003,Kent,9.9892,-1.2117,52.1667,5.2182
1990-03-22,44003,Kent,11.4075,-2.0152,51.8076,4.2887
1990-03-23,44003,Kent,18.2081,-0.4808,41.8567,6.0573
1990-03-24,44003,Kent,5.1472,-3.2687,37.607,2.8907
1990-03-25,44003,Kent,6.4556,-1.9656,47.7805,2.4309
1990-03-26,44003,Kent,10.4813,-2.6474,36.7653,4.8444
1990-03-27,44003,Kent,3.4118,-6.1634,30.9139,2.9618
1990-03-28,44003,Kent,7.3343,-5.7875,36.8583,3.5558
1990-03-29,44003,Kent,7.0562,-3.9937,41.3238,3.0681
1990-03-30,44003,Kent,5.5341,-1.8966,64.1647,5.3045
1990-03-31,44003,Kent,7.7225,1.9763,63.9909,2.6065
1990-04-01,44003,Kent,11.1455,1.3347,60.187,1.5549
1990-04-02,44003,Kent,9.5654,2.7629,67.0474,2.2975
1990-04-03,44003,Kent,8.5896,2.4178,79.8886,4.7122
1990-04-04,44003,Kent,11.2984,3.3146,69.1114,4.841
1990-04-05,44003,Kent,13.4371,2.7759,48.0863,5.0443
1990-04-06,44003,Kent,11.3334,2.0662,54.0979,2.7822
1990-04-07,44003,Kent,6.9747,-0.2363,48.57,3.7422
1990-04-08,44003,Kent,6.7962,-2.1146,45.1174,4.5731
1990-04-09,44003,Kent,12.9856,-1.9644,45.5744,4.7531
1990-04-10,44003,Kent,13.0693,3.2488,69.7949,6.9134
1990-04-11,44003,Kent,15.5191,4.2781,63.4429,6.0793
1990-04-12,44003,Kent,9.448,0.0081,38.2187,4.8414
1990-04-13,44003,Kent,7.2312,-2.0697,44.938,2.9208
1990-04-14,44003,Kent,10.5526,0.749,59.0205,3.875
1990-04-15,44003,Kent,15.7562,4.6749,74.698,3.9626
1990-04-16,44003,Kent,16.5261,5.1105,51.0366,2.7495
1990-04-17,44003,Kent,13.8383,3.0578,65.1129,4.383
1990-04-18,44003,Kent,8.9802,-1.3214,41.0385,4.5627
1990-04-19,44003,Kent,11.6619,-1.5505,43.3014,3.4998
1990-04-20,44003,Kent,12.8338,1.0252,65.9774,5.4434
1990-04-21,44003,Kent,14.861,6.8836,73.8381,3.6439
1990-04-22,44003,Kent,16.277,6.6841,55.8339,2.4932
1990-04-23,44003,Kent,20.8546,5.4666,47.8011,2.6352
1990-04-24,44003,Kent,16.2798,4.4639,50.3564,2.0358
1990-04-25,44003,Kent,11.7295,3.8085,72.3757,3.0172
1990-04-26,44003,Kent,21.3568,7.9296,59.224,1.6404
1990-04-27,44003,Kent,28.5636,8.2162,50.8724,3.4201
1990-04-28,44003,Kent,31.6361,12.0707,42.4317,2.7909
1990-04-29,44003,Kent,17.1543,6.1652,62.3828,4.9618
1990-04-30,44003,Kent,17.089,7.8553,68.0435,3.0981
1990-05-01,44003,Kent,20.1866,9.128,69.1179,2.0623
1990-05-02,44003,Kent,19.3695,7.7408,46.1062,3.4296
1990-05-03,44003,Kent,16.3526,3.3441,43.4928,1.7858
1990-05-04,44003,Kent,16.5264,5.2842,57.338,2.974
1990-05-05,44003,Kent,18.6026,7.5353,66.3373,2.8629
1990-05-06,44003,Kent,16.1626,5.586,53.2008,3.3644
1990-05-07,44003,Kent,16.9273,6.0547,54.3935,3.4232
1990-05-08,44003,Kent,16.4474,6.3429,62.0397,2.4292
1990-05-09,44003,Kent,24.4566,7.8813,60.9348,4.0499
1990-05-10,44003,Kent,20.8052,11.8664,72.0964,6.0943
1990-05-11,44003,Kent,16.4641,6.5892,58.669,6.51
1990-05-12,44003,Kent,16.5272,2.9086,52.9407,3.4534
1990-05-13,44003,Kent,19.3362,7.1268,75.5993,4.2794
1990-05-14,44003,Kent,21.758,10.2123,55.1028,3.3764
1990-05-15,44003,Kent,21.5174,7.7175,55.6624,3.135
1990-05-16,44003,Kent,19.1661,7.829,77.0827,2.6411
1990-05-17,44003,Kent,19.1785,11.4956,71.901,2.8331
1990-05-18,44003,Kent,19.9682,8.9853,57.9019,3.7549
1990-05-19,44003,Kent,15.4327,6.5344,59.9469,4.3029
1990-05-20,44003,Kent,14.5723,5.2854,65.158,2.8568
1990-05-21,44003,Kent,9.4497,5.4057,74.7338,4.7942
1990-05-22,44003,Kent,14.3381,4.5021,67.3269,1.8405
1990-05-23,44003,Kent,11.905,7.1795,67.2515,2.1652
1990-05-24,44003,Kent,15.5285,6.7054,61.107,2.1583
1990-05-25,44003,Kent,21.0578,7.7406,55.5847,1.9196
1990-05-26,44003,Kent,22.4048,8.5198,58.8353,2.7708
1990-05-27,44003,Kent,21.8264,7.7739,61.8724,2.1037
1990-05-28,44003,Kent,22.7583,8.1612,57.8595,2.1012
1990-05-29,44003,Kent,18.3185,8.8941,79.4715,3.4991
1990-05-30,44003,Kent,17.9254,6.4375,63.763,5.2747
1990-05-31,44003,Kent,21.0463,4.8102,50.1229,3.6767
1990-06-01,44003,Kent,25.196,9.3532,52.7016,3.9861
1990-06-02,44003,Kent,26.619,11.828,67.8467,4.7736
1990-06-03,44003,Kent,23.6631,15.0426,72.1428,5.9489
1990-06-04,44003,Kent,25.8749,12.0242,63.2529,4.4275
1990-06-05,44003,Kent,19.4075,7.6014,52.8766,3.111
1990-06-06,44003,Kent,19.5696,7.6797,67.6591,3.8218
1990-06-07,44003,Kent,26.1885,12.3935,62.1096,3.0871
1990-06-08,44003,Kent,24.427,11.2622,55.7488,1.8461
1990-06-09,44003,Kent,27.2448,12.8749,75.3346,2.4785
1990-06-10,44003,Kent,27.4433,16.7909,62.9843,1.7904
1990-06-11,44003,Kent,18.4065,11.2882,73.1561,3.907
1990-06-12,44003,Kent,21.4258,8.9733,55.5059,3.3809
1990-06-13,44003,Kent,24.3328,8.6802,50.5309,1.4003
1990-06-14,44003,Kent,23.7681,9.84,58.4875,1.6751
1990-06-15,44003,Kent,24.0817,10.9358,69.1992,1.6782
1990-06-16,44003,Kent,26.0056,13.7288,67.0539,1.6096
1990-06-17,44003,Kent,25.9135,13.9462,67.8508,2.1992
1990-06-18,44003,Kent,25.6221,14.0721,71.233,4.1479
1990-06-19,44003,Kent,26.4504,16.687,71.0131,3.0039
1990-06-20,44003,Kent,26.0779,16.0057,70.2701,0.9405
1990-06-21,44003,Kent,24.6128,17.3355,71.1901,1.9096
1990-06-22,44003,Kent,28.4434,15.7614,64.0788,2.8922
1990-06-23,44003,Kent,28.3392,17.7825,72.1663,3.7129
1990-06-24,44003,Kent,28.4673,18.11,62.6315,3.1796
1990-06-25,44003,Kent,25.4461,15.7509,61.6365,3.4861
1990-06-26,44003,Kent,27.2235,14.1666,62.3818,3.5128
1990-06-27,44003,Kent,28.0067,16.9153,67.336,4.2689
1990-06-28,44003,Kent,28.3028,18.2222,58.6724,2.7353
1990-06-29,44003,Kent,23.611,16.7813,68.6451,1.7669
1990-06-30,44003,Kent,27.1815,17.4269,66.645,1.8365
1990-07-01,44003,Kent,25.7809,16.4709,71.852,1.1613
1990-07-02,44003,Kent,22.0925,13.4301,70.7426,3.3505
1990-07-03,44003,Kent,27.0258,11.0043,71.4128,3.8619
1990-07-04,44003,Kent,29.4622,17.4174,74.679,5.2429
1990-07-05,44003,Kent,32.0396,17.9025,62.437,3.7393
1990-07-06,44003,Kent,21.994,13.9125,63.7286,1.9289
1990-07-07,44003,Kent,23.4616,13.3092,61.0601,1.8208
1990-07-08,44003,Kent,24.4249,14.7011,64.0993,3.3534
1990-07-09,44003,Kent,29.4548,17.0994,78.1339,4.5264
1990-07-10,44003,Kent,29.3302,17.3749,60.1171,3.5806
1990-07-11,44003,Kent,24.2536,14.2426,60.7568,1.9784
1990-07-12,44003,Kent,18.9198,14.7489,81.7149,2.8835
1990-07-13,44003,Kent,22.2973,14.2585,69.9027,2.6354
1990-07-14,44003,Kent,21.3834,13.697,79.8216,1.7165
1990-07-15,44003,Kent,29.3611,17.3552,79.0234,3.5407
1990-07-16,44003,Kent,30.2864,19.6346,69.3047,4.0771
1990-07-17,44003,Kent,29.1538,17.2524,66.2475,3.2693
1990-07-18,44003,Kent,31.6357,18.7555,65.2736,3.4201
1990-07-19,44003,Kent,32.1867,19.6747,64.8164,3.6119
1990-07-20,44003,Kent,31.8733,19.6288,68.6731,4.0199
1990-07-21,44003,Kent,30.3112,21.0494,64.9925,1.8501
1990-07-22,44003,Kent,28.1351,19.9529,73.9014,1.8526
1990-07-23,44003,Kent,28.4662,18.882,82.8839,2.8383
1990-07-24,44003,Kent,28.0998,21.9441,78.336,1.4613
1990-07-25,44003,Kent,28.2404,21.3535,73.1706,1.1716
1990-07-26,44003,Kent,26.4991,19.9862,75.6328,1.9589
1990-07-27,44003,Kent,25.4498,17.0836,73.2632,2.127
1990-07-28,44003,Kent,27.7577,15.939,72.9819,2.3789
1990-07-29,44003,Kent,27.9568,17.6733,71.094,1.9126
1990-07-30,44003,Kent,27.6435,16.0522,71.0649,2.2326
1990-07-31,44003,Kent,28.2961,15.2439,72.2184,2.6429
1990-08-01,44003,Kent,28.272,14.7482,66.3453,3.16
1990-08-02,44003,Kent,27.7421,11.7599,61.3489,2.8677
1990-08-03,44003,Kent,30.2172,15.7878,64.4075,2.4971
1990-08-04,44003,Kent,30.7592,18.0132,63.5499,2.1702
1990-08-05,44003,Kent,28.5174,17.0683,73.7731,3.3362
1990-08-06,44003,Kent,25.9421,19.2286,83.3033,3.7161
1990-08-07,44003,Kent,25.5545,16.5309,84.1242,2.1353
1990-08-08,44003,Kent,25.9188,17.2457,83.655,0.8824
1990-08-09,44003,Kent,27.0586,19.4754,73.6778,1.2317
1990-08-10,44003,Kent,25.6592,18.0321,82.7586,1.9022
1990-08-11,44003,Kent,26.0905,20.6506,80.8104,2.8014
1990-08-12,44003,Kent,29.7243,19.8946,70.0694,2.2654
1990-08-13,44003,Kent,29.4886,18.6155,74.2704,3.3564
1990-08-14,44003,Kent,28.213,17.3577,69.6732,2.9183
1990-08-15,44003,Kent,27.041,15.2337,61.533,2.5961
1990-08-16,44003,Kent,28.6783,15.0198,68.0366,2.1621
1990-08-17,44003,Kent,29.2757,19.2606,71.2438,2.5628
1990-08-18,44003,Kent,29.2083,18.8924,74.6727,3.5017
1990-08-19,44003,Kent,25.5048,13.9616,77.0188,4.2895
1990-08-20,44003,Kent,22.4557,13.4719,70.0331,5.1158
1990-08-21,44003,Kent,20.3442,15.3045,82.2385,5.0435
1990-08-22,44003,Kent,25.6472,15.3194,69.2999,3.7446
1990-08-23,44003,Kent,21.6627,16.0089,85.2253,3.0319
1990-08-24,44003,Kent,25.3647,18.1323,85.0633,3.1971
1990-08-25,44003,Kent,25.7192,18.7326,80.7577,1.2775
1990-08-26,44003,Kent,26.5336,19.2935,76.749,1.3114
1990-08-27,44003,Kent,30.8286,19.7493,70.9874,1.9537
1990-08-28,44003,Kent,29.9786,19.3141,69.1035,2.2587
1990-08-29,44003,Kent,30.4992,18.8044,64.9051,3.1933
1990-08-30,44003,Kent,27.1235,16.1724,60.3796,1.8568
1990-08-31,44003,Kent,26.2003,13.8826,64.4618,1.094
1990-09-01,44003,Kent,26.0962,14.3601,59.6097,1.4466
1990-09-02,44003,Kent,29.3394,13.9289,73.3451,2.916
1990-09-03,44003,Kent,23.543,11.9978,72.9414,4.323
1990-09-04,44003,Kent,22.8985,10.1988,59.575,2.5226
1990-09-05,44003,Kent,24.6681,10.2908,75.05,2.5293
1990-09-06,44003,Kent,24.8986,16.4392,78.8163,1.8903
1990-09-07,44003,Kent,28.4225,17.248,76.7358,4.1537
1990-09-08,44003,Kent,19.2613,6.1604,62.2267,3.8015
1990-09-09,44003,Kent,21.1356,5.384,72.8243,1.9035
1990-09-10,44003,Kent,26.7605,14.3421,71.3581,2.3285
1990-09-11,44003,Kent,27.3445,13.5702,66.2614,1.4624
1990-09-12,44003,Kent,25.0363,13.6584,73.3849,2.562
1990-09-13,44003,Kent,28.9199,13.9862,65.8733,1.796
1990-09-14,44003,Kent,26.5839,12.7715,72.6394,3.0526
1990-09-15,44003,Kent,24.4055,13.0429,74.8158,3.952
1990-09-16,44003,Kent,20.3765,9.0584,64.7027,2.3626
1990-09-17,44003,Kent,16.1176,6.4992,63.5666,4.3086
1990-09-18,44003,Kent,14.166,4.5145,54.8482,4.2854
1990-09-19,44003,Kent,17.9086,2.9333,69.4161,3.2286
1990-09-20,44003,Kent,20.1905,11.867,66.3561,4.0573
1990-09-21,44003,Kent,18.2059,8.7037,65.1127,2.229
1990-09-22,44003,Kent,18.0482,10.9164,89.902,3.1948
1990-09-23,44003,Kent,21.1698,10.3497,66.2888,4.0253
1990-09-24,44003,Kent,16.35,6.3283,66.2723,3.7636
1990-09-25,44003,Kent,19.8634,6.9422,65.544,3.2936
1990-09-26,44003,Kent,22.3928,10.6504,79.9766,3.069
1990-09-27,44003,Kent,22.8899,12.3017,72.6021,1.3037
1990-09-28,44003,Kent,23.8096,12.2409,66.7273,1.5162
1990-09-29,44003,Kent,24.4575,11.2383,70.9799,3.0156
1990-09-30,44003,Kent,24.3141,12.896,76.567,3.1786
1990-10-01,44003,Kent,18.9069,6.8886,56.7366,3.1707
1990-10-02,44003,Kent,19.6491,6.3502,49.7692,4.9811
1990-10-03,44003,Kent,18.7729,4.2324,55.7099,3.4878
1990-10-04,44003,Kent,21.1599,9.9378,74.1654,5.7565
1990-10-05,44003,Kent,21.5642,10.9075,54.3068,4.5325
1990-10-06,44003,Kent,26.6768,10.9137,54.8172,4.9663
1990-10-07,44003,Kent,26.7589,12.9325,57.6589,4.014
1990-10-08,44003,Kent,27.0856,13.8396,64.1807,2.613
1990-10-09,44003,Kent,22.5242,13.534,77.7613,3.4177
1990-10-10,44003,Kent,26.4469,12.337,67.5769,3.0111
1990-10-11,44003,Kent,24.5646,12.1267,71.6226,3.7067
1990-10-12,44003,Kent,26.6302,14.2481,67.8443,2.2994
1990-10-13,44003,Kent,23.0885,14.0973,71.2411,1.6087
1990-10-14,44003,Kent,25.6998,13.4242,68.6171,1.4237
1990-10-15,44003,Kent,23.7097,9.4968,59.7953,3.6409
1990-10-16,44003,Kent,17.4726,6.4418,48.5417,3.1831
1990-10-17,44003,Kent,18.9514,6.544,60.958,4.0328
1990-10-18,44003,Kent,23.201,12.2728,74.4733,6.4679
1990-10-19,44003,Kent,17.8046,1.8796,52.1817,7.0398
1990-10-20,44003,Kent,12.1647,0.3342,47.4864,2.6394
1990-10-21,44003,Kent,15.8046,3.1354,63.3349,2.8598
1990-10-22,44003,Kent,19.8877,7.5505,77.4177,2.5402
1990-10-23,44003,Kent,20.3247,13.9039,77.5213,2.9053
1990-10-24,44003,Kent,20.0827,8.1991,75.4329,3.4614
1990-10-25,44003,Kent,14.7908,5.4668,65.9619,3.0199
1990-10-26,44003,Kent,9.7284,2.8043,70.1037,7.4834
1990-10-27,44003,Kent,7.4763,-1.2948,53.5492,3.5863
1990-10-28,44003,Kent,13.9944,0.2787,65.4279,3.7047
1990-10-29,44003,Kent,8.6227,-0.9765,61.3646,6.3292
1990-10-30,44003,Kent,10.3313,-2.2862,59.0776,3.5645
1990-10-31,44003,Kent,14.6149,1.6526,45.9301,2.8462
1990-11-01,44003,Kent,16.157,0.4984,52.4794,2.594
1990-11-02,44003,Kent,22.0128,8.5818,52.9557,3.4744
1990-11-03,44003,Kent,24.0983,8.7188,46.4217,3.1213
1990-11-04,44003,Kent,24.04,10.0624,47.1319,3.5685
1990-11-05,44003,Kent,14.2692,6.2552,61.2099,4.2918
1990-11-06,44003,Kent,16.0189,1.4981,60.2427,6.4557
1990-11-07,44003,Kent,9.3018,-0.9553,49.1144,2.8823
1990-11-08,44003,Kent,7.3485,-2.5754,55.3283,4.8648
1990-11-09,44003,Kent,7.9856,-3.4484,48.8667,2.725
1990-11-10,44003,Kent,14.8472,2.3413,76.8429,5.8115
1990-11-11,44003,Kent,10.1719,1.2957,47.5903,8.069
1990-11-12,44003,Kent,6.6845,-2.185,40.9444,8.6321
1990-11-13,44003,Kent,3.505,-4.1682,42.5288,8.0249
1990-11-14,44003,Kent,4.4592,-4.7,43.9237,4.4626
1990-11-15,44003,Kent,13.6031,-1.4054,54.56,4.6424
1990-11-16,44003,Kent,19.2578,3.4157,51.8316,3.3817
1990-11-17,44003,Kent,17.171,4.714,55.1764,3.6
1990-11-18,44003,Kent,8.308,0.6232,55.9099,7.2725
1990-11-19,44003,Kent,7.8021,-1.8807,47.5225,5.6081
1990-11-20,44003,Kent,8.8128,-2.4242,45.9499,4.1633
1990-11-21,44003,Kent,9.053,-2.5579,50.1642,2.8977
1990-11-22,44003,Kent,8.4635,-1.5845,62.2685,2.0016
1990-11-23,44003,Kent,12.1278,2.7958,76.9721,2.92
1990-11-24,44003,Kent,12.2637,1.9103,56.1271,4.675
1990-11-25,44003,Kent,14.9147,0.1335,51.638,5.1021
1990-11-26,44003,Kent,9.6129,-0.4632,42.2575,2.8603
1990-11-27,44003,Kent,15.0868,-0.5954,68.0429,3.5835
1990-11-28,44003,Kent,19.2983,7.3239,67.069,5.1515
1990-11-29,44003,Kent,17.0828,1.7445,56.5214,4.2029
1990-11-30,44003,Kent,5.0037,-3.3895,43.946,4.1755
1990-12-01,44003,Kent,9.9022,-2.842,52.7196,4.5684
1990-12-02,44003,Kent,13.1483,0.1068,43.263,2.8246
1990-12-03,44003,Kent,7.0232,-2.3841,62.7566,6.1723
1990-12-04,44003,Kent,14.9483,2.286,72.9033,7.2922
1990-12-05,44003,Kent,5.1524,-3.7226,40.2746,6.4414
1990-12-06,44003,Kent,6.8081,-3.5857,49.7793,4.4611
1990-12-07,44003,Kent,7.6113,-1.9818,55.117,1.4267
1990-12-08,44003,Kent,8.3781,0.61,68.9966,3.1965
1990-12-09,44003,Kent,6.1076,-2.5839,54.3789,4.3514
1990-12-10,44003,Kent,10.3333,-3.2675,47.4516,6.1474
1990-12-11,44003,Kent,2.4034,-6.5126,33.2654,4.2769
1990-12-12,44003,Kent,7.3983,-2.4651,50.8892,2.2065
1990-12-13,44003,Kent,11.2314,0.382,60.9009,4.7345
1990-12-14,44003,Kent,5.1372,-5.3729,33.717,3.8201
1990-12-15,44003,Kent,7.716,-4.6853,68.0145,3.6083
1990-12-16,44003,Kent,7.8924,-0.9413,67.1424,5.1406
1990-12-17,44003,Kent,7.4267,-3.4026,55.175,3.358
1990-12-18,44003,Kent,12.597,-1.3793,77.0002,5.5338
1990-12-19,44003,Kent,12.7774,0.0781,54.8684,4.6323
1990-12-20,44003,Kent,3.4923,-4.6313,54.713,3.3965
1990-12-21,44003,Kent,12.5824,-1.9467,74.1025,3.7573
1990-12-22,44003,Kent,16.7985,8.6728,70.0549,4.8912
1990-12-23,44003,Kent,16.3632,9.1002,72.6773,5.4481
1990-12-24,44003,Kent,15.927,-3.2886,61.6459,6.8724
1990-12-25,44003,Kent,1.3328,-4.7674,42.693,3.3114
1990-12-26,44003,Kent,3.3993,-4.3299,37.14,4.5371
1990-12-27,44003,Kent,-0.9571,-7.4685,33.9097,2.7541
1990-12-28,44003,Kent,3.2518,-5.2601,73.2701,5.3237
1990-12-29,44003,Kent,7.0023,-2.4727,72.8361,3.7155
1990-12-30,44003,Kent,13.9027,2.6765,75.0469,5.4452
1990-12-31,44003,Kent,12.0929,-7.5492,58.5817,5.161
1991-01-01,44003,Kent,0.7005,-8.7653,47.4245,2.3538
1991-01-02,44003,Kent,7.4198,-4.0756,61.828,2.5333
1991-01-03,44003,Kent,3.7066,-4.9397,51.2212,2.6858
1991-01-04,44003,Kent,1.2835,-6.6346,44.9586,3.9068
1991-01-05,44003,Kent,3.2902,-6.9662,53.4767,2.8636
1991-01-06,44003,Kent,5.8561,-2.3014,61.9091,2.626
1991-01-07,44003,Kent,2.948,-8.1044,46.4905,4.2272
1991-01-08,44003,Kent,-3.1216,-10.1639,49.6617,5.3331
1991-01-09,44003,Kent,2.245,-8.4384,82.9008,4.2384
1991-01-10,44003,Kent,2.265,-10.6361,57.7503,5.4017
1991-01-11,44003,Kent,-0.9768,-13.4141,52.507,5.7295
1991-01-12,44003,Kent,2.9546,-5.4262,76.6498,4.1573
1991-01-13,44003,Kent,0.1669,-8.9315,61.6764,4.0151
1991-01-14,44003,Kent,1.2286,-10.5108,59.6236,3.4931
1991-01-15,44003,Kent,4.1068,-4.9914,69.4311,2.5719
1991-01-16,44003,Kent,7.1598,-3.2645,78.6337,3.5457
1991-01-17,44003,Kent,7.8776,-2.888,69.0999,5.3644
1991-01-18,44003,Kent,3.3754,-4.3247,51.685,7.2269
1991-01-19,44003,Kent,2.7598,-6.7685,56.3673,4.8781
1991-01-20,44003,Kent,9.4225,-3.4187,55.2201,3.0455
1991-01-21,44003,Kent,2.6938,-10.1199,56.7388,4.8325
1991-01-22,44003,Kent,-5.6616,-15.4791,38.1469,4.6928
1991-01-23,44003,Kent,0.8587,-15.656,58.5102,4.4427
1991-01-24,44003,Kent,2.7853,-6.3717,48.2208,5.8815
1991-01-25,44003,Kent,-1.8831,-12.9562,28.3057,4.4796
1991-01-26,44003,Kent,-0.1678,-13.1628,48.4135,3.4707
1991-01-27,44003,Kent,1.7562,-5.9975,53.8005,4.4041
1991-01-28,44003,Kent,4.9717,-4.2043,66.6829,2.7491
1991-01-29,44003,Kent,5.9571,-5.5274,51.6337,2.0815
1991-01-30,44003,Kent,9.1367,-3.0799,78.8047,2.2654
1991-01-31,44003,Kent,7.1744,-5.665,46.5856,6.9398
1991-02-01,44003,Kent,-0.6882,-8.2628,31.2682,4.8978
1991-02-02,44003,Kent,7.6703,-8.4483,55.6935,5.8829
1991-02-03,44003,Kent,10.7289,-2.1445,51.968,4.9324
1991-02-04,44003,Kent,14.3913,-1.8328,43.1809,2.9864
1991-02-05,44003,Kent,15.284,-0.3603,45.8877,2.6665
1991-02-06,44003,Kent,11.3029,1.0665,60.4843,3.8822
1991-02-07,44003,Kent,8.6722,0.7867,73.9117,2.8071
1991-02-08,44003,Kent,11.0497,-1.0362,58.8089,2.3716
1991-02-09,44003,Kent,10.1757,-2.0724,50.6771,2.4095
1991-02-10,44003,Kent,8.3178,-3.0159,51.4,2.7569
1991-02-11,44003,Kent,2.5531,-6.8696,31.1005,4.4592
1991-02-12,44003,Kent,-2.9379,-11.826,28.1854,5.1507
1991-02-13,44003,Kent,2.7457,-9.4576,72.1568,2.6015
1991-02-14,44003,Kent,10.0631,-1.8003,77.6679,4.4248
1991-02-15,44003,Kent,6.6465,-4.5225,56.3698,4.1022
1991-02-16,44003,Kent,-1.026,-12.2495,33.0167,6.3637
1991-02-17,44003,Kent,1.9754,-10.9338,62.9208,5.0153
1991-02-18,44003,Kent,4.1887,-5.4079,57.7042,2.0895
1991-02-19,44003,Kent,8.3583,-1.5562,72.1611,3.3443
1991-02-20,44003,Kent,12.7356,-1.3237,64.7146,4.8205
1991-02-21,44003,Kent,7.8069,-3.3653,56.332,3.8939
1991-02-22,44003,Kent,14.3344,-1.5383,44.3573,5.827
1991-02-23,44003,Kent,2.8331,-8.7786,26.2628,4.6259
1991-02-24,44003,Kent,3.9098,-9.6496,60.5847,2.4718
1991-02-25,44003,Kent,6.1602,-2.1541,64.2338,3.1786
1991-02-26,44003,Kent,2.4905,-2.7003,68.9248,3.2591
1991-02-27,44003,Kent,1.804,-4.9291,62.2208,3.7043
1991-02-28,44003,Kent,6.2899,-4.6367,49.2707,3.6882
1991-03-01,44003,Kent,10.2129,-1.927,64.1657,2.8855
1991-03-02,44003,Kent,14.7877,2.5436,77.1308,5.7077
1991-03-03,44003,Kent,19.0678,6.0086,61.7704,3.8379
1991-03-04,44003,Kent,16.2113,5.5803,68.8203,4.7055
1991-03-05,44003,Kent,9.1937,0.5496,56.985,3.7109
1991-03-06,44003,Kent,12.2728,-0.23,54.881,3.313
1991-03-07,44003,Kent,16.33,-1.5455,53.8441,6.2937
1991-03-08,44003,Kent,3.1662,-5.2542,33.8553,6.8591
1991-03-09,44003,Kent,3.5634,-7.0571,30.2767,5.1882
1991-03-10,44003,Kent,2.7084,-6.3318,35.5005,5.173
1991-03-11,44003,Kent,3.5423,-5.2272,43.2227,6.9712
1991-03-12,44003,Kent,4.6274,-4.8647,47.1083,5.8755
1991-03-13,44003,Kent,7.2784,-4.204,46.5225,2.4402
1991-03-14,44003,Kent,5.5705,-1.4609,67.6509,7.1635
1991-03-15,44003,Kent,4.2021,-1.8472,62.5243,5.041
1991-03-16,44003,Kent,7.8596,-2.9849,47.6182,3.1574
1991-03-17,44003,Kent,11.104,-2.3274,41.5428,2.421
1991-03-18,44003,Kent,10.7647,-1.1769,76.081,3.4301
1991-03-19,44003,Kent,13.1889,2.752,59.2739,4.2342
1991-03-20,44003,Kent,10.9685,-1.048,40.9367,5.3781
1991-03-21,44003,Kent,8.4076,-1.9857,40.6402,2.1878
1991-03-22,44003,Kent,9.0771,-0.0109,58.9544,4.0113
1991-03-23,44003,Kent,5.497,-0.387,66.4795,5.5054
1991-03-24,44003,Kent,10.8285,0.331,67.0115,1.6789
1991-03-25,44003,Kent,7.211,1.6243,66.0921,1.6031
1991-03-26,44003,Kent,10.709,1.8142,54.6183,1.7495
1991-03-27,44003,Kent,10.9614,0.6282,73.9195,3.7154
1991-03-28,44003,Kent,23.7838,6.0172,42.3253,5.3297
1991-03-29,44003,Kent,16.0677,3.9397,44.9084,2.9473
1991-03-30,44003,Kent,9.265,-1.9074,56.4461,4.8693
1991-03-31,44003,Kent,8.0386,-3.1516,44.7764,2.6944
1991-04-01,44003,Kent,8.3004,0.1907,63.7289,2.5784
1991-04-02,44003,Kent,10.6939,0.5873,53.7771,3.5241
1991-04-03,44003,Kent,11.1628,0.7011,45.5765,2.4821
1991-04-04,44003,Kent,16.6722,-0.0895,42.5291,4.0695
1991-04-05,44003,Kent,18.8964,1.903,55.9435,5.369
1991-04-06,44003,Kent,23.1028,8.4497,49.5446,3.439
1991-04-07,44003,Kent,26.4696,10.4417,46.5267,4.1316
1991-04-08,44003,Kent,28.7334,11.528,41.4642,3.4429
1991-04-09,44003,Kent,26.2139,13.0753,52.7724,3.925
1991-04-10,44003,Kent,23.6602,9.0855,45.9991,4.0067
1991-04-11,44003,Kent,12.2539,2.3769,36.5373,6.9611
1991-04-12,44003,Kent,9.5795,0.8619,35.8556,4.118
1991-04-13,44003,Kent,10.1967,0.6199,48.6737,1.8852
1991-04-14,44003,Kent,14.0344,1.4084,44.7391,2.2374
1991-04-15,44003,Kent,11.4968,1.4563,70.5855,2.893
1991-04-16,44003,Kent,20.9878,5.972,49.1008,3.9016
1991-04-17,44003,Kent,18.1355,5.2718,49.6509,2.92
1991-04-18,44003,Kent,10.1926,0.55,63.5567,4.8736
1991-04-19,44003,Kent,13.423,-1.3782,45.1229,3.092
1991-04-20,44003,Kent,15.046,0.2374,52.0248,3.8481
1991-04-21,44003,Kent,13.1259,4.8166,74.3914,6.1769
1991-04-22,44003,Kent,12.0696,6.0007,66.2464,5.0787
1991-04-23,44003,Kent,18.0185,5.3159,47.2211,4.2482
1991-04-24,44003,Kent,19.4601,3.423,51.4239,2.1331
1991-04-25,44003,Kent,21.7593,5.5429,42.4489,2.2442
1991-04-26,44003,Kent,22.5891,7.3446,37.3185,2.4808
1991-04-27,44003,Kent,24.5563,7.9539,49.6482,3.4061
1991-04-28,44003,Kent,17.4493,4.7629,49.3509,4.0284
1991-04-29,44003,Kent,15.3351,3.5934,60.3815,2.2404
1991-04-30,44003,Kent,16.5501,8.8059,67.1598,2.0171
1991-05-01,44003,Kent,23.1359,8.4261,58.3531,2.4133
1991-05-02,44003,Kent,21.8801,8.4824,46.485,4.1916
1991-05-03,44003,Kent,16.5347,5.4795,49.3057,5.5863
1991-05-04,44003,Kent,18.9106,5.1162,50.2107,4.1542
1991-05-05,44003,Kent,19.836,6.9948,47.8652,2.5435
1991-05-06,44003,Kent,16.6221,5.9215,76.2321,4.6173
1991-05-07,44003,Kent,22.2915,10.1681,49.143,4.2957
1991-05-08,44003,Kent,18.469,7.9276,48.2032,3.5877
1991-05-09,44003,Kent,17.4949,8.1892,48.7445,2.0455
1991-05-10,44003,Kent,20.5796,8.1984,50.0741,1.5266
1991-05-11,44003,Kent,24.5464,5.9309,46.9313,3.455
1991-05-12,44003,Kent,29.1173,9.8402,50.7548,4.2819
1991-05-13,44003,Kent,26.5733,12.8517,48.4529,2.5521
1991-05-14,44003,Kent,28.8804,13.5808,47.8636,1.9298
1991-05-15,44003,Kent,26.1221,10.4079,47.7125,1.1856
1991-05-16,44003,Kent,27.6133,10.2841,52.2975,3.6999
1991-05-17,44003,Kent,27.3716,11.7694,61.3258,4.7796
1991-05-18,44003,Kent,19.9862,7.3069,52.1269,4.309
1991-05-19,44003,Kent,18.9172,5.1777,48.4976,2.1414
1991-05-20,44003,Kent,21.8228,4.9326,50.5068,3.7262
1991-05-21,44003,Kent,24.4626,6.6224,56.392,4.7433
1991-05-22,44003,Kent,29.7534,12.5084,50.5446,2.2081
1991-05-23,44003,Kent,23.2003,9.6899,55.3795,3.0469
1991-05-24,44003,Kent,28.2916,9.1538,61.4917,4.6721
1991-05-25,44003,Kent,32.0609,16.0786,57.3593,3.5267
1991-05-26,44003,Kent,25.5691,14.1989,56.9753,2.8273
1991-05-27,44003,Kent,28.6448,13.2177,65.0727,3.1353
1991-05-28,44003,Kent,31.4365,17.9225,55.0262,2.662
1991-05-29,44003,Kent,29.555,16.2883,56.2343,2.0398
1991-05-30,44003,Kent,28.8978,17.2366,58.9196,2.0928
1991-05-31,44003,Kent,29.2035,16.1907,64.9725,1.5066
1991-06-01,44003,Kent,28.6111,17.0,60.2973,1.7456
1991-06-02,44003,Kent,26.7878,14.9737,56.5391,2.2646
1991-06-03,44003,Kent,27.4379,12.8714,56.2345,2.0083
1991-06-04,44003,Kent,19.2323,10.1934,72.8097,4.9841
1991-06-05,44003,Kent,17.0199,9.8357,62.0625,3.009
1991-06-06,44003,Kent,22.1686,8.5846,56.4708,2.1504
1991-06-07,44003,Kent,25.7462,10.2299,54.4727,2.9374
1991-06-08,44003,Kent,28.7801,12.1377,55.3672,3.2602
1991-06-09,44003,Kent,24.9218,11.5551,53.4504,2.5348
1991-06-10,44003,Kent,28.5646,10.8783,63.7399,3.846
1991-06-11,44003,Kent,30.4795,16.4279,60.6571,4.0366
1991-06-12,44003,Kent,28.1019,15.2164,62.7275,4.274
1991-06-13,44003,Kent,21.1141,9.7854,54.4677,5.1616
1991-06-14,44003,Kent,23.9739,7.6853,53.2258,3.0364
1991-06-15,44003,Kent,27.7199,12.7936,66.2043,3.8437
1991-06-16,44003,Kent,28.2403,18.5809,71.0091,1.686
1991-06-17,44003,Kent,25.8375,14.6555,68.5622,2.3826
1991-06-18,44003,Kent,22.883,13.2093,67.2706,2.186
1991-06-19,44003,Kent,21.6705,13.2945,76.1581,1.9119
1991-06-20,44003,Kent,30.3108,16.0171,65.1541,3.6093
1991-06-21,44003,Kent,30.549,14.7823,51.4298,2.7058
1991-06-22,44003,Kent,24.2634,14.5793,58.6678,2.3632
1991-06-23,44003,Kent,22.917,11.0682,59.9534,2.879
1991-06-24,44003,Kent,24.7062,9.0556,56.2707,2.1005
1991-06-25,44003,Kent,27.2879,11.0081,55.9213,3.2425
1991-06-26,44003,Kent,29.238,13.7171,53.8042,4.8653
1991-06-27,44003,Kent,30.2883,14.1025,56.8167,4.8562
1991-06-28,44003,Kent,32.0332,16.196,58.5685,5.1754
1991-06-29,44003,Kent,33.807,19.4378,47.6986,3.0652
1991-06-30,44003,Kent,20.0634,13.727,72.5645,2.4251
1991-07-01,44003,Kent,23.1478,10.8484,55.6025,2.7694
1991-07-02,44003,Kent,26.7658,10.6907,55.6831,2.0356
1991-07-03,44003,Kent,24.3585,17.1041,65.8849,2.5795
1991-07-04,44003,Kent,26.7258,12.7995,52.3706,2.5562
1991-07-05,44003,Kent,19.9418,12.4929,86.1469,2.1346
1991-07-06,44003,Kent,26.291,15.4723,73.9455,1.6539
1991-07-07,44003,Kent,28.4934,17.6498,78.9775,3.0829
1991-07-08,44003,Kent,33.306,19.2246,60.1547,4.1214
1991-07-09,44003,Kent,27.974,12.5745,48.9182,3.4232
1991-07-10,44003,Kent,28.267,10.747,47.3899,3.2365
1991-07-11,44003,Kent,29.4028,14.0711,46.1342,2.326
1991-07-12,44003,Kent,29.6565,12.2637,46.1089,2.3676
1991-07-13,44003,Kent,25.0768,15.1706,89.4422,3.2661
1991-07-14,44003,Kent,28.6439,18.2524,62.439,2.1485
1991-07-15,44003,Kent,30.2264,16.8723,44.4702,2.3227
1991-07-16,44003,Kent,31.7357,15.205,47.0629,3.1779
1991-07-17,44003,Kent,32.8069,16.2941,48.6237,4.3802
1991-07-18,44003,Kent,34.6424,18.7305,52.1156,3.5634
1991-07-19,44003,Kent,35.0347,19.9941,57.0706,3.7016
1991-07-20,44003,Kent,36.8969,20.6959,50.9146,3.2393
1991-07-21,44003,Kent,37.2163,21.7577,51.8309,3.3473
1991-07-22,44003,Kent,31.9245,19.4313,57.4809,2.6709
1991-07-23,44003,Kent,34.1286,19.5557,70.3336,4.1694
1991-07-24,44003,Kent,30.0594,17.0812,55.2484,3.4202
1991-07-25,44003,Kent,22.9969,15.2049,80.4041,1.8598
1991-07-26,44003,Kent,27.7382,18.9916,81.3968,2.1278
1991-07-27,44003,Kent,24.6474,18.001,82.2414,1.3704
1991-07-28,44003,Kent,25.9502,16.921,60.0139,1.2863
1991-07-29,44003,Kent,25.2694,16.6066,65.1393,1.541
1991-07-30,44003,Kent,22.9101,15.4551,79.2725,2.3248
1991-07-31,44003,Kent,26.1745,15.9492,79.4823,3.2828
1991-08-01,44003,Kent,30.3291,17.2541,63.8868,3.8291
1991-08-02,44003,Kent,31.706,17.8702,52.6375,3.9337
1991-08-03,44003,Kent,25.696,16.0497,65.5604,1.7895
1991-08-04,44003,Kent,27.5123,18.1866,76.3284,1.4757
1991-08-05,44003,Kent,25.6985,16.0043,65.8661,3.5666
1991-08-06,44003,Kent,23.7494,12.4171,67.7907,2.3475
1991-08-07,44003,Kent,27.6172,15.2812,61.6447,2.112
1991-08-08,44003,Kent,29.6618,16.1465,56.9863,2.0885
1991-08-09,44003,Kent,24.9018,16.7496,82.9213,3.4218
1991-08-10,44003,Kent,26.2409,18.2434,79.9137,2.9673
1991-08-11,44003,Kent,27.2252,15.7616,65.1329,3.1653
1991-08-12,44003,Kent,27.1738,14.7114,67.298,1.8212
1991-08-13,44003,Kent,29.0147,16.1688,66.8993,2.6629
1991-08-14,44003,Kent,30.4752,17.649,66.23,3.3366
1991-08-15,44003,Kent,27.5954,19.1775,78.1756,3.6903
1991-08-16,44003,Kent,30.3842,19.213,64.5036,3.7127
1991-08-17,44003,Kent,30.6363,18.9841,69.0472,3.9828
1991-08-18,44003,Kent,30.6004,19.4231,73.5487,4.7953
1991-08-19,44003,Kent,24.388,16.726,85.1314,4.0847
1991-08-20,44003,Kent,24.7619,16.5558,83.2452,2.6574
1991-08-21,44003,Kent,24.7048,16.7353,81.0078,2.1881
1991-08-22,44003,Kent,26.4023,16.6882,72.1394,3.2746
1991-08-23,44003,Kent,29.1447,15.8365,68.7183,2.5269
1991-08-24,44003,Kent,24.4311,14.4764,73.6703,3.1929
1991-08-25,44003,Kent,22.7204,11.9275,68.2884,3.0346
1991-08-26,44003,Kent,24.3967,11.4533,74.4829,2.7511
1991-08-27,44003,Kent,29.5142,16.291,70.7659,4.3239
1991-08-28,44003,Kent,31.5891,18.5144,68.4353,3.4383
1991-08-29,44003,Kent,31.0577,18.6656,65.6791,1.7764
1991-08-30,44003,Kent,31.4663,17.5341,72.3013,3.1772
1991-08-31,44003,Kent,29.7742,13.2169,69.8605,4.2863
1991-09-01,44003,Kent,16.9567,5.7736,56.8594,4.2514
1991-09-02,44003,Kent,19.3886,4.325,56.527,2.3022
1991-09-03,44003,Kent,23.097,7.7693,66.8331,4.4961
1991-09-04,44003,Kent,24.7929,13.353,75.652,4.6124
1991-09-05,44003,Kent,23.6687,12.6357,79.1541,1.2958
1991-09-06,44003,Kent,24.4125,10.3834,72.4807,2.5882
1991-09-07,44003,Kent,24.8419,10.9842,63.2642,2.1312
1991-09-08,44003,Kent,26.2634,11.5,58.3439,2.0135
1991-09-09,44003,Kent,25.0243,13.2179,61.3735,2.2015
1991-09-10,44003,Kent,27.2148,13.3909,71.9956,4.866
1991-09-11,44003,Kent,25.3574,12.4371,63.5791,3.8722
1991-09-12,44003,Kent,19.4067,7.4888,55.9609,2.2772
1991-09-13,44003,Kent,20.9655,7.8559,55.6165,1.4567
1991-09-14,44003,Kent,17.7642,10.9388,84.1675,2.3262
1991-09-15,44003,Kent,22.4601,13.4373,79.5112,3.273
1991-09-16,44003,Kent,29.4297,16.5679,77.2245,4.1838
1991-09-17,44003,Kent,31.6855,19.7115,67.2617,3.8287
1991-09-18,44003,Kent,26.4351,17.8361,67.2017,3.6114
1991-09-19,44003,Kent,26.3024,10.918,79.1728,4.4231
1991-09-20,44003,Kent,16.2782,7.274,69.7722,3.4623
1991-09-21,44003,Kent,14.3214,5.228,58.7373,2.6081
1991-09-22,44003,Kent,17.1322,5.6096,61.9009,2.0132
1991-09-23,44003,Kent,19.3216,8.7785,88.1568,3.6424
1991-09-24,44003,Kent,20.0561,12.7523,74.1295,1.8219
1991-09-25,44003,Kent,21.5506,13.1845,91.1406,4.9716
1991-09-26,44003,Kent,18.8109,11.0249,88.111,2.0474
1991-09-27,44003,Kent,16.1733,6.061,59.1709,3.4806
1991-09-28,44003,Kent,14.5255,3.9426,54.856,3.7167
1991-09-29,44003,Kent,18.6918,2.9647,60.6607,3.5746
1991-09-30,44003,Kent,13.0919,1.4939,58.1283,2.6031
1991-10-01,44003,Kent,20.639,5.5344,77.9946,4.85
1991-10-02,44003,Kent,25.0608,13.8071,67.6133,4.8869
1991-10-03,44003,Kent,25.1149,13.2478,66.9765,1.5755
1991-10-04,44003,Kent,25.2433,12.9902,58.5479,1.855
1991-10-05,44003,Kent,23.3715,12.5784,70.9011,4.234
1991-10-06,44003,Kent,22.3067,10.9797,75.4231,4.0331
1991-10-07,44003,Kent,14.3413,5.0245,54.7621,4.3968
1991-10-08,44003,Kent,14.3356,2.4864,57.0503,3.686
1991-10-09,44003,Kent,18.8187,4.9543,63.3348,4.0571
1991-10-10,44003,Kent,22.4128,9.3915,69.4474,3.9486
1991-10-11,44003,Kent,21.3428,10.619,64.4018,1.4869
1991-10-12,44003,Kent,15.6308,5.9184,63.9617,3.69
1991-10-13,44003,Kent,13.9448,4.0797,54.1617,2.6465
1991-10-14,44003,Kent,12.4725,3.4984,51.8848,2.7403
1991-10-15,44003,Kent,17.4605,3.9775,82.2085,5.1347
1991-10-16,44003,Kent,19.826,9.5878,75.5823,3.8488
1991-10-17,44003,Kent,12.8531,5.3275,79.8381,5.4318
1991-10-18,44003,Kent,18.768,8.3127,67.1164,2.6607
1991-10-19,44003,Kent,21.574,8.0737,55.4169,2.9963
1991-10-20,44003,Kent,10.7775,1.6405,54.3615,3.7939
1991-10-21,44003,Kent,11.8973,0.1877,59.6497,2.2157
1991-10-22,44003,Kent,16.7951,6.2466,61.6066,2.7188
1991-10-23,44003,Kent,18.5547,5.6913,58.8103,2.3667
1991-10-24,44003,Kent,19.7356,7.2351,67.3542,2.4082
1991-10-25,44003,Kent,22.4518,8.1767,68.6363,2.2833
1991-10-26,44003,Kent,22.3618,9.8696,64.2666,2.5619
1991-10-27,44003,Kent,21.9759,8.7567,69.2939,2.9839
1991-10-28,44003,Kent,15.5572,2.4695,60.8917,6.7375
1991-10-29,44003,Kent,8.3873,-0.8812,52.363,6.4241
1991-10-30,44003,Kent,11.5855,-0.4881,57.8212,9.1911
1991-10-31,44003,Kent,12.7241,5.2582,82.8969,7.2889
1991-11-01,44003,Kent,12.5211,7.3132,72.6858,4.5165
1991-11-02,44003,Kent,17.1409,7.4282,72.7859,2.8009
1991-11-03,44003,Kent,16.4096,5.7032,63.9605,2.5336
1991-11-04,44003,Kent,8.0706,0.6235,51.2348,2.4211
1991-11-05,44003,Kent,8.3579,0.1585,53.2611,1.8659
1991-11-06,44003,Kent,11.8047,-0.1452,57.9429,2.1239
1991-11-07,44003,Kent,12.1938,0.839,49.0392,1.3664
1991-11-08,44003,Kent,7.6639,0.0658,54.0343,4.0167
1991-11-09,44003,Kent,6.0287,-0.1826,54.6591,5.7697
1991-11-10,44003,Kent,6.4658,0.3496,71.7195,7.1621
1991-11-11,44003,Kent,7.0587,0.7499,74.5304,4.2736
1991-11-12,44003,Kent,6.2764,-0.4235,59.1241,4.0614
1991-11-13,44003,Kent,7.487,-0.9374,61.5833,2.923
1991-11-14,44003,Kent,11.7107,1.452,54.4831,3.5423
1991-11-15,44003,Kent,11.5536,0.8503,69.1421,3.5116
1991-11-16,44003,Kent,14.1475,1.2776,60.128,4.5152
1991-11-17,44003,Kent,4.1086,-4.8215,42.3643,5.4661
1991-11-18,44003,Kent,8.8887,-3.4578,42.1288,2.7664
1991-11-19,44003,Kent,14.6853,1.3155,54.7703,3.7472
1991-11-20,44003,Kent,16.3222,6.2316,66.6774,4.6781
1991-11-21,44003,Kent,16.6629,10.6925,72.8457,2.8886
1991-11-22,44003,Kent,14.3492,7.8911,78.0505,2.4439
1991-11-23,44003,Kent,15.8814,4.364,72.2265,2.6119
1991-11-24,44003,Kent,14.2445,3.5339,71.6359,4.1944
1991-11-25,44003,Kent,7.3225,-0.6309,48.053,6.5968
1991-11-26,44003,Kent,3.4638,-2.2682,50.2102,4.7689
1991-11-27,44003,Kent,3.1465,-4.2459,57.2754,2.697
1991-11-28,44003,Kent,10.102,-0.3885,59.5703,4.5636
1991-11-29,44003,Kent,13.6715,3.0646,58.8565,2.5933
1991-11-30,44003,Kent,16.0797,4.4961,71.6938,4.9325
1991-12-01,44003,Kent,16.2036,7.2423,64.7994,2.4963
1991-12-02,44003,Kent,11.2813,0.0897,55.4052,3.7994
1991-12-03,44003,Kent,6.6044,-2.1474,74.821,4.7412
1991-12-04,44003,Kent,6.4438,-6.02,53.7067,6.6087
1991-12-05,44003,Kent,-0.3723,-7.0194,38.1938,5.1812
1991-12-06,44003,Kent,3.447,-4.3801,65.4992,4.7106
1991-12-07,44003,Kent,6.2347,-4.9781,67.4623,4.6992
1991-12-08,44003,Kent,10.8141,-1.5513,62.0126,2.2383
1991-12-09,44003,Kent,13.9993,3.8796,64.7719,3.9482
1991-12-10,44003,Kent,7.5279,-1.2654,57.8507,3.0686
1991-12-11,44003,Kent,9.9192,-1.6084,60.7671,4.1663
1991-12-12,44003,Kent,9.8428,-1.5813,62.2221,2.8891
1991-12-13,44003,Kent,14.1915,4.8037,73.9457,4.8752
1991-12-14,44003,Kent,14.1608,5.7156,70.6244,4.9372
1991-12-15,44003,Kent,8.1677,-4.5106,31.7968,7.8173
1991-12-16,44003,Kent,0.7973,-9.0986,45.6263,4.9842
1991-12-17,44003,Kent,2.3101,-10.3104,51.0554,3.0183
1991-12-18,44003,Kent,2.5552,-9.1035,51.6872,5.0276
1991-12-19,44003,Kent,-4.3206,-12.2772,40.7815,5.7938
1991-12-20,44003,Kent,1.5634,-10.4163,50.1283,3.5663
1991-12-21,44003,Kent,4.3832,-3.8979,62.1686,5.6855
1991-12-22,44003,Kent,3.4302,-4.3012,57.2189,4.0533
1991-12-23,44003,Kent,7.3011,-3.221,62.727,3.5099
1991-12-24,44003,Kent,4.0222,-6.9843,50.122,4.4882
1991-12-25,44003,Kent,-0.7503,-7.1655,38.8133,4.5732
1991-12-26,44003,Kent,1.4403,-8.4672,50.7137,2.8958
1991-12-27,44003,Kent,4.3321,-5.0343,52.743,3.5676
1991-12-28,44003,Kent,5.9198,-5.1003,47.346,3.2975
1991-12-29,44003,Kent,5.7905,-3.0342,46.3296,2.2259
1991-12-30,44003,Kent,5.7077,-6.659,54.9658,6.8919
1991-12-31,44003,Kent,-0.4455,-6.3333,42.7055,3.2694
1992-01-01,44003,Kent,6.3859,-6.6191,36.5126,1.6343
1992-01-02,44003,Kent,7.2506,-3.1799,56.6803,1.6958
1992-01-03,44003,Kent,9.6182,-0.1491,59.1892,3.8587
1992-01-04,44003,Kent,8.9155,-0.0799,73.4864,6.1292
1992-01-05,44003,Kent,9.7293,-0.0933,67.1633,4.2311
1992-01-06,44003,Kent,8.0554,-2.6283,54.5422,4.0126
1992-01-07,44003,Kent,6.4776,-3.5789,49.9356,4.8997
1992-01-08,44003,Kent,2.8691,-5.2672,40.6727,4.5437
1992-01-09,44003,Kent,6.3825,-4.7407,59.4888,2.9462
1992-01-10,44003,Kent,7.4394,-2.6085,53.5865,4.2764
1992-01-11,44003,Kent,1.3725,-6.9922,36.1652,5.7734
1992-01-12,44003,Kent,1.0202,-9.757,40.0397,3.5032
1992-01-13,44003,Kent,9.0789,-3.0692,60.2262,2.6236
1992-01-14,44003,Kent,11.2507,-1.5253,62.8822,5.5813
1992-01-15,44003,Kent,3.9842,-9.1012,25.761,6.973
1992-01-16,44003,Kent,-4.6908,-16.127,46.1597,6.1293
1992-01-17,44003,Kent,-1.4885,-15.5239,53.4979,5.5447
1992-01-18,44003,Kent,-1.0407,-11.9874,39.6326,7.0903
1992-01-19,44003,Kent,-5.6168,-14.1473,36.0069,5.2533
1992-01-20,44003,Kent,-2.1285,-12.2968,54.7651,3.2142
1992-01-21,44003,Kent,-0.5298,-11.2813,58.9451,3.7406
1992-01-22,44003,Kent,-1.7916,-8.9893,57.3381,3.5311
1992-01-23,44003,Kent,9.8887,-6.1132,71.8666,7.1426
1992-01-24,44003,Kent,9.5874,-5.1959,50.4863,7.3281
1992-01-25,44003,Kent,-1.9191,-10.9211,24.4819,5.1786
1992-01-26,44003,Kent,-3.7103,-9.8323,33.8635,4.1184
1992-01-27,44003,Kent,1.2813,-10.7081,44.4628,1.8856
1992-01-28,44003,Kent,4.3692,-3.2689,59.5067,1.8776
1992-01-29,44003,Kent,6.6097,-3.514,52.4072,2.6031
1992-01-30,44003,Kent,6.6247,-4.0708,54.23,2.118
1992-01-31,44003,Kent,6.8605,-2.333,55.7416,2.7606
1992-02-01,44003,Kent,2.6416,-8.2119,44.7194,7.305
1992-02-02,44003,Kent,-0.0015,-8.7286,32.2683,7.6899
1992-02-03,44003,Kent,1.2287,-10.0875,33.0856,5.6423
1992-02-04,44003,Kent,3.2308,-8.3942,47.8953,3.6026
1992-02-05,44003,Kent,1.9523,-8.6299,43.5713,6.879
1992-02-06,44003,Kent,-1.1411,-11.253,48.9911,2.5722
1992-02-07,44003,Kent,4.0401,-7.2919,64.5813,4.3926
1992-02-08,44003,Kent,1.7548,-3.1157,68.6253,3.1139
1992-02-09,44003,Kent,0.9476,-12.7803,45.706,7.2287
1992-02-10,44003,Kent,-3.2024,-15.0355,46.3199,3.758
1992-02-11,44003,Kent,4.8176,-7.9483,63.4674,5.6083
1992-02-12,44003,Kent,1.473,-12.5025,20.9991,4.8274
1992-02-13,44003,Kent,1.8214,-13.1218,54.1316,3.0035
1992-02-14,44003,Kent,2.2765,-3.9804,67.6406,2.3518
1992-02-15,44003,Kent,5.3601,-5.2144,67.6808,3.2269
1992-02-16,44003,Kent,12.5888,1.0717,61.3795,4.7048
1992-02-17,44003,Kent,9.1292,-3.4328,46.4686,2.4504
1992-02-18,44003,Kent,6.9062,-1.5544,70.5171,3.1888
1992-02-19,44003,Kent,12.8081,1.2509,63.2416,3.3199
1992-02-20,44003,Kent,9.8501,-2.2616,56.1553,3.617
1992-02-21,44003,Kent,8.4158,-2.9814,47.6874,4.2369
1992-02-22,44003,Kent,6.1653,-3.9833,59.3376,3.4988
1992-02-23,44003,Kent,10.9956,-0.5266,56.7699,2.6874
1992-02-24,44003,Kent,4.4858,-2.6752,59.2233,4.4982
1992-02-25,44003,Kent,3.6821,-2.8601,70.2926,3.7861
1992-02-26,44003,Kent,8.1339,-2.8058,62.0147,3.2764
1992-02-27,44003,Kent,6.8063,-3.6351,53.598,5.6541
1992-02-28,44003,Kent,5.9903,-2.8883,58.5614,3.9673
1992-02-29,44003,Kent,5.919,-11.7484,36.5212,7.198
1992-03-01,44003,Kent,5.4101,-11.906,47.8662,5.8353
1992-03-02,44003,Kent,3.8668,-4.6408,44.8648,3.157
1992-03-03,44003,Kent,5.1215,-2.3986,61.0714,2.3019
1992-03-04,44003,Kent,7.8953,-3.2794,48.6941,1.9204
1992-03-05,44003,Kent,13.075,-1.6619,53.2662,3.3923
1992-03-06,44003,Kent,6.5679,-0.4189,50.9596,4.3289
1992-03-07,44003,Kent,13.302,-0.1444,67.7885,3.9901
1992-03-08,44003,Kent,15.2446,4.8411,61.1417,1.7076
1992-03-09,44003,Kent,12.2545,3.475,56.3277,1.5707
1992-03-10,44003,Kent,12.5194,2.1082,66.561,4.8013
1992-03-11,44003,Kent,15.3931,-4.6126,67.862,7.0726
1992-03-12,44003,Kent,1.9964,-6.562,34.3269,8.5572
1992-03-13,44003,Kent,0.8515,-6.1962,30.8736,5.7745
1992-03-14,44003,Kent,2.0253,-7.3043,25.0978,6.0497
1992-03-15,44003,Kent,-0.7309,-7.7621,26.7919,5.3095
1992-03-16,44003,Kent,-0.2434,-9.9362,31.1564,4.0126
1992-03-17,44003,Kent,5.8666,-5.1734,48.8616,5.5766
1992-03-18,44003,Kent,4.3751,-3.4503,39.311,3.1322
1992-03-19,44003,Kent,2.554,-3.4194,63.8215,5.3123
1992-03-20,44003,Kent,4.3179,-4.4829,48.8329,1.9096
1992-03-21,44003,Kent,3.6735,-4.7527,45.5085,3.6099
1992-03-22,44003,Kent,2.9018,-5.5349,40.7732,2.884
1992-03-23,44003,Kent,3.1863,-3.9383,57.0651,3.6245
1992-03-24,44003,Kent,3.4565,-4.7288,33.8948,3.9546
1992-03-25,44003,Kent,7.3999,-4.5447,47.8265,3.0741
1992-03-26,44003,Kent,12.2212,-1.2299,66.053,6.0363
1992-03-27,44003,Kent,13.4428,2.6492,64.5732,5.2878
1992-03-28,44003,Kent,9.8694,-0.3856,55.496,5.2523
1992-03-29,44003,Kent,10.8516,-1.4239,37.4084,6.3318
1992-03-30,44003,Kent,7.2439,-2.3631,49.7726,2.9118
1992-03-31,44003,Kent,10.4168,0.8897,61.897,3.0647
1992-04-01,44003,Kent,12.5717,-1.2811,51.3584,3.173
1992-04-02,44003,Kent,9.7803,1.099,50.0694,3.5969
1992-04-03,44003,Kent,7.0826,-0.8186,43.8086,5.7456
1992-04-04,44003,Kent,9.1476,-1.1164,40.286,3.8398
1992-04-05,44003,Kent,9.7565,-1.4923,42.5409,4.808
1992-04-06,44003,Kent,11.7683,-0.898,40.9088,4.234
1992-04-07,44003,Kent,12.2049,-0.6316,42.3367,2.988
1992-04-08,44003,Kent,16.5992,3.0095,39.7135,3.2897
1992-04-09,44003,Kent,13.7716,1.0119,49.6764,3.1025
1992-04-10,44003,Kent,18.6991,5.1766,44.8123,2.2271
1992-04-11,44003,Kent,10.471,0.4851,60.1811,4.4099
1992-04-12,44003,Kent,16.5557,0.77,49.2116,3.6106
1992-04-13,44003,Kent,6.9494,-2.9408,32.7809,3.1778
1992-04-14,44003,Kent,10.8531,-1.1864,36.8916,2.7093
1992-04-15,44003,Kent,9.8912,-1.4867,37.2709,2.3203
1992-04-16,44003,Kent,10.6913,0.273,42.2397,2.9224
1992-04-17,44003,Kent,7.5083,0.7759,71.83,3.341
1992-04-18,44003,Kent,11.4097,0.0943,61.5642,2.5452
1992-04-19,44003,Kent,11.1349,2.4667,64.8509,2.6005
1992-04-20,44003,Kent,17.6836,4.3984,63.5162,3.1371
1992-04-21,44003,Kent,20.9266,7.0987,67.5969,3.799
1992-04-22,44003,Kent,19.0665,9.7051,69.3857,3.9874
1992-04-23,44003,Kent,23.6177,8.7583,49.6537,2.9637
1992-04-24,44003,Kent,16.8868,6.2059,60.5165,2.7465
1992-04-25,44003,Kent,8.4009,1.396,67.3481,4.8848
1992-04-26,44003,Kent,8.1919,1.191,62.7821,1.9334
1992-04-27,44003,Kent,13.7705,1.3073,48.9607,1.613
1992-04-28,44003,Kent,14.2778,1.4114,45.7297,1.4462
1992-04-29,44003,Kent,13.4918,-0.3542,47.1949,1.752
1992-04-30,44003,Kent,16.4731,1.3832,45.1441,2.6432
1992-05-01,44003,Kent,19.286,6.2389,52.2354,3.2225
1992-05-02,44003,Kent,24.0245,9.0716,54.5585,3.8952
1992-05-03,44003,Kent,21.61,9.9965,45.5635,3.7801
1992-05-04,44003,Kent,16.1218,6.6461,47.972,3.2137
1992-05-05,44003,Kent,11.0339,2.3119,55.5832,4.1613
1992-05-06,44003,Kent,13.263,0.5513,48.3433,3.511
1992-05-07,44003,Kent,14.1363,0.9198,50.8366,4.2075
1992-05-08,44003,Kent,14.5674,5.1446,67.8256,4.2867
1992-05-09,44003,Kent,24.9544,10.4786,55.0725,2.3825
1992-05-10,44003,Kent,20.4411,9.0559,56.7135,2.2437
1992-05-11,44003,Kent,17.5067,4.7249,54.7954,4.7693
1992-05-12,44003,Kent,17.9285,3.4563,63.6044,3.1159
1992-05-13,44003,Kent,23.2468,8.6512,63.4801,2.2472
1992-05-14,44003,Kent,25.7612,12.5122,50.8768,1.4382
1992-05-15,44003,Kent,20.4137,9.6151,54.9093,3.1694
1992-05-16,44003,Kent,17.0422,8.4156,61.9609,3.1504
1992-05-17,44003,Kent,20.2396,5.4779,51.8296,2.3457
1992-05-18,44003,Kent,24.0572,8.2501,55.8332,3.5368
1992-05-19,44003,Kent,19.863,6.9594,42.4502,2.9623
1992-05-20,44003,Kent,23.0154,4.5839,40.5673,1.8269
1992-05-21,44003,Kent,29.1063,6.1908,36.123,2.1297
1992-05-22,44003,Kent,31.2084,11.4406,37.5769,2.0337
1992-05-23,44003,Kent,31.2901,13.0548,40.043,2.4859
1992-05-24,44003,Kent,28.0612,8.2643,47.4453,4.2325
1992-05-25,44003,Kent,13.906,7.2044,56.6639,3.909
1992-05-26,44003,Kent,14.7178,6.4543,54.5231,1.9662
1992-05-27,44003,Kent,14.7542,6.6866,55.402,1.1841
1992-05-28,44003,Kent,20.1716,6.2619,52.5363,1.7028
1992-05-29,44003,Kent,22.3586,8.6304,46.6792,2.3081
1992-05-30,44003,Kent,21.8783,6.9626,52.3516,2.7514
1992-05-31,44003,Kent,18.3711,10.911,72.5056,4.2505
1992-06-01,44003,Kent,18.2848,8.78,75.5522,3.8896
1992-06-02,44003,Kent,24.5896,8.5052,57.2929,2.1317
1992-06-03,44003,Kent,26.2386,10.9849,58.1067,3.5476
1992-06-04,44003,Kent,25.5277,11.8855,61.6747,3.4514
1992-06-05,44003,Kent,21.6261,10.1107,74.9231,5.3161
1992-06-06,44003,Kent,24.2531,13.48,75.8249,3.5308
1992-06-07,44003,Kent,26.8735,16.4118,68.5405,2.839
1992-06-08,44003,Kent,29.2333,16.9362,70.2593,2.8313
1992-06-09,44003,Kent,26.1713,14.7341,58.7737,3.0029
1992-06-10,44003,Kent,24.0768,10.7662,53.8576,1.817
1992-06-11,44003,Kent,23.1429,12.8427,52.6896,1.9831
1992-06-12,44003,Kent,26.4837,11.2098,57.5696,3.8549
1992-06-13,44003,Kent,27.8616,12.5852,59.6871,4.5743
1992-06-14,44003,Kent,27.4712,13.8274,64.0961,4.4707
1992-06-15,44003,Kent,26.8317,13.3311,59.3528,2.8163
1992-06-16,44003,Kent,22.341,8.9021,54.3483,2.0284
1992-06-17,44003,Kent,26.0529,9.4661,56.0382,2.436
1992-06-18,44003,Kent,23.1184,10.8984,64.9346,4.1449
1992-06-19,44003,Kent,25.0487,12.4282,73.8477,3.4931
1992-06-20,44003,Kent,25.4812,16.5802,69.7664,2.5384
1992-06-21,44003,Kent,26.6669,15.1937,62.7481,2.6492
1992-06-22,44003,Kent,20.5704,12.2326,61.5882,3.9757
1992-06-23,44003,Kent,20.7893,10.349,56.1486,3.9273
1992-06-24,44003,Kent,22.9191,10.8053,74.6051,3.1823
1992-06-25,44003,Kent,25.311,15.6978,60.0447,3.3703
1992-06-26,44003,Kent,25.6856,12.4908,56.5435,2.6987
1992-06-27,44003,Kent,25.6615,14.5143,64.307,1.9738
1992-06-28,44003,Kent,27.5725,13.5867,53.9191,2.1425
1992-06-29,44003,Kent,28.338,13.6602,57.6921,3.3194
1992-06-30,44003,Kent,25.1012,13.9472,74.2731,4.2967
1992-07-01,44003,Kent,29.3911,17.7309,64.7816,2.715
1992-07-02,44003,Kent,21.7793,12.5611,54.5717,2.0889
1992-07-03,44003,Kent,22.0906,10.936,64.8754,1.7175
1992-07-04,44003,Kent,20.6501,12.8177,82.1231,3.1027
1992-07-05,44003,Kent,23.6632,13.0527,78.0065,3.1923
1992-07-06,44003,Kent,26.8382,14.777,68.8094,2.494
1992-07-07,44003,Kent,24.9019,11.3577,66.3507,2.3357
1992-07-08,44003,Kent,26.3978,14.4032,62.7397,2.6066
1992-07-09,44003,Kent,28.4429,15.9743,69.8485,4.2511
1992-07-10,44003,Kent,29.1126,15.6837,61.6238,3.7095
1992-07-11,44003,Kent,28.7136,18.3702,62.899,3.4687
1992-07-12,44003,Kent,28.076,14.729,67.2027,3.0059
1992-07-13,44003,Kent,30.2078,18.921,64.5593,3.3703
1992-07-14,44003,Kent,27.0185,16.7805,75.8208,2.8405
1992-07-15,44003,Kent,24.8224,15.2891,80.2066,2.6562
1992-07-16,44003,Kent,24.1698,14.469,68.5566,2.8263
1992-07-17,44003,Kent,22.8196,14.3107,77.7213,2.466
1992-07-18,44003,Kent,29.9011,16.8285,72.9259,2.7817
1992-07-19,44003,Kent,29.5389,17.7535,67.9379,2.7466
1992-07-20,44003,Kent,29.1481,18.3601,67.3507,3.0198
1992-07-21,44003,Kent,29.8833,17.5716,65.4921,2.8743
1992-07-22,44003,Kent,21.4142,12.7383,67.008,2.1031
1992-07-23,44003,Kent,17.6493,12.4054,83.2342,3.0345
1992-07-24,44003,Kent,22.8233,12.3605,66.1671,2.1573
1992-07-25,44003,Kent,24.5363,12.0038,61.9479,1.8579
1992-07-26,44003,Kent,25.6061,11.5942,74.6594,3.598
1992-07-27,44003,Kent,27.8808,17.7679,74.6695,3.5057
1992-07-28,44003,Kent,25.9688,14.8714,58.6601,2.9063
1992-07-29,44003,Kent,27.6173,12.3816,69.345,3.4961
1992-07-30,44003,Kent,27.2076,16.2655,57.4791,2.057
1992-07-31,44003,Kent,23.7332,13.6749,82.9506,3.1147
1992-08-01,44003,Kent,24.4107,13.391,71.831,4.3347
1992-08-02,44003,Kent,26.087,11.6333,65.8015,3.3329
1992-08-03,44003,Kent,25.3454,15.4168,77.5173,3.5306
1992-08-04,44003,Kent,26.8642,16.4409,78.7345,3.2409
1992-08-05,44003,Kent,25.3183,13.8686,61.6847,3.643
1992-08-06,44003,Kent,26.2771,12.2492,56.4954,2.403
1992-08-07,44003,Kent,27.1671,13.5496,55.451,1.9653
1992-08-08,44003,Kent,26.6299,13.2583,59.6695,1.9998
1992-08-09,44003,Kent,23.5224,15.1565,86.6684,2.3756
1992-08-10,44003,Kent,26.5152,16.9326,74.842,2.0285
1992-08-11,44003,Kent,30.3621,17.6272,73.7839,3.5114
1992-08-12,44003,Kent,25.4656,16.0783,60.8541,1.907
1992-08-13,44003,Kent,24.286,13.089,70.8424,2.921
1992-08-14,44003,Kent,19.93,14.5069,80.9294,3.7939
1992-08-15,44003,Kent,19.5568,13.7121,80.5541,4.16
1992-08-16,44003,Kent,20.9101,12.8368,88.5434,1.9667
1992-08-17,44003,Kent,23.0677,16.0439,84.7701,1.5829
1992-08-18,44003,Kent,24.9265,18.4683,79.5305,1.9664
1992-08-19,44003,Kent,26.2214,16.8548,77.2122,3.3154
1992-08-20,44003,Kent,22.5359,14.0849,64.3628,2.9975
1992-08-21,44003,Kent,22.5658,10.9305,64.7472,2.5832
1992-08-22,44003,Kent,26.5606,11.9027,64.3161,1.6248
1992-08-23,44003,Kent,26.5296,16.9628,66.2243,1.4326
1992-08-24,44003,Kent,26.9505,14.8996,68.9568,3.2077
1992-08-25,44003,Kent,29.4445,16.1896,72.6207,2.6064
1992-08-26,44003,Kent,29.3534,20.0928,73.583,1.5689
1992-08-27,44003,Kent,26.9423,19.2344,81.9868,2.0347
1992-08-28,44003,Kent,28.0808,17.9552,79.4219,3.8489
1992-08-29,44003,Kent,25.143,15.3175,71.5593,4.9963
1992-08-30,44003,Kent,23.5813,11.6049,66.7767,4.8579
1992-08-31,44003,Kent,25.9004,13.8707,63.7191,4.746
1992-09-01,44003,Kent,20.2204,9.7943,59.6624,4.024
1992-09-02,44003,Kent,20.1035,6.3924,60.7232,2.1418
1992-09-03,44003,Kent,20.594,11.553,89.4469,3.4924
1992-09-04,44003,Kent,23.986,14.435,75.8576,1.7104
1992-09-05,44003,Kent,22.8415,11.5406,71.4156,2.2094
1992-09-06,44003,Kent,21.92,9.3417,72.0244,2.1827
1992-09-07,44003,Kent,21.1883,11.2411,81.7561,1.4178
1992-09-08,44003,Kent,24.0946,14.6989,83.7872,2.7095
1992-09-09,44003,Kent,25.8195,18.094,77.5734,3.517
1992-09-10,44003,Kent,25.2997,17.4587,82.4862,4.471
1992-09-11,44003,Kent,22.1245,15.0551,79.7734,2.5288
1992-09-12,44003,Kent,18.7384,11.1014,61.7509,2.7922
1992-09-13,44003,Kent,19.1339,9.4479,59.574,1.0317
1992-09-14,44003,Kent,20.8002,9.2185,65.5527,2.0501
1992-09-15,44003,Kent,22.6712,9.6944,76.0863,2.919
1992-09-16,44003,Kent,26.074,14.9105,72.4822,3.4289
1992-09-17,44003,Kent,26.8914,15.6603,71.9679,3.7932
1992-09-18,44003,Kent,27.8587,16.0697,70.8164,3.7258
1992-09-19,44003,Kent,23.6056,12.4533,71.5099,3.4932
1992-09-20,44003,Kent,19.8181,9.4549,56.7745,1.7706
1992-09-21,44003,Kent,21.7035,8.9564,70.6776,3.2256
1992-09-22,44003,Kent,24.9958,13.9042,86.1632,4.3726
1992-09-23,44003,Kent,19.5738,6.9785,70.7899,4.861
1992-09-24,44003,Kent,13.0629,4.4634,64.9362,5.2408
1992-09-25,44003,Kent,18.1836,4.404,78.8832,5.266
1992-09-26,44003,Kent,17.9991,11.7516,81.8852,4.0645
1992-09-27,44003,Kent,24.188,10.4541,85.4197,3.4726
1992-09-28,44003,Kent,23.2378,14.1929,65.4206,2.6786
1992-09-29,44003,Kent,18.6307,6.3485,64.441,4.6625
1992-09-30,44003,Kent,11.7265,1.6452,59.0668,4.2424
1992-10-01,44003,Kent,9.5885,0.2864,53.2471,3.8808
1992-10-02,44003,Kent,17.6478,-0.1549,63.2085,4.6487
1992-10-03,44003,Kent,24.0923,9.7589,59.9472,4.7612
1992-10-04,44003,Kent,16.8673,6.9085,59.6613,2.9121
1992-10-05,44003,Kent,10.8616,3.066,55.0883,4.7763
1992-10-06,44003,Kent,13.2967,1.6644,50.1629,2.4926
1992-10-07,44003,Kent,19.0152,1.9028,50.5278,2.7719
1992-10-08,44003,Kent,18.787,4.2963,58.5952,2.4295
1992-10-09,44003,Kent,21.2536,7.249,75.9937,3.8055
1992-10-10,44003,Kent,21.1619,11.8726,72.7854,3.0969
1992-10-11,44003,Kent,22.1304,10.4708,69.904,1.874
1992-10-12,44003,Kent,18.4238,8.252,64.7094,3.3617
1992-10-13,44003,Kent,18.0162,5.1352,52.2033,3.172
1992-10-14,44003,Kent,16.8214,3.4067,54.4318,2.3388
1992-10-15,44003,Kent,18.917,9.4023,64.8229,1.6386
1992-10-16,44003,Kent,20.896,9.2213,71.3335,4.4112
1992-10-17,44003,Kent,16.6453,1.1562,49.9603,4.5449
1992-10-18,44003,Kent,12.1264,-1.4149,52.256,2.2437
1992-10-19,44003,Kent,9.1516,2.8805,67.8177,3.2031
1992-10-20,44003,Kent,11.6017,0.1422,61.7313,2.6542
1992-10-21,44003,Kent,12.7642,5.9195,72.0493,2.4342
1992-10-22,44003,Kent,11.7098,4.5036,60.1917,3.2859
1992-10-23,44003,Kent,13.8661,3.4081,57.9532,2.6711
1992-10-24,44003,Kent,14.1875,5.5718,78.8309,4.7931
1992-10-25,44003,Kent,13.9458,1.1001,64.0758,5.2026
1992-10-26,44003,Kent,10.4484,-1.6821,57.991,5.4751
1992-10-27,44003,Kent,11.0469,1.4151,55.8776,4.0712
1992-10-28,44003,Kent,12.5824,-0.4269,55.8598,2.0437
1992-10-29,44003,Kent,15.704,4.5243,66.2734,1.8309
1992-10-30,44003,Kent,14.9354,6.0614,61.4876,2.5109
1992-10-31,44003,Kent,9.2109,2.457,68.1487,3.6872
1992-11-01,44003,Kent,6.2688,-2.5428,55.941,3.7699
1992-11-02,44003,Kent,5.853,-3.6058,67.4281,3.3774
1992-11-03,44003,Kent,12.1518,2.3823,77.3568,3.8497
1992-11-04,44003,Kent,15.6583,2.5706,75.4869,3.4231
1992-11-05,44003,Kent,15.402,5.2619,66.5396,1.7761
1992-11-06,44003,Kent,9.6563,2.3901,60.6549,3.786
1992-11-07,44003,Kent,5.1849,-0.6901,55.793,2.6308
1992-11-08,44003,Kent,3.7928,-2.4956,51.5198,3.7034
1992-11-09,44003,Kent,2.548,-3.838,52.3333,2.5337
1992-11-10,44003,Kent,5.0681,-4.3721,58.7567,2.2459
1992-11-11,44003,Kent,11.0672,0.9709,81.3988,5.045
1992-11-12,44003,Kent,12.8304,4.6324,78.7716,3.8291
1992-11-13,44003,Kent,15.2833,1.0253,64.2616,5.8141
1992-11-14,44003,Kent,7.3353,-1.5439,45.7893,3.3237
1992-11-15,44003,Kent,6.2447,-1.8502,48.7636,2.7055
1992-11-16,44003,Kent,3.7158,-4.3342,46.7595,2.8076
1992-11-17,44003,Kent,7.2123,-1.9099,68.4002,2.5998
1992-11-18,44003,Kent,6.2211,0.3816,61.9842,2.2662
1992-11-19,44003,Kent,4.0684,-1.559,57.6021,2.5647
1992-11-20,44003,Kent,4.3906,-5.0743,57.1097,2.2137
1992-11-21,44003,Kent,11.8947,-1.8978,81.3929,4.6875
1992-11-22,44003,Kent,13.9671,9.133,80.211,3.9909
1992-11-23,44003,Kent,17.8657,6.8211,75.5615,3.8833
1992-11-24,44003,Kent,9.0229,2.5241,69.9171,3.9669
1992-11-25,44003,Kent,11.0824,3.6605,74.8981,2.301
1992-11-26,44003,Kent,13.3,3.6187,84.5286,2.6717
1992-11-27,44003,Kent,12.7063,2.7706,62.9793,3.0864
1992-11-28,44003,Kent,10.0001,0.2525,63.2072,1.2449
1992-11-29,44003,Kent,8.3733,2.0278,58.6207,3.0848
1992-11-30,44003,Kent,6.7301,0.1207,59.2179,4.5785
1992-12-01,44003,Kent,6.7232,0.4163,59.067,1.9511
1992-12-02,44003,Kent,8.0893,-0.4854,67.8469,2.8887
1992-12-03,44003,Kent,6.2907,-0.339,72.7657,4.6067
1992-12-04,44003,Kent,4.4156,-3.118,60.7068,4.405
1992-12-05,44003,Kent,3.9952,-6.5898,65.5682,5.853
1992-12-06,44003,Kent,0.5856,-8.4006,46.8101,6.9853
1992-12-07,44003,Kent,3.5353,-2.5712,54.1844,5.5233
1992-12-08,44003,Kent,0.0868,-7.9017,40.131,5.1205
1992-12-09,44003,Kent,-3.3567,-10.2146,44.3823,4.3941
1992-12-10,44003,Kent,2.3959,-8.5176,71.014,5.6637
1992-12-11,44003,Kent,5.7608,-0.3248,81.7376,11.2463
1992-12-12,44003,Kent,4.3192,0.0786,72.1989,10.8464
1992-12-13,44003,Kent,3.7927,-2.0666,71.9822,8.4665
1992-12-14,44003,Kent,4.8496,-3.2382,64.2067,4.563
1992-12-15,44003,Kent,5.7183,-3.6798,60.2029,1.7245
1992-12-16,44003,Kent,6.4672,-3.6592,78.3256,3.6457
1992-12-17,44003,Kent,9.464,0.4566,74.9029,3.3118
1992-12-18,44003,Kent,5.6469,-3.9213,58.6828,4.1768
1992-12-19,44003,Kent,5.8616,-3.8297,68.9119,3.0982
1992-12-20,44003,Kent,9.5422,-2.4173,72.4562,5.6998
1992-12-21,44003,Kent,0.402,-4.8776,38.8487,3.0748
1992-12-22,44003,Kent,6.2556,-3.8347,60.9293,2.8056
1992-12-23,44003,Kent,5.5973,-2.3169,69.9238,3.0383
1992-12-24,44003,Kent,2.3027,-12.7629,52.463,7.0814
1992-12-25,44003,Kent,2.8502,-12.9578,57.8348,6.13
1992-12-26,44003,Kent,2.4475,-7.8005,37.7686,6.7548
1992-12-27,44003,Kent,-4.2892,-11.2107,39.1744,2.73
1992-12-28,44003,Kent,3.7707,-7.0419,100.0,2.207
1992-12-29,44003,Kent,9.874,0.7436,75.5631,1.7363
1992-12-30,44003,Kent,10.1137,2.4182,74.6603,2.0045
1992-12-31,44003,Kent,9.1378,1.5025,79.2948,2.114
1993-01-01,44003,Kent,7.9457,-7.6825,44.9647,6.3291
1993-01-02,44003,Kent,-1.6116,-8.1837,38.2137,4.8029
1993-01-03,44003,Kent,3.176,-10.347,64.2484,3.4515
1993-01-04,44003,Kent,8.88,-0.5084,80.3877,6.2111
1993-01-05,44003,Kent,13.0651,-0.1976,77.3414,6.4722
1993-01-06,44003,Kent,5.3744,-3.4784,62.8031,1.5332
1993-01-07,44003,Kent,4.8437,-3.5422,60.9657,1.6518
1993-01-08,44003,Kent,5.0567,-3.1349,64.2796,2.6
1993-01-09,44003,Kent,0.8616,-7.6009,50.1883,6.3198
1993-01-10,44003,Kent,-3.5477,-8.4399,50.0974,5.0099
1993-01-11,44003,Kent,-0.4646,-8.1475,74.8598,1.8107
1993-01-12,44003,Kent,1.1611,-4.6273,79.9749,1.3918
1993-01-13,44003,Kent,1.6552,-3.3028,79.7182,4.6416
1993-01-14,44003,Kent,0.2577,-6.0763,67.3192,3.1409
1993-01-15,44003,Kent,1.4382,-5.9071,79.3303,2.0601
1993-01-16,44003,Kent,1.5085,-5.1016,62.6821,1.8643
1993-01-17,44003,Kent,1.5426,-5.3182,67.6295,4.2177
1993-01-18,44003,Kent,0.6761,-9.8748,40.6008,5.8533
1993-01-19,44003,Kent,-3.4846,-11.5015,44.6719,4.2773
1993-01-20,44003,Kent,1.5022,-10.1809,58.1859,4.1429
1993-01-21,44003,Kent,3.1847,-6.0747,66.8737,2.6439
1993-01-22,44003,Kent,5.7255,-2.4148,82.0832,3.9573
1993-01-23,44003,Kent,6.8704,-3.0858,67.0255,3.8862
1993-01-24,44003,Kent,8.7881,-3.4144,75.5619,5.2388
1993-01-25,44003,Kent,7.8712,-4.5783,41.7212,6.1584
1993-01-26,44003,Kent,0.2804,-6.7383,44.3943,3.1896
1993-01-27,44003,Kent,3.7287,-5.2198,63.5885,4.0281
1993-01-28,44003,Kent,0.7587,-6.1019,44.2481,4.9755
1993-01-29,44003,Kent,3.5759,-9.5817,53.5252,6.1772
1993-01-30,44003,Kent,-2.0808,-10.516,34.9041,6.0183
1993-01-31,44003,Kent,2.4956,-9.5511,67.4779,2.2108
1993-02-01,44003,Kent,1.1945,-14.849,49.7762,6.3585
1993-02-02,44003,Kent,-4.0189,-15.1215,48.7406,6.2498
1993-02-03,44003,Kent,3.0633,-11.4901,52.4719,3.833
1993-02-04,44003,Kent,0.7466,-8.6655,46.0454,5.9685
1993-02-05,44003,Kent,5.5817,-9.1457,43.5309,4.6267
1993-02-06,44003,Kent,1.177,-15.2169,43.811,5.4822
1993-02-07,44003,Kent,-3.7542,-16.8,54.6461,2.6701
1993-02-08,44003,Kent,2.8158,-7.1888,54.6328,4.2445
1993-02-09,44003,Kent,-2.0561,-12.1037,40.9206,2.9284
1993-02-10,44003,Kent,5.9534,-6.9816,63.6616,3.6571
1993-02-11,44003,Kent,2.8352,-5.8213,48.8286,4.873
1993-02-12,44003,Kent,3.2534,-5.977,64.9775,7.9591
1993-02-13,44003,Kent,4.8696,-3.6055,67.9037,5.1316
1993-02-14,44003,Kent,1.4985,-6.0814,49.2279,5.1994
1993-02-15,44003,Kent,1.1525,-8.2448,47.0388,3.1484
1993-02-16,44003,Kent,6.737,-3.5877,64.6302,5.4091
1993-02-17,44003,Kent,6.4688,-6.2309,53.2005,6.0485
1993-02-18,44003,Kent,0.0849,-7.3707,42.2885,1.9755
1993-02-19,44003,Kent,-2.3257,-10.5428,44.6127,4.8527
1993-02-20,44003,Kent,-2.8674,-12.5289,47.7924,3.074
1993-02-21,44003,Kent,0.4649,-10.9279,57.8839,4.6168
1993-02-22,44003,Kent,5.8826,-3.0738,65.8749,1.8547
1993-02-23,44003,Kent,3.0151,-5.8974,55.7766,3.6932
1993-02-24,44003,Kent,-2.1702,-10.6694,36.01,5.7584
1993-02-25,44003,Kent,-5.2856,-13.2063,36.3597,5.141
1993-02-26,44003,Kent,-1.585,-13.6294,42.2646,1.5425
1993-02-27,44003,Kent,-0.1128,-10.4023,49.0061,5.9247
1993-02-28,44003,Kent,1.2811,-7.4034,36.8382,6.6076
1993-03-01,44003,Kent,3.3774,-8.487,34.6452,4.104
1993-03-02,44003,Kent,6.1849,-4.9524,50.7195,2.7088
1993-03-03,44003,Kent,7.8632,-2.4515,49.2404,1.7832
1993-03-04,44003,Kent,5.03,-2.0906,60.6255,8.0498
1993-03-05,44003,Kent,3.3654,-3.022,71.9056,7.8262
1993-03-06,44003,Kent,2.3456,-4.6196,66.5085,3.8876
1993-03-07,44003,Kent,5.7666,-2.829,55.8314,3.9973
1993-03-08,44003,Kent,9.9532,-2.5025,63.7699,2.2581
1993-03-09,44003,Kent,7.7234,-1.0013,61.1242,4.5474
1993-03-10,44003,Kent,6.2952,-3.3394,56.6745,2.9065
1993-03-11,44003,Kent,5.3206,-4.4341,58.3542,4.9692
1993-03-12,44003,Kent,0.2132,-6.9485,33.5038,3.898
1993-03-13,44003,Kent,4.6694,-6.7368,66.9046,7.2388
1993-03-14,44003,Kent,4.5798,-9.9333,47.8598,8.981
1993-03-15,44003,Kent,-1.9331,-13.0497,33.9452,5.5489
1993-03-16,44003,Kent,3.5919,-7.0635,63.643,6.2661
1993-03-17,44003,Kent,8.5344,-0.4878,73.3338,5.4408
1993-03-18,44003,Kent,2.1856,-10.2238,42.7801,6.5857
1993-03-19,44003,Kent,0.6572,-11.608,51.2943,3.0176
1993-03-20,44003,Kent,3.774,-6.7772,49.9077,1.6775
1993-03-21,44003,Kent,5.7096,-2.9365,67.1911,2.251
1993-03-22,44003,Kent,6.8854,-3.4495,52.3621,3.4066
1993-03-23,44003,Kent,7.9139,-3.5489,49.035,1.9267
1993-03-24,44003,Kent,7.4194,-0.0002,69.4997,4.1364
1993-03-25,44003,Kent,10.0005,-0.0711,66.3334,4.0811
1993-03-26,44003,Kent,15.6818,2.291,58.6502,1.3326
1993-03-27,44003,Kent,16.3057,4.518,53.5687,1.7013
1993-03-28,44003,Kent,12.646,3.821,74.6007,2.9769
1993-03-29,44003,Kent,12.1378,3.8548,73.166,3.9607
1993-03-30,44003,Kent,10.7592,2.9595,68.7467,3.8522
1993-03-31,44003,Kent,14.864,2.531,48.486,2.9981
1993-04-01,44003,Kent,8.5706,2.3395,74.1206,4.9135
1993-04-02,44003,Kent,10.4669,1.0584,64.1731,3.8814
1993-04-03,44003,Kent,7.0153,-0.1868,60.0625,3.0784
1993-04-04,44003,Kent,5.4341,-0.7197,58.3244,3.2903
1993-04-05,44003,Kent,11.6522,-1.5048,46.3705,1.8068
1993-04-06,44003,Kent,10.6866,-0.198,48.9726,3.6812
1993-04-07,44003,Kent,13.5199,-0.6854,40.3105,3.6527
1993-04-08,44003,Kent,16.7051,-0.0333,40.0656,1.6593
1993-04-09,44003,Kent,16.9852,3.5376,58.1168,2.8294
1993-04-10,44003,Kent,15.8407,5.5146,76.1433,4.9297
1993-04-11,44003,Kent,16.3588,8.6536,71.8804,2.0124
1993-04-12,44003,Kent,11.9136,5.2902,72.6344,3.9875
1993-04-13,44003,Kent,12.399,5.3336,64.1254,4.205
1993-04-14,44003,Kent,14.5506,5.0789,54.9322,1.7955
1993-04-15,44003,Kent,13.5136,5.8162,63.398,3.58
1993-04-16,44003,Kent,18.3715,7.5679,70.153,6.2963
1993-04-17,44003,Kent,16.9768,7.6586,67.1892,5.2428
1993-04-18,44003,Kent,11.8743,3.703,52.2179,3.5186
1993-04-19,44003,Kent,18.2725,1.3262,51.3365,4.7246
1993-04-20,44003,Kent,17.5505,5.0009,61.7252,5.1816
1993-04-21,44003,Kent,17.9348,7.1599,67.9698,3.6757
1993-04-22,44003,Kent,17.6228,8.5427,70.1698,2.704
1993-04-23,44003,Kent,10.3827,5.0311,58.5515,5.7427
1993-04-24,44003,Kent,17.4882,2.1596,40.2456,3.2629
1993-04-25,44003,Kent,19.309,6.2141,61.0689,5.3624
1993-04-26,44003,Kent,19.4544,8.0166,66.4366,3.3049
1993-04-27,44003,Kent,9.5392,0.2727,59.3763,6.9464
1993-04-28,44003,Kent,12.9262,-0.3669,47.9854,4.5211
1993-04-29,44003,Kent,16.9484,-0.0458,51.7699,3.8193
1993-04-30,44003,Kent,20.2482,3.4337,55.9732,3.5843
1993-05-01,44003,Kent,23.3955,6.5264,55.3173,1.7765
1993-05-02,44003,Kent,22.5898,8.0655,47.4745,2.9903
1993-05-03,44003,Kent,19.3753,5.5791,58.3997,3.3934
1993-05-04,44003,Kent,21.984,5.8449,65.1723,2.4963
1993-05-05,44003,Kent,22.9472,11.4389,68.2635,3.8486
1993-05-06,44003,Kent,25.2117,12.9403,56.9506,3.2332
1993-05-07,44003,Kent,22.9786,11.1468,51.9144,2.6106
1993-05-08,44003,Kent,21.8269,8.3221,57.2914,2.1943
1993-05-09,44003,Kent,27.3693,8.8096,45.5539,1.9378
1993-05-10,44003,Kent,20.2009,10.121,59.0637,2.8965
1993-05-11,44003,Kent,29.4899,9.5011,54.132,3.4311
1993-05-12,44003,Kent,26.3708,13.4699,49.7528,2.1737
1993-05-13,44003,Kent,23.0903,13.0245,53.3432,1.8712
1993-05-14,44003,Kent,18.6684,8.8143,55.9224,2.1632
1993-05-15,44003,Kent,19.8823,7.7153,59.9201,3.0099
1993-05-16,44003,Kent,27.1483,9.9401,57.5386,2.8137
1993-05-17,44003,Kent,19.331,9.7421,50.6399,2.7521
1993-05-18,44003,Kent,19.5186,8.4346,58.736,2.8183
1993-05-19,44003,Kent,16.4252,9.6992,72.5763,1.8833
1993-05-20,44003,Kent,15.3718,7.4287,77.6076,2.1013
1993-05-21,44003,Kent,20.2916,10.0139,56.9748,2.2353
1993-05-22,44003,Kent,20.7735,10.5584,49.269,1.6718
1993-05-23,44003,Kent,20.9529,7.9689,48.5705,2.9113
1993-05-24,44003,Kent,22.2531,8.7658,65.324,3.4785
1993-05-25,44003,Kent,27.4476,14.1153,60.0827,4.1512
1993-05-26,44003,Kent,21.1691,11.0153,55.4641,3.4558
1993-05-27,44003,Kent,20.356,8.1716,51.1692,4.5321
1993-05-28,44003,Kent,20.9434,6.583,60.4376,2.8497
1993-05-29,44003,Kent,22.7755,8.4118,53.5709,4.8298
1993-05-30,44003,Kent,19.6703,5.6857,49.6483,3.7266
1993-05-31,44003,Kent,20.8158,8.9595,59.0488,3.5843
1993-06-01,44003,Kent,21.4267,9.7918,66.3961,4.0755
1993-06-02,44003,Kent,19.5324,6.2585,54.4291,3.7345
1993-06-03,44003,Kent,22.6725,8.2632,55.8561,3.4805
1993-06-04,44003,Kent,20.2738,11.2864,57.1109,2.0576
1993-06-05,44003,Kent,20.6294,9.5823,61.1462,3.1841
1993-06-06,44003,Kent,18.5092,11.3481,70.3385,2.4574
1993-06-07,44003,Kent,23.9941,9.9925,54.8076,3.488
1993-06-08,44003,Kent,24.9162,11.0857,60.8721,2.0827
1993-06-09,44003,Kent,26.4478,14.4465,71.0623,3.0553
1993-06-10,44003,Kent,29.7109,18.1155,57.5831,4.443
1993-06-11,44003,Kent,25.2258,15.663,60.0264,3.5572
1993-06-12,44003,Kent,23.9273,11.7935,62.0032,2.0922
1993-06-13,44003,Kent,24.5549,10.7878,61.2995,2.7971
1993-06-14,44003,Kent,27.5737,12.4335,58.3342,3.7828
1993-06-15,44003,Kent,25.5742,12.9663,67.294,4.5989
1993-06-16,44003,Kent,27.9321,16.7795,58.934,2.9597
1993-06-17,44003,Kent,24.9952,14.1923,58.4242,1.515
1993-06-18,44003,Kent,29.2886,13.7503,63.8532,3.673
1993-06-19,44003,Kent,31.6886,18.9984,60.8957,2.869
1993-06-20,44003,Kent,23.7323,17.4618,72.8628,2.0952
1993-06-21,44003,Kent,29.5945,17.2621,68.6935,3.7987
1993-06-22,44003,Kent,28.8517,16.9662,58.5255,4.9726
1993-06-23,44003,Kent,24.4632,11.3621,43.964,4.9262
1993-06-24,44003,Kent,26.2106,8.8513,44.9247,2.2356
1993-06-25,44003,Kent,28.027,12.237,52.9424,3.628
1993-06-26,44003,Kent,29.2382,14.8951,64.3621,5.2704
1993-06-27,44003,Kent,27.9522,18.0479,67.155,2.9685
1993-06-28,44003,Kent,30.1952,17.8233,60.5237,4.3063
1993-06-29,44003,Kent,30.5088,18.5327,51.8745,2.2588
1993-06-30,44003,Kent,27.2309,17.3324,56.9279,1.191
1993-07-01,44003,Kent,26.5811,12.4772,58.6786,2.5712
1993-07-02,44003,Kent,22.8976,10.1337,72.0606,2.2151
1993-07-03,44003,Kent,24.8554,16.0252,87.0374,2.3726
1993-07-04,44003,Kent,30.89,19.2829,58.7995,2.3623
1993-07-05,44003,Kent,28.7005,15.1835,57.1677,2.2558
1993-07-06,44003,Kent,30.5299,14.7469,64.3876,4.1083
1993-07-07,44003,Kent,32.2677,19.1335,74.3755,3.3461
1993-07-08,44003,Kent,32.2785,23.4448,69.7469,1.6192
1993-07-09,44003,Kent,34.1394,22.9694,59.2707,2.1912
1993-07-10,44003,Kent,36.2845,21.6526,54.9156,3.1682
1993-07-11,44003,Kent,32.8827,18.2113,50.7309,3.0645
1993-07-12,44003,Kent,31.0744,18.079,64.9295,2.7384
1993-07-13,44003,Kent,31.061,17.1979,44.7056,3.05
1993-07-14,44003,Kent,31.8413,15.6628,52.5254,2.5529
1993-07-15,44003,Kent,30.4423,15.7994,53.9754,3.9302
1993-07-16,44003,Kent,28.0833,11.7593,45.6973,4.2
1993-07-17,44003,Kent,25.8295,12.6544,50.6474,3.6697
1993-07-18,44003,Kent,28.9276,15.2045,43.7883,2.3633
1993-07-19,44003,Kent,21.842,14.3244,93.0329,3.2474
1993-07-20,44003,Kent,29.2724,17.8542,71.0467,2.3793
1993-07-21,44003,Kent,27.5174,17.3623,55.7504,3.6359
1993-07-22,44003,Kent,26.2239,13.1471,53.2216,3.8881
1993-07-23,44003,Kent,22.9528,13.2938,66.2183,3.445
1993-07-24,44003,Kent,27.2293,12.9489,59.4773,2.2922
1993-07-25,44003,Kent,28.7732,14.3768,53.896,2.4407
1993-07-26,44003,Kent,23.0525,13.0436,62.3905,2.9415
1993-07-27,44003,Kent,22.8286,14.5234,91.6619,4.1628
1993-07-28,44003,Kent,28.9669,19.3502,72.6439,2.0979
1993-07-29,44003,Kent,28.1935,20.5839,79.4393,3.1763
1993-07-30,44003,Kent,29.5373,18.9048,65.2907,2.9832
1993-07-31,44003,Kent,26.2364,17.5277,71.5993,2.2123
1993-08-01,44003,Kent,26.8683,18.1759,77.3938,2.4111
1993-08-02,44003,Kent,29.1447,17.757,78.2845,3.9642
1993-08-03,44003,Kent,33.3055,19.8238,62.4385,3.1167
1993-08-04,44003,Kent,32.6371,19.8715,60.2244,2.5926
1993-08-05,44003,Kent,27.4368,16.1313,53.0617,3.0087
1993-08-06,44003,Kent,24.4451,11.5188,60.2299,1.945
1993-08-07,44003,Kent,21.8102,13.3029,74.4577,2.7582
1993-08-08,44003,Kent,26.1416,13.1387,71.8427,1.8893
1993-08-09,44003,Kent,27.3986,15.0418,66.1218,2.0498
1993-08-10,44003,Kent,27.7402,13.4447,58.5685,2.5268
1993-08-11,44003,Kent,28.0497,12.3073,63.5447,2.4926
1993-08-12,44003,Kent,25.4389,11.7503,70.8012,1.6989
1993-08-13,44003,Kent,26.4116,15.8382,71.7751,1.4108
1993-08-14,44003,Kent,29.0814,17.0761,71.0937,1.8402
1993-08-15,44003,Kent,29.6376,17.8215,68.2206,1.4102
1993-08-16,44003,Kent,27.7791,17.7459,74.4243,2.5763
1993-08-17,44003,Kent,23.3504,17.6468,91.4978,2.7087
1993-08-18,44003,Kent,25.743,17.0451,78.9537,3.0138
1993-08-19,44003,Kent,27.2512,15.105,71.3805,2.0628
1993-08-20,44003,Kent,26.8986,16.3857,85.1892,3.7086
1993-08-21,44003,Kent,25.8817,17.0119,71.2723,2.9066
1993-08-22,44003,Kent,22.5411,14.2094,62.6252,1.5504
1993-08-23,44003,Kent,26.2699,15.2802,68.4004,2.4242
1993-08-24,44003,Kent,27.8955,15.6854,75.7706,4.2684
1993-08-25,44003,Kent,31.7523,18.4505,70.3386,3.3528
1993-08-26,44003,Kent,33.5989,18.6782,57.1708,2.045
1993-08-27,44003,Kent,33.765,17.1119,61.7092,3.6744
1993-08-28,44003,Kent,34.0924,19.8754,68.159,4.0327
1993-08-29,44003,Kent,28.2394,16.5837,59.1588,1.615
1993-08-30,44003,Kent,28.6373,16.6903,62.3017,1.8356
1993-08-31,44003,Kent,28.7094,17.2237,76.4668,3.9605
1993-09-01,44003,Kent,31.45,16.5275,62.1405,2.5485
1993-09-02,44003,Kent,24.3033,15.1527,64.8394,2.6161
1993-09-03,44003,Kent,31.846,17.018,69.5622,5.0653
1993-09-04,44003,Kent,26.1911,19.644,77.3729,2.2548
1993-09-05,44003,Kent,27.9351,16.4216,62.2423,1.6897
1993-09-06,44003,Kent,28.3241,15.4076,56.8378,2.0246
1993-09-07,44003,Kent,27.6272,15.64,64.2511,2.0938
1993-09-08,44003,Kent,22.643,14.8262,78.2812,1.9597
1993-09-09,44003,Kent,25.1488,14.3951,74.2117,3.2207
1993-09-10,44003,Kent,24.2761,17.6267,76.8381,4.3455
1993-09-11,44003,Kent,18.5106,8.8513,57.3984,4.6185
1993-09-12,44003,Kent,19.121,6.4057,67.1114,2.8422
1993-09-13,44003,Kent,24.4913,12.9017,69.4528,4.8244
1993-09-14,44003,Kent,27.8258,15.7006,67.326,5.1766
1993-09-15,44003,Kent,28.5797,17.2256,71.8702,5.3184
1993-09-16,44003,Kent,20.1213,10.4649,77.9864,4.841
1993-09-17,44003,Kent,16.4337,8.0308,93.8799,3.2001
1993-09-18,44003,Kent,19.4696,12.8352,86.8438,1.6341
1993-09-19,44003,Kent,18.7928,6.1593,66.2872,3.5375
1993-09-20,44003,Kent,14.9145,2.8013,52.7404,2.5042
1993-09-21,44003,Kent,12.9387,7.7797,84.6068,2.1763
1993-09-22,44003,Kent,16.142,9.6166,86.5891,3.7066
1993-09-23,44003,Kent,17.8815,10.4689,88.7975,3.3038
1993-09-24,44003,Kent,17.2665,8.1318,63.9774,3.1604
1993-09-25,44003,Kent,17.8421,6.3273,69.7353,2.8494
1993-09-26,44003,Kent,20.0115,11.182,99.8603,4.4685
1993-09-27,44003,Kent,23.807,16.5025,84.7152,4.1875
1993-09-28,44003,Kent,17.5185,10.0482,74.8077,5.5998
1993-09-29,44003,Kent,16.5219,6.6822,62.7379,3.3723
1993-09-30,44003,Kent,13.7561,3.273,64.7124,2.858
1993-10-01,44003,Kent,14.7715,2.911,61.1647,2.9703
1993-10-02,44003,Kent,20.075,8.5277,71.1209,4.7939
1993-10-03,44003,Kent,16.742,5.2388,73.1507,3.5592
1993-10-04,44003,Kent,19.29,4.7059,64.0259,6.1738
1993-10-05,44003,Kent,14.074,3.7217,59.1444,3.9153
1993-10-06,44003,Kent,14.6574,2.4872,54.7677,3.1721
1993-10-07,44003,Kent,19.8067,8.0719,67.1652,5.8947
1993-10-08,44003,Kent,24.0158,10.5983,64.4505,3.6867
1993-10-09,44003,Kent,22.9157,13.1261,66.7343,3.4219
1993-10-10,44003,Kent,16.1614,-1.9663,49.7288,4.3807
1993-10-11,44003,Kent,9.5339,-3.8998,56.0556,3.2744
1993-10-12,44003,Kent,15.022,0.7308,86.3064,4.1146
1993-10-13,44003,Kent,12.6578,0.4003,58.6928,4.3049
1993-10-14,44003,Kent,11.7691,-2.0383,61.0824,1.5906
1993-10-15,44003,Kent,14.6421,7.0138,74.6762,1.4982
1993-10-16,44003,Kent,18.5559,7.2759,65.3779,2.6914
1993-10-17,44003,Kent,18.8049,7.872,80.196,2.1711
1993-10-18,44003,Kent,19.5271,6.3883,63.5505,3.7521
1993-10-19,44003,Kent,13.7052,3.1777,59.9353,1.6935
1993-10-20,44003,Kent,11.2974,6.4716,79.786,4.5676
1993-10-21,44003,Kent,19.3166,7.3573,81.1015,5.7559
1993-10-22,44003,Kent,12.8442,3.2922,56.3684,5.1204
1993-10-23,44003,Kent,10.0008,0.778,52.7507,3.9694
1993-10-24,44003,Kent,15.1519,0.1846,63.1987,5.47
1993-10-25,44003,Kent,18.2259,5.1227,53.3569,3.0909
1993-10-26,44003,Kent,12.4242,3.296,68.0799,4.9228
1993-10-27,44003,Kent,12.325,5.8404,81.3079,4.8637
1993-10-28,44003,Kent,13.8827,4.0572,58.7903,3.2652
1993-10-29,44003,Kent,13.5427,3.0408,60.5093,2.847
1993-10-30,44003,Kent,12.8774,4.6258,73.3533,3.6807
1993-10-31,44003,Kent,8.6461,1.7292,82.2524,5.6969
1993-11-01,44003,Kent,10.4066,0.1594,67.3453,5.7397
1993-11-02,44003,Kent,7.9858,-3.002,47.8709,3.7397
1993-11-03,44003,Kent,12.4728,-1.4015,65.0726,3.9459
1993-11-04,44003,Kent,10.7397,0.2572,65.0948,3.415
1993-11-05,44003,Kent,14.9497,2.2066,83.6788,4.8413
1993-11-06,44003,Kent,16.3723,4.9707,60.7275,3.7951
1993-11-07,44003,Kent,8.2486,-2.6773,48.7869,3.88
1993-11-08,44003,Kent,7.4542,-4.1085,54.167,3.1412
1993-11-09,44003,Kent,10.6701,-2.8256,54.4673,3.0113
1993-11-10,44003,Kent,11.5947,-1.8375,47.524,2.1671
1993-11-11,44003,Kent,11.5403,-2.4118,58.8788,3.7273
1993-11-12,44003,Kent,13.4161,-0.8277,56.0189,4.6098
1993-11-13,44003,Kent,11.1996,-3.3478,68.087,3.8308
1993-11-14,44003,Kent,20.1898,7.5153,67.3787,4.5366
1993-11-15,44003,Kent,22.1043,10.1321,60.3348,5.0264
1993-11-16,44003,Kent,13.0755,3.3847,56.3593,2.5009
1993-11-17,44003,Kent,13.2599,2.266,76.0266,3.577
1993-11-18,44003,Kent,13.7574,-0.1564,53.0757,3.8882
1993-11-19,44003,Kent,12.2094,-0.7096,78.9004,4.2805
1993-11-20,44003,Kent,11.9735,-3.3216,60.2175,6.6077
1993-11-21,44003,Kent,4.9953,-3.4014,53.176,5.2898
1993-11-22,44003,Kent,11.5976,-0.5371,56.8122,4.5576
1993-11-23,44003,Kent,11.5714,-1.5227,57.5703,2.1387
1993-11-24,44003,Kent,13.6167,1.0214,58.0657,3.1854
1993-11-25,44003,Kent,3.9696,-6.8027,39.5975,4.3157
1993-11-26,44003,Kent,5.5226,-7.8015,39.3383,2.2863
1993-11-27,44003,Kent,10.0366,-3.2012,74.6129,5.0564
1993-11-28,44003,Kent,15.4089,6.3852,76.9463,7.8246
1993-11-29,44003,Kent,11.7478,-0.7247,46.2414,2.5756
1993-11-30,44003,Kent,5.7437,-3.9609,54.1791,3.5571
1993-12-01,44003,Kent,3.8469,-5.365,55.9921,2.4607
1993-12-02,44003,Kent,7.669,-3.46,69.6648,1.9255
1993-12-03,44003,Kent,9.9467,-0.5505,70.7047,2.4852
1993-12-04,44003,Kent,8.018,-1.6441,73.7427,2.2655
1993-12-05,44003,Kent,14.5376,2.1103,76.8764,5.8681
1993-12-06,44003,Kent,6.6471,-1.6052,66.9633,3.2365
1993-12-07,44003,Kent,9.0814,-0.7978,58.9983,3.2279
1993-12-08,44003,Kent,6.6385,-0.6276,58.3116,1.597
1993-12-09,44003,Kent,4.877,-4.1119,59.2924,1.9466
1993-12-10,44003,Kent,10.2078,-1.0047,80.7673,5.1175
1993-12-11,44003,Kent,10.7479,-5.1496,80.5548,4.6983
1993-12-12,44003,Kent,0.1948,-6.3008,50.8421,6.2012
1993-12-13,44003,Kent,3.838,-5.459,56.9455,7.3934
1993-12-14,44003,Kent,5.6325,-1.5433,75.0577,4.2994
1993-12-15,44003,Kent,8.6033,1.2938,74.0352,4.9298
1993-12-16,44003,Kent,5.6002,-3.8372,64.1499,8.3493
1993-12-17,44003,Kent,2.4358,-5.4618,51.547,3.0303
1993-12-18,44003,Kent,4.2052,-4.0583,66.5801,2.7405
1993-12-19,44003,Kent,5.5734,-1.3582,76.5576,2.5147
1993-12-20,44003,Kent,5.8151,-2.9018,70.0684,2.4944
1993-12-21,44003,Kent,12.4494,-0.1199,74.8113,8.2432
1993-12-22,44003,Kent,4.0025,-2.6412,56.173,7.5486
1993-12-23,44003,Kent,2.5552,-5.8838,44.514,3.6744
1993-12-24,44003,Kent,-0.2633,-8.4115,49.1443,2.4103
1993-12-25,44003,Kent,1.0537,-3.6268,68.3893,2.2307
1993-12-26,44003,Kent,-0.4199,-12.6967,37.0877,8.4608
1993-12-27,44003,Kent,-8.7339,-16.3631,31.0454,4.7226
1993-12-28,44003,Kent,-4.8978,-11.7475,37.8973,3.0568
1993-12-29,44003,Kent,-3.8482,-14.5268,64.1451,3.8909
1993-12-30,44003,Kent,-3.764,-10.2927,62.0693,6.2771
1993-12-31,44003,Kent,-1.7163,-10.7146,43.1111,5.025
1994-01-01,44003,Kent,2.9202,-8.5107,62.1038,4.8713
1994-01-02,44003,Kent,4.4256,-4.4756,59.5863,3.2294
1994-01-03,44003,Kent,0.4339,-6.35,54.3385,6.1246
1994-01-04,44003,Kent,3.0216,-4.0701,66.0333,6.9975
1994-01-05,44003,Kent,0.2697,-11.0998,42.5505,7.2583
1994-01-06,44003,Kent,-4.2668,-15.3622,46.9211,3.2651
1994-01-07,44003,Kent,-2.3557,-9.4012,65.2611,5.5281
1994-01-08,44003,Kent,0.0772,-11.0235,66.8916,5.8399
1994-01-09,44003,Kent,-6.9724,-14.468,51.4354,7.0003
1994-01-10,44003,Kent,-8.1033,-17.09,50.7202,4.9705
1994-01-11,44003,Kent,1.4227,-15.0408,65.5906,3.7554
1994-01-12,44003,Kent,1.9961,-5.3537,61.7563,2.8883
1994-01-13,44003,Kent,2.7898,-4.3062,62.2867,1.9706
1994-01-14,44003,Kent,1.8968,-4.3389,65.9474,2.8131
1994-01-15,44003,Kent,-0.8593,-18.1393,28.6192,7.1369
1994-01-16,44003,Kent,-13.5888,-21.582,39.1061,5.962
1994-01-17,44003,Kent,4.7737,-18.1381,71.5852,6.226
1994-01-18,44003,Kent,5.0466,-17.3921,48.3631,6.467
1994-01-19,44003,Kent,-13.5041,-20.2742,42.7495,5.0096
1994-01-20,44003,Kent,-10.4367,-18.7156,47.767,3.7761
1994-01-21,44003,Kent,-5.8209,-17.6791,54.03,3.5588
1994-01-22,44003,Kent,-2.7454,-12.2936,47.0099,6.1366
1994-01-23,44003,Kent,-0.9632,-14.8515,47.9036,3.5991
1994-01-24,44003,Kent,4.7376,-4.8049,59.0953,3.7773
1994-01-25,44003,Kent,1.3333,-5.4693,52.3984,2.725
1994-01-26,44003,Kent,-1.8311,-17.9186,45.7455,7.0056
1994-01-27,44003,Kent,-2.2248,-19.2763,51.3506,4.2315
1994-01-28,44003,Kent,6.1293,-5.6942,74.3629,6.9615
1994-01-29,44003,Kent,5.1799,-3.4151,52.0245,4.0256
1994-01-30,44003,Kent,0.4824,-7.5449,34.7128,3.8094
1994-01-31,44003,Kent,-0.7669,-7.7841,36.0179,2.6057
1994-02-01,44003,Kent,-1.455,-10.3055,44.2626,2.8318
1994-02-02,44003,Kent,-1.4931,-10.3237,46.8852,1.338
1994-02-03,44003,Kent,1.7601,-11.3552,50.7851,5.5597
1994-02-04,44003,Kent,1.3375,-10.3187,48.4668,4.9403
1994-02-05,44003,Kent,4.9715,-4.9328,60.9751,2.572
1994-02-06,44003,Kent,2.5684,-5.848,45.619,3.4492
1994-02-07,44003,Kent,3.6255,-8.6612,47.5562,4.2421
1994-02-08,44003,Kent,-4.9238,-12.5204,53.0036,5.0751
1994-02-09,44003,Kent,-3.3688,-10.6792,66.5251,5.4269
1994-02-10,44003,Kent,-6.7156,-16.7902,55.9533,4.4198
1994-02-11,44003,Kent,-0.8593,-14.2837,70.4917,5.6194
1994-02-12,44003,Kent,0.593,-8.8668,65.3535,4.3967
1994-02-13,44003,Kent,2.544,-6.0662,70.3537,3.4173
1994-02-14,44003,Kent,-1.6742,-14.1953,45.8159,6.8498
1994-02-15,44003,Kent,-0.635,-16.5001,58.8771,2.529
1994-02-16,44003,Kent,-0.6839,-9.0657,60.0375,4.4797
1994-02-17,44003,Kent,2.2095,-10.878,58.4868,3.8661
1994-02-18,44003,Kent,6.1812,-5.894,52.7113,1.8035
1994-02-19,44003,Kent,7.6667,-3.7651,58.0535,3.4985
1994-02-20,44003,Kent,10.2697,-1.3761,59.3071,4.0882
1994-02-21,44003,Kent,8.7834,0.4053,66.3453,2.4456
1994-02-22,44003,Kent,6.219,-4.3128,49.8586,4.1139
1994-02-23,44003,Kent,1.1335,-7.2923,57.9938,6.6057
1994-02-24,44003,Kent,2.8478,-4.5506,69.981,5.1263
1994-02-25,44003,Kent,-0.582,-9.1972,51.8664,6.258
1994-02-26,44003,Kent,-4.4386,-15.2652,63.0084,5.2575
1994-02-27,44003,Kent,-5.8656,-18.3079,45.4226,7.3364
1994-02-28,44003,Kent,-1.3762,-14.8018,35.5653,4.8512
1994-03-01,44003,Kent,0.5999,-8.4835,37.624,2.9878
1994-03-02,44003,Kent,0.7056,-8.307,60.1983,5.1412
1994-03-03,44003,Kent,3.2192,-3.9081,79.9178,7.8375
1994-03-04,44003,Kent,5.433,-2.9325,56.1777,5.259
1994-03-05,44003,Kent,6.2023,-3.2124,54.3509,4.3886
1994-03-06,44003,Kent,3.9656,-2.5448,52.9546,2.4994
1994-03-07,44003,Kent,11.0134,-1.9063,69.5503,2.9883
1994-03-08,44003,Kent,12.1837,1.6869,66.7412,4.0588
1994-03-09,44003,Kent,4.8061,-2.665,49.7885,3.6324
1994-03-10,44003,Kent,10.1205,-0.5527,72.9617,4.2756
1994-03-11,44003,Kent,6.7742,-3.7308,54.7329,5.7672
1994-03-12,44003,Kent,4.2863,-5.3183,40.3829,2.8035
1994-03-13,44003,Kent,8.6197,-2.5487,57.5153,4.461
1994-03-14,44003,Kent,12.5722,-0.373,53.4753,1.2274
1994-03-15,44003,Kent,11.8901,0.0305,55.7423,2.3535
1994-03-16,44003,Kent,9.1963,-1.466,57.7927,3.6901
1994-03-17,44003,Kent,1.7585,-5.7047,58.9925,6.2141
1994-03-18,44003,Kent,4.944,-6.5836,56.5649,3.706
1994-03-19,44003,Kent,5.1853,-2.2846,52.7243,5.2924
1994-03-20,44003,Kent,5.6925,-2.7973,47.5397,4.9318
1994-03-21,44003,Kent,8.8154,-3.2779,57.7319,3.2919
1994-03-22,44003,Kent,8.76,0.0972,67.7021,5.4294
1994-03-23,44003,Kent,18.6137,-1.4589,43.7184,3.3646
1994-03-24,44003,Kent,17.5258,3.4529,49.5773,2.3925
1994-03-25,44003,Kent,15.3677,1.3886,54.7306,2.8944
1994-03-26,44003,Kent,10.5822,-1.5074,43.7107,3.0631
1994-03-27,44003,Kent,9.0912,-1.1232,77.8406,3.8706
1994-03-28,44003,Kent,12.8746,4.8163,73.8597,1.5301
1994-03-29,44003,Kent,8.607,1.9453,69.6068,3.2645
1994-03-30,44003,Kent,9.7456,-0.5061,52.3619,3.4504
1994-03-31,44003,Kent,11.6255,-1.0569,44.8215,4.1562
1994-04-01,44003,Kent,14.6665,0.8181,43.9957,2.1778
1994-04-02,44003,Kent,11.1365,2.1254,49.4172,3.5343
1994-04-03,44003,Kent,16.671,2.0216,57.7255,5.3626
1994-04-04,44003,Kent,15.8404,4.0819,46.7897,1.5317
1994-04-05,44003,Kent,15.1276,0.815,50.5765,3.0725
1994-04-06,44003,Kent,16.1463,2.0472,75.1226,3.3569
1994-04-07,44003,Kent,16.6335,2.4204,62.0604,5.2605
1994-04-08,44003,Kent,12.8738,-0.8547,35.7563,2.7716
1994-04-09,44003,Kent,12.1884,0.4566,54.544,4.3908
1994-04-10,44003,Kent,14.984,5.7274,71.0651,5.0973
1994-04-11,44003,Kent,15.7005,4.0032,38.6938,3.2081
1994-04-12,44003,Kent,14.243,4.5313,48.0471,1.7818
1994-04-13,44003,Kent,16.5829,5.8685,73.5849,4.0182
1994-04-14,44003,Kent,17.957,9.2652,55.7791,4.4148
1994-04-15,44003,Kent,23.8443,6.8594,49.1962,2.7673
1994-04-16,44003,Kent,18.152,7.7076,66.7228,5.0107
1994-04-17,44003,Kent,16.087,4.9808,42.4599,4.6771
1994-04-18,44003,Kent,15.027,3.1196,37.5485,3.7057
1994-04-19,44003,Kent,20.855,3.3242,55.4086,3.6669
1994-04-20,44003,Kent,16.6076,2.5963,37.7828,4.6427
1994-04-21,44003,Kent,13.6774,0.2352,37.5577,3.1593
1994-04-22,44003,Kent,13.7426,1.0077,35.0152,3.0077
1994-04-23,44003,Kent,14.3899,-0.1407,39.8463,3.4515
1994-04-24,44003,Kent,21.1694,3.7341,46.8692,4.8881
1994-04-25,44003,Kent,14.4036,6.3966,60.2184,3.3411
1994-04-26,44003,Kent,17.945,5.6023,60.8871,3.2896
1994-04-27,44003,Kent,25.3914,7.5464,57.7796,4.198
1994-04-28,44003,Kent,19.5515,7.1797,51.8303,3.392
1994-04-29,44003,Kent,14.3403,6.0145,57.7678,2.9451
1994-04-30,44003,Kent,22.8047,9.8324,52.39,2.3011
1994-05-01,44003,Kent,22.0861,10.5823,63.1931,4.4037
1994-05-02,44003,Kent,14.5545,4.5939,45.9834,3.7874
1994-05-03,44003,Kent,17.4807,1.7851,39.9056,2.6468
1994-05-04,44003,Kent,16.0796,4.4066,53.1955,3.152
1994-05-05,44003,Kent,12.9997,6.5799,71.6511,4.5539
1994-05-06,44003,Kent,18.4363,5.3907,59.0295,3.5511
1994-05-07,44003,Kent,19.6483,5.2895,55.402,2.8675
1994-05-08,44003,Kent,19.8844,9.295,69.9121,4.2038
1994-05-09,44003,Kent,22.1203,10.0591,49.9289,4.3958
1994-05-10,44003,Kent,21.7898,8.8461,45.1652,3.138
1994-05-11,44003,Kent,18.7978,4.1769,47.739,3.5886
1994-05-12,44003,Kent,19.6716,8.5522,60.9312,5.0427
1994-05-13,44003,Kent,13.3526,3.6318,46.8291,5.901
1994-05-14,44003,Kent,18.5767,1.7534,42.0834,4.4223
1994-05-15,44003,Kent,22.4754,4.9921,48.4314,2.2186
1994-05-16,44003,Kent,17.9699,8.2933,68.7043,2.7
1994-05-17,44003,Kent,13.0601,6.4139,67.7845,4.1513
1994-05-18,44003,Kent,16.1166,5.3035,62.9752,2.8999
1994-05-19,44003,Kent,10.9533,6.187,67.6731,3.6492
1994-05-20,44003,Kent,12.726,5.1834,61.951,2.9255
1994-05-21,44003,Kent,20.2091,3.7711,54.92,1.6634
1994-05-22,44003,Kent,23.4897,7.226,55.3333,1.6929
1994-05-23,44003,Kent,27.6466,9.5782,57.0017,1.7297
1994-05-24,44003,Kent,24.7121,12.027,60.6778,1.7635
1994-05-25,44003,Kent,25.3112,11.2118,66.3318,3.4705
1994-05-26,44003,Kent,24.2547,14.4374,68.032,3.1991
1994-05-27,44003,Kent,18.0113,8.5135,58.1898,4.0102
1994-05-28,44003,Kent,18.2463,6.1246,50.2235,3.9536
1994-05-29,44003,Kent,22.4704,8.966,54.5142,4.1937
1994-05-30,44003,Kent,23.5069,9.5125,61.4567,5.349
1994-05-31,44003,Kent,24.3422,12.1265,62.6889,5.6686
1994-06-01,44003,Kent,25.2098,13.2749,72.3839,4.5308
1994-06-02,44003,Kent,17.7085,9.1299,56.8721,4.6638
1994-06-03,44003,Kent,20.9815,7.2154,61.1534,3.3417
1994-06-04,44003,Kent,24.8105,8.6549,51.129,1.929
1994-06-05,44003,Kent,23.4972,10.9322,61.2443,3.3186
1994-06-06,44003,Kent,23.1687,12.1153,80.3199,4.4226
1994-06-07,44003,Kent,28.8313,16.1368,70.9768,3.7838
1994-06-08,44003,Kent,23.7888,14.4439,60.7827,2.4072
1994-06-09,44003,Kent,23.821,9.9899,55.628,3.0669
1994-06-10,44003,Kent,24.4753,10.9288,51.1235,1.8105
1994-06-11,44003,Kent,23.5053,10.4238,63.1985,2.7456
1994-06-12,44003,Kent,22.8851,14.5814,80.6924,3.9709
1994-06-13,44003,Kent,26.317,16.9195,77.4523,4.0739
1994-06-14,44003,Kent,26.5454,17.8534,79.6506,3.7914
1994-06-15,44003,Kent,29.8798,19.4042,73.4931,2.1945
1994-06-16,44003,Kent,26.8374,15.9987,74.5412,2.0352
1994-06-17,44003,Kent,27.7781,14.6054,74.2286,3.59
1994-06-18,44003,Kent,29.9136,19.39,74.1312,3.8089
1994-06-19,44003,Kent,33.096,20.7388,64.5069,2.7321
1994-06-20,44003,Kent,27.6507,15.9067,61.9763,1.6918
1994-06-21,44003,Kent,22.7121,15.6276,82.1127,3.893
1994-06-22,44003,Kent,26.4755,15.146,61.5576,3.6183
1994-06-23,44003,Kent,28.5016,13.1546,58.7746,3.3161
1994-06-24,44003,Kent,26.7026,18.3111,74.4178,2.2654
1994-06-25,44003,Kent,28.6527,18.0395,76.288,3.5451
1994-06-26,44003,Kent,28.036,17.3718,63.953,4.585
1994-06-27,44003,Kent,29.1676,16.6167,75.0216,4.5591
1994-06-28,44003,Kent,25.54,18.5858,76.7226,4.8379
1994-06-29,44003,Kent,27.3382,17.926,74.4987,3.7679
1994-06-30,44003,Kent,25.6611,17.9818,81.5267,4.4198
1994-07-01,44003,Kent,25.3661,18.1246,82.8243,3.4544
1994-07-02,44003,Kent,27.7819,17.1328,84.0238,3.726
1994-07-03,44003,Kent,28.2369,19.0976,76.3066,1.8128
1994-07-04,44003,Kent,26.1822,15.8433,71.4579,1.7343
1994-07-05,44003,Kent,26.213,15.2079,80.5757,3.3321
1994-07-06,44003,Kent,30.454,19.682,82.1763,3.4768
1994-07-07,44003,Kent,31.359,22.4581,76.0418,1.7226
1994-07-08,44003,Kent,30.8262,21.8498,78.5041,1.353
1994-07-09,44003,Kent,28.8346,20.7513,85.8387,2.3398
1994-07-10,44003,Kent,31.3921,19.3738,66.749,3.0342
1994-07-11,44003,Kent,26.9215,15.5208,61.1882,2.3451
1994-07-12,44003,Kent,27.6122,14.7766,62.2989,3.0223
1994-07-13,44003,Kent,33.0311,17.4024,63.1079,3.4887
1994-07-14,44003,Kent,29.7208,18.4314,62.1155,3.2755
1994-07-15,44003,Kent,22.4179,17.9155,91.8484,2.2239
1994-07-16,44003,Kent,30.1952,16.6223,76.5018,2.0996
1994-07-17,44003,Kent,27.6839,18.8223,77.8707,2.3202
1994-07-18,44003,Kent,26.7651,17.1686,85.2525,1.7205
1994-07-19,44003,Kent,29.9905,19.3442,72.868,2.9767
1994-07-20,44003,Kent,32.2317,21.5545,67.7335,3.2448
1994-07-21,44003,Kent,33.2767,21.4365,70.4083,4.338
1994-07-22,44003,Kent,30.8209,21.3793,77.6024,5.5502
1994-07-23,44003,Kent,28.7222,21.5597,78.0602,5.5203
1994-07-24,44003,Kent,30.323,20.5291,72.0959,3.1176
1994-07-25,44003,Kent,31.2231,20.9694,70.0343,3.0079
1994-07-26,44003,Kent,28.6927,21.0334,79.4683,3.8934
1994-07-27,44003,Kent,30.3185,20.7297,68.6482,2.4377
1994-07-28,44003,Kent,27.7431,20.3955,80.9293,4.4318
1994-07-29,44003,Kent,30.2696,20.4588,68.6384,3.2823
1994-07-30,44003,Kent,28.2245,19.8972,77.7577,3.7184
1994-07-31,44003,Kent,30.8581,19.6417,69.134,2.4205
1994-08-01,44003,Kent,30.7171,18.9565,63.7868,2.8898
1994-08-02,44003,Kent,32.601,19.4276,60.4796,2.9981
1994-08-03,44003,Kent,30.4627,19.1961,67.1321,2.9782
1994-08-04,44003,Kent,30.8201,20.0276,67.6531,4.3139
1994-08-05,44003,Kent,26.6639,13.1936,87.7617,4.5042
1994-08-06,44003,Kent,21.6436,11.0028,63.8187,3.4975
1994-08-07,44003,Kent,23.3516,9.6994,57.2714,1.2944
1994-08-08,44003,Kent,25.2586,11.773,59.074,1.3122
1994-08-09,44003,Kent,26.4854,12.9849,64.075,2.7523
1994-08-10,44003,Kent,28.8064,16.0872,57.7474,2.8279
1994-08-11,44003,Kent,22.2278,14.5486,61.8295,2.3894
1994-08-12,44003,Kent,23.1146,15.315,80.5621,1.9373
1994-08-13,44003,Kent,30.0963,18.2082,77.9736,4.8659
1994-08-14,44003,Kent,27.5928,18.7976,83.1716,5.7766
1994-08-15,44003,Kent,22.6274,13.6992,61.9548,3.8426
1994-08-16,44003,Kent,24.62,12.2774,61.136,2.5894
1994-08-17,44003,Kent,24.9596,14.3992,81.5075,2.5693
1994-08-18,44003,Kent,24.8836,18.3808,88.1661,3.8402
1994-08-19,44003,Kent,23.5612,18.1241,87.6925,1.441
1994-08-20,44003,Kent,26.4962,17.143,77.8514,3.0674
1994-08-21,44003,Kent,24.3481,16.3771,92.8508,3.808
1994-08-22,44003,Kent,21.7446,12.8175,91.4845,4.3949
1994-08-23,44003,Kent,20.5652,12.5735,69.854,3.5594
1994-08-24,44003,Kent,21.3254,12.6961,64.9019,1.4955
1994-08-25,44003,Kent,23.2422,10.5451,76.3567,3.4542
1994-08-26,44003,Kent,25.611,14.5645,79.7454,3.1716
1994-08-27,44003,Kent,28.8534,15.6852,75.211,2.8194
1994-08-28,44003,Kent,27.65,18.4983,74.0157,4.1085
1994-08-29,44003,Kent,24.6815,12.2065,74.6129,3.677
1994-08-30,44003,Kent,22.7574,10.0413,59.9902,3.3122
1994-08-31,44003,Kent,22.1053,10.6421,78.9635,2.6918
1994-09-01,44003,Kent,26.0218,15.3826,69.609,2.3045
1994-09-02,44003,Kent,19.4279,10.2066,57.6964,2.4021
1994-09-03,44003,Kent,19.9205,10.2041,59.2385,1.8166
1994-09-04,44003,Kent,19.7257,9.0227,64.3036,4.2755
1994-09-05,44003,Kent,14.7209,9.0036,78.9879,5.5586
1994-09-06,44003,Kent,19.9189,9.5423,63.5841,4.4691
1994-09-07,44003,Kent,22.5458,9.3262,66.1923,3.6421
1994-09-08,44003,Kent,23.9476,10.1844,64.727,3.9671
1994-09-09,44003,Kent,24.7538,11.5734,69.7168,3.8502
1994-09-10,44003,Kent,19.5314,9.4109,66.6184,3.3641
1994-09-11,44003,Kent,18.8139,8.3453,66.577,3.8801
1994-09-12,44003,Kent,21.3141,10.2031,64.3419,3.7653
1994-09-13,44003,Kent,26.6121,12.3478,69.0341,3.6805
1994-09-14,44003,Kent,24.6997,15.9097,74.2285,2.518
1994-09-15,44003,Kent,22.1719,12.9926,63.6735,0.9879
1994-09-16,44003,Kent,19.9275,10.3622,86.7072,3.0624
1994-09-17,44003,Kent,27.7297,16.0015,76.4555,4.9886
1994-09-18,44003,Kent,20.5565,10.5719,73.3808,3.8476
1994-09-19,44003,Kent,20.5898,7.0636,59.2826,2.9958
1994-09-20,44003,Kent,21.6562,7.4631,61.3401,2.5463
1994-09-21,44003,Kent,24.5814,10.0166,63.299,1.7022
1994-09-22,44003,Kent,20.7993,12.4973,73.5188,5.1557
1994-09-23,44003,Kent,19.8306,12.3153,89.5602,4.216
1994-09-24,44003,Kent,22.4282,13.1079,82.5727,1.1064
1994-09-25,44003,Kent,22.1692,15.209,80.6215,1.1742
1994-09-26,44003,Kent,19.9591,14.5092,85.6927,2.2834
1994-09-27,44003,Kent,19.982,13.8673,86.4152,3.1162
1994-09-28,44003,Kent,22.7801,14.2233,73.3038,2.5379
1994-09-29,44003,Kent,18.6685,10.7891,70.5114,5.0927
1994-09-30,44003,Kent,15.9652,2.3083,64.176,5.6883
1994-10-01,44003,Kent,15.8888,3.7545,68.9193,2.6645
1994-10-02,44003,Kent,17.4394,6.4647,56.5466,3.5862
1994-10-03,44003,Kent,14.2236,3.2785,53.0745,4.3351
1994-10-04,44003,Kent,15.5854,4.0428,60.2871,2.9099
1994-10-05,44003,Kent,14.6453,6.0173,57.802,2.9481
1994-10-06,44003,Kent,14.2032,4.5703,54.5144,2.5354
1994-10-07,44003,Kent,19.57,5.3375,53.9348,2.1469
1994-10-08,44003,Kent,21.786,6.8475,61.6627,3.662
1994-10-09,44003,Kent,22.9099,8.2887,73.8597,4.1292
1994-10-10,44003,Kent,18.0984,4.837,58.4148,4.1882
1994-10-11,44003,Kent,12.2806,0.4029,48.0902,3.803
1994-10-12,44003,Kent,14.7548,-1.3393,49.2699,1.6663
1994-10-13,44003,Kent,18.2596,3.4152,49.2248,1.9691
1994-10-14,44003,Kent,20.6225,4.8238,50.3471,2.8523
1994-10-15,44003,Kent,15.4387,1.7236,52.0797,3.5284
1994-10-16,44003,Kent,16.0084,-0.6334,41.9948,3.67
1994-10-17,44003,Kent,16.0313,0.1697,48.8084,3.4782
1994-10-18,44003,Kent,17.2743,1.9557,58.2392,1.749
1994-10-19,44003,Kent,17.3112,7.7411,70.3302,1.5865
1994-10-20,44003,Kent,21.3186,10.6878,73.1399,1.9688
1994-10-21,44003,Kent,20.0127,11.6622,69.6259,3.1188
1994-10-22,44003,Kent,18.814,10.1108,65.3347,2.9997
1994-10-23,44003,Kent,19.7536,8.3679,69.7971,1.9579
1994-10-24,44003,Kent,20.6318,6.5459,56.3192,2.229
1994-10-25,44003,Kent,19.6444,5.1748,59.6929,2.8142
1994-10-26,44003,Kent,15.9383,3.7543,50.0077,2.2018
1994-10-27,44003,Kent,13.6251,4.9779,49.5336,2.4253
1994-10-28,44003,Kent,14.2957,4.1578,51.3608,3.4116
1994-10-29,44003,Kent,17.9584,3.9226,60.1582,5.2136
1994-10-30,44003,Kent,20.9956,6.5735,54.9032,3.5449
1994-10-31,44003,Kent,21.81,7.1999,62.2497,2.571
1994-11-01,44003,Kent,21.6655,12.9209,66.5709,4.9549
1994-11-02,44003,Kent,16.2164,3.6735,51.1307,7.5818
1994-11-03,44003,Kent,15.4292,1.529,43.3595,3.6185
1994-11-04,44003,Kent,20.4859,6.1368,50.8612,3.6422
1994-11-05,44003,Kent,21.6401,8.8583,51.9161,3.6367
1994-11-06,44003,Kent,20.7011,8.8709,61.7603,4.9942
1994-11-07,44003,Kent,15.3831,2.778,36.2541,6.7641
1994-11-08,44003,Kent,14.7405,2.61,48.9059,4.7945
1994-11-09,44003,Kent,17.3775,7.5308,50.2951,3.0254
1994-11-10,44003,Kent,11.3386,0.4731,47.008,5.384
1994-11-11,44003,Kent,7.1301,-1.4639,43.5773,5.1089
1994-11-12,44003,Kent,9.6684,-2.4254,50.7378,3.0513
1994-11-13,44003,Kent,13.4367,2.4299,44.1124,2.8256
1994-11-14,44003,Kent,14.2217,2.4689,53.8283,3.1454
1994-11-15,44003,Kent,18.8306,7.6241,51.5079,4.2256
1994-11-16,44003,Kent,12.9467,3.2843,41.6816,3.1274
1994-11-17,44003,Kent,13.9481,2.0291,53.5648,4.1733
1994-11-18,44003,Kent,16.0524,4.6244,71.0651,3.4911
1994-11-19,44003,Kent,16.2176,4.1663,55.8267,3.9197
1994-11-20,44003,Kent,10.3251,0.4153,45.7305,2.4622
1994-11-21,44003,Kent,14.854,1.3486,66.4779,5.5887
1994-11-22,44003,Kent,15.2533,1.9628,51.8912,6.3374
1994-11-23,44003,Kent,5.9845,-5.7199,40.091,7.2877
1994-11-24,44003,Kent,-0.0733,-7.1676,40.8208,5.7895
1994-11-25,44003,Kent,8.8195,-2.664,51.0972,4.6273
1994-11-26,44003,Kent,6.4909,-2.7126,44.2325,4.2304
1994-11-27,44003,Kent,3.9094,-4.6714,50.2581,3.8632
1994-11-28,44003,Kent,14.5911,1.8522,78.055,6.948
1994-11-29,44003,Kent,11.9177,2.1723,45.7887,4.8465
1994-11-30,44003,Kent,10.0609,-0.8831,44.9486,3.2238
1994-12-01,44003,Kent,5.0299,-2.5426,51.7744,3.1828
1994-12-02,44003,Kent,9.1796,-2.2327,59.5651,5.5237
1994-12-03,44003,Kent,12.8736,-1.1736,52.7426,2.6227
1994-12-04,44003,Kent,14.9451,2.1125,53.2577,2.3403
1994-12-05,44003,Kent,14.2062,1.9438,80.7439,4.3317
1994-12-06,44003,Kent,14.817,6.2423,64.4889,3.4505
1994-12-07,44003,Kent,12.1696,0.7769,77.3276,3.1237
1994-12-08,44003,Kent,3.2351,-6.46,45.8353,6.2532
1994-12-09,44003,Kent,4.8218,-5.5674,63.7013,2.5832
1994-12-10,44003,Kent,5.8543,0.4842,70.2591,4.7158
1994-12-11,44003,Kent,11.4731,-3.147,63.5821,6.0341
1994-12-12,44003,Kent,0.0811,-7.1595,31.8869,4.223
1994-12-13,44003,Kent,2.1669,-7.0517,61.8155,3.7982
1994-12-14,44003,Kent,4.1415,-2.2704,66.6986,4.9574
1994-12-15,44003,Kent,4.354,-1.9635,65.602,5.1065
1994-12-16,44003,Kent,4.3343,-2.6462,63.2763,3.8928
1994-12-17,44003,Kent,6.834,-2.3201,78.7875,3.4634
1994-12-18,44003,Kent,8.4171,0.5456,71.6858,3.0594
1994-12-19,44003,Kent,3.9727,-3.399,55.6869,4.6935
1994-12-20,44003,Kent,3.6805,-4.3107,49.7094,2.9546
1994-12-21,44003,Kent,9.1379,-1.7498,56.3526,4.0057
1994-12-22,44003,Kent,11.7884,-1.3003,50.9183,2.0436
1994-12-23,44003,Kent,11.237,0.1587,60.1153,7.0492
1994-12-24,44003,Kent,8.666,2.2931,76.4422,8.1737
1994-12-25,44003,Kent,9.1332,-0.6123,66.0231,5.1195
1994-12-26,44003,Kent,6.0973,-2.5943,51.1203,2.7035
1994-12-27,44003,Kent,6.4548,-2.5975,58.4101,1.9684
1994-12-28,44003,Kent,8.6573,-1.1665,67.4072,4.2227
1994-12-29,44003,Kent,4.5521,-9.9591,35.1967,7.6223
1994-12-30,44003,Kent,-3.6803,-13.135,31.3903,5.9136
1994-12-31,44003,Kent,2.0855,-8.7672,46.7407,1.4828
1995-01-01,44003,Kent,6.7087,-1.4911,74.7769,2.8487
1995-01-02,44003,Kent,6.1311,-4.2776,62.331,5.0263
1995-01-03,44003,Kent,1.3072,-5.3335,44.8235,5.3897
1995-01-04,44003,Kent,1.7317,-7.8784,45.8582,5.5271
1995-01-05,44003,Kent,-4.1984,-11.1234,39.0579,6.7154
1995-01-06,44003,Kent,3.8063,-8.2574,57.8975,6.1516
1995-01-07,44003,Kent,10.5542,-2.3077,70.4653,5.5836
1995-01-08,44003,Kent,1.3142,-4.563,52.1039,3.7741
1995-01-09,44003,Kent,2.3389,-5.0106,44.9548,3.8447
1995-01-10,44003,Kent,-1.4003,-6.8994,39.549,3.0106
1995-01-11,44003,Kent,1.741,-7.1267,58.6788,4.4085
1995-01-12,44003,Kent,6.8681,-1.7488,70.0088,3.2538
1995-01-13,44003,Kent,12.2935,1.504,61.426,3.7917
1995-01-14,44003,Kent,15.7582,2.8618,71.7012,3.3408
1995-01-15,44003,Kent,17.4107,6.8832,70.6001,4.8478
1995-01-16,44003,Kent,15.9059,8.999,73.2794,3.4848
1995-01-17,44003,Kent,14.5972,3.8834,73.0334,3.0235
1995-01-18,44003,Kent,6.9611,0.3004,63.4031,5.6118
1995-01-19,44003,Kent,9.369,0.4262,66.3162,3.4595
1995-01-20,44003,Kent,10.4596,1.5199,73.0612,4.5248
1995-01-21,44003,Kent,7.7711,1.8592,69.7706,3.6097
1995-01-22,44003,Kent,5.4164,-0.1971,64.5304,4.5014
1995-01-23,44003,Kent,3.3294,-2.3549,60.0329,4.0522
1995-01-24,44003,Kent,1.6371,-3.3924,56.3203,4.1325
1995-01-25,44003,Kent,3.2071,-4.1661,49.6103,4.7286
1995-01-26,44003,Kent,1.069,-5.8436,43.4007,5.1257
1995-01-27,44003,Kent,-0.6096,-7.6635,37.9942,5.8545
1995-01-28,44003,Kent,-3.1219,-11.3376,38.6738,4.7061
1995-01-29,44003,Kent,-0.0021,-10.9707,39.7662,3.0376
1995-01-30,44003,Kent,3.3422,-6.7265,44.3059,2.8595
1995-01-31,44003,Kent,3.2284,-5.9641,52.3371,4.4101
1995-02-01,44003,Kent,7.2626,-2.7719,51.8152,4.5514
1995-02-02,44003,Kent,4.9471,-6.5948,46.7888,4.4898
1995-02-03,44003,Kent,-2.6073,-9.1777,46.349,2.8726
1995-02-04,44003,Kent,4.5989,-7.6362,73.6528,6.0039
1995-02-05,44003,Kent,0.5877,-16.3583,41.3985,9.273
1995-02-06,44003,Kent,-9.2003,-18.425,37.9118,7.9705
1995-02-07,44003,Kent,-3.8927,-16.5104,40.3898,5.1732
1995-02-08,44003,Kent,-2.6742,-11.9983,42.0946,4.841
1995-02-09,44003,Kent,-0.5925,-13.4743,47.249,6.5062
1995-02-10,44003,Kent,2.3543,-8.6718,55.2483,4.1462
1995-02-11,44003,Kent,5.9816,-3.026,52.8268,4.874
1995-02-12,44003,Kent,0.7967,-12.7639,24.1705,7.2719
1995-02-13,44003,Kent,-2.5782,-11.3417,35.814,5.0806
1995-02-14,44003,Kent,-0.9992,-10.1804,42.2829,4.1915
1995-02-15,44003,Kent,5.3548,-10.4948,57.2174,4.0301
1995-02-16,44003,Kent,7.9675,-1.5742,56.8974,4.2379
1995-02-17,44003,Kent,5.8134,-3.9525,44.3755,2.2149
1995-02-18,44003,Kent,8.3258,-3.6096,41.2099,1.8965
1995-02-19,44003,Kent,10.2985,-2.7811,51.2686,2.4346
1995-02-20,44003,Kent,9.2386,-2.066,52.7714,3.3861
1995-02-21,44003,Kent,5.7553,-3.1444,60.6662,3.3105
1995-02-22,44003,Kent,2.6709,-4.4264,55.9929,3.0582
1995-02-23,44003,Kent,8.1192,-4.2536,59.0274,3.6903
1995-02-24,44003,Kent,8.5058,-4.527,58.0637,5.6086
1995-02-25,44003,Kent,1.5424,-8.1856,29.9864,6.3789
1995-02-26,44003,Kent,1.1992,-7.3461,25.3896,3.3519
1995-02-27,44003,Kent,3.4673,-7.5421,60.1802,3.7944
1995-02-28,44003,Kent,6.7273,0.2132,64.9562,2.2323
1995-03-01,44003,Kent,5.1367,-2.9143,69.6104,3.4543
1995-03-02,44003,Kent,3.689,-3.3493,47.5795,4.1722
1995-03-03,44003,Kent,2.4542,-3.1537,44.0312,2.3463
1995-03-04,44003,Kent,3.6273,-3.145,61.8682,2.2019
1995-03-05,44003,Kent,6.4917,-2.2471,67.8655,4.5863
1995-03-06,44003,Kent,8.6479,-0.4098,68.3632,2.2752
1995-03-07,44003,Kent,11.9285,-0.4791,72.6722,3.1322
1995-03-08,44003,Kent,18.7545,5.9782,67.5296,5.779
1995-03-09,44003,Kent,11.2927,-6.4546,51.2362,6.3388
1995-03-10,44003,Kent,2.27,-8.6374,36.0163,5.0503
1995-03-11,44003,Kent,3.6214,-4.7148,35.8786,2.0742
1995-03-12,44003,Kent,6.3919,-1.8603,61.8227,3.5112
1995-03-13,44003,Kent,16.3704,-0.1492,56.9633,2.3872
1995-03-14,44003,Kent,10.1956,0.237,71.3436,1.8637
1995-03-15,44003,Kent,12.0592,2.8319,69.227,1.3914
1995-03-16,44003,Kent,11.219,3.273,68.947,2.0028
1995-03-17,44003,Kent,11.9852,2.951,74.3963,2.0363
1995-03-18,44003,Kent,9.9007,2.7819,62.87,3.0711
1995-03-19,44003,Kent,9.4402,-0.2904,57.013,2.7212
1995-03-20,44003,Kent,8.7999,-0.9257,69.9035,3.0517
1995-03-21,44003,Kent,15.9341,1.3581,74.8324,3.9581
1995-03-22,44003,Kent,12.7141,3.8144,52.4342,3.484
1995-03-23,44003,Kent,10.1705,1.4234,61.9796,3.0842
1995-03-24,44003,Kent,6.4137,0.016,58.2604,4.1274
1995-03-25,44003,Kent,7.4742,-1.4978,40.6486,5.0345
1995-03-26,44003,Kent,10.4272,-1.2766,45.2186,3.5823
1995-03-27,44003,Kent,8.4364,-1.6245,50.4166,3.139
1995-03-28,44003,Kent,9.1392,-2.0866,47.7277,2.4485
1995-03-29,44003,Kent,11.9687,-1.9361,44.5886,2.481
1995-03-30,44003,Kent,10.1319,-0.9995,71.5893,2.6952
1995-03-31,44003,Kent,12.8781,3.3769,51.2939,3.3399
1995-04-01,44003,Kent,9.34,0.9179,40.0168,2.4326
1995-04-02,44003,Kent,9.8462,1.0396,33.0391,1.5215
1995-04-03,44003,Kent,10.5123,-2.0103,34.9919,3.0864
1995-04-04,44003,Kent,14.4844,-2.1077,55.9835,6.4695
1995-04-05,44003,Kent,0.1161,-7.6801,24.3998,8.6565
1995-04-06,44003,Kent,5.3494,-6.9527,41.0858,4.1083
1995-04-07,44003,Kent,11.6323,-0.2771,51.6525,2.3904
1995-04-08,44003,Kent,9.2285,0.2717,53.664,1.7056
1995-04-09,44003,Kent,16.547,3.5926,61.9816,2.6229
1995-04-10,44003,Kent,11.8818,-0.3499,36.006,3.5582
1995-04-11,44003,Kent,13.5716,0.5412,37.7503,1.8863
1995-04-12,44003,Kent,14.1273,0.0821,69.4346,4.5354
1995-04-13,44003,Kent,19.8994,8.7631,52.3597,4.812
1995-04-14,44003,Kent,13.5356,5.049,46.5894,3.6208
1995-04-15,44003,Kent,10.0475,2.5433,42.8049,4.587
1995-04-16,44003,Kent,11.8753,1.0497,40.6545,4.3529
1995-04-17,44003,Kent,12.7332,-0.4055,45.1253,2.1328
1995-04-18,44003,Kent,17.2346,3.3935,44.8404,1.8046
1995-04-19,44003,Kent,18.9311,3.8393,64.1714,3.6751
1995-04-20,44003,Kent,20.3379,7.8982,45.1939,2.4183
1995-04-21,44003,Kent,15.9868,6.3245,54.3534,2.6254
1995-04-22,44003,Kent,22.0506,5.6532,46.3088,4.4002
1995-04-23,44003,Kent,13.2065,3.3036,41.7277,4.7572
1995-04-24,44003,Kent,14.8981,1.4338,40.3027,1.286
1995-04-25,44003,Kent,17.5221,3.2101,37.4203,2.7133
1995-04-26,44003,Kent,18.1899,3.4366,43.0978,3.4784
1995-04-27,44003,Kent,19.5006,5.3297,44.3193,2.547
1995-04-28,44003,Kent,19.9525,6.0498,58.188,1.2276
1995-04-29,44003,Kent,15.2008,5.7252,55.3416,1.7898
1995-04-30,44003,Kent,16.6926,6.7638,52.6339,2.53
1995-05-01,44003,Kent,14.0355,4.8621,57.1229,4.2782
1995-05-02,44003,Kent,16.2063,3.0006,52.9492,3.2156
1995-05-03,44003,Kent,18.475,5.99,47.5391,3.3367
1995-05-04,44003,Kent,22.3967,8.5239,41.09,2.01
1995-05-05,44003,Kent,16.9755,9.28,62.8934,1.4304
1995-05-06,44003,Kent,19.8838,3.945,45.958,4.5396
1995-05-07,44003,Kent,14.0789,0.3354,36.654,5.542
1995-05-08,44003,Kent,14.3532,0.4558,47.95,5.1174
1995-05-09,44003,Kent,20.2285,3.6355,43.9529,1.7249
1995-05-10,44003,Kent,14.0664,6.6893,68.0405,3.3465
1995-05-11,44003,Kent,15.3549,7.56,72.1322,3.2052
1995-05-12,44003,Kent,17.6074,7.2944,70.3044,1.4696
1995-05-13,44003,Kent,16.4839,9.3035,68.5475,3.4912
1995-05-14,44003,Kent,19.4068,8.6462,52.9815,2.3008
1995-05-15,44003,Kent,14.2093,7.8513,70.7994,2.0072
1995-05-16,44003,Kent,20.2123,6.0702,58.4407,2.2556
1995-05-17,44003,Kent,19.419,7.4733,68.9911,4.6967
1995-05-18,44003,Kent,22.9497,12.8082,68.8432,2.2857
1995-05-19,44003,Kent,17.9903,10.3888,68.9264,1.7928
1995-05-20,44003,Kent,22.3931,7.325,51.8507,2.3257
1995-05-21,44003,Kent,24.4534,8.9921,56.2107,3.6784
1995-05-22,44003,Kent,22.9896,10.2851,46.2618,3.3256
1995-05-23,44003,Kent,22.9067,7.5492,47.1525,3.0472
1995-05-24,44003,Kent,24.8273,9.3937,62.4405,5.5113
1995-05-25,44003,Kent,21.6593,12.2909,66.3534,3.2349
1995-05-26,44003,Kent,16.1407,10.4375,67.4919,2.9097
1995-05-27,44003,Kent,21.4867,8.9724,54.3803,1.7989
1995-05-28,44003,Kent,19.7006,7.4947,54.7578,2.5269
1995-05-29,44003,Kent,22.3801,10.7892,72.8019,6.0294
1995-05-30,44003,Kent,23.5744,14.7909,61.8075,3.6974
1995-05-31,44003,Kent,27.3715,11.3797,53.4834,3.2847
1995-06-01,44003,Kent,28.1616,13.5612,55.8402,3.8963
1995-06-02,44003,Kent,25.5294,11.962,75.0886,3.9497
1995-06-03,44003,Kent,26.7898,16.7639,72.4479,3.9794
1995-06-04,44003,Kent,25.2753,14.675,63.6807,2.6002
1995-06-05,44003,Kent,25.4263,11.7264,57.1138,3.0682
1995-06-06,44003,Kent,26.2753,12.1722,68.9919,2.7375
1995-06-07,44003,Kent,22.7562,16.3551,81.1711,3.8675
1995-06-08,44003,Kent,29.5349,16.9923,65.4143,2.032
1995-06-09,44003,Kent,23.0321,13.5705,61.1183,2.2779
1995-06-10,44003,Kent,22.5268,12.4037,57.7982,1.3655
1995-06-11,44003,Kent,22.0006,13.2808,72.151,2.8697
1995-06-12,44003,Kent,24.916,15.7951,73.6691,2.692
1995-06-13,44003,Kent,18.2814,13.2565,77.069,3.3736
1995-06-14,44003,Kent,19.7047,13.1411,75.6729,2.6046
1995-06-15,44003,Kent,23.2758,12.112,56.0275,2.6111
1995-06-16,44003,Kent,25.085,10.2024,58.6184,3.1944
1995-06-17,44003,Kent,27.5354,11.9728,61.0104,3.8938
1995-06-18,44003,Kent,28.9246,13.8703,62.5265,4.4389
1995-06-19,44003,Kent,30.643,16.4782,66.4777,5.0188
1995-06-20,44003,Kent,33.6386,17.1287,59.2899,2.8527
1995-06-21,44003,Kent,23.4202,13.4071,55.8652,2.8966
1995-06-22,44003,Kent,24.865,13.0589,60.5748,2.3998
1995-06-23,44003,Kent,26.053,12.8753,55.2765,1.5183
1995-06-24,44003,Kent,27.065,13.5608,65.7175,1.0886
1995-06-25,44003,Kent,26.1973,17.8385,73.4775,1.7209
1995-06-26,44003,Kent,26.5039,17.98,70.5933,2.5494
1995-06-27,44003,Kent,22.8011,8.7219,65.873,4.7891
1995-06-28,44003,Kent,21.9796,7.0985,60.179,2.2016
1995-06-29,44003,Kent,25.6937,8.3728,60.4356,2.3623
1995-06-30,44003,Kent,25.3168,11.7557,71.5945,3.2249
1995-07-01,44003,Kent,27.7717,15.7534,78.2226,3.5022
1995-07-02,44003,Kent,24.8509,16.0789,79.5995,2.7199
1995-07-03,44003,Kent,23.5494,11.2461,67.3055,2.1123
1995-07-04,44003,Kent,26.0191,14.7471,62.9997,1.8535
1995-07-05,44003,Kent,27.4179,13.9103,68.3956,2.6722
1995-07-06,44003,Kent,25.2828,16.4713,73.5779,2.8912
1995-07-07,44003,Kent,27.3493,15.946,77.216,3.24
1995-07-08,44003,Kent,27.2856,18.2418,74.1093,2.5948
1995-07-09,44003,Kent,24.0727,13.2682,67.0266,3.0557
1995-07-10,44003,Kent,24.9963,13.1366,66.2043,2.6931
1995-07-11,44003,Kent,23.934,16.3973,75.8478,2.0122
1995-07-12,44003,Kent,26.7692,14.6658,71.2173,2.1137
1995-07-13,44003,Kent,29.6721,16.5958,72.2531,4.2897
1995-07-14,44003,Kent,34.8973,20.0753,64.778,4.0288
1995-07-15,44003,Kent,36.1998,23.1098,58.018,3.5793
1995-07-16,44003,Kent,29.8233,18.1159,53.9411,2.3195
1995-07-17,44003,Kent,23.6349,18.3292,83.9682,2.4715
1995-07-18,44003,Kent,26.044,19.5215,81.5151,2.1839
1995-07-19,44003,Kent,28.6225,19.6897,60.7259,2.7562
1995-07-20,44003,Kent,29.6257,17.1832,62.4031,3.6709
1995-07-21,44003,Kent,29.5807,20.2707,70.851,2.9289
1995-07-22,44003,Kent,30.3766,19.801,64.9833,1.898
1995-07-23,44003,Kent,31.0806,19.4453,71.3583,2.9909
1995-07-24,44003,Kent,32.3143,21.4823,58.8945,2.7334
1995-07-25,44003,Kent,30.0905,20.9044,75.9062,2.9892
1995-07-26,44003,Kent,31.9204,23.1811,72.1654,4.5461
1995-07-27,44003,Kent,33.9161,23.28,64.1389,3.1756
1995-07-28,44003,Kent,30.6572,22.8755,71.571,2.8533
1995-07-29,44003,Kent,32.1404,23.0193,69.427,4.776
1995-07-30,44003,Kent,32.565,19.046,50.9008,2.7985
1995-07-31,44003,Kent,31.0433,16.0263,48.731,2.5218
1995-08-01,44003,Kent,33.2227,17.1084,56.2096,4.035
1995-08-02,44003,Kent,33.4063,19.9615,62.2315,2.4653
1995-08-03,44003,Kent,30.6917,20.5078,73.2398,2.0155
1995-08-04,44003,Kent,30.6727,20.9054,81.4488,3.7207
1995-08-05,44003,Kent,26.3661,19.378,82.0738,3.0934
1995-08-06,44003,Kent,19.3009,15.382,92.4177,4.8828
1995-08-07,44003,Kent,23.4381,13.3778,66.8524,4.7545
1995-08-08,44003,Kent,25.0332,11.6127,61.0664,2.249
1995-08-09,44003,Kent,27.3953,13.8784,60.9918,2.4064
1995-08-10,44003,Kent,28.5887,15.4494,61.9052,3.2673
1995-08-11,44003,Kent,29.5481,17.6703,69.6626,3.8612
1995-08-12,44003,Kent,31.017,19.4928,71.5024,3.8684
1995-08-13,44003,Kent,28.3905,19.1249,56.1996,2.01
1995-08-14,44003,Kent,27.1746,19.1474,63.2931,1.2762
1995-08-15,44003,Kent,28.6967,19.1147,63.2022,2.0736
1995-08-16,44003,Kent,33.0733,18.7296,67.7253,2.237
1995-08-17,44003,Kent,32.8106,20.3011,65.0623,2.5596
1995-08-18,44003,Kent,30.6161,15.0705,53.6243,5.3096
1995-08-19,44003,Kent,25.6487,11.5313,51.1115,4.6425
1995-08-20,44003,Kent,28.3279,10.34,50.8805,2.2434
1995-08-21,44003,Kent,33.2745,14.1834,51.5187,3.178
1995-08-22,44003,Kent,28.3888,13.6354,50.5256,3.7563
1995-08-23,44003,Kent,25.8737,10.9108,52.4647,2.8444
1995-08-24,44003,Kent,30.1837,13.6369,47.1128,5.2158
1995-08-25,44003,Kent,22.8391,8.7736,48.8645,3.8044
1995-08-26,44003,Kent,24.3828,9.8891,60.283,2.6995
1995-08-27,44003,Kent,23.1554,16.3353,72.3476,2.4732
1995-08-28,44003,Kent,25.8433,11.199,53.0803,3.3373
1995-08-29,44003,Kent,27.4093,10.8116,54.4165,1.569
1995-08-30,44003,Kent,25.6604,14.6333,44.0772,2.894
1995-08-31,44003,Kent,26.6547,10.8712,64.1291,3.3279
1995-09-01,44003,Kent,31.3624,17.6772,48.0548,3.2996
1995-09-02,44003,Kent,24.8416,13.8497,52.1787,2.301
1995-09-03,44003,Kent,25.0573,10.2617,43.1865,1.6225
1995-09-04,44003,Kent,26.9814,11.1955,45.5933,1.4678
1995-09-05,44003,Kent,28.2439,12.6768,56.8715,2.9524
1995-09-06,44003,Kent,28.0745,12.6058,52.3158,2.4769
1995-09-07,44003,Kent,28.4395,12.0209,65.9127,4.815
1995-09-08,44003,Kent,23.2381,11.4233,69.2943,3.7531
1995-09-09,44003,Kent,24.3969,10.4347,67.2643,1.9613
1995-09-10,44003,Kent,22.9886,6.1349,52.9353,3.8149
1995-09-11,44003,Kent,18.9905,3.0917,48.0456,2.2985
1995-09-12,44003,Kent,24.6723,7.6275,53.6676,3.6867
1995-09-13,44003,Kent,22.2004,13.2816,92.1557,5.1009
1995-09-14,44003,Kent,29.5277,14.9217,62.3423,4.6944
1995-09-15,44003,Kent,18.6736,10.0606,54.9882,2.6209
1995-09-16,44003,Kent,18.8107,7.5979,62.1698,3.0739
1995-09-17,44003,Kent,20.6251,12.4589,93.05,3.4263
1995-09-18,44003,Kent,20.4749,14.3343,71.3115,2.4502
1995-09-19,44003,Kent,19.3853,9.4542,66.4592,3.4721
1995-09-20,44003,Kent,20.5347,8.1628,72.4464,2.1284
1995-09-21,44003,Kent,18.5763,11.2118,85.7047,1.5399
1995-09-22,44003,Kent,22.01,11.0408,91.0,4.2112
1995-09-23,44003,Kent,15.8251,7.427,69.9392,3.7521
1995-09-24,44003,Kent,15.5262,5.2799,72.9491,3.4363
1995-09-25,44003,Kent,16.0465,9.9979,82.6566,3.4854
1995-09-26,44003,Kent,16.1998,12.7277,88.7391,2.5458
1995-09-27,44003,Kent,20.3177,12.369,71.1021,3.282
1995-09-28,44003,Kent,19.0247,7.336,57.4593,3.3253
1995-09-29,44003,Kent,16.5122,5.3421,65.4445,3.4233
1995-09-30,44003,Kent,19.1565,4.6113,66.8365,3.1317
1995-10-01,44003,Kent,21.6597,3.9801,59.7659,1.8198
1995-10-02,44003,Kent,25.1046,6.6673,58.1461,2.2089
1995-10-03,44003,Kent,23.7435,10.0779,54.3848,2.7813
1995-10-04,44003,Kent,22.2532,10.9049,87.3485,3.3035
1995-10-05,44003,Kent,19.3652,13.7812,85.1126,3.6984
1995-10-06,44003,Kent,25.02,11.3854,79.1844,4.179
1995-10-07,44003,Kent,17.5712,8.5998,82.201,2.694
1995-10-08,44003,Kent,21.8143,7.9678,63.6835,3.032
1995-10-09,44003,Kent,17.1362,4.6903,63.7201,1.7522
1995-10-10,44003,Kent,17.5273,9.6052,64.137,1.0509
1995-10-11,44003,Kent,20.4943,9.1192,65.0742,2.1718
1995-10-12,44003,Kent,24.0752,8.0536,55.5676,3.3205
1995-10-13,44003,Kent,25.6073,9.648,54.3635,2.8336
1995-10-14,44003,Kent,22.4371,10.5616,83.1054,4.7337
1995-10-15,44003,Kent,19.82,5.4998,66.6286,6.4905
1995-10-16,44003,Kent,13.5392,4.5221,53.5513,6.7639
1995-10-17,44003,Kent,12.3635,3.4461,50.9215,4.0047
1995-10-18,44003,Kent,17.2674,2.3192,65.6276,4.8539
1995-10-19,44003,Kent,20.2334,6.5554,62.7336,2.1659
1995-10-20,44003,Kent,21.4987,7.9412,74.5575,4.5832
1995-10-21,44003,Kent,21.6979,10.7789,80.3354,7.019
1995-10-22,44003,Kent,15.1048,5.794,66.9433,4.1928
1995-10-23,44003,Kent,19.6455,4.015,59.6607,2.7302
1995-10-24,44003,Kent,20.1564,6.45,74.6436,4.4647
1995-10-25,44003,Kent,16.8424,7.0624,64.6423,2.9389
1995-10-26,44003,Kent,14.0504,5.9713,58.4828,1.3673
1995-10-27,44003,Kent,16.5356,5.2002,74.6155,3.6669
1995-10-28,44003,Kent,19.8434,10.0673,83.0642,5.2623
1995-10-29,44003,Kent,13.1221,3.1467,63.4132,6.0142
1995-10-30,44003,Kent,9.9181,1.3313,54.3801,4.9739
1995-10-31,44003,Kent,9.8798,1.7579,64.8023,1.8324
1995-11-01,44003,Kent,10.8508,5.7953,77.5608,2.8689
1995-11-02,44003,Kent,17.2991,8.0578,83.2404,4.004
1995-11-03,44003,Kent,18.2273,10.4117,76.2695,2.4763
1995-11-04,44003,Kent,13.43,-0.7489,45.0102,5.8355
1995-11-05,44003,Kent,5.5194,-2.165,52.824,5.0798
1995-11-06,44003,Kent,7.9942,-3.0681,56.3741,2.4278
1995-11-07,44003,Kent,12.9447,-0.0639,78.4859,4.1853
1995-11-08,44003,Kent,11.247,-0.069,56.9431,5.7795
1995-11-09,44003,Kent,2.5854,-5.2846,48.9784,4.9471
1995-11-10,44003,Kent,6.606,-5.4666,69.9064,3.1837
1995-11-11,44003,Kent,15.5258,3.7493,81.7469,7.2964
1995-11-12,44003,Kent,14.1757,-2.6993,59.6085,7.6073
1995-11-13,44003,Kent,3.6781,-3.9673,59.8287,2.016
1995-11-14,44003,Kent,6.17,-0.3343,75.0904,6.7648
1995-11-15,44003,Kent,9.4036,1.4696,65.3241,6.1848
1995-11-16,44003,Kent,6.1007,-1.4275,54.9969,3.9636
1995-11-17,44003,Kent,4.6028,-3.3596,54.248,3.483
1995-11-18,44003,Kent,4.9058,-3.1706,68.9624,2.2898
1995-11-19,44003,Kent,8.6586,1.7898,75.7646,2.3532
1995-11-20,44003,Kent,8.873,0.8722,70.1557,2.3139
1995-11-21,44003,Kent,10.9374,0.8767,66.1759,2.6363
1995-11-22,44003,Kent,5.232,-1.91,58.6562,4.5201
1995-11-23,44003,Kent,5.8225,-2.4283,61.8658,4.8745
1995-11-24,44003,Kent,4.576,-3.3759,57.5418,2.2472
1995-11-25,44003,Kent,4.1217,-4.0503,70.0058,3.4109
1995-11-26,44003,Kent,6.3821,-3.122,61.8722,3.4744
1995-11-27,44003,Kent,10.8177,0.2542,70.0703,3.0459
1995-11-28,44003,Kent,13.5307,-0.4089,62.2682,5.6961
1995-11-29,44003,Kent,2.0855,-4.9965,72.6036,5.1295
1995-11-30,44003,Kent,0.5917,-7.874,58.6832,2.9188
1995-12-01,44003,Kent,7.2447,-3.9625,72.5797,6.0501
1995-12-02,44003,Kent,4.7837,-5.8638,51.1234,6.5397
1995-12-03,44003,Kent,8.5223,-6.1667,63.6945,4.2766
1995-12-04,44003,Kent,8.5235,-0.8525,63.6583,3.9104
1995-12-05,44003,Kent,4.7665,-4.093,60.2153,3.3828
1995-12-06,44003,Kent,10.0577,-1.5032,59.9255,4.7125
1995-12-07,44003,Kent,4.6275,-3.3878,39.0507,3.9159
1995-12-08,44003,Kent,0.4067,-5.5752,35.7695,4.12
1995-12-09,44003,Kent,4.5784,-5.8072,69.954,4.6839
1995-12-10,44003,Kent,3.562,-8.6691,46.6513,5.3771
1995-12-11,44003,Kent,-3.4965,-9.8559,40.7769,6.8144
1995-12-12,44003,Kent,-3.5076,-10.3538,38.5362,5.3703
1995-12-13,44003,Kent,-2.8514,-10.2909,46.0184,3.2357
1995-12-14,44003,Kent,3.184,-9.54,73.2666,3.5669
1995-12-15,44003,Kent,3.4719,-3.6109,73.7085,2.4457
1995-12-16,44003,Kent,3.5358,-3.6217,76.0,2.1612
1995-12-17,44003,Kent,2.4132,-3.7439,70.3972,3.8542
1995-12-18,44003,Kent,1.7718,-5.934,51.3774,4.3993
1995-12-19,44003,Kent,-1.0443,-7.9387,68.0315,5.4214
1995-12-20,44003,Kent,0.6138,-9.1666,76.3364,6.2641
1995-12-21,44003,Kent,-2.9507,-11.8361,71.4252,8.1546
1995-12-22,44003,Kent,0.9401,-7.3641,68.3349,5.3369
1995-12-23,44003,Kent,1.4701,-6.4242,68.4464,3.3652
1995-12-24,44003,Kent,-0.3796,-5.0271,68.5881,3.6375
1995-12-25,44003,Kent,0.6504,-6.3226,61.6014,4.0802
1995-12-26,44003,Kent,0.5136,-5.913,54.2561,6.161
1995-12-27,44003,Kent,-0.844,-7.5423,59.6684,5.1712
1995-12-28,44003,Kent,1.4232,-6.6242,60.5327,3.7673
1995-12-29,44003,Kent,0.2211,-8.969,73.3646,4.0882
1995-12-30,44003,Kent,2.3473,-6.6766,59.618,3.7477
1995-12-31,44003,Kent,0.8799,-4.7706,65.3733,2.2872
1996-01-01,44003,Kent,2.2846,-3.1116,62.7498,2.3557
1996-01-02,44003,Kent,1.1164,-4.4789,72.8583,3.4491
1996-01-03,44003,Kent,0.8972,-7.2208,72.6695,6.1231
1996-01-04,44003,Kent,-4.3127,-13.2593,54.0653,4.6523
1996-01-05,44003,Kent,-5.5625,-17.3484,43.6406,5.8436
1996-01-06,44003,Kent,-10.0992,-21.0012,40.5242,5.0147
1996-01-07,44003,Kent,-3.9062,-17.3347,69.2299,6.4843
1996-01-08,44003,Kent,-1.9529,-12.8375,69.9588,8.8711
1996-01-09,44003,Kent,-3.4767,-16.8487,67.9718,2.7784
1996-01-10,44003,Kent,-2.1806,-7.895,67.5222,4.2474
1996-01-11,44003,Kent,-4.6927,-12.7067,63.479,3.2413
1996-01-12,44003,Kent,3.6345,-9.118,74.7221,4.3851
1996-01-13,44003,Kent,3.5366,-4.1793,63.294,3.8574
1996-01-14,44003,Kent,3.2188,-4.3936,64.0994,4.3905
1996-01-15,44003,Kent,1.7557,-11.0914,53.5932,4.3322
1996-01-16,44003,Kent,2.1191,-13.5263,61.9538,3.4712
1996-01-17,44003,Kent,8.2921,-1.2727,66.9165,3.8051
1996-01-18,44003,Kent,10.2123,-2.0844,71.0009,3.0223
1996-01-19,44003,Kent,9.9184,2.6303,75.4395,8.1551
1996-01-20,44003,Kent,4.4507,-7.2018,32.0244,4.439
1996-01-21,44003,Kent,1.49,-6.5304,55.1987,3.9475
1996-01-22,44003,Kent,2.7986,-3.9122,58.343,2.1012
1996-01-23,44003,Kent,5.0527,-3.994,69.2953,3.7091
1996-01-24,44003,Kent,10.8815,-0.6553,78.1352,6.7973
1996-01-25,44003,Kent,6.8126,-7.7915,37.6781,5.1344
1996-01-26,44003,Kent,2.2901,-7.8854,53.8912,3.291
1996-01-27,44003,Kent,9.1652,-1.0337,78.5203,8.5363
1996-01-28,44003,Kent,5.1025,-6.7333,33.3885,6.4991
1996-01-29,44003,Kent,1.3251,-7.613,50.3651,3.5407
1996-01-30,44003,Kent,4.054,-3.7805,63.4789,3.1222
1996-01-31,44003,Kent,0.6216,-9.1995,52.4215,3.6653
1996-02-01,44003,Kent,-4.3346,-12.5021,50.179,2.5442
1996-02-02,44003,Kent,-0.2259,-7.2999,58.1295,1.9965
1996-02-03,44003,Kent,-3.5735,-13.2364,50.9016,6.2848
1996-02-04,44003,Kent,-9.6944,-14.9996,48.1321,4.9893
1996-02-05,44003,Kent,-7.1214,-16.5352,37.5522,4.3158
1996-02-06,44003,Kent,-4.3741,-13.0237,35.6777,3.9557
1996-02-07,44003,Kent,0.8979,-11.1576,51.8597,3.8996
1996-02-08,44003,Kent,3.4192,-2.9553,69.4434,4.0815
1996-02-09,44003,Kent,6.3988,-1.4228,60.9949,4.5762
1996-02-10,44003,Kent,3.8616,-3.7931,53.9438,4.0526
1996-02-11,44003,Kent,6.9891,-1.7237,65.1503,3.8646
1996-02-12,44003,Kent,2.6776,-11.3424,35.5344,5.5942
1996-02-13,44003,Kent,-8.739,-16.5433,45.4172,6.0261
1996-02-14,44003,Kent,2.0213,-11.8968,69.5036,2.7832
1996-02-15,44003,Kent,0.6503,-6.7576,61.3956,1.2947
1996-02-16,44003,Kent,-0.2299,-7.2648,63.3205,5.3229
1996-02-17,44003,Kent,-2.7548,-11.0895,61.6724,5.8931
1996-02-18,44003,Kent,-0.665,-12.686,50.8778,4.5387
1996-02-19,44003,Kent,1.7347,-14.0607,58.712,2.9387
1996-02-20,44003,Kent,5.6927,-1.2659,67.0553,4.8422
1996-02-21,44003,Kent,7.6848,1.6165,63.9841,3.1873
1996-02-22,44003,Kent,14.4686,2.897,59.038,1.1986
1996-02-23,44003,Kent,11.7978,3.0059,60.9524,1.4468
1996-02-24,44003,Kent,12.1975,2.0524,52.8234,5.3587
1996-02-25,44003,Kent,8.8801,-0.9236,37.1502,9.0699
1996-02-26,44003,Kent,8.6338,-2.885,37.3156,5.7365
1996-02-27,44003,Kent,11.2778,-2.8664,33.3013,2.9912
1996-02-28,44003,Kent,14.4645,0.9909,44.3752,4.7787
1996-02-29,44003,Kent,5.9291,-6.0051,23.4047,5.7521
1996-03-01,44003,Kent,1.8002,-8.4692,38.967,3.4057
1996-03-02,44003,Kent,3.3033,-5.3625,65.2889,3.5248
1996-03-03,44003,Kent,5.0198,-8.3153,53.655,6.684
1996-03-04,44003,Kent,-0.932,-9.1001,46.7683,6.3229
1996-03-05,44003,Kent,4.8368,-8.395,71.9219,3.5733
1996-03-06,44003,Kent,4.8624,-1.9499,65.7822,4.4698
1996-03-07,44003,Kent,2.9218,-3.9043,65.6321,5.5612
1996-03-08,44003,Kent,0.2866,-9.3607,61.7126,5.5428
1996-03-09,44003,Kent,-3.4146,-13.0023,47.4825,6.0695
1996-03-10,44003,Kent,0.8072,-12.8374,46.013,2.8326
1996-03-11,44003,Kent,3.6315,-10.6366,50.473,1.7488
1996-03-12,44003,Kent,5.1641,-7.2467,52.3246,3.6855
1996-03-13,44003,Kent,8.7342,-5.3054,42.646,2.2134
1996-03-14,44003,Kent,10.4653,-1.4098,47.9534,2.6936
1996-03-15,44003,Kent,13.95,0.0417,54.6653,2.5243
1996-03-16,44003,Kent,7.3346,-4.2064,46.2148,4.816
1996-03-17,44003,Kent,9.3836,-4.764,35.0665,3.0071
1996-03-18,44003,Kent,12.5405,-2.9611,40.4118,1.962
1996-03-19,44003,Kent,14.1987,0.1036,49.4175,5.7368
1996-03-20,44003,Kent,11.8188,2.3016,56.4806,3.9886
1996-03-21,44003,Kent,10.3393,0.7722,53.5364,3.193
1996-03-22,44003,Kent,9.1679,-1.2865,48.1956,4.2414
1996-03-23,44003,Kent,4.9038,-3.598,40.7417,5.8754
1996-03-24,44003,Kent,9.3384,-3.5639,35.8809,4.1475
1996-03-25,44003,Kent,14.7046,0.1963,47.6678,4.7693
1996-03-26,44003,Kent,19.8522,1.5563,38.5365,4.6882
1996-03-27,44003,Kent,5.4966,-3.8145,30.887,4.3877
1996-03-28,44003,Kent,7.1092,-3.9857,31.9228,1.6209
1996-03-29,44003,Kent,7.1789,-1.9226,49.733,3.6979
1996-03-30,44003,Kent,10.3346,-3.9727,38.6861,2.4691
1996-03-31,44003,Kent,12.5597,0.0338,35.8266,1.8687
1996-04-01,44003,Kent,15.0236,1.9063,53.2814,2.5125
1996-04-02,44003,Kent,10.5328,0.1185,57.4993,5.5766
1996-04-03,44003,Kent,8.5682,-0.9459,42.3622,4.5363
1996-04-04,44003,Kent,10.1049,-1.268,33.1172,3.7514
1996-04-05,44003,Kent,7.8379,1.7157,46.4427,2.4851
1996-04-06,44003,Kent,10.7856,1.8365,52.6982,3.4513
1996-04-07,44003,Kent,6.2759,1.006,64.9297,6.3132
1996-04-08,44003,Kent,4.4679,0.428,63.6996,3.7359
1996-04-09,44003,Kent,8.8527,-0.9578,52.4213,3.5839
1996-04-10,44003,Kent,5.2755,0.3991,59.6673,7.2821
1996-04-11,44003,Kent,13.1914,0.7541,45.2376,5.1891
1996-04-12,44003,Kent,18.2572,5.3928,48.7658,3.3268
1996-04-13,44003,Kent,10.6644,4.1259,48.1883,3.1083
1996-04-14,44003,Kent,9.8719,3.154,59.9442,3.7524
1996-04-15,44003,Kent,11.9822,0.5499,51.2795,3.3633
1996-04-16,44003,Kent,12.9754,3.3457,71.139,7.1392
1996-04-17,44003,Kent,9.5264,3.7337,51.6437,6.9562
1996-04-18,44003,Kent,15.2691,2.3332,38.8638,3.5885
1996-04-19,44003,Kent,18.0068,4.5723,49.7157,3.0726
1996-04-20,44003,Kent,20.8231,8.3939,59.4046,5.2219
1996-04-21,44003,Kent,25.0743,9.8198,48.5296,4.0287
1996-04-22,44003,Kent,23.0485,9.3266,43.6876,3.1261
1996-04-23,44003,Kent,23.8763,10.0357,57.8799,5.1211
1996-04-24,44003,Kent,14.2432,4.428,52.3492,5.602
1996-04-25,44003,Kent,18.3209,4.4072,47.3019,5.0804
1996-04-26,44003,Kent,20.8616,8.4032,62.7755,6.2401
1996-04-27,44003,Kent,17.9629,4.4868,48.1599,3.9484
1996-04-28,44003,Kent,16.8733,0.2493,42.1949,3.4174
1996-04-29,44003,Kent,12.079,5.2163,67.2163,3.2221
1996-04-30,44003,Kent,21.503,8.8718,65.4289,4.9132
1996-05-01,44003,Kent,18.5092,6.2367,51.4597,3.8547
1996-05-02,44003,Kent,19.7024,3.7318,51.1029,3.6349
1996-05-03,44003,Kent,15.5672,7.4499,62.5293,2.5742
1996-05-04,44003,Kent,20.4083,7.9108,61.0572,1.9174
1996-05-05,44003,Kent,20.062,9.5275,51.7011,1.9681
1996-05-06,44003,Kent,12.9989,2.0235,65.5688,3.6399
1996-05-07,44003,Kent,17.4446,0.2093,44.0503,2.9009
1996-05-08,44003,Kent,18.0265,5.9255,52.6611,1.5215
1996-05-09,44003,Kent,16.3979,7.1474,58.0334,2.6068
1996-05-10,44003,Kent,17.8678,7.7625,69.6579,4.0145
1996-05-11,44003,Kent,25.6163,11.7446,60.8006,4.52
1996-05-12,44003,Kent,15.8398,5.5452,60.368,6.4005
1996-05-13,44003,Kent,14.8416,2.9635,43.8644,3.9026
1996-05-14,44003,Kent,15.6807,1.1403,43.2318,2.6257
1996-05-15,44003,Kent,19.8159,3.0311,42.8367,3.2
1996-05-16,44003,Kent,12.8073,3.2633,72.4595,3.3138
1996-05-17,44003,Kent,22.4629,9.2156,57.001,1.4571
1996-05-18,44003,Kent,18.8192,9.8624,61.1981,1.9466
1996-05-19,44003,Kent,27.2965,9.9391,60.4788,2.4988
1996-05-20,44003,Kent,32.8249,13.7354,54.8543,3.6434
1996-05-21,44003,Kent,31.654,18.0386,54.7244,3.6525
1996-05-22,44003,Kent,26.0746,13.0361,47.0399,3.1401
1996-05-23,44003,Kent,24.7805,9.8063,47.2521,2.984
1996-05-24,44003,Kent,20.1633,8.3497,55.783,3.2708
1996-05-25,44003,Kent,18.4122,3.8162,41.9722,3.1734
1996-05-26,44003,Kent,19.4249,4.1311,47.4835,2.4682
1996-05-27,44003,Kent,20.3343,9.075,49.0763,1.6455
1996-05-28,44003,Kent,17.9552,8.1057,57.0128,2.2118
1996-05-29,44003,Kent,16.3121,7.1947,61.7257,2.0979
1996-05-30,44003,Kent,15.222,5.2039,58.3481,2.6142
1996-05-31,44003,Kent,22.8627,7.3757,48.1159,3.2085
1996-06-01,44003,Kent,24.3868,9.759,50.3228,2.8633
1996-06-02,44003,Kent,22.5095,9.1047,54.143,2.8493
1996-06-03,44003,Kent,19.2181,9.6859,81.3581,3.0905
1996-06-04,44003,Kent,22.9831,15.1092,69.0117,4.3321
1996-06-05,44003,Kent,24.3239,14.8092,69.3392,4.0208
1996-06-06,44003,Kent,24.7359,12.6547,58.4567,2.4912
1996-06-07,44003,Kent,25.1459,12.5451,67.0771,3.6335
1996-06-08,44003,Kent,28.1036,15.4818,72.5296,3.5456
1996-06-09,44003,Kent,27.299,16.8665,71.6899,2.6836
1996-06-10,44003,Kent,24.772,17.482,75.199,2.4248
1996-06-11,44003,Kent,27.4204,18.2395,72.5372,3.8839
1996-06-12,44003,Kent,27.016,18.3878,70.9674,4.1895
1996-06-13,44003,Kent,26.4275,17.3846,73.5768,3.3459
1996-06-14,44003,Kent,27.3893,18.5127,67.8715,3.2144
1996-06-15,44003,Kent,29.2435,18.9826,60.0683,2.506
1996-06-16,44003,Kent,24.9028,14.6361,62.6455,2.6137
1996-06-17,44003,Kent,28.6869,14.1457,70.7201,2.2199
1996-06-18,44003,Kent,25.2122,15.7787,72.7378,2.5948
1996-06-19,44003,Kent,20.189,13.9436,71.5918,2.0944
1996-06-20,44003,Kent,24.2915,15.082,72.4946,2.0567
1996-06-21,44003,Kent,26.5391,14.3263,72.6572,1.5483
1996-06-22,44003,Kent,23.2074,15.7679,70.4202,3.3133
1996-06-23,44003,Kent,26.3138,15.6307,60.2746,3.0801
1996-06-24,44003,Kent,21.5964,12.7754,75.6409,2.526
1996-06-25,44003,Kent,27.7182,13.4154,63.4754,3.0278
1996-06-26,44003,Kent,21.56,11.4428,53.4673,3.89
1996-06-27,44003,Kent,24.5291,10.1471,60.4937,2.3462
1996-06-28,44003,Kent,22.9736,13.406,62.583,2.6597
1996-06-29,44003,Kent,23.5455,11.7636,61.065,1.6376
1996-06-30,44003,Kent,19.1987,15.424,77.9064,3.2794
1996-07-01,44003,Kent,26.1148,15.7577,74.2887,4.0065
1996-07-02,44003,Kent,28.0648,16.7871,68.7033,2.6476
1996-07-03,44003,Kent,23.8313,17.076,78.2219,2.0268
1996-07-04,44003,Kent,23.7895,16.8328,71.079,4.0219
1996-07-05,44003,Kent,25.982,15.8095,61.0032,3.9637
1996-07-06,44003,Kent,28.0806,14.5213,64.1114,3.7611
1996-07-07,44003,Kent,25.1169,17.0516,68.0764,2.1857
1996-07-08,44003,Kent,29.1028,16.1425,76.4102,3.6256
1996-07-09,44003,Kent,29.155,19.8293,72.7075,2.5609
1996-07-10,44003,Kent,25.0146,14.04,62.0151,3.8378
1996-07-11,44003,Kent,25.3674,11.7201,58.112,3.3665
1996-07-12,44003,Kent,26.6059,13.7903,67.3804,2.408
1996-07-13,44003,Kent,23.7644,18.3642,83.4221,5.6039
1996-07-14,44003,Kent,27.9987,18.8674,72.9437,3.5878
1996-07-15,44003,Kent,26.0021,19.3078,78.1864,5.1019
1996-07-16,44003,Kent,28.8106,19.8123,67.7494,4.2913
1996-07-17,44003,Kent,29.9406,18.392,62.6844,3.2257
1996-07-18,44003,Kent,29.5427,17.6779,65.3607,2.7602
1996-07-19,44003,Kent,26.5445,19.6514,75.8191,4.7058
1996-07-20,44003,Kent,22.2146,14.6539,57.4185,6.3245
1996-07-21,44003,Kent,24.797,13.5386,53.8136,3.8511
1996-07-22,44003,Kent,26.4322,14.511,58.9329,2.0531
1996-07-23,44003,Kent,20.3327,13.9118,77.2302,1.6236
1996-07-24,44003,Kent,27.4964,12.9392,69.2306,1.8079
1996-07-25,44003,Kent,25.3507,15.2329,77.08,2.6238
1996-07-26,44003,Kent,23.9092,17.216,76.8902,1.655
1996-07-27,44003,Kent,27.3779,17.4435,60.6684,2.9986
1996-07-28,44003,Kent,26.7565,14.9542,62.3689,1.6974
1996-07-29,44003,Kent,26.1548,17.1727,64.5568,2.0409
1996-07-30,44003,Kent,20.7044,15.3136,77.0549,2.5942
1996-07-31,44003,Kent,19.8532,14.9134,84.0087,2.7822
1996-08-01,44003,Kent,24.1304,15.6215,83.0395,2.0088
1996-08-02,44003,Kent,26.3891,17.3452,72.671,1.6582
1996-08-03,44003,Kent,25.5687,16.3625,73.8467,1.8659
1996-08-04,44003,Kent,26.4448,16.316,71.843,1.801
1996-08-05,44003,Kent,28.0316,16.1283,74.4586,2.2124
1996-08-06,44003,Kent,29.4162,16.8215,71.4436,2.0158
1996-08-07,44003,Kent,28.1014,16.6891,71.015,2.7647
1996-08-08,44003,Kent,27.0758,15.2641,71.361,3.3788
1996-08-09,44003,Kent,27.1646,15.7083,78.8173,3.4858
1996-08-10,44003,Kent,27.5458,19.5771,66.572,1.8951
1996-08-11,44003,Kent,24.3885,15.8501,60.3384,2.1642
1996-08-12,44003,Kent,24.056,14.7208,62.1204,1.827
1996-08-13,44003,Kent,18.5139,14.494,89.7559,2.7978
1996-08-14,44003,Kent,25.6615,14.0435,73.1819,1.8514
1996-08-15,44003,Kent,25.3314,15.9251,71.7718,1.7367
1996-08-16,44003,Kent,25.6635,14.6752,70.8041,2.0353
1996-08-17,44003,Kent,27.0605,16.6163,73.5296,2.5507
1996-08-18,44003,Kent,28.1793,18.8671,64.4123,2.0691
1996-08-19,44003,Kent,27.1656,15.2027,60.5091,1.9515
1996-08-20,44003,Kent,25.8947,13.626,66.3056,3.3478
1996-08-21,44003,Kent,27.8407,16.2695,73.214,4.2638
1996-08-22,44003,Kent,28.6055,18.774,68.8767,1.9026
1996-08-23,44003,Kent,30.5154,17.3336,70.6038,3.6088
1996-08-24,44003,Kent,25.844,19.0791,75.0683,1.3672
1996-08-25,44003,Kent,26.7356,16.1131,65.8013,2.8848
1996-08-26,44003,Kent,29.5099,16.6935,63.4633,2.9054
1996-08-27,44003,Kent,28.1204,16.7054,67.5581,2.2187
1996-08-28,44003,Kent,20.9032,16.5,84.2964,2.7581
1996-08-29,44003,Kent,27.1506,14.9917,66.9554,2.5369
1996-08-30,44003,Kent,25.2969,14.2476,59.2977,1.9765
1996-08-31,44003,Kent,27.1112,12.1083,60.9022,2.7525
1996-09-01,44003,Kent,29.1858,13.2327,55.0533,3.9034
1996-09-02,44003,Kent,21.5642,16.3479,74.9521,6.7024
1996-09-03,44003,Kent,29.3369,16.272,57.0021,1.9791
1996-09-04,44003,Kent,28.0385,16.2124,67.0787,2.0058
1996-09-05,44003,Kent,28.1839,17.5549,64.6286,2.3843
1996-09-06,44003,Kent,26.8657,16.2383,71.9467,2.0686
1996-09-07,44003,Kent,21.633,15.7346,86.1909,3.1788
1996-09-08,44003,Kent,23.4462,9.7504,84.3071,2.623
1996-09-09,44003,Kent,27.4636,16.3096,76.0721,2.5459
1996-09-10,44003,Kent,26.8665,17.6076,77.639,2.3908
1996-09-11,44003,Kent,24.2465,14.7631,72.4582,1.8227
1996-09-12,44003,Kent,18.6457,12.1282,89.1428,3.5507
1996-09-13,44003,Kent,19.3746,11.8128,91.1391,2.9574
1996-09-14,44003,Kent,23.675,13.4694,74.8113,2.474
1996-09-15,44003,Kent,21.1857,10.709,68.3949,3.1833
1996-09-16,44003,Kent,19.8235,13.6144,76.822,1.9923
1996-09-17,44003,Kent,16.5178,11.4978,93.098,6.1853
1996-09-18,44003,Kent,14.1045,11.0531,89.1429,5.5573
1996-09-19,44003,Kent,20.337,10.8784,64.2453,2.9736
1996-09-20,44003,Kent,21.4482,9.208,65.3498,2.8546
1996-09-21,44003,Kent,22.3038,10.0429,67.591,3.3715
1996-09-22,44003,Kent,20.2485,11.7495,81.8368,1.7745
1996-09-23,44003,Kent,14.764,9.2136,81.1225,3.0601
1996-09-24,44003,Kent,15.7654,9.5289,73.9159,1.615
1996-09-25,44003,Kent,18.5651,10.4045,72.4162,2.8726
1996-09-26,44003,Kent,16.0811,6.3608,65.7297,1.834
1996-09-27,44003,Kent,15.0823,8.998,78.8535,3.1014
1996-09-28,44003,Kent,20.7721,11.798,86.512,6.2432
1996-09-29,44003,Kent,18.6684,11.0206,83.8695,3.6289
1996-09-30,44003,Kent,20.3234,8.5302,55.5151,2.489
1996-10-01,44003,Kent,20.5203,7.6972,52.0062,1.9553
1996-10-02,44003,Kent,20.2374,8.5193,73.0871,3.6822
1996-10-03,44003,Kent,18.0807,2.2673,63.4962,4.8963
1996-10-04,44003,Kent,10.1711,-0.9046,50.9694,4.2729
1996-10-05,44003,Kent,11.1002,0.7679,56.9565,2.5417
1996-10-06,44003,Kent,15.3837,1.6268,57.0859,2.1287
1996-10-07,44003,Kent,16.4725,5.0752,62.7988,1.5081
1996-10-08,44003,Kent,15.5483,5.9254,78.2033,4.749
1996-10-09,44003,Kent,17.9373,7.7236,64.2998,3.7999
1996-10-10,44003,Kent,19.1961,8.0241,65.2279,3.0599
1996-10-11,44003,Kent,12.6937,1.865,55.6932,3.2683
1996-10-12,44003,Kent,13.4467,-0.3418,53.1866,2.505
1996-10-13,44003,Kent,15.7254,3.0584,69.5903,3.1585
1996-10-14,44003,Kent,22.1252,4.7506,53.5815,5.0911
1996-10-15,44003,Kent,10.5999,-1.2707,46.6375,4.1917
1996-10-16,44003,Kent,19.0354,1.9406,63.8352,3.614
1996-10-17,44003,Kent,22.312,7.7806,53.6671,2.0952
1996-10-18,44003,Kent,13.2472,5.0383,64.5675,4.6011
1996-10-19,44003,Kent,13.7611,6.1395,78.864,8.7695
1996-10-20,44003,Kent,15.1148,8.5107,77.2465,4.0242
1996-10-21,44003,Kent,16.3916,7.9854,67.8309,1.5416
1996-10-22,44003,Kent,14.5651,6.0055,69.9389,2.7898
1996-10-23,44003,Kent,17.4606,4.8891,74.3217,2.4687
1996-10-24,44003,Kent,18.4599,7.9563,62.2197,3.9744
1996-10-25,44003,Kent,16.6559,5.5544,55.0638,3.5746
1996-10-26,44003,Kent,15.9377,3.0779,52.3682,2.1941
1996-10-27,44003,Kent,17.802,4.6068,59.0017,2.1015
1996-10-28,44003,Kent,17.7212,5.5948,70.5295,5.0742
1996-10-29,44003,Kent,10.6607,1.7277,52.6569,4.5137
1996-10-30,44003,Kent,13.6605,1.0233,74.7077,4.3191
1996-10-31,44003,Kent,12.805,2.8768,58.2613,4.9957
1996-11-01,44003,Kent,9.0874,0.1088,52.3095,3.6164
1996-11-02,44003,Kent,8.8836,-1.2214,48.737,3.2264
1996-11-03,44003,Kent,6.1711,-3.2328,45.1016,5.2095
1996-11-04,44003,Kent,9.396,-0.5935,49.3537,4.1576
1996-11-05,44003,Kent,14.0837,1.1056,53.4193,2.6811
1996-11-06,44003,Kent,13.1596,5.0391,62.6712,2.5316
1996-11-07,44003,Kent,15.584,7.0865,70.8959,4.3774
1996-11-08,44003,Kent,18.8372,11.266,67.7274,7.4467
1996-11-09,44003,Kent,15.8868,4.5283,66.7671,5.5953
1996-11-10,44003,Kent,12.8959,1.998,52.6109,3.4227
1996-11-11,44003,Kent,7.7686,-1.5322,47.7081,4.0903
1996-11-12,44003,Kent,5.8742,-3.3023,46.2293,4.3827
1996-11-13,44003,Kent,4.4883,-3.8903,39.4777,2.9022
1996-11-14,44003,Kent,1.7654,-4.1732,40.7696,3.3607
1996-11-15,44003,Kent,0.2018,-6.4692,40.6612,5.1433
1996-11-16,44003,Kent,4.0888,-7.5521,37.8618,3.5467
1996-11-17,44003,Kent,9.8823,-4.2081,32.478,2.8864
1996-11-18,44003,Kent,11.0227,-1.4108,43.5025,1.4646
1996-11-19,44003,Kent,8.8495,1.207,66.82,1.9102
1996-11-20,44003,Kent,6.732,-1.4074,54.5212,4.0
1996-11-21,44003,Kent,4.2629,-3.487,53.448,4.2917
1996-11-22,44003,Kent,5.4928,-2.9742,52.9309,3.9354
1996-11-23,44003,Kent,6.8027,-3.4837,51.0917,3.3717
1996-11-24,44003,Kent,4.8923,-2.5937,43.8617,2.387
1996-11-25,44003,Kent,8.9135,-0.5733,64.6888,1.6426
1996-11-26,44003,Kent,13.7743,-0.1173,70.482,4.9115
1996-11-27,44003,Kent,2.8857,-7.8367,45.5918,6.4929
1996-11-28,44003,Kent,-0.8078,-8.8953,55.9475,3.3527
1996-11-29,44003,Kent,1.6509,-6.775,56.3625,3.543
1996-11-30,44003,Kent,4.1419,-4.8564,66.0891,2.6226
1996-12-01,44003,Kent,11.3919,1.7806,88.9229,7.3095
1996-12-02,44003,Kent,13.0364,1.1926,72.661,6.4756
1996-12-03,44003,Kent,6.5521,-2.462,58.4525,2.0495
1996-12-04,44003,Kent,6.6431,0.0562,67.6986,1.6895
1996-12-05,44003,Kent,5.8093,-0.2864,63.065,2.357
1996-12-06,44003,Kent,5.5814,-1.4437,82.0504,6.7641
1996-12-07,44003,Kent,3.9557,-1.8321,77.8105,3.1248
1996-12-08,44003,Kent,5.2585,-4.6403,76.4781,3.645
1996-12-09,44003,Kent,3.0124,-5.9395,69.0817,2.4496
1996-12-10,44003,Kent,2.7161,-5.9998,73.3878,2.4119
1996-12-11,44003,Kent,5.0772,-0.6955,73.4724,1.861
1996-12-12,44003,Kent,5.3891,0.6665,73.3638,4.6762
1996-12-13,44003,Kent,5.5544,0.5846,72.997,5.3983
1996-12-14,44003,Kent,4.9954,0.8266,73.9068,5.2335
1996-12-15,44003,Kent,5.119,-0.673,74.0319,4.278
1996-12-16,44003,Kent,6.9409,-1.0929,71.9545,2.2305
1996-12-17,44003,Kent,10.234,2.0236,73.2969,3.5089
1996-12-18,44003,Kent,13.4602,6.704,77.3594,2.2005
1996-12-19,44003,Kent,12.1032,5.7141,80.8225,2.4362
1996-12-20,44003,Kent,7.275,-6.645,36.4801,7.6449
1996-12-21,44003,Kent,-0.4471,-6.4124,66.8669,3.5263
1996-12-22,44003,Kent,2.2681,-4.9977,75.1023,4.2036
1996-12-23,44003,Kent,3.8374,-0.6218,77.224,1.7598
1996-12-24,44003,Kent,11.8267,1.2674,85.6836,6.6316
1996-12-25,44003,Kent,10.1933,-2.834,39.8968,5.9579
1996-12-26,44003,Kent,2.1635,-2.7443,57.5708,3.7424
1996-12-27,44003,Kent,6.8323,-0.9966,69.7016,1.6745
1996-12-28,44003,Kent,7.2239,-0.9344,69.0279,3.1299
1996-12-29,44003,Kent,12.8579,3.762,77.6086,4.488
1996-12-30,44003,Kent,9.6153,-2.6725,46.0268,4.9011
1996-12-31,44003,Kent,1.6557,-12.2773,42.4533,4.182
1997-01-01,44003,Kent,-2.4904,-14.1805,49.2756,2.9264
1997-01-02,44003,Kent,3.906,-4.9306,69.2427,3.0653
1997-01-03,44003,Kent,6.9292,-0.7612,60.6897,2.3561
1997-01-04,44003,Kent,7.4107,-0.8653,59.097,1.6874
1997-01-05,44003,Kent,13.959,0.9954,66.3143,3.9349
1997-01-06,44003,Kent,10.1496,-1.4153,47.1994,6.2974
1997-01-07,44003,Kent,2.2427,-4.9544,32.7864,7.5736
1997-01-08,44003,Kent,-1.8818,-7.8406,39.1972,7.4064
1997-01-09,44003,Kent,2.6676,-8.1901,51.0417,2.946
1997-01-10,44003,Kent,5.2013,-3.3097,58.6766,6.5804
1997-01-11,44003,Kent,1.5923,-7.8138,53.7438,5.6308
1997-01-12,44003,Kent,-2.2799,-8.1977,50.5714,6.7305
1997-01-13,44003,Kent,0.0954,-8.3383,56.165,4.8935
1997-01-14,44003,Kent,0.26,-6.4894,54.1217,4.3676
1997-01-15,44003,Kent,1.7923,-7.1489,55.0833,3.8006
1997-01-16,44003,Kent,7.0103,-2.5975,58.6731,6.7464
1997-01-17,44003,Kent,0.5574,-12.144,20.4039,6.8268
1997-01-18,44003,Kent,-7.861,-14.3547,40.0381,4.9678
1997-01-19,44003,Kent,-7.6037,-17.2468,46.677,5.0784
1997-01-20,44003,Kent,0.5281,-11.018,60.5777,5.3188
1997-01-21,44003,Kent,-0.0752,-6.953,51.3095,3.5698
1997-01-22,44003,Kent,6.6523,-5.0758,63.9719,7.1572
1997-01-23,44003,Kent,9.3338,-4.5026,53.7363,4.9475
1997-01-24,44003,Kent,3.2812,-6.4659,47.3366,5.4568
1997-01-25,44003,Kent,9.9326,0.7351,64.6673,6.2145
1997-01-26,44003,Kent,3.9071,-9.0648,30.9441,6.3587
1997-01-27,44003,Kent,0.8445,-10.7216,47.101,3.4025
1997-01-28,44003,Kent,5.9729,-6.876,60.6025,6.4952
1997-01-29,44003,Kent,-2.3729,-9.0484,46.8465,4.015
1997-01-30,44003,Kent,-0.2611,-11.2922,57.2235,3.3433
1997-01-31,44003,Kent,5.0664,-1.9269,58.0455,2.1979
1997-02-01,44003,Kent,6.2943,0.2145,61.5742,3.5556
1997-02-02,44003,Kent,5.9658,-1.4598,53.4312,1.8066
1997-02-03,44003,Kent,5.7883,-0.5423,61.314,2.1045
1997-02-04,44003,Kent,4.5384,-3.3317,59.0464,4.2557
1997-02-05,44003,Kent,7.8278,0.4935,61.6981,4.5191
1997-02-06,44003,Kent,7.8123,-3.5459,49.4537,3.6294
1997-02-07,44003,Kent,3.7681,-5.8955,55.1401,2.9243
1997-02-08,44003,Kent,2.802,-3.7873,53.8248,4.6486
1997-02-09,44003,Kent,1.8848,-6.0288,48.5194,3.9748
1997-02-10,44003,Kent,3.5253,-6.843,48.2492,2.8573
1997-02-11,44003,Kent,3.451,-5.439,62.687,3.1988
1997-02-12,44003,Kent,4.3983,-2.2492,57.5774,4.1626
1997-02-13,44003,Kent,3.3845,-6.1085,44.2386,3.7247
1997-02-14,44003,Kent,5.6466,-5.869,69.1727,4.6049
1997-02-15,44003,Kent,6.276,-0.6162,58.4135,3.519
1997-02-16,44003,Kent,2.8035,-5.0015,49.5927,2.8884
1997-02-17,44003,Kent,1.2212,-5.2871,55.708,4.3153
1997-02-18,44003,Kent,6.202,-3.5282,59.1822,7.4991
1997-02-19,44003,Kent,12.2553,1.215,53.8547,5.9969
1997-02-20,44003,Kent,9.7169,-1.6337,41.6236,3.8786
1997-02-21,44003,Kent,13.4991,-0.8945,60.1866,6.2812
1997-02-22,44003,Kent,19.6581,2.6636,53.8019,6.7741
1997-02-23,44003,Kent,6.6414,-2.4247,39.951,4.8806
1997-02-24,44003,Kent,5.8614,-3.1936,47.9595,5.446
1997-02-25,44003,Kent,-0.7568,-8.9609,40.9172,4.4652
1997-02-26,44003,Kent,8.8199,-3.8122,55.3102,5.7605
1997-02-27,44003,Kent,18.3371,3.0485,61.8735,5.934
1997-02-28,44003,Kent,13.2409,2.9435,44.472,3.025
1997-03-01,44003,Kent,8.2779,0.4499,60.1366,3.3409
1997-03-02,44003,Kent,18.472,4.2245,51.6984,5.9299
1997-03-03,44003,Kent,7.6183,-0.6976,41.9668,4.9015
1997-03-04,44003,Kent,4.047,-0.9312,59.5306,3.0262
1997-03-05,44003,Kent,10.266,-0.3623,55.4255,2.8755
1997-03-06,44003,Kent,10.2656,-1.5134,51.1722,8.4414
1997-03-07,44003,Kent,2.6591,-4.6321,43.5344,5.842
1997-03-08,44003,Kent,5.0414,-5.1101,56.7539,4.3321
1997-03-09,44003,Kent,0.8916,-6.1901,43.7555,3.5696
1997-03-10,44003,Kent,6.8909,-3.6428,57.9873,3.9895
1997-03-11,44003,Kent,5.3795,-1.2815,55.0252,2.851
1997-03-12,44003,Kent,3.3462,-4.7571,42.8507,5.6495
1997-03-13,44003,Kent,-0.8705,-8.7093,45.1525,5.1542
1997-03-14,44003,Kent,5.9842,-8.7603,56.7565,4.6788
1997-03-15,44003,Kent,6.9481,-2.4466,44.5377,5.5218
1997-03-16,44003,Kent,0.3649,-7.152,28.1428,5.989
1997-03-17,44003,Kent,3.9336,-7.7866,54.6826,5.5124
1997-03-18,44003,Kent,4.8002,-2.385,47.3829,3.3103
1997-03-19,44003,Kent,4.6327,-3.0641,42.2401,1.5617
1997-03-20,44003,Kent,4.6567,-3.1765,59.5617,2.7021
1997-03-21,44003,Kent,6.6951,-4.0853,52.1881,3.5817
1997-03-22,44003,Kent,8.0456,-0.5807,53.4905,4.7554
1997-03-23,44003,Kent,2.2358,-8.3747,34.9162,4.6336
1997-03-24,44003,Kent,2.6756,-9.8916,44.6598,3.819
1997-03-25,44003,Kent,7.012,-5.9257,56.2489,4.0578
1997-03-26,44003,Kent,13.0456,1.846,52.7436,7.3824
1997-03-27,44003,Kent,14.7038,0.1273,41.1469,4.4106
1997-03-28,44003,Kent,15.8967,3.2152,42.5222,3.0405
1997-03-29,44003,Kent,17.3674,5.3983,61.1032,2.7307
1997-03-30,44003,Kent,18.7338,8.1867,48.3776,3.2983
1997-03-31,44003,Kent,12.6095,-0.5204,55.2272,8.7381
1997-04-01,44003,Kent,2.9935,-3.9073,59.5985,8.6869
1997-04-02,44003,Kent,7.4152,-7.1381,44.885,5.5574
1997-04-03,44003,Kent,12.0201,-2.4425,40.5924,3.2348
1997-04-04,44003,Kent,17.1453,4.3369,41.1827,3.6824
1997-04-05,44003,Kent,13.3248,1.274,43.3663,2.2498
1997-04-06,44003,Kent,13.2178,3.2888,65.9083,4.1565
1997-04-07,44003,Kent,23.8095,7.0844,41.8916,4.6594
1997-04-08,44003,Kent,9.6032,1.4986,37.2607,5.6534
1997-04-09,44003,Kent,3.9495,-4.5979,28.655,5.8062
1997-04-10,44003,Kent,7.7515,-4.8587,26.757,4.4564
1997-04-11,44003,Kent,8.0242,-2.9727,40.3696,3.0635
1997-04-12,44003,Kent,11.6639,1.9781,57.1033,3.3792
1997-04-13,44003,Kent,19.1992,7.0791,55.1789,3.4319
1997-04-14,44003,Kent,11.1304,0.5425,40.3086,4.8633
1997-04-15,44003,Kent,12.4242,-0.966,34.0226,2.4253
1997-04-16,44003,Kent,14.939,-0.1933,43.5449,2.7705
1997-04-17,44003,Kent,15.4601,4.4941,59.646,2.7821
1997-04-18,44003,Kent,15.0061,5.9886,63.3396,2.8845
1997-04-19,44003,Kent,9.1337,3.6842,61.0219,5.9451
1997-04-20,44003,Kent,14.7064,1.5637,47.8955,2.1779
1997-04-21,44003,Kent,16.1478,6.4532,43.3809,2.0609
1997-04-22,44003,Kent,16.6065,5.5766,42.8399,1.5965
1997-04-23,44003,Kent,18.0324,6.7805,40.098,1.7944
1997-04-24,44003,Kent,10.4533,4.7171,53.9172,5.4579
1997-04-25,44003,Kent,12.6998,3.9098,51.3576,1.4502
1997-04-26,44003,Kent,17.5488,5.6025,37.477,2.7523
1997-04-27,44003,Kent,18.9209,4.5106,35.3143,2.4795
1997-04-28,44003,Kent,13.7315,6.1868,66.7402,5.6933
1997-04-29,44003,Kent,18.4988,4.408,41.4455,3.2956
1997-04-30,44003,Kent,19.6709,6.1834,46.1596,3.8818
1997-05-01,44003,Kent,20.0677,6.8555,62.0256,5.858
1997-05-02,44003,Kent,15.7238,7.7693,41.2491,5.0885
1997-05-03,44003,Kent,14.0342,7.3878,67.4295,4.7807
1997-05-04,44003,Kent,16.1254,6.7515,51.8086,4.3581
1997-05-05,44003,Kent,16.4731,4.1928,40.1304,3.3491
1997-05-06,44003,Kent,16.1624,5.6323,60.7523,5.5061
1997-05-07,44003,Kent,10.5375,3.5439,45.6566,6.0593
1997-05-08,44003,Kent,15.8875,1.9033,41.3265,3.4719
1997-05-09,44003,Kent,13.7284,5.8535,68.8374,2.2284
1997-05-10,44003,Kent,16.3127,8.3094,53.132,2.4658
1997-05-11,44003,Kent,16.6413,6.5255,45.8781,4.4407
1997-05-12,44003,Kent,20.198,6.3741,53.1717,5.0019
1997-05-13,44003,Kent,20.3378,8.4276,61.1768,2.4032
1997-05-14,44003,Kent,19.6045,9.2988,49.0527,4.396
1997-05-15,44003,Kent,21.41,8.8608,60.5332,3.858
1997-05-16,44003,Kent,15.0078,6.8739,54.4748,5.8484
1997-05-17,44003,Kent,16.3853,5.5541,55.4426,4.9303
1997-05-18,44003,Kent,17.835,7.7794,45.7308,3.3117
1997-05-19,44003,Kent,22.9183,8.9193,59.4222,2.5783
1997-05-20,44003,Kent,22.2833,8.8981,50.895,3.0628
1997-05-21,44003,Kent,16.1131,4.9504,46.1676,4.7203
1997-05-22,44003,Kent,14.4157,5.4478,51.4793,5.6588
1997-05-23,44003,Kent,17.3458,5.9043,48.5184,3.801
1997-05-24,44003,Kent,19.4597,7.9692,49.6215,2.3056
1997-05-25,44003,Kent,19.4648,10.4418,71.0593,2.6123
1997-05-26,44003,Kent,18.8997,11.5486,51.976,3.2335
1997-05-27,44003,Kent,15.4579,8.2244,49.8813,2.9815
1997-05-28,44003,Kent,21.1638,4.7609,45.9501,2.1682
1997-05-29,44003,Kent,22.7066,6.7803,46.9309,3.0654
1997-05-30,44003,Kent,21.3996,8.513,62.5074,3.3534
1997-05-31,44003,Kent,25.3848,12.5813,61.1802,2.1065
1997-06-01,44003,Kent,25.7267,13.3971,60.8456,2.6334
1997-06-02,44003,Kent,16.4678,9.6613,70.1422,5.3259
1997-06-03,44003,Kent,15.7683,7.3752,57.5416,4.5184
1997-06-04,44003,Kent,17.7811,6.5795,53.6423,5.1414
1997-06-05,44003,Kent,19.1711,5.4677,56.1001,2.9666
1997-06-06,44003,Kent,18.1494,8.3197,59.1859,1.982
1997-06-07,44003,Kent,18.651,6.7075,58.9555,3.0748
1997-06-08,44003,Kent,20.0955,7.9714,53.9955,2.0295
1997-06-09,44003,Kent,22.5853,7.7935,52.721,2.0002
1997-06-10,44003,Kent,29.6502,9.7365,53.4596,3.5766
1997-06-11,44003,Kent,31.0099,15.1984,49.5919,3.2432
1997-06-12,44003,Kent,27.5715,15.4964,58.4204,3.7331
1997-06-13,44003,Kent,26.299,15.8097,63.9895,3.7179
1997-06-14,44003,Kent,27.4035,13.153,50.4115,2.9795
1997-06-15,44003,Kent,22.0078,8.6432,46.3666,1.9458
1997-06-16,44003,Kent,23.089,8.2304,54.3652,2.7884
1997-06-17,44003,Kent,25.1295,11.6767,59.8358,0.7164
1997-06-18,44003,Kent,22.7347,15.2444,66.545,2.1656
1997-06-19,44003,Kent,29.2031,16.6479,60.3491,1.9644
1997-06-20,44003,Kent,28.52,18.4176,54.3761,1.8276
1997-06-21,44003,Kent,30.3919,18.3353,59.2671,4.5924
1997-06-22,44003,Kent,32.4537,18.8955,57.3698,4.3709
1997-06-23,44003,Kent,28.8203,14.9289,47.452,2.8622
1997-06-24,44003,Kent,26.5999,16.3048,53.1127,2.0631
1997-06-25,44003,Kent,29.2875,18.556,61.273,2.7146
1997-06-26,44003,Kent,32.0826,19.945,54.9982,2.5981
1997-06-27,44003,Kent,28.3108,15.9676,45.0881,2.9988
1997-06-28,44003,Kent,28.9607,13.3765,45.0364,2.1028
1997-06-29,44003,Kent,30.9346,14.8073,48.2986,3.3337
1997-06-30,44003,Kent,29.0091,14.4806,54.1119,3.4659
1997-07-01,44003,Kent,27.8703,14.967,70.2674,3.4994
1997-07-02,44003,Kent,26.9712,15.9056,75.7278,3.1064
1997-07-03,44003,Kent,25.7639,17.9389,77.7833,4.5943
1997-07-04,44003,Kent,27.4732,18.1112,63.8709,4.833
1997-07-05,44003,Kent,25.1305,14.0425,58.1633,3.1886
1997-07-06,44003,Kent,27.4475,14.2639,51.3537,2.403
1997-07-07,44003,Kent,27.7065,13.4377,64.9724,3.0338
1997-07-08,44003,Kent,28.9232,16.6914,58.7959,2.6721
1997-07-09,44003,Kent,29.5176,17.9298,68.3346,4.746
1997-07-10,44003,Kent,24.3598,15.5632,65.5249,2.135
1997-07-11,44003,Kent,28.37,12.755,50.9536,2.6722
1997-07-12,44003,Kent,30.9982,14.2269,45.9298,2.6313
1997-07-13,44003,Kent,32.7932,15.7826,51.8068,2.9488
1997-07-14,44003,Kent,34.3709,19.4609,51.0369,3.3182
1997-07-15,44003,Kent,33.3122,20.0641,58.2877,1.7705
1997-07-16,44003,Kent,33.4095,18.6127,61.3312,2.4058
1997-07-17,44003,Kent,34.8152,21.0638,52.2887,3.9285
1997-07-18,44003,Kent,34.6091,20.2936,49.5258,3.6455
1997-07-19,44003,Kent,27.3766,14.9243,48.2053,4.3908
1997-07-20,44003,Kent,26.0508,11.5955,44.6341,3.2019
1997-07-21,44003,Kent,26.8969,14.1497,63.4167,2.5359
1997-07-22,44003,Kent,25.0634,16.2455,63.7105,1.86
1997-07-23,44003,Kent,25.4295,14.6331,56.9221,1.8156
1997-07-24,44003,Kent,17.6754,13.8712,84.9295,3.7204
1997-07-25,44003,Kent,20.1519,15.4656,80.5288,5.0502
1997-07-26,44003,Kent,28.3643,13.3853,60.7157,2.8371
1997-07-27,44003,Kent,27.3632,15.7028,78.5445,3.6011
1997-07-28,44003,Kent,32.2868,20.5792,61.76,3.3973
1997-07-29,44003,Kent,26.2345,13.003,48.704,3.724
1997-07-30,44003,Kent,27.0932,11.105,45.1232,1.9912
1997-07-31,44003,Kent,29.6931,12.07,49.4883,2.5106
1997-08-01,44003,Kent,31.4287,13.939,46.7715,3.6511
1997-08-02,44003,Kent,30.8286,17.6226,52.4782,3.964
1997-08-03,44003,Kent,32.5838,17.064,60.5203,2.3734
1997-08-04,44003,Kent,25.8353,16.0058,72.8494,2.7203
1997-08-05,44003,Kent,22.5976,12.9293,79.6454,2.1105
1997-08-06,44003,Kent,22.4132,14.6763,74.8933,1.2405
1997-08-07,44003,Kent,25.9649,14.4867,56.8323,2.2204
1997-08-08,44003,Kent,27.1486,12.5714,57.4145,1.0816
1997-08-09,44003,Kent,27.7923,17.1056,67.0827,2.3638
1997-08-10,44003,Kent,29.3902,16.8022,65.2263,3.9877
1997-08-11,44003,Kent,29.0523,16.7286,68.1309,3.8931
1997-08-12,44003,Kent,26.1536,15.4329,70.2551,2.5249
1997-08-13,44003,Kent,22.1444,13.4694,92.5434,3.2433
1997-08-14,44003,Kent,27.6653,18.6,67.559,1.6341
1997-08-15,44003,Kent,26.8347,18.3465,69.9919,2.8678
1997-08-16,44003,Kent,32.7002,18.2846,73.3374,4.5088
1997-08-17,44003,Kent,32.3932,21.9342,66.4058,2.9769
1997-08-18,44003,Kent,23.4782,13.7164,69.1292,2.998
1997-08-19,44003,Kent,23.9082,10.8431,63.376,1.8263
1997-08-20,44003,Kent,22.4861,15.0156,73.5299,2.7935
1997-08-21,44003,Kent,21.1224,14.0239,89.0565,4.2473
1997-08-22,44003,Kent,25.3206,13.626,81.481,1.9174
1997-08-23,44003,Kent,23.0965,16.389,73.4039,3.922
1997-08-24,44003,Kent,24.0127,14.3551,66.5327,2.5497
1997-08-25,44003,Kent,23.0711,15.0678,69.1605,0.8405
1997-08-26,44003,Kent,25.4266,14.2227,63.9267,1.2961
1997-08-27,44003,Kent,24.3415,14.4536,73.7957,3.0211
1997-08-28,44003,Kent,24.4204,15.2241,81.0769,1.909
1997-08-29,44003,Kent,22.3274,15.5051,80.9806,1.7799
1997-08-30,44003,Kent,24.0289,14.3266,78.5807,1.8187
1997-08-31,44003,Kent,25.019,16.3293,75.983,2.0732
1997-09-01,44003,Kent,25.3865,15.7074,77.233,2.6507
1997-09-02,44003,Kent,26.8574,18.5657,77.186,3.8758
1997-09-03,44003,Kent,23.8094,9.337,71.398,4.1472
1997-09-04,44003,Kent,16.356,7.6234,62.9911,3.5772
1997-09-05,44003,Kent,21.6849,6.9064,56.6114,3.2922
1997-09-06,44003,Kent,23.8023,9.9702,63.6712,3.1823
1997-09-07,44003,Kent,24.5388,14.3516,68.8749,2.1793
1997-09-08,44003,Kent,23.0215,14.3315,71.8317,2.7507
1997-09-09,44003,Kent,23.1209,12.4962,66.1988,2.9913
1997-09-10,44003,Kent,23.5346,10.9348,68.1236,2.8336
1997-09-11,44003,Kent,22.8391,13.9371,81.8963,3.5276
1997-09-12,44003,Kent,25.4107,17.1165,75.1549,2.802
1997-09-13,44003,Kent,24.8579,16.9717,65.1098,2.1196
1997-09-14,44003,Kent,23.0923,15.5123,68.4823,1.334
1997-09-15,44003,Kent,24.5525,14.3768,64.2674,2.3374
1997-09-16,44003,Kent,24.6118,14.4851,64.5282,2.5166
1997-09-17,44003,Kent,22.655,13.1124,65.21,2.644
1997-09-18,44003,Kent,26.6516,13.2745,66.974,1.8685
1997-09-19,44003,Kent,26.2657,13.8938,55.55,2.7197
1997-09-20,44003,Kent,27.4862,13.7249,67.9476,4.743
1997-09-21,44003,Kent,15.0931,5.3855,57.0427,4.4171
1997-09-22,44003,Kent,17.1686,2.273,61.0529,3.7549
1997-09-23,44003,Kent,18.5192,9.7309,74.423,4.1952
1997-09-24,44003,Kent,14.2935,4.0598,51.606,3.1949
1997-09-25,44003,Kent,19.4881,5.5223,61.3667,3.102
1997-09-26,44003,Kent,18.856,9.2123,68.2307,2.2433
1997-09-27,44003,Kent,17.6269,8.3431,60.5322,1.4792
1997-09-28,44003,Kent,20.5888,6.9346,70.9668,3.8352
1997-09-29,44003,Kent,20.2534,12.4905,75.44,6.0961
1997-09-30,44003,Kent,21.9346,10.5539,59.0581,6.0512
1997-10-01,44003,Kent,14.1655,2.9303,59.8636,4.315
1997-10-02,44003,Kent,13.4805,1.0969,50.5087,3.1723
1997-10-03,44003,Kent,15.2209,3.2102,77.2824,2.4803
1997-10-04,44003,Kent,19.6497,9.1658,74.5353,2.5188
1997-10-05,44003,Kent,23.5164,12.1418,70.8769,3.288
1997-10-06,44003,Kent,28.5468,10.1163,52.0261,3.3828
1997-10-07,44003,Kent,23.1202,8.0048,42.4931,2.9821
1997-10-08,44003,Kent,19.933,4.5104,50.5349,1.6513
1997-10-09,44003,Kent,18.7396,11.2751,69.372,3.1527
1997-10-10,44003,Kent,26.8227,10.835,56.539,4.2082
1997-10-11,44003,Kent,16.5322,4.8797,43.2555,2.5849
1997-10-12,44003,Kent,17.9959,1.9666,47.2421,1.6907
1997-10-13,44003,Kent,19.5173,4.502,60.6211,2.0638
1997-10-14,44003,Kent,18.563,7.0826,70.629,1.9085
1997-10-15,44003,Kent,15.2816,9.5173,74.0303,1.4325
1997-10-16,44003,Kent,14.0619,8.0974,70.3236,3.4123
1997-10-17,44003,Kent,15.2082,2.1826,47.5948,1.9431
1997-10-18,44003,Kent,13.6465,0.4041,58.1275,2.2252
1997-10-19,44003,Kent,15.2814,1.1337,64.2477,4.2987
1997-10-20,44003,Kent,16.0023,4.1315,54.4424,3.8498
1997-10-21,44003,Kent,13.2984,3.1324,51.9306,3.3592
1997-10-22,44003,Kent,10.77,-2.6729,46.4748,5.2076
1997-10-23,44003,Kent,6.6416,-5.3368,52.2238,4.3578
1997-10-24,44003,Kent,11.7755,0.5911,50.5346,3.4098
1997-10-25,44003,Kent,10.5606,2.7575,85.9736,4.7748
1997-10-26,44003,Kent,8.9805,-1.255,73.4256,3.8361
1997-10-27,44003,Kent,16.1027,4.1853,86.2701,4.4013
1997-10-28,44003,Kent,10.2986,0.4467,56.248,6.3642
1997-10-29,44003,Kent,10.4423,-1.8463,63.2815,3.4144
1997-10-30,44003,Kent,14.1272,1.9253,55.5847,1.8723
1997-10-31,44003,Kent,15.198,2.807,75.6201,2.9961
1997-11-01,44003,Kent,17.6376,10.3425,77.2991,6.1471
1997-11-02,44003,Kent,19.6932,10.0937,72.5956,4.6588
1997-11-03,44003,Kent,15.6967,4.7601,65.953,3.5105
1997-11-04,44003,Kent,18.5075,5.6071,61.5974,3.9307
1997-11-05,44003,Kent,11.6911,0.8487,55.4482,2.3329
1997-11-06,44003,Kent,12.3258,0.9433,57.3442,3.5598
1997-11-07,44003,Kent,10.1712,3.2707,73.8077,7.5244
1997-11-08,44003,Kent,10.1516,4.4155,77.3453,6.8962
1997-11-09,44003,Kent,11.9017,4.9834,79.1571,3.615
1997-11-10,44003,Kent,11.4313,2.4442,67.02,3.3413
1997-11-11,44003,Kent,8.7951,0.7119,55.963,3.7471
1997-11-12,44003,Kent,5.648,-2.0857,53.7799,3.8484
1997-11-13,44003,Kent,4.2565,-4.3551,49.3281,3.2556
1997-11-14,44003,Kent,3.3674,-2.3548,77.2205,7.2009
1997-11-15,44003,Kent,2.0199,-2.7566,74.5832,2.9567
1997-11-16,44003,Kent,1.4765,-4.5743,71.6962,4.9039
1997-11-17,44003,Kent,2.6442,-4.9615,64.3361,5.5136
1997-11-18,44003,Kent,3.4555,-3.7141,61.5311,1.8047
1997-11-19,44003,Kent,5.281,-3.5297,56.8922,2.0837
1997-11-20,44003,Kent,6.1564,-3.0944,57.6222,3.4454
1997-11-21,44003,Kent,10.5854,-3.0506,69.3466,2.8363
1997-11-22,44003,Kent,8.7019,0.0318,74.9361,4.5346
1997-11-23,44003,Kent,5.8541,-0.0306,73.9959,2.2986
1997-11-24,44003,Kent,4.0705,-3.7185,61.8677,5.7
1997-11-25,44003,Kent,3.3851,-6.7398,54.9742,5.3687
1997-11-26,44003,Kent,10.7077,0.1489,65.9381,4.9346
1997-11-27,44003,Kent,7.8568,-4.6966,52.6787,7.6533
1997-11-28,44003,Kent,4.9804,-4.3577,61.8889,3.2755
1997-11-29,44003,Kent,5.845,-3.1845,60.2025,3.9128
1997-11-30,44003,Kent,8.5557,-2.954,62.9152,1.8715
1997-12-01,44003,Kent,6.8852,-4.7312,69.3035,6.1551
1997-12-02,44003,Kent,3.1103,-4.9947,59.2227,7.905
1997-12-03,44003,Kent,6.4113,-4.0215,60.2273,4.1989
1997-12-04,44003,Kent,9.9063,-1.2833,81.4548,2.745
1997-12-05,44003,Kent,8.0616,-0.4061,74.5987,2.3365
1997-12-06,44003,Kent,4.6227,-2.9027,61.5027,5.5109
1997-12-07,44003,Kent,4.0595,-3.0062,64.8256,5.1316
1997-12-08,44003,Kent,5.6299,-3.9886,59.1868,3.2829
1997-12-09,44003,Kent,3.9651,-3.8017,66.6885,1.0222
1997-12-10,44003,Kent,5.6227,-2.5847,69.5799,2.6706
1997-12-11,44003,Kent,2.6534,-4.9431,72.8261,3.6305
1997-12-12,44003,Kent,3.8797,-3.8119,79.5394,1.3716
1997-12-13,44003,Kent,3.9895,-3.6699,68.9391,4.5013
1997-12-14,44003,Kent,4.004,-7.2082,54.994,6.0315
1997-12-15,44003,Kent,0.8886,-8.6963,58.5896,3.6757
1997-12-16,44003,Kent,6.7506,-4.031,61.8802,2.715
1997-12-17,44003,Kent,9.6071,-2.6102,55.6819,2.7647
1997-12-18,44003,Kent,5.7058,-3.9065,55.7051,2.5108
1997-12-19,44003,Kent,8.5559,-3.0764,64.6279,4.1632
1997-12-20,44003,Kent,5.1898,-2.7834,67.4397,3.718
1997-12-21,44003,Kent,0.7572,-7.1273,44.1746,3.7093
1997-12-22,44003,Kent,1.5587,-9.4211,55.5669,2.1895
1997-12-23,44003,Kent,3.7177,-2.8043,83.4016,4.7889
1997-12-24,44003,Kent,2.3298,-5.116,78.2857,2.608
1997-12-25,44003,Kent,6.6016,-3.4073,82.0986,4.415
1997-12-26,44003,Kent,7.8638,-0.9046,69.9561,3.9846
1997-12-27,44003,Kent,6.2534,-2.1119,68.3665,2.8277
1997-12-28,44003,Kent,1.822,-8.5028,69.0409,4.2162
1997-12-29,44003,Kent,5.0221,-8.1896,65.9064,4.5644
1997-12-30,44003,Kent,6.0976,-2.7366,75.8448,8.5302
1997-12-31,44003,Kent,2.8312,-11.3901,59.0054,6.567
1998-01-01,44003,Kent,0.0549,-14.749,50.0867,5.9568
1998-01-02,44003,Kent,3.931,-3.2336,62.5743,5.1432
1998-01-03,44003,Kent,6.5558,0.0664,63.2447,5.0086
1998-01-04,44003,Kent,10.0375,2.3538,61.6537,3.7304
1998-01-05,44003,Kent,11.6897,1.5606,61.5892,2.3249
1998-01-06,44003,Kent,12.2254,2.0978,75.298,3.3986
1998-01-07,44003,Kent,10.0782,3.3303,69.1687,2.8638
1998-01-08,44003,Kent,15.5903,5.4478,74.4564,4.1352
1998-01-09,44003,Kent,13.7369,5.41,69.0483,3.3031
1998-01-10,44003,Kent,9.5656,-0.027,57.9484,2.5792
1998-01-11,44003,Kent,8.3709,-1.8254,49.7295,3.469
1998-01-12,44003,Kent,0.7927,-4.1829,44.9317,2.7706
1998-01-13,44003,Kent,6.359,-2.6198,68.0509,5.4213
1998-01-14,44003,Kent,-0.0411,-6.9623,31.8198,4.8201
1998-01-15,44003,Kent,2.2672,-6.9089,54.2758,3.879
1998-01-16,44003,Kent,3.1251,-3.7267,68.4201,8.1614
1998-01-17,44003,Kent,1.4758,-4.6704,60.8814,4.7496
1998-01-18,44003,Kent,2.0711,-4.1293,70.1712,3.2523
1998-01-19,44003,Kent,2.5777,-2.3716,68.8588,1.8645
1998-01-20,44003,Kent,2.758,-2.9837,65.9186,4.5704
1998-01-21,44003,Kent,1.4712,-5.3146,59.7299,4.807
1998-01-22,44003,Kent,-1.1702,-7.6607,57.6237,3.8248
1998-01-23,44003,Kent,5.0743,-6.2206,69.4662,6.806
1998-01-24,44003,Kent,6.7706,-1.1583,72.638,2.8488
1998-01-25,44003,Kent,2.1517,-5.6731,66.2865,5.398
1998-01-26,44003,Kent,1.1175,-6.3451,55.2704,3.2135
1998-01-27,44003,Kent,1.1859,-7.0285,63.423,3.9152
1998-01-28,44003,Kent,2.8282,-3.3512,70.4708,8.3723
1998-01-29,44003,Kent,3.985,-2.4742,62.6674,4.4086
1998-01-30,44003,Kent,5.4875,-2.1005,66.9075,1.26
1998-01-31,44003,Kent,3.9067,-3.7278,65.7485,3.6069
1998-02-01,44003,Kent,4.7181,-4.6344,59.9083,1.9546
1998-02-02,44003,Kent,5.9076,-2.7398,62.0698,1.273
1998-02-03,44003,Kent,7.8649,-0.5857,61.6088,2.1973
1998-02-04,44003,Kent,6.2449,-0.5966,66.6483,6.4746
1998-02-05,44003,Kent,3.6519,-2.1239,72.6506,9.7431
1998-02-06,44003,Kent,4.0657,-4.6336,56.1825,4.738
1998-02-07,44003,Kent,4.021,-4.4747,63.2661,3.9879
1998-02-08,44003,Kent,4.0138,-3.7321,60.096,4.9195
1998-02-09,44003,Kent,4.6978,-4.2408,56.0596,1.8743
1998-02-10,44003,Kent,6.5387,-2.7504,61.2861,2.0223
1998-02-11,44003,Kent,9.5908,-1.6883,72.428,2.7502
1998-02-12,44003,Kent,14.3309,3.9111,68.8638,6.3895
1998-02-13,44003,Kent,7.43,-1.992,49.3894,5.3711
1998-02-14,44003,Kent,0.801,-8.0774,34.6175,4.9647
1998-02-15,44003,Kent,-0.9965,-12.3246,30.1214,3.384
1998-02-16,44003,Kent,3.8728,-7.0867,32.5338,1.2486
1998-02-17,44003,Kent,4.6985,-1.8847,67.268,4.8924
1998-02-18,44003,Kent,11.2241,1.0106,72.0375,5.2201
1998-02-19,44003,Kent,7.8463,0.5353,74.7688,2.4296
1998-02-20,44003,Kent,10.4891,0.5644,68.3268,2.435
1998-02-21,44003,Kent,7.6166,0.3853,60.9135,4.5757
1998-02-22,44003,Kent,8.6542,-1.8488,54.3178,1.7615
1998-02-23,44003,Kent,7.9672,-0.0936,65.1545,5.2604
1998-02-24,44003,Kent,7.8946,1.6471,73.7093,8.1773
1998-02-25,44003,Kent,7.5126,1.2625,63.8685,6.7065
1998-02-26,44003,Kent,9.9522,-0.7673,51.7938,6.115
1998-02-27,44003,Kent,10.8608,-1.4235,55.0094,2.3819
1998-02-28,44003,Kent,11.3616,0.3124,61.4899,2.1882
1998-03-01,44003,Kent,12.9922,3.162,64.7569,1.7454
1998-03-02,44003,Kent,10.3232,2.4088,62.403,1.41
1998-03-03,44003,Kent,10.1045,1.2988,59.8356,2.9572
1998-03-04,44003,Kent,9.1433,1.6298,54.1,2.5541
1998-03-05,44003,Kent,7.4089,1.8447,56.1377,1.921
1998-03-06,44003,Kent,6.9415,0.2344,53.569,1.8385
1998-03-07,44003,Kent,8.3036,0.7188,68.2438,2.4416
1998-03-08,44003,Kent,8.5909,1.5523,61.7693,6.0406
1998-03-09,44003,Kent,13.2778,2.7334,79.9901,6.5334
1998-03-10,44003,Kent,11.576,-2.7954,63.1847,5.6002
1998-03-11,44003,Kent,-0.5688,-7.1639,30.2251,6.2807
1998-03-12,44003,Kent,-1.5713,-8.9346,25.482,6.6758
1998-03-13,44003,Kent,0.5962,-9.0468,41.4461,4.6572
1998-03-14,44003,Kent,5.3663,-2.274,63.0773,5.8749
1998-03-15,44003,Kent,4.6059,-3.2234,51.7099,4.1392
1998-03-16,44003,Kent,4.3242,-3.4364,51.1542,2.5816
1998-03-17,44003,Kent,4.9541,-3.564,48.0854,2.1488
1998-03-18,44003,Kent,4.2953,-3.3516,72.1117,2.231
1998-03-19,44003,Kent,8.5086,0.1007,73.389,2.8055
1998-03-20,44003,Kent,11.7664,0.3705,57.7795,3.7394
1998-03-21,44003,Kent,3.1644,-2.6458,70.1243,8.474
1998-03-22,44003,Kent,1.786,-2.3906,69.9434,5.0875
1998-03-23,44003,Kent,4.5551,-2.8797,58.6647,4.3741
1998-03-24,44003,Kent,6.9075,-2.147,50.0517,2.6333
1998-03-25,44003,Kent,6.8859,-3.812,46.1514,2.3889
1998-03-26,44003,Kent,12.7432,-2.2418,61.746,5.7589
1998-03-27,44003,Kent,22.5591,3.8183,55.4035,4.3781
1998-03-28,44003,Kent,22.0599,8.1655,55.3883,5.0487
1998-03-29,44003,Kent,22.8717,7.2527,50.6137,4.1211
1998-03-30,44003,Kent,22.366,9.0213,47.6006,3.5147
1998-03-31,44003,Kent,23.1225,9.4432,57.7533,4.4191
1998-04-01,44003,Kent,19.1764,9.1213,63.659,3.2296
1998-04-02,44003,Kent,18.7146,7.6247,59.4656,1.4279
1998-04-03,44003,Kent,13.1841,4.34,52.6089,3.2942
1998-04-04,44003,Kent,8.1305,0.8097,56.3961,4.3661
1998-04-05,44003,Kent,7.3249,-0.1037,51.6883,5.2687
1998-04-06,44003,Kent,10.5783,1.0598,48.397,3.5051
1998-04-07,44003,Kent,16.2265,1.7413,36.6762,3.1137
1998-04-08,44003,Kent,16.046,2.6815,47.1744,2.4362
1998-04-09,44003,Kent,12.5302,3.1177,64.859,5.5314
1998-04-10,44003,Kent,10.9944,1.0422,43.7583,5.3692
1998-04-11,44003,Kent,12.5227,-1.0165,36.6698,1.8602
1998-04-12,44003,Kent,14.0994,0.4729,36.449,2.6735
1998-04-13,44003,Kent,17.4907,-0.2561,32.3659,2.4589
1998-04-14,44003,Kent,16.7996,3.6525,38.513,2.5023
1998-04-15,44003,Kent,15.7988,2.5998,68.086,1.7297
1998-04-16,44003,Kent,18.7919,7.8642,60.3485,2.8587
1998-04-17,44003,Kent,18.399,8.8888,72.9023,4.7667
1998-04-18,44003,Kent,17.25,7.0136,48.3886,3.9702
1998-04-19,44003,Kent,11.7018,5.5839,64.4976,2.599
1998-04-20,44003,Kent,15.6449,5.6536,63.5525,4.3165
1998-04-21,44003,Kent,17.7578,4.3621,44.9813,2.4184
1998-04-22,44003,Kent,19.2519,4.7567,42.4867,1.6059
1998-04-23,44003,Kent,11.4841,4.0302,67.4468,5.8151
1998-04-24,44003,Kent,15.554,4.7359,58.056,3.7095
1998-04-25,44003,Kent,17.2843,3.8396,49.2586,4.0239
1998-04-26,44003,Kent,10.689,2.4628,60.2885,1.7465
1998-04-27,44003,Kent,11.1386,2.5652,49.9887,3.3566
1998-04-28,44003,Kent,12.0374,0.1362,47.6059,3.0842
1998-04-29,44003,Kent,19.1132,1.6849,44.223,3.6744
1998-04-30,44003,Kent,20.613,6.8646,57.3613,3.0491
1998-05-01,44003,Kent,20.5227,11.0544,68.3748,3.1271
1998-05-02,44003,Kent,19.4367,10.3207,69.8997,4.1641
1998-05-03,44003,Kent,19.8232,9.2169,68.0216,2.7814
1998-05-04,44003,Kent,22.7108,9.2572,65.7499,2.9535
1998-05-05,44003,Kent,22.8171,11.6619,68.0778,3.3037
1998-05-06,44003,Kent,20.8845,11.9771,69.1423,2.3812
1998-05-07,44003,Kent,21.8124,11.7256,66.4035,1.5354
1998-05-08,44003,Kent,20.3294,11.9964,68.2562,2.4957
1998-05-09,44003,Kent,19.1852,12.1602,72.2817,5.9712
1998-05-10,44003,Kent,16.262,10.4584,74.2853,6.6279
1998-05-11,44003,Kent,12.67,8.6194,71.5857,7.2455
1998-05-12,44003,Kent,15.4882,4.3047,62.0595,7.0224
1998-05-13,44003,Kent,16.5033,3.5295,58.9399,4.4699
1998-05-14,44003,Kent,19.5717,3.0991,51.5812,2.2717
1998-05-15,44003,Kent,24.0167,6.1655,53.2401,1.6186
1998-05-16,44003,Kent,26.3875,10.8202,51.3165,1.9369
1998-05-17,44003,Kent,17.9481,9.2341,63.7303,1.925
1998-05-18,44003,Kent,26.872,9.0685,48.6154,3.0045
1998-05-19,44003,Kent,25.9867,11.9599,45.8639,2.6013
1998-05-20,44003,Kent,23.1689,9.6321,55.0637,2.9902
1998-05-21,44003,Kent,26.9796,11.2237,50.689,4.3311
1998-05-22,44003,Kent,19.1618,7.7395,53.7686,3.9565
1998-05-23,44003,Kent,21.8318,9.1958,46.555,3.5235
1998-05-24,44003,Kent,24.5901,7.868,43.4882,3.2207
1998-05-25,44003,Kent,19.4897,11.0283,61.9691,2.108
1998-05-26,44003,Kent,25.8367,11.8978,54.3835,2.6712
1998-05-27,44003,Kent,24.344,12.5336,48.4276,2.5564
1998-05-28,44003,Kent,26.7052,12.5172,56.3081,3.1092
1998-05-29,44003,Kent,26.0849,13.923,67.566,4.8344
1998-05-30,44003,Kent,27.3244,16.1119,54.5849,3.0591
1998-05-31,44003,Kent,24.3282,13.3647,68.6321,4.7686
1998-06-01,44003,Kent,24.7285,12.2769,64.4686,3.5142
1998-06-02,44003,Kent,20.6937,10.4149,60.3571,3.018
1998-06-03,44003,Kent,19.1312,8.4963,62.6254,5.4176
1998-06-04,44003,Kent,16.6893,6.4858,55.2449,5.4664
1998-06-05,44003,Kent,18.6702,6.5301,53.204,4.8865
1998-06-06,44003,Kent,18.9052,7.6184,60.7436,3.2826
1998-06-07,44003,Kent,17.8748,10.345,60.9095,2.7512
1998-06-08,44003,Kent,18.1248,9.3661,64.5035,2.6848
1998-06-09,44003,Kent,19.8683,10.4201,63.9136,2.0712
1998-06-10,44003,Kent,23.656,10.3005,60.5457,3.4034
1998-06-11,44003,Kent,21.2256,10.526,66.4469,2.4623
1998-06-12,44003,Kent,17.5585,12.4851,83.0,4.4256
1998-06-13,44003,Kent,20.8188,15.0834,82.9499,4.6133
1998-06-14,44003,Kent,20.8117,16.2379,80.1856,3.726
1998-06-15,44003,Kent,24.6397,15.8497,74.4718,3.5965
1998-06-16,44003,Kent,25.4809,15.4494,78.1628,2.8059
1998-06-17,44003,Kent,25.528,17.7568,74.5931,2.3252
1998-06-18,44003,Kent,25.9193,17.3022,71.8026,1.6013
1998-06-19,44003,Kent,26.2326,18.0609,70.8134,1.1614
1998-06-20,44003,Kent,26.9164,18.6649,70.1762,0.8074
1998-06-21,44003,Kent,25.8158,17.8057,72.7394,1.7025
1998-06-22,44003,Kent,22.046,16.3851,75.593,1.5285
1998-06-23,44003,Kent,25.1131,15.6025,74.5577,2.7936
1998-06-24,44003,Kent,26.6573,17.4526,76.3852,2.6478
1998-06-25,44003,Kent,28.9607,18.4898,74.4826,2.6584
1998-06-26,44003,Kent,31.2683,20.8469,72.0445,3.4256
1998-06-27,44003,Kent,27.2712,15.6816,70.941,4.1111
1998-06-28,44003,Kent,22.8427,13.7824,67.5289,2.2861
1998-06-29,44003,Kent,21.6553,16.356,78.7171,5.2785
1998-06-30,44003,Kent,24.414,17.8077,80.4483,3.7637
1998-07-01,44003,Kent,25.1473,15.6911,66.4269,4.2171
1998-07-02,44003,Kent,25.6562,13.9713,66.447,1.9671
1998-07-03,44003,Kent,27.6086,14.4186,66.1182,1.5872
1998-07-04,44003,Kent,27.5821,15.2206,70.8965,2.1555
1998-07-05,44003,Kent,26.1157,15.535,71.8392,2.1833
1998-07-06,44003,Kent,26.1814,14.1948,64.6978,1.4675
1998-07-07,44003,Kent,24.6229,13.9054,70.3771,1.9088
1998-07-08,44003,Kent,22.8094,15.2869,70.6558,0.99
1998-07-09,44003,Kent,24.545,14.8905,73.6311,2.564
1998-07-10,44003,Kent,27.5136,15.7675,64.2799,3.1718
1998-07-11,44003,Kent,24.3418,12.0245,62.7598,3.3876
1998-07-12,44003,Kent,25.5404,12.4371,66.907,1.678
1998-07-13,44003,Kent,27.8598,17.0703,64.1361,2.9675
1998-07-14,44003,Kent,28.2385,16.084,70.3239,3.986
1998-07-15,44003,Kent,30.0284,17.5869,70.7862,4.1851
1998-07-16,44003,Kent,29.2113,18.7418,75.992,3.5295
1998-07-17,44003,Kent,30.0038,20.0566,74.3218,2.9482
1998-07-18,44003,Kent,30.3682,19.8812,61.5277,2.0782
1998-07-19,44003,Kent,29.0001,17.5507,60.6159,2.109
1998-07-20,44003,Kent,29.4001,18.0324,77.4189,3.5883
1998-07-21,44003,Kent,30.7904,19.2302,63.4781,2.7952
1998-07-22,44003,Kent,33.394,20.3093,63.9831,3.1984
1998-07-23,44003,Kent,30.4952,20.0638,72.6915,2.988
1998-07-24,44003,Kent,28.5529,17.4254,62.2633,2.5103
1998-07-25,44003,Kent,25.743,15.7922,55.9983,1.9409
1998-07-26,44003,Kent,25.842,16.111,57.4614,1.1031
1998-07-27,44003,Kent,27.0384,15.4886,64.1136,3.4665
1998-07-28,44003,Kent,27.0072,17.4693,78.5635,4.7112
1998-07-29,44003,Kent,29.4124,20.1037,73.7817,4.4675
1998-07-30,44003,Kent,29.0069,18.2933,57.0653,2.0964
1998-07-31,44003,Kent,24.221,16.7956,71.0579,2.541
1998-08-01,44003,Kent,25.786,13.3872,56.4192,2.0504
1998-08-02,44003,Kent,26.607,13.2187,60.2755,2.4821
1998-08-03,44003,Kent,27.9179,13.5641,62.9004,1.8689
1998-08-04,44003,Kent,28.1892,16.2357,61.8026,1.364
1998-08-05,44003,Kent,26.9278,16.4895,65.639,1.356
1998-08-06,44003,Kent,27.1915,18.5118,65.0984,1.0071
1998-08-07,44003,Kent,26.6451,17.8927,61.7969,0.9351
1998-08-08,44003,Kent,29.0852,17.9448,53.4696,1.2258
1998-08-09,44003,Kent,28.7682,16.358,67.617,2.5622
1998-08-10,44003,Kent,29.4128,16.9702,75.5954,3.6241
1998-08-11,44003,Kent,29.1331,20.5209,70.6702,3.2668
1998-08-12,44003,Kent,26.5876,15.5697,69.8537,2.7404
1998-08-13,44003,Kent,26.0122,13.1549,66.1802,1.7593
1998-08-14,44003,Kent,27.5062,14.9101,67.1378,3.5274
1998-08-15,44003,Kent,27.2609,16.0569,67.1141,2.5539
1998-08-16,44003,Kent,31.2631,16.7714,61.7336,1.7147
1998-08-17,44003,Kent,26.0783,17.6708,85.3478,1.5483
1998-08-18,44003,Kent,30.0816,19.2141,69.7275,2.5435
1998-08-19,44003,Kent,21.7937,12.2541,63.235,3.4612
1998-08-20,44003,Kent,23.1442,10.4691,59.3135,1.7215
1998-08-21,44003,Kent,24.9136,13.0838,71.3453,2.1152
1998-08-22,44003,Kent,27.832,16.8997,60.4289,1.54
1998-08-23,44003,Kent,26.359,16.3703,79.2596,3.2351
1998-08-24,44003,Kent,31.2501,20.3797,71.667,5.2019
1998-08-25,44003,Kent,31.9371,19.8463,68.6392,4.0635
1998-08-26,44003,Kent,28.5721,21.406,77.0202,4.0342
1998-08-27,44003,Kent,30.5232,19.3167,68.6499,1.4156
1998-08-28,44003,Kent,28.3819,17.713,69.0255,3.0866
1998-08-29,44003,Kent,26.9561,15.3455,78.9387,2.8926
1998-08-30,44003,Kent,29.3391,18.6628,67.1751,2.3409
1998-08-31,44003,Kent,26.0346,16.1238,66.0546,1.1428
1998-09-01,44003,Kent,25.1353,13.5231,60.9838,1.4193
1998-09-02,44003,Kent,24.2441,14.6883,67.6321,1.9291
1998-09-03,44003,Kent,26.0043,15.2287,65.1962,1.8726
1998-09-04,44003,Kent,26.7123,14.6485,59.4058,1.3679
1998-09-05,44003,Kent,23.7328,12.0147,55.0246,3.6964
1998-09-06,44003,Kent,27.8861,12.333,66.7399,4.531
1998-09-07,44003,Kent,27.8693,18.0264,73.1944,2.7081
1998-09-08,44003,Kent,22.4148,12.7109,73.8094,2.2966
1998-09-09,44003,Kent,18.3112,9.3846,65.1537,4.1842
1998-09-10,44003,Kent,20.9864,9.4104,58.4396,4.0262
1998-09-11,44003,Kent,22.6635,7.9772,59.5656,2.33
1998-09-12,44003,Kent,27.5652,13.0063,66.8315,2.7569
1998-09-13,44003,Kent,23.1987,12.9242,69.136,2.2673
1998-09-14,44003,Kent,22.5642,12.4114,78.3603,3.0055
1998-09-15,44003,Kent,26.779,16.4635,79.2766,4.6033
1998-09-16,44003,Kent,27.2437,16.6069,70.4164,2.4472
1998-09-17,44003,Kent,24.328,13.7244,56.267,1.0944
1998-09-18,44003,Kent,21.3923,10.5764,65.8207,3.0499
1998-09-19,44003,Kent,24.7718,10.4369,68.0416,2.6213
1998-09-20,44003,Kent,27.2149,12.2172,64.7006,2.2512
1998-09-21,44003,Kent,26.6989,13.5648,76.0993,3.1808
1998-09-22,44003,Kent,23.4263,15.3662,84.3751,2.8354
1998-09-23,44003,Kent,16.1874,4.8712,55.8365,4.6937
1998-09-24,44003,Kent,16.9434,3.4852,56.7297,2.8108
1998-09-25,44003,Kent,20.7464,7.747,75.6945,2.8387
1998-09-26,44003,Kent,25.1419,15.0555,66.1393,1.8152
1998-09-27,44003,Kent,28.7939,15.9489,72.3711,4.3783
1998-09-28,44003,Kent,23.1675,10.5231,63.13,4.2434
1998-09-29,44003,Kent,19.3198,6.9398,57.1672,2.6918
1998-09-30,44003,Kent,21.1428,8.7593,78.5787,2.8806
1998-10-01,44003,Kent,25.0331,5.4412,59.1581,5.7775
1998-10-02,44003,Kent,16.3614,2.9567,49.9531,4.9477
1998-10-03,44003,Kent,16.1045,6.9684,49.1695,3.1883
1998-10-04,44003,Kent,16.85,4.9983,47.279,2.4042
1998-10-05,44003,Kent,18.2944,3.9396,44.5764,2.5806
1998-10-06,44003,Kent,13.9402,2.0238,46.1304,2.1453
1998-10-07,44003,Kent,16.1258,2.4332,62.9588,2.8589
1998-10-08,44003,Kent,19.777,9.3702,90.8267,4.332
1998-10-09,44003,Kent,18.3039,12.0164,82.2427,2.8985
1998-10-10,44003,Kent,20.0835,7.0375,79.0677,1.5715
1998-10-11,44003,Kent,17.2639,8.1673,81.0948,3.9645
1998-10-12,44003,Kent,16.3956,8.459,71.3567,3.0038
1998-10-13,44003,Kent,15.0476,7.5014,72.0781,2.0981
1998-10-14,44003,Kent,15.4449,8.6423,79.164,3.4545
1998-10-15,44003,Kent,16.0898,6.2807,62.8778,4.2352
1998-10-16,44003,Kent,16.5354,6.5242,57.4058,3.1939
1998-10-17,44003,Kent,16.8538,5.6513,60.5592,2.1518
1998-10-18,44003,Kent,20.9302,9.6121,69.3828,5.1847
1998-10-19,44003,Kent,21.7386,7.8711,58.9059,4.551
1998-10-20,44003,Kent,17.7961,5.221,52.1623,4.2959
1998-10-21,44003,Kent,12.3163,5.2587,55.0409,4.1716
1998-10-22,44003,Kent,10.7791,1.9042,55.2243,4.1932
1998-10-23,44003,Kent,13.729,3.4523,53.9388,3.9926
1998-10-24,44003,Kent,19.798,4.6391,57.0809,4.0165
1998-10-25,44003,Kent,20.57,6.082,49.1043,2.4573
1998-10-26,44003,Kent,14.6151,4.7026,60.0162,3.3175
1998-10-27,44003,Kent,13.7421,3.387,62.258,2.4212
1998-10-28,44003,Kent,15.2624,3.4794,80.5702,3.9742
1998-10-29,44003,Kent,13.338,4.7084,60.2098,5.447
1998-10-30,44003,Kent,11.5827,3.1486,54.5251,5.8151
1998-10-31,44003,Kent,13.1482,1.9214,60.677,4.0346
1998-11-01,44003,Kent,13.2373,0.7017,58.6516,3.6695
1998-11-02,44003,Kent,12.5691,2.2587,54.3918,4.8954
1998-11-03,44003,Kent,8.3433,0.0791,53.8695,3.8874
1998-11-04,44003,Kent,7.2524,-1.8609,53.5832,3.2544
1998-11-05,44003,Kent,9.6169,-3.4218,52.5104,2.6315
1998-11-06,44003,Kent,8.2967,-3.313,55.9397,3.1139
1998-11-07,44003,Kent,9.0563,0.0613,54.4974,3.4198
1998-11-08,44003,Kent,10.3774,-1.6591,53.8716,2.2506
1998-11-09,44003,Kent,9.8645,-1.4933,55.0193,1.7075
1998-11-10,44003,Kent,9.528,2.1821,70.0744,3.2973
1998-11-11,44003,Kent,16.8995,4.5196,80.3788,6.106
1998-11-12,44003,Kent,10.3563,0.0647,55.6983,3.9861
1998-11-13,44003,Kent,12.451,1.047,54.345,3.561
1998-11-14,44003,Kent,10.8757,-1.0627,67.4483,2.5371
1998-11-15,44003,Kent,14.1971,2.9407,61.1303,4.331
1998-11-16,44003,Kent,9.8818,-0.36,59.0505,2.6543
1998-11-17,44003,Kent,9.8511,3.2455,79.3583,3.6768
1998-11-18,44003,Kent,8.115,-0.415,63.8611,2.1705
1998-11-19,44003,Kent,9.6554,-1.3692,77.071,3.4144
1998-11-20,44003,Kent,14.8586,6.3715,83.7856,3.0579
1998-11-21,44003,Kent,11.9443,1.2349,58.2679,4.6301
1998-11-22,44003,Kent,7.7042,-1.9898,58.4338,3.3228
1998-11-23,44003,Kent,12.0018,0.9341,69.7944,6.1111
1998-11-24,44003,Kent,13.337,1.294,51.9793,4.8946
1998-11-25,44003,Kent,7.2736,-2.4176,64.1845,2.3413
1998-11-26,44003,Kent,11.7788,0.586,81.6784,5.1103
1998-11-27,44003,Kent,8.5132,0.5358,64.0749,5.5144
1998-11-28,44003,Kent,10.7677,-1.6409,64.777,3.8
1998-11-29,44003,Kent,11.3622,0.3159,63.2798,2.0115
1998-11-30,44003,Kent,14.5658,1.4103,77.6753,3.6592
1998-12-01,44003,Kent,13.5972,0.8324,60.6976,5.792
1998-12-02,44003,Kent,12.2394,-0.2686,55.0789,4.9483
1998-12-03,44003,Kent,13.9485,2.3572,58.4648,2.7714
1998-12-04,44003,Kent,18.1531,5.967,54.9695,3.5489
1998-12-05,44003,Kent,10.6904,0.8795,58.7844,2.2842
1998-12-06,44003,Kent,16.6613,5.4162,68.0179,2.2295
1998-12-07,44003,Kent,17.0927,7.4901,65.3123,4.3556
1998-12-08,44003,Kent,10.5111,2.8329,61.0588,3.0769
1998-12-09,44003,Kent,6.3198,-1.4205,62.4339,3.41
1998-12-10,44003,Kent,8.2736,-1.9131,57.7623,3.4576
1998-12-11,44003,Kent,5.5565,-3.214,53.6871,4.4866
1998-12-12,44003,Kent,6.336,-3.9329,57.2007,4.1711
1998-12-13,44003,Kent,9.5763,-1.6036,51.6212,3.4938
1998-12-14,44003,Kent,3.3863,-3.8798,51.8845,4.0894
1998-12-15,44003,Kent,7.4131,-3.5548,55.1231,5.2325
1998-12-16,44003,Kent,9.7313,-1.7958,57.3386,1.9514
1998-12-17,44003,Kent,7.1513,-1.4668,73.435,2.2193
1998-12-18,44003,Kent,3.7254,-5.3377,50.0446,5.5116
1998-12-19,44003,Kent,8.6026,-4.6103,66.2161,4.3691
1998-12-20,44003,Kent,8.7802,0.8327,62.0467,3.0827
1998-12-21,44003,Kent,9.1998,0.7133,74.8234,3.7626
1998-12-22,44003,Kent,12.9889,-5.5698,63.6863,8.3192
1998-12-23,44003,Kent,-1.5574,-7.8299,40.0983,2.4575
1998-12-24,44003,Kent,-1.7149,-8.4342,71.3348,3.2492
1998-12-25,44003,Kent,-1.5949,-10.876,60.8485,2.5309
1998-12-26,44003,Kent,2.6177,-8.5129,67.7705,2.5005
1998-12-27,44003,Kent,1.0795,-7.22,67.473,3.0686
1998-12-28,44003,Kent,4.5645,-1.5734,75.3681,2.3693
1998-12-29,44003,Kent,3.5307,-1.3958,40.7058,3.535
1998-12-30,44003,Kent,2.6517,-13.103,74.3824,5.611
1998-12-31,44003,Kent,-3.796,-14.4371,48.8977,4.4445
1999-01-01,44003,Kent,-2.7174,-14.5048,43.9216,6.1145
1999-01-02,44003,Kent,-5.4138,-17.5726,32.7149,3.5123
1999-01-03,44003,Kent,6.6804,-9.599,73.6532,5.5739
1999-01-04,44003,Kent,3.6117,-8.9811,50.9807,5.9787
1999-01-05,44003,Kent,-3.1632,-10.4092,53.2634,3.7868
1999-01-06,44003,Kent,1.5723,-10.3054,55.0661,4.588
1999-01-07,44003,Kent,1.4123,-7.8038,49.8046,5.4806
1999-01-08,44003,Kent,3.136,-9.8257,52.9227,3.078
1999-01-09,44003,Kent,9.0851,-1.3602,72.0986,6.5141
1999-01-10,44003,Kent,2.2831,-7.6864,31.5413,3.1927
1999-01-11,44003,Kent,-1.7638,-9.4281,38.1023,5.1029
1999-01-12,44003,Kent,4.3207,-8.9426,74.5779,4.8825
1999-01-13,44003,Kent,6.2209,-8.4876,66.1612,4.3168
1999-01-14,44003,Kent,-2.0655,-13.6335,59.1844,7.3276
1999-01-15,44003,Kent,6.5595,-6.1384,73.9386,5.9185
1999-01-16,44003,Kent,3.0829,-7.3658,61.9648,5.8321
1999-01-17,44003,Kent,7.5553,-3.8096,55.8362,2.4897
1999-01-18,44003,Kent,11.1495,-2.5235,72.1142,5.0112
1999-01-19,44003,Kent,8.3418,-3.32,58.3368,5.4965
1999-01-20,44003,Kent,5.5373,-4.3015,52.4977,3.0974
1999-01-21,44003,Kent,7.2499,-4.2508,57.61,2.0445
1999-01-22,44003,Kent,6.1457,-0.9963,70.9162,4.7907
1999-01-23,44003,Kent,14.0982,0.1156,68.12,3.3181
1999-01-24,44003,Kent,11.9774,3.073,75.4685,5.814
1999-01-25,44003,Kent,6.9241,-3.5901,49.6909,4.0321
1999-01-26,44003,Kent,3.7409,-6.344,47.6406,3.0416
1999-01-27,44003,Kent,5.4151,-4.6872,54.7717,2.0027
1999-01-28,44003,Kent,2.5143,-6.3485,70.9528,3.5052
1999-01-29,44003,Kent,-0.9162,-7.5992,64.1434,3.0395
1999-01-30,44003,Kent,-1.2871,-10.3491,40.8649,4.3609
1999-01-31,44003,Kent,-1.6592,-12.235,33.9999,3.7156
1999-02-01,44003,Kent,5.462,-8.4042,41.4851,3.7947
1999-02-02,44003,Kent,8.3133,-2.6238,71.5495,4.9202
1999-02-03,44003,Kent,11.3632,0.5337,55.582,2.7526
1999-02-04,44003,Kent,10.4632,-0.7348,64.2035,2.3027
1999-02-05,44003,Kent,6.9314,-3.7504,52.786,6.0994
1999-02-06,44003,Kent,3.9054,-4.2115,43.6868,3.3395
1999-02-07,44003,Kent,4.3216,-3.7219,52.9291,2.9554
1999-02-08,44003,Kent,3.5684,-3.9723,46.0774,3.3301
1999-02-09,44003,Kent,7.0867,-3.9928,51.0317,4.3001
1999-02-10,44003,Kent,7.1366,-2.5511,50.9238,4.5913
1999-02-11,44003,Kent,7.4457,-3.0038,44.1272,2.5606
1999-02-12,44003,Kent,14.7969,0.4269,70.2003,5.5067
1999-02-13,44003,Kent,10.4756,-1.7088,40.139,4.416
1999-02-14,44003,Kent,1.4694,-7.0881,37.3056,4.8864
1999-02-15,44003,Kent,3.7048,-8.3728,34.6799,2.751
1999-02-16,44003,Kent,8.0492,-3.6882,45.6758,1.6223
1999-02-17,44003,Kent,9.9626,-1.9763,66.6741,3.4349
1999-02-18,44003,Kent,9.6495,0.6029,71.0708,1.8108
1999-02-19,44003,Kent,7.7344,-1.5073,54.3714,2.9214
1999-02-20,44003,Kent,5.4008,-2.2961,51.0031,3.9233
1999-02-21,44003,Kent,3.3436,-3.582,41.0651,3.5869
1999-02-22,44003,Kent,-0.2058,-10.4579,28.5544,6.1325
1999-02-23,44003,Kent,-0.895,-13.1731,18.5712,2.4114
1999-02-24,44003,Kent,1.4664,-6.183,35.4792,3.6729
1999-02-25,44003,Kent,2.4407,-4.2884,63.9967,6.001
1999-02-26,44003,Kent,4.5945,-3.9717,52.1946,5.4983
1999-02-27,44003,Kent,6.2812,-4.5351,39.8884,3.2423
1999-02-28,44003,Kent,8.6207,-1.3522,63.0147,4.552
1999-03-01,44003,Kent,10.5245,2.7575,64.8296,4.4297
1999-03-02,44003,Kent,7.4559,-1.158,51.9494,4.909
1999-03-03,44003,Kent,10.982,-1.6341,58.2611,4.6428
1999-03-04,44003,Kent,11.3785,-1.1419,59.4233,8.6537
1999-03-05,44003,Kent,5.661,-3.4552,35.4507,4.3476
1999-03-06,44003,Kent,7.0581,-1.4001,56.7506,4.4966
1999-03-07,44003,Kent,6.8257,-9.3383,42.2464,7.4307
1999-03-08,44003,Kent,0.6687,-11.2983,33.2369,6.8313
1999-03-09,44003,Kent,4.0854,-8.9133,27.6688,4.1965
1999-03-10,44003,Kent,4.6843,-3.8702,28.5591,3.3596
1999-03-11,44003,Kent,3.5989,-4.3803,46.4179,5.4677
1999-03-12,44003,Kent,4.0845,-3.0226,55.1983,5.9005
1999-03-13,44003,Kent,6.3,-2.0079,52.8894,4.1425
1999-03-14,44003,Kent,7.2743,-1.7563,58.0919,2.6375
1999-03-15,44003,Kent,4.0091,-0.5212,64.301,7.1291
1999-03-16,44003,Kent,9.0047,-3.017,41.3304,6.548
1999-03-17,44003,Kent,15.0736,-0.5625,45.0114,4.1816
1999-03-18,44003,Kent,19.6316,2.0236,36.8681,5.2445
1999-03-19,44003,Kent,7.8225,0.2126,45.4684,5.4912
1999-03-20,44003,Kent,9.3889,-1.4817,38.2792,3.128
1999-03-21,44003,Kent,10.4897,0.0173,55.3977,4.6348
1999-03-22,44003,Kent,12.5553,1.9085,61.4395,8.1711
1999-03-23,44003,Kent,10.9061,0.0706,47.4506,4.6028
1999-03-24,44003,Kent,13.7235,-0.1793,68.9422,3.24
1999-03-25,44003,Kent,11.028,0.3945,47.1508,3.4951
1999-03-26,44003,Kent,9.5133,-2.4176,40.8334,1.9711
1999-03-27,44003,Kent,11.4182,-0.753,45.0725,4.927
1999-03-28,44003,Kent,9.4207,2.3765,64.4257,5.4466
1999-03-29,44003,Kent,16.5871,2.2578,46.2814,3.4068
1999-03-30,44003,Kent,15.218,1.7123,32.109,5.0819
1999-03-31,44003,Kent,20.8654,1.415,32.9995,4.9269
1999-04-01,44003,Kent,22.2522,4.1726,43.8761,2.8894
1999-04-02,44003,Kent,13.4077,5.3798,47.9779,3.5425
1999-04-03,44003,Kent,11.0375,4.7266,52.0042,3.1794
1999-04-04,44003,Kent,11.7459,-0.0219,55.4507,5.0549
1999-04-05,44003,Kent,13.9731,-1.7238,37.7612,3.4428
1999-04-06,44003,Kent,16.2322,1.081,42.2248,3.033
1999-04-07,44003,Kent,19.9956,5.0641,43.6579,4.0789
1999-04-08,44003,Kent,22.5299,6.5141,35.2446,4.0364
1999-04-09,44003,Kent,15.0274,5.1137,46.0968,2.8948
1999-04-10,44003,Kent,12.3499,2.2497,45.4205,4.7174
1999-04-11,44003,Kent,10.9265,-1.089,47.0537,2.1079
1999-04-12,44003,Kent,11.7192,2.4501,49.7835,3.4716
1999-04-13,44003,Kent,11.7218,0.1362,38.3029,4.3806
1999-04-14,44003,Kent,13.1909,0.8558,38.7715,3.8516
1999-04-15,44003,Kent,17.4559,3.6999,36.3942,2.5537
1999-04-16,44003,Kent,11.7597,3.8898,61.8297,3.0261
1999-04-17,44003,Kent,14.9453,5.8659,52.4114,4.502
1999-04-18,44003,Kent,16.4027,4.9952,47.3697,4.2921
1999-04-19,44003,Kent,15.7487,5.8245,47.8624,3.1843
1999-04-20,44003,Kent,15.4009,4.6994,53.9314,1.9275
1999-04-21,44003,Kent,17.9756,4.7026,44.2762,2.5845
1999-04-22,44003,Kent,14.0305,4.3725,66.953,1.7371
1999-04-23,44003,Kent,13.1893,5.6778,68.6606,3.1246
1999-04-24,44003,Kent,13.2821,-0.1517,37.5893,4.7466
1999-04-25,44003,Kent,15.2382,-0.2746,39.7495,3.5226
1999-04-26,44003,Kent,19.832,3.3357,40.2905,4.574
1999-04-27,44003,Kent,16.1267,3.529,46.3409,3.5427
1999-04-28,44003,Kent,16.41,4.28,42.8939,2.3545
1999-04-29,44003,Kent,16.2243,3.8893,40.7783,3.3624
1999-04-30,44003,Kent,16.9629,4.2777,40.3725,3.4828
1999-05-01,44003,Kent,19.0871,2.0882,39.282,1.8548
1999-05-02,44003,Kent,19.1587,3.3779,45.6783,4.0585
1999-05-03,44003,Kent,14.6518,5.4813,73.6572,5.6859
1999-05-04,44003,Kent,16.6831,9.0044,71.7324,3.4151
1999-05-05,44003,Kent,19.9247,10.8733,69.8413,1.3514
1999-05-06,44003,Kent,22.6456,12.957,64.3001,1.65
1999-05-07,44003,Kent,21.9579,12.5804,64.6726,2.6561
1999-05-08,44003,Kent,22.4541,12.9238,66.795,3.8942
1999-05-09,44003,Kent,23.9078,12.545,55.0262,2.8813
1999-05-10,44003,Kent,21.2165,9.0838,50.2889,3.367
1999-05-11,44003,Kent,18.636,5.0045,48.9579,2.5315
1999-05-12,44003,Kent,20.8359,5.7123,40.8076,2.2729
1999-05-13,44003,Kent,17.2667,4.6647,45.3721,3.0358
1999-05-14,44003,Kent,18.4134,2.9632,47.9411,2.0124
1999-05-15,44003,Kent,19.5713,5.495,45.6849,2.1535
1999-05-16,44003,Kent,20.3384,5.2742,48.6951,1.902
1999-05-17,44003,Kent,21.5677,7.1405,59.9912,2.3601
1999-05-18,44003,Kent,22.5509,9.2449,70.1203,3.2193
1999-05-19,44003,Kent,22.2621,14.3955,69.055,2.6485
1999-05-20,44003,Kent,21.9705,11.424,61.4985,3.9023
1999-05-21,44003,Kent,23.1208,7.3429,46.2196,2.3786
1999-05-22,44003,Kent,24.2275,10.7415,47.9606,1.8853
1999-05-23,44003,Kent,18.5536,9.2032,75.7119,3.4621
1999-05-24,44003,Kent,23.0917,11.1261,72.109,3.7022
1999-05-25,44003,Kent,20.0225,11.4485,60.6175,4.5743
1999-05-26,44003,Kent,20.211,10.1128,57.4532,4.0265
1999-05-27,44003,Kent,19.9534,10.7996,55.4436,2.6138
1999-05-28,44003,Kent,23.3815,10.4565,49.0717,2.3245
1999-05-29,44003,Kent,27.9172,10.8141,52.3897,1.8284
1999-05-30,44003,Kent,29.2559,14.7646,50.3263,1.7017
1999-05-31,44003,Kent,28.7976,14.7316,53.3332,2.5893
1999-06-01,44003,Kent,27.1561,13.5988,64.8911,3.1821
1999-06-02,44003,Kent,29.3494,15.8706,63.8622,3.0352
1999-06-03,44003,Kent,28.4903,17.1671,61.7956,3.9051
1999-06-04,44003,Kent,22.5727,13.9019,52.3142,3.0149
1999-06-05,44003,Kent,23.3756,11.5032,51.6716,2.5815
1999-06-06,44003,Kent,23.6968,10.6935,64.1916,3.9231
1999-06-07,44003,Kent,33.1614,16.1062,66.7028,3.8215
1999-06-08,44003,Kent,32.6248,19.9044,56.6793,3.8452
1999-06-09,44003,Kent,22.8942,12.706,66.9751,3.8319
1999-06-10,44003,Kent,21.1481,9.1483,60.3228,3.1244
1999-06-11,44003,Kent,23.6523,8.3297,57.9994,2.2042
1999-06-12,44003,Kent,26.0721,10.715,68.3398,2.2446
1999-06-13,44003,Kent,27.1652,16.8761,67.4349,2.1504
1999-06-14,44003,Kent,24.6476,16.7511,74.7599,3.5557
1999-06-15,44003,Kent,26.8481,13.9254,57.5219,3.1516
1999-06-16,44003,Kent,22.445,10.1158,55.0036,2.9415
1999-06-17,44003,Kent,17.9264,12.3073,66.3441,2.5336
1999-06-18,44003,Kent,22.3002,11.979,56.2148,1.5396
1999-06-19,44003,Kent,24.8781,12.9565,50.5144,1.5598
1999-06-20,44003,Kent,23.9105,12.3896,52.8454,2.1036
1999-06-21,44003,Kent,22.5106,12.5867,60.4464,1.1672
1999-06-22,44003,Kent,27.1755,12.637,53.9037,1.455
1999-06-23,44003,Kent,30.7884,14.0839,51.5647,1.9166
1999-06-24,44003,Kent,31.0108,15.5133,48.5097,3.1456
1999-06-25,44003,Kent,28.083,14.2004,60.2107,3.9359
1999-06-26,44003,Kent,32.7282,19.2673,52.8711,3.147
1999-06-27,44003,Kent,33.5342,18.5487,54.1883,2.6647
1999-06-28,44003,Kent,30.6254,20.2338,66.3462,5.5395
1999-06-29,44003,Kent,30.7337,21.0563,66.5434,4.5389
1999-06-30,44003,Kent,26.8141,19.5281,59.859,1.681
1999-07-01,44003,Kent,26.181,17.4517,82.2548,4.0915
1999-07-02,44003,Kent,25.3643,20.1384,85.9483,6.3052
1999-07-03,44003,Kent,29.9731,19.8427,64.9599,2.9871
1999-07-04,44003,Kent,31.8862,20.1615,75.9215,3.5085
1999-07-05,44003,Kent,35.7479,23.4031,64.2409,3.5587
1999-07-06,44003,Kent,35.074,24.2435,62.8707,3.6814
1999-07-07,44003,Kent,28.9646,15.7536,57.7259,4.0967
1999-07-08,44003,Kent,26.6918,13.7097,47.4295,3.9552
1999-07-09,44003,Kent,23.2561,12.5745,67.0127,2.8164
1999-07-10,44003,Kent,30.761,17.2981,56.7386,4.964
1999-07-11,44003,Kent,25.3759,11.0975,46.5516,2.8505
1999-07-12,44003,Kent,27.2898,12.7133,46.2263,1.8421
1999-07-13,44003,Kent,21.6798,12.6558,70.0754,2.8379
1999-07-14,44003,Kent,25.6288,11.7843,57.9484,1.8508
1999-07-15,44003,Kent,28.7074,13.1597,53.8917,2.3525
1999-07-16,44003,Kent,33.2487,16.6249,56.1782,3.6526
1999-07-17,44003,Kent,34.8205,19.1379,53.7019,4.2151
1999-07-18,44003,Kent,35.7555,20.1033,52.7095,3.5523
1999-07-19,44003,Kent,32.5826,20.5886,64.8799,2.8394
1999-07-20,44003,Kent,27.4657,18.8427,60.8009,1.888
1999-07-21,44003,Kent,27.61,17.3296,57.7639,2.1831
1999-07-22,44003,Kent,27.2086,18.9799,74.5096,4.0751
1999-07-23,44003,Kent,31.9506,19.8724,62.0349,2.6985
1999-07-24,44003,Kent,30.7657,21.2243,73.6249,3.113
1999-07-25,44003,Kent,32.9156,21.2543,59.6289,1.706
1999-07-26,44003,Kent,29.5755,18.4396,68.6299,1.6793
1999-07-27,44003,Kent,30.5013,19.6163,59.7318,2.0992
1999-07-28,44003,Kent,32.7192,17.6385,42.3212,3.222
1999-07-29,44003,Kent,33.0961,16.8522,47.4224,1.8517
1999-07-30,44003,Kent,31.9787,18.9234,60.0896,1.7722
1999-07-31,44003,Kent,32.1589,18.5388,62.8252,2.9366
1999-08-01,44003,Kent,33.8203,19.1802,59.8931,3.562
1999-08-02,44003,Kent,30.8639,15.647,42.7476,2.1284
1999-08-03,44003,Kent,27.988,13.9502,47.5841,1.8178
1999-08-04,44003,Kent,29.398,14.6732,53.297,2.9756
1999-08-05,44003,Kent,29.727,14.8894,62.3503,2.5891
1999-08-06,44003,Kent,29.2749,15.6195,53.372,2.9993
1999-08-07,44003,Kent,26.7204,14.5521,50.3088,3.1514
1999-08-08,44003,Kent,24.3096,14.7431,93.0385,3.8126
1999-08-09,44003,Kent,21.6038,11.6089,58.9933,3.6309
1999-08-10,44003,Kent,22.3829,9.8011,56.475,2.2622
1999-08-11,44003,Kent,24.1264,15.4531,78.8886,2.6656
1999-08-12,44003,Kent,28.8874,19.3168,71.2354,2.6959
1999-08-13,44003,Kent,29.9503,19.0865,78.45,4.2938
1999-08-14,44003,Kent,27.6807,21.4837,81.8026,3.7488
1999-08-15,44003,Kent,24.8113,17.6423,80.9634,2.1168
1999-08-16,44003,Kent,26.4608,16.6208,65.8946,1.9742
1999-08-17,44003,Kent,28.5758,17.079,74.8759,4.0891
1999-08-18,44003,Kent,30.1287,18.368,61.1005,2.6729
1999-08-19,44003,Kent,25.1073,15.103,55.8997,2.4723
1999-08-20,44003,Kent,23.2625,14.1474,62.4869,2.7686
1999-08-21,44003,Kent,20.8198,14.4389,82.4235,3.867
1999-08-22,44003,Kent,20.3534,13.6754,80.4653,1.8258
1999-08-23,44003,Kent,26.6561,15.024,57.4142,1.6128
1999-08-24,44003,Kent,29.2459,15.4625,52.5241,2.0101
1999-08-25,44003,Kent,28.7907,14.9517,58.4007,2.4052
1999-08-26,44003,Kent,21.4635,15.4263,92.7053,2.2316
1999-08-27,44003,Kent,26.1999,18.5543,82.2965,2.0355
1999-08-28,44003,Kent,28.569,20.3151,70.6365,3.5055
1999-08-29,44003,Kent,29.0933,17.0778,56.0646,3.835
1999-08-30,44003,Kent,21.4259,11.4111,54.3973,3.9084
1999-08-31,44003,Kent,25.5907,10.0744,48.6129,3.3094
1999-09-01,44003,Kent,29.001,9.8161,40.9321,1.6545
1999-09-02,44003,Kent,29.7202,13.6118,43.9566,1.7585
1999-09-03,44003,Kent,30.956,15.4817,45.596,1.4258
1999-09-04,44003,Kent,30.6966,16.3022,58.3654,2.3698
1999-09-05,44003,Kent,30.0471,15.4947,67.5639,3.0827
1999-09-06,44003,Kent,24.9011,18.8112,87.9388,2.4817
1999-09-07,44003,Kent,27.4557,19.6995,77.3673,3.5831
1999-09-08,44003,Kent,24.3343,19.4103,85.3201,3.5654
1999-09-09,44003,Kent,26.884,19.5752,81.3155,3.3335
1999-09-10,44003,Kent,23.5825,14.4406,93.9035,3.3967
1999-09-11,44003,Kent,25.4949,11.5845,66.2404,2.3451
1999-09-12,44003,Kent,24.1046,12.3081,59.8568,1.3687
1999-09-13,44003,Kent,24.2084,13.3383,67.5087,2.1161
1999-09-14,44003,Kent,25.2628,13.3039,72.0789,1.8783
1999-09-15,44003,Kent,23.645,16.8313,80.5385,1.4361
1999-09-16,44003,Kent,21.5488,16.0195,94.9586,6.1866
1999-09-17,44003,Kent,20.4613,9.7811,68.3115,8.1399
1999-09-18,44003,Kent,19.7579,8.6357,60.8928,3.3227
1999-09-19,44003,Kent,20.3416,9.0871,61.7071,1.6829
1999-09-20,44003,Kent,21.5212,10.4547,76.5029,2.5822
1999-09-21,44003,Kent,21.393,13.2023,84.3906,1.7506
1999-09-22,44003,Kent,19.4014,9.6556,86.4389,3.1444
1999-09-23,44003,Kent,19.7106,7.2223,70.1225,4.6056
1999-09-24,44003,Kent,21.7693,11.8308,75.9762,4.7446
1999-09-25,44003,Kent,22.6446,12.0434,74.2873,2.9372
1999-09-26,44003,Kent,18.5729,8.3193,66.1162,2.1728
1999-09-27,44003,Kent,21.033,9.6546,70.3568,1.7448
1999-09-28,44003,Kent,21.7963,13.3187,76.0934,1.8315
1999-09-29,44003,Kent,20.7123,13.756,83.4922,2.7948
1999-09-30,44003,Kent,19.6246,7.3234,87.5478,4.9773
1999-10-01,44003,Kent,18.9368,5.3453,58.8569,3.1048
1999-10-02,44003,Kent,20.5647,7.5464,57.9114,2.7284
1999-10-03,44003,Kent,21.8095,10.8743,67.2365,2.7621
1999-10-04,44003,Kent,20.0362,6.7313,77.8966,3.4393
1999-10-05,44003,Kent,11.8955,5.0361,72.7156,2.7071
1999-10-06,44003,Kent,16.2617,4.0763,54.6409,4.4095
1999-10-07,44003,Kent,9.1718,-1.1624,50.3859,4.084
1999-10-08,44003,Kent,14.3825,-1.5297,63.8541,3.0147
1999-10-09,44003,Kent,21.4825,9.0413,69.3779,4.5277
1999-10-10,44003,Kent,18.2594,10.5493,82.1538,2.8749
1999-10-11,44003,Kent,20.5537,6.4915,63.8696,3.7868
1999-10-12,44003,Kent,15.2517,3.9432,50.0621,2.2963
1999-10-13,44003,Kent,21.1587,5.9265,72.9035,4.7674
1999-10-14,44003,Kent,17.2899,0.1733,67.6367,6.2287
1999-10-15,44003,Kent,12.9879,-1.8214,56.7511,2.4101
1999-10-16,44003,Kent,19.4383,4.6115,68.9524,3.248
1999-10-17,44003,Kent,23.4003,9.9212,73.6965,2.6067
1999-10-18,44003,Kent,18.3704,3.12,70.2275,4.9711
1999-10-19,44003,Kent,10.7612,-0.1871,65.5941,2.6556
1999-10-20,44003,Kent,16.1194,5.8136,81.8977,2.611
1999-10-21,44003,Kent,14.0418,5.3475,56.735,2.1354
1999-10-22,44003,Kent,16.4881,3.0624,71.3642,3.7368
1999-10-23,44003,Kent,13.4199,4.8072,68.9956,5.082
1999-10-24,44003,Kent,13.4968,2.3829,59.8991,4.4402
1999-10-25,44003,Kent,11.2923,2.4457,55.1996,3.767
1999-10-26,44003,Kent,16.265,2.7771,66.9098,4.7791
1999-10-27,44003,Kent,15.4259,4.3837,54.1948,3.5872
1999-10-28,44003,Kent,11.1403,2.6757,62.3119,3.0496
1999-10-29,44003,Kent,17.8458,4.209,57.4026,2.4938
1999-10-30,44003,Kent,17.2617,5.0803,66.7979,2.7702
1999-10-31,44003,Kent,19.9735,8.2713,71.1376,4.6126
1999-11-01,44003,Kent,17.3685,5.745,50.5121,2.0714
1999-11-02,44003,Kent,19.777,5.4793,74.5821,6.3703
1999-11-03,44003,Kent,17.4054,2.319,65.7296,7.0567
1999-11-04,44003,Kent,8.1922,0.6405,50.8623,6.0256
1999-11-05,44003,Kent,14.7604,0.7165,53.0427,5.3144
1999-11-06,44003,Kent,15.1142,4.8005,44.5305,4.3458
1999-11-07,44003,Kent,7.1351,-0.9002,44.4592,5.8625
1999-11-08,44003,Kent,5.064,-2.5848,45.8994,3.8417
1999-11-09,44003,Kent,12.3664,-1.87,62.6318,4.4258
1999-11-10,44003,Kent,19.9111,7.2923,60.3389,4.6402
1999-11-11,44003,Kent,14.3766,-4.1479,43.0773,4.671
1999-11-12,44003,Kent,7.0225,-4.3713,59.8218,2.0546
1999-11-13,44003,Kent,11.3472,2.9267,61.2764,2.014
1999-11-14,44003,Kent,13.3813,2.8648,67.4896,4.5249
1999-11-15,44003,Kent,7.3453,-1.1001,48.8793,6.3382
1999-11-16,44003,Kent,2.7675,-3.462,50.6622,7.0305
1999-11-17,44003,Kent,3.4423,-3.7818,46.3377,5.3678
1999-11-18,44003,Kent,7.9432,-2.6577,49.5756,3.3326
1999-11-19,44003,Kent,12.8856,1.3082,59.3209,2.7192
1999-11-20,44003,Kent,18.3302,5.3639,68.3944,4.5714
1999-11-21,44003,Kent,17.0103,7.7625,58.368,1.711
1999-11-22,44003,Kent,17.965,6.894,60.0662,1.8863
1999-11-23,44003,Kent,17.2237,6.9427,72.2221,2.0181
1999-11-24,44003,Kent,19.003,10.8316,68.074,3.909
1999-11-25,44003,Kent,13.942,6.6041,72.5504,2.2143
1999-11-26,44003,Kent,18.0906,6.8338,72.1937,4.3365
1999-11-27,44003,Kent,15.6248,4.7958,72.9812,3.6109
1999-11-28,44003,Kent,8.4048,2.1004,52.2838,4.8859
1999-11-29,44003,Kent,7.5258,-0.5941,49.531,3.1655
1999-11-30,44003,Kent,4.2818,-4.0764,52.7074,5.522
1999-12-01,44003,Kent,1.31,-6.0823,35.5188,7.1592
1999-12-02,44003,Kent,4.4508,-7.4272,41.2061,4.1752
1999-12-03,44003,Kent,9.7164,-3.0698,48.5717,2.4213
1999-12-04,44003,Kent,11.1418,1.9532,60.2896,2.6878
1999-12-05,44003,Kent,15.1916,3.0424,59.0163,2.9389
1999-12-06,44003,Kent,13.8274,6.4009,72.2653,2.9358
1999-12-07,44003,Kent,13.9983,0.4261,66.2817,3.908
1999-12-08,44003,Kent,8.8956,-2.4409,48.2591,2.774
1999-12-09,44003,Kent,8.7674,-1.4518,46.1479,1.644
1999-12-10,44003,Kent,12.1329,-0.4958,71.154,4.5992
1999-12-11,44003,Kent,9.758,-2.8919,41.5201,8.5706
1999-12-12,44003,Kent,6.0537,-2.8634,48.187,3.6927
1999-12-13,44003,Kent,7.1811,-2.1844,64.1385,1.1884
1999-12-14,44003,Kent,6.3471,1.4424,69.4558,6.642
1999-12-15,44003,Kent,9.3481,2.6429,69.7059,4.9658
1999-12-16,44003,Kent,11.6873,0.6517,58.7961,4.6345
1999-12-17,44003,Kent,6.075,-1.7942,46.055,5.3279
1999-12-18,44003,Kent,4.1303,-3.1466,40.1546,2.5777
1999-12-19,44003,Kent,3.3332,-4.1446,44.9279,2.8336
1999-12-20,44003,Kent,9.2309,-3.9189,64.4419,4.8451
1999-12-21,44003,Kent,11.2753,0.5575,56.5226,3.8428
1999-12-22,44003,Kent,3.8181,-4.1188,47.0326,3.2236
1999-12-23,44003,Kent,2.7758,-4.29,43.3031,3.7254
1999-12-24,44003,Kent,1.0898,-8.3401,30.705,4.6106
1999-12-25,44003,Kent,-2.9863,-10.865,34.7487,3.7561
1999-12-26,44003,Kent,5.1726,-8.1604,53.9779,6.3131
1999-12-27,44003,Kent,0.1182,-4.5859,36.1376,5.9279
1999-12-28,44003,Kent,-0.7319,-7.1367,35.5971,3.1085
1999-12-29,44003,Kent,0.5197,-5.3947,58.8361,4.7047
1999-12-30,44003,Kent,7.0542,-3.6998,54.5688,5.1461
1999-12-31,44003,Kent,1.6485,-3.6137,58.7816,2.0652
2000-01-01,44003,Kent,6.5269,-2.705,49.4904,3.3653
2000-01-02,44003,Kent,11.314,-1.3094,61.1769,3.8366
2000-01-03,44003,Kent,15.3885,6.1269,54.1737,3.4565
2000-01-04,44003,Kent,15.4154,5.329,62.5395,5.7567
2000-01-05,44003,Kent,12.72,-5.1568,33.3522,5.2087
2000-01-06,44003,Kent,3.3195,-5.6445,44.8685,2.3848
2000-01-07,44003,Kent,7.6345,-1.9384,49.01,4.5195
2000-01-08,44003,Kent,2.3443,-4.4793,39.8821,4.3968
2000-01-09,44003,Kent,7.6676,-2.5438,51.5863,3.4315
2000-01-10,44003,Kent,11.5295,1.1839,58.1978,5.4433
2000-01-11,44003,Kent,11.2436,0.8555,44.6777,6.8372
2000-01-12,44003,Kent,5.1851,-2.3966,39.2821,6.7326
2000-01-13,44003,Kent,1.5406,-10.7143,51.8615,5.179
2000-01-14,44003,Kent,-8.1847,-15.8753,41.3147,7.6047
2000-01-15,44003,Kent,-7.2198,-17.3009,44.9605,3.5525
2000-01-16,44003,Kent,3.4311,-12.1548,56.0188,6.6416
2000-01-17,44003,Kent,-5.7104,-18.8234,33.429,9.0264
2000-01-18,44003,Kent,-5.7755,-17.7684,29.6314,3.9325
2000-01-19,44003,Kent,-4.881,-13.6356,27.9191,3.4914
2000-01-20,44003,Kent,-1.7993,-12.3038,41.6505,3.9893
2000-01-21,44003,Kent,-4.0799,-17.1025,37.8366,9.1066
2000-01-22,44003,Kent,-10.1856,-19.4386,30.4162,7.6282
2000-01-23,44003,Kent,-3.4575,-16.0822,39.2377,2.7911
2000-01-24,44003,Kent,2.2981,-6.9035,42.4138,2.8793
2000-01-25,44003,Kent,1.8856,-5.2339,63.822,6.6633
2000-01-26,44003,Kent,2.4606,-6.9646,52.7869,3.8967
2000-01-27,44003,Kent,-3.8852,-13.711,41.8518,5.4981
2000-01-28,44003,Kent,-8.0819,-16.1005,39.2401,6.0355
2000-01-29,44003,Kent,-2.0651,-14.5123,34.9072,3.9036
2000-01-30,44003,Kent,2.7625,-10.8907,42.4023,1.9398
2000-01-31,44003,Kent,4.8544,-3.6487,54.8111,6.1801
2000-02-01,44003,Kent,2.5763,-4.5399,53.3194,5.8248
2000-02-02,44003,Kent,0.2229,-10.3101,33.4017,7.0452
2000-02-03,44003,Kent,-0.2607,-11.6903,48.6765,2.8112
2000-02-04,44003,Kent,1.6435,-5.2434,64.4751,1.9659
2000-02-05,44003,Kent,2.1909,-4.4908,48.8435,4.7041
2000-02-06,44003,Kent,1.0104,-5.3111,40.538,5.7001
2000-02-07,44003,Kent,4.2529,-5.3366,47.9028,5.8782
2000-02-08,44003,Kent,-1.3299,-10.8995,31.656,3.6091
2000-02-09,44003,Kent,5.211,-7.4901,62.6303,5.5282
2000-02-10,44003,Kent,7.845,-2.6365,55.7292,2.6144
2000-02-11,44003,Kent,9.2038,-2.1926,66.9139,3.5414
2000-02-12,44003,Kent,1.0057,-7.4466,32.5626,2.8707
2000-02-13,44003,Kent,4.0931,-6.675,54.7369,2.1757
2000-02-14,44003,Kent,11.548,-0.9345,74.8332,5.07
2000-02-15,44003,Kent,6.5896,-3.3008,52.1904,3.661
2000-02-16,44003,Kent,6.8882,-3.2413,58.0952,4.669
2000-02-17,44003,Kent,1.9834,-7.8021,33.364,4.7792
2000-02-18,44003,Kent,1.9793,-7.5371,60.8624,3.5145
2000-02-19,44003,Kent,1.8878,-3.0608,71.7192,3.8612
2000-02-20,44003,Kent,3.0597,-3.3298,61.5798,4.0471
2000-02-21,44003,Kent,3.4774,-4.1656,50.3712,3.4417
2000-02-22,44003,Kent,6.7976,-2.7891,52.6032,2.7016
2000-02-23,44003,Kent,10.4742,-2.6007,64.3455,3.981
2000-02-24,44003,Kent,12.8366,1.5299,60.6424,2.1404
2000-02-25,44003,Kent,9.4402,0.7888,65.9766,4.7244
2000-02-26,44003,Kent,9.8828,0.5331,67.873,3.651
2000-02-27,44003,Kent,14.2936,1.2845,67.3371,3.2412
2000-02-28,44003,Kent,11.2799,-0.2937,66.5573,5.0941
2000-02-29,44003,Kent,9.7583,-1.0398,43.2086,5.3318
2000-03-01,44003,Kent,10.1402,-1.3595,54.3927,2.1946
2000-03-02,44003,Kent,9.8849,0.1157,51.575,4.734
2000-03-03,44003,Kent,7.7725,-1.6936,45.3802,5.8254
2000-03-04,44003,Kent,9.2576,-2.1839,38.0479,3.8784
2000-03-05,44003,Kent,9.3825,-0.1448,45.5999,4.072
2000-03-06,44003,Kent,9.1254,-0.9633,37.7595,4.2425
2000-03-07,44003,Kent,11.6155,-1.3349,42.2086,3.29
2000-03-08,44003,Kent,11.3211,3.6872,50.952,2.6417
2000-03-09,44003,Kent,20.5748,4.1415,55.4081,4.0597
2000-03-10,44003,Kent,12.185,1.2079,55.6034,3.798
2000-03-11,44003,Kent,8.2527,0.6401,65.9236,4.7763
2000-03-12,44003,Kent,14.259,0.4565,70.5062,4.3748
2000-03-13,44003,Kent,5.1975,-2.0714,40.1294,3.9048
2000-03-14,44003,Kent,9.1837,-1.612,51.3578,3.056
2000-03-15,44003,Kent,13.9113,-0.2176,55.6247,4.5044
2000-03-16,44003,Kent,13.6308,4.012,68.8076,3.324
2000-03-17,44003,Kent,9.6937,-5.068,61.1553,6.5583
2000-03-18,44003,Kent,2.9091,-6.5467,36.5677,4.6217
2000-03-19,44003,Kent,5.854,-4.2923,47.0724,3.338
2000-03-20,44003,Kent,8.1695,-3.7248,60.0959,4.2876
2000-03-21,44003,Kent,10.1319,0.0547,60.8571,5.2607
2000-03-22,44003,Kent,12.8369,0.5158,54.7543,3.9387
2000-03-23,44003,Kent,15.5358,-1.0065,43.4876,1.591
2000-03-24,44003,Kent,17.4185,1.2433,39.2086,2.3078
2000-03-25,44003,Kent,16.0383,0.678,53.6518,4.0803
2000-03-26,44003,Kent,17.6866,6.103,42.6207,3.6536
2000-03-27,44003,Kent,14.5635,1.8291,50.1593,2.9427
2000-03-28,44003,Kent,15.233,4.8868,69.4752,5.7144
2000-03-29,44003,Kent,14.7355,4.2453,49.5111,5.104
2000-03-30,44003,Kent,11.7313,3.0924,51.3477,3.322
2000-03-31,44003,Kent,10.5466,3.1728,47.3718,2.4828
2000-04-01,44003,Kent,14.5891,3.4589,44.1878,3.1499
2000-04-02,44003,Kent,16.3081,3.4078,61.5598,4.8349
2000-04-03,44003,Kent,14.9706,8.1351,75.7429,1.8111
2000-04-04,44003,Kent,16.1635,8.9124,75.3575,5.8257
2000-04-05,44003,Kent,11.2022,1.8439,47.7715,6.5189
2000-04-06,44003,Kent,12.9456,-0.4646,59.115,4.2341
2000-04-07,44003,Kent,15.0177,4.3003,50.1327,3.1655
2000-04-08,44003,Kent,19.1481,4.4809,71.0106,5.755
2000-04-09,44003,Kent,12.2723,0.3726,67.3731,7.1495
2000-04-10,44003,Kent,10.5295,-0.437,43.3151,5.6434
2000-04-11,44003,Kent,9.4289,-1.012,57.1523,2.0662
2000-04-12,44003,Kent,12.6984,0.2256,54.399,4.1537
2000-04-13,44003,Kent,9.131,-2.1008,38.5272,2.7069
2000-04-14,44003,Kent,11.3637,-0.7698,53.419,3.8176
2000-04-15,44003,Kent,18.5851,3.1477,73.5019,4.1211
2000-04-16,44003,Kent,22.9489,10.149,59.2511,2.3467
2000-04-17,44003,Kent,11.4871,2.5981,55.7443,4.7593
2000-04-18,44003,Kent,7.1767,2.5931,71.6659,6.4318
2000-04-19,44003,Kent,9.1472,4.0004,72.6532,5.8097
2000-04-20,44003,Kent,15.9213,3.4913,62.0681,2.3958
2000-04-21,44003,Kent,9.6226,5.4556,75.5188,5.0381
2000-04-22,44003,Kent,14.5286,4.5621,77.3946,3.5153
2000-04-23,44003,Kent,12.3022,6.1824,74.2831,3.6919
2000-04-24,44003,Kent,13.3129,5.012,56.6644,4.0675
2000-04-25,44003,Kent,11.1322,2.6133,55.8263,4.8147
2000-04-26,44003,Kent,6.3232,1.6806,68.1721,5.4565
2000-04-27,44003,Kent,10.338,0.9279,65.5993,2.1572
2000-04-28,44003,Kent,13.0633,3.9512,64.4603,2.3662
2000-04-29,44003,Kent,16.8848,4.715,49.1787,2.1563
2000-04-30,44003,Kent,15.8916,3.1221,42.4348,4.0911
2000-05-01,44003,Kent,17.091,1.9821,44.7062,4.0196
2000-05-02,44003,Kent,18.1034,7.0114,56.7021,3.1618
2000-05-03,44003,Kent,17.1257,3.8007,45.6051,2.252
2000-05-04,44003,Kent,18.933,3.6385,61.1495,4.2569
2000-05-05,44003,Kent,26.2776,8.7932,59.3017,3.3184
2000-05-06,44003,Kent,24.5528,13.1878,57.8017,2.0992
2000-05-07,44003,Kent,30.4386,10.9138,54.6953,3.6437
2000-05-08,44003,Kent,30.3567,16.7317,53.5623,2.5006
2000-05-09,44003,Kent,29.9886,15.7308,57.8569,4.2339
2000-05-10,44003,Kent,17.716,9.7035,65.5462,4.303
2000-05-11,44003,Kent,20.8991,8.8775,57.6638,2.2795
2000-05-12,44003,Kent,17.7463,9.9526,65.3289,1.6748
2000-05-13,44003,Kent,20.6059,10.1999,69.8528,2.459
2000-05-14,44003,Kent,22.777,9.9128,51.6504,3.2591
2000-05-15,44003,Kent,16.7983,5.6131,48.3113,3.4905
2000-05-16,44003,Kent,19.4836,3.7058,46.6084,2.7675
2000-05-17,44003,Kent,20.9572,7.3489,53.5733,2.4657
2000-05-18,44003,Kent,21.0572,9.2224,77.6355,6.1471
2000-05-19,44003,Kent,17.3514,5.3164,66.428,4.9338
2000-05-20,44003,Kent,12.7433,5.0363,73.994,2.5094
2000-05-21,44003,Kent,14.8411,7.6512,73.0149,1.6775
2000-05-22,44003,Kent,15.8401,9.0145,71.807,1.9872
2000-05-23,44003,Kent,19.1916,8.7153,67.3374,2.5236
2000-05-24,44003,Kent,23.1608,9.9904,69.5943,2.9952
2000-05-25,44003,Kent,23.9075,11.2447,57.5932,3.7711
2000-05-26,44003,Kent,21.4378,9.6554,55.1994,4.0057
2000-05-27,44003,Kent,21.1221,10.1434,57.3551,3.2568
2000-05-28,44003,Kent,18.8364,10.6441,58.0082,2.2707
2000-05-29,44003,Kent,16.8311,7.0052,63.0284,3.7988
2000-05-30,44003,Kent,17.9363,5.1176,64.0833,2.941
2000-05-31,44003,Kent,20.4152,5.4895,67.644,2.2454
2000-06-01,44003,Kent,27.6258,10.1006,64.9913,2.5494
2000-06-02,44003,Kent,26.5632,15.7834,64.9677,3.1039
2000-06-03,44003,Kent,22.2096,13.2248,57.7503,3.3277
2000-06-04,44003,Kent,22.4921,9.6054,54.4513,2.0042
2000-06-05,44003,Kent,18.7193,10.7237,63.9309,3.4422
2000-06-06,44003,Kent,15.4041,8.4845,78.2983,7.0138
2000-06-07,44003,Kent,21.0372,7.2033,57.6657,4.2724
2000-06-08,44003,Kent,22.6105,8.9513,64.6948,3.5858
2000-06-09,44003,Kent,28.6669,14.3942,66.233,3.7247
2000-06-10,44003,Kent,30.6535,16.8136,64.6348,3.8973
2000-06-11,44003,Kent,29.1286,13.6696,70.7102,2.5456
2000-06-12,44003,Kent,16.9686,10.6349,73.4619,3.5302
2000-06-13,44003,Kent,16.3919,9.6551,71.0581,3.1795
2000-06-14,44003,Kent,15.1909,9.5966,76.3066,2.992
2000-06-15,44003,Kent,24.5462,11.7303,74.3497,3.1112
2000-06-16,44003,Kent,29.3468,15.7834,74.0654,4.1293
2000-06-17,44003,Kent,30.6724,18.7767,69.6046,4.212
2000-06-18,44003,Kent,23.913,15.7273,65.9083,1.9428
2000-06-19,44003,Kent,23.5706,14.4567,70.0865,1.6849
2000-06-20,44003,Kent,27.0456,12.7168,57.0985,2.0025
2000-06-21,44003,Kent,26.0504,14.2908,67.2737,4.953
2000-06-22,44003,Kent,28.9062,18.1665,69.935,4.5321
2000-06-23,44003,Kent,27.3733,17.151,59.1231,2.5844
2000-06-24,44003,Kent,27.0385,15.6049,57.9793,1.9951
2000-06-25,44003,Kent,28.8212,14.936,74.3731,4.3887
2000-06-26,44003,Kent,29.4017,18.2677,74.4215,3.6922
2000-06-27,44003,Kent,30.7534,20.479,68.8407,3.8007
2000-06-28,44003,Kent,27.5601,18.1635,57.4515,2.0621
2000-06-29,44003,Kent,24.2141,15.4277,69.5352,1.5634
2000-06-30,44003,Kent,24.6962,14.0774,65.9819,2.7805
2000-07-01,44003,Kent,26.2371,13.951,59.5508,1.6975
2000-07-02,44003,Kent,28.026,14.4126,63.2245,2.2542
2000-07-03,44003,Kent,28.2853,15.5205,71.683,3.3287
2000-07-04,44003,Kent,25.7256,19.1511,79.0111,3.2441
2000-07-05,44003,Kent,27.2291,15.1504,62.4014,2.9057
2000-07-06,44003,Kent,22.9438,10.8798,62.7226,1.5594
2000-07-07,44003,Kent,23.11,13.1219,59.706,2.5209
2000-07-08,44003,Kent,23.734,9.6831,57.51,3.126
2000-07-09,44003,Kent,24.5422,12.7811,68.1137,3.6179
2000-07-10,44003,Kent,30.0506,18.5386,65.3556,4.0326
2000-07-11,44003,Kent,26.2348,14.7207,54.9752,2.7314
2000-07-12,44003,Kent,26.4109,12.8437,54.2605,2.1705
2000-07-13,44003,Kent,28.1081,14.3057,57.2743,2.605
2000-07-14,44003,Kent,26.4806,15.3359,66.4291,3.1016
2000-07-15,44003,Kent,24.059,17.2458,76.4102,5.1544
2000-07-16,44003,Kent,26.5839,17.8114,70.7325,2.4684
2000-07-17,44003,Kent,27.0175,16.5552,71.5956,1.9307
2000-07-18,44003,Kent,27.7423,17.1679,69.4857,3.7839
2000-07-19,44003,Kent,23.326,12.7407,65.1401,2.6972
2000-07-20,44003,Kent,23.4362,14.611,60.189,1.7033
2000-07-21,44003,Kent,25.5069,11.8573,68.957,2.9678
2000-07-22,44003,Kent,25.6767,16.1248,67.0851,2.8253
2000-07-23,44003,Kent,25.8094,13.2404,59.0301,2.38
2000-07-24,44003,Kent,26.1036,16.8353,60.8194,1.7692
2000-07-25,44003,Kent,24.4042,16.1128,67.1288,2.5304
2000-07-26,44003,Kent,21.4578,15.9575,82.8626,2.9359
2000-07-27,44003,Kent,25.0548,17.8444,78.1621,2.0237
2000-07-28,44003,Kent,22.9299,17.097,77.262,0.9282
2000-07-29,44003,Kent,25.1674,17.406,73.576,1.2392
2000-07-30,44003,Kent,24.8725,17.0768,76.5237,1.6196
2000-07-31,44003,Kent,22.2243,17.0603,82.4043,2.7388
2000-08-01,44003,Kent,23.3754,15.2383,86.2077,1.7017
2000-08-02,44003,Kent,28.0774,18.7912,80.1497,3.0122
2000-08-03,44003,Kent,28.0657,21.0868,78.3496,4.2967
2000-08-04,44003,Kent,26.8121,17.671,70.9911,2.3828
2000-08-05,44003,Kent,25.9534,15.5464,63.2011,1.6843
2000-08-06,44003,Kent,21.9414,16.9817,79.4339,2.1629
2000-08-07,44003,Kent,28.7467,18.8849,80.7414,4.5365
2000-08-08,44003,Kent,30.9695,20.262,68.1393,2.965
2000-08-09,44003,Kent,29.8814,18.9587,77.415,3.3633
2000-08-10,44003,Kent,28.87,20.254,68.0704,2.1964
2000-08-11,44003,Kent,27.6698,17.5875,71.6109,2.5671
2000-08-12,44003,Kent,24.1521,14.2708,73.6433,4.5346
2000-08-13,44003,Kent,21.2808,12.9939,81.1963,4.4928
2000-08-14,44003,Kent,23.3548,11.0835,86.3369,3.5658
2000-08-15,44003,Kent,25.3462,15.03,78.3582,1.8795
2000-08-16,44003,Kent,27.4658,15.9681,70.2399,3.8739
2000-08-17,44003,Kent,23.1402,12.9262,62.5261,2.9515
2000-08-18,44003,Kent,23.5612,13.0893,71.1462,1.3988
2000-08-19,44003,Kent,24.8055,13.7665,66.358,1.9758
2000-08-20,44003,Kent,20.9666,10.7707,59.0409,3.0608
2000-08-21,44003,Kent,23.085,9.4046,60.4505,2.0913
2000-08-22,44003,Kent,23.353,11.979,62.5619,1.9405
2000-08-23,44003,Kent,23.2785,12.8238,75.6258,3.4202
2000-08-24,44003,Kent,26.1527,15.9249,72.6053,2.0146
2000-08-25,44003,Kent,26.2548,15.8134,62.6671,1.6479
2000-08-26,44003,Kent,27.028,14.3215,62.0133,2.0213
2000-08-27,44003,Kent,27.6268,14.4919,71.6454,2.8725
2000-08-28,44003,Kent,25.3982,17.1281,72.9798,2.0564
2000-08-29,44003,Kent,25.0929,13.9071,62.9219,2.5267
2000-08-30,44003,Kent,24.5334,13.5132,83.7475,1.4541
2000-08-31,44003,Kent,29.6345,17.5217,72.5064,2.3932
2000-09-01,44003,Kent,29.299,17.5918,77.4618,3.1069
2000-09-02,44003,Kent,27.0415,19.1315,79.4825,2.1517
2000-09-03,44003,Kent,26.6398,18.2972,80.0585,1.6436
2000-09-04,44003,Kent,26.4144,13.2292,78.5266,2.8724
2000-09-05,44003,Kent,17.1868,6.4018,58.0202,3.8507
2000-09-06,44003,Kent,19.0046,5.4224,58.5654,2.0509
2000-09-07,44003,Kent,21.3627,7.7318,60.2157,2.7897
2000-09-08,44003,Kent,25.1944,9.5901,70.3689,4.4515
2000-09-09,44003,Kent,27.1267,15.6896,71.0073,2.4993
2000-09-10,44003,Kent,26.2464,13.0333,65.323,2.0447
2000-09-11,44003,Kent,25.4457,12.4249,67.3516,2.2963
2000-09-12,44003,Kent,25.0091,11.84,85.8348,4.0879
2000-09-13,44003,Kent,27.0206,17.0443,69.3026,2.7291
2000-09-14,44003,Kent,25.2179,13.0553,66.7976,2.608
2000-09-15,44003,Kent,21.8986,11.7238,83.4666,3.4248
2000-09-16,44003,Kent,18.9143,7.8137,61.3629,3.6872
2000-09-17,44003,Kent,19.2555,5.9902,66.6244,4.4868
2000-09-18,44003,Kent,23.5821,10.1191,66.923,3.5022
2000-09-19,44003,Kent,22.2304,12.6658,79.2802,2.4874
2000-09-20,44003,Kent,26.4949,14.1622,74.3317,2.9764
2000-09-21,44003,Kent,25.1779,12.502,65.3129,4.6546
2000-09-22,44003,Kent,19.071,8.8566,60.4504,3.2114
2000-09-23,44003,Kent,19.5102,8.2538,87.0158,3.2981
2000-09-24,44003,Kent,24.4893,12.877,79.3216,3.2037
2000-09-25,44003,Kent,16.863,7.9871,64.9758,2.7467
2000-09-26,44003,Kent,12.7018,8.3126,86.2184,5.2033
2000-09-27,44003,Kent,18.8479,5.9462,65.3414,2.7226
2000-09-28,44003,Kent,18.6836,7.6382,63.1692,3.4481
2000-09-29,44003,Kent,13.2698,3.8222,55.9542,2.2725
2000-09-30,44003,Kent,16.4099,3.115,68.129,2.8965
2000-10-01,44003,Kent,20.4729,5.4994,64.6709,2.1958
2000-10-02,44003,Kent,22.3877,9.0881,61.619,1.4159
2000-10-03,44003,Kent,25.0278,8.701,65.3031,3.2037
2000-10-04,44003,Kent,20.5174,9.0307,65.8655,1.9961
2000-10-05,44003,Kent,19.2374,11.2212,70.2987,2.6056
2000-10-06,44003,Kent,24.2394,12.864,76.3105,2.1951
2000-10-07,44003,Kent,16.288,7.9248,63.8492,2.5756
2000-10-08,44003,Kent,12.7991,2.3427,54.4905,3.5694
2000-10-09,44003,Kent,9.2368,1.4579,67.738,4.1889
2000-10-10,44003,Kent,8.4555,2.0409,61.1061,4.8722
2000-10-11,44003,Kent,17.4808,3.7554,55.1593,4.7188
2000-10-12,44003,Kent,18.8874,3.0362,54.8201,3.087
2000-10-13,44003,Kent,22.3626,4.8961,49.6842,3.1771
2000-10-14,44003,Kent,24.4676,9.1021,50.0248,3.4978
2000-10-15,44003,Kent,24.5047,9.9435,49.3533,3.023
2000-10-16,44003,Kent,13.2907,5.5307,76.1211,4.2628
2000-10-17,44003,Kent,14.699,5.9856,73.3804,3.1295
2000-10-18,44003,Kent,15.7015,8.627,87.2778,2.9331
2000-10-19,44003,Kent,16.7864,5.7618,64.9838,4.4219
2000-10-20,44003,Kent,17.4171,3.4835,56.5411,3.0193
2000-10-21,44003,Kent,20.4407,6.529,67.0881,3.7916
2000-10-22,44003,Kent,12.182,1.7499,55.2393,4.1546
2000-10-23,44003,Kent,13.3683,0.3034,59.4387,1.9496
2000-10-24,44003,Kent,15.9283,3.0434,68.4899,3.1182
2000-10-25,44003,Kent,20.4234,7.0269,59.3067,1.4841
2000-10-26,44003,Kent,20.5845,8.0238,60.8075,1.8213
2000-10-27,44003,Kent,21.6924,7.7223,61.4173,1.772
2000-10-28,44003,Kent,15.6773,-0.1854,55.8921,6.3948
2000-10-29,44003,Kent,4.8769,-2.3286,54.5989,5.6452
2000-10-30,44003,Kent,5.9223,-1.4012,71.8978,4.7818
2000-10-31,44003,Kent,7.9027,1.1183,85.1642,5.2534
2000-11-01,44003,Kent,11.683,1.8384,63.8971,5.202
2000-11-02,44003,Kent,15.487,3.3947,56.9316,4.2561
2000-11-03,44003,Kent,16.9549,4.8411,46.1199,2.4193
2000-11-04,44003,Kent,17.6799,6.2745,51.195,1.1887
2000-11-05,44003,Kent,11.3481,4.2014,65.9434,4.396
2000-11-06,44003,Kent,9.8601,1.09,64.4051,4.3855
2000-11-07,44003,Kent,14.0768,1.8982,61.283,3.0531
2000-11-08,44003,Kent,15.6264,5.8326,61.0674,1.7978
2000-11-09,44003,Kent,16.0219,4.987,64.795,1.4638
2000-11-10,44003,Kent,13.674,7.4109,82.3261,3.6707
2000-11-11,44003,Kent,11.4885,6.5856,81.3325,4.8125
2000-11-12,44003,Kent,11.8804,5.2594,69.9981,3.5359
2000-11-13,44003,Kent,12.2944,4.7853,66.6326,1.3994
2000-11-14,44003,Kent,12.3919,4.5395,84.5318,2.5832
2000-11-15,44003,Kent,9.2943,0.755,60.6935,5.8293
2000-11-16,44003,Kent,8.2914,-1.4735,67.5504,4.6634
2000-11-17,44003,Kent,11.201,1.1769,61.9669,5.4114
2000-11-18,44003,Kent,6.5414,-1.5473,55.7492,4.4136
2000-11-19,44003,Kent,6.2966,-0.3346,51.0162,2.0999
2000-11-20,44003,Kent,6.8797,-0.8739,57.8695,2.615
2000-11-21,44003,Kent,4.9898,-3.1535,57.5888,5.069
2000-11-22,44003,Kent,1.9084,-4.6101,48.7243,6.2059
2000-11-23,44003,Kent,1.1255,-7.2955,45.7759,4.6487
2000-11-24,44003,Kent,-0.7511,-9.5194,41.256,2.9064
2000-11-25,44003,Kent,2.904,-6.7857,52.0336,1.5555
2000-11-26,44003,Kent,10.1138,-2.2003,91.0308,4.2702
2000-11-27,44003,Kent,10.1839,4.232,78.1007,4.6088
2000-11-28,44003,Kent,10.2264,2.1626,67.6409,3.1675
2000-11-29,44003,Kent,8.7755,1.4361,63.2264,2.7422
2000-11-30,44003,Kent,6.3478,-1.1456,75.083,4.0028
2000-12-01,44003,Kent,4.1361,-3.4817,52.2092,4.1484
2000-12-02,44003,Kent,0.763,-7.4608,39.9495,4.4836
2000-12-03,44003,Kent,-0.3562,-8.5064,42.4418,2.6716
2000-12-04,44003,Kent,4.7141,-8.6883,38.8311,2.0411
2000-12-05,44003,Kent,7.8047,-4.7849,49.1097,4.6117
2000-12-06,44003,Kent,0.6826,-7.353,33.9139,5.0813
2000-12-07,44003,Kent,0.9487,-6.3907,37.9808,5.3192
2000-12-08,44003,Kent,-2.2276,-7.5323,53.9082,2.8716
2000-12-09,44003,Kent,-2.5245,-9.7499,53.681,3.6285
2000-12-10,44003,Kent,2.7099,-9.5917,59.2876,2.2992
2000-12-11,44003,Kent,6.4468,-1.0329,69.8007,1.5348
2000-12-12,44003,Kent,11.11,-6.579,55.3942,8.3065
2000-12-13,44003,Kent,-0.5748,-9.2162,37.4574,2.5782
2000-12-14,44003,Kent,6.877,-4.1954,71.5788,4.6059
2000-12-15,44003,Kent,1.5021,-6.1781,59.6417,3.0602
2000-12-16,44003,Kent,7.4597,-4.2316,68.8024,4.5776
2000-12-17,44003,Kent,14.14,3.2014,73.4514,8.4845
2000-12-18,44003,Kent,5.6993,-4.2697,47.5363,6.6506
2000-12-19,44003,Kent,5.5171,-4.317,59.6377,2.4729
2000-12-20,44003,Kent,3.6821,-6.9301,60.2031,5.9494
2000-12-21,44003,Kent,0.9471,-7.4911,62.1091,2.2349
2000-12-22,44003,Kent,1.6518,-5.9375,66.4641,3.2861
2000-12-23,44003,Kent,-2.5513,-10.0423,52.9454,5.4421
2000-12-24,44003,Kent,0.7168,-8.8668,61.7837,3.1668
2000-12-25,44003,Kent,-2.2669,-14.7655,47.2463,7.6944
2000-12-26,44003,Kent,-4.6548,-14.9546,60.1867,7.5416
2000-12-27,44003,Kent,-1.5962,-10.6279,62.5885,6.048
2000-12-28,44003,Kent,-4.3884,-11.2975,93.0358,5.6609
2000-12-29,44003,Kent,-1.4657,-11.8758,63.3639,2.4391
2000-12-30,44003,Kent,2.5871,-7.8195,74.895,5.123
2000-12-31,44003,Kent,4.1506,-7.4201,53.6887,8.0958
2001-01-01,44003,Kent,-0.1388,-10.4051,60.6679,4.4819
2001-01-02,44003,Kent,-0.3031,-11.8003,58.75,3.5423
2001-01-03,44003,Kent,0.0287,-13.0782,60.7452,3.0342
2001-01-04,44003,Kent,0.2287,-9.736,64.4093,3.7894
2001-01-05,44003,Kent,2.9529,-8.6266,69.9147,2.634
2001-01-06,44003,Kent,3.5113,-4.3949,74.4291,3.5731
2001-01-07,44003,Kent,2.823,-6.1475,64.9641,2.9352
2001-01-08,44003,Kent,4.1424,-4.6212,69.7133,2.8175
2001-01-09,44003,Kent,2.9503,-6.6038,71.5915,4.3068
2001-01-10,44003,Kent,-2.3997,-11.0055,56.4745,5.4254
2001-01-11,44003,Kent,3.3071,-10.4696,68.7207,4.5874
2001-01-12,44003,Kent,0.1793,-10.4561,59.1403,3.2162
2001-01-13,44003,Kent,1.7702,-9.8835,57.8677,1.9079
2001-01-14,44003,Kent,4.0912,-6.1347,67.1108,2.2359
2001-01-15,44003,Kent,3.8939,-2.3479,73.5205,2.7244
2001-01-16,44003,Kent,3.8169,-2.4798,73.0802,3.3857
2001-01-17,44003,Kent,4.1786,-2.9403,64.2334,3.4898
2001-01-18,44003,Kent,2.5098,-4.2183,57.828,1.7759
2001-01-19,44003,Kent,3.9889,-1.9952,75.1278,2.3314
2001-01-20,44003,Kent,3.4024,-3.574,69.2221,5.336
2001-01-21,44003,Kent,0.8813,-9.388,65.2319,5.6848
2001-01-22,44003,Kent,0.8105,-10.7728,58.4552,2.2555
2001-01-23,44003,Kent,3.1941,-8.4145,62.3375,1.7491
2001-01-24,44003,Kent,3.3537,-7.71,61.6308,2.3899
2001-01-25,44003,Kent,3.2955,-6.6626,60.5572,2.8392
2001-01-26,44003,Kent,1.0562,-9.4905,58.9943,2.6045
2001-01-27,44003,Kent,3.3355,-7.7974,74.2282,4.1132
2001-01-28,44003,Kent,1.688,-7.9362,61.1058,4.9036
2001-01-29,44003,Kent,1.5141,-10.0325,61.3713,3.1633
2001-01-30,44003,Kent,6.493,-6.0756,76.3154,4.2837
2001-01-31,44003,Kent,9.6007,0.0902,60.9016,2.9344
2001-02-01,44003,Kent,7.9025,-0.8717,51.3203,3.0554
2001-02-02,44003,Kent,6.447,-0.3334,51.1807,1.6622
2001-02-03,44003,Kent,3.2549,-7.2313,47.2034,5.3227
2001-02-04,44003,Kent,2.2887,-8.159,52.0686,1.956
2001-02-05,44003,Kent,4.3254,-2.2282,64.1076,5.3792
2001-02-06,44003,Kent,5.267,-0.3231,59.365,6.0884
2001-02-07,44003,Kent,4.039,-3.4044,57.3952,4.3977
2001-02-08,44003,Kent,4.1506,-4.5674,57.1491,2.2051
2001-02-09,44003,Kent,6.883,-0.1538,64.6401,3.1351
2001-02-10,44003,Kent,12.5042,-5.8266,46.6746,7.9568
2001-02-11,44003,Kent,-2.3053,-14.754,40.6146,6.9557
2001-02-12,44003,Kent,-1.2979,-18.6451,51.8207,2.536
2001-02-13,44003,Kent,4.3438,-5.5124,60.4769,2.4563
2001-02-14,44003,Kent,4.9241,-4.9577,65.6892,2.9373
2001-02-15,44003,Kent,5.4772,-3.9293,57.7544,3.2607
2001-02-16,44003,Kent,4.5569,-3.8926,59.6364,1.3604
2001-02-17,44003,Kent,4.0658,-8.5149,55.6088,6.0233
2001-02-18,44003,Kent,-0.8205,-12.2377,47.9349,4.5261
2001-02-19,44003,Kent,3.5129,-9.3231,57.6593,4.8269
2001-02-20,44003,Kent,5.1203,-0.5202,61.8772,3.5478
2001-02-21,44003,Kent,8.6327,-8.7097,43.2757,5.7109
2001-02-22,44003,Kent,-2.2542,-10.6995,50.8965,2.9683
2001-02-23,44003,Kent,2.769,-5.3107,57.9651,4.5629
2001-02-24,44003,Kent,0.8439,-7.7219,46.8096,3.6561
2001-02-25,44003,Kent,5.9624,-4.8111,66.1819,4.4589
2001-02-26,44003,Kent,6.7097,-3.0358,57.2564,5.443
2001-02-27,44003,Kent,4.4181,-5.9578,56.2857,3.7303
2001-02-28,44003,Kent,1.3368,-7.2506,47.0783,4.2526
2001-03-01,44003,Kent,-1.1588,-7.5475,60.8112,3.6183
2001-03-02,44003,Kent,1.0559,-5.149,70.9608,0.9661
2001-03-03,44003,Kent,2.2838,-2.7211,72.6767,2.2309
2001-03-04,44003,Kent,1.3832,-4.5158,65.3413,4.9045
2001-03-05,44003,Kent,2.5593,-4.1437,81.8708,7.6532
2001-03-06,44003,Kent,3.147,-2.0663,74.9429,8.0338
2001-03-07,44003,Kent,1.816,-3.9683,69.3255,5.0798
2001-03-08,44003,Kent,2.9848,-3.6766,63.8698,1.3848
2001-03-09,44003,Kent,3.532,-2.1192,79.0046,2.8083
2001-03-10,44003,Kent,4.0894,-2.4846,68.7023,5.3891
2001-03-11,44003,Kent,7.1438,-3.4673,59.4456,5.1793
2001-03-12,44003,Kent,2.604,-6.4578,60.3835,2.7217
2001-03-13,44003,Kent,7.78,-2.5254,76.8997,3.3577
2001-03-14,44003,Kent,6.5531,-1.1234,63.1938,5.3141
2001-03-15,44003,Kent,10.1644,-0.8229,54.2022,3.4848
2001-03-16,44003,Kent,10.8736,-0.3811,50.0198,1.4777
2001-03-17,44003,Kent,7.7239,1.5719,55.3173,1.6681
2001-03-18,44003,Kent,8.9289,-0.5911,54.2537,3.8956
2001-03-19,44003,Kent,9.5474,-2.5455,47.1272,3.6967
2001-03-20,44003,Kent,11.7493,-0.8642,46.4642,1.8428
2001-03-21,44003,Kent,9.4004,-0.2791,75.4341,6.1217
2001-03-22,44003,Kent,12.4483,2.69,75.7852,5.5797
2001-03-23,44003,Kent,7.8675,0.5631,57.8804,6.7293
2001-03-24,44003,Kent,11.0078,-1.0679,53.3412,5.883
2001-03-25,44003,Kent,6.531,-2.2787,44.3516,4.0417
2001-03-26,44003,Kent,4.3028,-2.4732,50.9179,2.0744
2001-03-27,44003,Kent,3.5412,-4.3432,51.3778,4.9653
2001-03-28,44003,Kent,7.2807,-2.4524,51.1485,3.5945
2001-03-29,44003,Kent,7.6772,-0.3356,59.888,2.4568
2001-03-30,44003,Kent,7.2879,0.9863,73.8118,5.0811
2001-03-31,44003,Kent,9.3154,0.3796,59.7717,2.3156
2001-04-01,44003,Kent,6.209,-0.5152,56.8805,3.7288
2001-04-02,44003,Kent,6.6747,-1.1639,52.6783,3.673
2001-04-03,44003,Kent,9.6547,-0.4405,45.557,2.9924
2001-04-04,44003,Kent,12.5487,1.7969,41.6767,1.5872
2001-04-05,44003,Kent,15.64,0.0663,33.9694,2.5355
2001-04-06,44003,Kent,14.1594,1.6387,58.436,2.792
2001-04-07,44003,Kent,11.4833,1.6328,50.258,3.8998
2001-04-08,44003,Kent,11.1826,1.1114,65.2443,2.9623
2001-04-09,44003,Kent,23.104,2.8724,49.0629,2.5393
2001-04-10,44003,Kent,14.8075,6.6047,54.3805,2.4607
2001-04-11,44003,Kent,13.7391,4.8259,51.0078,2.9098
2001-04-12,44003,Kent,13.2627,4.6083,71.7119,3.3523
2001-04-13,44003,Kent,20.3362,7.081,49.9675,4.5933
2001-04-14,44003,Kent,15.7036,3.6398,34.2175,4.6897
2001-04-15,44003,Kent,16.6851,1.3165,35.114,2.1553
2001-04-16,44003,Kent,14.7826,2.8372,42.4517,2.2396
2001-04-17,44003,Kent,12.1667,2.8013,61.1762,1.4025
2001-04-18,44003,Kent,12.5728,1.1114,45.5824,5.076
2001-04-19,44003,Kent,9.9106,-1.1659,41.4907,3.4457
2001-04-20,44003,Kent,17.9912,-0.0923,48.0638,3.4916
2001-04-21,44003,Kent,17.8603,5.4234,64.7818,2.9958
2001-04-22,44003,Kent,26.6107,9.9234,50.6023,4.3346
2001-04-23,44003,Kent,22.7944,9.3237,47.0761,2.5435
2001-04-24,44003,Kent,25.8807,8.835,52.9796,5.0007
2001-04-25,44003,Kent,15.2843,4.8946,42.1727,2.8445
2001-04-26,44003,Kent,16.3233,2.2137,36.6335,2.8708
2001-04-27,44003,Kent,19.392,-0.0936,41.6255,2.704
2001-04-28,44003,Kent,15.214,3.7141,38.0855,3.4434
2001-04-29,44003,Kent,16.4897,-0.2583,33.8792,2.3335
2001-04-30,44003,Kent,20.3738,3.143,42.1784,3.1156
2001-05-01,44003,Kent,25.7824,9.613,44.1871,2.4475
2001-05-02,44003,Kent,31.2151,11.377,40.2393,3.0004
2001-05-03,44003,Kent,31.9748,14.0968,43.4098,3.1791
2001-05-04,44003,Kent,31.4441,15.2581,44.7645,3.1966
2001-05-05,44003,Kent,21.7757,11.4666,53.1602,3.4241
2001-05-06,44003,Kent,15.404,3.7107,46.9536,4.0883
2001-05-07,44003,Kent,17.2902,1.9618,40.4649,2.0735
2001-05-08,44003,Kent,18.7759,1.2809,55.2871,2.8876
2001-05-09,44003,Kent,21.6013,5.7416,53.2076,1.6913
2001-05-10,44003,Kent,26.369,8.0521,46.2287,1.9223
2001-05-11,44003,Kent,28.3849,11.6914,42.8391,2.5771
2001-05-12,44003,Kent,28.979,13.3965,55.3431,3.4889
2001-05-13,44003,Kent,19.1307,9.041,55.578,4.0184
2001-05-14,44003,Kent,18.7044,4.0661,45.521,3.7899
2001-05-15,44003,Kent,15.2727,5.3712,57.0462,4.4274
2001-05-16,44003,Kent,15.6131,6.3936,69.8413,4.0448
2001-05-17,44003,Kent,18.1466,8.0293,59.9969,1.6517
2001-05-18,44003,Kent,17.3366,9.3434,65.4067,3.2459
2001-05-19,44003,Kent,24.7349,11.4789,58.0615,2.8455
2001-05-20,44003,Kent,19.2752,7.5963,59.3031,2.7676
2001-05-21,44003,Kent,16.1044,7.4595,77.2164,3.3127
2001-05-22,44003,Kent,17.1816,12.1685,76.1413,6.1962
2001-05-23,44003,Kent,16.0901,9.1382,78.5316,5.8094
2001-05-24,44003,Kent,21.1616,9.1832,69.0992,4.14
2001-05-25,44003,Kent,21.1234,10.2056,62.4744,3.5782
2001-05-26,44003,Kent,19.373,9.0804,80.5104,2.9355
2001-05-27,44003,Kent,22.5672,13.8874,71.0963,2.5998
2001-05-28,44003,Kent,23.0373,13.3871,68.2771,3.3685
2001-05-29,44003,Kent,22.8319,12.1201,62.6641,3.6086
2001-05-30,44003,Kent,17.5921,7.9215,55.6689,4.5242
2001-05-31,44003,Kent,16.6485,7.4713,52.1333,4.5219
2001-06-01,44003,Kent,19.2636,6.1343,59.174,2.3117
2001-06-02,44003,Kent,20.889,12.314,78.154,3.6878
2001-06-03,44003,Kent,24.0058,14.5596,70.6795,3.4159
2001-06-04,44003,Kent,22.1605,11.4762,62.3468,3.9569
2001-06-05,44003,Kent,22.9451,11.6549,62.3545,3.5027
2001-06-06,44003,Kent,23.41,13.1826,55.7002,2.9633
2001-06-07,44003,Kent,24.3303,11.2473,56.7516,1.8003
2001-06-08,44003,Kent,25.8445,13.8247,46.8469,2.6384
2001-06-09,44003,Kent,25.6382,11.0486,47.9919,2.3117
2001-06-10,44003,Kent,26.1748,12.2354,51.2343,2.2936
2001-06-11,44003,Kent,26.0134,14.3931,64.8958,2.8409
2001-06-12,44003,Kent,27.8748,17.6416,62.6829,1.5745
2001-06-13,44003,Kent,27.4523,16.2331,67.4349,1.7966
2001-06-14,44003,Kent,29.6123,17.1215,67.7058,1.9
2001-06-15,44003,Kent,29.7337,18.478,70.839,3.1248
2001-06-16,44003,Kent,30.2044,19.2118,69.9994,2.8409
2001-06-17,44003,Kent,24.5297,19.4367,75.0888,1.6317
2001-06-18,44003,Kent,28.0001,16.9224,56.2129,2.6068
2001-06-19,44003,Kent,28.968,15.7427,62.5393,3.5945
2001-06-20,44003,Kent,29.8275,16.919,68.0331,3.3415
2001-06-21,44003,Kent,26.6784,16.2732,63.9002,3.1831
2001-06-22,44003,Kent,26.6121,15.4171,73.7787,3.2085
2001-06-23,44003,Kent,27.6984,19.1568,71.4966,3.6978
2001-06-24,44003,Kent,26.6615,20.2793,71.6732,3.0827
2001-06-25,44003,Kent,28.8101,19.0832,62.6579,1.416
2001-06-26,44003,Kent,30.0341,17.4927,60.9689,1.592
2001-06-27,44003,Kent,31.3745,18.3461,59.5395,3.1091
2001-06-28,44003,Kent,31.2048,18.5635,55.4151,3.291
2001-06-29,44003,Kent,24.557,14.6922,61.0858,2.7042
2001-06-30,44003,Kent,31.0706,16.9637,73.3461,4.3847
2001-07-01,44003,Kent,28.9557,19.6396,71.9947,5.0722
2001-07-02,44003,Kent,20.5715,10.2266,56.2668,4.569
2001-07-03,44003,Kent,22.0643,9.344,65.2947,3.0603
2001-07-04,44003,Kent,25.3945,14.8007,78.0455,3.1786
2001-07-05,44003,Kent,28.0039,18.5301,72.237,3.0568
2001-07-06,44003,Kent,22.8871,11.2548,66.7968,3.2578
2001-07-07,44003,Kent,24.3473,10.1768,64.1267,2.9239
2001-07-08,44003,Kent,23.4605,14.8895,81.2469,2.9157
2001-07-09,44003,Kent,27.7759,16.4643,73.18,1.4242
2001-07-10,44003,Kent,30.0053,17.9731,64.4208,2.79
2001-07-11,44003,Kent,26.3551,15.6963,65.7496,2.2259
2001-07-12,44003,Kent,23.5034,12.2027,63.0382,3.8634
2001-07-13,44003,Kent,24.1811,10.5736,65.5042,3.2277
2001-07-14,44003,Kent,25.2636,14.9441,62.6769,2.2984
2001-07-15,44003,Kent,25.4482,14.4553,65.1032,1.6697
2001-07-16,44003,Kent,26.6619,16.6225,61.276,1.9761
2001-07-17,44003,Kent,26.4653,16.5279,70.1564,1.775
2001-07-18,44003,Kent,25.6532,15.389,70.5182,2.5138
2001-07-19,44003,Kent,24.2904,13.2742,68.0655,3.4605
2001-07-20,44003,Kent,25.8813,11.5334,59.8439,2.125
2001-07-21,44003,Kent,26.7794,12.9645,62.2392,2.5607
2001-07-22,44003,Kent,27.9232,14.5482,62.5804,3.7645
2001-07-23,44003,Kent,29.675,14.0279,70.4515,4.1241
2001-07-24,44003,Kent,30.8739,19.1224,73.6227,5.399
2001-07-25,44003,Kent,33.8779,21.5837,65.0764,3.3993
2001-07-26,44003,Kent,25.4253,12.6651,79.0042,2.6679
2001-07-27,44003,Kent,22.621,10.3747,56.3896,2.4155
2001-07-28,44003,Kent,24.9775,13.0168,54.6587,1.914
2001-07-29,44003,Kent,25.3433,13.5414,62.7249,2.1731
2001-07-30,44003,Kent,25.2193,12.7437,59.0392,2.6972
2001-07-31,44003,Kent,25.9716,12.4712,52.8288,1.9134
2001-08-01,44003,Kent,28.9355,13.8967,59.9756,1.6329
2001-08-02,44003,Kent,30.4234,15.4518,63.1341,4.2095
2001-08-03,44003,Kent,27.7263,17.092,74.0021,4.5638
2001-08-04,44003,Kent,27.2546,19.2171,77.2983,2.0003
2001-08-05,44003,Kent,28.4339,18.7031,74.2937,1.966
2001-08-06,44003,Kent,31.3659,18.6875,71.3979,3.2741
2001-08-07,44003,Kent,34.1481,20.4148,63.1617,3.5638
2001-08-08,44003,Kent,33.7012,21.467,62.0855,2.0401
2001-08-09,44003,Kent,35.8374,20.4399,56.5106,3.5279
2001-08-10,44003,Kent,33.4144,21.8293,71.3461,4.1645
2001-08-11,44003,Kent,26.9733,20.0143,72.1748,2.2606
2001-08-12,44003,Kent,24.516,18.8027,85.3689,1.5724
2001-08-13,44003,Kent,27.054,18.283,77.6375,2.028
2001-08-14,44003,Kent,26.4938,17.8633,74.2974,2.0389
2001-08-15,44003,Kent,26.5543,15.9778,63.0706,1.7034
2001-08-16,44003,Kent,27.1831,15.4009,62.2335,2.141
2001-08-17,44003,Kent,27.3449,16.0565,83.1562,3.8502
2001-08-18,44003,Kent,28.5845,18.7419,65.4212,3.1708
2001-08-19,44003,Kent,26.8632,17.954,79.8424,1.8915
2001-08-20,44003,Kent,26.7304,20.1452,82.7775,2.4095
2001-08-21,44003,Kent,27.4872,20.4106,76.0761,2.4819
2001-08-22,44003,Kent,27.1209,18.2002,67.9726,2.4701
2001-08-23,44003,Kent,28.1695,16.9248,69.7285,2.2448
2001-08-24,44003,Kent,26.2215,15.0709,71.6093,2.7667
2001-08-25,44003,Kent,25.2181,13.5269,61.0996,2.0171
2001-08-26,44003,Kent,25.8813,13.2815,66.0352,2.603
2001-08-27,44003,Kent,26.3959,16.0086,87.7702,3.6074
2001-08-28,44003,Kent,28.0543,19.9222,75.3593,3.19
2001-08-29,44003,Kent,26.3857,16.509,59.8999,2.1585
2001-08-30,44003,Kent,26.1241,13.5265,71.9005,2.4039
2001-08-31,44003,Kent,27.1818,17.7304,80.1803,4.0781
2001-09-01,44003,Kent,27.3801,11.586,70.5687,3.5662
2001-09-02,44003,Kent,21.5119,7.9948,58.8053,1.7479
2001-09-03,44003,Kent,24.573,10.6819,64.9371,2.4762
2001-09-04,44003,Kent,25.8664,11.9902,75.3048,2.7631
2001-09-05,44003,Kent,22.8618,13.1285,61.6791,3.1794
2001-09-06,44003,Kent,23.9856,10.5005,52.6244,2.398
2001-09-07,44003,Kent,27.2485,11.5013,61.9087,3.2609
2001-09-08,44003,Kent,28.4598,14.8351,65.2834,4.1668
2001-09-09,44003,Kent,28.8026,15.0254,66.5961,3.2573
2001-09-10,44003,Kent,28.9356,15.1808,74.5087,3.3503
2001-09-11,44003,Kent,26.6367,11.3984,56.5241,3.2315
2001-09-12,44003,Kent,24.2459,8.7757,51.4317,1.9122
2001-09-13,44003,Kent,28.0681,10.4035,55.9927,2.514
2001-09-14,44003,Kent,16.1326,10.0224,82.9438,4.0731
2001-09-15,44003,Kent,17.7959,8.2459,55.7969,2.4788
2001-09-16,44003,Kent,21.2305,7.0312,53.617,1.584
2001-09-17,44003,Kent,23.3737,9.1331,53.8071,1.4529
2001-09-18,44003,Kent,23.8142,9.8421,58.8878,1.2094
2001-09-19,44003,Kent,22.6426,13.0214,68.5205,2.7268
2001-09-20,44003,Kent,23.7782,12.8589,81.2896,4.0043
2001-09-21,44003,Kent,21.7941,16.8486,88.1507,2.759
2001-09-22,44003,Kent,25.4325,16.5176,80.5866,2.7885
2001-09-23,44003,Kent,25.2626,15.1316,69.7082,1.2428
2001-09-24,44003,Kent,23.9119,14.3155,82.89,2.9677
2001-09-25,44003,Kent,21.7581,16.5316,90.7418,3.6858
2001-09-26,44003,Kent,18.8758,8.5573,75.2325,4.0248
2001-09-27,44003,Kent,17.9341,6.6713,66.5404,2.8226
2001-09-28,44003,Kent,17.7993,10.4589,68.5234,2.1712
2001-09-29,44003,Kent,14.6992,7.2124,79.2327,5.9935
2001-09-30,44003,Kent,17.2476,6.3818,73.121,6.5383
2001-10-01,44003,Kent,14.7697,8.0146,73.6072,4.4083
2001-10-02,44003,Kent,21.9691,5.6084,57.1134,2.6958
2001-10-03,44003,Kent,24.0839,9.3789,61.7076,3.2396
2001-10-04,44003,Kent,26.2318,12.9779,57.9284,3.9846
2001-10-05,44003,Kent,25.3962,12.0341,61.0196,4.0041
2001-10-06,44003,Kent,21.3567,6.0973,69.3769,5.6289
2001-10-07,44003,Kent,12.6751,1.8445,48.7314,5.373
2001-10-08,44003,Kent,9.9488,-0.5228,47.6501,5.5407
2001-10-09,44003,Kent,13.6946,-2.217,52.2544,3.1366
2001-10-10,44003,Kent,19.2863,5.2694,55.611,4.067
2001-10-11,44003,Kent,22.4717,7.3664,62.4367,3.4893
2001-10-12,44003,Kent,23.8948,9.5135,57.2509,1.9681
2001-10-13,44003,Kent,22.3469,8.9233,58.4045,2.2868
2001-10-14,44003,Kent,20.6991,7.7577,69.3881,2.5438
2001-10-15,44003,Kent,21.6674,8.3489,59.5313,3.279
2001-10-16,44003,Kent,19.6218,6.6072,61.123,3.4647
2001-10-17,44003,Kent,15.0523,5.9932,62.2301,6.8058
2001-10-18,44003,Kent,12.4061,1.9101,46.0397,4.3319
2001-10-19,44003,Kent,15.924,1.165,56.9439,3.6165
2001-10-20,44003,Kent,18.9949,6.0337,60.1041,3.1262
2001-10-21,44003,Kent,20.8029,7.1665,57.2273,4.0159
2001-10-22,44003,Kent,20.8684,9.7992,56.2151,1.5134
2001-10-23,44003,Kent,17.4341,7.5981,75.3491,3.7274
2001-10-24,44003,Kent,24.4917,13.3135,68.9039,3.1347
2001-10-25,44003,Kent,24.1794,8.846,63.028,4.9342
2001-10-26,44003,Kent,13.8182,3.0424,42.8482,5.2994
2001-10-27,44003,Kent,11.0447,2.0167,49.5724,4.6595
2001-10-28,44003,Kent,8.9309,-0.1017,49.097,3.7728
2001-10-29,44003,Kent,11.7115,-2.4502,51.2113,2.6249
2001-10-30,44003,Kent,11.9001,-1.1893,49.5076,4.0507
2001-10-31,44003,Kent,11.9083,-2.3641,64.4232,2.8989
2001-11-01,44003,Kent,19.9482,9.6331,63.442,3.3643
2001-11-02,44003,Kent,22.4337,10.7697,68.4184,5.1394
2001-11-03,44003,Kent,21.2373,9.1017,69.4343,2.8587
2001-11-04,44003,Kent,14.5239,3.9511,56.359,2.4738
2001-11-05,44003,Kent,9.809,3.3898,63.271,5.2273
2001-11-06,44003,Kent,10.7952,1.4944,56.7282,5.8785
2001-11-07,44003,Kent,16.6921,0.3407,48.7294,5.3249
2001-11-08,44003,Kent,12.1657,-1.042,58.2526,2.9827
2001-11-09,44003,Kent,11.3416,-0.7097,61.0441,5.2571
2001-11-10,44003,Kent,11.4273,-2.1507,57.3214,3.5277
2001-11-11,44003,Kent,8.5099,-2.7635,50.8253,4.6074
2001-11-12,44003,Kent,4.9941,-3.5855,48.3162,3.8685
2001-11-13,44003,Kent,8.3858,-4.8429,51.0913,3.0709
2001-11-14,44003,Kent,13.5555,0.9693,64.9994,4.2716
2001-11-15,44003,Kent,15.6323,6.2051,61.9261,3.3314
2001-11-16,44003,Kent,20.7919,7.8558,51.4542,4.1085
2001-11-17,44003,Kent,8.9727,-1.4317,48.3392,2.8483
2001-11-18,44003,Kent,13.3288,-1.4462,57.6495,3.4044
2001-11-19,44003,Kent,15.44,3.6467,66.4686,4.6412
2001-11-20,44003,Kent,12.72,1.1717,67.6422,4.6748
2001-11-21,44003,Kent,6.5579,-0.5031,51.1346,2.6326
2001-11-22,44003,Kent,12.1653,-1.0404,50.1492,2.2073
2001-11-23,44003,Kent,12.8911,0.386,57.1641,2.4732
2001-11-24,44003,Kent,13.8509,2.9223,78.325,3.1505
2001-11-25,44003,Kent,17.5179,7.1286,75.2396,4.1295
2001-11-26,44003,Kent,19.1999,7.1188,67.9493,2.6034
2001-11-27,44003,Kent,14.9142,3.6374,67.5389,1.6731
2001-11-28,44003,Kent,16.541,6.4997,61.1245,3.1806
2001-11-29,44003,Kent,13.7834,5.2285,74.9231,4.5594
2001-11-30,44003,Kent,19.1297,9.3846,79.1639,4.4291
2001-12-01,44003,Kent,19.2639,6.4372,69.7205,3.7251
2001-12-02,44003,Kent,11.6134,1.3371,58.5424,2.323
2001-12-03,44003,Kent,10.8226,-0.2636,59.8026,2.9399
2001-12-04,44003,Kent,14.1138,0.4482,59.8205,2.1569
2001-12-05,44003,Kent,16.7458,6.2053,64.1893,2.9092
2001-12-06,44003,Kent,19.0725,7.6962,55.3615,4.4209
2001-12-07,44003,Kent,14.2432,1.4864,55.714,3.1096
2001-12-08,44003,Kent,5.2628,-3.1468,61.5148,3.245
2001-12-09,44003,Kent,3.8262,-5.4653,83.9734,4.1492
2001-12-10,44003,Kent,4.0101,-6.6248,78.2252,2.1623
2001-12-11,44003,Kent,10.1556,-0.9262,72.441,2.3222
2001-12-12,44003,Kent,7.4022,-2.0519,77.2769,4.201
2001-12-13,44003,Kent,11.5928,2.2441,88.7678,2.9553
2001-12-14,44003,Kent,12.3034,5.288,80.8935,2.1201
2001-12-15,44003,Kent,10.3667,-3.5673,70.4188,4.6784
2001-12-16,44003,Kent,3.4811,-4.3191,42.2479,3.4225
2001-12-17,44003,Kent,6.3732,-3.0571,73.7053,1.5939
2001-12-18,44003,Kent,8.2232,-1.0604,77.3549,4.7586
2001-12-19,44003,Kent,7.4365,-1.5389,66.9931,3.7984
2001-12-20,44003,Kent,7.7297,-0.4706,64.3154,4.3464
2001-12-21,44003,Kent,2.7942,-3.953,62.5373,6.2857
2001-12-22,44003,Kent,1.2082,-5.7378,51.0945,4.2383
2001-12-23,44003,Kent,4.3929,-5.8693,67.4501,2.0839
2001-12-24,44003,Kent,9.9225,-0.1842,82.8985,3.0102
2001-12-25,44003,Kent,2.2172,-3.5267,55.8516,3.0148
2001-12-26,44003,Kent,2.5985,-4.5335,68.4177,1.8513
2001-12-27,44003,Kent,-0.4335,-4.8676,50.6862,5.2682
2001-12-28,44003,Kent,1.62,-5.281,58.0026,4.9526
2001-12-29,44003,Kent,2.6054,-4.7175,41.1855,5.1793
2001-12-30,44003,Kent,-0.7987,-7.1205,50.4686,6.4588
2001-12-31,44003,Kent,-0.3914,-5.6965,41.9635,5.8774
2002-01-01,44003,Kent,1.0169,-8.3751,44.6042,4.6969
2002-01-02,44003,Kent,1.486,-8.3932,52.7575,4.8581
2002-01-03,44003,Kent,2.4454,-6.7661,52.8277,3.6634
2002-01-04,44003,Kent,1.5768,-8.0057,46.6847,3.9226
2002-01-05,44003,Kent,4.1984,-4.0647,52.8044,3.9519
2002-01-06,44003,Kent,8.7738,-2.491,60.8976,2.781
2002-01-07,44003,Kent,6.2761,-3.1367,72.7254,3.8591
2002-01-08,44003,Kent,1.6391,-5.5405,67.7094,4.4503
2002-01-09,44003,Kent,4.8246,-2.405,72.0548,5.8311
2002-01-10,44003,Kent,7.2744,-0.6973,65.8336,4.2861
2002-01-11,44003,Kent,7.8244,-0.9707,69.7088,3.1965
2002-01-12,44003,Kent,5.9136,-3.0805,65.7729,4.2127
2002-01-13,44003,Kent,5.8393,-2.8831,68.1584,6.629
2002-01-14,44003,Kent,3.4848,-4.7049,61.7747,4.1498
2002-01-15,44003,Kent,7.4409,-0.611,68.5354,2.6624
2002-01-16,44003,Kent,4.1925,-2.6279,60.0137,4.4417
2002-01-17,44003,Kent,5.8503,-2.8129,65.7298,4.0427
2002-01-18,44003,Kent,3.1462,-5.1493,54.5064,4.695
2002-01-19,44003,Kent,2.3102,-6.0249,60.3817,2.8874
2002-01-20,44003,Kent,2.2188,-5.6875,70.8579,3.3842
2002-01-21,44003,Kent,5.0625,-3.7078,70.9776,3.5751
2002-01-22,44003,Kent,4.928,-4.095,63.1856,5.0134
2002-01-23,44003,Kent,7.5648,-3.4825,71.3769,5.0591
2002-01-24,44003,Kent,8.9721,0.2078,77.842,3.0581
2002-01-25,44003,Kent,7.3869,-2.0923,58.4392,4.0647
2002-01-26,44003,Kent,9.1143,-1.9478,53.5987,4.819
2002-01-27,44003,Kent,11.2416,-0.5592,50.0114,2.3153
2002-01-28,44003,Kent,12.8627,-1.1703,58.8662,3.1258
2002-01-29,44003,Kent,16.4143,0.7383,56.322,2.8295
2002-01-30,44003,Kent,10.7232,1.736,71.5982,2.1886
2002-01-31,44003,Kent,5.1976,-2.1772,65.2285,4.7829
2002-02-01,44003,Kent,10.7399,-1.8424,60.9219,4.8713
2002-02-02,44003,Kent,5.3419,-11.0058,33.5068,5.8873
2002-02-03,44003,Kent,3.2541,-11.9203,62.2487,2.8171
2002-02-04,44003,Kent,3.6644,-4.0483,58.6964,3.542
2002-02-05,44003,Kent,0.7326,-7.1842,38.7219,6.2187
2002-02-06,44003,Kent,2.5481,-6.4893,48.1448,4.1521
2002-02-07,44003,Kent,5.2095,-4.0902,63.985,1.6565
2002-02-08,44003,Kent,5.6064,-3.5717,57.0093,3.6838
2002-02-09,44003,Kent,3.3672,-5.0659,44.7993,2.9541
2002-02-10,44003,Kent,8.945,-5.1191,70.6618,5.2971
2002-02-11,44003,Kent,9.8504,-7.9264,56.0653,6.6685
2002-02-12,44003,Kent,6.236,-8.1306,49.2504,5.4265
2002-02-13,44003,Kent,4.6149,-7.9931,42.6884,5.6082
2002-02-14,44003,Kent,2.2925,-9.0169,43.918,3.9558
2002-02-15,44003,Kent,7.8017,-4.2011,60.3256,4.9865
2002-02-16,44003,Kent,10.7011,-0.6389,60.4232,2.2016
2002-02-17,44003,Kent,6.0536,-1.1272,67.5882,2.9382
2002-02-18,44003,Kent,5.8881,-4.1209,43.5491,5.7812
2002-02-19,44003,Kent,7.8381,-4.8381,37.0975,2.4076
2002-02-20,44003,Kent,11.6793,-1.7637,61.2344,3.4415
2002-02-21,44003,Kent,16.8696,4.5516,62.8969,3.2885
2002-02-22,44003,Kent,9.9707,0.6168,51.5968,4.1298
2002-02-23,44003,Kent,5.7682,-2.8342,50.539,2.3387
2002-02-24,44003,Kent,7.4205,-4.2404,48.8822,2.3795
2002-02-25,44003,Kent,9.1215,-3.1788,58.9851,3.2515
2002-02-26,44003,Kent,13.8014,-1.4281,67.2211,4.2497
2002-02-27,44003,Kent,11.4315,-3.3438,69.9103,4.5313
2002-02-28,44003,Kent,3.3783,-4.5605,38.8172,6.0198
2002-03-01,44003,Kent,4.6702,-4.4748,41.4552,3.7261
2002-03-02,44003,Kent,8.4385,-2.4228,54.1334,3.7305
2002-03-03,44003,Kent,14.847,2.9404,70.5669,6.8413
2002-03-04,44003,Kent,10.6019,-4.4579,31.1491,5.0887
2002-03-05,44003,Kent,0.2214,-7.1145,29.6742,5.1387
2002-03-06,44003,Kent,8.75,-4.7609,57.8715,5.3502
2002-03-07,44003,Kent,15.0651,-0.1499,48.2,2.0053
2002-03-08,44003,Kent,14.048,1.6641,55.9499,2.6972
2002-03-09,44003,Kent,17.6857,3.0616,61.5264,4.8824
2002-03-10,44003,Kent,11.5854,-4.0085,45.0857,8.3175
2002-03-11,44003,Kent,3.6958,-6.1747,31.4503,4.9619
2002-03-12,44003,Kent,8.4362,-3.444,62.2514,3.1043
2002-03-13,44003,Kent,10.3957,-0.3231,72.1814,2.2963
2002-03-14,44003,Kent,15.2174,4.2129,47.6393,2.6973
2002-03-15,44003,Kent,14.1286,1.5104,65.4715,3.8425
2002-03-16,44003,Kent,15.8688,0.2431,63.4219,4.0846
2002-03-17,44003,Kent,7.0894,-3.7236,44.4434,3.6095
2002-03-18,44003,Kent,4.87,-1.1045,59.7664,4.2596
2002-03-19,44003,Kent,7.43,-1.0448,58.48,2.2886
2002-03-20,44003,Kent,6.7372,-1.5039,66.7263,4.4833
2002-03-21,44003,Kent,10.1526,-0.5592,52.0592,4.2593
2002-03-22,44003,Kent,4.6239,-7.8309,25.2458,7.3944
2002-03-23,44003,Kent,4.4008,-6.0189,44.5293,7.3909
2002-03-24,44003,Kent,9.6914,-1.6114,48.0925,3.8108
2002-03-25,44003,Kent,6.1504,-0.6486,52.8005,3.5805
2002-03-26,44003,Kent,8.6506,-0.8013,62.7472,5.8029
2002-03-27,44003,Kent,14.4596,2.8916,64.2081,3.9955
2002-03-28,44003,Kent,11.2982,-0.4231,45.1351,2.931
2002-03-29,44003,Kent,12.6236,-1.1988,51.3695,3.5561
2002-03-30,44003,Kent,18.4701,3.5168,59.3723,4.2197
2002-03-31,44003,Kent,14.0333,6.2353,57.2333,1.2602
2002-04-01,44003,Kent,15.2579,2.6863,55.2083,4.9704
2002-04-02,44003,Kent,13.0765,-0.5633,49.6997,4.4871
2002-04-03,44003,Kent,19.9567,4.3911,60.1993,5.6379
2002-04-04,44003,Kent,9.6458,1.1152,42.4483,4.1965
2002-04-05,44003,Kent,6.8047,-0.295,43.9531,1.8306
2002-04-06,44003,Kent,6.313,-2.6871,44.8693,4.0636
2002-04-07,44003,Kent,7.0863,-3.9741,38.459,3.4103
2002-04-08,44003,Kent,13.3101,1.0092,60.3059,5.0538
2002-04-09,44003,Kent,17.1954,6.6439,69.6004,5.9508
2002-04-10,44003,Kent,17.471,7.2607,50.1937,3.1582
2002-04-11,44003,Kent,13.3895,2.0828,46.8849,3.5593
2002-04-12,44003,Kent,17.621,0.9953,65.5943,3.6609
2002-04-13,44003,Kent,19.9973,10.1174,65.479,5.1203
2002-04-14,44003,Kent,23.6363,10.6504,53.3948,3.8275
2002-04-15,44003,Kent,24.6326,10.3769,55.4498,3.5483
2002-04-16,44003,Kent,27.9129,9.7951,53.6766,2.7764
2002-04-17,44003,Kent,33.0065,13.7004,42.3214,3.2382
2002-04-18,44003,Kent,27.8119,12.3893,49.3746,2.384
2002-04-19,44003,Kent,23.557,8.1957,61.2654,3.4935
2002-04-20,44003,Kent,23.9109,10.0019,45.4521,2.4051
2002-04-21,44003,Kent,12.559,5.0019,40.9992,3.528
2002-04-22,44003,Kent,8.2892,1.6088,65.3682,4.3703
2002-04-23,44003,Kent,10.083,1.2551,50.6383,3.2916
2002-04-24,44003,Kent,13.8258,0.642,43.9965,2.3744
2002-04-25,44003,Kent,11.0151,1.5155,71.2231,4.4921
2002-04-26,44003,Kent,11.1102,1.9492,48.3703,5.1762
2002-04-27,44003,Kent,14.48,1.6042,43.4285,3.3337
2002-04-28,44003,Kent,13.9507,4.4413,72.7757,3.7022
2002-04-29,44003,Kent,11.2766,2.814,65.3914,2.9044
2002-04-30,44003,Kent,12.7764,3.408,55.8274,3.6189
2002-05-01,44003,Kent,17.5854,5.0034,44.202,3.9715
2002-05-02,44003,Kent,16.1307,6.5704,66.667,2.6065
2002-05-03,44003,Kent,15.2093,4.604,49.6031,6.3964
2002-05-04,44003,Kent,19.3586,2.8264,42.2701,3.6561
2002-05-05,44003,Kent,19.8291,5.7622,47.491,3.3137
2002-05-06,44003,Kent,22.1875,5.9987,54.7725,4.2951
2002-05-07,44003,Kent,23.7087,10.0431,61.4545,3.8057
2002-05-08,44003,Kent,21.1278,8.533,49.8449,3.4216
2002-05-09,44003,Kent,14.9707,7.2586,62.9813,3.4801
2002-05-10,44003,Kent,24.5562,10.3889,46.8228,4.7066
2002-05-11,44003,Kent,18.2122,6.011,39.6308,3.5433
2002-05-12,44003,Kent,13.5275,8.3456,62.8611,2.6326
2002-05-13,44003,Kent,12.3581,8.2194,69.924,5.4008
2002-05-14,44003,Kent,18.2324,7.6787,55.8787,5.8575
2002-05-15,44003,Kent,16.7308,4.9516,45.294,6.3801
2002-05-16,44003,Kent,22.3506,5.4652,55.5202,5.1786
2002-05-17,44003,Kent,24.0666,13.385,53.2551,4.0839
2002-05-18,44003,Kent,15.8097,5.0822,56.9842,5.3824
2002-05-19,44003,Kent,13.6968,4.3026,48.4645,2.768
2002-05-20,44003,Kent,14.1734,4.7999,46.0849,2.4831
2002-05-21,44003,Kent,15.9538,4.4463,47.2985,3.0707
2002-05-22,44003,Kent,18.4795,4.4477,47.2035,2.4882
2002-05-23,44003,Kent,20.6487,5.6247,51.3636,3.6804
2002-05-24,44003,Kent,25.6045,7.2044,57.5397,3.9894
2002-05-25,44003,Kent,18.1306,6.5458,51.5034,3.1639
2002-05-26,44003,Kent,21.378,6.3282,65.9541,3.3534
2002-05-27,44003,Kent,25.5414,12.4394,62.7907,2.4154
2002-05-28,44003,Kent,25.6479,14.1367,63.3195,2.9244
2002-05-29,44003,Kent,24.8827,14.652,63.4224,2.2023
2002-05-30,44003,Kent,26.5768,13.3955,62.9451,3.2353
2002-05-31,44003,Kent,24.4181,14.5218,68.4386,4.6408
2002-06-01,44003,Kent,27.2116,14.953,56.0583,4.0738
2002-06-02,44003,Kent,24.6414,9.7747,53.2097,4.3226
2002-06-03,44003,Kent,19.2831,7.9279,49.0538,3.1603
2002-06-04,44003,Kent,20.3783,7.3862,59.2271,2.329
2002-06-05,44003,Kent,24.0584,12.832,72.0442,5.4391
2002-06-06,44003,Kent,24.7091,12.8911,69.742,4.7103
2002-06-07,44003,Kent,14.8375,7.1193,74.9725,5.8985
2002-06-08,44003,Kent,19.6476,5.0985,60.1695,2.2124
2002-06-09,44003,Kent,23.0091,7.7048,71.9094,4.1153
2002-06-10,44003,Kent,23.778,11.622,56.2476,2.1281
2002-06-11,44003,Kent,27.3924,10.6848,71.7464,3.8361
2002-06-12,44003,Kent,27.6551,13.2263,72.1017,2.8613
2002-06-13,44003,Kent,19.4688,10.324,69.6901,1.9635
2002-06-14,44003,Kent,17.1947,9.7054,75.5755,3.8913
2002-06-15,44003,Kent,15.6557,10.4433,74.9892,3.3358
2002-06-16,44003,Kent,21.5356,10.4961,74.2169,3.6352
2002-06-17,44003,Kent,23.9728,12.9926,62.6859,3.2143
2002-06-18,44003,Kent,24.7256,13.932,57.0616,2.5414
2002-06-19,44003,Kent,25.3488,14.7677,57.6458,1.5962
2002-06-20,44003,Kent,25.4382,12.7504,59.6326,2.0935
2002-06-21,44003,Kent,25.794,11.3703,62.6993,3.5709
2002-06-22,44003,Kent,27.5011,13.575,67.0402,3.8782
2002-06-23,44003,Kent,26.2405,17.5558,67.6796,4.1457
2002-06-24,44003,Kent,28.5538,15.8696,56.4128,3.483
2002-06-25,44003,Kent,26.961,13.7401,52.1614,2.0107
2002-06-26,44003,Kent,31.2589,15.8829,69.1582,4.1968
2002-06-27,44003,Kent,30.5223,19.4175,68.36,5.2857
2002-06-28,44003,Kent,28.423,19.5307,65.1008,3.1293
2002-06-29,44003,Kent,28.5546,16.5379,57.3743,1.7985
2002-06-30,44003,Kent,26.9757,15.2277,63.3524,2.6176
2002-07-01,44003,Kent,28.6527,17.7789,67.3021,4.716
2002-07-02,44003,Kent,32.113,19.3261,69.1348,3.7572
2002-07-03,44003,Kent,35.09,23.142,63.8539,2.3442
2002-07-04,44003,Kent,34.881,23.6124,61.6329,2.5192
2002-07-05,44003,Kent,28.6507,16.8685,59.4386,3.6713
2002-07-06,44003,Kent,26.9534,15.4172,56.0014,2.4312
2002-07-07,44003,Kent,29.0957,14.9154,56.4034,2.7081
2002-07-08,44003,Kent,30.0324,17.1714,58.4137,3.5109
2002-07-09,44003,Kent,30.0296,19.7065,66.9301,4.1949
2002-07-10,44003,Kent,26.162,12.2521,60.9085,3.607
2002-07-11,44003,Kent,21.9708,9.6734,53.6636,3.1171
2002-07-12,44003,Kent,25.3314,10.7873,54.7567,2.4783
2002-07-13,44003,Kent,27.4874,14.7591,63.1897,3.8243
2002-07-14,44003,Kent,28.0473,16.5137,61.4727,3.1401
2002-07-15,44003,Kent,29.711,18.0447,62.8563,3.4969
2002-07-16,44003,Kent,25.6904,16.1889,53.67,3.492
2002-07-17,44003,Kent,27.8743,13.0151,59.5224,2.471
2002-07-18,44003,Kent,33.7401,19.1539,59.984,2.3907
2002-07-19,44003,Kent,29.3405,20.8522,67.7572,1.2457
2002-07-20,44003,Kent,26.9567,17.5811,66.1083,1.9624
2002-07-21,44003,Kent,27.7458,16.0905,62.5191,2.8359
2002-07-22,44003,Kent,28.7158,17.1425,65.4512,4.7348
2002-07-23,44003,Kent,31.3511,20.6851,65.7797,4.4573
2002-07-24,44003,Kent,23.1543,13.261,67.5931,4.1773
2002-07-25,44003,Kent,24.2247,11.6245,55.9341,2.7444
2002-07-26,44003,Kent,24.4926,11.5581,60.087,2.4517
2002-07-27,44003,Kent,25.4275,16.8553,65.4555,2.4783
2002-07-28,44003,Kent,27.1531,18.9055,72.3079,2.7472
2002-07-29,44003,Kent,34.7646,21.1924,57.82,2.9689
2002-07-30,44003,Kent,34.6488,21.2472,53.1579,3.1574
2002-07-31,44003,Kent,30.7981,17.9817,54.9402,2.3619
2002-08-01,44003,Kent,31.7335,18.77,58.6816,1.9046
2002-08-02,44003,Kent,28.7105,18.826,72.3942,2.774
2002-08-03,44003,Kent,30.9559,20.0709,69.7118,2.0979
2002-08-04,44003,Kent,30.742,20.538,66.1211,2.3141
2002-08-05,44003,Kent,31.4434,21.1156,68.8957,4.0838
2002-08-06,44003,Kent,23.2926,12.7202,66.6706,4.5823
2002-08-07,44003,Kent,22.8933,11.7768,60.933,2.7722
2002-08-08,44003,Kent,24.8971,12.5621,53.2522,1.9234
2002-08-09,44003,Kent,26.6771,12.144,48.1346,1.9666
2002-08-10,44003,Kent,29.0333,14.2874,53.3695,3.0505
2002-08-11,44003,Kent,30.1722,16.3553,58.7868,3.386
2002-08-12,44003,Kent,32.2548,16.3323,57.8187,3.1059
2002-08-13,44003,Kent,34.6021,18.5207,53.3782,2.677
2002-08-14,44003,Kent,35.5812,20.0894,54.8207,3.81
2002-08-15,44003,Kent,32.3598,19.7911,64.1088,4.7226
2002-08-16,44003,Kent,32.2423,20.7935,66.0916,4.1497
2002-08-17,44003,Kent,34.0069,21.4457,56.0782,2.6768
2002-08-18,44003,Kent,32.5881,20.6791,60.6114,2.9625
2002-08-19,44003,Kent,33.7576,20.0384,54.2738,2.2141
2002-08-20,44003,Kent,26.4514,18.2966,69.999,2.2951
2002-08-21,44003,Kent,26.4967,15.8196,56.9274,2.2944
2002-08-22,44003,Kent,26.9569,14.7401,70.0536,3.78
2002-08-23,44003,Kent,23.1896,14.9655,78.2803,3.6637
2002-08-24,44003,Kent,19.672,13.36,86.8227,1.8965
2002-08-25,44003,Kent,26.234,14.3984,65.7188,1.8406
2002-08-26,44003,Kent,28.1351,15.8758,62.7033,2.4186
2002-08-27,44003,Kent,28.7957,17.1788,55.5828,2.4294
2002-08-28,44003,Kent,23.2606,15.6144,56.0507,4.2572
2002-08-29,44003,Kent,19.4548,14.383,91.0398,4.7809
2002-08-30,44003,Kent,21.3832,12.4008,84.9318,2.0932
2002-08-31,44003,Kent,23.0349,11.6455,69.7777,4.4839
2002-09-01,44003,Kent,18.1745,11.0577,87.603,4.1067
2002-09-02,44003,Kent,22.5046,15.3627,81.5449,4.2337
2002-09-03,44003,Kent,25.1672,15.086,77.9038,1.4269
2002-09-04,44003,Kent,28.3449,17.4636,71.5927,3.3314
2002-09-05,44003,Kent,24.043,13.4557,60.8956,3.5899
2002-09-06,44003,Kent,23.8625,9.8998,50.5795,2.2013
2002-09-07,44003,Kent,26.1798,11.1715,57.4834,1.9405
2002-09-08,44003,Kent,27.1117,12.7614,61.9531,3.0975
2002-09-09,44003,Kent,30.2889,14.539,61.0109,2.6378
2002-09-10,44003,Kent,28.6795,16.5021,68.2564,3.5219
2002-09-11,44003,Kent,26.7164,10.7652,64.8965,5.8804
2002-09-12,44003,Kent,19.6711,7.8508,49.2015,4.0931
2002-09-13,44003,Kent,25.5218,7.1765,58.8239,4.4506
2002-09-14,44003,Kent,27.1579,13.2333,68.9886,3.7152
2002-09-15,44003,Kent,24.228,17.9761,82.1782,4.719
2002-09-16,44003,Kent,24.285,18.6005,79.5083,3.4474
2002-09-17,44003,Kent,24.6033,13.7897,71.6081,1.7529
2002-09-18,44003,Kent,23.9392,12.0337,61.9896,1.9014
2002-09-19,44003,Kent,24.2208,12.6157,65.0255,2.6929
2002-09-20,44003,Kent,25.2582,12.642,73.1195,3.6877
2002-09-21,44003,Kent,26.2854,14.7283,76.6307,3.5698
2002-09-22,44003,Kent,25.0848,16.9638,81.3254,3.2633
2002-09-23,44003,Kent,25.8521,16.8015,75.6351,2.0721
2002-09-24,44003,Kent,21.8439,15.0449,77.9274,3.1572
2002-09-25,44003,Kent,21.4992,12.4,69.3237,3.2244
2002-09-26,44003,Kent,17.8489,11.8487,81.8769,3.4291
2002-09-27,44003,Kent,21.3577,13.907,87.2021,4.0747
2002-09-28,44003,Kent,22.9821,11.3168,74.1011,4.862
2002-09-29,44003,Kent,18.1737,8.0757,56.1709,1.5574
2002-09-30,44003,Kent,20.5613,7.4774,73.695,3.5367
2002-10-01,44003,Kent,24.842,12.7321,65.1352,4.7922
2002-10-02,44003,Kent,27.3957,15.2459,64.6159,3.9494
2002-10-03,44003,Kent,23.8548,11.3748,65.3388,4.0219
2002-10-04,44003,Kent,18.7788,10.2721,75.64,4.3231
2002-10-05,44003,Kent,26.7779,13.1645,64.061,5.4068
2002-10-06,44003,Kent,17.819,7.7655,57.5378,3.8431
2002-10-07,44003,Kent,21.877,7.8505,68.0772,3.9166
2002-10-08,44003,Kent,14.2639,3.9583,50.2971,3.177
2002-10-09,44003,Kent,14.9459,3.2557,58.5256,2.7085
2002-10-10,44003,Kent,16.6531,6.7668,65.2631,2.4402
2002-10-11,44003,Kent,16.1612,9.2408,76.9717,4.6999
2002-10-12,44003,Kent,15.8461,10.8798,76.1798,7.1607
2002-10-13,44003,Kent,17.1427,10.5556,76.9052,3.2891
2002-10-14,44003,Kent,15.525,1.0531,50.4346,4.7017
2002-10-15,44003,Kent,12.3589,-0.7007,62.9689,2.7747
2002-10-16,44003,Kent,14.8697,6.1533,82.133,6.8618
2002-10-17,44003,Kent,16.3488,8.2612,64.1469,3.4478
2002-10-18,44003,Kent,12.9043,2.8519,58.9642,3.6398
2002-10-19,44003,Kent,15.2447,2.3774,72.0989,6.424
2002-10-20,44003,Kent,14.1789,3.805,55.8749,3.9927
2002-10-21,44003,Kent,12.1964,1.4207,51.2291,2.9104
2002-10-22,44003,Kent,10.3577,-0.8608,50.557,1.7569
2002-10-23,44003,Kent,8.7068,-1.9429,68.9035,2.8881
2002-10-24,44003,Kent,8.8176,-3.4171,54.3377,2.0618
2002-10-25,44003,Kent,8.2925,0.0145,60.4813,2.7312
2002-10-26,44003,Kent,13.6933,3.4635,79.775,5.0411
2002-10-27,44003,Kent,12.7331,5.7314,61.5843,4.2109
2002-10-28,44003,Kent,10.2494,3.3496,53.6063,3.8431
2002-10-29,44003,Kent,7.1844,0.3863,50.4768,4.0373
2002-10-30,44003,Kent,4.8791,0.4273,56.2166,4.4501
2002-10-31,44003,Kent,8.2416,-0.1432,51.2536,2.6266
2002-11-01,44003,Kent,8.4085,1.2139,52.5439,4.8823
2002-11-02,44003,Kent,3.2938,-3.5721,49.081,5.447
2002-11-03,44003,Kent,5.0878,-2.8543,45.5503,2.3823
2002-11-04,44003,Kent,8.1303,-1.118,60.6823,2.0555
2002-11-05,44003,Kent,9.118,0.3864,63.586,3.6874
2002-11-06,44003,Kent,12.1701,3.0371,72.1419,5.8649
2002-11-07,44003,Kent,5.7642,-3.8943,52.8347,5.4603
2002-11-08,44003,Kent,11.3198,-3.1421,66.6141,6.5718
2002-11-09,44003,Kent,15.5514,5.6305,67.0544,5.0122
2002-11-10,44003,Kent,18.4467,8.7718,72.3667,5.4614
2002-11-11,44003,Kent,19.849,12.4042,71.9586,5.0558
2002-11-12,44003,Kent,15.6819,6.7614,68.2467,3.5476
2002-11-13,44003,Kent,10.6997,4.574,71.3281,4.8247
2002-11-14,44003,Kent,9.5322,1.4256,63.954,3.5705
2002-11-15,44003,Kent,14.2675,4.1734,64.4278,4.0511
2002-11-16,44003,Kent,8.5023,1.6787,71.763,6.6629
2002-11-17,44003,Kent,10.5242,2.6566,75.4537,4.1753
2002-11-18,44003,Kent,6.3744,0.0035,61.7298,6.5409
2002-11-19,44003,Kent,8.0422,-2.1961,69.1317,2.4572
2002-11-20,44003,Kent,12.2109,2.934,60.5933,2.2208
2002-11-21,44003,Kent,11.371,1.5319,77.1267,2.3085
2002-11-22,44003,Kent,13.5571,7.0033,72.029,3.106
2002-11-23,44003,Kent,9.5294,-2.6863,56.6555,7.8584
2002-11-24,44003,Kent,7.2324,-2.7519,59.3516,5.9424
2002-11-25,44003,Kent,9.1547,-0.6207,63.2119,2.4115
2002-11-26,44003,Kent,7.234,-0.9491,64.1307,3.0361
2002-11-27,44003,Kent,2.4607,-7.6516,75.1419,5.0217
2002-11-28,44003,Kent,-1.4865,-10.9321,64.9772,5.3278
2002-11-29,44003,Kent,3.2928,-4.4932,68.4926,6.071
2002-11-30,44003,Kent,9.8151,0.9119,59.3362,4.6633
2002-12-01,44003,Kent,4.6884,-7.3611,48.8623,7.6024
2002-12-02,44003,Kent,4.0743,-7.2646,64.0056,4.5704
2002-12-03,44003,Kent,2.5129,-10.2228,45.3523,6.3874
2002-12-04,44003,Kent,-1.7325,-10.7095,58.6306,4.4838
2002-12-05,44003,Kent,0.2386,-7.8277,66.2523,3.8082
2002-12-06,44003,Kent,1.6003,-6.5439,66.0696,2.7034
2002-12-07,44003,Kent,2.0358,-6.8416,65.1298,5.4315
2002-12-08,44003,Kent,3.886,-3.463,60.1193,5.2938
2002-12-09,44003,Kent,-0.1054,-10.0068,45.7284,3.5242
2002-12-10,44003,Kent,3.3764,-6.7177,59.4943,2.7718
2002-12-11,44003,Kent,4.1161,-4.9424,68.8435,5.8659
2002-12-12,44003,Kent,4.1763,-2.3443,67.9031,4.4402
2002-12-13,44003,Kent,4.8775,-2.3765,69.511,2.447
2002-12-14,44003,Kent,10.3235,0.4157,58.902,4.3468
2002-12-15,44003,Kent,6.9438,-0.7325,58.9689,4.5387
2002-12-16,44003,Kent,4.6191,-4.5043,67.488,3.8969
2002-12-17,44003,Kent,-1.0642,-8.2351,58.1732,4.6408
2002-12-18,44003,Kent,1.7336,-9.0698,55.9988,2.5518
2002-12-19,44003,Kent,4.8719,-5.8372,66.9006,3.8049
2002-12-20,44003,Kent,13.3832,0.887,73.1712,5.6404
2002-12-21,44003,Kent,7.9221,0.7069,54.3464,6.7958
2002-12-22,44003,Kent,8.7812,-0.9327,54.7239,5.395
2002-12-23,44003,Kent,5.4602,-1.2229,54.3241,6.1645
2002-12-24,44003,Kent,3.863,-2.5696,43.3477,4.4458
2002-12-25,44003,Kent,4.2245,-2.187,63.7717,8.2204
2002-12-26,44003,Kent,2.1361,-5.7136,58.8953,7.423
2002-12-27,44003,Kent,0.4826,-8.0027,62.4762,3.2452
2002-12-28,44003,Kent,1.3238,-5.8691,66.0787,3.0904
2002-12-29,44003,Kent,3.0134,-3.8707,74.2809,4.4347
2002-12-30,44003,Kent,1.1054,-6.6302,60.4345,2.6002
2002-12-31,44003,Kent,4.6425,-2.3915,73.0775,3.2841
2003-01-01,44003,Kent,5.5484,0.8508,56.485,4.4455
2003-01-02,44003,Kent,3.027,-5.1931,51.8353,6.7892
2003-01-03,44003,Kent,3.2066,-4.3855,64.1055,6.8857
2003-01-04,44003,Kent,3.3852,-2.5907,59.9667,5.4261
2003-01-05,44003,Kent,0.2162,-5.6142,59.76,1.7249
2003-01-06,44003,Kent,1.834,-2.1399,60.5959,1.8707
2003-01-07,44003,Kent,-0.1064,-8.8767,58.6291,4.8315
2003-01-08,44003,Kent,2.2029,-7.1803,68.6517,5.014
2003-01-09,44003,Kent,4.3425,-0.2067,58.1279,3.9223
2003-01-10,44003,Kent,3.361,-8.1083,58.3377,3.7517
2003-01-11,44003,Kent,-1.4181,-7.4568,49.1769,6.0454
2003-01-12,44003,Kent,0.045,-7.3555,50.6984,5.2185
2003-01-13,44003,Kent,2.0253,-6.4475,50.0796,6.2275
2003-01-14,44003,Kent,-4.5703,-10.0466,47.292,4.671
2003-01-15,44003,Kent,-3.4341,-9.6126,50.6582,3.9591
2003-01-16,44003,Kent,-2.7043,-9.0058,52.344,4.5243
2003-01-17,44003,Kent,-0.5972,-9.9137,56.6631,4.2015
2003-01-18,44003,Kent,-7.4648,-15.2132,50.3494,2.6441
2003-01-19,44003,Kent,-2.0033,-10.9708,51.8567,3.4223
2003-01-20,44003,Kent,-1.4648,-11.0092,49.1083,7.2762
2003-01-21,44003,Kent,-6.7997,-14.2061,44.2861,6.7636
2003-01-22,44003,Kent,-9.6959,-16.4118,43.6804,7.9209
2003-01-23,44003,Kent,-10.3671,-17.9292,49.7594,5.3468
2003-01-24,44003,Kent,-6.1247,-14.5756,47.6187,6.1105
2003-01-25,44003,Kent,-2.0969,-13.2578,53.5599,4.0461
2003-01-26,44003,Kent,2.2013,-6.1196,57.9166,2.9063
2003-01-27,44003,Kent,-0.0069,-19.0496,41.7074,6.0547
2003-01-28,44003,Kent,-5.8612,-20.4824,48.328,3.7906
2003-01-29,44003,Kent,1.2304,-11.0823,60.5975,2.0076
2003-01-30,44003,Kent,0.7957,-8.1686,56.3256,2.8648
2003-01-31,44003,Kent,2.3553,-5.7778,66.4344,5.0315
2003-02-01,44003,Kent,2.1445,-1.9435,64.082,4.2798
2003-02-02,44003,Kent,3.3216,-1.8309,59.8565,6.7393
2003-02-03,44003,Kent,4.2785,-3.3172,54.6497,3.7004
2003-02-04,44003,Kent,6.9737,-1.5101,58.28,5.7394
2003-02-05,44003,Kent,1.714,-8.1026,41.9297,6.824
2003-02-06,44003,Kent,-0.7763,-9.6248,52.1792,3.2916
2003-02-07,44003,Kent,0.6483,-6.2877,62.4695,3.438
2003-02-08,44003,Kent,-1.5926,-11.8489,52.5207,5.086
2003-02-09,44003,Kent,1.3474,-8.6372,52.71,4.9232
2003-02-10,44003,Kent,2.8628,-5.9067,61.8983,2.3497
2003-02-11,44003,Kent,1.4697,-8.298,45.991,5.008
2003-02-12,44003,Kent,1.5374,-10.5891,52.7914,6.2438
2003-02-13,44003,Kent,-5.8209,-11.8745,44.6075,6.1177
2003-02-14,44003,Kent,-4.853,-13.2877,47.6055,5.0673
2003-02-15,44003,Kent,-6.3693,-17.5078,47.8985,5.0483
2003-02-16,44003,Kent,-7.4159,-19.3778,50.0185,5.259
2003-02-17,44003,Kent,-0.0458,-12.4962,64.0843,8.315
2003-02-18,44003,Kent,-0.2508,-5.2935,60.1309,3.7931
2003-02-19,44003,Kent,2.2307,-5.5212,62.8548,3.2223
2003-02-20,44003,Kent,3.0862,-7.0926,59.3972,3.2224
2003-02-21,44003,Kent,4.054,-7.2286,58.1794,2.8643
2003-02-22,44003,Kent,3.8058,-1.6243,65.2347,2.6266
2003-02-23,44003,Kent,8.6206,-4.253,57.6665,5.5461
2003-02-24,44003,Kent,1.4293,-7.5505,56.3353,4.4116
2003-02-25,44003,Kent,-0.0663,-12.4495,44.4886,5.3287
2003-02-26,44003,Kent,-4.3179,-15.5425,46.2037,2.2714
2003-02-27,44003,Kent,-0.5291,-11.1998,57.2961,3.2109
2003-02-28,44003,Kent,2.549,-5.6582,51.2513,3.6623
2003-03-01,44003,Kent,3.7425,-6.0364,64.5036,2.1188
2003-03-02,44003,Kent,6.0443,-0.8204,67.5481,3.937
2003-03-03,44003,Kent,3.6882,-16.4038,37.4342,6.1184
2003-03-04,44003,Kent,1.944,-17.1571,59.4404,3.8512
2003-03-05,44003,Kent,5.3392,-3.1417,73.7012,3.277
2003-03-06,44003,Kent,3.8826,-7.4122,63.6527,4.2336
2003-03-07,44003,Kent,-0.0021,-11.9064,58.1784,2.8697
2003-03-08,44003,Kent,5.7947,-5.1545,60.6781,3.1329
2003-03-09,44003,Kent,8.4119,-5.0392,52.6971,6.0537
2003-03-10,44003,Kent,-1.7537,-12.3176,31.9729,5.002
2003-03-11,44003,Kent,1.7615,-12.9099,58.8,4.6216
2003-03-12,44003,Kent,6.4339,-3.4417,62.5426,3.9909
2003-03-13,44003,Kent,5.071,-3.2156,61.547,3.074
2003-03-14,44003,Kent,0.4473,-9.5222,53.1002,4.4461
2003-03-15,44003,Kent,5.7442,-4.1962,56.6968,3.1203
2003-03-16,44003,Kent,10.7675,-3.0436,57.9311,2.4665
2003-03-17,44003,Kent,19.6514,1.2397,55.2056,1.4676
2003-03-18,44003,Kent,14.0517,1.3907,53.6784,3.6932
2003-03-19,44003,Kent,5.1382,-3.9108,45.8456,4.0544
2003-03-20,44003,Kent,8.2198,-4.0027,64.2468,3.6459
2003-03-21,44003,Kent,19.4322,4.4806,60.9173,4.1744
2003-03-22,44003,Kent,21.0894,6.4325,50.3592,2.6601
2003-03-23,44003,Kent,14.1267,3.5157,43.7949,3.4245
2003-03-24,44003,Kent,13.3984,2.1703,45.8021,1.0567
2003-03-25,44003,Kent,12.085,-0.3938,54.6692,3.8175
2003-03-26,44003,Kent,17.1536,1.1026,58.5648,3.3091
2003-03-27,44003,Kent,16.3447,3.8759,41.1694,2.8525
2003-03-28,44003,Kent,15.9515,2.571,42.5588,2.9285
2003-03-29,44003,Kent,20.2393,3.6876,64.7368,5.0871
2003-03-30,44003,Kent,14.9229,1.7046,68.9848,3.036
2003-03-31,44003,Kent,4.3837,-3.147,48.2314,6.101
2003-04-01,44003,Kent,5.1994,-3.9286,54.6622,3.7147
2003-04-02,44003,Kent,11.3523,-0.2571,59.4955,1.731
2003-04-03,44003,Kent,9.5315,3.0656,64.6097,3.0169
2003-04-04,44003,Kent,5.3279,-0.7771,65.0572,5.7983
2003-04-05,44003,Kent,5.3472,-0.9073,70.5761,3.4532
2003-04-06,44003,Kent,6.8172,-1.8738,44.5209,4.8436
2003-04-07,44003,Kent,4.4177,-2.1769,46.4872,5.3698
2003-04-08,44003,Kent,4.2775,-1.4162,65.1809,5.2024
2003-04-09,44003,Kent,5.4463,-0.6755,65.0268,4.6404
2003-04-10,44003,Kent,11.3011,-0.8286,49.6565,4.013
2003-04-11,44003,Kent,9.3778,0.0814,68.397,5.7573
2003-04-12,44003,Kent,13.9548,4.032,58.7756,4.4672
2003-04-13,44003,Kent,12.9613,3.1064,46.0207,2.5414
2003-04-14,44003,Kent,13.1579,1.0322,40.7554,3.3461
2003-04-15,44003,Kent,19.6412,4.1852,55.1609,6.7298
2003-04-16,44003,Kent,26.2451,7.4083,43.6747,5.4482
2003-04-17,44003,Kent,8.6528,-1.4425,34.5748,6.3167
2003-04-18,44003,Kent,9.8993,-0.9425,54.8494,4.352
2003-04-19,44003,Kent,15.6688,0.6097,52.0832,4.1798
2003-04-20,44003,Kent,18.4636,1.8696,44.6215,3.1814
2003-04-21,44003,Kent,17.8129,3.5132,46.102,2.1669
2003-04-22,44003,Kent,12.8512,6.3621,68.9276,1.9164
2003-04-23,44003,Kent,12.9372,3.9308,62.1001,4.2475
2003-04-24,44003,Kent,11.0259,1.9694,47.9451,4.9748
2003-04-25,44003,Kent,15.2685,0.1955,46.1633,2.8057
2003-04-26,44003,Kent,13.0177,5.2135,74.8044,4.6259
2003-04-27,44003,Kent,19.9749,6.9405,51.3883,3.0767
2003-04-28,44003,Kent,21.9399,6.3206,47.8724,4.2057
2003-04-29,44003,Kent,25.213,7.1247,45.1377,3.8092
2003-04-30,44003,Kent,16.2376,5.2341,46.5975,2.4041
2003-05-01,44003,Kent,18.013,4.2959,70.9359,3.8826
2003-05-02,44003,Kent,21.7211,10.1888,69.9137,3.6015
2003-05-03,44003,Kent,15.6168,6.2372,53.7757,3.9279
2003-05-04,44003,Kent,16.6358,3.8854,43.9987,1.6964
2003-05-05,44003,Kent,18.1935,4.6396,43.9822,1.8999
2003-05-06,44003,Kent,14.4493,6.8443,74.5207,2.4511
2003-05-07,44003,Kent,23.6992,7.797,60.5202,2.4665
2003-05-08,44003,Kent,14.4669,9.268,74.8023,2.9041
2003-05-09,44003,Kent,20.048,8.3215,61.0666,1.7232
2003-05-10,44003,Kent,20.6685,7.4904,56.3083,2.0611
2003-05-11,44003,Kent,16.5402,8.0855,63.0793,3.9001
2003-05-12,44003,Kent,19.6917,7.1601,59.8888,3.641
2003-05-13,44003,Kent,15.0227,8.5201,64.5886,4.0096
2003-05-14,44003,Kent,17.8185,7.258,61.496,2.2571
2003-05-15,44003,Kent,17.0242,8.2371,62.7561,2.9552
2003-05-16,44003,Kent,12.7749,5.2096,66.1581,5.2418
2003-05-17,44003,Kent,13.8668,3.0484,61.8785,3.8826
2003-05-18,44003,Kent,19.2939,0.4798,44.5074,1.9042
2003-05-19,44003,Kent,24.3307,4.9385,42.2751,1.36
2003-05-20,44003,Kent,23.9643,8.2716,48.1836,2.4011
2003-05-21,44003,Kent,18.8332,7.6889,70.1916,2.1562
2003-05-22,44003,Kent,14.2011,9.1619,75.1811,3.5669
2003-05-23,44003,Kent,14.4187,8.9936,74.4361,3.6053
2003-05-24,44003,Kent,14.775,8.969,75.6706,4.6699
2003-05-25,44003,Kent,20.1313,9.377,66.2083,1.8815
2003-05-26,44003,Kent,13.1823,3.8633,81.4801,4.2782
2003-05-27,44003,Kent,17.1767,6.4576,75.5772,2.1987
2003-05-28,44003,Kent,18.6714,10.7433,68.8292,2.8135
2003-05-29,44003,Kent,21.1889,10.2301,66.1311,4.2312
2003-05-30,44003,Kent,23.32,10.4296,62.2263,2.5472
2003-05-31,44003,Kent,22.8464,13.0765,64.1495,2.53
2003-06-01,44003,Kent,18.7023,12.3026,74.0091,6.1297
2003-06-02,44003,Kent,19.817,9.267,54.0667,4.1691
2003-06-03,44003,Kent,20.9233,8.1426,57.3376,3.4636
2003-06-04,44003,Kent,14.9087,10.651,79.1321,2.9523
2003-06-05,44003,Kent,19.6192,11.7657,77.8098,2.0664
2003-06-06,44003,Kent,23.5158,12.646,62.1153,3.5143
2003-06-07,44003,Kent,20.4268,12.3665,72.4218,2.6178
2003-06-08,44003,Kent,22.028,12.9203,70.2209,2.4678
2003-06-09,44003,Kent,21.6204,11.0949,73.0099,2.9024
2003-06-10,44003,Kent,23.1871,13.4498,61.7178,2.8632
2003-06-11,44003,Kent,23.7794,12.4464,77.508,4.0056
2003-06-12,44003,Kent,24.5638,17.4682,72.4163,1.9764
2003-06-13,44003,Kent,18.6863,13.9295,80.3374,3.3405
2003-06-14,44003,Kent,25.5131,13.8391,68.954,1.882
2003-06-15,44003,Kent,24.5552,14.691,64.9381,1.9577
2003-06-16,44003,Kent,18.4026,8.5152,68.7649,3.0272
2003-06-17,44003,Kent,18.5165,6.8892,71.9123,2.7716
2003-06-18,44003,Kent,19.1239,9.5228,86.542,2.9611
2003-06-19,44003,Kent,24.1883,15.8764,74.4764,2.2481
2003-06-20,44003,Kent,21.9184,14.09,74.8313,2.8999
2003-06-21,44003,Kent,20.2321,13.0885,72.6331,3.2142
2003-06-22,44003,Kent,17.7619,8.0008,83.5386,2.3093
2003-06-23,44003,Kent,24.6574,13.9738,69.916,1.4066
2003-06-24,44003,Kent,28.5105,14.9462,67.9499,1.6346
2003-06-25,44003,Kent,30.6814,16.7999,66.3038,2.2659
2003-06-26,44003,Kent,31.7157,20.4982,64.4098,1.7038
2003-06-27,44003,Kent,31.1267,19.9753,68.9685,2.6249
2003-06-28,44003,Kent,27.1673,17.3108,60.3405,2.3229
2003-06-29,44003,Kent,26.1681,15.6687,65.7459,2.7149
2003-06-30,44003,Kent,28.8564,16.4283,69.8059,3.4954
2003-07-01,44003,Kent,26.3582,14.7098,59.1171,2.1343
2003-07-02,44003,Kent,27.8567,13.6889,63.6128,2.3325
2003-07-03,44003,Kent,25.7207,15.8804,73.1921,2.7203
2003-07-04,44003,Kent,29.3994,17.9676,74.0334,2.8199
2003-07-05,44003,Kent,31.5571,20.4967,71.0264,3.708
2003-07-06,44003,Kent,30.9601,20.4943,63.4619,2.7159
2003-07-07,44003,Kent,29.6087,19.4973,64.952,1.853
2003-07-08,44003,Kent,31.1584,18.8636,71.4887,2.7434
2003-07-09,44003,Kent,27.2926,16.3188,67.4266,2.1691
2003-07-10,44003,Kent,23.4204,14.931,71.9667,2.9939
2003-07-11,44003,Kent,26.8173,15.4562,77.1041,2.9623
2003-07-12,44003,Kent,26.8926,18.4833,69.4665,4.1825
2003-07-13,44003,Kent,26.9981,17.0054,65.0387,2.7793
2003-07-14,44003,Kent,25.7417,16.1378,67.7814,1.6577
2003-07-15,44003,Kent,26.3361,15.1314,70.2386,1.4922
2003-07-16,44003,Kent,25.2839,13.809,83.2093,3.3975
2003-07-17,44003,Kent,28.603,18.3826,67.1309,2.4817
2003-07-18,44003,Kent,27.7909,16.0899,69.6925,2.99
2003-07-19,44003,Kent,27.2705,17.0842,64.8604,1.6046
2003-07-20,44003,Kent,27.1081,15.0356,60.8966,2.2805
2003-07-21,44003,Kent,26.302,16.1688,75.5418,4.8281
2003-07-22,44003,Kent,27.0968,19.1089,77.035,4.4909
2003-07-23,44003,Kent,26.6262,19.5186,76.4556,4.9395
2003-07-24,44003,Kent,26.389,18.3478,77.4219,4.8339
2003-07-25,44003,Kent,28.0409,18.2552,66.5274,3.5357
2003-07-26,44003,Kent,28.7961,16.831,66.6038,4.0811
2003-07-27,44003,Kent,29.1251,18.5398,74.3668,5.3478
2003-07-28,44003,Kent,27.4645,18.0737,64.5854,2.9798
2003-07-29,44003,Kent,25.3789,15.6181,64.1978,1.5557
2003-07-30,44003,Kent,25.9274,14.3715,67.2048,1.6627
2003-07-31,44003,Kent,26.1387,13.0161,68.9707,2.5922
2003-08-01,44003,Kent,25.6118,15.121,80.2749,2.5302
2003-08-02,44003,Kent,27.6712,19.1271,77.6062,3.4666
2003-08-03,44003,Kent,27.6973,19.8977,76.5393,3.3449
2003-08-04,44003,Kent,26.4783,19.5267,79.1104,2.9982
2003-08-05,44003,Kent,27.3924,20.0742,75.9905,3.316
2003-08-06,44003,Kent,26.4911,19.4729,75.6787,3.4822
2003-08-07,44003,Kent,27.5009,19.5804,77.2474,2.6172
2003-08-08,44003,Kent,27.3386,18.7619,80.0346,2.6125
2003-08-09,44003,Kent,27.5086,21.022,77.1225,3.2464
2003-08-10,44003,Kent,27.3929,21.3464,76.3856,4.6533
2003-08-11,44003,Kent,28.4429,20.6595,73.2103,3.3013
2003-08-12,44003,Kent,27.6301,20.0,76.7435,1.9735
2003-08-13,44003,Kent,29.6784,21.2302,71.0251,2.8673
2003-08-14,44003,Kent,31.4749,20.8288,62.5854,2.4832
2003-08-15,44003,Kent,30.4812,20.2157,63.9209,1.9023
2003-08-16,44003,Kent,30.5583,19.6283,69.818,3.5254
2003-08-17,44003,Kent,25.4225,18.0683,74.6651,2.0302
2003-08-18,44003,Kent,24.7617,17.3455,70.009,1.498
2003-08-19,44003,Kent,27.7974,17.7863,68.4645,3.1765
2003-08-20,44003,Kent,30.4626,18.2239,65.3129,2.9198
2003-08-21,44003,Kent,30.415,18.6613,70.6362,2.9875
2003-08-22,44003,Kent,31.3876,20.9665,74.5658,3.9577
2003-08-23,44003,Kent,27.3969,12.8105,61.9598,3.9077
2003-08-24,44003,Kent,21.9866,9.664,53.0227,3.55
2003-08-25,44003,Kent,23.7792,12.5843,72.4695,2.7383
2003-08-26,44003,Kent,27.719,17.0938,65.1558,2.0195
2003-08-27,44003,Kent,29.855,18.1457,59.7936,3.5047
2003-08-28,44003,Kent,25.1483,15.4143,53.9579,2.0349
2003-08-29,44003,Kent,25.7008,13.6721,74.629,3.6877
2003-08-30,44003,Kent,28.9874,18.7233,67.8644,2.9677
2003-08-31,44003,Kent,22.1315,12.108,63.6111,2.1338
2003-09-01,44003,Kent,19.161,12.1315,82.7922,1.8578
2003-09-02,44003,Kent,17.294,13.0859,84.8982,4.588
2003-09-03,44003,Kent,19.5095,12.878,83.8652,3.4107
2003-09-04,44003,Kent,25.1002,15.8822,82.578,3.0007
2003-09-05,44003,Kent,25.5203,15.9488,69.1874,1.8567
2003-09-06,44003,Kent,22.7839,13.7394,65.0319,2.1151
2003-09-07,44003,Kent,25.1118,13.2518,65.6294,2.5193
2003-09-08,44003,Kent,22.5347,13.7713,71.0282,2.6414
2003-09-09,44003,Kent,20.0063,8.3303,67.5978,3.9454
2003-09-10,44003,Kent,21.3953,6.2985,62.021,1.9768
2003-09-11,44003,Kent,24.3238,10.7932,63.4051,3.0145
2003-09-12,44003,Kent,21.1692,10.4421,68.4507,3.795
2003-09-13,44003,Kent,24.3083,12.4586,81.1225,3.731
2003-09-14,44003,Kent,25.9289,16.4761,77.1674,2.1612
2003-09-15,44003,Kent,26.0834,16.9435,77.6308,2.7797
2003-09-16,44003,Kent,25.7529,14.9561,74.9475,2.3781
2003-09-17,44003,Kent,23.7574,12.2622,62.2151,3.4137
2003-09-18,44003,Kent,22.6503,11.9569,69.6396,5.4127
2003-09-19,44003,Kent,24.2465,13.8143,86.9305,4.9992
2003-09-20,44003,Kent,27.3437,17.813,71.7283,2.4942
2003-09-21,44003,Kent,24.8296,13.3775,70.7049,1.625
2003-09-22,44003,Kent,22.6762,11.8903,70.2098,2.3634
2003-09-23,44003,Kent,23.1816,13.8685,80.2216,4.7493
2003-09-24,44003,Kent,21.4027,10.9141,63.2846,2.5887
2003-09-25,44003,Kent,23.2671,11.0221,74.2566,3.3653
2003-09-26,44003,Kent,23.8244,14.0249,74.5796,2.0487
2003-09-27,44003,Kent,24.0393,13.912,78.8195,3.3537
2003-09-28,44003,Kent,23.1516,14.4359,80.5062,2.8411
2003-09-29,44003,Kent,21.1771,9.4908,68.2168,3.4029
2003-09-30,44003,Kent,16.9467,5.5437,62.5944,2.8262
2003-10-01,44003,Kent,16.1689,4.7994,62.2409,1.7433
2003-10-02,44003,Kent,15.7993,2.9323,58.9144,3.8173
2003-10-03,44003,Kent,12.9363,0.0339,56.2853,3.3916
2003-10-04,44003,Kent,18.611,4.9065,72.9009,5.7429
2003-10-05,44003,Kent,13.6103,3.0599,56.0389,4.3851
2003-10-06,44003,Kent,12.767,0.8834,52.9608,3.0101
2003-10-07,44003,Kent,14.1224,0.1912,59.8473,2.9016
2003-10-08,44003,Kent,20.3777,7.5051,66.4782,3.9715
2003-10-09,44003,Kent,23.7959,9.6956,63.081,1.9693
2003-10-10,44003,Kent,22.1156,9.0032,65.7171,3.5058
2003-10-11,44003,Kent,21.085,8.0606,63.3116,4.2287
2003-10-12,44003,Kent,17.187,7.9918,82.836,3.6573
2003-10-13,44003,Kent,19.38,7.4949,57.3391,3.4341
2003-10-14,44003,Kent,18.1503,6.2109,65.1758,3.7103
2003-10-15,44003,Kent,18.341,5.9215,68.3393,8.8773
2003-10-16,44003,Kent,15.0641,4.0143,55.2459,5.309
2003-10-17,44003,Kent,13.6853,5.3854,56.3216,1.7757
2003-10-18,44003,Kent,11.7554,3.3247,61.3494,2.5677
2003-10-19,44003,Kent,9.8439,2.4765,65.8786,2.336
2003-10-20,44003,Kent,11.6665,0.2416,63.3449,3.2552
2003-10-21,44003,Kent,19.2546,5.648,75.4941,5.6424
2003-10-22,44003,Kent,12.0094,1.0979,69.5051,4.1033
2003-10-23,44003,Kent,5.3029,-0.7895,60.7181,5.4079
2003-10-24,44003,Kent,7.3266,-1.5872,54.9674,4.663
2003-10-25,44003,Kent,11.777,-2.673,68.3435,3.5388
2003-10-26,44003,Kent,17.5133,8.321,83.6651,5.8946
2003-10-27,44003,Kent,19.5389,11.5286,77.5097,6.6334
2003-10-28,44003,Kent,15.4834,7.4596,66.3889,2.2666
2003-10-29,44003,Kent,19.2712,7.7473,80.0114,6.4677
2003-10-30,44003,Kent,13.0794,4.0864,58.6502,3.8181
2003-10-31,44003,Kent,16.8832,5.1111,64.4085,3.2823
2003-11-01,44003,Kent,21.1769,8.896,60.5806,3.6792
2003-11-02,44003,Kent,18.1682,11.598,55.5781,1.5034
2003-11-03,44003,Kent,21.8023,10.8849,58.8429,2.33
2003-11-04,44003,Kent,13.6367,5.7888,64.1813,4.5376
2003-11-05,44003,Kent,17.9066,5.9889,72.6894,3.2299
2003-11-06,44003,Kent,18.8663,9.3343,61.7706,1.7745
2003-11-07,44003,Kent,14.9073,4.8335,56.2849,2.5964
2003-11-08,44003,Kent,7.2657,-4.6505,37.7792,5.5181
2003-11-09,44003,Kent,2.9931,-5.3381,38.2379,3.8214
2003-11-10,44003,Kent,6.9452,-4.3906,43.8786,2.8436
2003-11-11,44003,Kent,10.3795,-2.6463,63.9388,3.188
2003-11-12,44003,Kent,14.0916,7.1327,68.3637,2.2533
2003-11-13,44003,Kent,13.7063,1.0252,53.1679,9.3145
2003-11-14,44003,Kent,2.9781,-2.5211,44.043,9.5519
2003-11-15,44003,Kent,4.0452,-4.0423,41.9872,6.2705
2003-11-16,44003,Kent,5.289,-3.522,54.6125,2.6689
2003-11-17,44003,Kent,7.0559,0.9585,65.471,1.9359
2003-11-18,44003,Kent,11.4436,2.5222,60.1558,2.1656
2003-11-19,44003,Kent,14.9501,4.4576,74.7348,6.1246
2003-11-20,44003,Kent,13.9718,3.584,69.5696,5.5453
2003-11-21,44003,Kent,11.9953,2.1665,56.8569,3.6978
2003-11-22,44003,Kent,12.7545,1.287,51.3627,3.1799
2003-11-23,44003,Kent,10.4399,-1.1965,52.8744,2.3864
2003-11-24,44003,Kent,11.0265,-0.3114,62.5853,2.1345
2003-11-25,44003,Kent,8.9696,-1.561,57.9164,3.05
2003-11-26,44003,Kent,8.3078,-1.4955,57.4978,2.8174
2003-11-27,44003,Kent,11.3852,2.3709,56.0551,1.5707
2003-11-28,44003,Kent,14.3656,4.771,76.3983,4.7196
2003-11-29,44003,Kent,13.8755,0.1611,48.2955,9.5446
2003-11-30,44003,Kent,8.4655,0.0989,50.8703,5.7331
2003-12-01,44003,Kent,10.5849,-1.373,46.8623,6.4283
2003-12-02,44003,Kent,2.6304,-8.0713,32.8569,7.6494
2003-12-03,44003,Kent,-1.3984,-9.187,39.7494,6.0713
2003-12-04,44003,Kent,1.7504,-8.4702,61.0796,4.0954
2003-12-05,44003,Kent,0.6911,-5.3328,59.1303,5.5714
2003-12-06,44003,Kent,3.8555,-2.2891,65.1324,9.6397
2003-12-07,44003,Kent,1.8608,-5.6553,58.7221,8.1725
2003-12-08,44003,Kent,0.7859,-9.0814,57.4066,4.5567
2003-12-09,44003,Kent,1.2801,-9.219,65.0798,1.5317
2003-12-10,44003,Kent,4.9527,-3.0107,67.5237,3.2732
2003-12-11,44003,Kent,11.7902,2.1602,64.2558,7.1592
2003-12-12,44003,Kent,6.6485,-2.5484,47.5495,5.6709
2003-12-13,44003,Kent,1.0601,-6.698,48.1606,4.531
2003-12-14,44003,Kent,5.0325,-7.3225,59.3459,6.6206
2003-12-15,44003,Kent,6.0112,-4.6098,57.6998,6.9177
2003-12-16,44003,Kent,3.6382,-5.2926,61.8946,3.7917
2003-12-17,44003,Kent,11.2608,-0.403,69.6484,5.6203
2003-12-18,44003,Kent,7.3196,-2.2733,47.8732,7.3952
2003-12-19,44003,Kent,2.117,-5.0693,60.0428,2.76
2003-12-20,44003,Kent,2.967,-3.4616,55.9314,2.8081
2003-12-21,44003,Kent,2.6809,-5.9352,59.5449,5.3151
2003-12-22,44003,Kent,6.2104,-1.301,58.5523,4.5688
2003-12-23,44003,Kent,10.6661,0.7452,60.3311,3.6681
2003-12-24,44003,Kent,15.4243,3.8624,67.4128,5.1251
2003-12-25,44003,Kent,11.4442,0.711,64.0108,4.2431
2003-12-26,44003,Kent,5.1166,-1.8804,52.2986,6.5262
2003-12-27,44003,Kent,7.5203,-2.029,43.7857,3.6961
2003-12-28,44003,Kent,8.3121,-2.2255,41.1377,2.4887
2003-12-29,44003,Kent,9.5593,-1.349,48.6102,4.0021
2003-12-30,44003,Kent,12.1974,0.2053,55.0028,6.0797
2003-12-31,44003,Kent,5.6769,0.1981,51.2315,4.9226
2004-01-01,44003,Kent,4.6807,-2.3681,42.2532,4.4788
2004-01-02,44003,Kent,4.8094,-2.9097,54.49,1.7155
2004-01-03,44003,Kent,7.2999,0.452,55.9211,2.7465
2004-01-04,44003,Kent,10.6957,1.4967,54.3693,2.7486
2004-01-05,44003,Kent,3.7251,-0.6852,57.5292,3.3334
2004-01-06,44003,Kent,2.6018,-6.1955,45.9112,5.5006
2004-01-07,44003,Kent,-4.329,-9.0509,32.1312,7.1938
2004-01-08,44003,Kent,-5.4728,-10.4435,39.3085,5.9661
2004-01-09,44003,Kent,-8.3599,-18.4704,40.0046,5.7665
2004-01-10,44003,Kent,-11.7477,-19.5054,42.7769,5.1348
2004-01-11,44003,Kent,-3.8065,-17.4732,39.653,4.3681
2004-01-12,44003,Kent,0.3896,-5.9884,61.3761,4.0323
2004-01-13,44003,Kent,1.7106,-12.0559,55.832,6.0949
2004-01-14,44003,Kent,-11.1739,-19.8733,35.2791,5.0334
2004-01-15,44003,Kent,-13.4108,-21.2963,46.9735,6.7644
2004-01-16,44003,Kent,-11.372,-22.2074,46.2285,8.367
2004-01-17,44003,Kent,-1.1037,-15.1184,44.3813,5.3671
2004-01-18,44003,Kent,1.8228,-6.843,60.6231,3.3816
2004-01-19,44003,Kent,-1.5503,-10.1847,44.0232,6.6982
2004-01-20,44003,Kent,-4.5031,-12.0696,45.001,6.119
2004-01-21,44003,Kent,-4.5959,-13.7839,48.5505,3.6925
2004-01-22,44003,Kent,1.3132,-11.2341,52.5118,5.3584
2004-01-23,44003,Kent,-4.6007,-13.588,31.6761,6.2373
2004-01-24,44003,Kent,-8.7269,-16.0152,40.4076,5.7279
2004-01-25,44003,Kent,-10.7335,-19.0048,39.8166,4.583
2004-01-26,44003,Kent,-9.1388,-16.6679,45.4742,3.8556
2004-01-27,44003,Kent,-5.3745,-11.8833,47.0012,3.5308
2004-01-28,44003,Kent,-2.3217,-8.2841,55.6021,4.2192
2004-01-29,44003,Kent,-4.2806,-11.6699,47.1263,6.8809
2004-01-30,44003,Kent,-5.9966,-12.7253,49.0614,5.4024
2004-01-31,44003,Kent,-2.5419,-10.1604,39.1367,5.2953
2004-02-01,44003,Kent,1.3034,-12.2428,48.2762,4.134
2004-02-02,44003,Kent,3.4512,-8.1869,50.7694,1.861
2004-02-03,44003,Kent,6.2682,-6.4991,56.7873,3.9916
2004-02-04,44003,Kent,6.7434,-3.5242,48.2802,5.1995
2004-02-05,44003,Kent,3.5655,-5.4105,41.1414,3.7456
2004-02-06,44003,Kent,5.5533,-2.9513,55.8248,2.4794
2004-02-07,44003,Kent,6.444,-2.2896,54.7476,3.4326
2004-02-08,44003,Kent,1.3252,-9.1733,34.2508,6.4193
2004-02-09,44003,Kent,5.252,-7.7512,52.1546,5.7045
2004-02-10,44003,Kent,7.4392,-1.1901,48.2644,3.4742
2004-02-11,44003,Kent,4.5856,-5.3024,40.2756,5.1582
2004-02-12,44003,Kent,2.9557,-6.3143,49.867,3.2951
2004-02-13,44003,Kent,5.2181,-2.5288,49.2099,4.5267
2004-02-14,44003,Kent,5.7055,-3.1841,46.2313,4.5006
2004-02-15,44003,Kent,1.993,-9.9701,30.8996,4.395
2004-02-16,44003,Kent,-0.3904,-12.0844,37.2314,3.7146
2004-02-17,44003,Kent,1.356,-9.9775,51.7378,2.713
2004-02-18,44003,Kent,3.008,-4.5368,53.894,5.8626
2004-02-19,44003,Kent,4.1531,-6.6556,46.7939,5.0756
2004-02-20,44003,Kent,4.5766,-6.3678,52.5208,2.2868
2004-02-21,44003,Kent,6.0548,-1.0037,58.2602,3.0339
2004-02-22,44003,Kent,6.7022,-2.3064,47.2729,5.3831
2004-02-23,44003,Kent,6.1204,-3.7721,42.4934,3.6278
2004-02-24,44003,Kent,5.0863,-3.7824,41.4609,2.2662
2004-02-25,44003,Kent,4.615,-5.7323,36.9331,4.853
2004-02-26,44003,Kent,5.5243,-5.8226,33.6799,3.9067
2004-02-27,44003,Kent,5.7805,-5.8704,31.8708,3.9908
2004-02-28,44003,Kent,8.2573,-5.0292,35.6857,3.1389
2004-02-29,44003,Kent,10.0375,-1.6268,38.1194,2.9372
2004-03-01,44003,Kent,12.2346,-0.8823,48.214,2.1094
2004-03-02,44003,Kent,14.2615,1.1264,64.7522,4.544
2004-03-03,44003,Kent,12.1397,1.0461,50.3521,4.1956
2004-03-04,44003,Kent,8.7223,0.0974,66.3331,2.0485
2004-03-05,44003,Kent,8.2897,0.6908,76.0048,3.3914
2004-03-06,44003,Kent,15.8706,4.8159,68.5044,4.8911
2004-03-07,44003,Kent,7.7686,-1.2669,53.4053,3.3419
2004-03-08,44003,Kent,4.5264,-2.2678,62.6098,4.5831
2004-03-09,44003,Kent,3.0637,-2.413,66.0174,1.6132
2004-03-10,44003,Kent,6.1003,-2.4713,57.3446,5.1854
2004-03-11,44003,Kent,8.7863,-2.5593,50.1225,5.9413
2004-03-12,44003,Kent,9.543,-1.9403,48.3578,6.1049
2004-03-13,44003,Kent,3.2409,-4.2773,46.4072,5.7291
2004-03-14,44003,Kent,4.7246,-5.3623,49.1782,3.7538
2004-03-15,44003,Kent,10.4507,-0.0761,48.6427,5.0208
2004-03-16,44003,Kent,5.0893,-4.0734,52.0836,5.9406
2004-03-17,44003,Kent,-0.3204,-5.0148,72.4801,5.5014
2004-03-18,44003,Kent,1.0628,-5.2197,71.5198,2.2502
2004-03-19,44003,Kent,1.7501,-3.332,70.8038,4.5267
2004-03-20,44003,Kent,4.2523,-3.3062,66.6522,4.0464
2004-03-21,44003,Kent,10.0851,-1.0169,55.5684,5.014
2004-03-22,44003,Kent,1.0663,-6.2607,39.6173,5.4469
2004-03-23,44003,Kent,3.4432,-6.5618,43.6343,4.9047
2004-03-24,44003,Kent,9.4593,-1.4138,52.9952,2.5248
2004-03-25,44003,Kent,9.7918,0.3062,72.4921,3.5934
2004-03-26,44003,Kent,16.6458,4.2439,61.9573,3.3884
2004-03-27,44003,Kent,19.5953,5.9969,59.1333,3.8293
2004-03-28,44003,Kent,9.9941,-0.1353,61.5444,6.7621
2004-03-29,44003,Kent,8.9241,-2.4848,56.3289,3.9294
2004-03-30,44003,Kent,10.2161,-3.0085,62.8123,2.7034
2004-03-31,44003,Kent,10.4273,2.4192,73.1427,3.8674
2004-04-01,44003,Kent,11.9354,4.7834,65.0035,4.912
2004-04-02,44003,Kent,13.8459,3.0961,57.8627,3.5132
2004-04-03,44003,Kent,12.5706,0.5358,61.7395,2.3249
2004-04-04,44003,Kent,10.9187,4.9425,61.8814,2.8798
2004-04-05,44003,Kent,6.7404,-1.1985,43.2816,6.9429
2004-04-06,44003,Kent,9.1417,-2.3869,34.6583,5.3908
2004-04-07,44003,Kent,11.6985,0.1698,44.1818,2.6804
2004-04-08,44003,Kent,13.3655,1.358,47.2179,2.5497
2004-04-09,44003,Kent,14.6617,2.9011,43.0904,3.0769
2004-04-10,44003,Kent,11.9393,0.2096,41.3509,3.4592
2004-04-11,44003,Kent,13.4402,4.3989,45.0798,1.2735
2004-04-12,44003,Kent,11.6752,3.6394,52.791,5.1519
2004-04-13,44003,Kent,14.7941,3.8534,68.8169,5.3443
2004-04-14,44003,Kent,16.5488,9.7368,67.6649,2.8659
2004-04-15,44003,Kent,11.6451,2.8001,54.4065,5.4468
2004-04-16,44003,Kent,13.8169,-0.045,36.0855,3.4835
2004-04-17,44003,Kent,18.4982,1.3823,50.4259,3.9695
2004-04-18,44003,Kent,22.7242,7.1558,44.9563,2.7154
2004-04-19,44003,Kent,24.139,5.8975,52.677,5.2335
2004-04-20,44003,Kent,20.2078,7.54,46.3631,3.1607
2004-04-21,44003,Kent,14.3269,4.2124,50.2612,3.4243
2004-04-22,44003,Kent,22.5418,6.3836,60.1627,3.3216
2004-04-23,44003,Kent,14.7041,5.492,62.3485,3.9706
2004-04-24,44003,Kent,18.2983,5.2219,41.5884,3.8023
2004-04-25,44003,Kent,12.1039,0.9187,40.7151,3.3161
2004-04-26,44003,Kent,16.1394,4.8586,71.5855,3.283
2004-04-27,44003,Kent,19.8504,8.8167,53.0075,2.8402
2004-04-28,44003,Kent,13.0972,3.5589,45.1284,4.3874
2004-04-29,44003,Kent,18.4921,2.6774,52.5821,5.5478
2004-04-30,44003,Kent,20.6636,7.3997,60.8947,4.9035
2004-05-01,44003,Kent,21.6785,8.7005,65.6917,4.5178
2004-05-02,44003,Kent,19.7176,10.6999,69.4692,4.6791
2004-05-03,44003,Kent,17.2862,8.1424,75.4019,3.4719
2004-05-04,44003,Kent,12.1731,3.4067,53.731,4.8652
2004-05-05,44003,Kent,15.2652,1.1803,60.7464,3.2644
2004-05-06,44003,Kent,18.0043,6.0624,58.6191,2.389
2004-05-07,44003,Kent,25.295,7.966,48.2663,4.2959
2004-05-08,44003,Kent,12.4908,3.5819,50.0352,3.3351
2004-05-09,44003,Kent,13.9944,6.1043,69.9645,2.7779
2004-05-10,44003,Kent,19.7738,8.2491,65.9614,2.7662
2004-05-11,44003,Kent,27.5142,11.383,59.4585,3.2562
2004-05-12,44003,Kent,28.1435,15.0947,55.366,2.6243
2004-05-13,44003,Kent,24.3971,9.6143,64.9743,2.9524
2004-05-14,44003,Kent,22.207,7.011,70.0565,2.7478
2004-05-15,44003,Kent,26.8831,14.1402,64.9439,4.1504
2004-05-16,44003,Kent,22.9905,13.9786,63.9622,2.4505
2004-05-17,44003,Kent,21.7475,11.1747,62.963,2.8063
2004-05-18,44003,Kent,23.382,11.8996,69.3228,5.4679
2004-05-19,44003,Kent,23.6049,12.9702,57.5863,1.8195
2004-05-20,44003,Kent,21.3505,8.2259,54.6173,2.18
2004-05-21,44003,Kent,24.9842,9.0554,64.7558,2.2203
2004-05-22,44003,Kent,22.4347,13.5451,67.7737,1.812
2004-05-23,44003,Kent,27.1745,11.5169,63.3307,2.7606
2004-05-24,44003,Kent,23.8614,11.8663,67.8141,2.272
2004-05-25,44003,Kent,22.3605,9.2921,64.6812,2.5061
2004-05-26,44003,Kent,17.4795,7.8885,72.1304,2.0136
2004-05-27,44003,Kent,22.2729,11.0552,65.5012,1.5932
2004-05-28,44003,Kent,21.1462,10.4134,71.6711,3.2118
2004-05-29,44003,Kent,14.5584,5.4442,55.2185,4.6511
2004-05-30,44003,Kent,18.5659,3.9265,51.3001,3.2811
2004-05-31,44003,Kent,20.8788,8.121,51.1384,2.9188
2004-06-01,44003,Kent,16.382,10.192,68.6337,2.9592
2004-06-02,44003,Kent,24.1492,9.7251,66.7059,2.8393
2004-06-03,44003,Kent,22.1921,13.2072,57.1706,2.6936
2004-06-04,44003,Kent,21.2814,8.0063,52.5,1.9271
2004-06-05,44003,Kent,20.9784,9.6503,56.343,2.987
2004-06-06,44003,Kent,14.603,9.0412,74.2841,3.8605
2004-06-07,44003,Kent,24.231,10.0845,64.0395,2.5203
2004-06-08,44003,Kent,29.2124,13.9032,60.0529,3.7778
2004-06-09,44003,Kent,31.5052,16.2988,65.7463,4.1961
2004-06-10,44003,Kent,26.2098,13.6965,65.1337,2.23
2004-06-11,44003,Kent,21.2698,10.1209,46.5488,2.2953
2004-06-12,44003,Kent,21.1109,6.9156,50.125,2.2152
2004-06-13,44003,Kent,22.3969,8.3708,60.7233,4.2931
2004-06-14,44003,Kent,21.373,12.6601,76.3325,4.7302
2004-06-15,44003,Kent,28.9464,16.512,69.399,4.2693
2004-06-16,44003,Kent,28.9236,19.0277,57.0979,2.0816
2004-06-17,44003,Kent,27.9519,17.9454,67.5467,1.4947
2004-06-18,44003,Kent,25.8109,18.254,70.623,1.2278
2004-06-19,44003,Kent,27.114,14.9636,60.0277,3.0676
2004-06-20,44003,Kent,20.9405,11.1764,50.8771,3.5637
2004-06-21,44003,Kent,23.7661,9.4609,57.6534,3.975
2004-06-22,44003,Kent,24.4596,13.5902,74.9392,4.309
2004-06-23,44003,Kent,26.7169,17.2054,52.7319,2.5126
2004-06-24,44003,Kent,26.0079,14.5482,56.8562,2.5256
2004-06-25,44003,Kent,26.4285,13.5745,68.5164,3.0288
2004-06-26,44003,Kent,26.3224,14.4269,62.371,2.3901
2004-06-27,44003,Kent,23.9923,9.8005,56.4014,4.0059
2004-06-28,44003,Kent,24.9594,12.2117,57.5897,2.6317
2004-06-29,44003,Kent,26.3056,15.256,56.8984,2.1324
2004-06-30,44003,Kent,25.2936,14.0679,59.1917,3.3817
2004-07-01,44003,Kent,26.0502,14.4895,71.6512,3.5445
2004-07-02,44003,Kent,26.9724,16.2669,77.0885,3.1577
2004-07-03,44003,Kent,26.0626,16.4159,63.9323,1.9889
2004-07-04,44003,Kent,27.0162,15.1434,65.8658,2.3628
2004-07-05,44003,Kent,23.6992,14.5706,87.8848,3.0703
2004-07-06,44003,Kent,26.417,18.3049,74.0913,2.3295
2004-07-07,44003,Kent,26.2461,16.6926,68.6366,1.8142
2004-07-08,44003,Kent,25.5685,15.8561,82.1785,2.5413
2004-07-09,44003,Kent,25.3373,16.2126,65.8432,3.6534
2004-07-10,44003,Kent,26.0311,13.7748,69.0103,2.4892
2004-07-11,44003,Kent,26.3709,14.7312,64.5409,1.6249
2004-07-12,44003,Kent,25.1914,13.5428,66.4017,2.9183
2004-07-13,44003,Kent,19.4249,15.8351,87.5924,4.1587
2004-07-14,44003,Kent,22.2237,16.4079,84.183,2.0038
2004-07-15,44003,Kent,25.7819,17.5218,74.5434,3.6985
2004-07-16,44003,Kent,24.6755,17.8982,70.8043,4.3806
2004-07-17,44003,Kent,27.839,16.8352,69.6055,3.1365
2004-07-18,44003,Kent,27.2603,18.7835,70.7379,2.7376
2004-07-19,44003,Kent,25.8149,16.7293,79.8928,1.7962
2004-07-20,44003,Kent,28.0059,19.4284,70.2639,3.1182
2004-07-21,44003,Kent,29.045,18.3459,61.7638,1.6621
2004-07-22,44003,Kent,28.4839,16.748,64.734,2.5995
2004-07-23,44003,Kent,29.1364,16.7533,71.1439,3.5901
2004-07-24,44003,Kent,25.3401,17.1563,78.7256,2.9331
2004-07-25,44003,Kent,22.4814,15.5216,71.6815,3.5514
2004-07-26,44003,Kent,25.3814,15.0096,59.2057,2.5805
2004-07-27,44003,Kent,23.4319,14.5217,72.4175,2.5285
2004-07-28,44003,Kent,25.5172,17.8872,76.6625,1.2555
2004-07-29,44003,Kent,28.435,18.6653,68.1879,2.1344
2004-07-30,44003,Kent,29.5724,17.4247,70.7019,3.6366
2004-07-31,44003,Kent,29.8556,20.6328,73.8389,5.546
2004-08-01,44003,Kent,26.7405,20.5536,81.2111,4.0616
2004-08-02,44003,Kent,30.7714,20.1211,67.884,2.3071
2004-08-03,44003,Kent,30.8237,18.8199,67.7823,3.0979
2004-08-04,44003,Kent,30.8346,18.4965,63.9603,1.4535
2004-08-05,44003,Kent,20.7728,14.909,86.118,2.582
2004-08-06,44003,Kent,21.9067,14.2894,67.4561,2.4472
2004-08-07,44003,Kent,21.3684,12.6804,61.8865,2.8881
2004-08-08,44003,Kent,23.8593,11.3752,64.0855,3.6525
2004-08-09,44003,Kent,26.2665,15.0879,60.1526,2.9911
2004-08-10,44003,Kent,26.9905,14.7194,70.4049,3.849
2004-08-11,44003,Kent,26.3892,17.9573,75.4859,4.7569
2004-08-12,44003,Kent,27.0613,18.0327,75.8226,3.8787
2004-08-13,44003,Kent,26.1958,17.0501,82.3095,3.532
2004-08-14,44003,Kent,27.9484,18.9128,71.4611,2.4049
2004-08-15,44003,Kent,22.3226,15.3661,84.6673,1.3972
2004-08-16,44003,Kent,21.0473,16.0078,86.3469,1.2679
2004-08-17,44003,Kent,24.3276,15.2063,74.9497,1.9282
2004-08-18,44003,Kent,25.1368,14.9496,79.4914,3.1398
2004-08-19,44003,Kent,26.9878,17.8422,83.0278,4.6336
2004-08-20,44003,Kent,29.8604,20.1949,78.2247,3.6891
2004-08-21,44003,Kent,26.3427,17.4292,84.682,4.9154
2004-08-22,44003,Kent,22.0258,13.6687,67.3306,2.0628
2004-08-23,44003,Kent,24.8215,11.7605,75.2966,2.9356
2004-08-24,44003,Kent,23.149,13.0161,68.3845,2.5936
2004-08-25,44003,Kent,22.608,11.9711,62.3035,1.8613
2004-08-26,44003,Kent,22.7061,11.5703,71.3933,2.2644
2004-08-27,44003,Kent,27.0002,13.1796,81.5074,4.2153
2004-08-28,44003,Kent,28.966,19.6739,79.3145,4.1997
2004-08-29,44003,Kent,28.5542,19.9427,78.108,3.7023
2004-08-30,44003,Kent,28.7589,19.3336,78.8248,3.2157
2004-08-31,44003,Kent,27.8517,18.1975,76.8241,2.0298
2004-09-01,44003,Kent,25.0473,14.3067,65.6658,2.3983
2004-09-02,44003,Kent,22.6102,12.6046,64.8208,2.1819
2004-09-03,44003,Kent,24.7041,13.0116,70.6423,2.8961
2004-09-04,44003,Kent,28.0884,15.2929,68.0139,3.026
2004-09-05,44003,Kent,20.1705,9.9164,71.2476,4.2397
2004-09-06,44003,Kent,22.6084,9.111,69.3737,2.7265
2004-09-07,44003,Kent,26.517,12.2748,80.2015,2.5801
2004-09-08,44003,Kent,24.7136,18.4409,82.3377,2.8758
2004-09-09,44003,Kent,24.4584,18.1646,87.0704,5.3711
2004-09-10,44003,Kent,24.3814,14.7705,72.008,4.2443
2004-09-11,44003,Kent,21.4868,11.7219,66.8527,2.4413
2004-09-12,44003,Kent,22.6979,10.1769,69.674,1.5859
2004-09-13,44003,Kent,26.0232,13.3042,67.1789,2.3521
2004-09-14,44003,Kent,20.016,8.9673,67.7689,2.8525
2004-09-15,44003,Kent,21.4094,8.2676,79.6448,1.5843
2004-09-16,44003,Kent,22.4454,15.5902,79.5923,1.3291
2004-09-17,44003,Kent,26.302,15.0899,80.0929,2.506
2004-09-18,44003,Kent,21.7396,10.9671,84.5588,4.168
2004-09-19,44003,Kent,14.616,7.4505,69.2344,5.7655
2004-09-20,44003,Kent,18.6705,7.3307,64.6756,3.3427
2004-09-21,44003,Kent,21.4081,11.4261,64.181,1.9298
2004-09-22,44003,Kent,25.1467,13.0242,64.6688,2.7421
2004-09-23,44003,Kent,24.1739,12.9867,65.2391,2.4708
2004-09-24,44003,Kent,21.4694,10.8594,68.1485,1.462
2004-09-25,44003,Kent,22.3408,10.0758,78.5841,4.0393
2004-09-26,44003,Kent,23.6556,13.8962,64.8579,1.6942
2004-09-27,44003,Kent,22.1771,12.0132,70.687,1.8287
2004-09-28,44003,Kent,21.8483,12.1505,94.3629,2.4544
2004-09-29,44003,Kent,19.1717,9.0116,79.3025,6.3965
2004-09-30,44003,Kent,18.6863,6.9932,76.2021,2.286
2004-10-01,44003,Kent,20.237,9.5302,65.3049,1.3978
2004-10-02,44003,Kent,20.0131,9.6301,75.1513,2.7144
2004-10-03,44003,Kent,18.775,8.3717,67.4254,2.0664
2004-10-04,44003,Kent,18.757,7.0061,71.4972,2.3477
2004-10-05,44003,Kent,13.8444,1.9045,58.9709,3.4685
2004-10-06,44003,Kent,14.1377,0.3115,60.9006,2.67
2004-10-07,44003,Kent,20.3418,5.2389,58.6894,1.9848
2004-10-08,44003,Kent,21.3222,8.0926,64.9561,2.6663
2004-10-09,44003,Kent,21.9168,8.9054,71.1387,3.4966
2004-10-10,44003,Kent,19.8218,9.0152,64.7518,2.9575
2004-10-11,44003,Kent,15.2698,7.3106,63.8092,5.1355
2004-10-12,44003,Kent,15.7769,4.9053,61.1457,4.9433
2004-10-13,44003,Kent,18.4551,3.8262,56.1051,2.0337
2004-10-14,44003,Kent,16.4674,7.6726,81.3585,3.3791
2004-10-15,44003,Kent,18.4075,10.5663,80.663,2.548
2004-10-16,44003,Kent,16.2215,8.8318,71.5494,5.3902
2004-10-17,44003,Kent,11.9014,4.5656,62.0179,5.8532
2004-10-18,44003,Kent,12.9089,3.6833,62.904,3.1935
2004-10-19,44003,Kent,9.9438,6.0381,79.7525,5.2665
2004-10-20,44003,Kent,11.9277,5.4458,70.2659,5.8366
2004-10-21,44003,Kent,13.2337,5.0302,68.1407,5.0062
2004-10-22,44003,Kent,10.3211,5.0271,77.1213,5.7721
2004-10-23,44003,Kent,12.574,4.3663,66.3631,5.723
2004-10-24,44003,Kent,12.5649,4.8954,73.1994,4.7029
2004-10-25,44003,Kent,13.1411,5.7919,69.3112,3.3205
2004-10-26,44003,Kent,13.8001,3.9476,63.1292,3.1673
2004-10-27,44003,Kent,12.9693,2.1966,70.1108,3.1885
2004-10-28,44003,Kent,10.4538,1.7784,56.266,2.6972
2004-10-29,44003,Kent,12.0369,0.1193,78.2942,2.7312
2004-10-30,44003,Kent,15.5449,7.8293,84.6224,3.9207
2004-10-31,44003,Kent,21.7637,10.4134,60.1506,5.2652
2004-11-01,44003,Kent,13.8454,3.3939,56.7412,4.767
2004-11-02,44003,Kent,12.5067,3.0536,66.3783,3.3475
2004-11-03,44003,Kent,14.0188,-0.7871,59.1092,5.5544
2004-11-04,44003,Kent,11.6009,-3.9079,67.1456,3.3048
2004-11-05,44003,Kent,12.161,1.8169,55.4274,8.1634
2004-11-06,44003,Kent,12.1912,1.9695,60.2193,6.1931
2004-11-07,44003,Kent,16.156,2.5729,61.4586,4.3606
2004-11-08,44003,Kent,10.7566,-1.7305,49.7497,4.4095
2004-11-09,44003,Kent,4.4878,-5.3131,42.416,4.2853
2004-11-10,44003,Kent,3.8074,-5.7854,52.0416,2.8442
2004-11-11,44003,Kent,12.5379,-0.5391,64.9229,4.6855
2004-11-12,44003,Kent,7.2836,-0.4845,70.0977,5.2849
2004-11-13,44003,Kent,3.7466,-5.2488,65.7823,6.7484
2004-11-14,44003,Kent,3.5724,-6.9959,60.1764,5.1309
2004-11-15,44003,Kent,8.5202,-3.2194,54.0039,3.0917
2004-11-16,44003,Kent,9.6495,-2.492,56.0271,2.0535
2004-11-17,44003,Kent,9.9853,-1.5299,63.1351,1.9115
2004-11-18,44003,Kent,14.0664,2.5964,61.4515,2.6162
2004-11-19,44003,Kent,16.6321,4.1914,56.7998,2.4314
2004-11-20,44003,Kent,8.6163,-0.2771,64.404,2.0829
2004-11-21,44003,Kent,10.7303,3.2515,75.1381,2.1265
2004-11-22,44003,Kent,12.465,5.312,66.2536,1.9248
2004-11-23,44003,Kent,11.8732,2.1281,61.5294,1.9638
2004-11-24,44003,Kent,13.6571,1.8785,78.384,4.29
2004-11-25,44003,Kent,16.7721,1.9044,76.7333,6.614
2004-11-26,44003,Kent,4.7953,-3.8101,48.8531,4.7219
2004-11-27,44003,Kent,9.1457,-2.181,61.1335,3.5955
2004-11-28,44003,Kent,13.818,4.3664,74.6541,6.5959
2004-11-29,44003,Kent,10.5845,-0.9799,53.3789,3.678
2004-11-30,44003,Kent,7.8408,-1.3808,62.7026,1.3536
2004-12-01,44003,Kent,12.8988,1.2595,65.9925,8.0346
2004-12-02,44003,Kent,7.5073,-2.2264,54.7925,3.7966
2004-12-03,44003,Kent,6.9988,-1.072,55.0157,3.0637
2004-12-04,44003,Kent,2.8592,-3.6701,54.3628,3.8463
2004-12-05,44003,Kent,9.6681,-2.9924,53.0244,4.8891
2004-12-06,44003,Kent,2.5238,-4.5708,52.1787,4.0122
2004-12-07,44003,Kent,9.0561,-1.4904,67.9705,4.989
2004-12-08,44003,Kent,12.3508,0.7597,62.2354,5.7038
2004-12-09,44003,Kent,7.2368,-2.1951,64.7748,2.3293
2004-12-10,44003,Kent,7.5249,1.8821,73.582,5.5657
2004-12-11,44003,Kent,13.0422,3.2267,69.2112,2.7476
2004-12-12,44003,Kent,7.7291,-0.2154,62.2267,4.1824
2004-12-13,44003,Kent,7.5946,-0.5483,63.3946,4.3791
2004-12-14,44003,Kent,2.5391,-7.1652,48.5767,5.0775
2004-12-15,44003,Kent,-3.4984,-8.8988,41.0146,4.5555
2004-12-16,44003,Kent,2.7817,-9.3479,62.5917,4.37
2004-12-17,44003,Kent,4.716,-6.0834,55.6931,5.2748
2004-12-18,44003,Kent,3.5842,-6.5123,58.8789,2.4356
2004-12-19,44003,Kent,5.5714,-3.1451,71.488,1.9782
2004-12-20,44003,Kent,1.7773,-15.8613,55.8504,5.9984
2004-12-21,44003,Kent,1.2538,-16.1688,67.2931,4.2442
2004-12-22,44003,Kent,5.8054,-4.7669,68.5523,2.5099
2004-12-23,44003,Kent,11.9614,-0.7301,76.475,6.1435
2004-12-24,44003,Kent,10.5575,-4.4515,34.4298,4.1498
2004-12-25,44003,Kent,0.6272,-5.3442,41.8156,2.442
2004-12-26,44003,Kent,3.2513,-4.5157,67.9533,6.0894
2004-12-27,44003,Kent,-0.3504,-14.5117,52.4983,7.4444
2004-12-28,44003,Kent,-0.7087,-15.2158,94.85,4.793
2004-12-29,44003,Kent,1.6341,-3.8608,70.8007,4.178
2004-12-30,44003,Kent,1.9145,-4.2722,63.0432,1.8585
2004-12-31,44003,Kent,3.9128,-2.9199,72.4676,4.0364
2005-01-01,44003,Kent,7.6026,-1.9668,53.2606,4.3037
2005-01-02,44003,Kent,3.9621,-3.4126,55.9515,4.0578
2005-01-03,44003,Kent,11.2698,2.452,64.2284,2.4911
2005-01-04,44003,Kent,7.2641,0.8272,67.0672,2.2834
2005-01-05,44003,Kent,3.7144,-3.034,58.3349,3.2014
2005-01-06,44003,Kent,2.7673,-3.3814,66.7537,4.2484
2005-01-07,44003,Kent,2.178,-2.9954,57.765,4.3823
2005-01-08,44003,Kent,1.9747,-3.0676,64.1298,3.1844
2005-01-09,44003,Kent,0.5318,-6.2362,66.1366,2.365
2005-01-10,44003,Kent,3.4212,-3.4031,63.5344,4.5328
2005-01-11,44003,Kent,-0.0133,-5.1118,60.4324,2.7317
2005-01-12,44003,Kent,3.2868,-2.2832,67.921,3.273
2005-01-13,44003,Kent,8.8113,1.0239,62.1667,3.0723
2005-01-14,44003,Kent,13.5114,-0.3226,61.5314,6.1163
2005-01-15,44003,Kent,1.0475,-3.8376,42.6717,2.1589
2005-01-16,44003,Kent,1.1018,-3.6424,46.4843,5.0778
2005-01-17,44003,Kent,-1.1072,-10.3356,50.6678,6.0117
2005-01-18,44003,Kent,-8.875,-15.8434,42.6295,6.4489
2005-01-19,44003,Kent,-0.6529,-15.9505,63.7387,3.002
2005-01-20,44003,Kent,-1.2881,-8.9578,53.4533,4.9246
2005-01-21,44003,Kent,-7.7637,-17.3272,40.4049,5.8625
2005-01-22,44003,Kent,-1.2437,-17.9116,58.7148,5.3541
2005-01-23,44003,Kent,-0.0586,-18.3676,52.3222,10.4407
2005-01-24,44003,Kent,-6.0552,-20.0581,60.7003,5.2877
2005-01-25,44003,Kent,-4.0592,-10.638,54.8302,4.2318
2005-01-26,44003,Kent,-0.1659,-9.5119,67.1804,4.4674
2005-01-27,44003,Kent,-5.6279,-19.5631,48.1661,6.6663
2005-01-28,44003,Kent,-8.1701,-20.845,50.1909,4.8496
2005-01-29,44003,Kent,-1.5199,-17.791,54.6717,3.3762
2005-01-30,44003,Kent,-0.349,-8.621,58.3062,3.5548
2005-01-31,44003,Kent,0.8252,-12.2541,52.8455,3.9713
2005-02-01,44003,Kent,1.1602,-13.8811,55.6704,1.6572
2005-02-02,44003,Kent,1.9808,-12.8147,61.9048,3.6402
2005-02-03,44003,Kent,2.7992,-8.4305,73.7461,3.9593
2005-02-04,44003,Kent,3.7546,-4.2221,68.6729,4.8805
2005-02-05,44003,Kent,4.8736,-6.0591,59.6014,3.8462
2005-02-06,44003,Kent,6.1334,-4.3222,58.2295,3.5987
2005-02-07,44003,Kent,6.063,-5.1112,54.4919,1.487
2005-02-08,44003,Kent,7.2924,-2.2034,53.5658,2.4644
2005-02-09,44003,Kent,6.5958,-0.9217,63.5762,1.7932
2005-02-10,44003,Kent,9.182,-2.1873,66.1918,3.4644
2005-02-11,44003,Kent,2.9289,-6.2246,54.5183,6.999
2005-02-12,44003,Kent,3.4974,-6.2429,63.2346,4.8802
2005-02-13,44003,Kent,3.0175,-5.8436,55.6752,3.9398
2005-02-14,44003,Kent,5.4932,-6.1089,62.5397,4.9818
2005-02-15,44003,Kent,12.46,1.3258,53.6773,4.0413
2005-02-16,44003,Kent,13.0637,0.8216,60.2701,3.9301
2005-02-17,44003,Kent,5.3839,-2.8863,43.3247,3.4931
2005-02-18,44003,Kent,2.0957,-7.0264,32.1079,5.498
2005-02-19,44003,Kent,-0.7588,-10.3128,30.4757,4.8375
2005-02-20,44003,Kent,1.0594,-6.2917,38.9709,3.6548
2005-02-21,44003,Kent,3.5577,-6.6264,70.601,4.5187
2005-02-22,44003,Kent,3.9691,-2.7686,64.6289,2.8783
2005-02-23,44003,Kent,3.4997,-5.5265,56.4542,4.3996
2005-02-24,44003,Kent,-0.1767,-7.8265,49.9595,3.8858
2005-02-25,44003,Kent,-0.299,-7.9392,59.3413,3.9628
2005-02-26,44003,Kent,2.1364,-8.8764,56.1023,3.3303
2005-02-27,44003,Kent,0.6256,-9.0647,51.6901,4.553
2005-02-28,44003,Kent,2.1811,-7.9619,62.9117,5.9302
2005-03-01,44003,Kent,2.0046,-2.819,67.0181,4.4946
2005-03-02,44003,Kent,1.942,-6.4644,58.5493,6.0323
2005-03-03,44003,Kent,-0.7861,-9.8438,51.2828,6.4151
2005-03-04,44003,Kent,1.0927,-9.7469,53.2379,4.934
2005-03-05,44003,Kent,2.6712,-6.3058,53.5001,3.6119
2005-03-06,44003,Kent,5.566,-4.6137,55.0247,4.7972
2005-03-07,44003,Kent,8.8896,-0.923,56.7462,3.6144
2005-03-08,44003,Kent,8.8831,-9.9282,70.0589,5.749
2005-03-09,44003,Kent,-2.9078,-12.6054,46.2584,8.2256
2005-03-10,44003,Kent,-0.453,-10.3394,49.3545,3.9882
2005-03-11,44003,Kent,2.9667,-7.8548,66.5501,2.6391
2005-03-12,44003,Kent,2.9993,-2.8749,69.8784,3.7088
2005-03-13,44003,Kent,4.4978,-3.79,55.6124,2.3794
2005-03-14,44003,Kent,3.8525,-4.377,48.8225,4.5516
2005-03-15,44003,Kent,4.2883,-4.6383,51.4537,5.5916
2005-03-16,44003,Kent,4.3347,-5.8086,51.7938,4.645
2005-03-17,44003,Kent,4.6689,-4.2451,48.0629,2.4995
2005-03-18,44003,Kent,6.6637,-4.3009,48.0596,2.8795
2005-03-19,44003,Kent,7.6426,-3.0099,39.6622,3.1017
2005-03-20,44003,Kent,9.6303,-2.2235,44.8253,1.6513
2005-03-21,44003,Kent,6.7458,-0.2853,59.1784,1.6817
2005-03-22,44003,Kent,11.5148,-2.8556,41.9307,2.8855
2005-03-23,44003,Kent,9.2492,-1.8811,43.8558,5.3424
2005-03-24,44003,Kent,5.3601,-2.5031,59.9577,5.3884
2005-03-25,44003,Kent,9.5466,-3.3537,50.1872,3.1288
2005-03-26,44003,Kent,8.0066,-3.5653,43.2873,2.1185
2005-03-27,44003,Kent,9.1664,-2.1863,48.9613,2.1121
2005-03-28,44003,Kent,12.9772,-1.3142,71.1167,3.9429
2005-03-29,44003,Kent,13.5585,4.3745,61.4274,4.3073
2005-03-30,44003,Kent,14.5735,1.9898,44.6537,3.5583
2005-03-31,44003,Kent,13.6435,1.7644,47.8407,2.0828
2005-04-01,44003,Kent,13.2819,1.1246,57.5138,1.6382
2005-04-02,44003,Kent,11.1652,2.2869,73.4993,6.8825
2005-04-03,44003,Kent,12.9308,3.2335,60.951,5.0694
2005-04-04,44003,Kent,11.3175,2.8455,55.9133,4.6185
2005-04-05,44003,Kent,16.8586,1.5675,37.7564,3.5989
2005-04-06,44003,Kent,17.2224,6.3544,45.0806,1.5261
2005-04-07,44003,Kent,19.9062,5.3181,57.4139,4.0131
2005-04-08,44003,Kent,16.2169,5.5031,57.7729,2.1688
2005-04-09,44003,Kent,15.9572,1.7853,39.9364,2.4841
2005-04-10,44003,Kent,19.4475,1.3388,34.771,1.6482
2005-04-11,44003,Kent,10.2754,1.7635,39.8398,3.874
2005-04-12,44003,Kent,10.1378,-0.8242,41.8079,3.6608
2005-04-13,44003,Kent,10.1815,1.7373,44.0483,1.8449
2005-04-14,44003,Kent,14.1867,-0.2822,45.1654,4.718
2005-04-15,44003,Kent,11.6259,-0.9648,39.9611,4.9049
2005-04-16,44003,Kent,14.1291,-1.2205,37.6897,2.3287
2005-04-17,44003,Kent,20.7394,-0.1103,35.956,2.524
2005-04-18,44003,Kent,21.3788,5.3454,32.9184,2.8047
2005-04-19,44003,Kent,22.5424,3.4469,41.0367,2.8753
2005-04-20,44003,Kent,29.038,7.9725,39.2148,3.9914
2005-04-21,44003,Kent,16.6455,3.5087,47.0985,3.5272
2005-04-22,44003,Kent,15.5871,1.6888,47.2502,2.8941
2005-04-23,44003,Kent,19.7209,5.7897,65.8471,5.6034
2005-04-24,44003,Kent,16.9048,4.2322,65.541,5.0537
2005-04-25,44003,Kent,11.6718,4.1838,55.103,4.9115
2005-04-26,44003,Kent,18.265,2.8287,51.6076,3.8282
2005-04-27,44003,Kent,15.1898,7.1898,71.7659,3.5576
2005-04-28,44003,Kent,18.1944,6.7337,49.019,4.3734
2005-04-29,44003,Kent,16.7753,3.8043,48.8498,3.9089
2005-04-30,44003,Kent,14.3096,7.309,74.3133,3.7608
2005-05-01,44003,Kent,17.9024,7.2664,65.3783,3.2176
2005-05-02,44003,Kent,15.7558,4.1758,52.3923,3.7211
2005-05-03,44003,Kent,13.8407,4.8924,55.1982,3.316
2005-05-04,44003,Kent,14.2094,6.3065,48.9158,2.5427
2005-05-05,44003,Kent,14.3728,3.6612,47.2463,1.7323
2005-05-06,44003,Kent,14.7479,2.9093,58.59,4.7319
2005-05-07,44003,Kent,10.0381,4.9495,75.7102,7.6283
2005-05-08,44003,Kent,11.6136,5.0848,69.6998,6.6227
2005-05-09,44003,Kent,14.9219,6.6459,66.7034,3.7739
2005-05-10,44003,Kent,19.0078,8.4666,63.6094,1.6418
2005-05-11,44003,Kent,20.3434,9.0992,63.898,3.9452
2005-05-12,44003,Kent,17.1035,2.2203,59.3408,4.599
2005-05-13,44003,Kent,14.6411,-0.7735,48.0126,3.0445
2005-05-14,44003,Kent,16.2128,5.0267,71.0234,2.9799
2005-05-15,44003,Kent,22.1962,8.6071,70.393,1.6305
2005-05-16,44003,Kent,18.6274,8.8447,64.9183,1.6722
2005-05-17,44003,Kent,17.1861,7.1742,63.239,1.0986
2005-05-18,44003,Kent,17.0968,8.2338,53.2395,1.3801
2005-05-19,44003,Kent,17.6966,7.599,52.867,2.1616
2005-05-20,44003,Kent,17.5875,5.1227,58.413,2.0236
2005-05-21,44003,Kent,15.3897,4.1992,66.7817,4.0377
2005-05-22,44003,Kent,12.9693,6.7402,71.0676,2.2347
2005-05-23,44003,Kent,14.5599,6.7028,73.7707,1.1391
2005-05-24,44003,Kent,11.5944,5.9187,77.2524,5.9817
2005-05-25,44003,Kent,10.8476,6.1642,75.1134,7.9197
2005-05-26,44003,Kent,15.1132,7.4995,75.2622,4.1423
2005-05-27,44003,Kent,17.8228,9.8087,70.9781,2.4345
2005-05-28,44003,Kent,22.6896,8.7565,61.7272,2.9109
2005-05-29,44003,Kent,22.5518,10.1393,62.8785,1.385
2005-05-30,44003,Kent,22.1637,11.0145,57.2418,2.3016
2005-05-31,44003,Kent,21.4315,11.5829,59.7423,1.9331
2005-06-01,44003,Kent,21.6098,10.3044,62.4348,2.0239
2005-06-02,44003,Kent,22.0983,9.65,63.8306,3.2894
2005-06-03,44003,Kent,22.0838,8.2021,70.2015,3.2034
2005-06-04,44003,Kent,26.5452,14.0152,61.8514,1.8007
2005-06-05,44003,Kent,29.1067,14.5298,60.5116,1.7991
2005-06-06,44003,Kent,25.0423,15.034,70.4361,3.425
2005-06-07,44003,Kent,27.8492,16.0397,67.202,4.6603
2005-06-08,44003,Kent,29.1112,15.8456,58.0088,2.2939
2005-06-09,44003,Kent,29.4894,16.3449,65.2582,2.9545
2005-06-10,44003,Kent,27.2153,15.7209,71.1388,4.1741
2005-06-11,44003,Kent,27.9986,18.0606,69.2881,3.8612
2005-06-12,44003,Kent,28.7167,18.7404,70.3147,3.9556
2005-06-13,44003,Kent,30.5537,19.8991,67.8515,3.1813
2005-06-14,44003,Kent,30.9989,20.3865,64.4889,2.0432
2005-06-15,44003,Kent,22.5672,13.1142,68.0659,2.6152
2005-06-16,44003,Kent,22.2079,12.0469,71.5915,2.1712
2005-06-17,44003,Kent,23.1036,12.0964,65.7324,3.2583
2005-06-18,44003,Kent,21.3743,13.5622,64.9183,1.8601
2005-06-19,44003,Kent,20.3562,10.5,66.2767,2.8663
2005-06-20,44003,Kent,21.9198,8.009,60.3857,2.1063
2005-06-21,44003,Kent,25.5286,10.4823,67.4039,4.0436
2005-06-22,44003,Kent,26.4321,14.8997,60.9553,2.4233
2005-06-23,44003,Kent,23.1667,12.6213,54.1509,2.7048
2005-06-24,44003,Kent,27.0073,11.9026,62.8659,4.2979
2005-06-25,44003,Kent,30.3566,16.2241,63.5701,4.7852
2005-06-26,44003,Kent,31.1617,18.2717,64.4994,3.3089
2005-06-27,44003,Kent,30.1111,17.1124,67.8107,2.4916
2005-06-28,44003,Kent,26.6134,19.3426,71.1557,3.0858
2005-06-29,44003,Kent,29.8133,19.5087,66.4411,4.5113
2005-06-30,44003,Kent,25.1721,19.2824,72.1453,2.2282
2005-07-01,44003,Kent,24.577,18.4989,77.1678,2.0121
2005-07-02,44003,Kent,27.5089,16.3715,66.2439,2.6712
2005-07-03,44003,Kent,24.5612,12.4129,59.2239,2.5271
2005-07-04,44003,Kent,25.2376,12.3003,62.1342,1.6048
2005-07-05,44003,Kent,26.5291,13.6973,75.37,3.5408
2005-07-06,44003,Kent,25.1203,17.9783,74.6042,2.4036
2005-07-07,44003,Kent,19.2409,15.8001,77.1583,3.9209
2005-07-08,44003,Kent,19.2619,13.0768,83.7005,3.8402
2005-07-09,44003,Kent,24.3515,13.3615,69.5788,3.8803
2005-07-10,44003,Kent,29.6085,16.5967,58.5583,4.0016
2005-07-11,44003,Kent,30.5742,17.6309,63.4761,3.0796
2005-07-12,44003,Kent,27.3579,15.8434,67.6574,2.1122
2005-07-13,44003,Kent,22.2997,15.3067,77.017,2.7576
2005-07-14,44003,Kent,27.7016,16.8494,77.7782,3.5972
2005-07-15,44003,Kent,30.4467,19.3952,70.2636,1.732
2005-07-16,44003,Kent,28.2261,18.1698,70.7417,2.0206
2005-07-17,44003,Kent,27.8558,17.7965,75.6367,2.1323
2005-07-18,44003,Kent,29.0584,20.5333,73.6706,2.9486
2005-07-19,44003,Kent,31.5918,21.3246,71.0996,2.9476
2005-07-20,44003,Kent,32.2594,21.1174,59.1866,2.4811
2005-07-21,44003,Kent,29.7657,18.7462,55.2438,2.2238
2005-07-22,44003,Kent,31.699,17.7708,60.6459,2.2662
2005-07-23,44003,Kent,28.3808,15.9829,54.8993,3.5499
2005-07-24,44003,Kent,28.3042,13.8368,54.1413,2.8721
2005-07-25,44003,Kent,30.473,17.8674,66.5097,4.7225
2005-07-26,44003,Kent,33.4413,18.9219,54.9846,3.3674
2005-07-27,44003,Kent,34.4813,22.2144,63.2584,4.4204
2005-07-28,44003,Kent,25.4475,16.3129,63.8172,3.2663
2005-07-29,44003,Kent,29.3885,15.3115,59.0859,2.7022
2005-07-30,44003,Kent,29.9253,16.4939,56.2177,1.1732
2005-07-31,44003,Kent,27.9107,14.9836,59.6997,2.4021
2005-08-01,44003,Kent,28.3775,14.0998,64.6646,2.5312
2005-08-02,44003,Kent,31.678,19.1654,60.4002,2.5579
2005-08-03,44003,Kent,33.5833,18.6074,51.679,1.7982
2005-08-04,44003,Kent,31.5322,17.9162,55.3349,2.6136
2005-08-05,44003,Kent,34.3226,17.6992,59.148,3.6524
2005-08-06,44003,Kent,28.9731,18.1332,53.6661,1.8375
2005-08-07,44003,Kent,29.567,16.1608,60.2926,2.8202
2005-08-08,44003,Kent,31.8624,18.2122,64.9024,3.1393
2005-08-09,44003,Kent,29.1695,19.9071,68.9029,3.5922
2005-08-10,44003,Kent,30.4498,19.6388,64.9144,2.9211
2005-08-11,44003,Kent,32.9202,19.6694,62.3134,2.5908
2005-08-12,44003,Kent,31.8449,19.5421,61.5465,2.6679
2005-08-13,44003,Kent,34.9887,22.0292,63.7496,3.8533
2005-08-14,44003,Kent,33.8056,23.8077,66.6374,3.0037
2005-08-15,44003,Kent,23.3759,18.2718,83.1735,2.9225
2005-08-16,44003,Kent,25.6939,16.2977,68.5024,1.8115
2005-08-17,44003,Kent,28.8024,17.1398,54.9117,2.9003
2005-08-18,44003,Kent,25.6605,14.4682,54.7336,1.7588
2005-08-19,44003,Kent,25.4529,15.5343,67.5504,2.8195
2005-08-20,44003,Kent,26.2713,18.102,72.3813,1.9776
2005-08-21,44003,Kent,28.8178,19.8712,76.8813,3.6484
2005-08-22,44003,Kent,29.4194,16.6065,55.1669,2.4616
2005-08-23,44003,Kent,26.1015,13.3499,55.9951,2.5555
2005-08-24,44003,Kent,24.5134,16.6574,55.6131,2.245
2005-08-25,44003,Kent,25.3248,13.8486,58.4166,2.6951
2005-08-26,44003,Kent,28.3325,15.9256,51.3923,2.3578
2005-08-27,44003,Kent,28.6279,14.9501,59.8758,2.8227
2005-08-28,44003,Kent,27.2079,18.6199,74.2004,3.2043
2005-08-29,44003,Kent,28.5396,19.5391,74.9025,2.9022
2005-08-30,44003,Kent,24.2421,20.3182,87.7565,2.469
2005-08-31,44003,Kent,26.4392,19.4805,93.7127,5.4539
2005-09-01,44003,Kent,27.4252,16.8131,64.6782,3.1671
2005-09-02,44003,Kent,27.4742,14.4735,64.2188,3.0154
2005-09-03,44003,Kent,25.067,14.3244,57.9343,2.6344
2005-09-04,44003,Kent,24.8794,12.343,61.0611,2.8021
2005-09-05,44003,Kent,23.8519,11.4977,60.7773,2.8641
2005-09-06,44003,Kent,23.7511,10.9406,58.8779,1.6079
2005-09-07,44003,Kent,25.2636,11.3872,57.5703,1.6104
2005-09-08,44003,Kent,26.2234,11.4891,63.5148,2.9989
2005-09-09,44003,Kent,25.1455,13.3542,58.6238,2.1788
2005-09-10,44003,Kent,22.2986,9.3038,51.7551,2.8375
2005-09-11,44003,Kent,21.883,6.7581,61.4489,2.7078
2005-09-12,44003,Kent,30.1136,12.9,58.2458,4.4162
2005-09-13,44003,Kent,30.2444,16.1569,58.9322,1.9286
2005-09-14,44003,Kent,29.8794,15.1149,63.236,2.8779
2005-09-15,44003,Kent,24.6467,17.969,82.2295,1.7541
2005-09-16,44003,Kent,24.2562,17.0223,79.6267,3.2111
2005-09-17,44003,Kent,26.3588,16.4469,76.5669,2.222
2005-09-18,44003,Kent,24.6643,15.4882,72.1721,2.433
2005-09-19,44003,Kent,24.9472,13.2389,66.2219,2.3535
2005-09-20,44003,Kent,25.6869,14.6083,80.1336,4.4964
2005-09-21,44003,Kent,24.7012,14.214,61.3008,3.0229
2005-09-22,44003,Kent,26.3129,12.9153,62.5447,3.1698
2005-09-23,44003,Kent,27.4525,14.0908,65.7502,3.709
2005-09-24,44003,Kent,18.522,7.8532,59.111,2.6794
2005-09-25,44003,Kent,20.08,7.4507,74.0158,3.2099
2005-09-26,44003,Kent,24.8481,14.644,78.4327,6.4087
2005-09-27,44003,Kent,22.0885,10.6521,69.8847,3.9028
2005-09-28,44003,Kent,20.1211,8.3018,63.0765,2.4211
2005-09-29,44003,Kent,23.7819,7.8713,73.037,6.2458
2005-09-30,44003,Kent,16.3117,4.3076,56.1548,2.0497
2005-10-01,44003,Kent,19.5751,7.8259,54.2706,1.8185
2005-10-02,44003,Kent,22.5195,8.3815,56.736,1.4873
2005-10-03,44003,Kent,22.1074,10.8765,61.9373,1.2345
2005-10-04,44003,Kent,24.067,10.5655,61.8539,1.0068
2005-10-05,44003,Kent,24.4937,12.7183,64.512,1.3075
2005-10-06,44003,Kent,24.7847,14.2919,68.301,2.7892
2005-10-07,44003,Kent,24.7307,16.9324,73.8216,4.1079
2005-10-08,44003,Kent,22.2384,18.318,79.1622,6.2968
2005-10-09,44003,Kent,21.7323,12.509,78.5061,3.2833
2005-10-10,44003,Kent,16.0517,11.5945,75.4796,3.4465
2005-10-11,44003,Kent,16.283,11.4819,75.3005,5.7163
2005-10-12,44003,Kent,14.338,11.1747,76.0148,9.1643
2005-10-13,44003,Kent,16.6034,11.7423,80.1093,7.546
2005-10-14,44003,Kent,18.8026,13.9199,81.8192,5.4743
2005-10-15,44003,Kent,19.4499,8.597,71.6061,4.6033
2005-10-16,44003,Kent,14.2904,7.3947,61.2489,8.6234
2005-10-17,44003,Kent,14.5372,6.5546,62.5096,5.7504
2005-10-18,44003,Kent,16.8597,6.0352,63.3935,4.9446
2005-10-19,44003,Kent,16.3862,7.0893,65.3699,4.3311
2005-10-20,44003,Kent,12.5607,3.2485,58.3023,3.2533
2005-10-21,44003,Kent,11.9535,2.5109,55.3865,2.2408
2005-10-22,44003,Kent,9.7951,1.7577,82.2163,5.2109
2005-10-23,44003,Kent,11.7484,5.2816,71.183,4.5832
2005-10-24,44003,Kent,11.2819,4.6926,72.0578,4.5275
2005-10-25,44003,Kent,10.5037,3.7968,81.3212,8.1167
2005-10-26,44003,Kent,8.5117,2.1597,65.797,5.6409
2005-10-27,44003,Kent,8.4887,0.441,61.1434,3.1589
2005-10-28,44003,Kent,7.2811,1.9868,59.8269,2.7354
2005-10-29,44003,Kent,5.8786,1.6417,62.5604,4.2562
2005-10-30,44003,Kent,14.691,1.3203,59.303,4.1355
2005-10-31,44003,Kent,18.0279,3.7088,54.7346,3.4898
2005-11-01,44003,Kent,18.2889,5.3567,58.8185,4.2942
2005-11-02,44003,Kent,13.6724,1.662,55.6989,3.9609
2005-11-03,44003,Kent,14.8467,-0.1331,58.1072,5.8106
2005-11-04,44003,Kent,17.6212,6.138,59.2124,2.983
2005-11-05,44003,Kent,19.9088,7.9285,58.357,2.6064
2005-11-06,44003,Kent,19.3931,7.512,65.5374,3.808
2005-11-07,44003,Kent,14.9477,4.0491,52.6311,4.9882
2005-11-08,44003,Kent,16.3535,4.3704,48.5444,4.1075
2005-11-09,44003,Kent,14.1295,-0.3466,61.3824,5.0795
2005-11-10,44003,Kent,15.0452,0.8504,58.0889,5.5725
2005-11-11,44003,Kent,4.971,-1.5909,48.6917,5.0655
2005-11-12,44003,Kent,8.7895,-2.9585,54.453,2.8994
2005-11-13,44003,Kent,15.2687,2.0536,62.0388,4.5663
2005-11-14,44003,Kent,17.4002,3.0199,52.8419,3.7473
2005-11-15,44003,Kent,15.0095,1.9139,71.0199,3.6573
2005-11-16,44003,Kent,19.3154,11.5026,67.6733,6.0061
2005-11-17,44003,Kent,15.1067,-1.4334,50.3706,4.5112
2005-11-18,44003,Kent,3.9785,-3.1248,43.4911,3.2917
2005-11-19,44003,Kent,5.4919,-3.1113,49.0468,2.0109
2005-11-20,44003,Kent,11.1805,0.6519,54.6023,4.3924
2005-11-21,44003,Kent,13.6871,1.543,60.509,3.1345
2005-11-22,44003,Kent,13.9065,1.0954,68.8674,5.0487
2005-11-23,44003,Kent,3.5808,-5.5121,49.5107,4.3453
2005-11-24,44003,Kent,5.4999,-4.6474,66.5462,5.6899
2005-11-25,44003,Kent,1.05,-7.7372,47.1613,4.8693
2005-11-26,44003,Kent,3.269,-5.8488,61.8026,1.3845
2005-11-27,44003,Kent,5.9235,-0.3105,63.2993,1.8087
2005-11-28,44003,Kent,13.265,2.0661,71.918,2.77
2005-11-29,44003,Kent,16.3343,7.9994,66.2325,5.3392
2005-11-30,44003,Kent,15.3568,6.5119,70.455,4.3889
2005-12-01,44003,Kent,9.8785,1.9086,61.6732,3.3625
2005-12-02,44003,Kent,6.0418,-1.5924,56.5761,6.6347
2005-12-03,44003,Kent,1.6942,-5.1529,46.7413,7.0876
2005-12-04,44003,Kent,1.6747,-5.1769,67.7748,3.0172
2005-12-05,44003,Kent,2.2356,-5.4641,60.724,2.5202
2005-12-06,44003,Kent,1.0777,-5.1644,62.9378,4.7341
2005-12-07,44003,Kent,-0.9043,-9.0248,48.3398,7.0987
2005-12-08,44003,Kent,-1.3562,-11.0088,55.8235,3.3324
2005-12-09,44003,Kent,4.3426,-6.637,66.028,4.8061
2005-12-10,44003,Kent,2.6582,-6.2268,70.0361,4.4947
2005-12-11,44003,Kent,4.1417,-3.0017,64.887,3.1557
2005-12-12,44003,Kent,3.578,-5.9221,62.0583,3.8122
2005-12-13,44003,Kent,-2.2723,-12.3695,60.5618,5.0142
2005-12-14,44003,Kent,-5.4133,-15.136,57.2799,4.733
2005-12-15,44003,Kent,0.0645,-12.5927,62.4291,2.3044
2005-12-16,44003,Kent,6.1892,-3.3093,68.6737,6.4106
2005-12-17,44003,Kent,3.1934,-6.2585,58.0938,4.0606
2005-12-18,44003,Kent,0.9412,-6.6364,63.7311,2.6338
2005-12-19,44003,Kent,0.7785,-7.7683,62.9155,4.139
2005-12-20,44003,Kent,-0.4692,-7.9431,61.9122,4.9366
2005-12-21,44003,Kent,-1.3128,-8.3695,63.3114,3.3216
2005-12-22,44003,Kent,0.7097,-7.6227,67.4224,4.7039
2005-12-23,44003,Kent,4.0045,-2.9854,69.6092,5.1284
2005-12-24,44003,Kent,6.3307,-1.6227,61.5997,2.3003
2005-12-25,44003,Kent,9.6113,-1.2857,73.4377,2.7237
2005-12-26,44003,Kent,11.2304,-0.3324,73.303,4.3776
2005-12-27,44003,Kent,3.4675,-4.3777,52.8824,5.585
2005-12-28,44003,Kent,6.1859,-4.5214,64.9231,2.6865
2005-12-29,44003,Kent,12.9648,1.1444,44.1054,3.492
2005-12-30,44003,Kent,9.3791,-4.5162,59.8001,4.9955
2005-12-31,44003,Kent,2.7839,-3.1402,53.9924,2.2879
2006-01-01,44003,Kent,2.8659,-1.7094,69.1701,2.0046
2006-01-02,44003,Kent,4.7467,-0.8103,65.6349,2.117
2006-01-03,44003,Kent,4.4432,-2.0395,68.3975,8.3317
2006-01-04,44003,Kent,2.9943,-3.5846,66.6337,3.8598
2006-01-05,44003,Kent,4.7331,-2.4625,72.2287,2.4311
2006-01-06,44003,Kent,4.1447,-3.5251,69.3952,2.7204
2006-01-07,44003,Kent,-0.264,-6.6849,63.6777,3.4464
2006-01-08,44003,Kent,3.6985,-3.7575,66.5556,2.1476
2006-01-09,44003,Kent,7.8967,-1.2055,63.3185,4.1613
2006-01-10,44003,Kent,7.0283,-2.4824,55.0299,2.775
2006-01-11,44003,Kent,9.4818,-2.4864,67.6431,3.7179
2006-01-12,44003,Kent,11.8638,1.5346,60.7602,3.936
2006-01-13,44003,Kent,12.6389,-0.0045,68.8635,2.9577
2006-01-14,44003,Kent,15.0023,6.6978,71.2525,4.8704
2006-01-15,44003,Kent,9.5479,-13.241,38.0843,8.7309
2006-01-16,44003,Kent,-3.2356,-14.8151,59.4668,6.6684
2006-01-17,44003,Kent,3.6257,-8.2691,63.0315,3.8286
2006-01-18,44003,Kent,12.5873,0.5076,66.0564,9.5495
2006-01-19,44003,Kent,6.1341,-1.604,54.5164,5.6054
2006-01-20,44003,Kent,12.1165,0.8323,60.6577,4.6018
2006-01-21,44003,Kent,13.3962,1.7457,57.4357,6.0513
2006-01-22,44003,Kent,4.5267,-3.1061,39.8059,2.6484
2006-01-23,44003,Kent,4.975,-2.5682,71.1648,3.1457
2006-01-24,44003,Kent,4.8365,-3.3174,64.9023,2.2822
2006-01-25,44003,Kent,4.4658,-1.3513,66.8808,4.1159
2006-01-26,44003,Kent,1.9866,-7.0097,64.1812,6.1252
2006-01-27,44003,Kent,1.6142,-7.8838,58.3551,4.7702
2006-01-28,44003,Kent,5.5782,-3.2519,61.7536,4.7163
2006-01-29,44003,Kent,9.364,-1.1191,68.1926,2.891
2006-01-30,44003,Kent,11.6625,2.4014,65.4369,2.6839
2006-01-31,44003,Kent,5.6407,-2.1961,75.6507,6.1262
2006-02-01,44003,Kent,6.4073,-2.7989,53.4918,3.2251
2006-02-02,44003,Kent,7.7049,-2.3256,54.8883,2.5903
2006-02-03,44003,Kent,12.8287,0.1844,69.0576,4.9812
2006-02-04,44003,Kent,13.284,1.267,57.8471,3.4791
2006-02-05,44003,Kent,13.4951,0.6325,59.3388,5.9998
2006-02-06,44003,Kent,4.0352,-2.2935,41.8878,8.1319
2006-02-07,44003,Kent,3.3772,-4.4033,40.3804,5.6358
2006-02-08,44003,Kent,1.0753,-5.3952,34.3626,3.6899
2006-02-09,44003,Kent,0.9041,-5.9102,29.8684,3.831
2006-02-10,44003,Kent,0.6709,-5.7173,31.2862,4.6939
2006-02-11,44003,Kent,-0.1845,-5.9403,45.774,4.4603
2006-02-12,44003,Kent,-1.1072,-8.8723,62.5588,8.3144
2006-02-13,44003,Kent,1.1771,-10.3465,51.0229,5.4328
2006-02-14,44003,Kent,2.7743,-4.9097,55.7154,4.7363
2006-02-15,44003,Kent,7.6329,-3.5099,59.3022,3.8562
2006-02-16,44003,Kent,9.7339,-2.4304,55.517,2.101
2006-02-17,44003,Kent,12.0384,-4.3383,53.3396,8.1621
2006-02-18,44003,Kent,1.7276,-13.0025,26.5949,7.0233
2006-02-19,44003,Kent,-2.5834,-14.2818,32.7388,5.6913
2006-02-20,44003,Kent,0.5475,-9.6799,40.9464,4.1678
2006-02-21,44003,Kent,3.0062,-6.0004,40.8133,3.6402
2006-02-22,44003,Kent,3.8981,-4.1535,44.4817,2.4434
2006-02-23,44003,Kent,5.0288,-2.5218,63.854,1.9784
2006-02-24,44003,Kent,2.024,-7.927,54.2905,7.0858
2006-02-25,44003,Kent,3.0209,-8.6013,53.2731,4.1705
2006-02-26,44003,Kent,-0.7271,-13.7634,44.5055,6.4825
2006-02-27,44003,Kent,-4.0129,-14.4911,45.478,6.7423
2006-02-28,44003,Kent,-0.3111,-11.356,43.1587,5.1535
2006-03-01,44003,Kent,0.7778,-8.8707,45.104,4.6471
2006-03-02,44003,Kent,3.8462,-7.1771,54.9448,3.3406
2006-03-03,44003,Kent,1.1423,-8.409,44.3226,6.4854
2006-03-04,44003,Kent,3.3316,-8.6582,50.0006,6.37
2006-03-05,44003,Kent,5.1808,-5.2873,44.2115,4.9578
2006-03-06,44003,Kent,4.4982,-5.4135,44.7164,2.9216
2006-03-07,44003,Kent,4.5149,-2.6009,49.1279,2.4629
2006-03-08,44003,Kent,5.9156,-2.5791,45.2377,2.0805
2006-03-09,44003,Kent,7.9646,-1.3647,58.2777,3.8094
2006-03-10,44003,Kent,18.9539,2.9359,55.3875,5.3589
2006-03-11,44003,Kent,15.371,2.6562,37.9393,3.4736
2006-03-12,44003,Kent,13.3244,1.0661,55.4571,3.2945
2006-03-13,44003,Kent,16.113,5.1862,57.9334,2.4957
2006-03-14,44003,Kent,17.0183,2.2232,49.5743,5.4946
2006-03-15,44003,Kent,7.4945,-0.8258,33.3195,8.1961
2006-03-16,44003,Kent,6.5825,-2.5186,35.1021,6.0215
2006-03-17,44003,Kent,5.9988,-3.5476,30.7531,4.4931
2006-03-18,44003,Kent,4.6603,-4.5112,26.9254,4.9601
2006-03-19,44003,Kent,3.6067,-4.0386,31.3989,5.0962
2006-03-20,44003,Kent,3.4922,-5.634,30.7635,5.7451
2006-03-21,44003,Kent,6.9288,-6.2643,37.9442,3.7029
2006-03-22,44003,Kent,6.0226,-2.3236,45.2977,4.1885
2006-03-23,44003,Kent,11.019,-3.0079,43.6119,3.8987
2006-03-24,44003,Kent,9.7432,1.1368,47.6156,2.2881
2006-03-25,44003,Kent,9.9395,-0.509,47.6507,4.0894
2006-03-26,44003,Kent,11.1892,-1.0095,42.623,4.0416
2006-03-27,44003,Kent,13.9271,-0.9845,32.5779,3.5965
2006-03-28,44003,Kent,13.5629,-1.2623,34.8411,1.7846
2006-03-29,44003,Kent,16.2555,-0.1139,32.6591,1.8228
2006-03-30,44003,Kent,19.6005,0.4469,29.9442,2.5422
2006-03-31,44003,Kent,19.1225,2.6928,41.4137,4.0014
2006-04-01,44003,Kent,18.1274,5.2301,57.8383,4.8581
2006-04-02,44003,Kent,15.3741,3.1685,37.1604,4.0392
2006-04-03,44003,Kent,13.4878,1.136,45.8052,3.581
2006-04-04,44003,Kent,11.7952,1.2393,56.6998,5.4601
2006-04-05,44003,Kent,8.1513,-0.7033,55.1581,2.7837
2006-04-06,44003,Kent,11.0017,-1.5088,47.4551,4.0834
2006-04-07,44003,Kent,13.8016,1.0662,64.2747,4.6015
2006-04-08,44003,Kent,12.1191,2.3693,62.4901,3.2219
2006-04-09,44003,Kent,11.6627,-0.2434,42.0641,3.522
2006-04-10,44003,Kent,14.8946,-0.0395,40.9619,2.6959
2006-04-11,44003,Kent,16.9612,0.9273,43.8283,2.59
2006-04-12,44003,Kent,18.6016,3.0349,54.2542,4.0705
2006-04-13,44003,Kent,20.6037,8.6736,52.5159,4.2639
2006-04-14,44003,Kent,20.7768,7.4784,46.6492,2.4808
2006-04-15,44003,Kent,22.8807,8.2901,50.8264,3.5214
2006-04-16,44003,Kent,16.2792,6.6788,41.3031,4.7775
2006-04-17,44003,Kent,13.8045,4.252,50.3599,3.297
2006-04-18,44003,Kent,18.502,5.8133,46.1942,3.9917
2006-04-19,44003,Kent,20.3289,8.1062,35.5552,4.7882
2006-04-20,44003,Kent,20.8461,5.1846,34.0945,3.0224
2006-04-21,44003,Kent,14.8594,2.2678,48.269,3.5229
2006-04-22,44003,Kent,12.205,-0.1084,51.5401,4.1367
2006-04-23,44003,Kent,12.1587,4.8093,65.1646,5.9989
2006-04-24,44003,Kent,14.6523,4.338,66.9506,1.9508
2006-04-25,44003,Kent,18.6865,6.268,51.8111,4.429
2006-04-26,44003,Kent,13.9561,1.6572,41.9106,3.5205
2006-04-27,44003,Kent,19.7889,1.9964,43.6683,1.9915
2006-04-28,44003,Kent,14.4451,3.5309,43.3043,3.4433
2006-04-29,44003,Kent,14.3513,0.4941,39.5703,4.2928
2006-04-30,44003,Kent,17.0604,0.9303,36.2004,4.5467
2006-05-01,44003,Kent,13.7282,3.1574,49.0832,6.2023
2006-05-02,44003,Kent,11.5324,4.9131,71.6912,4.5975
2006-05-03,44003,Kent,13.7606,8.1334,73.1214,3.9271
2006-05-04,44003,Kent,23.2319,11.0299,54.7643,2.8773
2006-05-05,44003,Kent,25.9351,11.0879,44.7212,2.3254
2006-05-06,44003,Kent,22.2786,10.5283,45.0793,2.4548
2006-05-07,44003,Kent,17.3358,5.527,44.972,1.9917
2006-05-08,44003,Kent,17.6726,5.7898,45.548,2.9472
2006-05-09,44003,Kent,14.2828,7.3465,63.7356,5.7565
2006-05-10,44003,Kent,15.8305,8.8721,68.1928,4.0277
2006-05-11,44003,Kent,17.4249,10.5884,69.7564,4.0513
2006-05-12,44003,Kent,16.8944,11.5346,72.372,5.9917
2006-05-13,44003,Kent,15.5026,8.0088,66.6055,4.0221
2006-05-14,44003,Kent,13.6946,5.1128,76.1081,3.8398
2006-05-15,44003,Kent,17.3299,9.9263,68.5561,3.9723
2006-05-16,44003,Kent,17.9048,10.32,65.6074,3.8824
2006-05-17,44003,Kent,20.0822,8.6638,60.7481,4.6506
2006-05-18,44003,Kent,22.3821,11.7725,60.2075,3.8583
2006-05-19,44003,Kent,18.9507,10.4844,64.2172,4.372
2006-05-20,44003,Kent,18.4,8.7633,60.5472,4.9477
2006-05-21,44003,Kent,18.2226,7.6576,54.1339,4.9183
2006-05-22,44003,Kent,17.051,5.2879,54.5985,5.2021
2006-05-23,44003,Kent,13.2683,4.3947,60.9168,4.0704
2006-05-24,44003,Kent,19.37,6.228,54.9292,2.8849
2006-05-25,44003,Kent,22.4146,8.6172,54.7978,2.994
2006-05-26,44003,Kent,25.7704,13.3224,66.0382,2.9364
2006-05-27,44003,Kent,26.2203,15.8982,62.4781,1.1772
2006-05-28,44003,Kent,26.2537,14.7478,58.5044,1.9308
2006-05-29,44003,Kent,26.9633,13.5541,64.747,2.846
2006-05-30,44003,Kent,26.9925,14.6716,60.8266,2.6503
2006-05-31,44003,Kent,24.7402,12.2862,68.0845,2.5188
2006-06-01,44003,Kent,27.3545,15.4268,71.3504,4.1797
2006-06-02,44003,Kent,24.9515,17.4921,72.0465,1.5746
2006-06-03,44003,Kent,21.8388,16.9075,78.0492,2.7108
2006-06-04,44003,Kent,18.0651,14.0907,74.0937,2.4317
2006-06-05,44003,Kent,20.9431,12.4766,71.1856,2.0214
2006-06-06,44003,Kent,21.6552,14.2528,71.2168,2.9173
2006-06-07,44003,Kent,18.9319,11.4122,77.2641,5.7881
2006-06-08,44003,Kent,16.9529,10.6941,79.4879,2.5943
2006-06-09,44003,Kent,19.0472,11.8768,78.4355,1.6652
2006-06-10,44003,Kent,17.4538,10.8351,74.0295,5.6234
2006-06-11,44003,Kent,18.415,10.2261,68.8858,4.7549
2006-06-12,44003,Kent,23.7913,12.6805,68.7873,2.7914
2006-06-13,44003,Kent,24.0255,15.9782,67.8597,1.9731
2006-06-14,44003,Kent,24.9098,14.3051,67.9572,2.1554
2006-06-15,44003,Kent,23.712,14.1046,60.4499,3.4154
2006-06-16,44003,Kent,26.3964,12.2525,57.047,2.7747
2006-06-17,44003,Kent,26.8592,14.3698,58.0931,3.1865
2006-06-18,44003,Kent,29.8034,17.0026,66.8126,3.6954
2006-06-19,44003,Kent,29.3455,18.1836,68.507,4.6188
2006-06-20,44003,Kent,28.2695,17.6525,66.6234,3.1431
2006-06-21,44003,Kent,25.8964,15.4113,60.1364,2.3679
2006-06-22,44003,Kent,26.8627,14.4849,71.9713,3.5538
2006-06-23,44003,Kent,29.0968,17.7366,69.842,3.1873
2006-06-24,44003,Kent,23.1897,18.9663,76.9593,2.8509
2006-06-25,44003,Kent,23.0027,14.3322,78.9158,2.1296
2006-06-26,44003,Kent,26.4261,18.3331,73.2149,4.2459
2006-06-27,44003,Kent,27.2833,19.3826,72.3494,4.3996
2006-06-28,44003,Kent,24.6999,18.8998,76.6169,4.3841
2006-06-29,44003,Kent,26.927,19.1897,73.3217,3.767
2006-06-30,44003,Kent,26.8714,16.7835,64.6106,3.7209
2006-07-01,44003,Kent,26.8969,14.1394,64.5934,4.1774
2006-07-02,44003,Kent,28.5876,17.2729,74.6696,5.6191
2006-07-03,44003,Kent,29.1839,19.4894,64.5633,2.4719
2006-07-04,44003,Kent,29.7053,19.3193,73.4508,3.6624
2006-07-05,44003,Kent,27.4544,18.681,71.1742,2.6364
2006-07-06,44003,Kent,25.9106,16.7025,63.5828,1.5448
2006-07-07,44003,Kent,26.2308,13.6642,63.3564,2.0649
2006-07-08,44003,Kent,27.2172,16.1152,65.9889,1.5948
2006-07-09,44003,Kent,27.8908,16.1166,69.042,3.7277
2006-07-10,44003,Kent,27.0223,16.574,73.2507,4.187
2006-07-11,44003,Kent,27.4488,18.8736,77.1519,3.9673
2006-07-12,44003,Kent,28.8399,20.8126,73.5637,3.3159
2006-07-13,44003,Kent,27.9597,19.2443,71.4519,2.6894
2006-07-14,44003,Kent,29.463,17.1202,70.3633,2.9143
2006-07-15,44003,Kent,28.5553,18.523,70.9915,3.0549
2006-07-16,44003,Kent,30.7803,19.1709,67.0875,1.5539
2006-07-17,44003,Kent,32.1115,20.6129,66.5693,2.5911
2006-07-18,44003,Kent,33.7482,21.1679,67.5083,2.8495
2006-07-19,44003,Kent,28.9017,18.784,68.3251,2.4425
2006-07-20,44003,Kent,27.64,18.3806,72.2272,3.5022
2006-07-21,44003,Kent,29.5211,18.9842,73.874,3.4107
2006-07-22,44003,Kent,27.4657,21.625,74.6776,4.1224
2006-07-23,44003,Kent,26.9681,19.9507,72.7372,3.059
2006-07-24,44003,Kent,26.8731,17.1555,62.1529,2.5914
2006-07-25,44003,Kent,28.1128,17.3694,70.4025,4.0984
2006-07-26,44003,Kent,28.7566,19.355,70.0426,2.788
2006-07-27,44003,Kent,29.6472,18.74,73.3371,4.1794
2006-07-28,44003,Kent,31.2285,21.4268,69.1139,4.74
2006-07-29,44003,Kent,30.8969,18.7092,66.6281,3.8566
2006-07-30,44003,Kent,30.0819,20.8826,62.4962,1.3813
2006-07-31,44003,Kent,28.7231,17.2957,63.8131,1.8766
2006-08-01,44003,Kent,31.9977,18.9055,72.7834,3.5471
2006-08-02,44003,Kent,34.6104,23.6828,64.7427,3.7152
2006-08-03,44003,Kent,33.8636,22.611,64.2324,2.7548
2006-08-04,44003,Kent,28.9959,19.2283,69.0136,1.7273
2006-08-05,44003,Kent,28.9075,17.3035,59.4078,1.5538
2006-08-06,44003,Kent,26.7347,16.8015,63.6494,2.5247
2006-08-07,44003,Kent,28.4118,17.9935,74.9697,4.4984
2006-08-08,44003,Kent,27.7619,15.5711,63.1669,3.1077
2006-08-09,44003,Kent,25.7068,12.9581,56.0789,2.2971
2006-08-10,44003,Kent,27.2433,14.7273,66.7235,3.682
2006-08-11,44003,Kent,24.2631,13.3719,54.9067,3.3278
2006-08-12,44003,Kent,22.4007,10.6009,49.0933,3.5034
2006-08-13,44003,Kent,23.5626,9.3193,50.8659,3.2367
2006-08-14,44003,Kent,26.3062,11.8671,62.632,3.853
2006-08-15,44003,Kent,26.4488,17.2619,71.1906,3.653
2006-08-16,44003,Kent,27.3027,16.0474,55.7006,2.0378
2006-08-17,44003,Kent,27.1188,15.1728,57.5736,2.1328
2006-08-18,44003,Kent,26.7185,15.3463,60.8815,2.102
2006-08-19,44003,Kent,27.7419,14.5738,63.6149,3.0689
2006-08-20,44003,Kent,27.5851,16.8678,72.7129,3.7373
2006-08-21,44003,Kent,26.4384,15.9287,61.3051,2.6338
2006-08-22,44003,Kent,26.6437,15.3375,55.9269,2.6737
2006-08-23,44003,Kent,27.795,15.4814,59.2958,2.1651
2006-08-24,44003,Kent,25.3108,15.3373,61.4786,1.5336
2006-08-25,44003,Kent,22.6791,15.5746,69.9328,2.2522
2006-08-26,44003,Kent,22.4135,13.6358,65.2749,3.2598
2006-08-27,44003,Kent,19.5095,13.2933,72.9659,3.9152
2006-08-28,44003,Kent,21.6688,14.3684,78.399,1.8988
2006-08-29,44003,Kent,20.6174,15.9847,79.6348,3.2961
2006-08-30,44003,Kent,23.9623,15.4351,65.7545,1.7608
2006-08-31,44003,Kent,20.7632,11.1433,61.4181,3.1412
2006-09-01,44003,Kent,21.721,10.3445,67.5622,3.887
2006-09-02,44003,Kent,19.48,12.1397,78.8571,7.1837
2006-09-03,44003,Kent,24.0441,14.3562,77.7302,3.2532
2006-09-04,44003,Kent,23.3413,14.2641,67.9036,3.833
2006-09-05,44003,Kent,22.5347,13.1291,71.0089,1.9464
2006-09-06,44003,Kent,23.43,14.2842,70.4912,1.9355
2006-09-07,44003,Kent,24.1324,13.9111,66.2159,1.4869
2006-09-08,44003,Kent,25.1928,12.6619,66.769,2.5132
2006-09-09,44003,Kent,25.9872,13.5296,68.8666,3.3791
2006-09-10,44003,Kent,20.3881,9.9917,65.9448,3.4162
2006-09-11,44003,Kent,17.9155,6.6516,60.2142,4.8954
2006-09-12,44003,Kent,19.0982,5.2516,55.1036,2.8925
2006-09-13,44003,Kent,19.025,6.3419,68.4903,2.6872
2006-09-14,44003,Kent,19.5619,12.5336,81.4958,2.4362
2006-09-15,44003,Kent,20.8091,14.1662,81.3142,3.8111
2006-09-16,44003,Kent,24.9304,13.6278,64.9503,2.2369
2006-09-17,44003,Kent,25.34,12.092,65.7649,1.5871
2006-09-18,44003,Kent,25.2412,11.7571,71.1597,2.847
2006-09-19,44003,Kent,25.1425,13.2431,77.7963,3.4646
2006-09-20,44003,Kent,21.0101,10.8325,65.7395,3.954
2006-09-21,44003,Kent,17.6062,6.6155,54.5034,3.6847
2006-09-22,44003,Kent,19.4586,4.9744,62.1101,2.6524
2006-09-23,44003,Kent,21.5833,11.1039,85.8301,4.3151
2006-09-24,44003,Kent,26.9991,16.6266,70.3711,5.4464
2006-09-25,44003,Kent,20.8414,10.1443,63.5828,3.0864
2006-09-26,44003,Kent,21.1356,8.469,55.1133,3.1467
2006-09-27,44003,Kent,21.0744,7.3315,64.2447,1.9307
2006-09-28,44003,Kent,21.476,10.2349,67.1936,3.161
2006-09-29,44003,Kent,20.0617,6.1341,72.7476,4.2862
2006-09-30,44003,Kent,17.4716,3.6427,62.1426,2.5215
2006-10-01,44003,Kent,18.8361,10.2018,68.6206,4.0234
2006-10-02,44003,Kent,19.4196,7.7881,55.0744,3.5389
2006-10-03,44003,Kent,22.6769,7.4589,61.7994,3.4638
2006-10-04,44003,Kent,24.7756,12.31,63.7848,3.8434
2006-10-05,44003,Kent,18.8451,7.357,56.6212,4.5651
2006-10-06,44003,Kent,14.6931,6.9702,57.4566,5.5424
2006-10-07,44003,Kent,17.2553,6.0028,57.0477,4.407
2006-10-08,44003,Kent,19.0891,4.3064,49.1254,1.7877
2006-10-09,44003,Kent,22.8677,5.5806,60.0269,3.04
2006-10-10,44003,Kent,22.0306,8.9099,54.8599,3.0739
2006-10-11,44003,Kent,19.4982,8.6987,69.4169,4.9303
2006-10-12,44003,Kent,22.6251,11.14,66.4678,3.8219
2006-10-13,44003,Kent,13.669,2.3093,49.4349,3.5946
2006-10-14,44003,Kent,14.395,1.4136,46.2248,3.5755
2006-10-15,44003,Kent,13.2526,0.8106,49.887,3.8465
2006-10-16,44003,Kent,13.7402,3.3094,44.5908,1.5434
2006-10-17,44003,Kent,14.2102,4.6828,68.868,3.973
2006-10-18,44003,Kent,21.4286,10.4443,66.7737,3.5522
2006-10-19,44003,Kent,19.829,8.8181,66.0161,3.3478
2006-10-20,44003,Kent,19.7963,5.9096,75.0506,5.6664
2006-10-21,44003,Kent,11.4027,1.4533,53.9634,5.6951
2006-10-22,44003,Kent,12.9021,-0.2439,66.3383,2.6837
2006-10-23,44003,Kent,14.9023,4.4011,60.1424,3.976
2006-10-24,44003,Kent,10.4654,3.1176,57.0454,4.638
2006-10-25,44003,Kent,10.7369,2.2926,56.2006,5.8364
2006-10-26,44003,Kent,9.618,1.8055,53.2476,4.9831
2006-10-27,44003,Kent,10.2833,-1.5658,58.2943,2.5608
2006-10-28,44003,Kent,16.5583,4.176,74.6972,9.2444
2006-10-29,44003,Kent,11.0117,3.0627,48.6049,9.9681
2006-10-30,44003,Kent,12.4477,1.6623,51.2837,5.5041
2006-10-31,44003,Kent,17.9258,3.4688,64.5646,4.2106
2006-11-01,44003,Kent,19.1246,9.2083,61.3491,2.4263
2006-11-02,44003,Kent,11.8116,1.5582,76.1018,2.5992
2006-11-03,44003,Kent,7.429,-1.0679,49.8625,3.7443
2006-11-04,44003,Kent,6.8329,-2.2311,49.6419,2.9029
2006-11-05,44003,Kent,6.5274,-2.0527,51.9415,1.6737
2006-11-06,44003,Kent,10.4291,0.5227,58.7138,2.7205
2006-11-07,44003,Kent,13.0666,2.4731,73.8076,2.5831
2006-11-08,44003,Kent,16.8455,8.7663,81.439,3.6786
2006-11-09,44003,Kent,19.5273,10.962,67.8365,2.5638
2006-11-10,44003,Kent,15.5593,6.6998,57.1441,3.0661
2006-11-11,44003,Kent,16.3131,3.9864,69.0564,2.9256
2006-11-12,44003,Kent,18.3674,8.7318,77.275,3.2041
2006-11-13,44003,Kent,16.9352,9.9164,72.5023,5.6286
2006-11-14,44003,Kent,15.6793,10.1701,76.6174,3.0858
2006-11-15,44003,Kent,18.8254,9.5595,68.935,2.0298
2006-11-16,44003,Kent,19.7135,10.4746,74.6551,5.3598
2006-11-17,44003,Kent,18.037,7.208,74.6014,5.4048
2006-11-18,44003,Kent,10.3317,2.9511,63.6334,1.8985
2006-11-19,44003,Kent,8.7946,3.8422,62.6371,2.4399
2006-11-20,44003,Kent,6.908,0.5245,57.3377,2.9864
2006-11-21,44003,Kent,5.7595,-3.0364,59.4133,3.0686
2006-11-22,44003,Kent,8.5222,-1.0624,69.4789,6.4725
2006-11-23,44003,Kent,8.9139,3.7667,76.31,8.0887
2006-11-24,44003,Kent,11.817,1.0837,55.9411,5.5026
2006-11-25,44003,Kent,8.6014,-0.6982,66.3824,2.2887
2006-11-26,44003,Kent,11.9763,0.0073,69.1109,3.2211
2006-11-27,44003,Kent,14.8619,2.9737,64.7835,2.2304
2006-11-28,44003,Kent,10.8099,4.1896,70.8069,3.4529
2006-11-29,44003,Kent,13.3447,4.2472,72.8745,2.4591
2006-11-30,44003,Kent,17.2846,7.2558,73.9078,5.3121
2006-12-01,44003,Kent,17.299,10.9672,70.7031,7.4382
2006-12-02,44003,Kent,14.5915,-0.3964,39.3911,6.6939
2006-12-03,44003,Kent,5.9912,-3.1564,56.471,3.302
2006-12-04,44003,Kent,4.7749,-5.1736,58.7785,4.6181
2006-12-05,44003,Kent,0.5254,-5.1453,51.1088,3.3118
2006-12-06,44003,Kent,6.1489,-4.9953,64.4689,4.7703
2006-12-07,44003,Kent,10.7874,0.3439,61.651,3.657
2006-12-08,44003,Kent,2.7389,-7.9068,32.2137,7.3491
2006-12-09,44003,Kent,2.5541,-6.7034,53.1263,5.3531
2006-12-10,44003,Kent,8.1045,-2.01,50.0713,5.5288
2006-12-11,44003,Kent,8.5268,-0.9879,55.9486,2.8639
2006-12-12,44003,Kent,7.0881,-2.3091,62.2948,3.174
2006-12-13,44003,Kent,12.041,0.3112,76.0425,4.1431
2006-12-14,44003,Kent,12.261,3.0432,64.7014,3.5746
2006-12-15,44003,Kent,11.7638,2.392,71.3115,3.804
2006-12-16,44003,Kent,9.7034,-0.389,57.2385,4.2995
2006-12-17,44003,Kent,10.9422,-1.2094,63.3927,4.7233
2006-12-18,44003,Kent,11.6755,2.3413,65.3654,3.0466
2006-12-19,44003,Kent,4.9492,-0.4901,46.3733,4.0092
2006-12-20,44003,Kent,4.0982,-2.7727,52.6882,4.0821
2006-12-21,44003,Kent,8.0265,-1.3804,53.8139,4.8309
2006-12-22,44003,Kent,6.4621,-2.9431,63.1003,2.9923
2006-12-23,44003,Kent,14.3865,4.087,70.0508,5.0118
2006-12-24,44003,Kent,9.0032,0.0127,57.3422,5.1221
2006-12-25,44003,Kent,9.0947,-1.3104,59.2911,3.2751
2006-12-26,44003,Kent,13.168,2.8768,69.8368,4.2912
2006-12-27,44003,Kent,7.2793,-1.4121,51.5581,5.0058
2006-12-28,44003,Kent,7.4896,-2.4258,54.3109,4.0725
2006-12-29,44003,Kent,4.1253,-3.9241,47.3636,3.0458
2006-12-30,44003,Kent,5.3681,-3.6664,58.5245,3.8919
2006-12-31,44003,Kent,4.5547,-2.7517,48.7586,3.2992
2007-01-01,44003,Kent,10.0614,-2.1662,70.1655,4.6859
2007-01-02,44003,Kent,9.7899,-1.9885,45.7615,5.6002
2007-01-03,44003,Kent,7.9792,-1.9968,51.4639,5.3115
2007-01-04,44003,Kent,11.1526,0.6554,55.6323,4.7577
2007-01-05,44003,Kent,14.2872,3.9492,67.4706,5.0813
2007-01-06,44003,Kent,16.7687,8.9432,58.9902,6.5232
2007-01-07,44003,Kent,11.0401,3.459,41.8992,3.7731
2007-01-08,44003,Kent,14.9952,3.2687,57.0095,7.1175
2007-01-09,44003,Kent,5.6279,-1.3013,41.6395,5.6824
2007-01-10,44003,Kent,2.6156,-5.3741,37.3636,5.7175
2007-01-11,44003,Kent,1.1331,-6.0393,43.8758,4.6293
2007-01-12,44003,Kent,7.5777,-1.5125,58.4167,6.0004
2007-01-13,44003,Kent,9.7414,2.3479,60.0206,3.722
2007-01-14,44003,Kent,5.7641,1.7839,60.9071,2.781
2007-01-15,44003,Kent,9.7393,1.1151,63.58,3.4666
2007-01-16,44003,Kent,9.6821,-7.2162,42.9468,5.6524
2007-01-17,44003,Kent,-5.0146,-12.3161,28.0825,4.772
2007-01-18,44003,Kent,3.0498,-9.9657,56.906,2.7279
2007-01-19,44003,Kent,3.7402,-2.5895,55.3446,5.5194
2007-01-20,44003,Kent,0.0127,-11.1962,36.1436,8.6338
2007-01-21,44003,Kent,-2.8513,-12.8625,36.1024,4.682
2007-01-22,44003,Kent,-1.0699,-7.9547,58.0189,1.9819
2007-01-23,44003,Kent,-1.1566,-5.6786,56.5276,3.1932
2007-01-24,44003,Kent,1.5772,-5.0008,53.4792,3.0545
2007-01-25,44003,Kent,-1.1961,-11.8409,47.3588,4.5591
2007-01-26,44003,Kent,-10.023,-16.7658,35.7137,6.8552
2007-01-27,44003,Kent,0.1619,-15.4355,60.1509,2.4856
2007-01-28,44003,Kent,1.6205,-4.2973,58.2452,2.7343
2007-01-29,44003,Kent,-1.919,-9.3774,45.7102,5.55
2007-01-30,44003,Kent,-1.42,-9.8161,49.3375,4.0629
2007-01-31,44003,Kent,1.1384,-6.0329,44.2928,3.9379
2007-02-01,44003,Kent,4.2968,-6.9833,45.8216,2.7983
2007-02-02,44003,Kent,4.1856,-1.4926,56.5703,2.5039
2007-02-03,44003,Kent,3.2584,-6.7774,42.9159,6.7999
2007-02-04,44003,Kent,-1.8701,-9.8495,40.986,6.805
2007-02-05,44003,Kent,-5.9378,-13.6245,36.4372,8.2242
2007-02-06,44003,Kent,-3.2518,-11.6675,42.8604,6.054
2007-02-07,44003,Kent,-4.0213,-11.6595,38.9451,5.4915
2007-02-08,44003,Kent,-2.3182,-10.8914,40.671,6.59
2007-02-09,44003,Kent,-2.7067,-9.5415,41.0368,7.1574
2007-02-10,44003,Kent,0.5815,-10.514,41.6006,3.9866
2007-02-11,44003,Kent,0.4698,-8.8952,39.6595,4.1841
2007-02-12,44003,Kent,2.1773,-6.1725,38.0291,5.0023
2007-02-13,44003,Kent,-0.6068,-10.5673,24.8043,4.7113
2007-02-14,44003,Kent,4.7541,-7.6736,56.11,7.3092
2007-02-15,44003,Kent,-2.9818,-12.1203,40.2116,8.231
2007-02-16,44003,Kent,-1.5991,-12.3119,45.8736,8.0729
2007-02-17,44003,Kent,1.7592,-8.6517,47.5688,5.3529
2007-02-18,44003,Kent,1.5625,-7.3804,47.3487,4.9311
2007-02-19,44003,Kent,-4.5134,-14.2706,37.9822,6.8226
2007-02-20,44003,Kent,5.5651,-7.9721,54.0563,4.7092
2007-02-21,44003,Kent,5.8082,-2.7633,46.5412,3.0743
2007-02-22,44003,Kent,6.9173,-2.976,48.5761,2.2765
2007-02-23,44003,Kent,3.1125,-9.6645,47.3247,6.6948
2007-02-24,44003,Kent,0.3722,-11.5778,45.3536,6.5383
2007-02-25,44003,Kent,3.8328,-8.4339,47.6325,2.8777
2007-02-26,44003,Kent,2.83,-2.2539,55.8638,3.3003
2007-02-27,44003,Kent,3.3212,-2.2553,54.2413,0.9802
2007-02-28,44003,Kent,5.2479,-1.6136,46.3689,2.2491
2007-03-01,44003,Kent,5.0261,-3.1704,45.1081,2.0981
2007-03-02,44003,Kent,8.4621,0.2876,53.3507,6.0148
2007-03-03,44003,Kent,9.9276,-0.0286,46.1426,3.0616
2007-03-04,44003,Kent,6.0176,-2.2703,43.0142,5.5803
2007-03-05,44003,Kent,4.5929,-6.0719,39.2811,7.7369
2007-03-06,44003,Kent,-3.6818,-15.2098,26.8822,8.4112
2007-03-07,44003,Kent,-5.7173,-15.6217,46.0357,3.8893
2007-03-08,44003,Kent,-3.0501,-13.8033,39.3925,5.4346
2007-03-09,44003,Kent,0.1082,-15.3639,43.0553,3.1252
2007-03-10,44003,Kent,9.7174,-4.7906,55.1861,4.3912
2007-03-11,44003,Kent,13.068,-1.9986,46.1362,3.6522
2007-03-12,44003,Kent,11.5589,-3.3963,39.5712,3.0945
2007-03-13,44003,Kent,11.3939,0.3541,47.862,3.7535
2007-03-14,44003,Kent,19.4325,4.0361,46.7642,5.0022
2007-03-15,44003,Kent,17.7629,2.1226,49.2979,4.3209
2007-03-16,44003,Kent,4.9118,-1.9801,49.7002,8.3489
2007-03-17,44003,Kent,6.4767,-3.7723,57.0055,3.7926
2007-03-18,44003,Kent,2.3963,-5.8769,40.8818,6.3799
2007-03-19,44003,Kent,4.6989,-6.2501,49.9657,5.6617
2007-03-20,44003,Kent,7.8153,-7.3394,45.0652,5.9197
2007-03-21,44003,Kent,4.1734,-9.3802,45.5539,3.2842
2007-03-22,44003,Kent,11.9886,-0.8831,55.9013,6.2758
2007-03-23,44003,Kent,18.9822,3.9588,40.7607,3.7267
2007-03-24,44003,Kent,11.8508,0.3569,42.5003,2.7439
2007-03-25,44003,Kent,10.3439,1.2032,47.2243,2.2459
2007-03-26,44003,Kent,10.3401,1.7518,53.5872,4.3865
2007-03-27,44003,Kent,19.571,4.0302,50.1581,2.6813
2007-03-28,44003,Kent,13.7665,-0.0455,37.7365,5.3757
2007-03-29,44003,Kent,9.7341,-1.4762,25.2621,6.1486
2007-03-30,44003,Kent,15.2814,-1.211,26.4383,3.953
2007-03-31,44003,Kent,11.5453,-0.9865,32.2103,2.3867
2007-04-01,44003,Kent,12.666,-0.1971,44.2784,2.4073
2007-04-02,44003,Kent,13.7824,4.2075,58.0577,2.6965
2007-04-03,44003,Kent,11.9496,1.832,56.1931,3.0135
2007-04-04,44003,Kent,7.6026,1.221,65.1492,5.1561
2007-04-05,44003,Kent,6.6545,-2.6525,52.2078,5.2076
2007-04-06,44003,Kent,3.296,-5.2552,52.1644,4.7284
2007-04-07,44003,Kent,4.979,-2.6101,45.2196,2.3512
2007-04-08,44003,Kent,4.6192,-4.2269,49.1367,6.2296
2007-04-09,44003,Kent,7.9029,-2.9597,48.8392,4.7393
2007-04-10,44003,Kent,7.8947,-0.7087,43.4727,3.6035
2007-04-11,44003,Kent,8.4071,-0.3777,45.734,1.7927
2007-04-12,44003,Kent,7.3981,1.3954,65.1461,4.9086
2007-04-13,44003,Kent,9.9481,0.1549,56.2137,5.0861
2007-04-14,44003,Kent,12.6288,1.9273,46.6422,2.9498
2007-04-15,44003,Kent,8.6095,4.2332,65.046,7.7021
2007-04-16,44003,Kent,12.3961,4.112,64.3706,5.9852
2007-04-17,44003,Kent,7.7972,3.0498,61.5777,6.4973
2007-04-18,44003,Kent,7.009,2.5872,63.8082,6.2665
2007-04-19,44003,Kent,14.1923,2.7381,43.948,4.0563
2007-04-20,44003,Kent,17.1009,1.4991,34.6706,3.1346
2007-04-21,44003,Kent,22.7796,1.7766,31.1492,2.8986
2007-04-22,44003,Kent,21.806,5.7603,35.1799,2.1441
2007-04-23,44003,Kent,24.1145,5.5869,45.804,4.7571
2007-04-24,44003,Kent,22.4513,10.0637,42.3818,3.8548
2007-04-25,44003,Kent,16.6708,5.3832,45.3702,1.9127
2007-04-26,44003,Kent,16.129,4.2083,48.4653,2.1419
2007-04-27,44003,Kent,16.2264,6.4094,67.0558,3.1277
2007-04-28,44003,Kent,20.0565,8.832,58.8966,2.8811
2007-04-29,44003,Kent,18.3011,9.7721,56.1224,2.0369
2007-04-30,44003,Kent,22.2608,7.9747,42.3018,4.8222
2007-05-01,44003,Kent,18.639,5.4434,42.0225,3.2673
2007-05-02,44003,Kent,17.125,6.5065,47.0112,2.3676
2007-05-03,44003,Kent,18.4003,3.7305,33.5971,2.9938
2007-05-04,44003,Kent,18.0933,3.6147,31.5009,3.3686
2007-05-05,44003,Kent,19.0914,4.3451,36.6623,2.4259
2007-05-06,44003,Kent,14.1896,3.5226,46.0638,4.4518
2007-05-07,44003,Kent,18.8194,2.0147,37.7576,1.8275
2007-05-08,44003,Kent,21.677,3.3089,43.0456,4.3556
2007-05-09,44003,Kent,25.6263,9.2568,51.1368,4.2023
2007-05-10,44003,Kent,27.2668,13.4538,54.6005,3.6643
2007-05-11,44003,Kent,24.1604,13.5291,56.8665,2.9976
2007-05-12,44003,Kent,21.0608,8.6912,53.2991,2.9309
2007-05-13,44003,Kent,18.5474,6.0148,38.6246,3.1431
2007-05-14,44003,Kent,20.702,3.1629,35.3417,3.4353
2007-05-15,44003,Kent,23.7875,7.4775,53.1494,5.7925
2007-05-16,44003,Kent,26.107,13.9346,53.1436,4.6217
2007-05-17,44003,Kent,20.2761,8.0761,53.1731,3.2001
2007-05-18,44003,Kent,10.9701,6.4914,62.5652,5.2725
2007-05-19,44003,Kent,15.9632,6.8833,61.5398,2.7563
2007-05-20,44003,Kent,21.8148,8.9142,51.2377,3.38
2007-05-21,44003,Kent,19.8568,10.0857,46.8623,2.8284
2007-05-22,44003,Kent,21.2588,7.9094,41.4724,1.5339
2007-05-23,44003,Kent,20.5801,7.273,53.7344,3.1991
2007-05-24,44003,Kent,27.9801,10.1682,50.5113,3.7618
2007-05-25,44003,Kent,32.0534,15.8536,44.3059,3.2675
2007-05-26,44003,Kent,29.5646,16.8768,44.2191,3.2934
2007-05-27,44003,Kent,23.8502,13.6214,49.5257,2.2518
2007-05-28,44003,Kent,28.5397,13.6232,49.3797,3.6336
2007-05-29,44003,Kent,23.4126,11.6859,45.3309,2.9009
2007-05-30,44003,Kent,25.6511,13.4028,44.6303,2.2688
2007-05-31,44003,Kent,23.4992,13.9937,56.0423,2.103
2007-06-01,44003,Kent,28.5826,12.6176,63.4607,3.1167
2007-06-02,44003,Kent,29.5526,17.0618,59.4889,3.3063
2007-06-03,44003,Kent,24.4573,15.6059,68.649,3.855
2007-06-04,44003,Kent,20.2608,15.9789,73.6105,4.8877
2007-06-05,44003,Kent,26.1233,16.5778,66.7754,4.1077
2007-06-06,44003,Kent,20.2503,11.5032,57.8994,3.4685
2007-06-07,44003,Kent,21.7633,9.3605,55.2822,2.9115
2007-06-08,44003,Kent,25.0068,12.9789,67.8614,2.5122
2007-06-09,44003,Kent,20.3148,13.2005,74.3032,2.1416
2007-06-10,44003,Kent,22.1318,11.3296,63.6683,1.8812
2007-06-11,44003,Kent,25.5628,14.2445,63.2375,2.5897
2007-06-12,44003,Kent,24.9877,15.8847,62.5649,3.8278
2007-06-13,44003,Kent,18.4543,9.6298,68.3341,4.9463
2007-06-14,44003,Kent,18.2402,9.4343,65.8869,4.3385
2007-06-15,44003,Kent,21.314,11.1535,61.7204,2.127
2007-06-16,44003,Kent,24.6398,11.7379,65.8134,2.7164
2007-06-17,44003,Kent,28.5318,14.6427,61.7579,3.0379
2007-06-18,44003,Kent,26.5395,15.3879,56.5886,2.2699
2007-06-19,44003,Kent,25.5357,14.4174,62.324,2.7446
2007-06-20,44003,Kent,26.796,14.779,62.8573,3.1562
2007-06-21,44003,Kent,24.7152,12.0965,57.3989,3.5317
2007-06-22,44003,Kent,22.6406,12.2785,54.088,4.7569
2007-06-23,44003,Kent,21.212,9.6637,50.1997,3.8664
2007-06-24,44003,Kent,24.0539,8.1066,53.3083,3.1658
2007-06-25,44003,Kent,28.1082,14.1995,58.7901,3.9874
2007-06-26,44003,Kent,31.2024,17.3326,63.1889,3.905
2007-06-27,44003,Kent,32.5611,19.6739,61.5042,4.2853
2007-06-28,44003,Kent,31.1774,20.0614,59.8564,4.2489
2007-06-29,44003,Kent,24.6844,14.0634,58.7613,2.1971
2007-06-30,44003,Kent,24.1583,12.5035,53.9845,2.4648
2007-07-01,44003,Kent,21.6058,12.0071,59.4721,2.6387
2007-07-02,44003,Kent,21.5926,8.5739,57.0819,3.1787
2007-07-03,44003,Kent,24.0955,9.9382,59.2522,2.5588
2007-07-04,44003,Kent,23.7556,13.9138,72.2271,4.671
2007-07-05,44003,Kent,24.1506,17.45,81.2568,5.2348
2007-07-06,44003,Kent,26.3252,17.6446,69.1874,2.8972
2007-07-07,44003,Kent,26.7538,15.6633,65.9457,3.2549
2007-07-08,44003,Kent,29.2393,17.8148,64.9126,3.3591
2007-07-09,44003,Kent,28.1256,19.6855,71.2799,3.0648
2007-07-10,44003,Kent,30.6909,19.7842,70.6894,2.8114
2007-07-11,44003,Kent,28.5223,20.1593,74.0794,4.0471
2007-07-12,44003,Kent,28.1665,16.2812,60.9063,2.9172
2007-07-13,44003,Kent,27.4011,14.4144,57.1078,3.5346
2007-07-14,44003,Kent,27.539,16.4763,55.8448,2.8154
2007-07-15,44003,Kent,30.1536,17.8181,66.8808,4.408
2007-07-16,44003,Kent,28.5029,18.911,62.2577,1.639
2007-07-17,44003,Kent,29.5991,17.6602,52.1053,1.5478
2007-07-18,44003,Kent,26.05,17.358,72.9903,2.3916
2007-07-19,44003,Kent,28.6858,18.4662,70.0723,3.2487
2007-07-20,44003,Kent,28.8108,15.9011,64.7212,4.0397
2007-07-21,44003,Kent,27.1768,12.9777,55.8245,2.2273
2007-07-22,44003,Kent,27.7417,15.1107,51.2868,3.5041
2007-07-23,44003,Kent,22.6371,15.4973,82.5917,4.2075
2007-07-24,44003,Kent,28.2318,16.907,61.0183,3.2513
2007-07-25,44003,Kent,30.7189,17.2731,48.3717,2.3067
2007-07-26,44003,Kent,32.0229,16.3602,51.8894,2.7323
2007-07-27,44003,Kent,31.8889,19.761,55.4913,3.0483
2007-07-28,44003,Kent,30.8015,19.8079,63.1969,2.9822
2007-07-29,44003,Kent,29.5394,21.1915,64.5679,1.688
2007-07-30,44003,Kent,27.8175,20.9356,69.3325,1.1653
2007-07-31,44003,Kent,28.2908,18.7935,65.2673,1.469
2007-08-01,44003,Kent,29.5743,18.386,62.8587,1.3375
2007-08-02,44003,Kent,31.6622,18.9678,63.4887,2.7895
2007-08-03,44003,Kent,32.1505,20.2389,62.1148,4.0219
2007-08-04,44003,Kent,32.1123,19.522,59.3815,3.2413
2007-08-05,44003,Kent,26.8927,15.2466,49.5329,2.2734
2007-08-06,44003,Kent,27.4779,15.0152,76.5025,3.5406
2007-08-07,44003,Kent,30.7332,19.8958,68.3828,1.6809
2007-08-08,44003,Kent,31.9972,20.0049,69.1587,4.274
2007-08-09,44003,Kent,26.4986,16.0899,58.8123,2.1984
2007-08-10,44003,Kent,19.9273,14.5511,68.7764,2.7564
2007-08-11,44003,Kent,27.5661,12.7776,53.005,2.1514
2007-08-12,44003,Kent,29.712,15.835,56.675,2.4205
2007-08-13,44003,Kent,29.7412,17.6409,60.5434,2.758
2007-08-14,44003,Kent,24.3783,14.8597,55.3705,2.2604
2007-08-15,44003,Kent,27.6409,14.41,61.4064,3.9624
2007-08-16,44003,Kent,28.8897,17.2245,70.174,3.2845
2007-08-17,44003,Kent,26.9316,18.2422,64.5558,2.4823
2007-08-18,44003,Kent,20.892,10.8614,58.677,4.8856
2007-08-19,44003,Kent,22.6539,9.5949,55.65,2.4719
2007-08-20,44003,Kent,22.2324,13.1867,55.2821,2.8327
2007-08-21,44003,Kent,19.9717,10.4033,67.2398,2.8898
2007-08-22,44003,Kent,20.5893,9.866,68.3449,2.4761
2007-08-23,44003,Kent,22.3997,15.6814,74.1451,1.8262
2007-08-24,44003,Kent,29.4109,17.6405,67.2602,4.0285
2007-08-25,44003,Kent,33.1974,19.2628,66.7179,4.4722
2007-08-26,44003,Kent,31.8666,19.2081,54.6098,2.6637
2007-08-27,44003,Kent,28.3629,14.8278,56.4653,2.7963
2007-08-28,44003,Kent,27.749,13.4001,51.6629,1.9166
2007-08-29,44003,Kent,28.1445,14.3511,52.4252,1.6299
2007-08-30,44003,Kent,29.2699,14.4403,53.4969,2.1712
2007-08-31,44003,Kent,28.5437,15.5254,64.5534,2.5222
2007-09-01,44003,Kent,25.1456,10.4321,50.018,3.6584
2007-09-02,44003,Kent,24.2326,7.8466,45.857,2.2999
2007-09-03,44003,Kent,27.804,12.0199,58.87,4.5374
2007-09-04,44003,Kent,26.9152,11.4768,51.1543,2.6602
2007-09-05,44003,Kent,24.5113,9.0831,39.6316,1.8724
2007-09-06,44003,Kent,25.7246,10.8981,57.5953,3.7675
2007-09-07,44003,Kent,31.0068,15.977,59.0328,4.8541
2007-09-08,44003,Kent,32.2373,18.1752,56.0935,4.7117
2007-09-09,44003,Kent,29.1215,17.2616,63.3318,2.6057
2007-09-10,44003,Kent,27.5838,16.8769,68.1704,1.7172
2007-09-11,44003,Kent,21.9489,16.0833,87.7995,3.9795
2007-09-12,44003,Kent,21.4018,11.8396,61.6672,4.5258
2007-09-13,44003,Kent,20.8738,9.8605,59.2016,1.2755
2007-09-14,44003,Kent,22.4027,12.2062,67.7093,2.6316
2007-09-15,44003,Kent,18.9398,9.0582,85.8486,3.307
2007-09-16,44003,Kent,16.6801,6.647,58.9294,2.1296
2007-09-17,44003,Kent,16.6412,9.0785,60.481,3.1489
2007-09-18,44003,Kent,18.2707,6.771,63.0921,3.1294
2007-09-19,44003,Kent,20.8361,7.1389,64.6331,1.798
2007-09-20,44003,Kent,24.3976,9.9826,64.9128,2.5909
2007-09-21,44003,Kent,24.684,13.2986,64.7374,1.4619
2007-09-22,44003,Kent,24.5426,12.3009,75.4249,3.4821
2007-09-23,44003,Kent,23.922,11.0398,55.3212,3.3841
2007-09-24,44003,Kent,24.8671,8.9002,48.1121,2.8998
2007-09-25,44003,Kent,27.4763,11.6802,59.5642,4.6917
2007-09-26,44003,Kent,29.871,16.952,61.4836,4.502
2007-09-27,44003,Kent,27.5263,17.2737,69.221,3.9492
2007-09-28,44003,Kent,24.72,15.0614,64.8422,3.4133
2007-09-29,44003,Kent,21.5888,9.4421,47.4525,3.8536
2007-09-30,44003,Kent,19.3932,6.1858,56.3996,2.4235
2007-10-01,44003,Kent,20.2851,7.3119,55.5603,2.656
2007-10-02,44003,Kent,23.6051,7.3014,58.193,2.2653
2007-10-03,44003,Kent,25.5286,11.5065,66.1679,2.5911
2007-10-04,44003,Kent,28.6956,13.637,56.7261,2.4452
2007-10-05,44003,Kent,28.4889,15.0339,56.888,2.8489
2007-10-06,44003,Kent,28.8599,14.047,54.715,3.0978
2007-10-07,44003,Kent,20.6746,11.7668,68.4052,2.8102
2007-10-08,44003,Kent,26.5601,11.8803,64.7145,2.6724
2007-10-09,44003,Kent,18.6675,9.8972,70.4442,2.8789
2007-10-10,44003,Kent,17.5374,9.9471,82.9783,3.3478
2007-10-11,44003,Kent,18.7628,11.9134,76.0889,4.5045
2007-10-12,44003,Kent,16.9315,5.6084,74.0473,4.8232
2007-10-13,44003,Kent,14.5132,3.2201,52.5418,4.1869
2007-10-14,44003,Kent,14.0383,7.225,51.1476,4.4615
2007-10-15,44003,Kent,15.5861,5.8448,54.6974,3.8324
2007-10-16,44003,Kent,16.2531,6.1783,47.3058,2.7957
2007-10-17,44003,Kent,19.7857,4.6543,60.1213,1.8858
2007-10-18,44003,Kent,23.5109,11.5593,68.0125,2.8676
2007-10-19,44003,Kent,19.2117,14.4023,85.6235,4.7727
2007-10-20,44003,Kent,21.1269,11.6824,67.428,5.0882
2007-10-21,44003,Kent,21.8665,9.707,53.91,4.0808
2007-10-22,44003,Kent,23.0103,10.1998,62.7186,4.2111
2007-10-23,44003,Kent,23.4561,13.0155,76.1559,6.2033
2007-10-24,44003,Kent,18.6491,9.5905,82.6409,3.3828
2007-10-25,44003,Kent,12.1506,6.0349,71.4614,4.7355
2007-10-26,44003,Kent,15.2292,5.4606,73.0396,4.6932
2007-10-27,44003,Kent,19.3293,11.8495,85.9767,5.6463
2007-10-28,44003,Kent,14.2246,1.9278,57.1957,5.3427
2007-10-29,44003,Kent,8.0734,-0.5112,48.3343,3.7395
2007-10-30,44003,Kent,15.1362,1.0077,57.5967,3.0262
2007-10-31,44003,Kent,16.8911,4.2608,65.723,4.3635
2007-11-01,44003,Kent,19.8334,6.0438,57.3409,4.8452
2007-11-02,44003,Kent,10.792,0.789,51.9468,5.3736
2007-11-03,44003,Kent,9.3832,2.5558,71.8796,8.0697
2007-11-04,44003,Kent,12.5808,0.1344,46.624,3.1489
2007-11-05,44003,Kent,13.1476,0.815,48.8872,2.2116
2007-11-06,44003,Kent,12.9011,1.2066,69.8434,5.6151
2007-11-07,44003,Kent,9.5044,-0.1096,49.7526,4.5206
2007-11-08,44003,Kent,6.2084,-0.8722,47.7749,2.0835
2007-11-09,44003,Kent,7.0216,-0.501,55.6404,3.5573
2007-11-10,44003,Kent,4.6585,-3.0926,61.6154,5.4227
2007-11-11,44003,Kent,4.103,-4.8746,50.0153,3.7784
2007-11-12,44003,Kent,7.4892,-4.2817,56.3309,2.5264
2007-11-13,44003,Kent,13.2805,2.4567,63.6991,3.0275
2007-11-14,44003,Kent,13.7029,0.5711,73.0756,3.8735
2007-11-15,44003,Kent,17.025,6.781,71.2899,5.5733
2007-11-16,44003,Kent,9.1673,-1.1864,52.9178,7.1394
2007-11-17,44003,Kent,5.5679,-1.7568,47.8894,4.6778
2007-11-18,44003,Kent,5.6052,-2.5387,46.6017,3.3017
2007-11-19,44003,Kent,4.7156,-3.3147,62.6612,4.6144
2007-11-20,44003,Kent,6.5003,-4.0456,74.2613,2.669
2007-11-21,44003,Kent,8.154,-0.7955,69.4789,1.8524
2007-11-22,44003,Kent,17.2983,5.1147,67.3295,4.4692
2007-11-23,44003,Kent,10.7027,-5.0584,36.886,5.6755
2007-11-24,44003,Kent,0.5966,-7.0597,42.7915,3.6093
2007-11-25,44003,Kent,6.7113,-3.5235,51.3693,4.2426
2007-11-26,44003,Kent,12.2884,-0.3736,79.1527,3.7014
2007-11-27,44003,Kent,14.4405,1.011,63.4031,6.3019
2007-11-28,44003,Kent,5.0912,-2.1224,49.234,3.4392
2007-11-29,44003,Kent,10.7344,-1.2311,64.2218,5.835
2007-11-30,44003,Kent,5.541,-1.3194,45.4331,5.7853
2007-12-01,44003,Kent,1.8811,-9.9482,36.1918,6.8045
2007-12-02,44003,Kent,0.313,-9.8859,56.4274,2.6781
2007-12-03,44003,Kent,5.9619,-3.6318,68.0515,5.9252
2007-12-04,44003,Kent,-1.1661,-6.5841,58.0788,7.2504
2007-12-05,44003,Kent,0.658,-7.0411,64.1184,3.5977
2007-12-06,44003,Kent,-2.2911,-9.4548,60.4702,4.073
2007-12-07,44003,Kent,3.5629,-8.2241,71.4234,3.1665
2007-12-08,44003,Kent,3.8375,-3.3865,64.5777,3.5606
2007-12-09,44003,Kent,1.3437,-4.7401,66.3682,1.7911
2007-12-10,44003,Kent,1.4237,-2.4435,73.8629,2.5063
2007-12-11,44003,Kent,4.4319,-3.9509,68.4231,3.0653
2007-12-12,44003,Kent,9.6217,-3.65,62.664,5.5083
2007-12-13,44003,Kent,0.8577,-5.2575,60.3615,3.8248
2007-12-14,44003,Kent,1.713,-3.1375,71.8232,4.0201
2007-12-15,44003,Kent,-0.3371,-8.7525,51.9184,4.9926
2007-12-16,44003,Kent,4.2511,-7.1544,80.292,7.7041
2007-12-17,44003,Kent,1.8143,-9.3998,46.9251,7.9613
2007-12-18,44003,Kent,-1.1051,-9.3916,64.4646,3.7109
2007-12-19,44003,Kent,3.3484,-6.5909,74.9574,2.0561
2007-12-20,44003,Kent,2.5931,-1.8099,72.5474,3.2196
2007-12-21,44003,Kent,1.5674,-4.9042,72.5092,4.0116
2007-12-22,44003,Kent,2.6115,-4.8819,72.4981,3.1137
2007-12-23,44003,Kent,9.6158,-1.0307,69.4275,5.5597
2007-12-24,44003,Kent,9.6453,-1.6441,49.5353,6.3574
2007-12-25,44003,Kent,4.296,-3.3357,59.609,4.2475
2007-12-26,44003,Kent,5.4884,-3.5642,61.0588,2.7307
2007-12-27,44003,Kent,4.5754,-0.3805,71.8911,4.059
2007-12-28,44003,Kent,5.3018,-1.9797,61.7715,2.9857
2007-12-29,44003,Kent,9.9662,-1.3086,51.7732,3.7261
2007-12-30,44003,Kent,3.9474,-4.3599,64.4897,2.5288
2007-12-31,44003,Kent,3.201,-4.5471,76.6801,4.8622
2008-01-01,44003,Kent,5.2642,-5.1982,61.098,3.828
2008-01-02,44003,Kent,2.1084,-12.5603,57.7003,6.0016
2008-01-03,44003,Kent,-9.3303,-15.4903,49.243,5.7257
2008-01-04,44003,Kent,-0.2909,-15.2343,59.9311,4.5162
2008-01-05,44003,Kent,4.0685,-5.4818,58.8047,3.4846
2008-01-06,44003,Kent,4.8069,-0.5136,58.2429,2.9397
2008-01-07,44003,Kent,8.5409,-0.3284,61.918,3.0453
2008-01-08,44003,Kent,12.2403,2.0804,54.6542,3.7482
2008-01-09,44003,Kent,15.7749,2.4184,50.6898,6.5088
2008-01-10,44003,Kent,9.3677,-0.9836,41.2448,2.7245
2008-01-11,44003,Kent,13.8626,0.551,63.0388,4.5588
2008-01-12,44003,Kent,10.2367,-0.1882,48.9275,2.6433
2008-01-13,44003,Kent,7.5472,-1.6833,50.877,4.4595
2008-01-14,44003,Kent,4.3756,-3.0406,58.864,4.9304
2008-01-15,44003,Kent,3.174,-3.6202,58.1829,3.5604
2008-01-16,44003,Kent,1.6908,-5.8818,51.0486,4.5214
2008-01-17,44003,Kent,3.1083,-6.1028,57.5814,2.5023
2008-01-18,44003,Kent,7.3019,-3.9803,57.1319,5.4047
2008-01-19,44003,Kent,2.3563,-6.0433,53.485,3.3732
2008-01-20,44003,Kent,0.4405,-10.6464,47.5779,5.4127
2008-01-21,44003,Kent,-3.2639,-11.5634,48.3862,4.5203
2008-01-22,44003,Kent,4.2601,-8.1543,61.9047,5.8224
2008-01-23,44003,Kent,3.2348,-5.1803,50.9935,3.8804
2008-01-24,44003,Kent,0.7755,-6.5594,47.5358,2.5876
2008-01-25,44003,Kent,-0.4216,-10.6292,49.3991,5.2308
2008-01-26,44003,Kent,1.0024,-8.8221,53.9252,2.2911
2008-01-27,44003,Kent,3.0798,-4.4338,57.6492,5.9737
2008-01-28,44003,Kent,2.1221,-6.6173,51.72,5.5725
2008-01-29,44003,Kent,4.5173,-6.38,54.5515,2.5096
2008-01-30,44003,Kent,5.796,-4.3036,57.8015,5.8496
2008-01-31,44003,Kent,0.9968,-6.0365,47.7064,3.0505
2008-02-01,44003,Kent,7.889,-4.9424,67.0997,6.3834
2008-02-02,44003,Kent,7.5938,-3.1728,60.6813,5.638
2008-02-03,44003,Kent,5.6506,-4.1325,59.0297,2.8392
2008-02-04,44003,Kent,4.0233,-3.8041,65.4562,2.0711
2008-02-05,44003,Kent,7.0005,-1.3369,68.1156,3.7081
2008-02-06,44003,Kent,9.683,-0.0394,64.2947,2.0459
2008-02-07,44003,Kent,5.299,-1.6483,66.2817,2.8537
2008-02-08,44003,Kent,5.523,-2.0095,67.8601,2.1602
2008-02-09,44003,Kent,4.848,-3.8352,62.355,2.5156
2008-02-10,44003,Kent,6.4083,-8.4263,57.9726,5.9694
2008-02-11,44003,Kent,-3.1605,-12.0493,32.7367,8.0663
2008-02-12,44003,Kent,-0.2676,-11.6482,50.5655,3.2502
2008-02-13,44003,Kent,7.9173,-4.3967,77.2187,5.3795
2008-02-14,44003,Kent,5.1712,-3.7621,48.7009,4.5898
2008-02-15,44003,Kent,8.0656,-3.2884,48.4304,5.6425
2008-02-16,44003,Kent,0.9886,-8.6218,39.2603,3.7318
2008-02-17,44003,Kent,6.0016,-8.3047,65.8349,4.2477
2008-02-18,44003,Kent,14.8213,2.4945,70.0433,6.103
2008-02-19,44003,Kent,7.4824,-3.3185,45.3307,6.2116
2008-02-20,44003,Kent,0.5303,-5.505,28.8014,5.2356
2008-02-21,44003,Kent,-1.1606,-8.1375,32.8387,3.6032
2008-02-22,44003,Kent,2.0587,-7.0839,67.0263,3.4718
2008-02-23,44003,Kent,1.5404,-4.821,68.1201,2.67
2008-02-24,44003,Kent,2.2702,-6.6919,57.1402,3.6157
2008-02-25,44003,Kent,4.2127,-6.3165,59.7008,2.9064
2008-02-26,44003,Kent,6.4492,-4.3428,67.4825,3.1251
2008-02-27,44003,Kent,6.3098,-5.0604,64.8231,4.1569
2008-02-28,44003,Kent,-1.3418,-9.7394,45.3475,5.1076
2008-02-29,44003,Kent,-0.2704,-11.427,44.4996,3.1274
2008-03-01,44003,Kent,5.3186,-2.9469,59.6389,5.5724
2008-03-02,44003,Kent,4.2977,-5.5869,43.443,5.166
2008-03-03,44003,Kent,7.7494,-6.1296,54.5568,4.3884
2008-03-04,44003,Kent,16.9749,1.4886,54.8015,3.7203
2008-03-05,44003,Kent,14.2196,0.5894,55.372,6.2184
2008-03-06,44003,Kent,9.3709,-1.8125,43.8845,1.5587
2008-03-07,44003,Kent,10.9829,-0.5634,57.274,3.7148
2008-03-08,44003,Kent,14.996,6.4279,66.2223,6.3965
2008-03-09,44003,Kent,8.6714,-3.1197,32.6486,7.9301
2008-03-10,44003,Kent,4.441,-3.9785,34.308,4.2937
2008-03-11,44003,Kent,6.3123,-3.2548,42.5433,2.9893
2008-03-12,44003,Kent,8.4644,-1.2642,53.8782,4.3743
2008-03-13,44003,Kent,6.8072,-3.0183,41.3771,2.8154
2008-03-14,44003,Kent,11.2247,-1.1935,56.581,2.1111
2008-03-15,44003,Kent,9.3244,-0.5824,58.5273,4.3498
2008-03-16,44003,Kent,8.7193,-0.7899,49.8792,4.172
2008-03-17,44003,Kent,7.4139,-2.5866,34.9368,5.799
2008-03-18,44003,Kent,6.5183,-2.7724,35.5132,1.8995
2008-03-19,44003,Kent,10.0717,-0.0494,65.2593,3.9171
2008-03-20,44003,Kent,11.9093,1.0883,55.1363,6.4646
2008-03-21,44003,Kent,4.3503,-3.0797,36.8874,8.7015
2008-03-22,44003,Kent,7.0558,-3.5265,27.895,4.4099
2008-03-23,44003,Kent,6.2932,-4.0254,31.8413,3.0475
2008-03-24,44003,Kent,7.4504,-2.6123,36.2568,1.6395
2008-03-25,44003,Kent,5.8224,-2.3831,43.8299,3.5414
2008-03-26,44003,Kent,14.8653,-0.0918,43.9002,4.8606
2008-03-27,44003,Kent,13.5579,2.6681,38.4467,2.0647
2008-03-28,44003,Kent,9.2837,1.9047,59.0541,3.1673
2008-03-29,44003,Kent,5.4201,-4.4527,40.2883,5.619
2008-03-30,44003,Kent,7.3812,-5.009,32.4435,2.517
2008-03-31,44003,Kent,9.5434,-1.1987,63.2924,4.8686
2008-04-01,44003,Kent,15.4673,7.4343,67.0016,7.7145
2008-04-02,44003,Kent,13.5872,-0.8775,32.843,6.3271
2008-04-03,44003,Kent,10.458,-1.5604,35.5474,4.0499
2008-04-04,44003,Kent,11.2413,0.8916,70.5224,2.8728
2008-04-05,44003,Kent,16.8132,6.759,55.5894,2.022
2008-04-06,44003,Kent,10.9642,2.8849,54.6224,5.8211
2008-04-07,44003,Kent,10.4706,1.3264,54.4093,5.856
2008-04-08,44003,Kent,12.7948,-0.2872,48.1149,3.283
2008-04-09,44003,Kent,13.9855,-0.4346,54.8771,2.5518
2008-04-10,44003,Kent,20.1667,6.032,44.1791,3.6044
2008-04-11,44003,Kent,12.8534,5.6188,55.5134,1.7729
2008-04-12,44003,Kent,21.5498,7.6211,58.5676,3.2571
2008-04-13,44003,Kent,13.2646,4.4713,47.5763,3.5517
2008-04-14,44003,Kent,11.804,0.1918,38.1808,2.6513
2008-04-15,44003,Kent,14.4388,0.4822,33.3798,2.2802
2008-04-16,44003,Kent,17.1701,1.3904,33.7701,1.6543
2008-04-17,44003,Kent,19.3539,2.5261,32.0,2.4284
2008-04-18,44003,Kent,23.8589,3.1273,30.976,1.704
2008-04-19,44003,Kent,22.4926,6.3709,37.4158,2.3836
2008-04-20,44003,Kent,18.5705,5.3387,48.1841,3.7313
2008-04-21,44003,Kent,15.5618,5.0842,54.6128,3.0604
2008-04-22,44003,Kent,21.0442,4.3546,49.7365,2.09
2008-04-23,44003,Kent,22.9244,7.4171,51.2321,3.6781
2008-04-24,44003,Kent,23.2295,8.8503,37.4845,3.474
2008-04-25,44003,Kent,21.7539,6.1933,33.3562,1.8441
2008-04-26,44003,Kent,15.3858,4.8748,47.0868,3.0686
2008-04-27,44003,Kent,13.3828,5.9674,55.0027,1.6973
2008-04-28,44003,Kent,14.5603,5.0249,68.4346,4.8107
2008-04-29,44003,Kent,16.6723,3.9486,64.8785,4.2707
2008-04-30,44003,Kent,12.7643,2.155,40.6613,3.306
2008-05-01,44003,Kent,15.5873,2.1362,40.7756,2.3137
2008-05-02,44003,Kent,13.2005,5.9864,63.3685,2.9507
2008-05-03,44003,Kent,11.0571,7.3029,62.7511,4.3755
2008-05-04,44003,Kent,20.3614,7.7201,60.0398,2.4903
2008-05-05,44003,Kent,19.863,8.102,47.5761,1.7204
2008-05-06,44003,Kent,22.3754,7.6999,42.2736,1.6152
2008-05-07,44003,Kent,22.2789,9.0367,39.6449,3.0139
2008-05-08,44003,Kent,24.0244,11.7699,54.861,3.8887
2008-05-09,44003,Kent,14.5935,7.8389,61.5603,4.4524
2008-05-10,44003,Kent,16.6099,7.6108,53.7983,4.2369
2008-05-11,44003,Kent,17.0286,5.7024,50.4719,3.1754
2008-05-12,44003,Kent,13.2493,6.0607,54.5652,7.2656
2008-05-13,44003,Kent,17.692,6.131,43.077,4.9989
2008-05-14,44003,Kent,20.4891,5.177,42.2639,1.9787
2008-05-15,44003,Kent,20.1858,7.2434,55.2417,2.3866
2008-05-16,44003,Kent,17.504,8.9757,59.0587,3.721
2008-05-17,44003,Kent,22.0217,8.2336,48.2933,4.5725
2008-05-18,44003,Kent,21.0808,10.8683,51.63,3.0795
2008-05-19,44003,Kent,16.7937,7.2561,47.526,6.0941
2008-05-20,44003,Kent,16.4222,4.968,57.8755,3.1625
2008-05-21,44003,Kent,19.4046,7.3842,51.9203,3.5443
2008-05-22,44003,Kent,15.6341,8.6895,52.9178,3.9482
2008-05-23,44003,Kent,21.2517,6.2108,47.4763,4.4586
2008-05-24,44003,Kent,19.9184,7.3609,47.9195,3.3246
2008-05-25,44003,Kent,23.1246,8.059,42.7178,2.4975
2008-05-26,44003,Kent,23.5841,9.3094,55.8714,5.4514
2008-05-27,44003,Kent,26.4295,13.95,58.7026,3.8184
2008-05-28,44003,Kent,18.0298,7.6855,45.4749,3.728
2008-05-29,44003,Kent,22.164,5.3204,45.9854,3.7708
2008-05-30,44003,Kent,23.9242,9.0759,46.4688,2.4261
2008-05-31,44003,Kent,22.1812,12.8614,67.5713,4.9095
2008-06-01,44003,Kent,26.181,14.6169,57.2849,3.8043
2008-06-02,44003,Kent,24.5497,10.5514,53.4573,2.7165
2008-06-03,44003,Kent,26.8202,12.4813,51.7794,3.1783
2008-06-04,44003,Kent,18.9629,14.1182,71.4554,2.2692
2008-06-05,44003,Kent,22.7581,13.3472,65.7131,2.6653
2008-06-06,44003,Kent,19.4108,13.0006,68.7045,2.8062
2008-06-07,44003,Kent,29.6899,13.0704,70.8096,3.4668
2008-06-08,44003,Kent,31.6534,20.9525,62.9723,3.2224
2008-06-09,44003,Kent,33.2533,21.105,58.8095,2.4993
2008-06-10,44003,Kent,32.3368,21.1717,60.1294,2.3234
2008-06-11,44003,Kent,27.9727,18.2003,55.2954,3.1043
2008-06-12,44003,Kent,25.0155,14.6602,49.5079,2.8222
2008-06-13,44003,Kent,25.116,12.4887,47.849,1.7508
2008-06-14,44003,Kent,27.7288,14.0539,62.398,1.4681
2008-06-15,44003,Kent,21.7744,13.5705,69.9795,2.0189
2008-06-16,44003,Kent,25.3686,12.6968,69.0593,3.4641
2008-06-17,44003,Kent,25.0309,15.3243,60.9018,3.2784
2008-06-18,44003,Kent,22.6656,10.969,59.8594,2.8567
2008-06-19,44003,Kent,23.3484,13.0711,59.9597,2.1551
2008-06-20,44003,Kent,23.5285,12.1505,61.785,2.6261
2008-06-21,44003,Kent,25.8301,16.069,59.3763,2.6744
2008-06-22,44003,Kent,26.75,15.1098,65.5455,3.0167
2008-06-23,44003,Kent,25.4231,16.5727,69.7182,2.9584
2008-06-24,44003,Kent,26.6596,15.8756,58.4784,2.8907
2008-06-25,44003,Kent,26.6756,14.0742,56.1017,3.3881
2008-06-26,44003,Kent,27.3204,15.5104,66.0227,3.3412
2008-06-27,44003,Kent,29.7581,19.0847,62.831,2.6199
2008-06-28,44003,Kent,29.1021,18.8878,63.5919,2.0244
2008-06-29,44003,Kent,30.997,19.1054,63.2649,3.3427
2008-06-30,44003,Kent,27.5683,19.6554,67.6683,3.8086
2008-07-01,44003,Kent,27.0232,18.8479,68.72,2.6078
2008-07-02,44003,Kent,26.5461,17.5364,70.4153,3.0515
2008-07-03,44003,Kent,27.6057,16.1789,71.0971,4.6125
2008-07-04,44003,Kent,25.569,18.3002,72.0217,1.3247
2008-07-05,44003,Kent,22.8992,17.4865,79.5712,1.5643
2008-07-06,44003,Kent,25.5035,18.117,76.5144,1.6968
2008-07-07,44003,Kent,27.1757,18.7583,75.4277,2.8376
2008-07-08,44003,Kent,29.1403,19.1861,74.3861,4.432
2008-07-09,44003,Kent,29.6003,21.1263,71.3639,4.8346
2008-07-10,44003,Kent,28.0467,15.2327,60.0887,3.8723
2008-07-11,44003,Kent,27.3784,13.0373,56.8927,1.39
2008-07-12,44003,Kent,28.4665,16.5637,57.6018,2.569
2008-07-13,44003,Kent,28.4741,16.7213,68.893,4.1717
2008-07-14,44003,Kent,28.5637,18.5046,65.8834,3.3444
2008-07-15,44003,Kent,30.1376,15.6224,49.0628,1.5668
2008-07-16,44003,Kent,31.4635,16.4401,46.4291,1.3648
2008-07-17,44003,Kent,33.2478,16.4936,48.0475,2.1508
2008-07-18,44003,Kent,33.9365,18.523,50.6399,2.8922
2008-07-19,44003,Kent,35.3029,20.3374,50.5872,4.2144
2008-07-20,44003,Kent,33.7879,21.6755,59.394,4.7989
2008-07-21,44003,Kent,30.9333,22.1067,65.9416,3.2297
2008-07-22,44003,Kent,30.4414,20.1023,60.8857,2.4943
2008-07-23,44003,Kent,28.4649,18.8129,71.0942,3.0853
2008-07-24,44003,Kent,25.1378,20.8306,77.0198,5.2687
2008-07-25,44003,Kent,27.2228,18.7592,66.8956,2.3823
2008-07-26,44003,Kent,27.3281,16.7823,68.7458,3.0621
2008-07-27,44003,Kent,25.4214,19.2443,77.8244,3.5174
2008-07-28,44003,Kent,27.0571,18.2624,69.3425,2.5857
2008-07-29,44003,Kent,28.4226,18.3017,65.3107,3.0382
2008-07-30,44003,Kent,28.2722,17.7863,67.6342,2.0318
2008-07-31,44003,Kent,29.2037,19.0107,74.315,1.7723
2008-08-01,44003,Kent,28.6417,17.8298,68.3878,2.0321
2008-08-02,44003,Kent,27.8831,18.4974,68.7114,2.1487
2008-08-03,44003,Kent,26.5036,17.2936,66.2438,2.7277
2008-08-04,44003,Kent,27.1146,15.3892,64.6466,2.9084
2008-08-05,44003,Kent,24.1288,16.5801,72.4713,2.1282
2008-08-06,44003,Kent,22.379,16.2413,80.5924,2.1281
2008-08-07,44003,Kent,25.5901,14.3836,72.925,2.0473
2008-08-08,44003,Kent,24.7629,15.7568,67.8266,1.5874
2008-08-09,44003,Kent,24.6992,13.9866,66.9115,2.0131
2008-08-10,44003,Kent,25.3318,16.5341,64.751,1.9506
2008-08-11,44003,Kent,22.3967,15.4862,73.4852,2.6484
2008-08-12,44003,Kent,22.3203,13.5883,71.4369,2.9603
2008-08-13,44003,Kent,25.5074,14.1233,65.9323,2.5411
2008-08-14,44003,Kent,25.2888,16.2882,70.8805,1.4074
2008-08-15,44003,Kent,25.0343,16.2618,73.3035,2.1614
2008-08-16,44003,Kent,25.6925,16.121,64.8121,2.6801
2008-08-17,44003,Kent,27.2319,13.7635,64.2576,3.5854
2008-08-18,44003,Kent,28.3399,16.2677,66.093,3.7137
2008-08-19,44003,Kent,27.4331,13.1185,64.8091,3.789
2008-08-20,44003,Kent,21.5459,8.9218,60.3425,3.0064
2008-08-21,44003,Kent,24.4896,10.503,59.4108,1.6367
2008-08-22,44003,Kent,25.7611,13.9184,61.3602,1.953
2008-08-23,44003,Kent,26.5541,13.9552,59.8895,1.5825
2008-08-24,44003,Kent,26.3208,14.0677,67.3351,2.0896
2008-08-25,44003,Kent,28.241,17.5994,67.6018,3.9753
2008-08-26,44003,Kent,21.7497,11.2327,56.7822,3.4839
2008-08-27,44003,Kent,24.1221,9.5912,53.6472,1.5909
2008-08-28,44003,Kent,26.2876,11.9922,56.079,2.2339
2008-08-29,44003,Kent,25.5953,11.9813,65.6114,1.5066
2008-08-30,44003,Kent,26.2577,16.498,72.4407,2.157
2008-08-31,44003,Kent,26.3364,13.3211,55.1791,3.3694
2008-09-01,44003,Kent,25.8254,11.0737,49.4389,3.61
2008-09-02,44003,Kent,25.9631,12.3525,57.5006,2.9259
2008-09-03,44003,Kent,26.0143,14.3579,59.917,2.0179
2008-09-04,44003,Kent,30.2132,16.2757,60.3581,3.3307
2008-09-05,44003,Kent,29.7931,16.7285,60.2266,3.5095
2008-09-06,44003,Kent,26.8214,17.9969,82.3912,4.0786
2008-09-07,44003,Kent,24.6706,15.2475,69.4935,4.0954
2008-09-08,44003,Kent,23.8519,12.973,61.9619,2.7249
2008-09-09,44003,Kent,23.9944,14.205,75.9832,3.9349
2008-09-10,44003,Kent,19.6206,12.5768,62.0395,2.6087
2008-09-11,44003,Kent,19.7973,12.0992,62.1373,1.6511
2008-09-12,44003,Kent,19.897,11.5301,82.0145,3.4675
2008-09-13,44003,Kent,24.1261,16.6487,75.3462,1.3904
2008-09-14,44003,Kent,24.1268,16.9973,82.7942,4.3352
2008-09-15,44003,Kent,26.276,14.8636,67.9511,5.4706
2008-09-16,44003,Kent,19.7176,11.4369,74.4239,1.6724
2008-09-17,44003,Kent,20.5121,12.888,68.0858,1.6614
2008-09-18,44003,Kent,20.6261,9.0896,63.7388,4.0742
2008-09-19,44003,Kent,15.3245,6.9034,65.3423,3.8042
2008-09-20,44003,Kent,18.3489,6.4984,63.9426,1.6394
2008-09-21,44003,Kent,22.7907,7.5843,66.6572,1.7257
2008-09-22,44003,Kent,19.2786,10.0501,75.5098,3.2949
2008-09-23,44003,Kent,16.5249,7.1841,65.264,3.5402
2008-09-24,44003,Kent,17.6923,6.2776,63.7642,3.1886
2008-09-25,44003,Kent,19.4356,7.3619,68.2391,4.7228
2008-09-26,44003,Kent,19.7965,12.9596,90.1958,5.4097
2008-09-27,44003,Kent,22.1541,17.078,83.5279,2.381
2008-09-28,44003,Kent,23.4922,17.0834,75.2534,1.8878
2008-09-29,44003,Kent,20.4743,14.0549,81.6825,2.0748
2008-09-30,44003,Kent,21.1644,11.3911,72.3075,2.0848
2008-10-01,44003,Kent,20.8211,11.8608,71.7898,2.5502
2008-10-02,44003,Kent,17.2694,7.3617,64.3143,5.4043
2008-10-03,44003,Kent,16.8182,5.9322,56.7225,5.5229
2008-10-04,44003,Kent,16.5511,3.8917,53.5737,3.549
2008-10-05,44003,Kent,16.7704,5.116,63.4532,1.4071
2008-10-06,44003,Kent,14.0927,3.0338,57.3815,3.4762
2008-10-07,44003,Kent,15.7056,1.9902,48.6519,3.444
2008-10-08,44003,Kent,18.599,2.2243,56.8356,2.8116
2008-10-09,44003,Kent,21.9219,9.2668,70.2818,4.5975
2008-10-10,44003,Kent,20.5684,8.13,50.0482,2.8612
2008-10-11,44003,Kent,18.8709,5.3045,52.1716,1.9698
2008-10-12,44003,Kent,18.5033,6.1203,54.4415,2.0291
2008-10-13,44003,Kent,20.1123,8.1879,60.1002,2.5865
2008-10-14,44003,Kent,17.9749,9.4367,68.002,3.2916
2008-10-15,44003,Kent,20.5456,9.6626,63.4067,1.6802
2008-10-16,44003,Kent,21.1565,8.5429,70.5132,3.9191
2008-10-17,44003,Kent,14.3446,4.7357,56.834,3.5713
2008-10-18,44003,Kent,12.1997,2.4109,55.9971,4.536
2008-10-19,44003,Kent,11.567,1.0028,56.248,5.8912
2008-10-20,44003,Kent,12.4606,0.1092,54.8466,3.7843
2008-10-21,44003,Kent,15.8999,1.6881,55.7494,3.8893
2008-10-22,44003,Kent,9.5206,2.6834,65.2093,5.7165
2008-10-23,44003,Kent,9.1036,-2.0607,53.3087,3.8012
2008-10-24,44003,Kent,13.7435,-2.8819,50.087,2.7404
2008-10-25,44003,Kent,18.2748,3.1906,78.3489,5.6403
2008-10-26,44003,Kent,18.5822,6.1365,67.1094,3.5402
2008-10-27,44003,Kent,17.496,4.4863,62.0347,1.8397
2008-10-28,44003,Kent,14.001,3.5883,66.9316,5.4592
2008-10-29,44003,Kent,7.0561,-0.1049,54.1038,7.2122
2008-10-30,44003,Kent,7.7379,-1.5661,49.2557,4.5317
2008-10-31,44003,Kent,13.076,-2.6966,58.6559,4.1346
2008-11-01,44003,Kent,15.4457,4.0079,47.0542,2.9763
2008-11-02,44003,Kent,6.6176,-2.5417,46.5303,3.4218
2008-11-03,44003,Kent,10.4982,-2.8601,73.0833,2.1588
2008-11-04,44003,Kent,16.3651,4.9489,61.2306,1.8768
2008-11-05,44003,Kent,19.0085,7.9466,62.5715,3.0849
2008-11-06,44003,Kent,18.0354,10.6577,66.6586,4.7225
2008-11-07,44003,Kent,18.4174,9.8679,68.5558,1.3778
2008-11-08,44003,Kent,17.4525,10.5419,68.1944,2.8614
2008-11-09,44003,Kent,13.4597,3.6258,58.637,4.2216
2008-11-10,44003,Kent,10.5153,1.8311,47.6066,4.7664
2008-11-11,44003,Kent,8.4973,-1.9123,50.2929,4.2005
2008-11-12,44003,Kent,7.2401,-1.3823,51.693,1.7947
2008-11-13,44003,Kent,11.6159,-0.0705,70.4425,3.2293
2008-11-14,44003,Kent,17.021,8.5795,70.3931,2.0451
2008-11-15,44003,Kent,18.986,10.7235,69.7572,4.7302
2008-11-16,44003,Kent,15.1848,2.2576,55.2703,6.7524
2008-11-17,44003,Kent,7.6585,-0.6258,46.6574,4.545
2008-11-18,44003,Kent,4.6123,-4.1468,46.447,4.8543
2008-11-19,44003,Kent,0.1744,-5.8743,40.4748,5.7862
2008-11-20,44003,Kent,0.7367,-5.9894,39.8798,4.931
2008-11-21,44003,Kent,0.3367,-6.3127,37.479,4.7421
2008-11-22,44003,Kent,-1.9889,-7.5751,36.0337,7.463
2008-11-23,44003,Kent,0.0432,-8.3319,44.59,5.6456
2008-11-24,44003,Kent,5.554,-5.3115,56.9534,3.1404
2008-11-25,44003,Kent,11.7327,1.4134,69.9359,4.8917
2008-11-26,44003,Kent,6.6124,-1.7383,57.6451,3.317
2008-11-27,44003,Kent,6.0766,-1.9137,52.6596,3.3926
2008-11-28,44003,Kent,9.0136,-2.5781,53.3389,4.0049
2008-11-29,44003,Kent,6.0689,-2.7301,49.8959,3.1507
2008-11-30,44003,Kent,8.6949,-3.3315,61.5897,4.0659
2008-12-01,44003,Kent,14.2138,3.8852,70.5846,5.9094
2008-12-02,44003,Kent,7.6053,-0.0692,53.0259,4.59
2008-12-03,44003,Kent,5.3066,-2.606,54.4278,3.5279
2008-12-04,44003,Kent,10.0538,-0.8876,64.8068,4.883
2008-12-05,44003,Kent,6.0192,-3.3072,46.5528,2.8718
2008-12-06,44003,Kent,3.5215,-5.6246,55.0274,1.9352
2008-12-07,44003,Kent,1.8981,-6.9397,69.9406,5.0702
2008-12-08,44003,Kent,-4.7549,-11.5341,47.1065,5.0752
2008-12-09,44003,Kent,8.0417,-11.1389,71.6663,4.702
2008-12-10,44003,Kent,14.8953,5.3844,74.8402,6.6856
2008-12-11,44003,Kent,9.4708,0.7003,63.6976,5.3779
2008-12-12,44003,Kent,13.8747,-3.4948,68.4547,6.5434
2008-12-13,44003,Kent,-0.5438,-6.0539,43.7021,4.5325
2008-12-14,44003,Kent,4.3645,-6.3126,64.2798,3.5553
2008-12-15,44003,Kent,12.4472,0.149,79.8694,6.2267
2008-12-16,44003,Kent,11.95,-3.418,51.2818,4.2647
2008-12-17,44003,Kent,3.9563,-3.3333,72.4012,3.4813
2008-12-18,44003,Kent,3.234,-4.329,60.6853,2.7401
2008-12-19,44003,Kent,1.5794,-4.6048,66.998,5.6023
2008-12-20,44003,Kent,-0.6564,-7.3317,64.1979,5.9985
2008-12-21,44003,Kent,2.4063,-5.8914,73.7592,6.98
2008-12-22,44003,Kent,-2.6022,-11.738,52.7729,8.3135
2008-12-23,44003,Kent,-0.5748,-12.6706,60.48,3.9033
2008-12-24,44003,Kent,8.8317,-3.072,69.947,7.3015
2008-12-25,44003,Kent,9.5676,-3.673,55.3127,5.9396
2008-12-26,44003,Kent,1.5233,-5.6135,62.8076,2.0261
2008-12-27,44003,Kent,5.9793,-1.4347,72.0219,3.9417
2008-12-28,44003,Kent,15.0611,3.0929,34.6422,6.1911
2008-12-29,44003,Kent,7.1165,-2.6789,54.4653,4.079
2008-12-30,44003,Kent,3.0637,-4.4363,49.0962,6.5045
2008-12-31,44003,Kent,0.2259,-13.6033,72.4144,5.7783
2009-01-01,44003,Kent,-7.9251,-15.0252,49.7499,7.2578
2009-01-02,44003,Kent,1.4637,-14.1594,64.2876,4.451
2009-01-03,44003,Kent,-0.2381,-7.5414,55.2588,6.6531
2009-01-04,44003,Kent,-0.0153,-8.7318,55.3954,4.2927
2009-01-05,44003,Kent,3.6675,-4.5903,56.4651,3.9916
2009-01-06,44003,Kent,0.1204,-5.6403,49.6618,2.2043
2009-01-07,44003,Kent,4.9612,-7.5948,67.861,4.9049
2009-01-08,44003,Kent,3.0313,-5.3647,52.7684,7.9584
2009-01-09,44003,Kent,-2.3986,-9.3573,42.7548,6.6002
2009-01-10,44003,Kent,-1.9465,-11.8646,50.1185,3.2442
2009-01-11,44003,Kent,-0.1614,-8.0794,61.6325,3.8361
2009-01-12,44003,Kent,-3.2022,-10.044,57.8908,3.1545
2009-01-13,44003,Kent,2.0222,-10.0038,67.375,2.6406
2009-01-14,44003,Kent,1.733,-11.2104,38.8585,5.2845
2009-01-15,44003,Kent,-7.9073,-14.8348,48.3497,4.5846
2009-01-16,44003,Kent,-8.1275,-15.9852,46.5519,4.0909
2009-01-17,44003,Kent,-6.3303,-15.7208,51.7949,2.8886
2009-01-18,44003,Kent,1.5485,-9.1701,74.1614,2.4252
2009-01-19,44003,Kent,1.3765,-4.4802,62.6549,1.4084
2009-01-20,44003,Kent,-1.1802,-7.8899,59.8186,3.231
2009-01-21,44003,Kent,-3.9797,-11.226,55.2028,4.1935
2009-01-22,44003,Kent,-0.3357,-10.6319,57.1174,5.3943
2009-01-23,44003,Kent,2.1016,-7.8723,62.6578,2.9765
2009-01-24,44003,Kent,1.5609,-13.1689,53.4193,5.806
2009-01-25,44003,Kent,-4.1763,-15.848,52.1803,3.7439
2009-01-26,44003,Kent,-3.7993,-12.5925,49.6686,2.1685
2009-01-27,44003,Kent,-3.5568,-8.86,51.8623,2.7266
2009-01-28,44003,Kent,5.0524,-7.9277,62.1219,5.6885
2009-01-29,44003,Kent,2.4623,-5.436,47.9352,4.7215
2009-01-30,44003,Kent,1.7575,-6.9178,50.1549,3.4187
2009-01-31,44003,Kent,1.111,-7.6331,38.3143,5.7602
2009-02-01,44003,Kent,7.4897,-7.7307,50.482,4.3269
2009-02-02,44003,Kent,9.2588,-1.5794,52.8212,1.8185
2009-02-03,44003,Kent,3.6749,-6.0698,60.0854,6.0916
2009-02-04,44003,Kent,-1.0426,-9.7913,50.7556,4.2168
2009-02-05,44003,Kent,-5.1846,-13.0532,47.5754,5.766
2009-02-06,44003,Kent,-1.1647,-13.7269,53.6861,3.5232
2009-02-07,44003,Kent,5.113,-8.348,60.1911,4.6537
2009-02-08,44003,Kent,12.0217,-1.9573,43.5474,5.7001
2009-02-09,44003,Kent,4.4683,-4.8485,39.307,4.178
2009-02-10,44003,Kent,6.4579,-4.2542,55.1346,2.415
2009-02-11,44003,Kent,12.0114,-0.533,56.6692,3.0656
2009-02-12,44003,Kent,12.8252,0.8088,54.1214,8.0621
2009-02-13,44003,Kent,4.9617,-6.5614,43.8394,6.479
2009-02-14,44003,Kent,4.4408,-6.8787,44.1782,4.8812
2009-02-15,44003,Kent,3.1516,-7.6664,49.2474,3.9763
2009-02-16,44003,Kent,2.6741,-7.2238,55.5768,3.2848
2009-02-17,44003,Kent,3.7976,-4.5648,42.2066,2.7048
2009-02-18,44003,Kent,5.1985,-4.5808,55.2825,3.7947
2009-02-19,44003,Kent,9.7015,-0.6039,54.2322,4.3389
2009-02-20,44003,Kent,2.4918,-5.8966,31.2914,8.1526
2009-02-21,44003,Kent,4.4097,-5.1415,41.7435,4.9354
2009-02-22,44003,Kent,8.6605,-4.2369,59.4461,4.6939
2009-02-23,44003,Kent,2.365,-6.6341,45.2051,7.9221
2009-02-24,44003,Kent,2.1191,-7.7709,42.0015,5.2264
2009-02-25,44003,Kent,2.2432,-7.3429,43.8615,2.0708
2009-02-26,44003,Kent,5.861,-4.6572,58.4589,3.0267
2009-02-27,44003,Kent,12.9565,-0.4257,62.0373,5.7307
2009-02-28,44003,Kent,9.2164,-4.0423,54.1441,4.3593
2009-03-01,44003,Kent,-0.0407,-4.3291,62.699,6.5528
2009-03-02,44003,Kent,-1.1944,-9.2064,64.8586,6.5627
2009-03-03,44003,Kent,-3.9202,-13.5258,51.9633,4.4534
2009-03-04,44003,Kent,-0.1644,-15.5036,51.5436,3.9496
2009-03-05,44003,Kent,2.6319,-9.4959,55.9124,3.0831
2009-03-06,44003,Kent,7.2086,-1.3782,61.0798,5.0614
2009-03-07,44003,Kent,15.85,1.0406,47.177,2.6791
2009-03-08,44003,Kent,15.8264,3.83,52.8766,3.59
2009-03-09,44003,Kent,6.5654,-1.0208,64.475,4.857
2009-03-10,44003,Kent,7.2274,-2.3197,54.4158,2.1005
2009-03-11,44003,Kent,10.6671,0.5456,63.7154,5.1641
2009-03-12,44003,Kent,6.5515,-4.0047,34.7797,4.4006
2009-03-13,44003,Kent,1.9691,-5.2123,42.481,2.1728
2009-03-14,44003,Kent,7.7951,-4.8704,47.0749,2.5729
2009-03-15,44003,Kent,12.2396,-0.7295,42.1443,1.7985
2009-03-16,44003,Kent,10.1524,-0.6882,48.3299,3.1281
2009-03-17,44003,Kent,10.0744,-1.6845,46.2583,2.0904
2009-03-18,44003,Kent,12.0087,-0.9793,53.9732,4.8983
2009-03-19,44003,Kent,11.7119,1.6451,54.9308,2.6431
2009-03-20,44003,Kent,6.8362,-2.7483,40.5539,3.4443
2009-03-21,44003,Kent,7.1746,-3.6956,33.941,2.5204
2009-03-22,44003,Kent,7.9489,-1.7763,44.1779,4.1441
2009-03-23,44003,Kent,2.3069,-5.6488,28.5576,5.6867
2009-03-24,44003,Kent,6.4728,-5.745,38.6331,5.8752
2009-03-25,44003,Kent,10.5466,-3.5923,36.966,2.4537
2009-03-26,44003,Kent,10.5718,-1.1029,49.4384,2.5932
2009-03-27,44003,Kent,16.718,3.1402,48.8873,1.7734
2009-03-28,44003,Kent,13.9813,2.8208,55.6102,2.8593
2009-03-29,44003,Kent,15.4178,4.3572,64.2771,3.3164
2009-03-30,44003,Kent,10.5176,3.1387,60.1439,5.4708
2009-03-31,44003,Kent,11.4763,2.1856,49.0102,2.6609
2009-04-01,44003,Kent,8.9653,0.3699,60.4872,3.3939
2009-04-02,44003,Kent,15.4595,4.9735,62.5952,1.8829
2009-04-03,44003,Kent,16.0293,8.1256,63.2037,4.87
2009-04-04,44003,Kent,11.2948,3.9136,52.7465,7.091
2009-04-05,44003,Kent,14.6962,2.3648,43.1837,4.5048
2009-04-06,44003,Kent,13.0412,3.2374,63.8092,4.0796
2009-04-07,44003,Kent,11.2201,2.4703,53.9052,5.397
2009-04-08,44003,Kent,7.9526,0.4094,46.2792,5.3985
2009-04-09,44003,Kent,14.9577,1.3799,40.0803,3.6292
2009-04-10,44003,Kent,17.8612,4.5582,40.3545,2.5252
2009-04-11,44003,Kent,9.6654,4.1176,64.5882,5.3647
2009-04-12,44003,Kent,7.6127,-0.5578,37.3884,6.1116
2009-04-13,44003,Kent,11.8138,-1.7835,34.7227,4.2464
2009-04-14,44003,Kent,13.7767,1.8248,39.0632,2.4648
2009-04-15,44003,Kent,11.1892,0.6736,41.1497,5.9072
2009-04-16,44003,Kent,13.1136,-0.7576,36.4401,3.2192
2009-04-17,44003,Kent,18.3101,-0.016,36.5029,3.5907
2009-04-18,44003,Kent,18.585,5.7617,39.3629,2.5185
2009-04-19,44003,Kent,14.9072,2.5465,46.0348,3.326
2009-04-20,44003,Kent,12.6301,0.3802,56.4435,6.3139
2009-04-21,44003,Kent,18.8752,8.0346,59.0531,4.3848
2009-04-22,44003,Kent,17.3307,7.7714,56.2118,3.4846
2009-04-23,44003,Kent,13.8201,5.019,45.9987,6.1011
2009-04-24,44003,Kent,17.7118,2.839,43.8636,3.4293
2009-04-25,44003,Kent,23.7103,6.1256,55.0251,3.6985
2009-04-26,44003,Kent,29.0267,13.0273,42.643,2.4113
2009-04-27,44003,Kent,25.3256,10.69,48.1982,2.9201
2009-04-28,44003,Kent,28.5853,11.0711,45.0695,4.4106
2009-04-29,44003,Kent,17.6093,4.6884,39.0253,3.5365
2009-04-30,44003,Kent,17.6265,2.589,43.6328,3.273
2009-05-01,44003,Kent,21.625,8.9684,63.7434,5.5339
2009-05-02,44003,Kent,20.0592,10.8165,56.6914,2.603
2009-05-03,44003,Kent,15.6368,9.0999,58.1856,1.7875
2009-05-04,44003,Kent,15.9398,8.0641,64.3998,2.3423
2009-05-05,44003,Kent,13.9902,9.1275,66.1273,3.5643
2009-05-06,44003,Kent,17.4074,8.8475,68.2922,1.7563
2009-05-07,44003,Kent,20.5629,10.7545,69.0998,4.0366
2009-05-08,44003,Kent,22.7414,11.4468,58.112,2.9251
2009-05-09,44003,Kent,22.7215,12.0254,65.3218,3.6982
2009-05-10,44003,Kent,19.0581,8.7607,51.6276,6.5434
2009-05-11,44003,Kent,15.2986,6.3826,49.9657,2.7184
2009-05-12,44003,Kent,18.305,6.8686,49.0378,1.476
2009-05-13,44003,Kent,20.5301,7.214,46.7293,2.6196
2009-05-14,44003,Kent,17.7455,6.5979,70.0989,5.5689
2009-05-15,44003,Kent,24.645,11.8507,58.3665,2.7117
2009-05-16,44003,Kent,20.9511,10.7844,67.4279,2.9147
2009-05-17,44003,Kent,20.1653,10.3607,64.6902,3.1713
2009-05-18,44003,Kent,14.0224,7.4499,52.2089,2.1271
2009-05-19,44003,Kent,17.6928,4.9696,47.6829,2.5887
2009-05-20,44003,Kent,25.2414,6.36,45.9276,3.3712
2009-05-21,44003,Kent,24.8601,9.9845,49.907,4.7623
2009-05-22,44003,Kent,27.2565,11.2664,53.8116,3.2543
2009-05-23,44003,Kent,21.1805,11.3722,56.4588,2.9401
2009-05-24,44003,Kent,23.4376,10.3583,68.5411,2.9068
2009-05-25,44003,Kent,24.2767,10.8982,48.5328,2.912
2009-05-26,44003,Kent,16.3775,6.2769,51.6936,2.9294
2009-05-27,44003,Kent,16.1191,7.8637,69.3023,2.4629
2009-05-28,44003,Kent,16.9105,11.2072,67.488,3.7348
2009-05-29,44003,Kent,20.542,10.9388,69.3217,1.9006
2009-05-30,44003,Kent,23.9891,12.8351,57.1229,3.0835
2009-05-31,44003,Kent,22.9566,9.3208,51.7197,4.4199
2009-06-01,44003,Kent,18.2881,3.3455,57.3198,3.677
2009-06-02,44003,Kent,24.8712,10.7574,64.9534,2.1166
2009-06-03,44003,Kent,21.8717,12.5648,60.7582,1.2764
2009-06-04,44003,Kent,20.8293,11.7508,63.9525,1.3199
2009-06-05,44003,Kent,17.2407,11.049,75.2335,3.5303
2009-06-06,44003,Kent,22.4631,11.9163,65.9712,2.7452
2009-06-07,44003,Kent,23.6472,12.1452,61.3954,2.3749
2009-06-08,44003,Kent,20.9605,13.9079,62.0708,1.7336
2009-06-09,44003,Kent,16.6643,12.347,73.8592,3.1733
2009-06-10,44003,Kent,23.0989,11.6375,72.5885,2.3652
2009-06-11,44003,Kent,21.3359,13.1777,76.1777,2.85
2009-06-12,44003,Kent,23.8016,15.1642,76.3248,2.3459
2009-06-13,44003,Kent,24.2953,14.8303,69.4743,2.0326
2009-06-14,44003,Kent,18.548,12.845,73.4521,1.947
2009-06-15,44003,Kent,19.572,11.6511,69.2884,1.8717
2009-06-16,44003,Kent,20.1601,9.9252,64.8871,2.1579
2009-06-17,44003,Kent,20.4416,8.8195,61.0413,1.8264
2009-06-18,44003,Kent,19.3621,10.1317,83.1436,4.1862
2009-06-19,44003,Kent,22.9027,16.0085,76.8888,2.3792
2009-06-20,44003,Kent,23.9936,16.255,70.2573,1.8153
2009-06-21,44003,Kent,22.0632,16.1326,75.0008,4.2136
2009-06-22,44003,Kent,19.2883,14.1087,78.2656,5.6304
2009-06-23,44003,Kent,20.2908,14.8447,77.2187,3.338
2009-06-24,44003,Kent,21.0722,15.7857,76.377,1.8236
2009-06-25,44003,Kent,23.5672,15.9598,74.7071,1.7736
2009-06-26,44003,Kent,24.8487,16.862,73.6586,2.6183
2009-06-27,44003,Kent,25.77,16.0651,68.8597,1.342
2009-06-28,44003,Kent,23.1589,16.4837,74.836,2.0533
2009-06-29,44003,Kent,25.0624,16.2847,71.8715,2.4278
2009-06-30,44003,Kent,25.6372,17.0657,68.1247,2.6925
2009-07-01,44003,Kent,22.8592,15.5475,80.1086,2.4628
2009-07-02,44003,Kent,24.3517,15.3344,81.0294,2.9536
2009-07-03,44003,Kent,24.5805,16.6938,70.674,3.1144
2009-07-04,44003,Kent,24.8459,15.1317,64.2008,4.1834
2009-07-05,44003,Kent,24.5037,12.1608,60.7172,3.3791
2009-07-06,44003,Kent,25.3573,13.8961,61.5418,1.4071
2009-07-07,44003,Kent,21.6619,15.0629,73.9758,1.8835
2009-07-08,44003,Kent,23.5708,14.3104,70.1985,1.4719
2009-07-09,44003,Kent,20.2315,11.908,71.2209,2.7635
2009-07-10,44003,Kent,23.2318,10.2416,61.1165,1.6252
2009-07-11,44003,Kent,23.6663,11.3292,68.5327,3.8093
2009-07-12,44003,Kent,26.0857,14.4207,62.5603,3.2742
2009-07-13,44003,Kent,23.35,11.841,60.0252,3.3334
2009-07-14,44003,Kent,23.5822,12.928,54.6505,2.8994
2009-07-15,44003,Kent,24.7642,11.9865,58.8706,3.1961
2009-07-16,44003,Kent,26.1908,14.6078,75.9098,3.643
2009-07-17,44003,Kent,28.6213,18.0583,67.8327,2.3584
2009-07-18,44003,Kent,28.3779,17.9107,68.8979,3.3153
2009-07-19,44003,Kent,25.9549,15.4713,58.7952,3.2917
2009-07-20,44003,Kent,26.6894,14.6763,62.7312,1.6517
2009-07-21,44003,Kent,23.8428,17.0012,80.8881,2.6565
2009-07-22,44003,Kent,27.1392,18.4446,69.1822,2.6273
2009-07-23,44003,Kent,26.3529,17.4012,69.042,3.7696
2009-07-24,44003,Kent,23.1155,16.9449,73.5495,2.5075
2009-07-25,44003,Kent,26.7729,17.4528,65.4204,3.0365
2009-07-26,44003,Kent,27.5633,17.3363,75.655,3.4835
2009-07-27,44003,Kent,26.253,19.8056,74.1342,3.5711
2009-07-28,44003,Kent,28.4452,20.0695,68.2085,2.6729
2009-07-29,44003,Kent,28.7521,20.4325,71.9797,3.5602
2009-07-30,44003,Kent,28.9322,20.4099,68.5017,3.5197
2009-07-31,44003,Kent,25.9032,18.371,81.0705,3.3676
2009-08-01,44003,Kent,26.9118,16.8644,70.0345,2.246
2009-08-02,44003,Kent,26.5037,16.1216,80.4501,3.104
2009-08-03,44003,Kent,28.1437,18.4433,68.3059,1.7335
2009-08-04,44003,Kent,27.8932,17.4478,71.7074,3.0021
2009-08-05,44003,Kent,28.8921,18.3998,76.8488,2.969
2009-08-06,44003,Kent,23.7562,15.1316,67.9118,2.2413
2009-08-07,44003,Kent,25.1368,13.3405,56.0955,3.5378
2009-08-08,44003,Kent,23.69,11.3531,54.5951,1.7338
2009-08-09,44003,Kent,21.0173,12.8152,85.9019,2.4339
2009-08-10,44003,Kent,30.4223,17.3802,73.3471,2.9974
2009-08-11,44003,Kent,29.8779,21.8951,68.2727,1.5041
2009-08-12,44003,Kent,25.3265,17.8946,77.9356,2.702
2009-08-13,44003,Kent,20.7264,16.7384,84.4148,3.6372
2009-08-14,44003,Kent,27.6528,15.2006,66.8479,1.6318
2009-08-15,44003,Kent,30.4981,16.1548,65.519,2.7379
2009-08-16,44003,Kent,31.2056,18.6773,64.887,2.6083
2009-08-17,44003,Kent,31.5412,19.0621,65.6333,3.0081
2009-08-18,44003,Kent,31.7944,19.8177,61.5426,3.6343
2009-08-19,44003,Kent,31.0746,20.103,66.4271,3.0935
2009-08-20,44003,Kent,29.0674,20.6004,72.5635,2.304
2009-08-21,44003,Kent,28.6187,20.7865,78.7905,3.9835
2009-08-22,44003,Kent,29.6004,21.8108,73.874,2.8871
2009-08-23,44003,Kent,28.5566,20.3856,73.6669,2.7535
2009-08-24,44003,Kent,29.7562,20.0337,65.972,1.9399
2009-08-25,44003,Kent,28.123,18.695,66.8782,2.1468
2009-08-26,44003,Kent,29.8049,18.515,65.0127,3.8283
2009-08-27,44003,Kent,23.6847,14.7543,55.3629,2.0944
2009-08-28,44003,Kent,23.8108,12.5817,62.8832,2.7697
2009-08-29,44003,Kent,22.9246,16.2061,84.095,2.9115
2009-08-30,44003,Kent,25.176,15.3891,76.4285,2.3953
2009-08-31,44003,Kent,21.3679,13.6791,66.6629,2.814
2009-09-01,44003,Kent,20.6393,11.563,60.4942,2.2859
2009-09-02,44003,Kent,22.11,11.5082,59.4784,1.6894
2009-09-03,44003,Kent,23.5867,9.4704,63.8879,1.327
2009-09-04,44003,Kent,26.6887,11.0872,61.5801,1.941
2009-09-05,44003,Kent,26.4527,14.096,65.3943,1.3399
2009-09-06,44003,Kent,20.3131,9.5693,69.2144,3.8948
2009-09-07,44003,Kent,21.3664,7.7771,68.3022,1.6173
2009-09-08,44003,Kent,24.7318,10.6666,69.8532,1.2381
2009-09-09,44003,Kent,24.0306,10.47,66.4276,4.4307
2009-09-10,44003,Kent,19.4925,9.215,64.9957,5.3471
2009-09-11,44003,Kent,18.6193,10.1923,90.1936,6.2661
2009-09-12,44003,Kent,22.5383,14.8379,80.647,3.0548
2009-09-13,44003,Kent,24.2559,14.8259,73.5002,2.3526
2009-09-14,44003,Kent,23.2242,11.5244,64.1743,2.748
2009-09-15,44003,Kent,25.9556,12.6516,61.6085,2.6013
2009-09-16,44003,Kent,17.8053,10.0853,77.3767,4.8986
2009-09-17,44003,Kent,18.5462,8.2942,67.6413,2.9092
2009-09-18,44003,Kent,21.7332,8.9797,67.4907,4.8799
2009-09-19,44003,Kent,17.6845,7.8263,51.558,3.3829
2009-09-20,44003,Kent,20.4036,5.9214,57.716,2.5368
2009-09-21,44003,Kent,22.6475,6.9653,64.0442,2.448
2009-09-22,44003,Kent,25.2622,9.1429,74.192,3.1899
2009-09-23,44003,Kent,25.1979,15.886,76.6629,4.2968
2009-09-24,44003,Kent,26.9665,16.2579,64.5,2.6222
2009-09-25,44003,Kent,18.4514,4.8166,58.2971,4.6612
2009-09-26,44003,Kent,17.4353,3.091,62.8373,2.8678
2009-09-27,44003,Kent,20.2663,10.0892,95.5655,4.6455
2009-09-28,44003,Kent,22.4378,13.3813,73.3091,4.5165
2009-09-29,44003,Kent,19.6761,11.6909,65.1729,5.2754
2009-09-30,44003,Kent,16.1646,6.9829,67.4765,4.0669
2009-10-01,44003,Kent,13.8496,5.1058,59.1173,3.3194
2009-10-02,44003,Kent,16.0012,5.5305,62.4697,3.1586
2009-10-03,44003,Kent,20.9251,11.8762,79.5016,2.8436
2009-10-04,44003,Kent,21.8358,11.3785,66.0476,1.9662
2009-10-05,44003,Kent,18.7347,8.5857,58.2994,4.282
2009-10-06,44003,Kent,18.4924,6.3448,58.9354,3.6131
2009-10-07,44003,Kent,20.4704,8.0871,62.5466,7.2688
2009-10-08,44003,Kent,16.6333,6.4664,55.543,4.3271
2009-10-09,44003,Kent,18.148,6.8094,81.2792,3.03
2009-10-10,44003,Kent,19.5288,4.8175,72.5112,3.4857
2009-10-11,44003,Kent,16.6371,2.0651,52.0844,3.8303
2009-10-12,44003,Kent,11.4864,0.813,52.9576,2.0677
2009-10-13,44003,Kent,14.7948,2.4882,66.6964,4.5041
2009-10-14,44003,Kent,10.7242,-0.6777,54.038,3.3041
2009-10-15,44003,Kent,8.4612,1.1046,65.7343,4.8416
2009-10-16,44003,Kent,6.7333,2.4924,72.2151,5.9511
2009-10-17,44003,Kent,10.0548,2.4642,70.8028,5.067
2009-10-18,44003,Kent,8.9033,2.1229,78.3405,7.2736
2009-10-19,44003,Kent,11.9714,0.6625,55.5013,2.9374
2009-10-20,44003,Kent,15.8714,0.1541,63.3625,2.958
2009-10-21,44003,Kent,17.7266,7.0695,61.8285,1.6621
2009-10-22,44003,Kent,19.9633,9.5995,63.1167,4.0037
2009-10-23,44003,Kent,14.0125,4.7995,59.6396,5.0772
2009-10-24,44003,Kent,20.3212,5.734,86.1518,6.063
2009-10-25,44003,Kent,17.9218,5.3856,65.0479,3.5785
2009-10-26,44003,Kent,13.8711,2.5329,55.681,2.0691
2009-10-27,44003,Kent,14.035,3.4152,79.5967,3.1914
2009-10-28,44003,Kent,12.8381,6.7919,78.9968,6.6875
2009-10-29,44003,Kent,11.5249,5.4565,67.5142,3.7051
2009-10-30,44003,Kent,13.1369,5.043,66.4087,2.2752
2009-10-31,44003,Kent,19.6044,7.1607,82.3831,5.9279
2009-11-01,44003,Kent,15.983,5.8953,63.6153,3.5311
2009-11-02,44003,Kent,10.0065,4.1206,69.9973,4.2058
2009-11-03,44003,Kent,12.8098,3.0942,65.3439,3.5268
2009-11-04,44003,Kent,9.0082,0.8512,52.4419,2.4177
2009-11-05,44003,Kent,9.4055,3.5213,62.948,1.1546
2009-11-06,44003,Kent,8.214,1.2873,58.9318,4.3814
2009-11-07,44003,Kent,8.24,-1.6392,61.8008,3.2534
2009-11-08,44003,Kent,16.769,3.8954,58.8782,2.7854
2009-11-09,44003,Kent,16.8938,5.1282,60.8343,3.2712
2009-11-10,44003,Kent,18.9547,8.5203,59.9978,2.4309
2009-11-11,44003,Kent,11.2456,3.3956,64.7051,4.924
2009-11-12,44003,Kent,10.0904,3.3662,69.357,6.8381
2009-11-13,44003,Kent,12.6585,5.2437,76.3229,7.9786
2009-11-14,44003,Kent,13.7738,9.7169,82.5716,5.1154
2009-11-15,44003,Kent,18.5998,12.1792,78.9085,1.2792
2009-11-16,44003,Kent,14.9691,4.1538,63.6405,3.5667
2009-11-17,44003,Kent,9.7168,0.5233,55.7945,3.538
2009-11-18,44003,Kent,9.6822,0.0183,68.7751,1.7014
2009-11-19,44003,Kent,14.2603,2.8791,77.0587,1.9581
2009-11-20,44003,Kent,16.3954,5.4192,75.845,4.4005
2009-11-21,44003,Kent,12.6859,2.8146,62.7075,2.7202
2009-11-22,44003,Kent,11.0612,1.4573,66.1927,3.7732
2009-11-23,44003,Kent,9.6084,2.1797,81.0193,5.225
2009-11-24,44003,Kent,11.7002,5.7967,75.9056,4.709
2009-11-25,44003,Kent,12.9,5.131,77.244,2.1708
2009-11-26,44003,Kent,13.4103,7.6824,73.8266,1.9176
2009-11-27,44003,Kent,9.2942,4.7167,73.1465,5.8955
2009-11-28,44003,Kent,8.8448,1.9906,62.1292,8.1094
2009-11-29,44003,Kent,10.2105,0.6204,66.1597,3.8434
2009-11-30,44003,Kent,12.8714,4.1885,71.3256,3.5563
2009-12-01,44003,Kent,5.6531,-1.5396,51.0265,4.3331
2009-12-02,44003,Kent,11.1647,0.0756,62.129,3.5685
2009-12-03,44003,Kent,18.4017,8.1608,59.234,7.0075
2009-12-04,44003,Kent,10.5133,2.7496,50.2163,2.4518
2009-12-05,44003,Kent,6.6165,0.7244,63.4683,4.7986
2009-12-06,44003,Kent,2.6763,-3.5552,55.1488,5.0136
2009-12-07,44003,Kent,4.5224,-3.4242,56.7818,2.3395
2009-12-08,44003,Kent,4.1068,-2.9459,52.8269,3.1908
2009-12-09,44003,Kent,9.6416,-1.7343,71.6176,6.2037
2009-12-10,44003,Kent,7.5507,-3.2867,46.1335,7.2267
2009-12-11,44003,Kent,-1.5755,-6.3795,37.9971,8.797
2009-12-12,44003,Kent,-1.378,-7.6303,45.7399,5.3205
2009-12-13,44003,Kent,5.7558,-7.2623,66.9825,4.0115
2009-12-14,44003,Kent,6.3792,-1.4911,60.3025,2.6318
2009-12-15,44003,Kent,8.141,0.8768,60.726,3.6849
2009-12-16,44003,Kent,3.8024,-5.1768,39.6743,6.1137
2009-12-17,44003,Kent,-3.3278,-12.2368,46.3595,6.6978
2009-12-18,44003,Kent,-4.9342,-13.585,53.8406,3.7942
2009-12-19,44003,Kent,-1.0954,-10.6797,63.671,5.6888
2009-12-20,44003,Kent,-1.6334,-7.0849,54.6602,7.3817
2009-12-21,44003,Kent,-1.8819,-10.2706,48.3059,6.6485
2009-12-22,44003,Kent,-3.8551,-11.843,55.488,5.5588
2009-12-23,44003,Kent,-6.0583,-13.672,57.472,5.0676
2009-12-24,44003,Kent,1.0383,-10.6219,71.4281,4.3386
2009-12-25,44003,Kent,2.5878,-3.5399,63.6846,3.4128
2009-12-26,44003,Kent,5.0326,-1.7672,67.0272,6.5419
2009-12-27,44003,Kent,12.8328,0.5304,62.1388,5.0455
2009-12-28,44003,Kent,5.7193,-3.2074,56.4543,4.3169
2009-12-29,44003,Kent,-0.6469,-13.917,74.1117,8.878
2009-12-30,44003,Kent,-2.5174,-14.1447,48.0959,4.2464
2009-12-31,44003,Kent,2.0945,-6.4375,68.4532,1.4689
2010-01-01,44003,Kent,1.7023,-2.9892,71.8437,1.7195
2010-01-02,44003,Kent,-1.2508,-10.2088,80.8223,6.0808
2010-01-03,44003,Kent,-3.9604,-10.4761,56.8137,8.0549
2010-01-04,44003,Kent,0.0931,-8.403,58.6291,5.4259
2010-01-05,44003,Kent,-1.6291,-6.9137,58.6619,4.4184
2010-01-06,44003,Kent,-0.2089,-6.0214,55.9321,4.9781
2010-01-07,44003,Kent,3.7038,-6.2805,53.4542,4.3324
2010-01-08,44003,Kent,-2.0981,-8.0441,68.4354,3.233
2010-01-09,44003,Kent,-2.4639,-13.96,52.0534,5.2051
2010-01-10,44003,Kent,-3.1121,-13.956,45.0139,4.2557
2010-01-11,44003,Kent,0.7676,-11.7935,57.2699,3.958
2010-01-12,44003,Kent,0.8396,-10.9274,52.7559,4.5786
2010-01-13,44003,Kent,-1.5321,-9.9842,43.0195,4.2165
2010-01-14,44003,Kent,1.819,-6.8219,60.5027,2.2369
2010-01-15,44003,Kent,7.1779,-4.0589,53.5988,3.7812
2010-01-16,44003,Kent,7.5274,-3.9006,51.1613,3.2451
2010-01-17,44003,Kent,4.3673,-3.0818,67.6107,4.3441
2010-01-18,44003,Kent,2.0295,-1.5479,71.0779,6.302
2010-01-19,44003,Kent,2.5666,-0.7623,73.2798,1.8209
2010-01-20,44003,Kent,3.3007,-3.2321,64.3992,3.4111
2010-01-21,44003,Kent,5.3834,-6.2152,48.362,2.2476
2010-01-22,44003,Kent,4.0206,-5.9193,53.0683,3.9825
2010-01-23,44003,Kent,3.7739,-7.6487,47.9186,2.8257
2010-01-24,44003,Kent,10.7812,-6.5754,50.4407,2.6379
2010-01-25,44003,Kent,13.0796,2.8499,64.8226,6.8268
2010-01-26,44003,Kent,7.2806,-2.4408,55.7822,4.4503
2010-01-27,44003,Kent,5.3937,-4.926,48.7197,3.833
2010-01-28,44003,Kent,1.5527,-11.9982,66.8899,5.247
2010-01-29,44003,Kent,-7.3349,-15.506,29.435,8.6747
2010-01-30,44003,Kent,-6.3531,-15.0869,30.2415,4.5489
2010-01-31,44003,Kent,-1.773,-10.4647,31.8692,4.2743
2010-02-01,44003,Kent,1.1878,-8.0159,38.0664,5.0709
2010-02-02,44003,Kent,-0.9293,-7.2799,43.7284,1.6727
2010-02-03,44003,Kent,0.892,-6.2057,65.5454,2.5619
2010-02-04,44003,Kent,1.1575,-8.3471,45.1782,4.9917
2010-02-05,44003,Kent,2.3139,-7.4391,40.6982,3.5025
2010-02-06,44003,Kent,-4.3043,-11.0589,54.8672,6.9153
2010-02-07,44003,Kent,0.6925,-9.3499,43.605,5.9315
2010-02-08,44003,Kent,0.9476,-6.9216,45.5474,5.976
2010-02-09,44003,Kent,4.5052,-5.4777,46.3503,3.226
2010-02-10,44003,Kent,1.3847,-2.5276,69.1366,7.2737
2010-02-11,44003,Kent,4.2299,-5.919,57.8755,5.7354
2010-02-12,44003,Kent,3.6462,-7.0732,50.7266,4.3766
2010-02-13,44003,Kent,1.828,-6.3875,55.0477,3.7935
2010-02-14,44003,Kent,3.8512,-3.1009,50.6302,5.8175
2010-02-15,44003,Kent,4.9898,-2.1968,49.8616,4.5257
2010-02-16,44003,Kent,1.3272,-3.059,72.6975,3.8046
2010-02-17,44003,Kent,2.1269,-2.475,59.8878,4.4661
2010-02-18,44003,Kent,7.3911,-0.4872,48.4242,5.1911
2010-02-19,44003,Kent,6.1655,-1.4774,49.0957,5.792
2010-02-20,44003,Kent,9.0529,-1.7676,46.0796,4.0925
2010-02-21,44003,Kent,5.1779,-2.7191,46.6658,4.545
2010-02-22,44003,Kent,8.4453,-1.9535,45.3244,2.9098
2010-02-23,44003,Kent,4.3904,0.6924,66.6208,5.6517
2010-02-24,44003,Kent,7.3031,2.4524,62.9449,5.125
2010-02-25,44003,Kent,8.9088,-0.2329,69.1522,5.0058
2010-02-26,44003,Kent,3.1348,-0.6595,66.8435,3.8418
2010-02-27,44003,Kent,3.2963,-2.8677,67.237,2.315
2010-02-28,44003,Kent,3.8286,-1.0854,61.0795,2.7608
2010-03-01,44003,Kent,8.7473,0.3732,52.8163,6.6257
2010-03-02,44003,Kent,9.3588,0.2733,51.8887,2.1515
2010-03-03,44003,Kent,2.3064,-0.165,69.12,6.5205
2010-03-04,44003,Kent,4.0783,-0.5445,56.8456,5.2339
2010-03-05,44003,Kent,7.0968,-2.6615,46.0108,4.6417
2010-03-06,44003,Kent,13.6483,-1.5552,26.4086,3.2126
2010-03-07,44003,Kent,14.1984,0.8667,34.2012,3.3383
2010-03-08,44003,Kent,15.9361,1.3295,37.1779,3.7117
2010-03-09,44003,Kent,12.5081,-2.6528,36.5787,2.2618
2010-03-10,44003,Kent,13.7616,0.1779,37.0797,0.934
2010-03-11,44003,Kent,9.0401,3.1187,55.4718,3.2586
2010-03-12,44003,Kent,9.8019,2.892,53.747,5.9947
2010-03-13,44003,Kent,9.2729,3.3977,65.4108,9.7524
2010-03-14,44003,Kent,9.8452,4.6372,65.9181,8.5783
2010-03-15,44003,Kent,6.1462,2.3284,70.8271,8.2886
2010-03-16,44003,Kent,12.9041,-1.2686,42.2011,4.5004
2010-03-17,44003,Kent,17.5538,1.8395,34.0313,2.9235
2010-03-18,44003,Kent,19.3378,2.4601,37.2163,3.4967
2010-03-19,44003,Kent,20.9574,2.9651,35.5504,2.2562
2010-03-20,44003,Kent,22.396,5.4971,35.2712,2.7615
2010-03-21,44003,Kent,16.7719,4.6981,50.2144,2.6203
2010-03-22,44003,Kent,11.0967,5.0675,86.6896,2.9473
2010-03-23,44003,Kent,8.6619,4.6341,99.2192,2.7889
2010-03-24,44003,Kent,12.8215,1.3426,46.1952,5.995
2010-03-25,44003,Kent,16.9274,3.5198,41.8322,3.7851
2010-03-26,44003,Kent,5.4987,-4.5999,69.3791,5.6857
2010-03-27,44003,Kent,5.4007,-3.58,35.48,2.9774
2010-03-28,44003,Kent,9.8585,0.3157,57.5052,4.3009
2010-03-29,44003,Kent,11.7456,7.6299,79.2094,5.3783
2010-03-30,44003,Kent,12.5765,5.0274,74.2113,4.4502
2010-03-31,44003,Kent,10.3684,5.5542,73.7419,2.6358
2010-04-01,44003,Kent,17.1321,3.5776,59.5417,2.005
2010-04-02,44003,Kent,20.1769,4.5768,54.4826,1.8873
2010-04-03,44003,Kent,20.7763,6.6755,50.7666,3.3245
2010-04-04,44003,Kent,24.1459,6.5817,40.3875,3.2308
2010-04-05,44003,Kent,21.6852,7.706,40.0812,3.0542
2010-04-06,44003,Kent,21.6797,7.724,51.4894,1.7839
2010-04-07,44003,Kent,32.0405,10.7965,37.1323,3.4845
2010-04-08,44003,Kent,20.6888,10.4123,61.6224,3.1278
2010-04-09,44003,Kent,13.0808,4.2037,85.9332,4.1475
2010-04-10,44003,Kent,14.6497,4.916,37.9889,5.4303
2010-04-11,44003,Kent,21.717,4.4856,37.8333,3.5505
2010-04-12,44003,Kent,17.4448,2.3293,36.7749,2.4845
2010-04-13,44003,Kent,15.1649,0.6647,42.8948,1.7546
2010-04-14,44003,Kent,18.7423,4.6737,35.5571,3.0653
2010-04-15,44003,Kent,19.3,3.8763,33.7515,3.486
2010-04-16,44003,Kent,9.1795,3.7502,67.4112,4.1165
2010-04-17,44003,Kent,7.7499,3.6724,78.9201,1.7882
2010-04-18,44003,Kent,11.6552,3.6721,56.3612,3.0492
2010-04-19,44003,Kent,15.5444,5.7374,44.7509,3.827
2010-04-20,44003,Kent,20.1883,5.1626,42.6579,2.7773
2010-04-21,44003,Kent,21.2314,6.3322,44.5031,2.698
2010-04-22,44003,Kent,20.5048,6.1585,55.5561,2.8946
2010-04-23,44003,Kent,17.9089,4.3182,46.1993,3.854
2010-04-24,44003,Kent,19.8925,8.4201,34.6856,2.7706
2010-04-25,44003,Kent,13.4529,8.0184,63.5432,2.4922
2010-04-26,44003,Kent,15.0837,7.5203,64.9892,3.8379
2010-04-27,44003,Kent,10.9025,0.1685,80.6406,3.567
2010-04-28,44003,Kent,9.541,3.6799,52.7667,6.3396
2010-04-29,44003,Kent,17.665,2.4861,34.5841,5.6309
2010-04-30,44003,Kent,24.4905,11.1449,30.1202,3.817
2010-05-01,44003,Kent,25.6272,12.182,45.3537,1.9531
2010-05-02,44003,Kent,27.6423,14.5487,59.4895,3.3675
2010-05-03,44003,Kent,26.6531,11.8864,67.8053,4.7447
2010-05-04,44003,Kent,26.8652,10.1456,45.7358,4.0055
2010-05-05,44003,Kent,25.6388,12.4319,38.9394,3.4052
2010-05-06,44003,Kent,25.3358,8.6968,53.7379,5.1224
2010-05-07,44003,Kent,22.4699,10.1992,40.1853,3.5132
2010-05-08,44003,Kent,20.8894,5.1817,62.2065,5.0001
2010-05-09,44003,Kent,12.873,2.9716,46.2369,7.2317
2010-05-10,44003,Kent,14.9206,1.5939,40.9176,4.7699
2010-05-11,44003,Kent,14.4911,5.9366,42.2953,2.4859
2010-05-12,44003,Kent,10.3838,2.5157,72.9579,1.8856
2010-05-13,44003,Kent,19.1998,8.2679,43.471,2.9682
2010-05-14,44003,Kent,20.5985,9.1989,69.3925,3.3776
2010-05-15,44003,Kent,22.0062,9.3877,51.224,4.4632
2010-05-16,44003,Kent,22.8912,7.1935,43.0414,2.7391
2010-05-17,44003,Kent,24.3487,8.0059,36.927,2.3231
2010-05-18,44003,Kent,15.044,8.0066,67.0954,4.1594
2010-05-19,44003,Kent,15.151,10.0566,76.2104,3.2779
2010-05-20,44003,Kent,26.6984,12.1605,51.2076,3.0804
2010-05-21,44003,Kent,25.7389,10.7347,52.2772,2.4875
2010-05-22,44003,Kent,22.8517,12.7317,57.0568,2.7308
2010-05-23,44003,Kent,24.1607,13.6114,63.6301,2.6275
2010-05-24,44003,Kent,25.6578,14.0645,64.0417,2.0748
2010-05-25,44003,Kent,29.7733,16.1163,55.6003,3.1531
2010-05-26,44003,Kent,34.835,13.585,55.6175,2.4595
2010-05-27,44003,Kent,23.0648,11.1169,68.2084,2.5394
2010-05-28,44003,Kent,23.8024,11.5814,55.9711,1.4226
2010-05-29,44003,Kent,24.5689,14.5112,64.1107,3.7072
2010-05-30,44003,Kent,27.3723,14.8708,51.0627,3.1411
2010-05-31,44003,Kent,24.8623,15.3591,47.6561,2.816
2010-06-01,44003,Kent,28.0529,16.105,67.318,3.9806
2010-06-02,44003,Kent,27.0135,15.5154,63.7194,2.1458
2010-06-03,44003,Kent,26.7,16.2558,72.7577,3.3641
2010-06-04,44003,Kent,27.7504,17.2236,66.9655,1.8306
2010-06-05,44003,Kent,27.793,18.4264,71.8312,3.4321
2010-06-06,44003,Kent,26.9902,12.3255,81.3279,4.5428
2010-06-07,44003,Kent,23.366,10.0264,50.7424,3.7762
2010-06-08,44003,Kent,20.8928,7.7996,52.7668,3.1268
2010-06-09,44003,Kent,20.0366,10.6991,57.8334,2.3037
2010-06-10,44003,Kent,18.4669,12.3411,81.4885,1.7203
2010-06-11,44003,Kent,19.6131,12.0507,72.4221,2.2315
2010-06-12,44003,Kent,21.0067,15.0475,70.4645,2.3511
2010-06-13,44003,Kent,19.8299,15.043,79.2301,2.2823
2010-06-14,44003,Kent,23.4942,12.931,79.7464,1.6323
2010-06-15,44003,Kent,25.1919,11.2266,61.8171,2.0935
2010-06-16,44003,Kent,23.9774,15.4294,62.9991,3.1546
2010-06-17,44003,Kent,23.325,13.169,76.4263,3.8087
2010-06-18,44003,Kent,29.6368,14.8915,55.469,2.5535
2010-06-19,44003,Kent,27.0095,17.2161,60.4249,3.8179
2010-06-20,44003,Kent,29.6936,18.4887,69.8074,3.0013
2010-06-21,44003,Kent,30.4619,16.886,60.5397,1.9371
2010-06-22,44003,Kent,28.418,18.6583,56.819,2.0533
2010-06-23,44003,Kent,28.9523,18.2795,69.3885,2.7463
2010-06-24,44003,Kent,31.5314,17.7798,66.2416,4.4585
2010-06-25,44003,Kent,27.8193,16.8086,57.2112,2.2296
2010-06-26,44003,Kent,29.1174,17.7266,61.6336,2.8677
2010-06-27,44003,Kent,29.7444,20.5283,66.0412,2.417
2010-06-28,44003,Kent,32.7851,21.4462,66.4789,4.3023
2010-06-29,44003,Kent,30.9325,14.3392,67.3912,3.3906
2010-06-30,44003,Kent,24.2782,11.8171,49.9871,3.2913
2010-07-01,44003,Kent,22.9095,12.3751,53.316,3.7871
2010-07-02,44003,Kent,26.1445,12.5641,49.3372,2.3259
2010-07-03,44003,Kent,29.0245,16.3081,49.8163,2.8154
2010-07-04,44003,Kent,33.1662,18.0002,49.4205,3.2446
2010-07-05,44003,Kent,34.9265,20.9273,43.7727,2.2262
2010-07-06,44003,Kent,37.1144,22.4011,51.2624,1.5722
2010-07-07,44003,Kent,33.3165,21.5223,59.1159,1.9541
2010-07-08,44003,Kent,29.7675,21.0913,66.4903,2.9815
2010-07-09,44003,Kent,29.8995,22.1351,67.7778,3.262
2010-07-10,44003,Kent,29.1618,19.2673,71.2044,1.9589
2010-07-11,44003,Kent,31.0729,19.7305,60.7534,1.6464
2010-07-12,44003,Kent,30.1598,21.8304,59.3091,3.1537
2010-07-13,44003,Kent,29.6921,22.4089,67.1976,3.5048
2010-07-14,44003,Kent,27.3554,19.2433,85.0152,1.8406
2010-07-15,44003,Kent,26.5685,19.0078,79.8572,2.4272
2010-07-16,44003,Kent,30.6742,21.338,70.8213,3.7529
2010-07-17,44003,Kent,31.8954,21.2336,64.3192,3.9084
2010-07-18,44003,Kent,31.5804,18.4441,60.3614,3.704
2010-07-19,44003,Kent,27.9486,20.0488,75.9622,2.8846
2010-07-20,44003,Kent,29.1581,19.7936,70.476,1.9999
2010-07-21,44003,Kent,30.019,19.1766,72.4121,2.8846
2010-07-22,44003,Kent,28.7422,16.9828,62.1942,3.9298
2010-07-23,44003,Kent,24.941,18.6425,71.7983,1.9094
2010-07-24,44003,Kent,31.0422,22.399,73.8255,1.3774
2010-07-25,44003,Kent,31.3069,15.8306,71.5666,3.6674
2010-07-26,44003,Kent,28.3282,16.288,51.2098,3.9936
2010-07-27,44003,Kent,30.4991,16.9696,50.6422,2.9603
2010-07-28,44003,Kent,29.7421,22.0052,59.6323,4.6193
2010-07-29,44003,Kent,29.8468,14.8864,76.1523,3.7451
2010-07-30,44003,Kent,26.4002,14.5728,51.1098,2.2619
2010-07-31,44003,Kent,25.0877,13.0514,56.3109,1.7561
2010-08-01,44003,Kent,25.1991,13.8365,65.4902,2.1989
2010-08-02,44003,Kent,25.8782,17.0392,60.7821,2.2618
2010-08-03,44003,Kent,27.6657,21.0125,61.6803,4.6338
2010-08-04,44003,Kent,30.3625,22.4695,67.7936,4.8882
2010-08-05,44003,Kent,30.5277,19.7391,74.5472,3.8187
2010-08-06,44003,Kent,29.8065,12.9337,59.8801,3.5039
2010-08-07,44003,Kent,25.8513,15.0398,47.5317,2.2282
2010-08-08,44003,Kent,28.9277,18.8417,58.7175,3.1435
2010-08-09,44003,Kent,32.0651,20.5821,56.7254,3.3688
2010-08-10,44003,Kent,30.5179,20.4782,65.1793,2.3864
2010-08-11,44003,Kent,29.2927,16.9959,64.8015,1.8508
2010-08-12,44003,Kent,26.987,17.5354,55.2809,2.6999
2010-08-13,44003,Kent,26.5177,11.9825,55.0367,2.5674
2010-08-14,44003,Kent,25.9944,13.3213,50.4105,2.0641
2010-08-15,44003,Kent,24.6178,17.3319,64.8733,3.1043
2010-08-16,44003,Kent,26.2117,19.2323,84.0447,3.7825
2010-08-17,44003,Kent,30.4915,17.3005,74.3644,3.5982
2010-08-18,44003,Kent,27.9541,14.3962,59.1755,1.1674
2010-08-19,44003,Kent,29.8755,17.337,51.8054,1.8036
2010-08-20,44003,Kent,29.4747,13.0402,54.3501,2.4775
2010-08-21,44003,Kent,26.3032,17.156,51.3519,1.8357
2010-08-22,44003,Kent,21.0532,16.7969,99.446,5.2613
2010-08-23,44003,Kent,18.3396,15.4496,93.7631,7.3917
2010-08-24,44003,Kent,18.1457,15.938,89.2813,6.0726
2010-08-25,44003,Kent,21.0478,16.1966,78.1571,3.4954
2010-08-26,44003,Kent,27.6472,13.58,71.3888,3.2333
2010-08-27,44003,Kent,25.1837,11.0627,59.2664,2.609
2010-08-28,44003,Kent,26.9838,14.4409,53.8089,2.3696
2010-08-29,44003,Kent,32.4892,16.694,52.4485,2.8062
2010-08-30,44003,Kent,32.0468,18.0062,47.7311,2.9201
2010-08-31,44003,Kent,33.5812,19.2123,54.4461,2.8188
2010-09-01,44003,Kent,33.3455,19.9454,52.5778,2.6213
2010-09-02,44003,Kent,32.7322,19.8085,56.4298,3.8354
2010-09-03,44003,Kent,26.9128,20.421,80.4939,4.0561
2010-09-04,44003,Kent,26.1421,12.6904,63.7323,5.8599
2010-09-05,44003,Kent,22.6064,9.4924,55.1606,4.3494
2010-09-06,44003,Kent,24.1418,13.4809,50.4952,2.398
2010-09-07,44003,Kent,27.1752,18.4752,62.4201,4.3889
2010-09-08,44003,Kent,28.091,13.4482,63.4364,4.9893
2010-09-09,44003,Kent,21.556,13.0747,61.8253,4.2368
2010-09-10,44003,Kent,19.768,10.8797,67.2542,3.8757
2010-09-11,44003,Kent,21.9513,9.8321,62.5286,2.8733
2010-09-12,44003,Kent,18.1154,11.9082,70.809,3.5016
2010-09-13,44003,Kent,18.7951,12.3665,73.677,2.4577
2010-09-14,44003,Kent,24.0914,9.7127,56.0588,3.3759
2010-09-15,44003,Kent,20.0143,6.2384,49.7866,3.9759
2010-09-16,44003,Kent,20.5555,11.3127,65.9636,4.2679
2010-09-17,44003,Kent,21.5208,10.7138,86.7136,3.6069
2010-09-18,44003,Kent,19.8324,9.8466,73.905,2.0132
2010-09-19,44003,Kent,23.6125,12.4731,70.1322,1.5585
2010-09-20,44003,Kent,21.4913,6.3836,63.7038,3.8629
2010-09-21,44003,Kent,20.881,11.1455,50.1732,3.8635
2010-09-22,44003,Kent,27.5887,15.4042,64.389,5.1514
2010-09-23,44003,Kent,24.2446,13.9024,66.8158,2.0651
2010-09-24,44003,Kent,25.8683,16.8132,72.7983,4.6214
2010-09-25,44003,Kent,29.2742,13.763,65.1403,4.2035
2010-09-26,44003,Kent,21.9871,13.8836,64.566,4.493
2010-09-27,44003,Kent,21.4569,14.869,82.4101,3.8421
2010-09-28,44003,Kent,24.2851,18.5172,80.4474,5.3347
2010-09-29,44003,Kent,26.6286,17.3888,67.5073,3.0019
2010-09-30,44003,Kent,25.149,20.6259,77.2056,5.3578
2010-10-01,44003,Kent,25.2746,10.4471,74.7711,6.06
2010-10-02,44003,Kent,18.9722,6.7135,57.6805,2.8145
2010-10-03,44003,Kent,14.1725,9.0093,69.464,5.5212
2010-10-04,44003,Kent,15.5415,10.712,71.3753,7.0165
2010-10-05,44003,Kent,15.1062,12.3167,82.4011,4.5639
2010-10-06,44003,Kent,15.7796,8.3645,82.575,2.6228
2010-10-07,44003,Kent,18.432,7.5778,61.7901,5.493
2010-10-08,44003,Kent,21.3015,7.4595,51.4112,4.4972
2010-10-09,44003,Kent,18.6361,2.1029,46.4228,4.0403
2010-10-10,44003,Kent,17.8442,4.4888,45.6297,3.8633
2010-10-11,44003,Kent,20.4386,8.2826,50.8374,2.3245
2010-10-12,44003,Kent,18.3804,3.3371,70.3621,2.2327
2010-10-13,44003,Kent,16.9592,3.1273,51.0586,1.5698
2010-10-14,44003,Kent,15.8981,6.3047,70.6479,3.933
2010-10-15,44003,Kent,12.9127,6.8925,72.7948,7.518
2010-10-16,44003,Kent,14.258,3.7177,57.1957,6.8493
2010-10-17,44003,Kent,18.2663,4.7602,50.9556,4.2547
2010-10-18,44003,Kent,15.2807,3.1272,47.6011,3.9267
2010-10-19,44003,Kent,14.5873,3.1701,53.3247,2.0199
2010-10-20,44003,Kent,16.1564,2.8151,63.2621,2.3446
2010-10-21,44003,Kent,14.9708,2.2031,64.2798,4.4311
2010-10-22,44003,Kent,10.1398,0.5909,50.8692,6.0637
2010-10-23,44003,Kent,14.8954,3.9487,52.2554,4.2731
2010-10-24,44003,Kent,11.531,6.4258,70.7147,2.1232
2010-10-25,44003,Kent,19.6097,8.9963,74.4635,3.38
2010-10-26,44003,Kent,22.8485,16.3874,64.3226,3.7144
2010-10-27,44003,Kent,20.6843,16.118,77.2553,4.7004
2010-10-28,44003,Kent,23.2126,6.0442,69.3739,3.9284
2010-10-29,44003,Kent,13.1993,2.4581,58.1898,4.5782
2010-10-30,44003,Kent,13.2568,4.4923,53.2464,5.7581
2010-10-31,44003,Kent,14.408,-1.0125,54.3506,5.0556
2010-11-01,44003,Kent,9.7691,0.2325,44.0151,4.6023
2010-11-02,44003,Kent,8.8401,-3.6094,48.3058,3.2679
2010-11-03,44003,Kent,10.5275,-1.111,50.7488,1.6846
2010-11-04,44003,Kent,14.3276,5.8345,78.2698,4.1113
2010-11-05,44003,Kent,15.0151,4.6274,80.2652,4.0121
2010-11-06,44003,Kent,9.7989,2.7384,62.3332,3.0901
2010-11-07,44003,Kent,6.809,0.6456,61.4075,5.1522
2010-11-08,44003,Kent,8.3048,2.4292,65.7248,6.0305
2010-11-09,44003,Kent,11.5206,6.1657,67.5296,6.5295
2010-11-10,44003,Kent,8.5269,3.4868,67.6815,7.0922
2010-11-11,44003,Kent,9.9506,1.9932,51.3913,5.9259
2010-11-12,44003,Kent,14.7096,1.4294,46.7453,4.2659
2010-11-13,44003,Kent,18.006,0.7643,40.5474,2.6753
2010-11-14,44003,Kent,13.8144,3.2607,53.745,2.7129
2010-11-15,44003,Kent,12.958,7.2951,68.4274,2.129
2010-11-16,44003,Kent,15.4687,7.9952,64.5042,2.5481
2010-11-17,44003,Kent,16.7438,5.7222,65.5756,7.6756
2010-11-18,44003,Kent,11.2844,-0.3342,53.8579,4.6669
2010-11-19,44003,Kent,7.3083,-2.7429,51.9588,3.4632
2010-11-20,44003,Kent,10.3899,-1.4031,52.9143,5.6281
2010-11-21,44003,Kent,5.6508,-0.906,48.2085,3.1382
2010-11-22,44003,Kent,14.1448,3.8711,66.1059,3.9985
2010-11-23,44003,Kent,16.485,4.3469,69.9741,4.3211
2010-11-24,44003,Kent,8.1497,-2.8737,41.5789,6.692
2010-11-25,44003,Kent,6.6994,-1.6127,35.0109,2.6373
2010-11-26,44003,Kent,10.5645,-2.7058,69.4867,4.3684
2010-11-27,44003,Kent,5.3562,-3.8822,48.4748,5.2207
2010-11-28,44003,Kent,6.2935,-4.4782,42.4224,3.5195
2010-11-29,44003,Kent,7.9125,-3.6509,48.7741,1.508
2010-11-30,44003,Kent,10.2647,0.4806,67.9169,3.7344
2010-12-01,44003,Kent,13.7102,0.5663,89.7348,7.4753
2010-12-02,44003,Kent,6.6882,-1.0761,52.7302,4.3084
2010-12-03,44003,Kent,4.008,-1.3341,49.9707,3.8478
2010-12-04,44003,Kent,4.6179,-3.7309,50.0121,4.9987
2010-12-05,44003,Kent,1.1469,-4.4625,49.849,4.7499
2010-12-06,44003,Kent,-0.3036,-3.94,47.7027,6.9311
2010-12-07,44003,Kent,1.5225,-4.1216,44.9045,6.4403
2010-12-08,44003,Kent,-0.2626,-8.2072,45.7842,6.1693
2010-12-09,44003,Kent,-3.0369,-13.1201,45.5942,5.2263
2010-12-10,44003,Kent,-1.1055,-11.7643,58.1425,2.0155
2010-12-11,44003,Kent,7.6034,-4.1102,57.6069,1.8972
2010-12-12,44003,Kent,12.9973,2.7308,67.7128,7.5462
2010-12-13,44003,Kent,9.9945,-5.2625,94.0749,4.2748
2010-12-14,44003,Kent,-2.9176,-9.6895,59.506,5.0308
2010-12-15,44003,Kent,-5.2218,-9.5365,44.8386,6.4082
2010-12-16,44003,Kent,0.5177,-10.2677,55.1586,3.5035
2010-12-17,44003,Kent,1.5696,-8.9681,58.4977,3.2004
2010-12-18,44003,Kent,3.4068,-7.3712,55.5714,1.8526
2010-12-19,44003,Kent,1.8924,-5.3862,66.529,3.1156
2010-12-20,44003,Kent,-1.4857,-4.351,66.4444,6.1612
2010-12-21,44003,Kent,3.997,-2.7936,58.0784,6.6606
2010-12-22,44003,Kent,4.0812,-1.764,56.6627,5.3934
2010-12-23,44003,Kent,2.5351,-3.3569,59.4849,6.8654
2010-12-24,44003,Kent,2.7655,-7.3914,53.2607,4.7724
2010-12-25,44003,Kent,0.1674,-7.3668,54.0314,2.1772
2010-12-26,44003,Kent,-0.8496,-5.2607,77.2918,7.3574
2010-12-27,44003,Kent,-1.9738,-8.8382,70.2321,9.9675
2010-12-28,44003,Kent,0.8008,-7.6013,48.778,6.8484
2010-12-29,44003,Kent,2.5351,-7.8563,69.736,3.6535
2010-12-30,44003,Kent,5.853,-7.6072,53.1943,2.9659
2010-12-31,44003,Kent,6.5502,-1.4721,52.9135,3.4224
2011-01-01,44003,Kent,6.5502,-1.4721,58.4053,3.1164
2011-01-02,44003,Kent,5.4903,-0.8352,68.9056,2.5442
2011-01-03,44003,Kent,1.8661,-5.2488,57.9436,4.7756
2011-01-04,44003,Kent,3.3613,-4.7992,39.6957,4.1736
2011-01-05,44003,Kent,3.1402,-5.8104,58.1446,3.5317
2011-01-06,44003,Kent,0.2399,-6.9553,49.8516,2.0922
2011-01-07,44003,Kent,1.1567,-6.2421,55.0902,2.6173
2011-01-08,44003,Kent,2.0736,-3.5703,66.2232,1.9244
2011-01-09,44003,Kent,0.4456,-6.9953,70.2368,5.7062
2011-01-10,44003,Kent,-0.6455,-8.1008,57.6044,6.0579
2011-01-11,44003,Kent,0.646,-8.9755,59.9602,2.6954
2011-01-12,44003,Kent,1.9397,-6.0654,69.5012,5.7756
2011-01-13,44003,Kent,-0.3367,-12.1131,67.9457,6.1715
2011-01-14,44003,Kent,-1.3726,-13.7514,57.2452,3.1768
2011-01-15,44003,Kent,1.4079,-12.2153,51.8911,3.1538
2011-01-16,44003,Kent,1.0049,-10.2396,71.9531,4.4632
2011-01-17,44003,Kent,-5.1343,-12.5079,57.1008,2.9127
2011-01-18,44003,Kent,3.8233,-8.0676,59.1356,4.267
2011-01-19,44003,Kent,2.5987,-2.9702,74.1904,2.7879
2011-01-20,44003,Kent,0.8068,-5.297,65.9557,3.0757
2011-01-21,44003,Kent,1.3325,-9.7916,72.2316,3.1346
2011-01-22,44003,Kent,-3.4619,-12.1195,55.6748,3.8379
2011-01-23,44003,Kent,-4.9109,-16.9449,58.4136,3.1949
2011-01-24,44003,Kent,-9.2664,-19.9133,50.5353,4.385
2011-01-25,44003,Kent,1.3899,-12.5571,56.1259,2.1747
2011-01-26,44003,Kent,1.1076,-8.3605,66.5579,3.3699
2011-01-27,44003,Kent,1.3028,-6.2058,67.541,6.5064
2011-01-28,44003,Kent,1.0749,-7.3422,57.7756,1.8936
2011-01-29,44003,Kent,1.6997,-6.1633,62.385,1.6768
2011-01-30,44003,Kent,1.2522,-7.2526,61.9224,2.7554
2011-01-31,44003,Kent,-2.7454,-11.1806,58.6148,3.3824
2011-02-01,44003,Kent,0.9108,-8.983,58.2559,3.4744
2011-02-02,44003,Kent,3.4018,-4.4052,67.527,3.8091
2011-02-03,44003,Kent,-0.5201,-12.7404,73.5943,3.901
2011-02-04,44003,Kent,0.5967,-13.098,53.1601,4.4489
2011-02-05,44003,Kent,4.2314,-9.8863,57.471,2.6354
2011-02-06,44003,Kent,4.6251,-4.316,70.2421,5.3483
2011-02-07,44003,Kent,4.6355,-4.1861,57.0563,1.6815
2011-02-08,44003,Kent,3.5625,-10.424,83.5086,3.1895
2011-02-09,44003,Kent,-0.4213,-12.0819,47.9023,6.9086
2011-02-10,44003,Kent,-1.8159,-11.2779,55.5601,4.3984
2011-02-11,44003,Kent,-0.0243,-11.5003,46.1298,3.9671
2011-02-12,44003,Kent,3.3218,-7.3044,55.5313,3.4762
2011-02-13,44003,Kent,3.5029,-7.4507,52.5414,5.4221
2011-02-14,44003,Kent,8.5477,-1.013,54.3101,5.3248
2011-02-15,44003,Kent,2.2688,-9.0014,47.9156,7.2964
2011-02-16,44003,Kent,3.8264,-9.5783,41.7217,3.871
2011-02-17,44003,Kent,8.4652,-1.0106,51.2819,2.9761
2011-02-18,44003,Kent,14.29,0.1283,54.6639,3.8409
2011-02-19,44003,Kent,6.9472,-11.2371,55.3544,7.5551
2011-02-20,44003,Kent,0.8494,-12.2547,38.2531,7.1875
2011-02-21,44003,Kent,-0.1517,-11.5655,63.4929,3.4154
2011-02-22,44003,Kent,0.3234,-12.3054,41.4187,5.0872
2011-02-23,44003,Kent,3.1285,-11.4448,39.2461,3.7275
2011-02-24,44003,Kent,4.8907,-7.3592,43.8777,2.2605
2011-02-25,44003,Kent,8.0542,-3.5504,68.3727,4.2123
2011-02-26,44003,Kent,4.5843,-4.3984,46.5631,5.0781
2011-02-27,44003,Kent,4.0683,-4.4529,64.7666,1.8031
2011-02-28,44003,Kent,7.8804,-3.5125,58.6609,4.5497
2011-03-01,44003,Kent,5.0306,-5.0873,52.3613,5.2718
2011-03-02,44003,Kent,7.6563,-7.6467,49.5377,4.6721
2011-03-03,44003,Kent,-1.4617,-11.122,41.1064,5.9522
2011-03-04,44003,Kent,2.9211,-10.5816,38.728,2.5508
2011-03-05,44003,Kent,9.881,-1.4508,59.4516,4.2953
2011-03-06,44003,Kent,13.7429,4.5525,65.0454,5.6586
2011-03-07,44003,Kent,11.0783,-3.2063,78.912,6.8095
2011-03-08,44003,Kent,6.7404,-3.9888,38.5084,3.6093
2011-03-09,44003,Kent,6.0692,-3.9447,52.2219,4.1606
2011-03-10,44003,Kent,9.9006,-0.9056,59.197,5.9677
2011-03-11,44003,Kent,14.2782,2.6583,69.0789,6.3861
2011-03-12,44003,Kent,10.2338,0.0717,60.4009,5.2086
2011-03-13,44003,Kent,12.2186,0.8507,52.7734,4.0739
2011-03-14,44003,Kent,5.9785,-0.7215,60.5494,2.4764
2011-03-15,44003,Kent,6.8952,-1.8547,56.4063,1.7547
2011-03-16,44003,Kent,12.6425,-1.3318,57.8185,2.9279
2011-03-17,44003,Kent,15.6166,0.1446,49.6778,2.6669
2011-03-18,44003,Kent,21.6493,2.4505,41.2741,5.0424
2011-03-19,44003,Kent,9.8913,0.2351,52.3138,3.4207
2011-03-20,44003,Kent,8.0917,-1.0799,43.8835,1.9489
2011-03-21,44003,Kent,7.3005,-0.9196,56.0898,3.8346
2011-03-22,44003,Kent,9.5661,0.1792,58.0911,4.6342
2011-03-23,44003,Kent,5.5465,-1.2078,52.6613,2.0185
2011-03-24,44003,Kent,5.0224,-1.8455,60.5773,3.8704
2011-03-25,44003,Kent,6.1854,-4.2708,46.8227,3.0195
2011-03-26,44003,Kent,4.1407,-5.3274,35.1859,5.1286
2011-03-27,44003,Kent,5.2349,-5.0826,33.4992,4.8278
2011-03-28,44003,Kent,6.5182,-5.6304,32.9737,5.4228
2011-03-29,44003,Kent,7.1915,-2.3341,38.2126,4.0895
2011-03-30,44003,Kent,10.3667,-1.4264,41.4596,2.7301
2011-03-31,44003,Kent,7.5431,0.3241,58.7021,2.9136
2011-04-01,44003,Kent,6.4333,0.5717,63.4174,5.0483
2011-04-02,44003,Kent,11.5219,0.4314,49.8713,5.0854
2011-04-03,44003,Kent,12.769,0.4818,36.6321,5.1888
2011-04-04,44003,Kent,11.164,2.1642,50.4802,3.5627
2011-04-05,44003,Kent,15.116,1.3463,74.8919,5.2912
2011-04-06,44003,Kent,11.2693,0.2867,44.4654,6.1897
2011-04-07,44003,Kent,12.0763,-0.0274,49.3313,2.3588
2011-04-08,44003,Kent,12.4257,-0.1785,45.0911,1.8298
2011-04-09,44003,Kent,13.8399,0.6612,44.5127,1.686
2011-04-10,44003,Kent,15.5793,0.7844,44.3101,2.6958
2011-04-11,44003,Kent,18.8516,5.461,61.0191,4.9136
2011-04-12,44003,Kent,17.9648,6.0835,65.9716,4.2636
2011-04-13,44003,Kent,14.3811,5.8165,62.6822,5.3096
2011-04-14,44003,Kent,17.227,6.1223,57.9973,2.2717
2011-04-15,44003,Kent,10.3525,-0.7167,60.5425,3.3532
2011-04-16,44003,Kent,11.2344,-0.6013,55.8802,5.867
2011-04-17,44003,Kent,15.7489,6.2016,60.1602,8.1934
2011-04-18,44003,Kent,15.6268,4.9317,46.2941,4.7919
2011-04-19,44003,Kent,14.1213,5.784,62.3477,2.3699
2011-04-20,44003,Kent,18.8501,6.0252,58.3183,4.2705
2011-04-21,44003,Kent,12.9955,1.3485,71.0973,5.1995
2011-04-22,44003,Kent,12.1057,-0.8228,42.0348,3.1645
2011-04-23,44003,Kent,12.3234,4.5066,63.0388,4.4745
2011-04-24,44003,Kent,22.404,9.1386,58.6953,3.2473
2011-04-25,44003,Kent,19.5428,8.9082,72.6912,1.3224
2011-04-26,44003,Kent,23.588,8.8364,62.0711,3.5253
2011-04-27,44003,Kent,23.6331,11.6348,64.3707,4.6545
2011-04-28,44003,Kent,21.8458,12.4402,67.5298,6.2836
2011-04-29,44003,Kent,22.4884,10.0478,55.4455,3.33
2011-04-30,44003,Kent,17.5058,7.3009,52.1987,3.0746
2011-05-01,44003,Kent,17.2447,5.4222,45.7104,2.4169
2011-05-02,44003,Kent,19.4746,4.5582,47.2705,2.0152
2011-05-03,44003,Kent,20.2405,10.4956,56.1642,2.5539
2011-05-04,44003,Kent,21.5149,9.3092,64.8064,3.7023
2011-05-05,44003,Kent,13.8505,5.3892,65.415,4.7566
2011-05-06,44003,Kent,19.8958,3.735,42.9801,3.9238
2011-05-07,44003,Kent,21.6121,7.7349,53.7933,3.0366
2011-05-08,44003,Kent,20.6757,9.2915,53.3856,2.8682
2011-05-09,44003,Kent,18.155,8.5881,52.8945,4.1856
2011-05-10,44003,Kent,14.6659,8.5661,59.2608,5.5222
2011-05-11,44003,Kent,16.6514,8.3433,61.0381,5.2331
2011-05-12,44003,Kent,17.508,9.0996,57.3366,4.1643
2011-05-13,44003,Kent,19.2837,8.8989,58.2162,1.5437
2011-05-14,44003,Kent,18.2844,9.7421,63.1543,2.0048
2011-05-15,44003,Kent,20.0282,10.8212,66.724,3.17
2011-05-16,44003,Kent,19.4048,11.9037,71.2446,3.1509
2011-05-17,44003,Kent,19.0789,11.7503,70.565,4.5189
2011-05-18,44003,Kent,19.4606,12.4892,71.1301,5.0276
2011-05-19,44003,Kent,21.4702,12.6505,68.2735,3.2492
2011-05-20,44003,Kent,22.1056,11.7489,66.8261,2.1771
2011-05-21,44003,Kent,22.2297,11.4248,63.5301,1.2457
2011-05-22,44003,Kent,18.4817,10.2355,70.2442,2.9544
2011-05-23,44003,Kent,17.9626,10.2646,68.1902,3.6917
2011-05-24,44003,Kent,26.3957,13.6831,64.2904,4.3411
2011-05-25,44003,Kent,25.7967,12.7964,64.3784,2.1936
2011-05-26,44003,Kent,25.4647,11.9251,63.8019,3.1445
2011-05-27,44003,Kent,28.5095,15.8014,63.9937,2.8913
2011-05-28,44003,Kent,26.9841,15.3127,66.6597,3.0448
2011-05-29,44003,Kent,26.6949,16.4965,66.6246,3.4728
2011-05-30,44003,Kent,30.1519,18.0406,60.5112,2.75
2011-05-31,44003,Kent,28.4116,14.7377,62.4685,1.6142
2011-06-01,44003,Kent,27.4084,14.8993,63.0928,4.2154
2011-06-02,44003,Kent,22.86,9.7378,74.7953,5.3713
2011-06-03,44003,Kent,20.5399,8.515,51.9098,5.0353
2011-06-04,44003,Kent,22.2835,8.2631,48.5737,2.3223
2011-06-05,44003,Kent,20.563,8.0294,60.6141,1.6089
2011-06-06,44003,Kent,24.3656,12.2397,59.7374,1.4157
2011-06-07,44003,Kent,28.3898,13.1183,57.9679,1.7362
2011-06-08,44003,Kent,30.9288,16.817,60.4949,2.0592
2011-06-09,44003,Kent,33.3856,20.4679,63.6273,3.2184
2011-06-10,44003,Kent,28.266,17.1402,69.8667,2.3565
2011-06-11,44003,Kent,19.3246,14.0538,84.0632,3.578
2011-06-12,44003,Kent,23.1294,14.1808,67.6124,2.635
2011-06-13,44003,Kent,22.2883,13.2235,73.2212,1.0694
2011-06-14,44003,Kent,19.4844,12.9457,69.9511,2.0872
2011-06-15,44003,Kent,25.3747,12.0704,55.9058,2.6392
2011-06-16,44003,Kent,27.8975,12.4861,59.2304,2.7557
2011-06-17,44003,Kent,23.636,14.0912,73.8869,3.6138
2011-06-18,44003,Kent,26.8584,16.3086,66.7887,3.0431
2011-06-19,44003,Kent,25.431,13.9886,63.6252,2.6167
2011-06-20,44003,Kent,24.6331,12.022,54.9326,1.3277
2011-06-21,44003,Kent,27.1594,13.325,60.5683,1.7337
2011-06-22,44003,Kent,26.82,17.3014,68.7942,2.067
2011-06-23,44003,Kent,26.2726,15.3467,74.7141,2.1906
2011-06-24,44003,Kent,24.8074,14.6721,70.4138,2.8593
2011-06-25,44003,Kent,25.6585,14.4754,69.6305,1.8538
2011-06-26,44003,Kent,26.2645,16.9699,67.8296,2.0754
2011-06-27,44003,Kent,27.8634,17.3953,64.7176,1.698
2011-06-28,44003,Kent,27.4416,17.248,67.7265,2.1187
2011-06-29,44003,Kent,28.7086,15.8897,72.7155,2.6978
2011-06-30,44003,Kent,25.6123,14.4078,64.2701,3.4257
2011-07-01,44003,Kent,25.6246,13.4277,60.4471,2.2822
2011-07-02,44003,Kent,25.6115,16.3469,68.4839,1.0837
2011-07-03,44003,Kent,27.0128,16.1537,73.2804,2.8906
2011-07-04,44003,Kent,29.5116,17.7356,70.8376,2.4968
2011-07-05,44003,Kent,29.5599,18.1616,65.227,2.1623
2011-07-06,44003,Kent,29.2165,17.4583,66.925,3.0906
2011-07-07,44003,Kent,29.5869,19.9335,69.3636,2.0991
2011-07-08,44003,Kent,26.0323,19.1676,76.0539,2.1519
2011-07-09,44003,Kent,28.8462,16.5841,70.4795,2.5424
2011-07-10,44003,Kent,26.9258,16.3255,59.2905,1.8887
2011-07-11,44003,Kent,29.6383,17.0526,69.1404,2.9865
2011-07-12,44003,Kent,31.7862,20.4493,70.9188,3.9553
2011-07-13,44003,Kent,29.7476,17.5839,66.5948,2.306
2011-07-14,44003,Kent,24.281,13.9641,70.6605,3.9171
2011-07-15,44003,Kent,27.4069,13.38,56.395,2.0818
2011-07-16,44003,Kent,28.5432,15.0281,59.6425,2.374
2011-07-17,44003,Kent,30.6461,17.5646,61.3391,3.8103
2011-07-18,44003,Kent,30.9587,19.4871,66.5215,4.6854
2011-07-19,44003,Kent,30.714,19.8811,68.6487,2.0281
2011-07-20,44003,Kent,30.3337,19.0642,64.6222,2.3439
2011-07-21,44003,Kent,32.4266,19.976,68.6119,4.629
2011-07-22,44003,Kent,36.7878,22.8815,62.1782,3.5784
2011-07-23,44003,Kent,34.7408,22.6303,57.9247,2.211
2011-07-24,44003,Kent,32.7169,17.4809,69.1832,2.0073
2011-07-25,44003,Kent,24.2693,17.1425,71.44,2.482
2011-07-26,44003,Kent,28.6441,17.5584,65.7856,2.3396
2011-07-27,44003,Kent,28.463,17.8803,64.1538,2.7706
2011-07-28,44003,Kent,28.6586,17.682,58.8526,1.6335
2011-07-29,44003,Kent,26.5759,18.8451,74.7226,2.9981
2011-07-30,44003,Kent,31.9174,18.4271,62.4256,2.9634
2011-07-31,44003,Kent,30.4806,16.948,55.3689,2.0078
2011-08-01,44003,Kent,31.8878,17.9195,58.2691,3.0368
2011-08-02,44003,Kent,31.2227,18.0476,57.58,2.8806
2011-08-03,44003,Kent,27.7896,16.9073,59.2078,1.5709
2011-08-04,44003,Kent,27.4062,17.1459,63.9511,1.7801
2011-08-05,44003,Kent,27.3907,17.1871,63.8715,1.6807
2011-08-06,44003,Kent,29.3829,18.6909,64.7575,3.3645
2011-08-07,44003,Kent,24.3469,20.2655,84.8856,3.4775
2011-08-08,44003,Kent,29.5216,20.4155,73.8851,1.7381
2011-08-09,44003,Kent,27.4272,15.4049,82.1299,2.3411
2011-08-10,44003,Kent,28.4025,15.9076,70.7801,2.4054
2011-08-11,44003,Kent,26.483,14.1163,69.7418,2.8339
2011-08-12,44003,Kent,26.1151,12.8469,58.3148,2.7306
2011-08-13,44003,Kent,27.9526,14.8352,59.0177,2.0929
2011-08-14,44003,Kent,24.4974,17.3693,80.7407,2.638
2011-08-15,44003,Kent,23.1037,12.3643,99.2589,3.9267
2011-08-16,44003,Kent,21.3546,12.7171,78.6737,2.4447
2011-08-17,44003,Kent,27.3909,15.2246,68.5094,2.1781
2011-08-18,44003,Kent,28.1642,17.3459,71.9294,3.2331
2011-08-19,44003,Kent,26.8527,18.4137,77.9193,3.3976
2011-08-20,44003,Kent,27.0414,17.8833,74.6473,1.691
2011-08-21,44003,Kent,27.8602,17.3811,76.0869,3.5295
2011-08-22,44003,Kent,24.8066,14.9796,79.1296,4.1177
2011-08-23,44003,Kent,23.3268,12.8339,60.6177,2.8019
2011-08-24,44003,Kent,25.5535,13.6879,64.4628,3.43
2011-08-25,44003,Kent,27.6702,18.4193,76.9766,4.9998
2011-08-26,44003,Kent,28.3714,18.7973,75.9069,2.6455
2011-08-27,44003,Kent,25.9947,18.1688,81.6524,2.1249
2011-08-28,44003,Kent,23.8822,15.9858,98.2855,9.2652
2011-08-29,44003,Kent,23.6445,14.1035,70.3153,5.2533
2011-08-30,44003,Kent,24.743,12.917,62.5627,1.6625
2011-08-31,44003,Kent,27.2684,12.9563,60.9242,1.384
2011-09-01,44003,Kent,24.8509,12.9852,72.6669,2.1186
2011-09-02,44003,Kent,23.6731,12.1497,66.0542,2.1502
2011-09-03,44003,Kent,25.8006,12.8317,69.2775,2.937
2011-09-04,44003,Kent,27.2619,17.1863,72.537,3.8916
2011-09-05,44003,Kent,26.9814,18.3139,75.7015,4.5173
2011-09-06,44003,Kent,22.9987,14.6722,90.3595,3.453
2011-09-07,44003,Kent,21.706,14.9887,79.3944,4.4425
2011-09-08,44003,Kent,23.4032,13.6822,75.6535,3.1186
2011-09-09,44003,Kent,26.4871,15.055,69.5562,3.2672
2011-09-10,44003,Kent,25.0941,14.4838,66.1278,1.8953
2011-09-11,44003,Kent,21.4034,14.2999,69.6307,2.7422
2011-09-12,44003,Kent,25.5747,15.4134,70.003,2.7441
2011-09-13,44003,Kent,25.8582,17.2112,69.8603,3.1362
2011-09-14,44003,Kent,27.5761,16.9836,70.9408,3.9229
2011-09-15,44003,Kent,26.6133,8.8898,89.0455,3.0999
2011-09-16,44003,Kent,16.3184,6.618,67.3287,4.784
2011-09-17,44003,Kent,16.3544,5.4187,59.4894,2.4012
2011-09-18,44003,Kent,18.4036,8.0275,63.7447,3.639
2011-09-19,44003,Kent,19.6074,7.5876,63.8763,3.2099
2011-09-20,44003,Kent,19.3915,9.584,76.5638,2.9568
2011-09-21,44003,Kent,23.8996,13.4678,73.8254,2.3343
2011-09-22,44003,Kent,24.7991,17.1245,74.0475,1.4952
2011-09-23,44003,Kent,24.7908,17.6407,79.4625,1.9765
2011-09-24,44003,Kent,26.1326,18.5529,76.177,2.8013
2011-09-25,44003,Kent,26.3627,18.4742,77.1865,1.3945
2011-09-26,44003,Kent,26.864,17.6062,76.9214,1.4087
2011-09-27,44003,Kent,25.092,16.6621,77.5733,1.4084
2011-09-28,44003,Kent,23.8469,14.0055,78.7822,3.5402
2011-09-29,44003,Kent,22.8827,14.6783,80.5136,3.337
2011-09-30,44003,Kent,24.3216,12.1374,72.2138,3.5845
2011-10-01,44003,Kent,22.0731,13.8691,83.3606,1.5194
2011-10-02,44003,Kent,20.2422,11.7485,78.4692,2.3423
2011-10-03,44003,Kent,18.0402,7.998,77.6226,1.9632
2011-10-04,44003,Kent,16.8499,8.4407,71.4818,1.4228
2011-10-05,44003,Kent,19.1187,4.171,67.9095,5.2459
2011-10-06,44003,Kent,15.2396,2.5433,50.7517,3.8101
2011-10-07,44003,Kent,15.9319,2.2469,47.5988,1.8487
2011-10-08,44003,Kent,24.0316,6.272,51.8803,2.9509
2011-10-09,44003,Kent,27.7856,10.4231,52.1805,2.8546
2011-10-10,44003,Kent,26.8992,11.2326,55.7184,2.6536
2011-10-11,44003,Kent,20.3034,8.8706,63.8635,2.777
2011-10-12,44003,Kent,17.3589,8.5765,70.4813,3.6877
2011-10-13,44003,Kent,23.5809,13.5713,69.515,4.0435
2011-10-14,44003,Kent,22.4168,12.9863,80.1042,3.2229
2011-10-15,44003,Kent,18.534,8.8417,68.2648,7.1164
2011-10-16,44003,Kent,17.1064,7.8553,54.6974,6.3973
2011-10-17,44003,Kent,18.1289,8.3945,65.7032,5.3322
2011-10-18,44003,Kent,18.9442,7.8032,56.6046,3.5996
2011-10-19,44003,Kent,17.8517,10.0963,75.2517,4.1342
2011-10-20,44003,Kent,21.2308,9.9639,80.0764,5.7158
2011-10-21,44003,Kent,15.5466,7.4848,65.9929,6.0187
2011-10-22,44003,Kent,15.2038,7.0519,61.1197,3.6636
2011-10-23,44003,Kent,13.6198,6.3907,61.4858,2.4152
2011-10-24,44003,Kent,15.0546,7.3066,63.1177,1.5105
2011-10-25,44003,Kent,15.1753,3.6236,69.1771,4.0131
2011-10-26,44003,Kent,13.6552,3.5898,58.9956,2.288
2011-10-27,44003,Kent,10.9419,1.1326,94.2381,3.254
2011-10-28,44003,Kent,7.7051,-1.8387,64.8131,4.8212
2011-10-29,44003,Kent,7.3406,0.0771,66.6824,4.9781
2011-10-30,44003,Kent,6.1555,-2.2467,72.7897,8.1554
2011-10-31,44003,Kent,11.6565,-2.1425,52.3903,2.2673
2011-11-01,44003,Kent,11.9282,1.179,64.0762,3.3399
2011-11-02,44003,Kent,12.881,0.3612,55.4268,2.6979
2011-11-03,44003,Kent,14.8021,1.5975,57.0411,3.2308
2011-11-04,44003,Kent,10.6241,-1.7175,71.6645,4.547
2011-11-05,44003,Kent,8.9248,-1.9126,47.5349,4.0777
2011-11-06,44003,Kent,11.6391,-1.0159,47.1812,2.5798
2011-11-07,44003,Kent,14.91,2.0017,56.851,4.0456
2011-11-08,44003,Kent,19.528,5.293,54.9612,2.3317
2011-11-09,44003,Kent,18.2157,7.127,60.0784,1.8987
2011-11-10,44003,Kent,17.965,7.2417,70.1712,2.11
2011-11-11,44003,Kent,12.1161,1.6554,73.7085,5.0072
2011-11-12,44003,Kent,10.3661,0.3764,51.7256,6.1387
2011-11-13,44003,Kent,16.0686,3.6914,56.9487,4.4625
2011-11-14,44003,Kent,17.5262,7.8365,61.1425,5.144
2011-11-15,44003,Kent,20.0459,10.8269,61.7725,4.1121
2011-11-16,44003,Kent,15.6742,9.2335,73.074,2.0185
2011-11-17,44003,Kent,13.778,1.5358,78.9435,2.8599
2011-11-18,44003,Kent,6.7204,-0.7705,51.956,5.684
2011-11-19,44003,Kent,10.6903,-0.5959,48.8003,4.824
2011-11-20,44003,Kent,15.7915,5.3509,60.2629,5.8088
2011-11-21,44003,Kent,11.6761,2.3908,71.5198,3.1673
2011-11-22,44003,Kent,9.2173,1.719,57.9607,2.1456
2011-11-23,44003,Kent,14.642,-0.5106,72.2065,4.7569
2011-11-24,44003,Kent,7.2298,-2.1438,59.3087,4.3313
2011-11-25,44003,Kent,13.9551,0.8084,54.8518,3.4963
2011-11-26,44003,Kent,16.4717,3.2912,51.9709,3.2496
2011-11-27,44003,Kent,15.1923,2.9964,59.3373,2.2686
2011-11-28,44003,Kent,18.9942,7.811,59.9097,4.3325
2011-11-29,44003,Kent,20.1231,8.2182,63.7938,3.0315
2011-11-30,44003,Kent,15.7856,3.5393,74.1685,6.4737
2011-12-01,44003,Kent,7.813,-1.4062,59.6931,4.3253
2011-12-02,44003,Kent,9.8118,-1.5305,48.3343,2.3152
2011-12-03,44003,Kent,7.4773,-1.9713,57.9821,3.3263
2011-12-04,44003,Kent,11.9403,-0.59,59.0232,2.4964
2011-12-05,44003,Kent,14.4669,3.1858,64.7655,2.6927
2011-12-06,44003,Kent,15.7436,8.7187,71.0762,3.7579
2011-12-07,44003,Kent,15.3819,8.4571,79.6358,3.074
2011-12-08,44003,Kent,12.0245,-1.5093,68.5952,5.7538
2011-12-09,44003,Kent,10.5734,-1.8935,52.851,3.558
2011-12-10,44003,Kent,8.2577,-2.9929,70.0239,3.0744
2011-12-11,44003,Kent,2.8523,-4.5949,43.3343,2.8552
2011-12-12,44003,Kent,7.5699,-2.4181,47.7322,2.8163
2011-12-13,44003,Kent,7.1579,-3.1109,54.3409,2.6019
2011-12-14,44003,Kent,7.1155,-1.5308,59.8977,2.6355
2011-12-15,44003,Kent,12.7601,0.7217,62.2752,4.9852
2011-12-16,44003,Kent,11.4413,-0.559,72.5857,6.5364
2011-12-17,44003,Kent,5.6052,-2.946,57.9613,3.1329
2011-12-18,44003,Kent,0.3816,-6.5451,42.7678,3.4222
2011-12-19,44003,Kent,5.1402,-6.6312,41.0668,3.4682
2011-12-20,44003,Kent,6.2029,-1.9421,59.0047,4.4613
2011-12-21,44003,Kent,12.7068,-0.8315,56.6144,3.1491
2011-12-22,44003,Kent,13.2399,3.6515,71.5655,5.0485
2011-12-23,44003,Kent,8.2103,-2.5663,80.817,3.2084
2011-12-24,44003,Kent,0.7154,-5.4594,62.8384,3.8944
2011-12-25,44003,Kent,4.2392,-5.1624,52.7069,2.0976
2011-12-26,44003,Kent,6.2239,-3.0087,66.336,4.0715
2011-12-27,44003,Kent,12.8086,-2.217,50.3529,3.5797
2011-12-28,44003,Kent,10.9111,-4.4259,80.581,6.9869
2011-12-29,44003,Kent,1.0934,-4.8283,42.2775,6.4828
2011-12-30,44003,Kent,8.572,-2.3091,46.3475,1.9029
2011-12-31,44003,Kent,11.5357,0.9325,69.2138,2.0216
2012-01-01,44003,Kent,11.0934,-0.8353,60.4179,2.9428
2012-01-02,44003,Kent,9.8809,-2.5941,62.7477,5.8079
2012-01-03,44003,Kent,1.0694,-10.8535,50.3387,5.1368
2012-01-04,44003,Kent,-0.5068,-13.0168,26.863,5.2681
2012-01-05,44003,Kent,2.6801,-4.2148,37.5307,4.2922
2012-01-06,44003,Kent,8.323,-3.5496,47.7744,3.775
2012-01-07,44003,Kent,12.0094,-0.7626,52.5444,3.3896
2012-01-08,44003,Kent,7.1257,-2.5173,54.7022,2.8364
2012-01-09,44003,Kent,2.8338,-3.5065,39.0864,2.7103
2012-01-10,44003,Kent,6.3755,-1.6775,48.3315,2.8691
2012-01-11,44003,Kent,5.8142,-2.8666,49.0941,2.5768
2012-01-12,44003,Kent,8.4605,0.6017,64.3701,5.4454
2012-01-13,44003,Kent,11.4612,-3.0932,62.0311,5.1856
2012-01-14,44003,Kent,1.5649,-8.2839,46.1591,7.5135
2012-01-15,44003,Kent,-4.91,-14.0328,45.7349,6.0661
2012-01-16,44003,Kent,3.3322,-13.8385,32.2303,4.2108
2012-01-17,44003,Kent,7.7426,-0.2482,57.3815,5.6664
2012-01-18,44003,Kent,7.7186,-7.7352,65.1554,6.6525
2012-01-19,44003,Kent,2.9295,-8.5667,37.0773,3.9366
2012-01-20,44003,Kent,2.6549,-7.8006,64.4878,4.6649
2012-01-21,44003,Kent,-0.3543,-8.367,58.3355,3.8617
2012-01-22,44003,Kent,0.1278,-10.6477,60.5212,4.2495
2012-01-23,44003,Kent,7.4564,-5.3777,56.1109,3.1192
2012-01-24,44003,Kent,12.6223,-0.488,61.1095,3.7949
2012-01-25,44003,Kent,6.2082,-1.9741,54.2209,4.1942
2012-01-26,44003,Kent,5.756,-2.086,50.6674,1.9258
2012-01-27,44003,Kent,13.9912,0.3412,65.8678,4.7111
2012-01-28,44003,Kent,7.5623,-2.2436,58.534,4.7198
2012-01-29,44003,Kent,6.4009,-2.7675,48.4179,5.5025
2012-01-30,44003,Kent,4.1795,-2.862,49.3045,4.8897
2012-01-31,44003,Kent,10.5245,-2.0731,40.8169,3.2614
2012-02-01,44003,Kent,12.8257,1.1016,55.068,3.6665
2012-02-02,44003,Kent,7.9972,-1.1944,61.7894,3.153
2012-02-03,44003,Kent,4.4761,-3.4044,48.6088,4.1628
2012-02-04,44003,Kent,6.6171,-3.2229,41.4808,3.5031
2012-02-05,44003,Kent,2.6582,-5.0546,44.2015,2.8907
2012-02-06,44003,Kent,7.8816,-3.9189,40.8266,4.4557
2012-02-07,44003,Kent,9.1236,-2.2481,48.7516,3.6722
2012-02-08,44003,Kent,4.99,-4.2349,40.9688,2.5775
2012-02-09,44003,Kent,7.8915,-2.8412,40.9203,2.7329
2012-02-10,44003,Kent,8.9556,-2.5142,40.7998,3.09
2012-02-11,44003,Kent,5.0217,-3.4518,68.5991,3.3202
2012-02-12,44003,Kent,0.0074,-7.6583,43.1091,6.9439
2012-02-13,44003,Kent,5.6478,-7.1758,31.8677,6.2738
2012-02-14,44003,Kent,6.2927,-3.3546,45.18,2.3488
2012-02-15,44003,Kent,7.7797,-0.1572,60.4436,1.3503
2012-02-16,44003,Kent,9.3354,-1.8047,55.578,2.01
2012-02-17,44003,Kent,11.1043,0.1779,61.0653,2.6906
2012-02-18,44003,Kent,8.1859,-1.39,45.0653,4.5588
2012-02-19,44003,Kent,7.7401,-2.8089,47.3591,2.6468
2012-02-20,44003,Kent,5.0399,-4.2683,38.5866,4.2785
2012-02-21,44003,Kent,6.3961,-4.9904,40.6739,3.4201
2012-02-22,44003,Kent,13.101,1.5872,52.5424,4.0453
2012-02-23,44003,Kent,15.4268,-0.175,52.4848,4.007
2012-02-24,44003,Kent,7.383,-0.2436,57.3924,3.7694
2012-02-25,44003,Kent,7.3412,-2.9712,59.2076,7.5391
2012-02-26,44003,Kent,5.1273,-4.8048,37.3134,6.9415
2012-02-27,44003,Kent,10.2282,-3.3675,40.3358,3.6572
2012-02-28,44003,Kent,8.1227,-0.029,52.6798,5.0169
2012-02-29,44003,Kent,6.4557,-3.233,47.2494,5.2718
2012-03-01,44003,Kent,5.5539,-1.6337,72.9216,5.3463
2012-03-02,44003,Kent,5.3133,-2.6256,60.4713,3.4861
2012-03-03,44003,Kent,12.076,0.5497,63.8839,4.1358
2012-03-04,44003,Kent,9.0521,-0.6436,50.446,3.2625
2012-03-05,44003,Kent,3.825,-6.5693,54.2649,5.1804
2012-03-06,44003,Kent,3.9384,-6.9779,35.844,4.2209
2012-03-07,44003,Kent,11.8976,-1.8353,47.7513,5.1725
2012-03-08,44003,Kent,17.9701,4.6068,54.2253,7.2434
2012-03-09,44003,Kent,12.3968,1.2449,61.6384,6.5857
2012-03-10,44003,Kent,7.0332,-2.5065,43.305,4.1655
2012-03-11,44003,Kent,12.1481,-2.3406,41.1026,4.0391
2012-03-12,44003,Kent,19.3494,1.2747,40.9854,3.4178
2012-03-13,44003,Kent,18.3481,6.5186,56.051,3.5915
2012-03-14,44003,Kent,18.4738,2.6631,60.4999,2.0253
2012-03-15,44003,Kent,11.0137,1.1091,61.2192,2.2857
2012-03-16,44003,Kent,9.8599,2.4431,62.2511,2.4879
2012-03-17,44003,Kent,15.3626,2.6513,58.0816,2.0261
2012-03-18,44003,Kent,18.7146,1.926,53.5533,3.2736
2012-03-19,44003,Kent,23.5501,5.8251,50.0435,2.8149
2012-03-20,44003,Kent,22.2854,7.051,55.0046,2.0486
2012-03-21,44003,Kent,22.2347,8.4124,58.4015,2.778
2012-03-22,44003,Kent,24.5147,11.471,56.0323,4.2187
2012-03-23,44003,Kent,23.5078,10.2997,50.1361,2.7381
2012-03-24,44003,Kent,13.8541,5.8436,48.2356,2.8972
2012-03-25,44003,Kent,12.0274,5.5882,56.5692,2.6213
2012-03-26,44003,Kent,12.8471,-3.5887,65.092,4.3238
2012-03-27,44003,Kent,8.1333,-3.579,25.7874,6.2236
2012-03-28,44003,Kent,12.5822,0.3774,42.7013,3.3373
2012-03-29,44003,Kent,9.7586,2.3767,67.6237,3.7304
2012-03-30,44003,Kent,10.6752,1.5347,41.2081,3.7413
2012-03-31,44003,Kent,6.8975,2.5371,60.2788,2.8234
2012-04-01,44003,Kent,10.8751,2.101,52.3549,2.0816
2012-04-02,44003,Kent,10.8648,0.1441,62.0101,4.5277
2012-04-03,44003,Kent,14.148,-0.2848,30.5161,3.8447
2012-04-04,44003,Kent,16.7509,4.6349,30.3252,3.0331
2012-04-05,44003,Kent,11.1151,1.9127,45.4421,4.0263
2012-04-06,44003,Kent,10.0731,0.3592,44.5098,3.0715
2012-04-07,44003,Kent,11.1678,-0.4534,36.7574,3.1957
2012-04-08,44003,Kent,12.676,4.4282,40.1039,2.6502
2012-04-09,44003,Kent,15.3191,4.2226,42.3003,5.5165
2012-04-10,44003,Kent,15.6065,3.3156,40.0297,4.1656
2012-04-11,44003,Kent,13.7688,5.3494,46.6455,2.1855
2012-04-12,44003,Kent,14.1984,4.8331,50.8951,2.3752
2012-04-13,44003,Kent,16.2387,4.3349,43.3111,2.1997
2012-04-14,44003,Kent,19.8539,5.0361,36.0543,3.5966
2012-04-15,44003,Kent,22.0462,10.254,48.7403,3.5054
2012-04-16,44003,Kent,27.7351,12.1637,50.7764,2.9076
2012-04-17,44003,Kent,26.5793,9.7602,47.1341,3.1658
2012-04-18,44003,Kent,17.249,6.8429,42.3805,3.1406
2012-04-19,44003,Kent,18.9271,5.6116,49.0867,2.6991
2012-04-20,44003,Kent,20.6214,5.9314,52.4194,3.1662
2012-04-21,44003,Kent,21.5465,11.8362,58.2726,3.8194
2012-04-22,44003,Kent,19.0679,11.837,69.8818,2.5406
2012-04-23,44003,Kent,18.4251,7.2147,77.9813,5.9918
2012-04-24,44003,Kent,13.8456,6.3302,57.0958,6.0585
2012-04-25,44003,Kent,17.0087,4.89,47.2604,3.4191
2012-04-26,44003,Kent,15.6707,3.3358,53.6143,2.8577
2012-04-27,44003,Kent,13.5773,2.2856,71.8806,5.4844
2012-04-28,44003,Kent,13.4539,1.333,38.1819,5.4578
2012-04-29,44003,Kent,13.6987,1.3137,41.4261,3.6669
2012-04-30,44003,Kent,15.4722,0.3675,34.8819,2.4471
2012-05-01,44003,Kent,14.2359,7.0903,64.6062,3.3354
2012-05-02,44003,Kent,16.2456,6.6511,65.6444,3.2567
2012-05-03,44003,Kent,13.9424,7.7151,71.2095,2.3834
2012-05-04,44003,Kent,17.7544,6.7781,69.2825,2.6124
2012-05-05,44003,Kent,17.2225,8.9211,73.0103,1.2273
2012-05-06,44003,Kent,18.536,6.5554,64.2206,1.6841
2012-05-07,44003,Kent,20.0756,6.2387,52.5825,1.7764
2012-05-08,44003,Kent,15.8819,8.6275,63.8681,4.0286
2012-05-09,44003,Kent,19.8697,12.6247,70.4241,3.9858
2012-05-10,44003,Kent,19.4194,7.5194,73.9229,3.5871
2012-05-11,44003,Kent,18.0838,6.2401,48.9741,4.6248
2012-05-12,44003,Kent,22.7234,5.8121,40.1607,3.2451
2012-05-13,44003,Kent,25.1701,10.3866,50.2963,2.6581
2012-05-14,44003,Kent,22.296,12.8795,65.7692,3.3531
2012-05-15,44003,Kent,21.7429,11.8973,71.0254,4.2166
2012-05-16,44003,Kent,24.184,12.8839,64.5307,3.3806
2012-05-17,44003,Kent,21.8032,8.675,61.1002,2.7723
2012-05-18,44003,Kent,20.5922,8.1041,45.2649,1.9444
2012-05-19,44003,Kent,22.9367,6.6061,43.8348,2.4088
2012-05-20,44003,Kent,24.134,8.9521,47.2307,2.4723
2012-05-21,44003,Kent,22.2603,10.4524,66.4616,3.232
2012-05-22,44003,Kent,19.995,14.5486,74.7632,3.5468
2012-05-23,44003,Kent,24.1623,14.7836,66.0192,1.0112
2012-05-24,44003,Kent,21.6817,14.4328,73.6473,2.4747
2012-05-25,44003,Kent,23.595,13.6921,68.9547,2.9511
2012-05-26,44003,Kent,29.1097,15.6749,64.2621,3.3779
2012-05-27,44003,Kent,26.9414,16.0294,63.4322,2.0307
2012-05-28,44003,Kent,29.2131,16.1321,61.9996,1.9438
2012-05-29,44003,Kent,29.5073,16.4437,66.8645,3.2888
2012-05-30,44003,Kent,26.6142,15.9822,69.7522,2.6201
2012-05-31,44003,Kent,27.4379,14.8529,54.1918,1.5683
2012-06-01,44003,Kent,21.5865,13.6125,62.9745,3.6183
2012-06-02,44003,Kent,20.2816,13.8401,73.6739,5.3863
2012-06-03,44003,Kent,23.1354,11.7122,64.5484,2.2278
2012-06-04,44003,Kent,14.2687,9.1139,83.7622,3.6996
2012-06-05,44003,Kent,15.13,8.8538,70.9076,4.0512
2012-06-06,44003,Kent,19.3149,9.9866,63.6398,1.5481
2012-06-07,44003,Kent,21.7685,12.0143,64.6189,1.464
2012-06-08,44003,Kent,23.8733,12.8256,62.4371,1.9275
2012-06-09,44003,Kent,24.6902,14.1601,59.2741,2.9429
2012-06-10,44003,Kent,26.2535,12.8351,58.1734,1.9228
2012-06-11,44003,Kent,20.5245,12.0725,67.0386,2.7216
2012-06-12,44003,Kent,22.5391,14.9317,68.1123,3.5765
2012-06-13,44003,Kent,21.0578,15.7998,76.451,2.8817
2012-06-14,44003,Kent,23.9316,12.944,70.4814,2.0935
2012-06-15,44003,Kent,24.0103,11.6588,60.2724,2.5571
2012-06-16,44003,Kent,23.0218,10.6407,62.5168,2.6439
2012-06-17,44003,Kent,20.6179,9.0088,67.7723,2.7215
2012-06-18,44003,Kent,21.0972,8.2284,65.9436,2.1223
2012-06-19,44003,Kent,22.9878,11.3159,67.8695,2.9897
2012-06-20,44003,Kent,32.935,16.2772,61.0434,3.5205
2012-06-21,44003,Kent,33.6485,22.3291,60.5071,3.0065
2012-06-22,44003,Kent,32.6133,21.312,61.2567,2.1886
2012-06-23,44003,Kent,28.3744,15.6609,71.9407,1.8793
2012-06-24,44003,Kent,27.5141,14.101,56.946,2.7925
2012-06-25,44003,Kent,23.6496,15.8381,73.0536,3.0978
2012-06-26,44003,Kent,23.1716,13.6501,64.7171,3.2287
2012-06-27,44003,Kent,25.1153,13.2743,55.6382,4.395
2012-06-28,44003,Kent,28.091,13.9531,52.6508,3.0796
2012-06-29,44003,Kent,31.3908,16.7244,60.8296,2.759
2012-06-30,44003,Kent,30.3121,17.9942,58.8355,3.2072
2012-07-01,44003,Kent,30.4684,18.2731,63.9549,3.1088
2012-07-02,44003,Kent,28.1233,16.5605,65.3507,2.663
2012-07-03,44003,Kent,28.2345,15.9817,60.6706,2.5478
2012-07-04,44003,Kent,29.5877,18.0157,68.4818,2.1041
2012-07-05,44003,Kent,30.4024,20.0631,68.1023,2.48
2012-07-06,44003,Kent,29.8367,19.0769,66.5609,1.7643
2012-07-07,44003,Kent,32.6312,19.8409,65.6186,3.2517
2012-07-08,44003,Kent,29.2123,18.3393,65.0414,2.182
2012-07-09,44003,Kent,27.2061,15.8058,61.4287,2.0704
2012-07-10,44003,Kent,27.2453,14.3885,54.1885,1.7522
2012-07-11,44003,Kent,28.7502,17.2936,56.608,1.3704
2012-07-12,44003,Kent,29.1502,16.9115,60.683,1.8566
2012-07-13,44003,Kent,30.6309,17.1602,61.3616,3.1082
2012-07-14,44003,Kent,31.0988,18.8042,61.1069,3.045
2012-07-15,44003,Kent,30.9772,18.173,64.2401,3.4616
2012-07-16,44003,Kent,31.7364,21.8442,65.0602,3.1411
2012-07-17,44003,Kent,32.8267,20.9097,59.8175,3.0279
2012-07-18,44003,Kent,35.8407,22.5522,57.6505,3.1681
2012-07-19,44003,Kent,28.0113,19.483,71.5482,2.202
2012-07-20,44003,Kent,21.4507,15.355,84.0269,3.1798
2012-07-21,44003,Kent,26.5028,14.0923,58.6779,2.1624
2012-07-22,44003,Kent,28.4618,14.4072,54.6891,2.5619
2012-07-23,44003,Kent,29.6164,16.2375,62.8819,3.497
2012-07-24,44003,Kent,34.0691,18.7794,61.0907,3.992
2012-07-25,44003,Kent,27.9639,15.8994,52.4894,4.3069
2012-07-26,44003,Kent,30.7709,16.2257,54.1253,3.4938
2012-07-27,44003,Kent,31.3111,20.0534,69.5346,2.4101
2012-07-28,44003,Kent,30.1833,18.454,67.8306,2.3143
2012-07-29,44003,Kent,28.4132,18.3572,65.6765,2.2307
2012-07-30,44003,Kent,27.7784,16.6178,66.7378,2.0256
2012-07-31,44003,Kent,26.4897,15.9203,70.1047,2.7138
2012-08-01,44003,Kent,28.3326,17.4796,70.6265,2.5421
2012-08-02,44003,Kent,31.0375,18.9482,63.8448,2.1091
2012-08-03,44003,Kent,33.7868,19.8599,59.867,3.3079
2012-08-04,44003,Kent,33.3588,20.2122,63.1093,2.826
2012-08-05,44003,Kent,32.4422,20.4813,67.7411,4.3582
2012-08-06,44003,Kent,32.0686,18.269,64.2078,4.0019
2012-08-07,44003,Kent,29.0637,16.5859,51.0102,2.2465
2012-08-08,44003,Kent,32.7861,17.3228,51.1641,1.7525
2012-08-09,44003,Kent,33.2699,18.4142,56.0586,2.1741
2012-08-10,44003,Kent,31.6095,18.3378,66.0256,4.0487
2012-08-11,44003,Kent,28.2741,21.8826,74.6912,3.5855
2012-08-12,44003,Kent,27.6201,20.5733,78.3437,3.8539
2012-08-13,44003,Kent,29.1535,18.6151,67.8981,2.9532
2012-08-14,44003,Kent,28.9827,17.7621,62.6913,2.3537
2012-08-15,44003,Kent,28.5705,19.1252,70.3862,2.2438
2012-08-16,44003,Kent,28.8294,18.5924,68.0101,2.3444
2012-08-17,44003,Kent,30.0815,17.4124,60.1262,2.9663
2012-08-18,44003,Kent,23.6671,17.5919,85.963,1.6506
2012-08-19,44003,Kent,25.1494,16.0588,64.7763,1.8509
2012-08-20,44003,Kent,26.0966,16.5254,60.0695,1.2048
2012-08-21,44003,Kent,27.9171,16.1528,60.9383,2.3855
2012-08-22,44003,Kent,28.305,15.2256,55.4056,1.8039
2012-08-23,44003,Kent,29.5993,16.0411,55.6714,2.4222
2012-08-24,44003,Kent,31.0358,16.5589,53.416,1.8822
2012-08-25,44003,Kent,29.232,16.7708,57.7505,2.4911
2012-08-26,44003,Kent,30.018,14.6944,49.5915,2.5429
2012-08-27,44003,Kent,30.3035,14.9899,55.5884,2.8077
2012-08-28,44003,Kent,30.2747,16.7528,70.3567,3.6145
2012-08-29,44003,Kent,24.8545,10.9369,61.059,3.0614
2012-08-30,44003,Kent,28.6868,10.4453,42.7714,3.263
2012-08-31,44003,Kent,33.8247,13.9238,42.9802,4.3698
2012-09-01,44003,Kent,31.292,15.775,53.1262,3.3896
2012-09-02,44003,Kent,28.5865,15.3342,55.0573,2.2643
2012-09-03,44003,Kent,28.8204,14.4013,55.5547,2.58
2012-09-04,44003,Kent,25.6376,16.4374,74.4408,2.5734
2012-09-05,44003,Kent,27.0773,20.2026,76.8719,4.1564
2012-09-06,44003,Kent,28.143,17.8838,72.9478,1.852
2012-09-07,44003,Kent,29.432,17.1753,67.4346,2.2093
2012-09-08,44003,Kent,29.1745,18.3994,71.7587,4.2559
2012-09-09,44003,Kent,23.5899,12.8087,77.61,2.7534
2012-09-10,44003,Kent,21.4722,8.6713,61.7028,3.8538
2012-09-11,44003,Kent,21.399,7.5296,50.5278,3.5771
2012-09-12,44003,Kent,25.7223,9.3568,48.0593,2.0775
2012-09-13,44003,Kent,27.127,12.2483,58.044,2.8945
2012-09-14,44003,Kent,27.1375,12.9313,61.3152,3.0517
2012-09-15,44003,Kent,24.3033,8.2255,70.4173,3.4844
2012-09-16,44003,Kent,20.7547,7.6259,52.8104,3.2686
2012-09-17,44003,Kent,24.5004,7.7353,47.2006,2.202
2012-09-18,44003,Kent,25.315,11.4854,67.2028,4.5141
2012-09-19,44003,Kent,22.3907,8.7342,80.0507,5.0405
2012-09-20,44003,Kent,20.8203,7.6303,57.7631,3.5801
2012-09-21,44003,Kent,22.2214,8.0255,59.9123,2.6913
2012-09-22,44003,Kent,24.264,10.6585,62.9809,2.5174
2012-09-23,44003,Kent,21.6917,6.6086,74.6726,3.3051
2012-09-24,44003,Kent,18.6918,5.3003,48.3507,2.8213
2012-09-25,44003,Kent,22.4451,6.6027,47.732,4.0234
2012-09-26,44003,Kent,24.3768,12.1509,64.7358,4.3137
2012-09-27,44003,Kent,24.0348,12.5917,68.2625,2.4878
2012-09-28,44003,Kent,18.5565,11.5748,77.5899,4.1822
2012-09-29,44003,Kent,20.6909,13.2799,74.6449,1.5143
2012-09-30,44003,Kent,18.4445,10.5051,80.5774,1.7719
2012-10-01,44003,Kent,20.7349,8.7197,59.1857,5.0591
2012-10-02,44003,Kent,22.6935,11.6871,59.7092,2.0139
2012-10-03,44003,Kent,22.906,14.4056,71.2238,1.5923
2012-10-04,44003,Kent,23.393,14.2795,75.2985,1.2011
2012-10-05,44003,Kent,24.9502,12.7609,61.6276,2.1367
2012-10-06,44003,Kent,25.0451,9.1017,67.741,4.1861
2012-10-07,44003,Kent,15.2153,6.2653,68.5038,2.5674
2012-10-08,44003,Kent,15.329,5.5086,60.9928,1.9113
2012-10-09,44003,Kent,14.3799,8.7536,71.4238,3.9075
2012-10-10,44003,Kent,18.5643,9.5244,70.9141,3.7286
2012-10-11,44003,Kent,14.7249,5.6229,62.6921,4.9399
2012-10-12,44003,Kent,14.2499,-0.2439,61.1661,4.5706
2012-10-13,44003,Kent,11.3923,-1.4584,44.0435,3.5479
2012-10-14,44003,Kent,18.2408,6.417,58.1701,4.9874
2012-10-15,44003,Kent,24.3773,12.6625,63.0594,5.3227
2012-10-16,44003,Kent,16.5143,2.4102,81.4151,4.7713
2012-10-17,44003,Kent,15.6502,1.3687,51.5783,2.3582
2012-10-18,44003,Kent,18.2775,6.6908,56.7808,2.2228
2012-10-19,44003,Kent,20.2728,10.5789,74.2282,4.7827
2012-10-20,44003,Kent,23.4202,8.4201,76.3452,3.6757
2012-10-21,44003,Kent,16.2238,6.5966,60.1739,3.9723
2012-10-22,44003,Kent,17.286,6.4448,53.8154,4.6146
2012-10-23,44003,Kent,18.2283,5.5678,53.7186,2.6395
2012-10-24,44003,Kent,13.8148,8.4851,70.7493,2.2718
2012-10-25,44003,Kent,16.5112,7.8824,59.0597,1.8394
2012-10-26,44003,Kent,18.3961,9.3479,57.9958,1.5219
2012-10-27,44003,Kent,19.6677,8.7953,61.5368,2.0717
2012-10-28,44003,Kent,16.8405,7.9198,66.8945,6.0335
2012-10-29,44003,Kent,18.2608,9.8773,68.051,11.6041
2012-10-30,44003,Kent,19.0079,11.6377,77.0369,7.5638
2012-10-31,44003,Kent,14.9816,6.4653,82.5326,3.2773
2012-11-01,44003,Kent,13.8352,6.0426,60.1954,3.5992
2012-11-02,44003,Kent,11.0504,3.9443,64.9772,3.7245
2012-11-03,44003,Kent,10.8272,1.0502,57.8032,4.7953
2012-11-04,44003,Kent,11.5836,0.3748,51.7635,4.0337
2012-11-05,44003,Kent,7.5343,-2.6158,60.5513,3.6941
2012-11-06,44003,Kent,6.4873,-4.2547,46.8027,2.8489
2012-11-07,44003,Kent,8.2361,-1.2398,59.666,7.6293
2012-11-08,44003,Kent,6.5589,1.6561,68.6452,9.6156
2012-11-09,44003,Kent,10.5921,0.0833,50.1548,5.6805
2012-11-10,44003,Kent,11.4444,0.3659,51.2762,2.7826
2012-11-11,44003,Kent,17.0979,4.0546,50.8535,2.6652
2012-11-12,44003,Kent,18.696,6.584,61.5633,3.305
2012-11-13,44003,Kent,17.6405,3.5018,82.7973,4.1914
2012-11-14,44003,Kent,9.1216,-1.1127,62.6065,4.5552
2012-11-15,44003,Kent,8.776,-1.3494,57.8053,3.9363
2012-11-16,44003,Kent,8.8754,-0.921,56.5872,2.8048
2012-11-17,44003,Kent,10.2033,-1.4155,52.7605,3.3877
2012-11-18,44003,Kent,9.4254,-1.775,56.4159,3.1027
2012-11-19,44003,Kent,11.591,-0.6072,59.2631,3.6267
2012-11-20,44003,Kent,11.0158,-0.5614,60.5178,3.2591
2012-11-21,44003,Kent,10.5647,0.209,62.2743,3.0771
2012-11-22,44003,Kent,12.6576,0.6844,60.3793,2.7785
2012-11-23,44003,Kent,12.667,0.9857,60.5127,1.528
2012-11-24,44003,Kent,8.0925,-1.8541,69.8158,4.7691
2012-11-25,44003,Kent,5.2878,-2.3618,41.7159,6.5771
2012-11-26,44003,Kent,7.6286,-1.6156,46.7299,5.0917
2012-11-27,44003,Kent,7.3061,-1.0541,52.716,2.0348
2012-11-28,44003,Kent,6.6459,-2.5299,64.5899,3.7161
2012-11-29,44003,Kent,5.8821,-2.1255,49.437,4.3184
2012-11-30,44003,Kent,5.5234,-2.8575,54.5582,3.6486
2012-12-01,44003,Kent,7.694,-0.7353,53.0988,4.7637
2012-12-02,44003,Kent,14.8187,4.2318,59.8569,3.3478
2012-12-03,44003,Kent,15.7235,3.6302,61.0164,3.8509
2012-12-04,44003,Kent,13.3613,2.2188,63.6257,1.9321
2012-12-05,44003,Kent,15.3674,-1.2641,70.6398,4.6749
2012-12-06,44003,Kent,4.5811,-4.5953,47.1897,4.5053
2012-12-07,44003,Kent,9.5346,-2.6187,54.0766,1.9575
2012-12-08,44003,Kent,13.7444,4.7253,64.8361,1.5996
2012-12-09,44003,Kent,10.3281,4.0403,63.6511,3.0138
2012-12-10,44003,Kent,14.778,6.3761,65.178,4.945
2012-12-11,44003,Kent,13.3061,-1.1517,78.9449,3.7941
2012-12-12,44003,Kent,4.9582,-2.8939,53.68,3.1444
2012-12-13,44003,Kent,5.4998,-2.323,45.4236,2.5866
2012-12-14,44003,Kent,8.1814,-2.6951,50.0629,3.4272
2012-12-15,44003,Kent,5.5251,-2.6201,52.7487,2.8535
2012-12-16,44003,Kent,6.8792,-1.5607,57.8404,4.2002
2012-12-17,44003,Kent,9.0537,3.5996,66.4628,4.9501
2012-12-18,44003,Kent,14.7717,4.1659,66.5017,3.3527
2012-12-19,44003,Kent,7.2284,-1.5814,71.8034,6.1552
2012-12-20,44003,Kent,6.9639,-2.2616,55.7679,3.389
2012-12-21,44003,Kent,12.7779,0.8803,65.3655,7.5192
2012-12-22,44003,Kent,4.578,-3.5125,63.4652,6.7215
2012-12-23,44003,Kent,4.6228,-3.4034,46.9633,6.1388
2012-12-24,44003,Kent,4.8221,-2.9686,50.1282,2.9514
2012-12-25,44003,Kent,4.0926,-4.5158,68.7031,2.8669
2012-12-26,44003,Kent,5.4795,-5.1207,51.5322,4.4001
2012-12-27,44003,Kent,9.9219,-1.6569,71.9235,7.1627
2012-12-28,44003,Kent,2.7826,-3.6838,59.7783,5.7455
2012-12-29,44003,Kent,4.1073,-3.847,59.1105,3.0555
2012-12-30,44003,Kent,1.6271,-6.738,68.0371,7.4136
2012-12-31,44003,Kent,2.3887,-6.76,46.8777,6.5939
2013-01-01,44003,Kent,3.8108,-7.5424,59.9892,5.7071
2013-01-02,44003,Kent,-0.6997,-9.2517,42.6128,5.1605
2013-01-03,44003,Kent,-2.2167,-12.3127,35.7611,4.836
2013-01-04,44003,Kent,3.4074,-5.5656,50.943,5.0303
2013-01-05,44003,Kent,4.0988,-3.4561,49.2193,5.2569
2013-01-06,44003,Kent,4.534,-2.8508,56.1452,2.4721
2013-01-07,44003,Kent,4.8702,-3.4397,58.9543,3.1819
2013-01-08,44003,Kent,7.3475,-2.9529,51.8666,3.9247
2013-01-09,44003,Kent,8.5684,-2.3934,57.9812,3.1339
2013-01-10,44003,Kent,6.6221,-3.1086,59.2046,5.7278
2013-01-11,44003,Kent,6.7581,-3.4057,51.5001,2.2684
2013-01-12,44003,Kent,11.3496,2.2447,62.7186,2.4947
2013-01-13,44003,Kent,12.7715,1.3459,61.724,2.1552
2013-01-14,44003,Kent,16.1365,3.0767,60.5795,3.3526
2013-01-15,44003,Kent,6.1802,-0.3657,58.7151,2.5689
2013-01-16,44003,Kent,6.5565,-0.8098,59.7764,2.5765
2013-01-17,44003,Kent,5.8237,-3.1407,61.3549,4.3125
2013-01-18,44003,Kent,0.11,-6.9458,42.8899,4.1105
2013-01-19,44003,Kent,6.8949,-4.1691,45.2431,6.4243
2013-01-20,44003,Kent,11.2454,-4.1048,55.2367,6.7048
2013-01-21,44003,Kent,1.708,-5.4357,38.1842,3.9908
2013-01-22,44003,Kent,-0.0564,-11.0187,51.8038,4.5767
2013-01-23,44003,Kent,-6.3586,-12.9765,30.3545,5.8076
2013-01-24,44003,Kent,-6.3518,-14.2814,28.6641,6.0121
2013-01-25,44003,Kent,-3.393,-14.5908,28.8495,5.7284
2013-01-26,44003,Kent,-2.9832,-12.9739,46.0357,4.0412
2013-01-27,44003,Kent,-1.3493,-13.3242,41.5187,5.5366
2013-01-28,44003,Kent,2.0186,-9.7158,47.4668,2.6916
2013-01-29,44003,Kent,5.3166,-2.4938,62.7945,2.1289
2013-01-30,44003,Kent,13.9213,0.5877,59.4241,4.3111
2013-01-31,44003,Kent,13.0707,-2.6012,73.2612,9.345
2013-02-01,44003,Kent,2.2827,-5.9357,33.6996,7.373
2013-02-02,44003,Kent,1.6143,-7.3033,29.1673,5.4201
2013-02-03,44003,Kent,0.8922,-4.9574,40.2984,2.9909
2013-02-04,44003,Kent,1.1387,-5.6122,35.9709,5.2868
2013-02-05,44003,Kent,0.9399,-5.6387,36.2957,3.4368
2013-02-06,44003,Kent,4.2018,-4.769,53.7673,2.7508
2013-02-07,44003,Kent,0.0543,-5.9668,32.2144,3.7728
2013-02-08,44003,Kent,4.8455,-3.5808,53.529,6.8017
2013-02-09,44003,Kent,0.6281,-10.409,67.9707,10.386
2013-02-10,44003,Kent,1.8147,-11.0565,43.0595,5.2361
2013-02-11,44003,Kent,5.8668,-5.1494,58.2889,3.3748
2013-02-12,44003,Kent,6.2923,-1.9912,61.4778,5.4788
2013-02-13,44003,Kent,5.4726,-2.5444,53.2137,3.4511
2013-02-14,44003,Kent,5.3461,-2.8941,53.7409,2.3695
2013-02-15,44003,Kent,9.7657,-1.5674,50.449,2.881
2013-02-16,44003,Kent,6.0536,-3.2039,61.6176,2.4032
2013-02-17,44003,Kent,0.3082,-10.3273,56.9776,7.8154
2013-02-18,44003,Kent,0.9172,-11.072,30.8938,8.7342
2013-02-19,44003,Kent,9.9038,-5.2254,40.4301,4.0085
2013-02-20,44003,Kent,4.5732,-5.5455,62.0522,6.0911
2013-02-21,44003,Kent,0.4325,-6.3929,43.1287,6.9272
2013-02-22,44003,Kent,4.4426,-5.8929,47.7465,3.983
2013-02-23,44003,Kent,5.8217,-2.5623,60.5151,2.8314
2013-02-24,44003,Kent,5.8717,-1.0244,66.9235,4.5084
2013-02-25,44003,Kent,6.3775,-2.2693,55.5561,3.1773
2013-02-26,44003,Kent,7.1806,-1.1493,50.2129,1.6118
2013-02-27,44003,Kent,7.5,0.0414,61.2475,6.7021
2013-02-28,44003,Kent,9.5943,-0.7686,58.7938,1.8794
2013-03-01,44003,Kent,9.0516,-0.8625,54.0453,3.2891
2013-03-02,44003,Kent,7.0746,-1.7789,52.4739,3.5844
2013-03-03,44003,Kent,4.6156,-1.4494,53.718,3.1657
2013-03-04,44003,Kent,4.5597,-2.4621,49.3123,4.9709
2013-03-05,44003,Kent,7.3772,-2.7337,46.4241,4.7959
2013-03-06,44003,Kent,6.6369,0.0751,64.1221,5.5442
2013-03-07,44003,Kent,5.6014,-0.2523,61.3301,10.0055
2013-03-08,44003,Kent,5.3099,-1.7567,60.3007,8.3606
2013-03-09,44003,Kent,9.084,-2.2226,47.1823,6.2301
2013-03-10,44003,Kent,9.2231,-2.0025,53.5218,2.7398
2013-03-11,44003,Kent,11.3441,-1.4059,57.2504,2.8404
2013-03-12,44003,Kent,15.5819,2.1989,62.2779,4.7701
2013-03-13,44003,Kent,10.9774,-0.569,66.0775,3.9326
2013-03-14,44003,Kent,3.8618,-4.1425,49.641,4.4741
2013-03-15,44003,Kent,5.2565,-4.5009,28.6052,6.0041
2013-03-16,44003,Kent,4.0547,-1.9143,44.672,3.3598
2013-03-17,44003,Kent,3.9102,-5.1078,44.5589,3.1488
2013-03-18,44003,Kent,3.8062,-5.3328,30.5547,3.445
2013-03-19,44003,Kent,5.7499,-1.5885,65.347,5.231
2013-03-20,44003,Kent,5.0302,-2.302,54.2837,5.5772
2013-03-21,44003,Kent,6.6641,-1.9266,47.3825,2.2387
2013-03-22,44003,Kent,5.507,-3.0418,47.4604,4.2129
2013-03-23,44003,Kent,7.2411,-2.7682,44.8589,6.0875
2013-03-24,44003,Kent,9.0781,-2.2149,43.0899,4.2734
2013-03-25,44003,Kent,8.6824,-1.6552,52.419,4.3913
2013-03-26,44003,Kent,10.2999,-1.4954,47.6475,4.6031
2013-03-27,44003,Kent,11.4433,-1.7973,38.0479,3.1088
2013-03-28,44003,Kent,11.0223,0.0511,46.3269,3.3381
2013-03-29,44003,Kent,14.6947,0.0707,40.7497,3.0759
2013-03-30,44003,Kent,14.1946,0.2799,39.0098,2.8619
2013-03-31,44003,Kent,14.9928,0.3197,36.8974,3.0638
2013-04-01,44003,Kent,15.6559,-1.2877,62.8158,5.1711
2013-04-02,44003,Kent,5.5703,-2.4531,41.916,6.0618
2013-04-03,44003,Kent,6.9022,-2.2987,32.5906,6.6798
2013-04-04,44003,Kent,9.4092,-2.6524,37.342,4.6626
2013-04-05,44003,Kent,14.6345,0.4891,47.8372,3.7445
2013-04-06,44003,Kent,7.4081,0.2124,38.6123,4.7824
2013-04-07,44003,Kent,11.1257,-0.525,45.2491,3.6665
2013-04-08,44003,Kent,19.8278,3.6603,47.1758,3.1095
2013-04-09,44003,Kent,22.6522,5.08,47.1738,3.4318
2013-04-10,44003,Kent,21.0009,7.2898,51.6516,1.5407
2013-04-11,44003,Kent,12.4175,4.7352,74.5111,2.5793
2013-04-12,44003,Kent,9.3179,3.975,62.2246,5.7907
2013-04-13,44003,Kent,13.499,3.3153,56.7288,3.4435
2013-04-14,44003,Kent,13.1358,1.6352,54.141,3.7926
2013-04-15,44003,Kent,13.2979,0.9534,41.7957,2.3954
2013-04-16,44003,Kent,15.339,2.5341,57.6088,4.2371
2013-04-17,44003,Kent,19.4335,5.0184,55.4098,3.7057
2013-04-18,44003,Kent,16.1964,3.2094,47.5111,3.4514
2013-04-19,44003,Kent,22.7375,8.446,59.5238,5.4883
2013-04-20,44003,Kent,15.6204,4.4918,74.8331,6.3564
2013-04-21,44003,Kent,11.7593,0.7029,41.299,4.3519
2013-04-22,44003,Kent,11.1695,-0.6585,51.1133,4.0982
2013-04-23,44003,Kent,9.3002,2.2331,67.1813,5.4869
2013-04-24,44003,Kent,19.3409,4.8438,51.2497,4.3563
2013-04-25,44003,Kent,16.7666,5.0299,56.7205,4.0711
2013-04-26,44003,Kent,17.8725,3.5469,39.5597,1.7758
2013-04-27,44003,Kent,18.0259,4.6067,44.6349,1.2772
2013-04-28,44003,Kent,18.2265,4.7636,44.7912,2.3167
2013-04-29,44003,Kent,17.7734,4.9834,49.7962,2.6999
2013-04-30,44003,Kent,19.7265,5.3368,41.4089,1.8198
2013-05-01,44003,Kent,18.2351,4.0245,47.0735,2.5854
2013-05-02,44003,Kent,21.2593,4.5663,44.5276,1.3928
2013-05-03,44003,Kent,16.1697,5.2603,57.0637,3.9718
2013-05-04,44003,Kent,16.6022,2.5996,53.8527,3.6815
2013-05-05,44003,Kent,16.7241,1.2101,51.8219,3.0439
2013-05-06,44003,Kent,19.5596,3.825,52.9196,1.6828
2013-05-07,44003,Kent,23.1635,8.2469,54.9335,1.972
2013-05-08,44003,Kent,22.9988,11.1231,62.0108,3.7501
2013-05-09,44003,Kent,20.6024,10.6515,65.2381,2.6105
2013-05-10,44003,Kent,25.369,11.6314,53.2625,2.8957
2013-05-11,44003,Kent,21.8156,11.4948,66.1639,4.1051
2013-05-12,44003,Kent,21.4462,6.3081,70.6354,3.8465
2013-05-13,44003,Kent,14.6412,4.5734,47.4561,4.551
2013-05-14,44003,Kent,15.4933,3.6047,44.3394,3.1086
2013-05-15,44003,Kent,17.5325,3.7671,51.298,3.7002
2013-05-16,44003,Kent,25.1905,9.6671,46.8969,3.8362
2013-05-17,44003,Kent,20.7863,9.4742,47.8856,3.318
2013-05-18,44003,Kent,21.6907,9.2105,44.4769,1.9943
2013-05-19,44003,Kent,21.1768,8.4037,58.9481,3.7018
2013-05-20,44003,Kent,27.1067,13.5345,55.6416,3.8096
2013-05-21,44003,Kent,28.1842,14.9897,61.4627,2.9671
2013-05-22,44003,Kent,26.4876,13.9233,63.1,2.9415
2013-05-23,44003,Kent,24.4535,15.3179,67.5739,4.9083
2013-05-24,44003,Kent,23.0278,10.0643,74.7201,3.6193
2013-05-25,44003,Kent,12.5537,6.224,79.6899,4.0778
2013-05-26,44003,Kent,13.7237,5.4492,57.3341,6.3459
2013-05-27,44003,Kent,20.7629,5.1595,42.5688,3.798
2013-05-28,44003,Kent,22.8864,8.8648,45.9191,2.3117
2013-05-29,44003,Kent,24.9817,13.438,60.8752,3.7093
2013-05-30,44003,Kent,30.6799,16.1787,57.1307,3.5035
2013-05-31,44003,Kent,31.9644,17.8172,54.8572,3.0202
2013-06-01,44003,Kent,30.0195,16.9714,59.1981,4.0214
2013-06-02,44003,Kent,28.0915,16.577,66.518,5.0388
2013-06-03,44003,Kent,24.3102,15.5468,74.0801,3.7445
2013-06-04,44003,Kent,20.3121,9.4842,65.5454,3.7709
2013-06-05,44003,Kent,21.874,8.8174,49.3349,1.7788
2013-06-06,44003,Kent,21.798,9.4972,61.2418,3.1681
2013-06-07,44003,Kent,19.0188,13.3005,72.1899,4.0998
2013-06-08,44003,Kent,25.1373,14.9576,63.0607,3.7066
2013-06-09,44003,Kent,25.9145,14.7481,61.9488,2.6762
2013-06-10,44003,Kent,24.0505,14.4376,64.6786,2.4842
2013-06-11,44003,Kent,26.2361,15.557,67.1223,4.1754
2013-06-12,44003,Kent,22.0992,13.559,68.8277,5.8702
2013-06-13,44003,Kent,19.3651,11.656,70.7084,3.0123
2013-06-14,44003,Kent,21.944,10.6037,61.1204,5.5865
2013-06-15,44003,Kent,24.5279,12.9391,56.6682,2.7987
2013-06-16,44003,Kent,25.6713,12.2193,59.2504,3.441
2013-06-17,44003,Kent,28.46,16.0234,63.6058,3.4907
2013-06-18,44003,Kent,26.6341,16.3372,67.9919,2.0955
2013-06-19,44003,Kent,23.699,14.8419,62.4282,3.1536
2013-06-20,44003,Kent,24.0295,14.4972,55.7721,1.9928
2013-06-21,44003,Kent,26.1656,14.6178,57.6919,3.2123
2013-06-22,44003,Kent,26.8984,14.2668,60.5312,3.6174
2013-06-23,44003,Kent,28.543,15.6918,64.732,3.7237
2013-06-24,44003,Kent,32.8763,19.2907,61.3901,3.9968
2013-06-25,44003,Kent,32.3183,21.0838,60.0812,3.6797
2013-06-26,44003,Kent,31.0255,20.7988,62.1532,3.8309
2013-06-27,44003,Kent,27.55,17.9267,75.489,2.2548
2013-06-28,44003,Kent,27.1561,18.1772,71.2657,4.6836
2013-06-29,44003,Kent,28.1102,19.5058,70.7654,4.4462
2013-06-30,44003,Kent,28.0765,18.8853,73.9463,3.7413
2013-07-01,44003,Kent,27.1449,19.842,74.3336,3.358
2013-07-02,44003,Kent,27.2271,20.0255,79.6378,3.7666
2013-07-03,44003,Kent,29.7749,20.1522,72.8574,4.2673
2013-07-04,44003,Kent,31.0754,21.2645,73.1477,4.2451
2013-07-05,44003,Kent,32.3361,21.82,70.6312,3.9545
2013-07-06,44003,Kent,32.6347,22.2729,68.8526,3.6309
2013-07-07,44003,Kent,32.6173,22.1398,67.4442,2.6268
2013-07-08,44003,Kent,31.3242,22.4368,70.2248,3.2696
2013-07-09,44003,Kent,28.0687,20.6582,75.9658,1.5894
2013-07-10,44003,Kent,28.4818,20.6581,78.1029,3.1926
2013-07-11,44003,Kent,28.322,22.131,78.5648,3.2455
2013-07-12,44003,Kent,25.253,19.152,81.2763,3.6593
2013-07-13,44003,Kent,26.7755,18.947,75.6024,2.8047
2013-07-14,44003,Kent,30.6829,20.6248,73.4584,1.8907
2013-07-15,44003,Kent,33.1422,22.4595,65.7415,2.3994
2013-07-16,44003,Kent,32.9174,21.7069,64.0025,2.4358
2013-07-17,44003,Kent,31.8468,22.2102,64.1044,1.2797
2013-07-18,44003,Kent,33.9999,22.0163,64.0632,2.5514
2013-07-19,44003,Kent,34.3422,22.7773,66.6271,4.012
2013-07-20,44003,Kent,33.4346,22.0919,69.3178,4.715
2013-07-21,44003,Kent,28.8068,19.7903,70.0296,1.973
2013-07-22,44003,Kent,29.8465,19.1232,66.9175,2.1612
2013-07-23,44003,Kent,28.5206,18.872,76.4301,2.917
2013-07-24,44003,Kent,28.919,20.6258,75.434,2.2812
2013-07-25,44003,Kent,21.2603,17.119,84.3481,4.0681
2013-07-26,44003,Kent,21.878,16.8941,79.5688,4.4085
2013-07-27,44003,Kent,27.6284,16.2595,65.8886,2.9186
2013-07-28,44003,Kent,29.3646,17.865,66.6106,2.1081
2013-07-29,44003,Kent,28.7587,18.9498,72.9331,2.55
2013-07-30,44003,Kent,27.7679,15.5908,66.9185,2.8587
2013-07-31,44003,Kent,27.9992,14.4182,55.8755,1.9089
2013-08-01,44003,Kent,27.7077,15.7858,65.3948,3.2112
2013-08-02,44003,Kent,28.6485,18.1199,65.3145,2.7857
2013-08-03,44003,Kent,27.9146,15.454,66.0906,4.1612
2013-08-04,44003,Kent,27.0237,12.1373,58.9107,3.12
2013-08-05,44003,Kent,25.6014,10.6782,47.7595,3.3633
2013-08-06,44003,Kent,26.9168,10.83,42.6199,1.9201
2013-08-07,44003,Kent,28.2527,13.7013,50.8212,2.2877
2013-08-08,44003,Kent,27.7965,17.6734,68.5726,3.2132
2013-08-09,44003,Kent,26.6259,19.8586,78.4531,4.1975
2013-08-10,44003,Kent,29.5185,13.9568,65.4006,3.6997
2013-08-11,44003,Kent,26.3035,12.1587,50.6358,2.7715
2013-08-12,44003,Kent,29.0455,15.3212,55.076,2.7473
2013-08-13,44003,Kent,26.9652,16.9678,73.0018,2.784
2013-08-14,44003,Kent,26.2058,11.0351,66.0896,3.7395
2013-08-15,44003,Kent,26.2132,10.0034,46.7242,3.129
2013-08-16,44003,Kent,28.0685,11.4979,45.4474,2.6126
2013-08-17,44003,Kent,29.0971,14.0441,44.8028,1.654
2013-08-18,44003,Kent,28.1106,14.6139,48.5298,1.4653
2013-08-19,44003,Kent,30.0467,13.5703,49.2394,3.2142
2013-08-20,44003,Kent,33.1763,16.2801,47.1413,2.9776
2013-08-21,44003,Kent,33.0249,16.0889,48.8945,2.6812
2013-08-22,44003,Kent,29.8218,17.7938,65.1695,3.9694
2013-08-23,44003,Kent,29.2708,13.4364,60.6168,3.7503
2013-08-24,44003,Kent,27.6709,11.9675,42.5132,2.9143
2013-08-25,44003,Kent,28.8816,11.62,39.849,1.627
2013-08-26,44003,Kent,30.0711,15.6972,54.63,4.3757
2013-08-27,44003,Kent,27.9778,18.3368,71.8999,2.863
2013-08-28,44003,Kent,29.6972,17.8314,65.611,1.1428
2013-08-29,44003,Kent,26.3292,16.4961,72.6227,3.1109
2013-08-30,44003,Kent,28.9593,16.1132,62.7458,2.8658
2013-08-31,44003,Kent,27.0016,18.5481,77.7617,4.155
2013-09-01,44003,Kent,25.362,18.6763,83.2958,3.182
2013-09-02,44003,Kent,24.622,18.7771,82.5116,2.2089
2013-09-03,44003,Kent,26.647,17.3181,82.1199,2.5153
2013-09-04,44003,Kent,25.4353,14.4158,68.5946,3.4882
2013-09-05,44003,Kent,24.8361,9.9216,65.7318,3.2146
2013-09-06,44003,Kent,19.9768,7.939,55.2274,2.5577
2013-09-07,44003,Kent,24.6028,8.6243,52.6569,3.5206
2013-09-08,44003,Kent,25.7,7.334,69.1804,3.8892
2013-09-09,44003,Kent,20.9477,5.8132,51.3166,2.7873
2013-09-10,44003,Kent,26.3795,12.0607,66.4823,4.282
2013-09-11,44003,Kent,33.3485,18.9168,63.0073,3.7273
2013-09-12,44003,Kent,30.0955,18.9351,70.6172,4.0627
2013-09-13,44003,Kent,25.3365,13.39,83.5304,2.8281
2013-09-14,44003,Kent,22.6481,10.597,65.6013,2.9683
2013-09-15,44003,Kent,21.8361,8.6317,57.2396,2.9949
2013-09-16,44003,Kent,21.8812,7.5658,64.746,2.8725
2013-09-17,44003,Kent,17.4309,4.7962,56.7269,4.0863
2013-09-18,44003,Kent,22.1622,5.912,42.166,1.8926
2013-09-19,44003,Kent,26.3109,7.6156,44.2286,2.763
2013-09-20,44003,Kent,26.892,9.1701,47.6486,2.2494
2013-09-21,44003,Kent,25.7401,10.161,62.2979,3.3109
2013-09-22,44003,Kent,22.8131,10.9439,85.323,3.9783
2013-09-23,44003,Kent,18.7264,6.4271,57.1453,4.0996
2013-09-24,44003,Kent,19.2668,4.0434,51.9913,3.6636
2013-09-25,44003,Kent,20.3947,5.6641,53.237,2.4764
2013-09-26,44003,Kent,19.7799,11.981,57.2411,2.4226
2013-09-27,44003,Kent,20.3003,11.8063,60.1712,2.3585
2013-09-28,44003,Kent,22.7727,9.9833,56.688,2.5342
2013-09-29,44003,Kent,21.5415,8.2934,60.205,1.8958
2013-09-30,44003,Kent,24.0338,7.2613,55.3931,1.8379
2013-10-01,44003,Kent,25.8555,10.5322,50.0271,2.261
2013-10-02,44003,Kent,29.8028,10.3155,39.6615,3.3273
2013-10-03,44003,Kent,27.9909,10.816,39.513,2.4839
2013-10-04,44003,Kent,25.0168,9.9987,46.358,1.595
2013-10-05,44003,Kent,23.8044,13.6563,58.5633,1.1629
2013-10-06,44003,Kent,18.308,13.7198,68.984,2.8209
2013-10-07,44003,Kent,24.6153,14.3198,68.7191,4.1724
2013-10-08,44003,Kent,20.6572,5.3516,61.5515,4.1508
2013-10-09,44003,Kent,19.8235,5.2117,45.2082,4.1193
2013-10-10,44003,Kent,19.8427,6.4647,59.9978,4.0409
2013-10-11,44003,Kent,24.5738,8.539,54.9865,4.1167
2013-10-12,44003,Kent,23.4325,8.1636,51.612,5.1036
2013-10-13,44003,Kent,19.2203,4.6016,60.3268,4.2622
2013-10-14,44003,Kent,19.8111,4.5,48.1399,1.9717
2013-10-15,44003,Kent,22.2304,6.9837,45.2744,1.662
2013-10-16,44003,Kent,22.4321,7.3527,59.5238,2.3753
2013-10-17,44003,Kent,24.8358,12.138,56.9336,2.3173
2013-10-18,44003,Kent,21.9771,5.5752,64.2869,4.0275
2013-10-19,44003,Kent,20.1201,4.5532,45.1336,2.8636
2013-10-20,44003,Kent,17.5269,2.9926,60.0897,4.0884
2013-10-21,44003,Kent,18.8531,2.3945,37.6822,2.9677
2013-10-22,44003,Kent,21.8963,4.0874,48.8616,3.4124
2013-10-23,44003,Kent,12.7833,1.9194,59.7366,2.2803
2013-10-24,44003,Kent,13.1174,2.3202,46.6379,4.4811
2013-10-25,44003,Kent,12.1642,0.4134,39.8752,4.3559
2013-10-26,44003,Kent,14.4017,-1.2239,41.6454,4.6275
2013-10-27,44003,Kent,15.09,0.7375,49.9842,4.1951
2013-10-28,44003,Kent,15.0958,-0.3087,38.7121,3.9599
2013-10-29,44003,Kent,12.4179,-0.1692,41.052,2.6928
2013-10-30,44003,Kent,13.6983,1.2559,45.8219,1.6505
2013-10-31,44003,Kent,18.6234,4.3974,59.8413,2.8432
2013-11-01,44003,Kent,21.724,9.3376,77.1193,7.2776
2013-11-02,44003,Kent,20.5747,8.3945,51.9093,2.6682
2013-11-03,44003,Kent,11.6129,-0.07,71.0113,3.9137
2013-11-04,44003,Kent,7.5175,-1.5954,40.7655,4.5185
2013-11-05,44003,Kent,11.1137,-1.3139,48.3014,2.4612
2013-11-06,44003,Kent,16.6101,3.3239,53.2519,2.2564
2013-11-07,44003,Kent,19.1415,3.3554,76.8242,4.5447
2013-11-08,44003,Kent,9.6928,0.9645,60.2245,5.1367
2013-11-09,44003,Kent,8.6613,-0.8451,40.9504,4.7916
2013-11-10,44003,Kent,14.5491,3.6884,48.3896,4.0282
2013-11-11,44003,Kent,10.211,0.7593,48.5436,5.9706
2013-11-12,44003,Kent,9.3241,-5.6666,64.7829,5.4217
2013-11-13,44003,Kent,2.7521,-5.8861,41.7146,5.1479
2013-11-14,44003,Kent,10.4607,-3.4611,37.6463,5.3982
2013-11-15,44003,Kent,15.767,0.1816,39.7232,4.1689
2013-11-16,44003,Kent,14.9906,3.0313,49.6761,2.5552
2013-11-17,44003,Kent,15.2412,3.2933,66.2782,2.154
2013-11-18,44003,Kent,18.9512,5.7285,69.6445,4.5652
2013-11-19,44003,Kent,8.0375,-3.9809,59.4761,5.8711
2013-11-20,44003,Kent,5.6604,-5.1746,40.891,5.0518
2013-11-21,44003,Kent,8.5481,-5.4857,44.5842,1.9141
2013-11-22,44003,Kent,11.3123,3.1107,68.0427,2.2489
2013-11-23,44003,Kent,9.4112,-3.7713,73.2558,4.8184
2013-11-24,44003,Kent,-1.4573,-9.3173,44.7153,8.2882
2013-11-25,44003,Kent,0.7041,-11.2398,33.8678,5.9851
2013-11-26,44003,Kent,8.8083,-2.1965,45.9013,3.7404
2013-11-27,44003,Kent,16.1994,1.0016,85.9142,6.1056
2013-11-28,44003,Kent,3.3085,-4.6894,70.1098,6.7421
2013-11-29,44003,Kent,0.6084,-4.8768,39.1524,3.9805
2013-11-30,44003,Kent,3.2556,-7.6162,46.8118,3.1774
2013-12-01,44003,Kent,8.9317,0.2134,69.6697,2.3112
2013-12-02,44003,Kent,8.3006,-1.3446,72.7397,1.5004
2013-12-03,44003,Kent,9.5752,-2.0285,62.5068,2.5105
2013-12-04,44003,Kent,9.0666,-1.8806,56.3299,2.1553
2013-12-05,44003,Kent,13.2211,2.6599,64.282,2.3872
2013-12-06,44003,Kent,14.3989,1.4319,84.9075,3.1479
2013-12-07,44003,Kent,5.8094,-2.7855,69.706,3.8975
2013-12-08,44003,Kent,2.5425,-4.1961,44.4958,3.0944
2013-12-09,44003,Kent,5.7498,-2.0393,64.1022,4.186
2013-12-10,44003,Kent,5.7166,-4.4675,70.2697,3.3954
2013-12-11,44003,Kent,1.2157,-4.3186,50.4146,5.7229
2013-12-12,44003,Kent,-0.4077,-6.8314,48.092,4.4131
2013-12-13,44003,Kent,1.3616,-7.1945,41.5388,6.1004
2013-12-14,44003,Kent,2.3497,-9.1605,38.6959,4.6629
2013-12-15,44003,Kent,4.4766,-4.5086,74.4797,5.7884
2013-12-16,44003,Kent,0.4291,-7.0471,60.7913,5.5142
2013-12-17,44003,Kent,1.3998,-7.966,52.2015,3.5545
2013-12-18,44003,Kent,0.7411,-6.4346,69.0964,4.252
2013-12-19,44003,Kent,4.6716,-3.6452,58.0773,5.0843
2013-12-20,44003,Kent,6.8863,-1.318,61.5471,2.616
2013-12-21,44003,Kent,13.4484,2.1305,63.5701,3.971
2013-12-22,44003,Kent,16.5497,7.8741,69.2706,4.5747
2013-12-23,44003,Kent,12.0492,2.6067,90.0061,1.9636
2013-12-24,44003,Kent,5.3475,-4.4514,69.7012,4.2265
2013-12-25,44003,Kent,-1.544,-8.0251,42.0288,4.5098
2013-12-26,44003,Kent,4.0409,-4.6855,63.3645,2.153
2013-12-27,44003,Kent,2.8081,-4.6228,56.3301,4.3783
2013-12-28,44003,Kent,6.7411,-3.371,57.6039,4.4541
2013-12-29,44003,Kent,9.1986,-1.4625,64.4005,2.937
2013-12-30,44003,Kent,7.1836,-7.4468,80.2655,4.54
2013-12-31,44003,Kent,7.1836,-7.4468,28.3461,3.7309
2014-01-01,44003,Kent,-1.8678,-8.2536,38.4786,4.9807
2014-01-02,44003,Kent,-5.1699,-15.9037,92.0652,5.2578
2014-01-03,44003,Kent,-10.051,-20.7562,95.3335,8.505
2014-01-04,44003,Kent,-2.429,-19.5441,51.2351,4.0968
2014-01-05,44003,Kent,11.6234,-10.6605,44.1486,2.931
2014-01-06,44003,Kent,13.8854,-11.967,69.0586,4.855
2014-01-07,44003,Kent,-10.0644,-14.6454,68.3687,8.1253
2014-01-08,44003,Kent,-5.768,-14.3731,35.2494,5.2827
2014-01-09,44003,Kent,-1.5037,-10.8879,38.6478,4.0356
2014-01-10,44003,Kent,5.1508,-6.8818,48.7719,1.6035
2014-01-11,44003,Kent,14.7803,4.7795,49.3993,4.1779
2014-01-12,44003,Kent,7.6561,-2.4817,78.9932,6.1174
2014-01-13,44003,Kent,9.6603,-1.1607,46.7206,3.9085
2014-01-14,44003,Kent,8.5499,-1.0274,82.8347,3.2936
2014-01-15,44003,Kent,7.9492,-1.1921,72.5479,2.3439
2014-01-16,44003,Kent,4.7216,-0.1829,68.707,1.757
2014-01-17,44003,Kent,6.589,-1.1431,57.6089,2.1422
2014-01-18,44003,Kent,2.4585,-1.4736,77.9577,1.895
2014-01-19,44003,Kent,1.742,-2.0559,59.0736,5.7995
2014-01-20,44003,Kent,6.1077,-7.7625,57.2108,5.8512
2014-01-21,44003,Kent,-7.4799,-13.297,77.355,4.7009
2014-01-22,44003,Kent,-8.3187,-16.5854,70.7402,7.0229
2014-01-23,44003,Kent,-6.8779,-16.4371,52.0616,4.565
2014-01-24,44003,Kent,-3.9622,-14.6303,33.4551,5.559
2014-01-25,44003,Kent,2.3101,-9.238,56.0971,6.8372
2014-01-26,44003,Kent,2.761,-9.5097,39.0688,6.6271
2014-01-27,44003,Kent,7.5853,-11.358,58.3783,4.9036
2014-01-28,44003,Kent,-7.4617,-11.1663,35.6498,4.5427
2014-01-29,44003,Kent,-4.2807,-13.7619,46.3742,2.8335
2014-01-30,44003,Kent,-1.7579,-12.4703,40.2034,3.5047
2014-01-31,44003,Kent,5.795,-2.2835,39.5661,3.6199
2014-02-01,44003,Kent,6.9611,-1.2565,48.1738,1.7426
2014-02-02,44003,Kent,11.6631,0.4753,49.8794,2.6195
2014-02-03,44003,Kent,2.0152,-8.7466,87.3751,3.1858
2014-02-04,44003,Kent,1.5656,-7.696,63.0081,2.072
2014-02-05,44003,Kent,0.9588,-7.3001,77.0821,3.5095
2014-02-06,44003,Kent,-1.494,-12.4494,78.1893,3.1901
2014-02-07,44003,Kent,-0.2737,-12.3389,62.7278,3.9298
2014-02-08,44003,Kent,-0.8946,-10.3583,52.772,3.3561
2014-02-09,44003,Kent,0.2656,-7.9145,44.78,1.7925
2014-02-10,44003,Kent,-1.6445,-13.7918,76.6251,4.1237
2014-02-11,44003,Kent,-3.7013,-15.9982,48.0734,3.751
2014-02-12,44003,Kent,-2.3599,-15.2073,42.6473,3.5639
2014-02-13,44003,Kent,2.3559,-3.4807,64.8064,6.1059
2014-02-14,44003,Kent,3.3293,-5.0025,71.8833,6.8044
2014-02-15,44003,Kent,1.9385,-6.0119,69.4991,4.2422
2014-02-16,44003,Kent,-0.179,-10.6055,71.4061,7.1517
2014-02-17,44003,Kent,-0.9605,-13.4022,49.1155,5.5173
2014-02-18,44003,Kent,1.7566,-9.6259,64.4192,2.7723
2014-02-19,44003,Kent,3.7153,-7.9321,75.422,3.505
2014-02-20,44003,Kent,9.3365,-0.2234,50.5876,3.38
2014-02-21,44003,Kent,9.867,-0.7201,63.3519,3.0337
2014-02-22,44003,Kent,10.2268,-0.6428,56.4189,4.402
2014-02-23,44003,Kent,10.8678,-0.0409,51.2132,3.6644
2014-02-24,44003,Kent,2.0814,-7.6668,73.5815,3.8353
2014-02-25,44003,Kent,-0.9926,-10.2745,35.3314,5.6867
2014-02-26,44003,Kent,-0.6094,-14.35,42.6049,3.9306
2014-02-27,44003,Kent,-1.3377,-13.9496,45.4812,3.6309
2014-02-28,44003,Kent,-3.6362,-15.0052,39.2372,5.4401
2014-03-01,44003,Kent,2.5613,-11.627,42.3365,2.1786
2014-03-02,44003,Kent,3.2015,-7.1942,71.0331,2.9581
2014-03-03,44003,Kent,-4.0894,-14.8588,69.0354,4.368
2014-03-04,44003,Kent,-0.6687,-12.26,44.4809,2.9752
2014-03-05,44003,Kent,0.5854,-12.1169,63.4488,2.2602
2014-03-06,44003,Kent,-0.524,-12.9352,53.4469,4.8453
2014-03-07,44003,Kent,4.1877,-10.116,54.7174,2.6447
2014-03-08,44003,Kent,13.5746,-1.5514,40.3592,2.68
2014-03-09,44003,Kent,6.1214,-1.4975,49.03,3.377
2014-03-10,44003,Kent,7.1811,-0.879,48.1638,2.2785
2014-03-11,44003,Kent,15.7416,2.0502,39.7445,2.7717
2014-03-12,44003,Kent,13.0598,-6.8676,64.5818,2.9888
2014-03-13,44003,Kent,-4.0442,-11.3606,100.0,6.3426
2014-03-14,44003,Kent,6.0046,-8.0789,34.3662,5.3531
2014-03-15,44003,Kent,14.4579,-2.6721,47.1074,5.1893
2014-03-16,44003,Kent,2.1082,-8.0725,57.186,4.9935
2014-03-17,44003,Kent,0.3431,-9.5804,27.1774,4.6328
2014-03-18,44003,Kent,6.0507,-7.3096,35.5242,3.0821
2014-03-19,44003,Kent,8.244,-2.5213,47.144,3.6422
2014-03-20,44003,Kent,11.8935,1.0122,59.27,4.7988
2014-03-21,44003,Kent,7.6884,-4.4103,54.8417,5.7953
2014-03-22,44003,Kent,15.1556,-2.2411,39.0924,4.2981
2014-03-23,44003,Kent,6.5443,-9.0234,55.7838,3.5441
2014-03-24,44003,Kent,1.8225,-9.4901,31.0737,4.9449
2014-03-25,44003,Kent,3.4665,-5.4757,31.1126,2.225
2014-03-26,44003,Kent,2.727,-6.7005,53.5708,6.9879
2014-03-27,44003,Kent,7.7013,-4.9113,26.0305,5.9196
2014-03-28,44003,Kent,13.4794,1.985,50.997,5.6391
2014-03-29,44003,Kent,12.6005,3.9854,70.2156,3.811
2014-03-30,44003,Kent,9.1125,1.3428,94.631,4.2082
2014-03-31,44003,Kent,4.6575,0.3907,69.0166,5.8782
2014-04-01,44003,Kent,12.4644,-1.746,45.835,4.1177
2014-04-02,44003,Kent,13.1671,-0.3829,51.7935,1.7579
2014-04-03,44003,Kent,15.4428,1.3266,40.9598,2.1322
2014-04-04,44003,Kent,10.5648,2.1573,48.4073,3.6646
2014-04-05,44003,Kent,11.9124,-1.4824,68.7881,4.4929
2014-04-06,44003,Kent,14.6486,0.1463,35.8894,4.0386
2014-04-07,44003,Kent,13.6581,4.1577,43.2411,2.8634
2014-04-08,44003,Kent,16.7485,2.935,74.9835,5.427
2014-04-09,44003,Kent,15.6663,-1.9671,55.5081,4.4508
2014-04-10,44003,Kent,13.9104,3.3575,33.5925,3.9907
2014-04-11,44003,Kent,20.7023,7.1337,45.4247,4.0374
2014-04-12,44003,Kent,21.0552,4.6933,46.5879,2.4369
2014-04-13,44003,Kent,18.9045,8.3724,49.8991,3.5725
2014-04-14,44003,Kent,21.9729,12.6467,53.9656,6.1354
2014-04-15,44003,Kent,18.5948,-0.7917,81.4727,6.9189
2014-04-16,44003,Kent,7.741,-1.9782,64.5574,6.3046
2014-04-17,44003,Kent,7.5497,-2.4216,45.0287,4.6447
2014-04-18,44003,Kent,9.7756,0.5528,54.5422,2.9461
2014-04-19,44003,Kent,18.0261,1.3425,41.0558,3.1013
2014-04-20,44003,Kent,13.8114,-0.8806,44.5911,2.8833
2014-04-21,44003,Kent,17.8209,3.1922,34.7726,1.7556
2014-04-22,44003,Kent,20.7753,6.8245,46.335,2.9844
2014-04-23,44003,Kent,12.5814,4.37,75.3561,3.8428
2014-04-24,44003,Kent,15.1184,4.0453,52.6722,7.4295
2014-04-25,44003,Kent,17.283,5.1259,34.078,3.3069
2014-04-26,44003,Kent,8.9967,4.8352,75.6389,2.2743
2014-04-27,44003,Kent,11.5864,3.144,69.3551,1.9714
2014-04-28,44003,Kent,15.292,4.7349,49.7504,2.8728
2014-04-29,44003,Kent,9.1678,3.8318,70.591,5.2832
2014-04-30,44003,Kent,14.0511,4.3167,55.6145,4.9708
2014-05-01,44003,Kent,19.5102,8.8698,69.24,4.9816
2014-05-02,44003,Kent,19.4198,5.1177,67.9331,3.1127
2014-05-03,44003,Kent,20.2702,8.4169,46.6561,2.864
2014-05-04,44003,Kent,18.0491,8.6036,50.2008,5.2775
2014-05-05,44003,Kent,17.8633,5.4434,51.6884,5.0098
2014-05-06,44003,Kent,18.1016,3.826,47.2256,2.7449
2014-05-07,44003,Kent,19.4751,5.116,39.4139,2.5556
2014-05-08,44003,Kent,17.2619,9.2692,55.8988,2.3422
2014-05-09,44003,Kent,17.0474,11.5432,62.3119,2.2527
2014-05-10,44003,Kent,26.5097,12.738,56.2647,3.1978
2014-05-11,44003,Kent,26.3171,9.7721,55.5831,4.1867
2014-05-12,44003,Kent,28.2373,10.2108,40.4681,2.9677
2014-05-13,44003,Kent,17.2146,6.0991,73.2223,3.6749
2014-05-14,44003,Kent,20.3559,9.7228,54.5859,3.0614
2014-05-15,44003,Kent,22.5148,15.5162,64.8697,3.2628
2014-05-16,44003,Kent,19.7233,15.3181,78.1506,5.2564
2014-05-17,44003,Kent,23.534,8.5774,65.9449,4.954
2014-05-18,44003,Kent,20.2031,8.643,46.4425,3.3089
2014-05-19,44003,Kent,19.4164,9.607,41.2738,3.9169
2014-05-20,44003,Kent,23.5682,6.8785,42.9169,3.4349
2014-05-21,44003,Kent,23.2876,10.1656,47.2202,1.4032
2014-05-22,44003,Kent,17.1508,10.9277,71.2352,2.2121
2014-05-23,44003,Kent,18.2458,10.4044,69.8936,1.692
2014-05-24,44003,Kent,18.9297,8.5065,67.7613,2.7495
2014-05-25,44003,Kent,20.7832,9.5011,63.9888,1.4166
2014-05-26,44003,Kent,25.8469,13.6551,52.529,3.3118
2014-05-27,44003,Kent,26.5806,8.9864,65.016,2.4803
2014-05-28,44003,Kent,11.714,3.5666,100.0,4.2345
2014-05-29,44003,Kent,19.0741,4.7056,57.0158,3.3723
2014-05-30,44003,Kent,20.3165,8.7984,50.61,1.5312
2014-05-31,44003,Kent,19.0139,5.2283,68.3886,3.248
2014-06-01,44003,Kent,24.7851,7.8969,47.0014,2.0089
2014-06-02,44003,Kent,27.0551,10.1361,47.949,2.722
2014-06-03,44003,Kent,26.4355,12.0836,56.8778,2.7537
2014-06-04,44003,Kent,20.7771,13.347,72.8516,2.4483
2014-06-05,44003,Kent,17.7785,11.7805,88.312,2.4924
2014-06-06,44003,Kent,24.0853,11.9651,58.6603,2.9841
2014-06-07,44003,Kent,27.8145,13.4364,51.3596,2.4536
2014-06-08,44003,Kent,29.2294,14.2155,54.0585,1.846
2014-06-09,44003,Kent,24.2383,15.7782,65.0464,2.3582
2014-06-10,44003,Kent,24.8409,13.9893,78.6806,2.3062
2014-06-11,44003,Kent,22.8925,12.7195,79.193,3.0925
2014-06-12,44003,Kent,21.1633,15.0259,75.0962,3.6931
2014-06-13,44003,Kent,21.6022,16.3073,82.6437,3.5001
2014-06-14,44003,Kent,24.8656,11.8053,82.5285,1.8157
2014-06-15,44003,Kent,26.5184,12.1889,57.6808,3.9357
2014-06-16,44003,Kent,26.6082,14.2454,51.4247,2.1893
2014-06-17,44003,Kent,27.2761,17.1566,62.0302,3.2117
2014-06-18,44003,Kent,29.705,18.7466,64.8695,4.1809
2014-06-19,44003,Kent,27.5901,10.7299,68.9941,2.3947
2014-06-20,44003,Kent,24.8687,9.0695,53.3913,2.902
2014-06-21,44003,Kent,23.8804,10.5737,50.3301,1.562
2014-06-22,44003,Kent,24.6935,10.508,55.6373,1.0726
2014-06-23,44003,Kent,25.5686,11.7656,56.4952,1.4031
2014-06-24,44003,Kent,26.6801,15.9871,53.3795,3.2151
2014-06-25,44003,Kent,28.6993,20.0996,59.775,3.9108
2014-06-26,44003,Kent,29.1999,13.8847,72.003,2.5686
2014-06-27,44003,Kent,26.1585,11.8939,69.9029,2.0727
2014-06-28,44003,Kent,28.1121,11.8026,50.8079,1.4627
2014-06-29,44003,Kent,28.5036,14.9536,47.7782,2.6417
2014-06-30,44003,Kent,29.652,18.4284,50.6171,3.2935
2014-07-01,44003,Kent,30.0564,20.6926,60.1718,4.2827
2014-07-02,44003,Kent,31.4466,21.8642,64.3401,4.1727
2014-07-03,44003,Kent,31.4408,19.1466,71.3096,3.0662
2014-07-04,44003,Kent,23.4936,14.5818,99.6041,2.9065
2014-07-05,44003,Kent,26.2727,14.3438,57.7796,6.1461
2014-07-06,44003,Kent,28.5369,18.1423,46.9763,4.4834
2014-07-07,44003,Kent,28.9444,19.9465,58.6107,4.7907
2014-07-08,44003,Kent,31.4188,20.471,62.6309,4.4817
2014-07-09,44003,Kent,29.3106,19.3454,64.1116,4.3591
2014-07-10,44003,Kent,27.3476,17.0215,65.0155,1.7972
2014-07-11,44003,Kent,27.6426,13.899,55.7901,1.8861
2014-07-12,44003,Kent,29.1702,16.938,49.8882,1.7756
2014-07-13,44003,Kent,27.6174,20.2488,55.2621,4.3225
2014-07-14,44003,Kent,27.8673,21.6684,69.1833,4.1047
2014-07-15,44003,Kent,26.4038,20.9784,80.0637,3.5215
2014-07-16,44003,Kent,24.4323,17.3554,90.3764,3.1969
2014-07-17,44003,Kent,27.0252,14.1488,73.0263,1.8157
2014-07-18,44003,Kent,26.7874,14.1921,53.0535,1.5024
2014-07-19,44003,Kent,25.3269,15.52,57.8082,1.5891
2014-07-20,44003,Kent,24.2971,14.6815,72.6834,2.8733
2014-07-21,44003,Kent,27.0707,15.6619,65.4163,2.0787
2014-07-22,44003,Kent,30.6227,18.8661,55.7917,2.2196
2014-07-23,44003,Kent,30.406,20.0729,61.8806,4.5804
2014-07-24,44003,Kent,25.6147,14.5133,82.6832,2.6167
2014-07-25,44003,Kent,27.2156,15.4236,55.3037,2.3119
2014-07-26,44003,Kent,27.585,17.2379,49.6905,3.6482
2014-07-27,44003,Kent,24.9237,19.2926,69.7892,3.8159
2014-07-28,44003,Kent,28.0621,16.175,77.2857,3.1843
2014-07-29,44003,Kent,25.3285,13.5301,65.895,3.4568
2014-07-30,44003,Kent,25.8761,12.7684,53.9413,2.1096
2014-07-31,44003,Kent,27.0854,15.3672,53.2949,3.0444
2014-08-01,44003,Kent,27.5014,18.0225,60.6103,2.8851
2014-08-02,44003,Kent,20.964,15.4631,90.5486,2.3097
2014-08-03,44003,Kent,22.4816,16.2102,82.7835,1.2428
2014-08-04,44003,Kent,27.9712,17.0098,66.9037,2.5599
2014-08-05,44003,Kent,29.8488,18.3952,59.1124,2.0488
2014-08-06,44003,Kent,27.9546,14.0485,65.4076,2.2564
2014-08-07,44003,Kent,27.0057,12.3997,52.4634,2.6172
2014-08-08,44003,Kent,28.2414,13.6674,42.7892,2.8735
2014-08-09,44003,Kent,29.0235,14.2717,46.0762,2.0089
2014-08-10,44003,Kent,29.4467,14.7428,50.4158,1.1707
2014-08-11,44003,Kent,28.2603,14.8337,54.6149,1.6913
2014-08-12,44003,Kent,26.5606,18.1801,59.4551,2.9075
2014-08-13,44003,Kent,22.2243,14.3929,99.0274,4.7021
2014-08-14,44003,Kent,23.9481,12.1937,71.3411,3.3491
2014-08-15,44003,Kent,22.9913,11.7132,58.8456,2.522
2014-08-16,44003,Kent,24.6666,14.8371,54.5333,3.9812
2014-08-17,44003,Kent,26.1636,12.5373,66.9732,2.7121
2014-08-18,44003,Kent,25.2882,9.9629,60.2523,2.8561
2014-08-19,44003,Kent,25.9416,11.4069,51.9009,1.6903
2014-08-20,44003,Kent,27.1528,12.6269,54.6317,1.5574
2014-08-21,44003,Kent,25.9591,15.6962,57.6921,1.4797
2014-08-22,44003,Kent,22.7257,15.7584,73.5265,2.9045
2014-08-23,44003,Kent,23.3081,11.617,74.2239,3.442
2014-08-24,44003,Kent,25.9179,12.9017,56.3902,2.4779
2014-08-25,44003,Kent,30.7177,13.7848,47.4381,1.5274
2014-08-26,44003,Kent,28.7551,15.0915,54.8748,2.3678
2014-08-27,44003,Kent,30.1471,17.5798,54.9046,3.6047
2014-08-28,44003,Kent,27.0899,11.9523,64.9936,3.3537
2014-08-29,44003,Kent,24.1719,10.4851,53.7524,2.8495
2014-08-30,44003,Kent,23.8269,14.1862,58.5716,3.1178
2014-08-31,44003,Kent,27.8969,20.7484,65.8694,4.3146
2014-09-01,44003,Kent,29.9751,20.3526,66.3734,2.9781
2014-09-02,44003,Kent,31.3643,20.3558,62.461,3.3174
2014-09-03,44003,Kent,28.2554,13.3782,60.6881,3.8734
2014-09-04,44003,Kent,29.1323,15.6295,40.2995,2.5026
2014-09-05,44003,Kent,29.593,20.0942,48.8939,3.3766
2014-09-06,44003,Kent,30.4779,16.7984,70.4418,4.4851
2014-09-07,44003,Kent,25.4222,11.5279,67.0705,2.9481
2014-09-08,44003,Kent,23.571,12.2837,52.1493,3.0688
2014-09-09,44003,Kent,21.7724,14.0854,65.8706,4.4479
2014-09-10,44003,Kent,22.9034,14.461,62.8183,3.0641
2014-09-11,44003,Kent,25.3291,12.787,68.9713,3.4106
2014-09-12,44003,Kent,22.8293,9.13,74.2489,2.7487
2014-09-13,44003,Kent,20.3345,8.9443,65.0971,3.3489
2014-09-14,44003,Kent,20.0341,6.7298,65.0382,2.5258
2014-09-15,44003,Kent,19.4433,8.4171,46.3772,1.6206
2014-09-16,44003,Kent,20.1181,6.7211,62.9361,1.7142
2014-09-17,44003,Kent,21.4534,6.8777,54.5192,2.266
2014-09-18,44003,Kent,23.6118,7.2128,45.1534,2.1233
2014-09-19,44003,Kent,15.5805,3.1401,69.4151,3.0905
2014-09-20,44003,Kent,21.1703,10.9333,53.8766,3.9806
2014-09-21,44003,Kent,24.3874,15.3887,79.0247,2.7985
2014-09-22,44003,Kent,22.3627,4.4042,84.8138,4.0874
2014-09-23,44003,Kent,20.2136,7.4978,44.0371,3.1834
2014-09-24,44003,Kent,20.7745,10.0573,52.4154,3.0065
2014-09-25,44003,Kent,16.3181,11.6528,82.4292,4.0772
2014-09-26,44003,Kent,23.5947,8.7797,58.0515,4.1598
2014-09-27,44003,Kent,28.1261,10.9036,42.573,2.302
2014-09-28,44003,Kent,28.8194,13.6632,46.7814,2.3521
2014-09-29,44003,Kent,22.9879,12.7306,65.2983,2.5062
2014-09-30,44003,Kent,14.6867,12.2604,100.0,2.791
2014-10-01,44003,Kent,15.1083,12.3093,88.6584,4.3701
2014-10-02,44003,Kent,14.2452,6.9182,95.7766,5.1112
2014-10-03,44003,Kent,15.0962,9.629,69.9702,3.0639
2014-10-04,44003,Kent,18.5297,6.23,77.9928,3.178
2014-10-05,44003,Kent,15.9362,2.5056,75.014,3.6904
2014-10-06,44003,Kent,18.8051,7.7869,45.2778,3.1908
2014-10-07,44003,Kent,22.4436,14.6928,58.7166,5.0526
2014-10-08,44003,Kent,22.1672,4.4994,76.568,5.2587
2014-10-09,44003,Kent,18.6855,4.5069,50.0343,4.3518
2014-10-10,44003,Kent,16.7122,6.5492,46.0673,2.8733
2014-10-11,44003,Kent,10.9697,1.8412,81.9126,2.7685
2014-10-12,44003,Kent,16.3298,2.0277,53.8126,2.4391
2014-10-13,44003,Kent,17.7124,6.6788,53.2627,2.6264
2014-10-14,44003,Kent,23.6672,16.1577,62.8927,3.6502
2014-10-15,44003,Kent,25.3446,18.5046,64.6152,4.2273
2014-10-16,44003,Kent,21.4759,12.8792,89.4818,4.4026
2014-10-17,44003,Kent,21.4718,11.9333,71.4507,3.8787
2014-10-18,44003,Kent,20.8099,9.1843,71.1488,3.4336
2014-10-19,44003,Kent,12.2432,-1.1207,83.7453,4.7147
2014-10-20,44003,Kent,13.1268,2.9328,45.7734,4.196
2014-10-21,44003,Kent,17.5346,8.9611,65.4846,2.7634
2014-10-22,44003,Kent,13.155,8.7488,83.3088,5.0535
2014-10-23,44003,Kent,13.2082,8.2795,82.3241,5.9856
2014-10-24,44003,Kent,11.8684,4.1743,86.4827,4.4995
2014-10-25,44003,Kent,18.2717,7.2202,53.0979,3.6816
2014-10-26,44003,Kent,14.2596,5.2118,67.39,4.9749
2014-10-27,44003,Kent,16.8227,2.8091,54.282,4.5286
2014-10-28,44003,Kent,20.3174,8.0582,50.4263,2.3828
2014-10-29,44003,Kent,22.2523,4.1793,72.8155,3.1344
2014-10-30,44003,Kent,14.8293,2.5978,67.9461,3.4685
2014-10-31,44003,Kent,12.0491,4.7747,62.5403,2.5707
2014-11-01,44003,Kent,8.2732,2.5531,83.7184,6.9706
2014-11-02,44003,Kent,5.8417,-0.4013,68.4446,9.2353
2014-11-03,44003,Kent,11.5902,0.9304,36.4539,6.2621
2014-11-04,44003,Kent,17.5725,7.283,37.7151,2.7152
2014-11-05,44003,Kent,19.0021,6.0042,52.9242,4.2451
2014-11-06,44003,Kent,10.0005,6.3588,75.606,2.2445
2014-11-07,44003,Kent,9.5986,-1.4061,95.6616,4.4893
2014-11-08,44003,Kent,8.7359,0.0076,51.8216,4.4564
2014-11-09,44003,Kent,13.5131,-1.1299,58.5487,3.4846
2014-11-10,44003,Kent,14.6093,0.4896,49.3978,1.7518
2014-11-11,44003,Kent,16.0488,3.579,64.0584,2.6701
2014-11-12,44003,Kent,16.7542,-0.2517,89.0033,1.5469
2014-11-13,44003,Kent,10.3051,-0.4133,63.3605,2.6287
2014-11-14,44003,Kent,5.9364,-4.3601,66.6623,3.4064
2014-11-15,44003,Kent,4.057,-6.2976,53.4566,4.1173
2014-11-16,44003,Kent,5.1847,-3.3706,52.1856,2.64
2014-11-17,44003,Kent,14.0333,1.9525,67.3611,3.0156
2014-11-18,44003,Kent,4.4731,-7.2208,99.8412,6.3915
2014-11-19,44003,Kent,2.3633,-5.9738,35.872,6.3013
2014-11-20,44003,Kent,8.6766,-4.7725,53.8514,5.2704
2014-11-21,44003,Kent,2.0525,-7.7316,50.8215,5.9436
2014-11-22,44003,Kent,6.8298,-5.3871,38.8888,5.4676
2014-11-23,44003,Kent,14.5724,2.6451,47.026,5.1827
2014-11-24,44003,Kent,18.1509,11.875,58.877,4.8659
2014-11-25,44003,Kent,16.9466,5.4033,67.0152,4.3275
2014-11-26,44003,Kent,6.371,-0.7816,76.6385,4.2028
2014-11-27,44003,Kent,3.7054,-2.285,71.259,5.1549
2014-11-28,44003,Kent,2.3479,-8.1466,77.7063,3.7128
2014-11-29,44003,Kent,6.1943,-6.8161,44.3644,2.679
2014-11-30,44003,Kent,13.0662,6.3453,46.9896,3.9424
2014-12-01,44003,Kent,17.7626,0.4259,57.8196,3.79
2014-12-02,44003,Kent,4.8934,0.214,56.8798,5.5195
2014-12-03,44003,Kent,10.0102,-1.7139,69.1369,4.2461
2014-12-04,44003,Kent,6.0457,-4.9846,63.6676,4.5133
2014-12-05,44003,Kent,6.4463,-3.6803,50.7355,3.7725
2014-12-06,44003,Kent,7.1246,0.2621,86.2727,2.9278
2014-12-07,44003,Kent,2.3765,-7.0266,86.9443,6.8992
2014-12-08,44003,Kent,2.6942,-6.3892,52.0024,6.3239
2014-12-09,44003,Kent,8.9961,2.5046,68.8992,6.6054
2014-12-10,44003,Kent,5.2862,-0.3377,100.0,1.4267
2014-12-11,44003,Kent,1.2464,-3.1453,83.5664,5.1859
2014-12-12,44003,Kent,2.7535,-1.8397,59.8097,4.0439
2014-12-13,44003,Kent,4.7453,-2.1884,57.4041,4.394
2014-12-14,44003,Kent,7.0972,-3.5731,56.7069,3.726
2014-12-15,44003,Kent,6.1863,-2.9694,60.3496,2.5509
2014-12-16,44003,Kent,5.792,0.6966,70.8571,2.093
2014-12-17,44003,Kent,9.5914,1.6157,74.5065,2.7594
2014-12-18,44003,Kent,5.4451,-0.5388,65.4492,5.6095
2014-12-19,44003,Kent,1.9833,-4.2521,65.6117,4.4075
2014-12-20,44003,Kent,1.4579,-2.56,65.8998,2.6054
2014-12-21,44003,Kent,1.2799,-0.8645,76.205,2.1803
2014-12-22,44003,Kent,5.8546,0.234,68.1837,2.9127
2014-12-23,44003,Kent,7.6675,4.6718,76.6086,4.2496
2014-12-24,44003,Kent,16.7991,5.4523,63.8065,2.9576
2014-12-25,44003,Kent,13.8031,0.7176,82.8332,5.8448
2014-12-26,44003,Kent,9.1457,-1.6476,56.2379,4.1311
2014-12-27,44003,Kent,10.963,-0.302,52.1054,2.7164
2014-12-28,44003,Kent,9.9668,-1.7777,70.0168,3.5825
2014-12-29,44003,Kent,5.0349,-5.9405,74.8354,3.5998
2014-12-30,44003,Kent,-1.4736,-10.1779,55.3592,3.4931
2014-12-31,44003,Kent,-1.2394,-8.5985,39.1215,3.5262
2015-01-01,44003,Kent,1.9679,-5.2936,32.7652,5.9218
2015-01-02,44003,Kent,4.4813,-5.1214,43.1725,5.8929
2015-01-03,44003,Kent,3.6135,-4.7803,44.184,3.5295
2015-01-04,44003,Kent,12.0821,1.3017,55.0714,4.9304
2015-01-05,44003,Kent,2.7725,-10.1673,85.2295,7.0931
2015-01-06,44003,Kent,-7.5508,-12.2593,42.9398,3.7818
2015-01-07,44003,Kent,-4.6539,-18.4734,61.3218,5.0668
2015-01-08,44003,Kent,-2.7089,-17.9044,23.9896,6.624
2015-01-09,44003,Kent,0.5248,-12.6771,61.0046,6.9321
2015-01-10,44003,Kent,-5.0545,-13.0844,54.6028,4.9983
2015-01-11,44003,Kent,2.1433,-10.4849,41.788,3.4181
2015-01-12,44003,Kent,3.1153,-4.7145,72.0279,3.4184
2015-01-13,44003,Kent,-4.0523,-10.5419,84.6793,5.2594
2015-01-14,44003,Kent,-3.8224,-8.6386,65.0328,3.5385
2015-01-15,44003,Kent,-1.5034,-6.4763,84.9406,2.5293
2015-01-16,44003,Kent,3.1144,-12.8204,64.8629,5.1428
2015-01-17,44003,Kent,-0.3875,-11.4581,25.3935,4.9959
2015-01-18,44003,Kent,10.5634,-1.5201,47.4818,4.2192
2015-01-19,44003,Kent,5.3698,-1.956,68.6042,5.4231
2015-01-20,44003,Kent,2.796,-7.5088,58.0926,5.1411
2015-01-21,44003,Kent,1.0955,-6.8624,38.7457,2.8454
2015-01-22,44003,Kent,2.9058,-6.1512,61.2746,2.8205
2015-01-23,44003,Kent,2.4904,-5.7012,47.2019,3.6333
2015-01-24,44003,Kent,0.8182,-1.6798,70.3283,3.7243
2015-01-25,44003,Kent,2.76,-9.7057,66.8592,5.399
2015-01-26,44003,Kent,-2.7689,-9.8145,62.1099,5.0893
2015-01-27,44003,Kent,-6.6036,-11.3447,96.2873,9.5186
2015-01-28,44003,Kent,-4.295,-16.1781,58.593,5.6793
2015-01-29,44003,Kent,0.3094,-15.3625,50.5057,2.8791
2015-01-30,44003,Kent,0.8512,-11.6141,92.8512,2.735
2015-01-31,44003,Kent,-5.4881,-13.5779,56.6249,8.4045
2015-02-01,44003,Kent,-0.127,-11.2395,46.6155,4.7247
2015-02-02,44003,Kent,-2.0891,-15.4759,97.7619,4.8137
2015-02-03,44003,Kent,-5.1235,-16.3751,60.4325,5.3068
2015-02-04,44003,Kent,3.8189,-9.7735,47.1427,3.362
2015-02-05,44003,Kent,1.8167,-18.3479,97.4735,4.3792
2015-02-06,44003,Kent,-5.8832,-17.085,51.872,5.1909
2015-02-07,44003,Kent,-1.8275,-6.8251,52.3241,3.8795
2015-02-08,44003,Kent,0.0767,-9.6722,89.2893,3.0815
2015-02-09,44003,Kent,-4.4862,-8.9802,100.0,5.8756
2015-02-10,44003,Kent,-0.0011,-8.1411,77.0542,6.4197
2015-02-11,44003,Kent,-4.8348,-12.6187,88.3566,5.212
2015-02-12,44003,Kent,0.1243,-15.0607,69.0314,2.2633
2015-02-13,44003,Kent,-8.3939,-20.3744,90.2606,5.8043
2015-02-14,44003,Kent,-1.784,-17.4638,53.6508,3.0372
2015-02-15,44003,Kent,-6.3516,-20.4619,99.5292,6.3494
2015-02-16,44003,Kent,-7.8709,-19.1978,42.3331,8.2642
2015-02-17,44003,Kent,-5.2893,-13.6197,50.6642,3.3424
2015-02-18,44003,Kent,-1.1594,-11.5197,55.039,1.8603
2015-02-19,44003,Kent,-4.0592,-17.2748,86.0288,3.9626
2015-02-20,44003,Kent,-7.1981,-21.2837,54.6274,7.4488
2015-02-21,44003,Kent,1.9491,-18.4368,46.7652,4.3795
2015-02-22,44003,Kent,3.377,-4.6644,75.5315,3.0536
2015-02-23,44003,Kent,-3.5362,-21.5492,88.9439,4.0925
2015-02-24,44003,Kent,-5.6522,-19.1783,40.7141,3.717
2015-02-25,44003,Kent,1.4525,-11.7098,61.7597,3.5931
2015-02-26,44003,Kent,-4.2916,-14.2373,67.7268,3.9507
2015-02-27,44003,Kent,-2.2265,-15.1247,62.1639,3.1334
2015-02-28,44003,Kent,-1.3096,-15.7032,44.2241,3.0817
2015-03-01,44003,Kent,-1.1466,-11.2826,54.2975,2.107
2015-03-02,44003,Kent,2.1454,-12.752,82.9747,4.2376
2015-03-03,44003,Kent,4.628,-9.2243,39.9425,3.655
2015-03-04,44003,Kent,6.2464,-1.645,64.2984,4.0991
2015-03-05,44003,Kent,-0.2881,-14.5473,99.7942,3.614
2015-03-06,44003,Kent,-3.8528,-14.8347,56.4168,3.6597
2015-03-07,44003,Kent,2.4497,-9.9918,45.8232,4.4769
2015-03-08,44003,Kent,6.8546,-7.9132,60.035,3.0817
2015-03-09,44003,Kent,9.1373,-4.9027,43.9744,2.9726
2015-03-10,44003,Kent,9.1284,-1.0049,40.0264,2.2588
2015-03-11,44003,Kent,13.5291,1.2131,47.8243,3.2729
2015-03-12,44003,Kent,4.3807,-6.7951,58.0555,5.1117
2015-03-13,44003,Kent,4.6059,-4.3129,35.5859,2.4102
2015-03-14,44003,Kent,6.8515,0.4449,55.3197,2.762
2015-03-15,44003,Kent,7.0473,-3.2711,65.7702,4.3963
2015-03-16,44003,Kent,7.7166,-1.1156,43.1609,4.2259
2015-03-17,44003,Kent,11.1447,-5.3006,53.2421,3.6714
2015-03-18,44003,Kent,0.7042,-8.3666,49.3857,7.3744
2015-03-19,44003,Kent,2.1588,-8.9438,41.4654,5.5291
2015-03-20,44003,Kent,0.2219,-5.008,47.8706,1.9201
2015-03-21,44003,Kent,5.6328,-3.2148,60.8121,2.7542
2015-03-22,44003,Kent,1.5055,-9.8439,65.7646,6.2516
2015-03-23,44003,Kent,0.8239,-7.9548,40.2593,4.9866
2015-03-24,44003,Kent,4.5812,-7.1956,42.3281,2.6577
2015-03-25,44003,Kent,8.3054,-0.6884,40.3923,2.151
2015-03-26,44003,Kent,13.4726,3.3179,49.0832,4.167
2015-03-27,44003,Kent,6.002,0.7841,73.8883,3.9382
2015-03-28,44003,Kent,2.5195,-5.7186,79.0731,3.892
2015-03-29,44003,Kent,6.1689,-4.4366,47.9639,3.4112
2015-03-30,44003,Kent,8.3676,-0.8317,47.8374,3.7239
2015-03-31,44003,Kent,9.4627,-2.1023,50.1712,3.8545
2015-04-01,44003,Kent,9.0106,-4.5861,54.627,3.7566
2015-04-02,44003,Kent,14.7785,1.3658,35.2228,3.6666
2015-04-03,44003,Kent,14.6733,5.9034,55.7123,4.3886
2015-04-04,44003,Kent,11.8567,-2.4506,72.7346,4.534
2015-04-05,44003,Kent,9.9768,-1.14,46.2239,4.3175
2015-04-06,44003,Kent,11.8097,2.0968,58.3369,2.5699
2015-04-07,44003,Kent,6.5558,1.0008,95.8414,2.9787
2015-04-08,44003,Kent,8.1677,0.1875,61.7169,5.2134
2015-04-09,44003,Kent,4.633,0.971,70.6536,5.5955
2015-04-10,44003,Kent,12.7757,3.0709,69.4428,3.6421
2015-04-11,44003,Kent,14.3908,0.1323,68.7464,4.9674
2015-04-12,44003,Kent,18.6005,1.719,36.2449,3.2987
2015-04-13,44003,Kent,19.2681,8.2536,39.6474,3.6698
2015-04-14,44003,Kent,19.4111,6.6496,53.2464,3.8204
2015-04-15,44003,Kent,20.3996,0.7631,36.1886,3.2232
2015-04-16,44003,Kent,15.4992,6.1445,32.4781,2.4897
2015-04-17,44003,Kent,17.654,6.1902,59.7413,4.0621
2015-04-18,44003,Kent,23.0745,5.0983,48.9005,2.8119
2015-04-19,44003,Kent,14.4896,3.6853,54.2796,3.4198
2015-04-20,44003,Kent,13.692,5.4753,60.873,5.3129
2015-04-21,44003,Kent,20.0002,3.8679,65.5559,4.5831
2015-04-22,44003,Kent,19.1595,3.8421,51.8213,4.1485
2015-04-23,44003,Kent,9.4615,1.1655,65.9669,5.321
2015-04-24,44003,Kent,10.2136,-0.7646,49.0354,4.4551
2015-04-25,44003,Kent,14.7094,2.3014,38.4046,3.8759
2015-04-26,44003,Kent,14.0637,6.6895,41.8994,1.9518
2015-04-27,44003,Kent,14.7397,5.0553,51.4144,2.8863
2015-04-28,44003,Kent,17.953,6.3022,45.6272,4.4398
2015-04-29,44003,Kent,17.7681,4.2172,48.6042,2.8034
2015-04-30,44003,Kent,15.7335,4.9116,58.6119,2.4562
2015-05-01,44003,Kent,14.4216,1.7662,67.5599,2.5583
2015-05-02,44003,Kent,16.7027,4.6922,55.7854,2.0701
2015-05-03,44003,Kent,19.2817,6.9538,53.7242,2.5719
2015-05-04,44003,Kent,26.602,12.8274,43.2004,3.7109
2015-05-05,44003,Kent,25.2816,11.565,51.662,2.8251
2015-05-06,44003,Kent,22.533,5.8298,57.2924,1.7729
2015-05-07,44003,Kent,27.5545,9.6295,37.3739,2.482
2015-05-08,44003,Kent,25.3697,7.8705,51.8774,2.5198
2015-05-09,44003,Kent,22.0696,9.7714,68.1658,2.7295
2015-05-10,44003,Kent,29.4911,17.6002,51.2439,3.8838
2015-05-11,44003,Kent,28.7544,12.8155,65.7114,4.3605
2015-05-12,44003,Kent,28.9793,11.1587,63.9152,4.1716
2015-05-13,44003,Kent,20.4184,5.6607,63.9371,4.5939
2015-05-14,44003,Kent,21.3326,5.6335,42.0151,2.3937
2015-05-15,44003,Kent,21.4126,10.8148,42.2702,2.6953
2015-05-16,44003,Kent,19.691,11.4916,64.3134,3.1468
2015-05-17,44003,Kent,28.3285,10.2905,60.2878,1.6326
2015-05-18,44003,Kent,21.5527,9.7354,70.8296,3.1696
2015-05-19,44003,Kent,18.8453,10.7378,72.3414,3.1963
2015-05-20,44003,Kent,18.584,5.2839,78.5757,4.655
2015-05-21,44003,Kent,19.3784,9.2498,43.3032,3.3361
2015-05-22,44003,Kent,23.4062,5.9326,50.1589,3.3743
2015-05-23,44003,Kent,18.2101,7.8596,41.4376,4.2367
2015-05-24,44003,Kent,26.5336,10.7623,39.045,4.133
2015-05-25,44003,Kent,26.0863,15.7626,50.6988,3.5877
2015-05-26,44003,Kent,27.8117,16.0217,57.8143,4.8386
2015-05-27,44003,Kent,26.0715,16.6601,65.2276,4.7595
2015-05-28,44003,Kent,27.2169,13.2932,69.7483,4.7882
2015-05-29,44003,Kent,27.0669,12.3764,64.183,2.2999
2015-05-30,44003,Kent,28.8708,17.7158,53.5182,3.8548
2015-05-31,44003,Kent,25.9534,9.0116,81.4011,4.1494
2015-06-01,44003,Kent,11.6368,7.9223,100.0,3.1163
2015-06-02,44003,Kent,11.1419,7.0321,98.2623,3.1693
2015-06-03,44003,Kent,17.3999,6.8657,73.2223,2.1945
2015-06-04,44003,Kent,18.7324,9.3167,62.0267,2.5931
2015-06-05,44003,Kent,20.9879,13.0212,59.0759,1.6927
2015-06-06,44003,Kent,22.737,8.4833,75.1137,2.682
2015-06-07,44003,Kent,22.2529,10.5667,55.0897,2.1573
2015-06-08,44003,Kent,23.1192,16.6741,57.6592,4.4483
2015-06-09,44003,Kent,23.4335,13.8817,80.9436,5.0842
2015-06-10,44003,Kent,27.683,16.5301,56.6612,3.1624
2015-06-11,44003,Kent,29.6287,18.2418,58.2715,4.3063
2015-06-12,44003,Kent,28.8353,19.279,55.912,2.2563
2015-06-13,44003,Kent,28.391,15.5054,66.6515,3.4349
2015-06-14,44003,Kent,27.4989,13.164,59.6625,1.9506
2015-06-15,44003,Kent,16.4536,12.8056,85.3781,3.6605
2015-06-16,44003,Kent,24.0076,15.2077,64.2203,2.7512
2015-06-17,44003,Kent,22.3328,9.6575,81.5633,3.2228
2015-06-18,44003,Kent,22.8374,15.6821,58.9943,2.5595
2015-06-19,44003,Kent,29.0759,13.5014,63.9868,2.5908
2015-06-20,44003,Kent,22.8194,16.173,71.5441,2.5935
2015-06-21,44003,Kent,27.883,18.7619,66.1592,3.4316
2015-06-22,44003,Kent,29.7358,16.2475,63.9833,2.7535
2015-06-23,44003,Kent,29.0182,16.9137,70.2604,3.9615
2015-06-24,44003,Kent,28.2333,15.1602,66.5577,3.1016
2015-06-25,44003,Kent,27.5104,17.0652,50.941,2.4684
2015-06-26,44003,Kent,24.195,11.0405,69.0897,2.7789
2015-06-27,44003,Kent,22.348,13.751,60.6027,2.7885
2015-06-28,44003,Kent,18.1499,11.2851,99.8185,4.4396
2015-06-29,44003,Kent,23.3213,13.6119,77.9958,3.2868
2015-06-30,44003,Kent,27.2655,17.3818,59.5244,2.3789
2015-07-01,44003,Kent,26.7163,15.1884,77.7212,3.9394
2015-07-02,44003,Kent,25.9577,14.5899,72.1216,2.3882
2015-07-03,44003,Kent,26.1354,14.3798,62.89,2.0287
2015-07-04,44003,Kent,23.4479,12.2654,73.8707,1.5738
2015-07-05,44003,Kent,28.3127,15.4004,59.6665,2.3831
2015-07-06,44003,Kent,28.7,17.2521,70.4013,2.4118
2015-07-07,44003,Kent,27.6259,20.5888,73.9829,3.2423
2015-07-08,44003,Kent,30.4196,17.2656,80.9858,3.3655
2015-07-09,44003,Kent,24.6378,15.9602,90.2041,2.1362
2015-07-10,44003,Kent,27.5302,15.0949,76.5585,2.247
2015-07-11,44003,Kent,29.8851,17.2006,55.6556,1.8054
2015-07-12,44003,Kent,30.4687,18.5739,59.6962,2.6056
2015-07-13,44003,Kent,28.5392,16.9557,72.3945,2.1966
2015-07-14,44003,Kent,26.9239,20.2321,71.1447,2.7827
2015-07-15,44003,Kent,29.0512,14.5451,80.0825,1.5599
2015-07-16,44003,Kent,24.0359,11.7007,76.2505,3.0278
2015-07-17,44003,Kent,25.7841,18.0634,54.7855,1.3714
2015-07-18,44003,Kent,26.0172,19.6555,72.4716,3.6983
2015-07-19,44003,Kent,30.5015,21.8332,72.8164,3.537
2015-07-20,44003,Kent,33.1763,19.8772,71.843,2.7024
2015-07-21,44003,Kent,30.8105,17.1354,74.9947,1.9441
2015-07-22,44003,Kent,28.3125,14.0172,67.4729,3.2966
2015-07-23,44003,Kent,27.9143,13.3367,52.9677,2.583
2015-07-24,44003,Kent,27.0276,13.7299,55.5175,1.7538
2015-07-25,44003,Kent,24.1618,16.1922,62.8748,1.4968
2015-07-26,44003,Kent,26.4729,18.5574,65.7831,3.3567
2015-07-27,44003,Kent,27.2899,18.8515,72.6379,3.1113
2015-07-28,44003,Kent,31.5242,18.1315,65.3658,2.3632
2015-07-29,44003,Kent,33.3017,21.1098,57.5556,2.0649
2015-07-30,44003,Kent,30.3433,19.7003,73.4806,4.31
2015-07-31,44003,Kent,30.5069,16.2384,68.9622,3.4253
2015-08-01,44003,Kent,30.7247,15.2719,54.8903,3.3884
2015-08-02,44003,Kent,29.8585,18.1865,48.7559,2.9964
2015-08-03,44003,Kent,30.6598,17.9788,58.7467,4.1036
2015-08-04,44003,Kent,29.812,15.9209,76.4844,4.1368
2015-08-05,44003,Kent,28.8787,13.7434,64.181,2.617
2015-08-06,44003,Kent,26.6807,14.6042,53.0245,3.0624
2015-08-07,44003,Kent,26.6199,13.9188,55.7011,2.1919
2015-08-08,44003,Kent,26.3384,14.6869,56.8743,2.8033
2015-08-09,44003,Kent,23.8176,12.3834,70.235,3.0461
2015-08-10,44003,Kent,26.6181,17.9513,56.0331,2.5352
2015-08-11,44003,Kent,22.1819,18.5403,82.7551,3.8555
2015-08-12,44003,Kent,28.133,15.3451,73.4368,2.7772
2015-08-13,44003,Kent,27.5548,14.1006,64.228,2.2607
2015-08-14,44003,Kent,28.5062,17.5122,55.7209,2.0726
2015-08-15,44003,Kent,30.6238,18.2802,59.5137,2.6962
2015-08-16,44003,Kent,31.219,19.0131,63.8147,2.3987
2015-08-17,44003,Kent,31.7405,19.7839,62.0505,2.8225
2015-08-18,44003,Kent,31.8763,20.3362,62.2877,3.3465
2015-08-19,44003,Kent,29.2803,20.646,67.9575,3.1285
2015-08-20,44003,Kent,28.42,21.7378,68.8786,3.4121
2015-08-21,44003,Kent,28.6966,19.4097,73.5434,2.7722
2015-08-22,44003,Kent,26.0936,18.6955,80.4611,1.4041
2015-08-23,44003,Kent,25.6049,19.4222,78.097,2.2187
2015-08-24,44003,Kent,26.9112,19.3817,77.1097,1.8851
2015-08-25,44003,Kent,29.7305,19.0123,67.8351,2.8204
2015-08-26,44003,Kent,28.2561,14.5464,79.3345,3.0156
2015-08-27,44003,Kent,26.7246,12.4593,57.6023,3.1697
2015-08-28,44003,Kent,26.0936,13.0815,55.1477,2.1756
2015-08-29,44003,Kent,27.0698,17.012,49.5425,2.4934
2015-08-30,44003,Kent,30.2767,19.3988,53.9939,3.1058
2015-08-31,44003,Kent,29.9156,17.5376,65.2205,3.6204
2015-09-01,44003,Kent,28.4154,16.1346,62.1495,2.4996
2015-09-02,44003,Kent,30.7278,17.1284,54.9338,2.0824
2015-09-03,44003,Kent,30.6408,18.7197,58.1569,1.8501
2015-09-04,44003,Kent,24.5468,11.3303,83.6399,3.2251
2015-09-05,44003,Kent,25.888,10.9494,55.368,2.7749
2015-09-06,44003,Kent,27.2128,14.7851,48.2595,2.0962
2015-09-07,44003,Kent,31.1682,19.7919,45.3487,3.8917
2015-09-08,44003,Kent,33.6897,20.2631,52.0865,3.3453
2015-09-09,44003,Kent,30.8728,21.2162,64.7753,4.1544
2015-09-10,44003,Kent,24.2339,15.9221,97.7631,2.0862
2015-09-11,44003,Kent,23.3571,12.6493,97.9687,2.0147
2015-09-12,44003,Kent,24.4792,15.625,72.6936,2.1205
2015-09-13,44003,Kent,21.4898,11.9091,99.1866,3.0083
2015-09-14,44003,Kent,20.7412,12.681,75.992,4.9117
2015-09-15,44003,Kent,27.6844,13.0894,51.1981,3.2196
2015-09-16,44003,Kent,27.5069,13.504,56.8702,2.0716
2015-09-17,44003,Kent,29.3373,13.8805,55.3851,2.2714
2015-09-18,44003,Kent,27.6921,14.1485,59.3889,2.409
2015-09-19,44003,Kent,26.3754,17.0917,68.0002,2.3767
2015-09-20,44003,Kent,24.9365,9.7441,83.0979,3.0277
2015-09-21,44003,Kent,20.3687,11.8349,55.9772,4.5342
2015-09-22,44003,Kent,22.034,9.1366,63.7542,3.8522
2015-09-23,44003,Kent,22.9176,8.9457,57.0976,2.2995
2015-09-24,44003,Kent,24.6871,8.8507,52.77,2.4823
2015-09-25,44003,Kent,21.1693,8.2764,63.26,3.0542
2015-09-26,44003,Kent,19.1582,3.776,64.5475,3.5126
2015-09-27,44003,Kent,21.2326,8.7253,53.651,2.6741
2015-09-28,44003,Kent,25.4193,14.0889,61.3511,2.4438
2015-09-29,44003,Kent,26.5354,19.4736,68.2251,3.6003
2015-09-30,44003,Kent,24.0792,11.6376,99.4576,5.0639
2015-10-01,44003,Kent,14.0384,9.0559,84.5459,5.8016
2015-10-02,44003,Kent,10.5256,8.2238,81.859,7.3289
2015-10-03,44003,Kent,11.5403,8.9417,71.7659,7.8651
2015-10-04,44003,Kent,14.6868,7.5479,69.1014,6.6527
2015-10-05,44003,Kent,16.1939,4.736,75.281,5.0077
2015-10-06,44003,Kent,20.3786,6.6813,58.1182,2.3834
2015-10-07,44003,Kent,20.9393,8.5573,54.2366,2.307
2015-10-08,44003,Kent,18.8852,8.574,59.2138,2.0941
2015-10-09,44003,Kent,20.5788,6.9062,75.1478,4.0639
2015-10-10,44003,Kent,15.9577,4.7807,71.208,4.0057
2015-10-11,44003,Kent,18.9231,6.7047,51.0605,3.6739
2015-10-12,44003,Kent,22.8065,10.0167,53.1046,3.1542
2015-10-13,44003,Kent,21.6388,10.3064,71.4549,2.6465
2015-10-14,44003,Kent,19.6855,3.376,76.3276,4.168
2015-10-15,44003,Kent,15.9654,6.2216,56.0534,3.2077
2015-10-16,44003,Kent,16.6224,2.9092,64.1387,3.9426
2015-10-17,44003,Kent,12.3444,-0.9887,62.1533,3.7554
2015-10-18,44003,Kent,7.3873,-3.5402,54.3588,4.4395
2015-10-19,44003,Kent,9.8552,0.0999,37.9189,3.7724
2015-10-20,44003,Kent,19.6545,10.261,42.1451,5.641
2015-10-21,44003,Kent,20.0972,10.0618,55.8754,1.8304
2015-10-22,44003,Kent,21.8673,7.3505,63.1256,3.4454
2015-10-23,44003,Kent,10.7086,0.949,80.8676,4.9097
2015-10-24,44003,Kent,12.1616,3.1115,58.2188,3.206
2015-10-25,44003,Kent,16.6014,3.0653,77.808,3.5636
2015-10-26,44003,Kent,12.8025,-0.9898,66.2789,3.7932
2015-10-27,44003,Kent,13.2601,1.7574,51.6729,1.9239
2015-10-28,44003,Kent,20.4231,7.3765,50.7613,5.1953
2015-10-29,44003,Kent,22.6936,5.6091,79.6635,7.2678
2015-10-30,44003,Kent,15.2544,-1.4704,62.1925,5.0347
2015-10-31,44003,Kent,11.7262,1.8253,55.1652,2.4544
2015-11-01,44003,Kent,16.3084,6.0172,63.9761,4.0895
2015-11-02,44003,Kent,16.7943,2.7927,63.8168,3.0153
2015-11-03,44003,Kent,21.7966,5.2648,46.4622,2.034
2015-11-04,44003,Kent,18.38,6.6712,54.1181,2.2253
2015-11-05,44003,Kent,21.1368,12.1627,56.1543,3.2977
2015-11-06,44003,Kent,21.3418,10.667,76.4845,4.3681
2015-11-07,44003,Kent,16.0116,3.9876,84.1772,4.163
2015-11-08,44003,Kent,12.9418,-0.2686,54.2796,3.5697
2015-11-09,44003,Kent,14.9521,2.4338,43.8826,2.7849
2015-11-10,44003,Kent,13.3109,6.7059,65.5907,3.3773
2015-11-11,44003,Kent,9.2958,6.6213,87.7222,6.5203
2015-11-12,44003,Kent,14.0753,6.8319,71.5533,3.2352
2015-11-13,44003,Kent,15.0348,3.777,69.2074,6.5925
2015-11-14,44003,Kent,7.8689,-0.9264,59.5925,7.0357
2015-11-15,44003,Kent,12.5327,1.5807,44.9911,4.7256
2015-11-16,44003,Kent,16.6123,-1.5532,54.8359,3.179
2015-11-17,44003,Kent,8.126,-4.7011,59.6436,3.6793
2015-11-18,44003,Kent,9.7956,-2.1374,60.8259,2.1492
2015-11-19,44003,Kent,15.2286,7.5105,65.0058,4.7288
2015-11-20,44003,Kent,15.5692,0.3682,89.1946,4.9073
2015-11-21,44003,Kent,10.1578,0.038,54.6376,3.8115
2015-11-22,44003,Kent,9.1402,0.608,87.6503,2.1564
2015-11-23,44003,Kent,5.58,-6.1627,69.0442,5.6989
2015-11-24,44003,Kent,6.2556,-6.0303,40.1474,3.2997
2015-11-25,44003,Kent,8.3337,-3.2835,44.872,1.9051
2015-11-26,44003,Kent,13.747,2.8271,58.5603,3.3075
2015-11-27,44003,Kent,17.4779,6.2982,58.1754,3.4611
2015-11-28,44003,Kent,12.4212,0.364,88.6522,2.8798
2015-11-29,44003,Kent,7.755,-3.198,75.0913,2.6126
2015-11-30,44003,Kent,4.1236,-3.4312,66.7518,3.8426
2015-12-01,44003,Kent,7.0488,-0.645,75.1869,3.2437
2015-12-02,44003,Kent,13.5922,5.2855,71.3131,2.4517
2015-12-03,44003,Kent,9.5354,-1.2796,93.551,5.0899
2015-12-04,44003,Kent,9.4359,-1.599,53.8959,4.4197
2015-12-05,44003,Kent,11.3102,-3.0762,53.3453,2.4803
2015-12-06,44003,Kent,13.2239,-1.2554,50.4801,2.7928
2015-12-07,44003,Kent,12.8444,1.2233,53.9245,3.1227
2015-12-08,44003,Kent,6.5335,0.248,72.7937,3.1497
2015-12-09,44003,Kent,9.0012,0.7494,59.6483,1.9329
2015-12-10,44003,Kent,15.7981,4.2825,62.6175,2.6731
2015-12-11,44003,Kent,15.1867,5.9018,61.8153,2.5263
2015-12-12,44003,Kent,16.5509,7.5454,48.8536,3.1691
2015-12-13,44003,Kent,12.8437,7.7822,58.9295,1.9119
2015-12-14,44003,Kent,17.0825,7.5932,61.2901,2.6906
2015-12-15,44003,Kent,15.0392,4.0736,75.0641,6.2104
2015-12-16,44003,Kent,8.1489,2.0608,63.269,3.8208
2015-12-17,44003,Kent,12.0052,5.5008,70.1853,3.5088
2015-12-18,44003,Kent,10.4691,-0.4223,100.0,2.2696
2015-12-19,44003,Kent,4.0313,-1.6935,56.3618,6.5249
2015-12-20,44003,Kent,5.2494,-2.6589,41.1304,5.8286
2015-12-21,44003,Kent,12.2577,3.0129,50.1365,5.5281
2015-12-22,44003,Kent,15.0379,6.1906,70.6294,5.0645
2015-12-23,44003,Kent,16.8229,6.034,67.1426,3.2869
2015-12-24,44003,Kent,19.9683,8.9715,70.5648,5.2238
2015-12-25,44003,Kent,17.6025,6.4852,72.8728,2.0876
2015-12-26,44003,Kent,11.0125,5.3549,65.4558,3.4717
2015-12-27,44003,Kent,14.7541,0.8308,74.7873,4.2154
2015-12-28,44003,Kent,1.8108,-2.164,75.6272,5.4046
2015-12-29,44003,Kent,4.0397,-3.4416,76.0264,5.3828
2015-12-30,44003,Kent,3.5847,-2.6144,81.7819,2.2573
2015-12-31,44003,Kent,5.2086,-2.755,91.009,2.5126
2016-01-01,44003,Kent,5.4619,-1.7391,45.6338,4.701
2016-01-02,44003,Kent,4.2825,-1.8867,56.1122,4.7909
2016-01-03,44003,Kent,7.0197,-2.6417,33.9301,4.9998
2016-01-04,44003,Kent,-0.5203,-12.8807,36.5861,5.5381
2016-01-05,44003,Kent,-2.2938,-12.7967,70.2198,4.3535
2016-01-06,44003,Kent,6.4763,-8.7171,46.6266,3.5549
2016-01-07,44003,Kent,7.4762,-5.3697,60.361,1.9026
2016-01-08,44003,Kent,4.7467,-2.4651,83.7478,3.898
2016-01-09,44003,Kent,7.8096,2.8221,89.3842,3.6911
2016-01-10,44003,Kent,15.0632,0.6441,22.9202,7.0467
2016-01-11,44003,Kent,3.0657,-7.9253,58.64,5.915
2016-01-12,44003,Kent,3.7262,-7.2743,35.9557,4.0438
2016-01-13,44003,Kent,-1.7868,-7.2476,55.022,7.4091
2016-01-14,44003,Kent,0.1116,-6.5951,92.5004,4.6889
2016-01-15,44003,Kent,4.4911,-1.9413,80.5929,2.0597
2016-01-16,44003,Kent,4.9579,-0.9897,51.0808,4.1707
2016-01-17,44003,Kent,1.4463,-3.3849,41.8097,3.2739
2016-01-18,44003,Kent,-2.6767,-7.9762,39.8418,7.1831
2016-01-19,44003,Kent,-3.5149,-7.8357,54.638,8.8473
2016-01-20,44003,Kent,1.1877,-6.9363,41.1622,5.6887
2016-01-21,44003,Kent,0.7823,-8.0708,36.8939,5.5023
2016-01-22,44003,Kent,-0.5976,-7.893,72.2784,4.5053
2016-01-23,44003,Kent,-0.1903,-7.4268,58.9426,9.6004
2016-01-24,44003,Kent,2.089,-7.7866,62.0181,4.9045
2016-01-25,44003,Kent,4.0649,-5.7343,78.1539,2.1674
2016-01-26,44003,Kent,10.2031,-0.0624,43.147,5.3423
2016-01-27,44003,Kent,7.6339,-5.8888,52.9975,2.9712
2016-01-28,44003,Kent,5.6147,-5.323,64.0134,2.184
2016-01-29,44003,Kent,5.7121,-2.6031,52.9542,2.6721
2016-01-30,44003,Kent,5.7974,-2.0605,68.7179,4.1497
2016-01-31,44003,Kent,13.3475,3.2486,51.8244,3.6971
2016-02-01,44003,Kent,16.9731,-0.9199,30.5733,3.8762
2016-02-02,44003,Kent,9.6244,-0.8224,82.958,2.6273
2016-02-03,44003,Kent,13.4552,3.2843,69.2044,6.2225
2016-02-04,44003,Kent,12.9012,0.6314,35.8843,3.0731
2016-02-05,44003,Kent,0.7467,-8.5254,62.1046,6.2214
2016-02-06,44003,Kent,2.546,-7.4164,69.5704,2.758
2016-02-07,44003,Kent,6.6245,-3.5784,50.7097,2.7793
2016-02-08,44003,Kent,-0.534,-7.0639,69.0915,7.3417
2016-02-09,44003,Kent,-0.5407,-7.414,81.3968,2.2863
2016-02-10,44003,Kent,2.2881,-4.9164,38.7807,2.491
2016-02-11,44003,Kent,-2.6666,-14.4644,58.4924,6.5822
2016-02-12,44003,Kent,-4.5518,-13.6643,48.5659,3.4367
2016-02-13,44003,Kent,-5.0245,-23.0754,37.7596,6.7601
2016-02-14,44003,Kent,-11.3814,-22.7804,100.0,5.4377
2016-02-15,44003,Kent,9.0966,-18.0115,88.7375,3.2271
2016-02-16,44003,Kent,12.5322,-0.2524,39.2399,7.2218
2016-02-17,44003,Kent,6.7721,-3.0568,37.6529,3.0428
2016-02-18,44003,Kent,1.9203,-7.9306,54.0003,4.3522
2016-02-19,44003,Kent,6.9344,-6.6593,86.5473,3.3666
2016-02-20,44003,Kent,13.5287,3.0624,43.9005,5.3451
2016-02-21,44003,Kent,11.9593,0.9137,37.7339,3.7318
2016-02-22,44003,Kent,9.2547,-2.4642,47.7266,2.2264
2016-02-23,44003,Kent,4.4199,-1.5916,100.0,5.6415
2016-02-24,44003,Kent,16.1664,3.7232,56.9925,5.2372
2016-02-25,44003,Kent,13.9719,-0.3114,22.5357,8.3371
2016-02-26,44003,Kent,3.0838,-7.102,40.7888,6.5648
2016-02-27,44003,Kent,3.7993,-5.7636,79.4653,4.293
2016-02-28,44003,Kent,13.159,2.55,58.4349,5.5187
2016-02-29,44003,Kent,15.4683,0.4864,31.823,5.174
2016-03-01,44003,Kent,11.931,0.5852,50.6222,4.2489
2016-03-02,44003,Kent,11.3753,-6.335,17.7256,6.8905
2016-03-03,44003,Kent,2.0711,-5.3022,57.8488,3.2728
2016-03-04,44003,Kent,0.7252,-4.303,42.2617,5.469
2016-03-05,44003,Kent,3.2857,-3.9654,46.7837,3.1821
2016-03-06,44003,Kent,7.0324,-3.2374,65.897,1.0573
2016-03-07,44003,Kent,10.0943,-0.1428,65.309,4.5815
2016-03-08,44003,Kent,13.7835,3.2495,69.4109,1.7547
2016-03-09,44003,Kent,20.8803,7.8835,57.9647,4.4238
2016-03-10,44003,Kent,20.5134,10.3301,42.444,2.799
2016-03-11,44003,Kent,17.2755,0.1147,43.5837,3.1343
2016-03-12,44003,Kent,13.641,2.7849,45.7183,3.4398
2016-03-13,44003,Kent,18.2816,5.205,40.7594,3.476
2016-03-14,44003,Kent,8.4282,4.0204,82.361,5.8134
2016-03-15,44003,Kent,10.1734,5.2541,71.1697,3.9039
2016-03-16,44003,Kent,12.9939,5.3489,60.7929,2.2142
2016-03-17,44003,Kent,17.5968,2.9097,34.3646,3.198
2016-03-18,44003,Kent,11.7868,-2.3086,30.881,5.1717
2016-03-19,44003,Kent,8.1034,-3.938,43.0556,3.1476
2016-03-20,44003,Kent,5.1852,-2.5851,55.908,4.4907
2016-03-21,44003,Kent,8.4863,-1.7655,47.114,4.2359
2016-03-22,44003,Kent,10.3057,0.4973,70.9086,5.2697
2016-03-23,44003,Kent,18.5462,4.0558,46.8522,3.4733
2016-03-24,44003,Kent,10.2004,2.8629,100.0,4.238
2016-03-25,44003,Kent,15.8321,2.8749,44.2158,3.8107
2016-03-26,44003,Kent,9.1219,-0.9978,62.237,3.7619
2016-03-27,44003,Kent,10.0493,1.4779,79.5846,1.9494
2016-03-28,44003,Kent,9.9025,3.163,43.0631,4.2263
2016-03-29,44003,Kent,10.9114,-1.3191,46.9365,6.8455
2016-03-30,44003,Kent,12.7068,1.5663,86.7765,4.1742
2016-03-31,44003,Kent,19.9467,10.5765,69.4285,6.9683
2016-04-01,44003,Kent,17.5832,7.9891,55.9738,5.8545
2016-04-02,44003,Kent,9.7654,0.0165,37.9558,2.2931
2016-04-03,44003,Kent,3.9726,-4.2579,65.5487,6.3554
2016-04-04,44003,Kent,-0.12,-5.4254,55.5265,4.5655
2016-04-05,44003,Kent,3.6509,-6.5638,65.1332,5.3551
2016-04-06,44003,Kent,11.9087,-2.9171,83.9088,4.0087
2016-04-07,44003,Kent,13.1159,6.086,44.8688,6.4806
2016-04-08,44003,Kent,11.5872,-1.4342,42.0688,5.5106
2016-04-09,44003,Kent,8.8055,-1.3875,41.7945,3.0706
2016-04-10,44003,Kent,10.1483,0.3903,82.6219,4.4154
2016-04-11,44003,Kent,15.0208,6.131,65.3567,5.7727
2016-04-12,44003,Kent,14.4939,0.2457,43.1573,5.3168
2016-04-13,44003,Kent,13.2758,0.695,43.2744,2.729
2016-04-14,44003,Kent,12.7467,1.0651,39.8754,3.3191
2016-04-15,44003,Kent,15.2197,2.5908,40.5964,3.9975
2016-04-16,44003,Kent,13.7209,2.389,49.7412,5.1137
2016-04-17,44003,Kent,19.979,3.5528,43.5616,2.6192
2016-04-18,44003,Kent,23.6513,6.0345,33.1193,2.3175
2016-04-19,44003,Kent,17.2594,5.3056,34.0152,3.8027
2016-04-20,44003,Kent,16.3793,2.462,57.2944,3.3323
2016-04-21,44003,Kent,22.6579,7.6932,61.0131,4.0206
2016-04-22,44003,Kent,23.8382,11.2377,48.2502,2.6548
2016-04-23,44003,Kent,19.0574,4.3051,31.6263,3.4693
2016-04-24,44003,Kent,16.7792,5.3247,54.5724,2.5721
2016-04-25,44003,Kent,17.5835,5.6913,53.5216,1.9129
2016-04-26,44003,Kent,8.4809,0.7547,69.0107,3.1409
2016-04-27,44003,Kent,14.9471,2.2499,46.0714,2.3882
2016-04-28,44003,Kent,15.2697,5.0216,49.7737,2.075
2016-04-29,44003,Kent,13.9208,3.9093,54.4611,2.8026
2016-04-30,44003,Kent,17.0152,4.5394,52.2329,2.1142
2016-05-01,44003,Kent,11.5339,4.5001,92.3565,2.7788
2016-05-02,44003,Kent,14.1974,7.4936,72.8745,2.7247
2016-05-03,44003,Kent,11.5745,7.152,69.3318,2.639
2016-05-04,44003,Kent,11.5638,6.1121,74.5655,4.4988
2016-05-05,44003,Kent,10.2062,6.4126,78.8849,5.3831
2016-05-06,44003,Kent,15.0492,7.5439,80.4685,4.0043
2016-05-07,44003,Kent,14.7446,7.8098,61.8654,2.7913
2016-05-08,44003,Kent,18.0233,5.4063,46.4694,4.2237
2016-05-09,44003,Kent,21.1454,3.4152,39.7929,3.9668
2016-05-10,44003,Kent,20.1387,5.9867,48.9996,2.7723
2016-05-11,44003,Kent,23.168,8.6252,45.5112,1.7418
2016-05-12,44003,Kent,24.2817,9.7451,61.6774,2.044
2016-05-13,44003,Kent,21.1962,11.9439,62.8722,2.9952
2016-05-14,44003,Kent,24.1988,8.626,33.7619,3.5192
2016-05-15,44003,Kent,15.7542,4.5115,41.3342,6.2781
2016-05-16,44003,Kent,16.856,5.4197,58.0297,6.4001
2016-05-17,44003,Kent,21.4699,8.0313,47.365,3.8081
2016-05-18,44003,Kent,20.0413,9.8054,50.7064,2.217
2016-05-19,44003,Kent,18.8993,7.929,58.8746,1.3165
2016-05-20,44003,Kent,23.5741,8.9986,49.0202,2.1465
2016-05-21,44003,Kent,20.7902,11.5613,57.0912,3.2841
2016-05-22,44003,Kent,20.6036,8.2833,64.6358,3.9833
2016-05-23,44003,Kent,24.7402,11.1791,55.4227,1.7871
2016-05-24,44003,Kent,16.5957,11.082,86.4911,1.7684
2016-05-25,44003,Kent,30.3291,12.861,50.4169,3.0848
2016-05-26,44003,Kent,29.1998,14.439,58.4405,2.4155
2016-05-27,44003,Kent,26.8409,15.5355,73.5199,2.9467
2016-05-28,44003,Kent,30.4187,17.1975,57.889,3.3718
2016-05-29,44003,Kent,25.9531,14.0038,72.1607,2.2007
2016-05-30,44003,Kent,22.7112,14.679,82.3021,3.9805
2016-05-31,44003,Kent,27.4403,14.3544,54.4734,3.23
2016-06-01,44003,Kent,26.2291,11.9128,62.7563,2.9151
2016-06-02,44003,Kent,22.9312,13.5711,69.5532,2.8251
2016-06-03,44003,Kent,20.7158,14.6598,84.3886,1.7649
2016-06-04,44003,Kent,26.7662,16.1081,58.3181,2.3888
2016-06-05,44003,Kent,20.3871,16.2153,84.4373,3.898
2016-06-06,44003,Kent,27.6114,16.4594,63.7639,3.8446
2016-06-07,44003,Kent,27.865,14.0701,41.8845,3.3087
2016-06-08,44003,Kent,22.3198,10.1348,46.4394,4.7856
2016-06-09,44003,Kent,20.5532,11.2203,52.3225,5.8294
2016-06-10,44003,Kent,22.7726,10.1505,65.7759,3.0666
2016-06-11,44003,Kent,22.8053,12.7204,62.3434,3.4067
2016-06-12,44003,Kent,26.2231,11.3352,50.0816,5.317
2016-06-13,44003,Kent,22.1624,11.7991,57.2863,4.5258
2016-06-14,44003,Kent,25.9611,12.3478,57.252,3.7305
2016-06-15,44003,Kent,28.9857,15.0395,50.8307,3.0294
2016-06-16,44003,Kent,27.1667,14.7709,48.4962,1.7008
2016-06-17,44003,Kent,25.5575,11.4909,55.731,2.6892
2016-06-18,44003,Kent,27.647,12.1571,51.85,1.9157
2016-06-19,44003,Kent,23.2165,13.8243,71.5466,3.4828
2016-06-20,44003,Kent,25.0858,15.7795,65.0124,4.1757
2016-06-21,44003,Kent,29.163,13.324,46.2268,3.875
2016-06-22,44003,Kent,27.0668,11.8426,58.2631,2.5786
2016-06-23,44003,Kent,26.5116,14.0117,55.3573,1.6576
2016-06-24,44003,Kent,27.7673,12.3495,50.2238,2.629
2016-06-25,44003,Kent,27.3371,12.7506,57.5547,2.0009
2016-06-26,44003,Kent,25.6001,14.8402,61.7644,2.5495
2016-06-27,44003,Kent,26.2357,18.306,68.183,3.657
2016-06-28,44003,Kent,24.3976,18.5431,77.1565,2.9936
2016-06-29,44003,Kent,26.2263,16.4859,65.3569,2.4372
2016-06-30,44003,Kent,28.3296,16.6205,67.3454,2.6853
2016-07-01,44003,Kent,25.9202,17.1066,57.5728,3.6934
2016-07-02,44003,Kent,24.9979,12.9597,58.32,3.8793
2016-07-03,44003,Kent,27.4891,14.9305,59.1613,3.5059
2016-07-04,44003,Kent,29.4583,17.3402,67.8069,3.69
2016-07-05,44003,Kent,28.8898,18.3842,68.8865,2.526
2016-07-06,44003,Kent,32.5101,19.7214,65.9459,2.5932
2016-07-07,44003,Kent,28.563,17.4096,72.7717,2.0744
2016-07-08,44003,Kent,22.5038,15.0444,78.4083,2.677
2016-07-09,44003,Kent,20.1741,15.0786,86.3671,2.6372
2016-07-10,44003,Kent,23.0235,13.6545,72.9217,1.0547
2016-07-11,44003,Kent,24.4246,14.5112,65.6125,1.4994
2016-07-12,44003,Kent,28.6117,18.5823,58.8342,3.1569
2016-07-13,44003,Kent,28.5779,19.4604,76.0646,3.8406
2016-07-14,44003,Kent,27.0361,19.6663,82.4136,4.2508
2016-07-15,44003,Kent,32.2156,19.3552,52.6752,3.1449
2016-07-16,44003,Kent,31.5307,20.9281,63.4221,2.6168
2016-07-17,44003,Kent,29.9619,19.9169,69.2136,2.5218
2016-07-18,44003,Kent,32.1914,21.0933,42.2255,4.4917
2016-07-19,44003,Kent,28.8831,13.9018,41.8688,3.6315
2016-07-20,44003,Kent,27.786,14.7571,58.4265,2.4295
2016-07-21,44003,Kent,30.6645,18.2791,67.1583,3.6817
2016-07-22,44003,Kent,31.7421,19.634,57.3727,5.6348
2016-07-23,44003,Kent,34.0179,18.6603,44.4667,3.5323
2016-07-24,44003,Kent,30.6943,19.1983,66.0554,2.3503
2016-07-25,44003,Kent,32.194,20.4758,57.1541,3.29
2016-07-26,44003,Kent,33.2255,19.151,50.9545,3.1865
2016-07-27,44003,Kent,31.2315,19.3498,59.0933,2.2244
2016-07-28,44003,Kent,29.9441,20.9725,67.0234,2.1806
2016-07-29,44003,Kent,28.707,18.8053,63.1674,1.3832
2016-07-30,44003,Kent,29.4012,20.4116,62.9588,1.2269
2016-07-31,44003,Kent,26.4566,16.8684,71.3041,2.8316
2016-08-01,44003,Kent,25.9191,17.3305,65.5331,3.0285
2016-08-02,44003,Kent,23.1511,13.7999,68.1472,2.7949
2016-08-03,44003,Kent,26.3335,12.9492,59.9055,2.5519
2016-08-04,44003,Kent,26.5311,14.4802,68.6981,2.208
2016-08-05,44003,Kent,27.3019,17.9517,84.5591,3.3888
2016-08-06,44003,Kent,29.3304,17.0532,57.4819,4.2259
2016-08-07,44003,Kent,29.7332,15.7636,52.6593,2.7082
2016-08-08,44003,Kent,28.1503,14.9817,58.6151,1.9003
2016-08-09,44003,Kent,29.5148,17.5697,77.623,2.382
2016-08-10,44003,Kent,25.9454,20.3914,95.9497,3.3116
2016-08-11,44003,Kent,31.4399,22.5886,78.1813,4.1445
2016-08-12,44003,Kent,32.281,22.2992,76.7848,4.4423
2016-08-13,44003,Kent,30.7233,20.2676,82.0959,2.6078
2016-08-14,44003,Kent,33.3509,21.6743,69.0302,3.4211
2016-08-15,44003,Kent,30.8006,19.303,69.6434,3.6139
2016-08-16,44003,Kent,28.2791,22.1562,65.1812,4.6205
2016-08-17,44003,Kent,28.5597,17.886,62.4415,4.364
2016-08-18,44003,Kent,29.315,19.2716,62.6749,2.3658
2016-08-19,44003,Kent,29.4018,19.1004,65.65,1.4492
2016-08-20,44003,Kent,27.0312,18.6828,77.1137,3.0052
2016-08-21,44003,Kent,27.4201,18.2898,56.5408,3.8377
2016-08-22,44003,Kent,26.2023,12.058,55.5984,4.0911
2016-08-23,44003,Kent,25.6606,14.3175,71.7874,2.8448
2016-08-24,44003,Kent,28.9934,17.3328,66.8136,3.3007
2016-08-25,44003,Kent,27.6175,20.2093,78.4012,4.4763
2016-08-26,44003,Kent,30.6806,18.5392,50.73,3.0501
2016-08-27,44003,Kent,30.0056,17.1824,55.9511,1.9376
2016-08-28,44003,Kent,28.578,17.9489,55.1008,2.2838
2016-08-29,44003,Kent,30.7734,14.0721,47.233,3.591
2016-08-30,44003,Kent,25.9519,16.2491,72.9382,2.209
2016-08-31,44003,Kent,26.675,18.6296,72.4053,3.244
2016-09-01,44003,Kent,22.9206,14.5083,62.4281,1.9255
2016-09-02,44003,Kent,25.612,13.9842,54.5999,2.6939
2016-09-03,44003,Kent,22.8684,13.4959,59.7372,2.6057
2016-09-04,44003,Kent,23.4013,13.9584,64.112,5.0216
2016-09-05,44003,Kent,22.7865,15.6054,87.7876,6.6434
2016-09-06,44003,Kent,23.8087,18.3991,83.4701,5.3829
2016-09-07,44003,Kent,25.9306,19.2268,75.2916,2.6811
2016-09-08,44003,Kent,27.6853,19.6506,71.0874,2.099
2016-09-09,44003,Kent,31.8579,20.7677,57.0312,3.1009
2016-09-10,44003,Kent,28.252,20.5891,55.0868,2.5074
2016-09-11,44003,Kent,26.0966,9.6694,63.8978,4.5684
2016-09-12,44003,Kent,24.053,10.6079,74.9303,3.912
2016-09-13,44003,Kent,25.2126,13.8895,70.417,3.772
2016-09-14,44003,Kent,29.4687,9.9529,37.2499,3.9866
2016-09-15,44003,Kent,21.3425,8.5846,54.6533,2.8682
2016-09-16,44003,Kent,21.3826,8.2648,76.4787,1.7788
2016-09-17,44003,Kent,23.2249,10.0949,98.3473,2.9409
2016-09-18,44003,Kent,26.4838,19.8066,77.6193,4.6576
2016-09-19,44003,Kent,22.3805,18.6035,84.8092,3.0786
2016-09-20,44003,Kent,25.5327,17.0636,56.5999,1.8253
2016-09-21,44003,Kent,27.2293,12.8105,52.6482,1.7269
2016-09-22,44003,Kent,26.9634,11.7876,61.79,1.6969
2016-09-23,44003,Kent,25.9573,11.5666,44.4221,2.0324
2016-09-24,44003,Kent,18.9994,6.3634,42.6322,3.4305
2016-09-25,44003,Kent,18.6068,4.0835,60.4341,3.4847
2016-09-26,44003,Kent,19.1163,6.4587,99.8276,2.4911
2016-09-27,44003,Kent,21.1424,13.1,76.0112,3.0656
2016-09-28,44003,Kent,16.031,12.1318,74.0935,5.0494
2016-09-29,44003,Kent,16.0453,11.8684,77.2003,6.6582
2016-09-30,44003,Kent,16.412,12.4945,78.3709,6.7411
2016-10-01,44003,Kent,15.853,11.4219,83.0812,4.3596
2016-10-02,44003,Kent,15.3512,11.809,84.0432,1.8504
2016-10-03,44003,Kent,21.6797,13.0025,55.8782,1.767
2016-10-04,44003,Kent,19.0207,7.3989,60.5978,4.4464
2016-10-05,44003,Kent,18.7283,5.4545,62.8628,2.9794
2016-10-06,44003,Kent,20.5674,6.3925,60.1279,1.1603
2016-10-07,44003,Kent,22.1159,6.7879,69.855,1.2179
2016-10-08,44003,Kent,19.8059,7.6953,77.4786,1.6165
2016-10-09,44003,Kent,15.8588,5.8255,45.6447,4.3898
2016-10-10,44003,Kent,15.4145,2.2814,56.8411,5.4048
2016-10-11,44003,Kent,17.6332,3.2098,69.8652,1.8073
2016-10-12,44003,Kent,17.4078,6.2106,78.4392,1.8106
2016-10-13,44003,Kent,20.14,3.5558,41.1672,3.162
2016-10-14,44003,Kent,15.1253,1.0463,56.5301,3.2388
2016-10-15,44003,Kent,15.1384,2.2783,87.4745,1.9672
2016-10-16,44003,Kent,19.3746,7.3351,86.4275,4.6801
2016-10-17,44003,Kent,24.1522,14.5647,67.2677,2.5967
2016-10-18,44003,Kent,24.4605,15.694,58.743,3.5699
2016-10-19,44003,Kent,25.8629,9.8578,52.5461,3.1467
2016-10-20,44003,Kent,19.9073,10.8287,83.2842,4.2061
2016-10-21,44003,Kent,22.433,15.4968,47.2634,3.058
2016-10-22,44003,Kent,17.2321,5.6794,45.323,5.5577
2016-10-23,44003,Kent,14.664,6.9976,51.8289,7.1874
2016-10-24,44003,Kent,14.7157,2.1256,38.8429,5.3535
2016-10-25,44003,Kent,9.8248,0.1429,47.5445,5.7686
2016-10-26,44003,Kent,8.5668,-1.9168,84.5697,4.4083
2016-10-27,44003,Kent,10.3101,-0.5031,86.6739,3.8628
2016-10-28,44003,Kent,9.0833,3.4736,86.1777,6.2923
2016-10-29,44003,Kent,14.5266,4.177,90.1163,4.4088
2016-10-30,44003,Kent,19.5802,4.5075,37.7554,2.7147
2016-10-31,44003,Kent,10.5541,-1.7492,65.5016,3.8354
2016-11-01,44003,Kent,12.0713,-0.756,99.863,2.0306
2016-11-02,44003,Kent,19.2943,8.6237,68.2316,3.3422
2016-11-03,44003,Kent,19.5022,7.2731,38.4943,3.685
2016-11-04,44003,Kent,13.5894,-0.5962,56.4881,3.6018
2016-11-05,44003,Kent,12.6803,0.9241,58.5477,3.2264
2016-11-06,44003,Kent,9.5066,0.5011,54.7106,5.2965
2016-11-07,44003,Kent,9.0442,-1.3028,67.2669,4.0313
2016-11-08,44003,Kent,16.5553,2.326,57.2882,2.0659
2016-11-09,44003,Kent,15.8651,1.7324,47.0497,2.584
2016-11-10,44003,Kent,11.4709,2.999,52.864,4.1958
2016-11-11,44003,Kent,15.5509,-0.1512,33.2451,6.524
2016-11-12,44003,Kent,7.9835,0.0065,64.8283,4.7244
2016-11-13,44003,Kent,14.6741,1.7059,50.6221,4.5463
2016-11-14,44003,Kent,16.7143,2.3904,65.8477,3.1244
2016-11-15,44003,Kent,13.819,7.5729,61.0057,3.2454
2016-11-16,44003,Kent,12.3448,3.9946,62.9146,4.0753
2016-11-17,44003,Kent,12.3479,2.1538,63.4671,4.0541
2016-11-18,44003,Kent,16.3616,2.7941,59.1501,3.2853
2016-11-19,44003,Kent,13.7911,3.1099,44.8062,2.4736
2016-11-20,44003,Kent,6.6008,-1.1281,40.2495,7.1189
2016-11-21,44003,Kent,2.2055,-1.6495,54.0032,7.7853
2016-11-22,44003,Kent,4.3637,-2.2348,53.0014,6.6146
2016-11-23,44003,Kent,6.0152,-2.5419,84.9514,4.1743
2016-11-24,44003,Kent,6.786,-0.449,97.8644,2.0871
2016-11-25,44003,Kent,8.8917,3.1955,69.4906,1.9955
2016-11-26,44003,Kent,9.323,0.4649,51.4651,2.1913
2016-11-27,44003,Kent,7.8148,-2.6666,54.213,4.6425
2016-11-28,44003,Kent,7.7832,-2.5858,99.9999,2.9878
2016-11-29,44003,Kent,14.9708,1.905,79.6917,5.2613
2016-11-30,44003,Kent,14.1378,7.5651,59.9289,3.748
2016-12-01,44003,Kent,13.8064,1.9109,44.13,5.8683
2016-12-02,44003,Kent,9.2159,2.4176,44.3915,5.6517
2016-12-03,44003,Kent,7.2679,-0.8695,41.5968,6.1141
2016-12-04,44003,Kent,4.8502,-3.0718,75.1918,3.4253
2016-12-05,44003,Kent,4.4683,-2.1015,66.6142,2.8358
2016-12-06,44003,Kent,6.9272,-1.3243,74.0761,3.5716
2016-12-07,44003,Kent,6.3027,-0.1793,58.0834,2.3918
2016-12-08,44003,Kent,5.5205,-1.8653,35.3429,4.4248
2016-12-09,44003,Kent,2.0088,-7.4714,36.2468,6.3697
2016-12-10,44003,Kent,-1.551,-10.6761,63.4439,5.0075
2016-12-11,44003,Kent,1.5429,-10.3129,99.9401,2.0649
2016-12-12,44003,Kent,6.9585,-1.4339,51.9873,4.9657
2016-12-13,44003,Kent,4.9739,-1.4637,54.8962,3.1444
2016-12-14,44003,Kent,5.4858,-3.728,24.479,4.3304
2016-12-15,44003,Kent,-2.393,-13.5404,45.0407,8.6073
2016-12-16,44003,Kent,-5.1143,-13.3973,100.0,5.4653
2016-12-17,44003,Kent,9.7358,-5.5105,81.763,3.3817
2016-12-18,44003,Kent,13.1543,-3.9758,16.6163,6.9469
2016-12-19,44003,Kent,-2.7216,-9.059,82.9973,4.2765
2016-12-20,44003,Kent,1.4007,-9.0454,74.1268,2.2367
2016-12-21,44003,Kent,3.5583,-4.398,74.4227,3.4253
2016-12-22,44003,Kent,5.5849,-2.303,58.6137,2.9784
2016-12-23,44003,Kent,6.8537,-1.8516,76.8204,3.5095
2016-12-24,44003,Kent,6.0387,-1.2234,48.2082,5.0959
2016-12-25,44003,Kent,7.2098,-6.0429,65.7773,4.6526
2016-12-26,44003,Kent,12.068,-5.4879,80.342,4.5757
2016-12-27,44003,Kent,13.1724,-0.4751,33.6575,6.3999
2016-12-28,44003,Kent,4.0005,-4.3323,86.7248,3.0271
2016-12-29,44003,Kent,3.7237,-3.4823,57.5402,4.69
2016-12-30,44003,Kent,5.481,-4.4278,79.7073,7.1444
2016-12-31,44003,Kent,6.681,-4.3304,75.2109,5.9677
2017-01-01,44003,Kent,7.1278,-3.6449,57.2741,3.9741
2017-01-02,44003,Kent,4.2646,-3.1374,63.2084,3.191
2017-01-03,44003,Kent,7.1511,3.4636,71.8226,4.9723
2017-01-04,44003,Kent,8.2978,-2.5796,73.7771,5.0867
2017-01-05,44003,Kent,0.4529,-3.7566,44.072,5.1086
2017-01-06,44003,Kent,0.5393,-7.2206,62.9733,2.8484
2017-01-07,44003,Kent,-4.6197,-11.8793,78.0128,5.7887
2017-01-08,44003,Kent,-5.2341,-15.4211,59.269,4.7969
2017-01-09,44003,Kent,-5.7996,-15.6055,63.0765,3.3394
2017-01-10,44003,Kent,8.3925,-13.2802,57.7237,3.6766
2017-01-11,44003,Kent,11.526,4.1661,48.0194,5.4409
2017-01-12,44003,Kent,14.3481,6.9883,61.4232,5.9757
2017-01-13,44003,Kent,7.361,-6.611,58.0181,5.4497
2017-01-14,44003,Kent,-0.635,-6.2943,42.5881,2.4961
2017-01-15,44003,Kent,2.6794,-8.088,51.8178,2.7436
2017-01-16,44003,Kent,4.7288,-7.8076,50.4231,3.0257
2017-01-17,44003,Kent,5.3911,-0.8241,57.2686,2.6335
2017-01-18,44003,Kent,4.1848,0.609,75.0228,3.8679
2017-01-19,44003,Kent,7.3566,-1.3595,61.941,2.0037
2017-01-20,44003,Kent,5.9511,-0.676,59.7966,1.4224
2017-01-21,44003,Kent,12.107,2.1486,58.6717,2.8944
2017-01-22,44003,Kent,10.286,2.0847,58.9588,4.3438
2017-01-23,44003,Kent,3.9676,1.9351,61.7092,9.285
2017-01-24,44003,Kent,5.6486,1.3429,81.1999,6.1493
2017-01-25,44003,Kent,6.0546,0.9356,54.6469,5.3127
2017-01-26,44003,Kent,9.3115,2.5591,60.9312,5.045
2017-01-27,44003,Kent,5.9435,-0.4992,46.9934,7.3793
2017-01-28,44003,Kent,4.738,-1.9026,47.124,6.2391
2017-01-29,44003,Kent,5.9696,-5.3946,48.1794,4.5703
2017-01-30,44003,Kent,0.295,-7.0652,43.9812,3.1154
2017-01-31,44003,Kent,-1.4318,-7.4738,61.983,2.2192
2017-02-01,44003,Kent,6.364,-4.6481,58.1848,4.0531
2017-02-02,44003,Kent,4.0375,-6.226,56.332,3.9616
2017-02-03,44003,Kent,0.1924,-7.8292,45.5098,3.9997
2017-02-04,44003,Kent,0.1323,-7.3034,36.5863,5.3937
2017-02-05,44003,Kent,6.2344,-2.8223,45.6531,5.5057
2017-02-06,44003,Kent,3.6014,-2.3539,46.6783,4.1803
2017-02-07,44003,Kent,3.9108,-0.1051,82.5193,3.0606
2017-02-08,44003,Kent,12.5566,0.4425,62.9572,4.3539
2017-02-09,44003,Kent,2.3381,-13.1793,74.8483,7.2392
2017-02-10,44003,Kent,-2.4625,-12.1634,54.0287,5.1213
2017-02-11,44003,Kent,-0.0512,-6.9683,84.0508,2.169
2017-02-12,44003,Kent,1.0098,-6.2269,85.197,3.8669
2017-02-13,44003,Kent,1.5681,-6.798,63.8713,8.026
2017-02-14,44003,Kent,2.0967,-7.5451,57.9226,3.3758
2017-02-15,44003,Kent,5.6999,-4.0761,65.7452,2.9458
2017-02-16,44003,Kent,2.8359,-5.8204,60.6263,5.7562
2017-02-17,44003,Kent,4.1935,-5.9045,50.4402,5.0169
2017-02-18,44003,Kent,9.712,-4.1929,50.1745,4.41
2017-02-19,44003,Kent,15.9219,0.6771,38.2846,3.3989
2017-02-20,44003,Kent,7.8977,-4.7795,50.4046,4.0074
2017-02-21,44003,Kent,7.6645,-3.5561,49.5927,2.4329
2017-02-22,44003,Kent,13.6419,2.1069,47.5775,2.3276
2017-02-23,44003,Kent,17.3857,3.6452,53.9449,3.859
2017-02-24,44003,Kent,20.2585,7.4442,56.5494,3.921
2017-02-25,44003,Kent,18.1256,1.5203,73.5773,3.7594
2017-02-26,44003,Kent,5.8539,-3.0011,49.8344,5.9248
2017-02-27,44003,Kent,10.8668,-1.1318,44.9649,5.2275
2017-02-28,44003,Kent,11.9434,4.0217,57.9881,3.108
2017-03-01,44003,Kent,14.646,8.6788,73.9448,5.959
2017-03-02,44003,Kent,11.0783,-3.6274,49.5513,8.0922
2017-03-03,44003,Kent,3.0376,-9.9063,33.8954,5.3196
2017-03-04,44003,Kent,-3.5654,-12.2925,24.9889,7.6005
2017-03-05,44003,Kent,1.3359,-11.5298,26.5256,5.8517
2017-03-06,44003,Kent,5.2599,-9.1283,32.0166,2.2396
2017-03-07,44003,Kent,10.8516,2.3549,63.6499,4.6079
2017-03-08,44003,Kent,14.7633,3.2598,55.3342,6.1638
2017-03-09,44003,Kent,13.1411,-0.5152,36.4496,5.9968
2017-03-10,44003,Kent,0.898,-10.3582,73.737,4.6694
2017-03-11,44003,Kent,-4.3456,-11.9719,44.5752,7.7292
2017-03-12,44003,Kent,-1.9119,-11.9729,42.7094,6.1779
2017-03-13,44003,Kent,2.3571,-10.1395,46.5458,3.0031
2017-03-14,44003,Kent,4.4842,-8.6057,77.8808,7.6528
2017-03-15,44003,Kent,0.214,-6.9991,49.9496,6.8743
2017-03-16,44003,Kent,2.9938,-6.5505,43.9179,6.59
2017-03-17,44003,Kent,6.9885,-6.4946,41.9385,3.9967
2017-03-18,44003,Kent,7.2387,-5.4523,51.1871,3.9414
2017-03-19,44003,Kent,4.4017,-0.7402,59.4857,6.4824
2017-03-20,44003,Kent,11.9427,-0.5514,35.8915,4.2833
2017-03-21,44003,Kent,13.3898,-0.2107,40.4586,2.7346
2017-03-22,44003,Kent,4.7663,-8.8044,42.7764,6.8822
2017-03-23,44003,Kent,4.7548,-7.6733,30.731,4.4617
2017-03-24,44003,Kent,7.8023,-1.5745,56.9624,5.358
2017-03-25,44003,Kent,8.93,-1.8265,72.1409,2.8892
2017-03-26,44003,Kent,6.5136,-0.6131,57.767,3.8244
2017-03-27,44003,Kent,9.1613,2.8032,79.528,3.1533
2017-03-28,44003,Kent,6.6655,3.107,87.7742,2.6062
2017-03-29,44003,Kent,11.0483,-1.1516,57.0897,4.7504
2017-03-30,44003,Kent,12.0055,0.1415,40.7254,2.3927
2017-03-31,44003,Kent,4.4638,0.7113,68.6639,5.4527
2017-04-01,44003,Kent,4.2016,-0.0137,78.2091,7.0988
2017-04-02,44003,Kent,15.37,0.1779,42.5435,3.4901
2017-04-03,44003,Kent,15.9686,3.6079,42.3278,2.0303
2017-04-04,44003,Kent,6.3461,2.6472,88.2458,4.1039
2017-04-05,44003,Kent,10.1657,2.6876,72.894,1.5946
2017-04-06,44003,Kent,13.338,2.6999,66.0111,5.1369
2017-04-07,44003,Kent,12.5753,2.0317,60.2629,5.6018
2017-04-08,44003,Kent,10.7145,1.507,45.3473,5.3583
2017-04-09,44003,Kent,19.1497,5.4748,33.7011,3.0057
2017-04-10,44003,Kent,18.7178,8.3256,49.0024,4.3141
2017-04-11,44003,Kent,24.3161,6.5258,51.3938,3.3447
2017-04-12,44003,Kent,22.9112,3.1693,58.4851,2.3339
2017-04-13,44003,Kent,15.7086,2.1484,46.6991,3.3138
2017-04-14,44003,Kent,18.3095,2.4348,35.4738,1.8546
2017-04-15,44003,Kent,18.8946,6.1079,45.8231,5.1027
2017-04-16,44003,Kent,29.0962,13.8299,41.5397,5.5044
2017-04-17,44003,Kent,23.9441,7.2314,42.8613,3.8196
2017-04-18,44003,Kent,15.3394,2.002,49.2501,3.1399
2017-04-19,44003,Kent,10.9425,4.4201,59.0325,4.464
2017-04-20,44003,Kent,17.937,7.2681,60.0959,2.688
2017-04-21,44003,Kent,9.7573,4.9325,86.2753,3.9396
2017-04-22,44003,Kent,9.4209,3.639,92.9473,2.0117
2017-04-23,44003,Kent,17.701,3.6557,49.224,2.5388
2017-04-24,44003,Kent,18.2836,8.3845,49.7167,2.1956
2017-04-25,44003,Kent,13.3878,9.1227,71.3886,5.6489
2017-04-26,44003,Kent,16.5385,10.4325,76.2101,3.1484
2017-04-27,44003,Kent,19.2273,11.8529,71.3273,2.2414
2017-04-28,44003,Kent,27.3549,12.382,56.4213,3.1933
2017-04-29,44003,Kent,29.9289,11.4677,47.0541,4.3377
2017-04-30,44003,Kent,16.7469,6.6955,52.156,3.2719
2017-05-01,44003,Kent,18.1962,7.7751,80.7435,3.8938
2017-05-02,44003,Kent,22.5238,9.5848,64.9007,6.4712
2017-05-03,44003,Kent,18.7393,3.7941,49.4854,4.753
2017-05-04,44003,Kent,16.8174,7.0335,44.6518,2.2596
2017-05-05,44003,Kent,17.0098,9.0767,71.9405,5.5146
2017-05-06,44003,Kent,18.4462,10.0462,79.5686,4.7287
2017-05-07,44003,Kent,15.8817,5.0771,67.6951,4.9377
2017-05-08,44003,Kent,12.8729,3.0812,54.8629,4.4156
2017-05-09,44003,Kent,12.7423,5.286,52.7754,1.1596
2017-05-10,44003,Kent,15.071,6.8192,51.7784,1.4189
2017-05-11,44003,Kent,15.7035,5.3105,60.5613,1.7998
2017-05-12,44003,Kent,15.5271,6.6451,68.371,1.9214
2017-05-13,44003,Kent,13.5755,6.7735,70.4351,4.764
2017-05-14,44003,Kent,12.1755,6.7836,72.2895,5.2511
2017-05-15,44003,Kent,16.7942,8.3074,62.3556,5.0262
2017-05-16,44003,Kent,25.8252,12.1657,45.9853,3.5362
2017-05-17,44003,Kent,29.5597,16.198,49.3839,4.2422
2017-05-18,44003,Kent,32.4227,16.8432,55.8414,4.6446
2017-05-19,44003,Kent,31.8107,11.6342,54.6489,3.9428
2017-05-20,44003,Kent,20.8607,6.5146,50.4797,3.041
2017-05-21,44003,Kent,19.9947,8.9891,46.6239,1.7664
2017-05-22,44003,Kent,14.1205,9.8265,73.3032,3.0985
2017-05-23,44003,Kent,22.0758,11.7678,61.2796,2.1745
2017-05-24,44003,Kent,20.2181,10.557,61.4322,2.2462
2017-05-25,44003,Kent,13.7761,9.3209,82.3381,4.7964
2017-05-26,44003,Kent,15.2344,9.3041,84.4724,3.1514
2017-05-27,44003,Kent,19.8434,11.8623,63.2351,2.1784
2017-05-28,44003,Kent,19.2546,9.4243,67.1768,2.847
2017-05-29,44003,Kent,12.8915,9.0812,80.7178,3.0079
2017-05-30,44003,Kent,16.5819,10.3652,72.9956,2.7782
2017-05-31,44003,Kent,20.4415,12.3479,72.7888,2.6315
2017-06-01,44003,Kent,25.3224,9.3752,63.7212,3.2319
2017-06-02,44003,Kent,22.549,7.2069,57.695,3.3801
2017-06-03,44003,Kent,21.1056,8.1523,53.1898,3.212
2017-06-04,44003,Kent,22.4272,11.0404,56.9078,3.1309
2017-06-05,44003,Kent,15.5882,9.4162,100.0,3.5472
2017-06-06,44003,Kent,11.7219,7.6039,84.8664,5.3392
2017-06-07,44003,Kent,22.057,7.4533,57.1825,1.9155
2017-06-08,44003,Kent,21.8788,11.1465,57.6378,2.0628
2017-06-09,44003,Kent,26.2909,12.7532,54.944,3.6539
2017-06-10,44003,Kent,29.0246,14.3944,54.0016,3.9242
2017-06-11,44003,Kent,31.3556,17.3478,60.4244,4.4617
2017-06-12,44003,Kent,34.2738,18.8194,57.7552,3.2884
2017-06-13,44003,Kent,34.8117,19.4501,57.4528,2.6942
2017-06-14,44003,Kent,27.9286,10.5753,59.2356,2.567
2017-06-15,44003,Kent,22.433,12.6544,54.1292,2.5331
2017-06-16,44003,Kent,21.3696,14.781,75.792,3.8492
2017-06-17,44003,Kent,23.5229,16.6846,81.0579,2.6344
2017-06-18,44003,Kent,25.9374,18.6732,76.4055,4.5154
2017-06-19,44003,Kent,26.2684,18.1591,78.1569,5.729
2017-06-20,44003,Kent,28.6291,16.2927,65.8528,4.7568
2017-06-21,44003,Kent,28.0873,14.1595,62.7896,3.9393
2017-06-22,44003,Kent,28.0501,15.9274,56.9204,2.3186
2017-06-23,44003,Kent,30.0763,19.6422,67.0125,4.4595
2017-06-24,44003,Kent,29.8464,15.7323,70.0861,3.6753
2017-06-25,44003,Kent,28.799,14.2134,56.8356,3.2358
2017-06-26,44003,Kent,26.5587,13.5955,53.7201,2.9247
2017-06-27,44003,Kent,24.4344,11.1635,70.7791,3.3092
2017-06-28,44003,Kent,25.7934,15.0699,51.2257,3.3188
2017-06-29,44003,Kent,26.1439,17.1972,62.4736,4.639
2017-06-30,44003,Kent,28.7007,19.1207,66.4617,5.189
2017-07-01,44003,Kent,27.5671,19.014,80.3693,4.8976
2017-07-02,44003,Kent,31.5148,18.2442,66.7759,3.4976
2017-07-03,44003,Kent,30.5949,15.7913,63.4946,3.6415
2017-07-04,44003,Kent,29.0047,14.9329,59.2294,1.5902
2017-07-05,44003,Kent,28.513,14.381,58.0627,2.1088
2017-07-06,44003,Kent,25.7729,16.8686,65.6648,2.6259
2017-07-07,44003,Kent,21.7144,16.5592,89.7255,2.2876
2017-07-08,44003,Kent,29.1622,16.1822,74.4481,3.3968
2017-07-09,44003,Kent,27.966,15.5661,59.2628,3.3098
2017-07-10,44003,Kent,29.2026,17.6862,61.6826,3.6645
2017-07-11,44003,Kent,29.2309,19.3866,77.2432,3.7518
2017-07-12,44003,Kent,29.9983,20.0162,76.4033,1.7991
2017-07-13,44003,Kent,27.3116,14.2474,89.1022,2.8917
2017-07-14,44003,Kent,19.0905,14.9823,95.3817,2.5342
2017-07-15,44003,Kent,23.7427,16.9598,85.618,1.9735
2017-07-16,44003,Kent,29.6805,17.5681,68.0252,2.0904
2017-07-17,44003,Kent,27.689,18.6247,74.8931,2.4943
2017-07-18,44003,Kent,29.7317,21.0257,71.1817,2.7279
2017-07-19,44003,Kent,31.907,19.5155,75.3636,3.8931
2017-07-20,44003,Kent,33.1304,20.294,67.6567,2.7498
2017-07-21,44003,Kent,32.1085,19.6396,67.7623,3.1302
2017-07-22,44003,Kent,29.4337,19.7226,66.9845,1.5064
2017-07-23,44003,Kent,25.5763,15.7573,77.8574,3.1892
2017-07-24,44003,Kent,16.9872,13.672,98.1784,5.2057
2017-07-25,44003,Kent,18.7482,11.5949,87.3908,3.2056
2017-07-26,44003,Kent,26.6169,13.3109,58.0977,2.0342
2017-07-27,44003,Kent,23.6414,16.1302,79.5565,2.8604
2017-07-28,44003,Kent,28.0912,17.8562,71.2073,1.8311
2017-07-29,44003,Kent,21.9614,12.1857,88.925,4.682
2017-07-30,44003,Kent,27.8912,12.8541,53.9239,2.7574
2017-07-31,44003,Kent,26.6553,15.53,66.049,1.704
2017-08-01,44003,Kent,28.7505,18.0812,68.1782,1.813
2017-08-02,44003,Kent,27.1926,18.1857,76.4737,2.4604
2017-08-03,44003,Kent,26.1661,18.4877,76.8257,2.551
2017-08-04,44003,Kent,26.0627,20.1447,72.2128,2.745
2017-08-05,44003,Kent,24.8606,14.8001,87.9615,2.664
2017-08-06,44003,Kent,24.7071,13.7461,63.0511,3.5826
2017-08-07,44003,Kent,22.9155,14.8576,75.9382,1.9569
2017-08-08,44003,Kent,24.5382,13.4767,77.2198,2.2319
2017-08-09,44003,Kent,26.8511,14.5116,64.8603,2.6123
2017-08-10,44003,Kent,26.8623,14.8806,69.3895,2.1412
2017-08-11,44003,Kent,25.993,14.8726,73.9274,2.2897
2017-08-12,44003,Kent,23.2887,15.5987,92.1795,2.7985
2017-08-13,44003,Kent,28.7054,15.5223,70.7282,2.2467
2017-08-14,44003,Kent,26.3876,17.3558,67.5857,1.733
2017-08-15,44003,Kent,25.0946,17.6129,81.8057,1.9991
2017-08-16,44003,Kent,28.9105,14.4218,64.5712,2.2939
2017-08-17,44003,Kent,26.048,15.7957,54.6865,2.3064
2017-08-18,44003,Kent,25.3256,19.3475,82.6846,3.4679
2017-08-19,44003,Kent,30.602,19.3082,72.3886,3.4432
2017-08-20,44003,Kent,28.2323,16.0856,63.5382,3.1884
2017-08-21,44003,Kent,29.003,17.6209,61.9338,3.4506
2017-08-22,44003,Kent,29.1339,21.2982,74.6066,5.2619
2017-08-23,44003,Kent,27.8442,13.4618,73.548,3.9948
2017-08-24,44003,Kent,26.2222,14.1256,54.3646,1.9449
2017-08-25,44003,Kent,24.6795,10.8592,58.8305,2.2816
2017-08-26,44003,Kent,23.481,11.0726,50.3699,1.3975
2017-08-27,44003,Kent,24.6834,11.0884,53.2274,2.4117
2017-08-28,44003,Kent,24.173,11.5539,51.5566,3.4296
2017-08-29,44003,Kent,21.1199,12.806,66.7119,4.0928
2017-08-30,44003,Kent,23.1741,12.0596,61.0899,4.6718
2017-08-31,44003,Kent,26.0114,7.3325,65.0833,3.8536
2017-09-01,44003,Kent,20.4475,5.952,48.0572,3.9462
2017-09-02,44003,Kent,20.8732,9.9997,47.8559,2.214
2017-09-03,44003,Kent,19.2494,12.069,83.3791,4.9719
2017-09-04,44003,Kent,25.1905,14.2602,63.3607,4.6745
2017-09-05,44003,Kent,26.9347,17.9621,70.9987,5.1725
2017-09-06,44003,Kent,23.6324,15.1596,85.6078,3.3007
2017-09-07,44003,Kent,22.8735,10.6637,77.1977,4.191
2017-09-08,44003,Kent,22.6432,9.8756,59.0392,3.6175
2017-09-09,44003,Kent,21.6876,10.0171,60.3934,2.4921
2017-09-10,44003,Kent,22.4671,9.1182,58.2461,2.7251
2017-09-11,44003,Kent,25.035,10.7083,50.1501,2.5648
2017-09-12,44003,Kent,27.3386,12.0963,53.2428,3.0689
2017-09-13,44003,Kent,26.5783,17.4978,57.3625,2.5906
2017-09-14,44003,Kent,25.465,18.1942,74.0523,3.9566
2017-09-15,44003,Kent,26.283,16.3298,71.5561,2.4848
2017-09-16,44003,Kent,26.1826,16.4456,70.027,0.9096
2017-09-17,44003,Kent,25.3563,16.603,68.5391,1.4328
2017-09-18,44003,Kent,22.2663,17.264,78.6779,3.324
2017-09-19,44003,Kent,20.0793,17.3804,86.8303,5.5891
2017-09-20,44003,Kent,21.7454,18.4221,83.016,6.2165
2017-09-21,44003,Kent,21.5341,14.8028,82.0019,6.9367
2017-09-22,44003,Kent,17.3976,14.8836,75.9436,7.3456
2017-09-23,44003,Kent,26.6092,14.329,65.9517,3.9817
2017-09-24,44003,Kent,28.5968,15.1701,61.7542,1.5346
2017-09-25,44003,Kent,27.7465,17.131,63.3068,1.3422
2017-09-26,44003,Kent,26.8491,16.8461,67.7805,1.7264
2017-09-27,44003,Kent,27.424,17.639,74.6082,2.1668
2017-09-28,44003,Kent,25.5269,8.203,67.4427,3.8506
2017-09-29,44003,Kent,18.9285,7.6849,51.3354,2.4566
2017-09-30,44003,Kent,16.2763,5.6525,77.132,3.1911
2017-10-01,44003,Kent,18.9808,6.1326,48.83,2.5998
2017-10-02,44003,Kent,21.2151,6.8179,46.5879,3.0234
2017-10-03,44003,Kent,18.9625,7.4854,54.3789,2.1984
2017-10-04,44003,Kent,22.535,12.6289,55.2835,5.0989
2017-10-05,44003,Kent,26.2652,13.8336,58.0835,4.4753
2017-10-06,44003,Kent,25.1295,13.7703,53.2921,1.9947
2017-10-07,44003,Kent,24.3596,15.6435,64.6501,3.3437
2017-10-08,44003,Kent,23.6957,19.2609,72.947,5.0009
2017-10-09,44003,Kent,23.8674,18.0773,76.5693,4.3444
2017-10-10,44003,Kent,25.2543,12.9732,64.3281,2.7673
2017-10-11,44003,Kent,21.9155,11.1684,61.4128,3.5032
2017-10-12,44003,Kent,16.0628,4.5729,62.7475,5.0655
2017-10-13,44003,Kent,17.9235,6.0014,69.2762,3.241
2017-10-14,44003,Kent,19.3316,13.6239,82.8018,1.7287
2017-10-15,44003,Kent,21.2566,15.1419,78.1554,4.9999
2017-10-16,44003,Kent,15.5326,2.7789,84.2216,4.3369
2017-10-17,44003,Kent,13.6692,3.5474,45.9283,3.1846
2017-10-18,44003,Kent,21.385,6.2682,47.0407,3.2171
2017-10-19,44003,Kent,20.3751,8.6354,58.7389,4.5828
2017-10-20,44003,Kent,20.5567,7.1295,46.3722,3.5918
2017-10-21,44003,Kent,22.3081,7.324,42.2759,2.5022
2017-10-22,44003,Kent,23.9704,9.0193,46.8869,1.8003
2017-10-23,44003,Kent,21.1761,10.2725,74.1178,3.7579
2017-10-24,44003,Kent,21.9627,18.3025,69.8377,6.7122
2017-10-25,44003,Kent,18.9863,14.843,86.0192,3.9893
2017-10-26,44003,Kent,16.4403,5.7454,80.0495,3.6857
2017-10-27,44003,Kent,15.9776,4.6491,55.3512,3.499
2017-10-28,44003,Kent,17.9052,5.5289,71.1517,3.4179
2017-10-29,44003,Kent,18.2219,14.8366,77.9361,7.2626
2017-10-30,44003,Kent,15.3169,7.8127,73.3811,7.5028
2017-10-31,44003,Kent,14.0465,0.9228,57.8951,5.3159
2017-11-01,44003,Kent,13.9295,1.4864,59.9577,2.588
2017-11-02,44003,Kent,20.4753,12.4023,71.3128,3.9423
2017-11-03,44003,Kent,22.2168,5.5399,70.9333,4.1547
2017-11-04,44003,Kent,12.6673,5.5017,52.6425,3.6166
2017-11-05,44003,Kent,17.3205,8.0619,68.622,3.853
2017-11-06,44003,Kent,17.693,4.7676,88.9011,4.5561
2017-11-07,44003,Kent,9.5283,1.8866,71.2217,3.6257
2017-11-08,44003,Kent,7.1573,-2.9095,77.6051,4.6495
2017-11-09,44003,Kent,10.5164,-1.7677,70.102,2.7056
2017-11-10,44003,Kent,5.4808,-6.798,58.6404,6.9649
2017-11-11,44003,Kent,2.8047,-6.3878,38.9365,3.2375
2017-11-12,44003,Kent,8.3744,-4.3326,52.0406,0.8921
2017-11-13,44003,Kent,5.3618,0.493,86.1755,3.4956
2017-11-14,44003,Kent,5.1807,-1.5623,79.0478,3.8613
2017-11-15,44003,Kent,7.9894,-1.2818,63.2604,2.5516
2017-11-16,44003,Kent,10.1065,2.5368,77.7546,4.3854
2017-11-17,44003,Kent,6.928,-4.6003,57.9938,5.8879
2017-11-18,44003,Kent,15.293,-3.2657,57.2208,4.2105
2017-11-19,44003,Kent,14.6933,-0.3653,69.0983,7.5422
2017-11-20,44003,Kent,5.703,-0.2396,50.9882,6.6753
2017-11-21,44003,Kent,13.4613,2.6774,58.2881,5.7384
2017-11-22,44003,Kent,11.2839,-2.4604,88.5209,3.9186
2017-11-23,44003,Kent,5.2374,-3.6566,53.353,3.3626
2017-11-24,44003,Kent,8.5002,-2.671,58.2577,3.428
2017-11-25,44003,Kent,12.7266,1.4601,64.0178,3.5621
2017-11-26,44003,Kent,8.2314,-1.1856,58.2723,5.3347
2017-11-27,44003,Kent,7.8029,-5.3503,54.68,5.1741
2017-11-28,44003,Kent,10.2118,-4.6127,53.4624,3.4469
2017-11-29,44003,Kent,15.8188,-2.9271,54.0928,5.4047
2017-11-30,44003,Kent,8.6981,-2.2181,63.5944,2.9036
2017-12-01,44003,Kent,10.825,-2.1056,65.891,3.3004
2017-12-02,44003,Kent,7.1122,-2.142,57.2804,1.192
2017-12-03,44003,Kent,6.7333,-1.7337,65.4559,0.8941
2017-12-04,44003,Kent,8.3673,-0.7477,59.2138,1.9453
2017-12-05,44003,Kent,15.0057,4.49,66.5259,6.2714
2017-12-06,44003,Kent,11.8326,-1.7372,63.6357,5.1363
2017-12-07,44003,Kent,7.4742,-2.5084,46.9217,4.5972
2017-12-08,44003,Kent,4.3983,-2.4205,49.13,3.2153
2017-12-09,44003,Kent,1.5084,-1.5974,66.7828,3.5489
2017-12-10,44003,Kent,3.1712,-2.3746,61.485,4.6522
2017-12-11,44003,Kent,3.8764,-1.676,56.9487,3.095
2017-12-12,44003,Kent,7.7313,-6.8414,80.1031,3.9355
2017-12-13,44003,Kent,-3.9489,-6.9475,57.2518,8.0687
2017-12-14,44003,Kent,-1.9142,-11.8719,67.9293,4.5053
2017-12-15,44003,Kent,-3.6246,-11.3835,75.2722,2.4927
2017-12-16,44003,Kent,1.0712,-10.4163,67.4856,6.0015
2017-12-17,44003,Kent,-0.5229,-9.9406,62.8479,3.0924
2017-12-18,44003,Kent,3.8255,-3.7264,71.3282,1.6788
2017-12-19,44003,Kent,10.3175,1.7754,53.9999,4.747
2017-12-20,44003,Kent,5.8281,-3.9353,55.5524,5.2414
2017-12-21,44003,Kent,1.9381,-4.0062,41.2684,3.0993
2017-12-22,44003,Kent,0.1637,-3.4517,69.3894,2.7179
2017-12-23,44003,Kent,9.8812,-1.9502,82.2761,4.3586
2017-12-24,44003,Kent,3.1135,-0.8212,58.5441,4.6347
2017-12-25,44003,Kent,2.1865,-6.4412,72.9781,7.12
2017-12-26,44003,Kent,-2.7302,-13.0673,41.7639,6.2546
2017-12-27,44003,Kent,-6.1286,-14.6405,42.821,5.1328
2017-12-28,44003,Kent,-11.4739,-16.5567,42.4053,7.0345
2017-12-29,44003,Kent,-9.6563,-16.0659,47.0584,4.7169
2017-12-30,44003,Kent,-7.6819,-14.7277,69.2891,2.8669
2017-12-31,44003,Kent,3.1997,-6.1494,22.6083,4.0524
2018-01-01,44003,Kent,-9.9908,-18.4063,44.8016,5.406
2018-01-02,44003,Kent,-6.4214,-14.6815,60.1985,5.0933
2018-01-03,44003,Kent,-1.4337,-12.5616,66.1957,2.7574
2018-01-04,44003,Kent,-0.8558,-10.802,82.6862,9.2525
2018-01-05,44003,Kent,-9.4266,-15.8525,57.779,9.8027
2018-01-06,44003,Kent,-10.7873,-20.3559,47.1276,8.0341
2018-01-07,44003,Kent,-4.9473,-19.6334,47.3074,4.9449
2018-01-08,44003,Kent,2.2265,-5.4349,62.1445,6.5045
2018-01-09,44003,Kent,5.5407,-9.1113,57.997,4.5944
2018-01-10,44003,Kent,3.1045,-9.2722,58.3408,2.0952
2018-01-11,44003,Kent,10.3101,0.1755,51.7565,3.5136
2018-01-12,44003,Kent,16.6879,8.5242,43.3127,6.258
2018-01-13,44003,Kent,14.7546,-9.2524,52.8933,6.733
2018-01-14,44003,Kent,-3.9347,-10.2311,37.302,4.716
2018-01-15,44003,Kent,-5.6177,-9.0064,69.5938,4.8325
2018-01-16,44003,Kent,1.8882,-5.8452,63.3247,2.094
2018-01-17,44003,Kent,1.6815,-7.7373,83.5052,3.0783
2018-01-18,44003,Kent,-0.2807,-7.9449,55.892,3.5672
2018-01-19,44003,Kent,1.9867,-6.6658,51.214,3.8633
2018-01-20,44003,Kent,9.1682,-1.0962,43.1004,5.0819
2018-01-21,44003,Kent,8.9379,-1.1804,45.8961,1.4516
2018-01-22,44003,Kent,4.4886,1.7048,68.4849,2.3079
2018-01-23,44003,Kent,13.2378,1.3979,69.9106,5.691
2018-01-24,44003,Kent,3.9131,-7.0106,60.3581,5.3215
2018-01-25,44003,Kent,-0.6651,-8.3161,31.3171,5.4032
2018-01-26,44003,Kent,1.5581,-7.4438,31.6137,3.3263
2018-01-27,44003,Kent,10.3144,-2.1017,52.1932,5.8589
2018-01-28,44003,Kent,9.7687,1.6765,63.764,2.8639
2018-01-29,44003,Kent,4.6094,-5.3644,61.9076,6.4674
2018-01-30,44003,Kent,-0.0162,-9.7812,65.0429,5.8513
2018-01-31,44003,Kent,0.691,-9.8046,54.1843,4.3414
2018-02-01,44003,Kent,7.1694,-1.3815,58.1253,3.9389
2018-02-02,44003,Kent,0.4304,-13.0516,63.4986,6.0723
2018-02-03,44003,Kent,-0.1699,-12.0195,39.4131,5.5067
2018-02-04,44003,Kent,7.7145,-0.4005,63.7866,5.1996
2018-02-05,44003,Kent,5.4023,-6.923,61.2088,4.7473
2018-02-06,44003,Kent,1.2642,-6.6375,50.2069,2.715
2018-02-07,44003,Kent,8.5208,-5.7906,62.6807,5.0667
2018-02-08,44003,Kent,0.2978,-8.5212,45.5269,4.6327
2018-02-09,44003,Kent,3.1362,-7.8088,44.1712,3.7529
2018-02-10,44003,Kent,11.7025,1.7954,59.4259,2.7261
2018-02-11,44003,Kent,14.2683,5.8635,64.0208,3.4185
2018-02-12,44003,Kent,8.2906,-4.5446,64.0808,4.4435
2018-02-13,44003,Kent,1.9026,-4.5217,31.1233,3.006
2018-02-14,44003,Kent,9.7005,-0.5738,52.2013,4.2268
2018-02-15,44003,Kent,10.5157,4.0375,69.9267,3.5149
2018-02-16,44003,Kent,12.7089,-3.1429,70.879,4.4847
2018-02-17,44003,Kent,3.7723,-2.3989,51.325,3.5076
2018-02-18,44003,Kent,6.8231,-5.929,57.3784,3.3863
2018-02-19,44003,Kent,10.6737,-3.5488,62.2147,4.058
2018-02-20,44003,Kent,17.4534,8.7118,55.0084,4.7193
2018-02-21,44003,Kent,17.951,6.3168,68.2769,4.4813
2018-02-22,44003,Kent,7.4746,-0.89,54.6937,4.6849
2018-02-23,44003,Kent,6.3907,-0.0723,59.4796,3.4267
2018-02-24,44003,Kent,14.2574,3.0143,52.9805,2.9719
2018-02-25,44003,Kent,5.7546,2.6131,74.095,4.1529
2018-02-26,44003,Kent,8.6758,-1.7004,57.7477,2.8866
2018-02-27,44003,Kent,12.41,-0.006,36.5528,3.0303
2018-02-28,44003,Kent,13.6823,2.3176,46.021,4.2097
2018-03-01,44003,Kent,17.0963,2.8746,51.1553,3.3953
2018-03-02,44003,Kent,7.3404,1.1108,77.2435,10.5386
2018-03-03,44003,Kent,6.6173,2.6753,57.9444,8.3184
2018-03-04,44003,Kent,6.8223,-0.4793,57.0247,5.1255
2018-03-05,44003,Kent,7.3247,-1.0966,55.2758,5.8113
2018-03-06,44003,Kent,5.9112,-2.0374,59.0513,2.5112
2018-03-07,44003,Kent,4.1906,-0.2987,73.3778,6.7119
2018-03-08,44003,Kent,4.7935,-2.4797,66.9763,5.4384
2018-03-09,44003,Kent,4.6812,-0.8371,50.6978,5.1888
2018-03-10,44003,Kent,5.7508,-2.1091,48.7607,6.0432
2018-03-11,44003,Kent,8.419,-2.764,44.6246,3.6433
2018-03-12,44003,Kent,7.7467,-1.5575,53.4844,4.9104
2018-03-13,44003,Kent,1.2288,-3.2683,81.1245,7.98
2018-03-14,44003,Kent,5.2704,-2.3015,56.1757,6.9954
2018-03-15,44003,Kent,7.048,-2.0361,50.7292,6.4243
2018-03-16,44003,Kent,4.2848,-4.7737,47.9825,6.7976
2018-03-17,44003,Kent,7.3371,-8.9048,43.732,6.0025
2018-03-18,44003,Kent,2.4958,-8.2639,43.8858,4.4187
2018-03-19,44003,Kent,5.0786,-6.7141,39.1308,3.932
2018-03-20,44003,Kent,5.6128,-4.2175,40.7812,3.3862
2018-03-21,44003,Kent,3.6546,-0.8825,61.3208,8.2717
2018-03-22,44003,Kent,8.2057,-2.0721,51.8331,5.5095
2018-03-23,44003,Kent,9.5605,-0.3748,43.8078,3.0036
2018-03-24,44003,Kent,9.3353,-1.8415,43.8111,2.6227
2018-03-25,44003,Kent,4.0906,-4.2677,62.5607,5.2725
2018-03-26,44003,Kent,7.1675,-4.5402,49.8199,4.6762
2018-03-27,44003,Kent,10.5666,1.5984,40.5012,2.3657
2018-03-28,44003,Kent,13.6228,3.0954,47.8748,2.2772
2018-03-29,44003,Kent,14.2297,5.0875,57.587,2.3143
2018-03-30,44003,Kent,16.9257,2.6185,66.0652,4.5946
2018-03-31,44003,Kent,14.2993,2.514,37.2937,4.3013
2018-04-01,44003,Kent,15.8211,-1.8525,46.7164,5.2982
2018-04-02,44003,Kent,5.7743,-3.0219,58.2992,1.9518
2018-04-03,44003,Kent,7.0886,0.3726,72.4222,2.901
2018-04-04,44003,Kent,13.3851,-3.1217,78.3402,6.6212
2018-04-05,44003,Kent,6.5766,-4.9439,37.1307,6.0392
2018-04-06,44003,Kent,7.6738,-0.8351,65.7997,5.124
2018-04-07,44003,Kent,9.3687,-1.9018,51.046,3.4568
2018-04-08,44003,Kent,7.7584,-2.9825,38.4415,4.1718
2018-04-09,44003,Kent,9.2783,-1.7146,34.2187,2.9841
2018-04-10,44003,Kent,5.6653,-3.6,73.0265,1.7423
2018-04-11,44003,Kent,10.1819,-0.6267,46.7759,2.3758
2018-04-12,44003,Kent,15.6609,5.7155,48.5926,4.7814
2018-04-13,44003,Kent,19.3165,4.3766,58.6525,3.9624
2018-04-14,44003,Kent,17.0354,1.6184,63.6214,4.318
2018-04-15,44003,Kent,4.4924,1.0768,63.4119,8.2849
2018-04-16,44003,Kent,14.8937,3.1063,58.7961,7.2109
2018-04-17,44003,Kent,10.2782,-0.2399,58.5069,5.1184
2018-04-18,44003,Kent,12.5044,0.8679,48.9227,5.1507
2018-04-19,44003,Kent,7.0733,-0.1796,75.6018,2.8678
2018-04-20,44003,Kent,12.8926,0.5479,44.3047,4.9516
2018-04-21,44003,Kent,16.473,-0.3499,37.8709,3.2435
2018-04-22,44003,Kent,17.7151,0.4014,31.7963,2.0927
2018-04-23,44003,Kent,19.8666,0.737,32.5319,2.0489
2018-04-24,44003,Kent,19.4931,8.7072,40.3344,3.0976
2018-04-25,44003,Kent,14.2855,8.5106,72.9285,4.5004
2018-04-26,44003,Kent,20.6088,6.8592,58.824,3.8261
2018-04-27,44003,Kent,16.7545,8.5123,56.3949,2.6988
2018-04-28,44003,Kent,22.9466,6.5827,52.0599,2.7388
2018-04-29,44003,Kent,15.8703,3.5411,62.2543,3.0404
2018-04-30,44003,Kent,11.0008,3.8883,59.5994,3.4663
2018-05-01,44003,Kent,21.668,9.4122,42.1414,3.1738
2018-05-02,44003,Kent,31.3552,14.3407,37.2269,4.9809
2018-05-03,44003,Kent,31.4549,15.5519,45.1264,4.5488
2018-05-04,44003,Kent,27.2351,14.0781,58.8561,4.8456
2018-05-05,44003,Kent,23.9363,11.7949,46.8051,4.3978
2018-05-06,44003,Kent,18.3461,8.7281,69.7411,3.0542
2018-05-07,44003,Kent,21.4724,7.2821,58.2769,2.0288
2018-05-08,44003,Kent,22.8313,6.9547,49.157,1.6491
2018-05-09,44003,Kent,23.4033,9.157,48.6556,2.0094
2018-05-10,44003,Kent,22.7189,9.5684,56.1661,3.8604
2018-05-11,44003,Kent,22.9672,8.3372,45.0872,2.9511
2018-05-12,44003,Kent,12.5476,8.6617,71.6617,2.6925
2018-05-13,44003,Kent,15.3371,9.0889,68.2407,2.7332
2018-05-14,44003,Kent,22.2739,10.2758,61.3016,2.3192
2018-05-15,44003,Kent,28.0843,13.0455,62.6536,3.8798
2018-05-16,44003,Kent,18.6291,11.9721,69.4564,2.9722
2018-05-17,44003,Kent,21.9991,12.6609,67.3064,1.9771
2018-05-18,44003,Kent,15.3922,5.3577,76.7131,4.7162
2018-05-19,44003,Kent,17.4749,8.1957,69.7535,3.9359
2018-05-20,44003,Kent,24.9302,11.3586,69.3263,4.5226
2018-05-21,44003,Kent,23.8242,9.7701,52.6789,2.3537
2018-05-22,44003,Kent,20.5421,11.3492,60.8316,2.1855
2018-05-23,44003,Kent,27.1822,10.4323,54.1572,2.5737
2018-05-24,44003,Kent,25.1965,9.3088,46.2381,3.0464
2018-05-25,44003,Kent,30.3808,16.3849,44.5081,5.2758
2018-05-26,44003,Kent,31.9758,12.6926,61.0303,3.0925
2018-05-27,44003,Kent,15.7261,9.4706,86.3043,5.5246
2018-05-28,44003,Kent,19.419,12.9509,66.7141,2.5874
2018-05-29,44003,Kent,30.5518,14.3784,55.9925,2.0628
2018-05-30,44003,Kent,26.6011,10.3665,58.4924,2.4234
2018-05-31,44003,Kent,25.1999,12.6837,64.3033,2.3633
2018-06-01,44003,Kent,24.0313,17.2508,78.5648,2.6713
2018-06-02,44003,Kent,28.464,11.6408,73.5762,3.1974
2018-06-03,44003,Kent,19.3708,8.1677,64.4193,5.0626
2018-06-04,44003,Kent,13.4066,9.1161,84.0752,3.5067
2018-06-05,44003,Kent,21.2511,9.8717,67.4986,3.2261
2018-06-06,44003,Kent,20.073,10.1917,67.0215,2.1715
2018-06-07,44003,Kent,21.161,10.9725,64.6706,3.3231
2018-06-08,44003,Kent,26.8387,13.6611,59.4378,3.1441
2018-06-09,44003,Kent,26.4011,13.1866,58.1157,1.3548
2018-06-10,44003,Kent,22.4271,10.0789,62.6088,1.496
2018-06-11,44003,Kent,21.8364,8.5476,55.8417,2.7555
2018-06-12,44003,Kent,24.3428,12.7171,50.9522,4.9767
2018-06-13,44003,Kent,22.9891,16.514,73.6253,5.1248
2018-06-14,44003,Kent,27.4546,13.344,60.5197,4.9811
2018-06-15,44003,Kent,19.9908,11.1509,74.5838,2.2325
2018-06-16,44003,Kent,28.6614,12.8148,51.4685,2.6511
2018-06-17,44003,Kent,30.8617,15.2221,47.6829,1.8825
2018-06-18,44003,Kent,29.5519,18.6026,65.8112,5.3706
2018-06-19,44003,Kent,29.5978,12.6818,58.5573,3.9262
2018-06-20,44003,Kent,28.3035,15.4551,51.9257,2.5936
2018-06-21,44003,Kent,28.0628,13.7738,68.3259,1.897
2018-06-22,44003,Kent,25.5539,13.8652,61.0517,3.0602
2018-06-23,44003,Kent,18.1477,14.2388,92.4289,2.797
2018-06-24,44003,Kent,24.3763,16.0838,78.6057,2.7614
2018-06-25,44003,Kent,25.8796,10.515,61.7696,3.3616
2018-06-26,44003,Kent,26.0116,14.1138,50.5057,2.5295
2018-06-27,44003,Kent,25.1404,16.7944,65.9455,4.476
2018-06-28,44003,Kent,23.258,18.5614,80.3801,4.1621
2018-06-29,44003,Kent,31.2628,18.6961,63.1324,2.338
2018-06-30,44003,Kent,31.2462,19.8575,59.9865,2.1229
2018-07-01,44003,Kent,34.6544,20.4069,67.5996,2.0435
2018-07-02,44003,Kent,30.5628,20.2376,74.5683,2.5065
2018-07-03,44003,Kent,31.7144,21.6546,72.9876,2.7924
2018-07-04,44003,Kent,32.6883,21.3533,71.3074,1.9945
2018-07-05,44003,Kent,31.2787,22.9839,70.7181,4.496
2018-07-06,44003,Kent,27.4567,11.9956,91.1696,5.139
2018-07-07,44003,Kent,24.9621,11.3273,54.6478,2.4521
2018-07-08,44003,Kent,27.3736,13.0819,53.0655,1.585
2018-07-09,44003,Kent,29.6122,15.6608,59.0652,3.4786
2018-07-10,44003,Kent,32.3538,18.6335,58.6732,3.6213
2018-07-11,44003,Kent,26.7382,13.7564,74.2796,3.0836
2018-07-12,44003,Kent,27.1673,13.9602,56.8601,2.0614
2018-07-13,44003,Kent,26.7998,14.9096,55.6097,2.3112
2018-07-14,44003,Kent,25.7483,18.5963,63.7201,2.3935
2018-07-15,44003,Kent,29.9215,19.2553,68.8966,1.8431
2018-07-16,44003,Kent,31.0591,20.8185,66.5996,2.7485
2018-07-17,44003,Kent,30.2596,19.7457,76.2198,4.4896
2018-07-18,44003,Kent,28.5739,13.4756,66.3869,2.955
2018-07-19,44003,Kent,27.4819,13.8936,53.0801,1.5914
2018-07-20,44003,Kent,28.8339,12.8876,56.8657,2.1822
2018-07-21,44003,Kent,25.8714,17.4101,59.5173,3.6171
2018-07-22,44003,Kent,25.9191,19.8844,81.0215,5.3715
2018-07-23,44003,Kent,27.9182,22.0037,74.4304,4.6772
2018-07-24,44003,Kent,28.8172,22.1584,71.9645,4.3052
2018-07-25,44003,Kent,27.2979,21.5426,75.9024,5.1633
2018-07-26,44003,Kent,28.313,19.7053,75.9319,4.3129
2018-07-27,44003,Kent,30.6082,21.2738,69.04,3.3979
2018-07-28,44003,Kent,29.5989,18.8825,73.8314,3.0356
2018-07-29,44003,Kent,28.2421,15.8664,70.3075,2.4302
2018-07-30,44003,Kent,28.1379,17.1993,59.7964,1.9539
2018-07-31,44003,Kent,29.7189,17.8713,58.8456,1.8533
2018-08-01,44003,Kent,27.9225,20.6475,76.3758,3.8534
2018-08-02,44003,Kent,32.6509,22.5764,67.8526,4.9716
2018-08-03,44003,Kent,31.52,22.0912,69.777,4.6955
2018-08-04,44003,Kent,26.5878,18.784,82.6569,3.7563
2018-08-05,44003,Kent,31.5787,19.1529,59.7796,2.1447
2018-08-06,44003,Kent,32.5863,20.5242,62.7989,3.1134
2018-08-07,44003,Kent,31.764,21.8498,67.9852,4.2508
2018-08-08,44003,Kent,31.1495,22.0407,68.7051,3.2265
2018-08-09,44003,Kent,30.9392,17.6349,70.4329,3.3026
2018-08-10,44003,Kent,30.6697,18.8801,55.6679,1.9103
2018-08-11,44003,Kent,24.1122,20.3941,86.2728,2.2505
2018-08-12,44003,Kent,27.2582,19.2112,74.9047,2.8362
2018-08-13,44003,Kent,22.9964,19.7662,85.1547,2.8965
2018-08-14,44003,Kent,28.1632,19.6074,75.3986,2.4858
2018-08-15,44003,Kent,30.4283,20.2521,68.7574,2.6694
2018-08-16,44003,Kent,31.1195,20.004,71.2214,2.6427
2018-08-17,44003,Kent,30.435,21.0142,71.4154,2.8172
2018-08-18,44003,Kent,29.5298,17.5107,79.8646,3.5549
2018-08-19,44003,Kent,23.6575,17.3915,78.8407,4.7397
2018-08-20,44003,Kent,25.2182,15.8727,75.9717,3.8541
2018-08-21,44003,Kent,24.0817,17.4499,80.7132,2.5891
2018-08-22,44003,Kent,27.9687,17.4593,74.4474,3.4616
2018-08-23,44003,Kent,25.2089,12.3565,60.4981,3.0521
2018-08-24,44003,Kent,27.862,13.3436,59.2787,2.245
2018-08-25,44003,Kent,26.4085,12.2869,69.848,2.0377
2018-08-26,44003,Kent,27.091,17.9771,68.6051,3.1849
2018-08-27,44003,Kent,30.0801,20.6783,69.6713,2.8253
2018-08-28,44003,Kent,33.3964,22.5044,66.5999,4.1386
2018-08-29,44003,Kent,34.0524,20.9016,66.4119,4.0373
2018-08-30,44003,Kent,31.9675,17.286,71.4427,3.0793
2018-08-31,44003,Kent,24.8168,13.9152,72.2117,3.667
2018-09-01,44003,Kent,26.3799,14.2566,63.154,2.444
2018-09-02,44003,Kent,27.5942,19.2643,57.9259,2.3229
2018-09-03,44003,Kent,32.4647,20.8335,61.6194,3.827
2018-09-04,44003,Kent,31.6779,18.8175,61.7913,1.9982
2018-09-05,44003,Kent,29.521,20.1641,61.7141,2.9119
2018-09-06,44003,Kent,32.765,18.5159,67.0035,3.3326
2018-09-07,44003,Kent,21.4861,16.3687,86.123,2.0828
2018-09-08,44003,Kent,19.9972,11.6112,72.7486,2.998
2018-09-09,44003,Kent,17.8057,11.6393,66.3997,4.3005
2018-09-10,44003,Kent,19.0887,13.387,85.2931,5.6033
2018-09-11,44003,Kent,26.8149,17.3904,78.0845,2.0675
2018-09-12,44003,Kent,22.0246,17.1505,94.4784,1.571
2018-09-13,44003,Kent,21.8769,15.8848,82.5075,2.0971
2018-09-14,44003,Kent,23.5944,16.1763,72.648,2.1035
2018-09-15,44003,Kent,24.8265,14.4791,71.6979,1.3056
2018-09-16,44003,Kent,26.8794,16.0555,71.1801,1.5707
2018-09-17,44003,Kent,26.3608,19.2321,70.4641,3.0215
2018-09-18,44003,Kent,24.699,16.3976,88.786,3.4166
2018-09-19,44003,Kent,19.5189,13.1008,93.6399,3.9049
2018-09-20,44003,Kent,19.8057,13.1341,76.4288,3.1698
2018-09-21,44003,Kent,21.3824,14.7963,78.1333,4.4473
2018-09-22,44003,Kent,21.5735,9.728,74.546,3.8985
2018-09-23,44003,Kent,17.3888,8.0761,80.0492,1.3419
2018-09-24,44003,Kent,14.638,8.1334,84.7937,4.8712
2018-09-25,44003,Kent,21.7453,10.8327,85.4207,5.5504
2018-09-26,44003,Kent,24.9672,15.342,88.851,4.869
2018-09-27,44003,Kent,20.6271,12.8631,79.1817,3.3927
2018-09-28,44003,Kent,15.4163,9.3347,99.4419,3.5469
2018-09-29,44003,Kent,22.0314,7.3413,70.2179,2.4629
2018-09-30,44003,Kent,20.2795,9.2729,62.771,2.1662
2018-10-01,44003,Kent,20.6509,11.7755,78.9898,2.1439
2018-10-02,44003,Kent,20.2401,13.1211,85.5777,3.3206
2018-10-03,44003,Kent,19.8952,13.9493,81.5113,1.9289
2018-10-04,44003,Kent,21.3559,13.5164,79.3121,3.237
2018-10-05,44003,Kent,17.8335,6.8641,81.0139,3.6142
2018-10-06,44003,Kent,18.8726,9.5131,66.9535,2.6973
2018-10-07,44003,Kent,24.7556,13.6916,73.6521,3.052
2018-10-08,44003,Kent,17.4885,13.3009,73.8679,3.3684
2018-10-09,44003,Kent,24.4376,16.4839,72.3234,4.3482
2018-10-10,44003,Kent,27.1414,18.8384,67.5022,4.2721
2018-10-11,44003,Kent,24.2624,14.4863,83.1317,3.8538
2018-10-12,44003,Kent,17.1904,7.0837,87.3015,3.8126
2018-10-13,44003,Kent,11.4098,3.2742,69.9416,3.2837
2018-10-14,44003,Kent,15.623,3.5117,56.6696,3.458
2018-10-15,44003,Kent,19.6453,5.1714,80.7729,5.6105
2018-10-16,44003,Kent,13.3784,2.4844,63.4825,5.1571
2018-10-17,44003,Kent,16.1694,2.1032,53.6059,6.6507
2018-10-18,44003,Kent,8.0152,-1.2267,49.0904,6.162
2018-10-19,44003,Kent,15.1215,1.594,61.9562,6.0025
2018-10-20,44003,Kent,16.6218,5.6393,75.3812,5.3843
2018-10-21,44003,Kent,8.2594,-3.1162,71.6415,5.7897
2018-10-22,44003,Kent,9.6702,-0.7641,61.642,3.5685
2018-10-23,44003,Kent,14.3091,3.8627,67.0689,2.8145
2018-10-24,44003,Kent,9.2793,0.1834,71.9556,5.2593
2018-10-25,44003,Kent,8.9395,-2.8628,57.9776,5.1891
2018-10-26,44003,Kent,7.3749,-1.2407,56.4389,2.7587
2018-10-27,44003,Kent,10.8833,4.7629,90.4947,6.6573
2018-10-28,44003,Kent,12.6426,5.8294,78.2191,4.3489
2018-10-29,44003,Kent,13.6978,3.5879,72.4162,4.4279
2018-10-30,44003,Kent,9.102,-2.2875,70.007,4.2616
2018-10-31,44003,Kent,13.5817,-0.7671,70.7556,3.1556
2018-11-01,44003,Kent,20.1462,10.8459,63.9941,3.1545
2018-11-02,44003,Kent,19.6105,14.337,72.8636,6.6651
2018-11-03,44003,Kent,16.8749,3.468,70.6338,7.6043
2018-11-04,44003,Kent,11.985,2.0357,47.1157,3.0401
2018-11-05,44003,Kent,10.2904,3.5983,78.7387,4.3224
2018-11-06,44003,Kent,16.4158,7.8586,83.102,3.9997
2018-11-07,44003,Kent,15.2999,3.4362,68.5659,5.1057
2018-11-08,44003,Kent,11.2088,-1.6345,59.0032,3.3107
2018-11-09,44003,Kent,10.1926,0.2916,74.9026,4.954
2018-11-10,44003,Kent,8.8843,-1.7251,75.2408,6.6539
2018-11-11,44003,Kent,5.9904,-4.189,51.861,5.2458
2018-11-12,44003,Kent,10.8028,-2.5037,49.956,2.4358
2018-11-13,44003,Kent,14.0805,-1.3962,75.0489,5.0026
2018-11-14,44003,Kent,2.3502,-5.5402,36.6635,6.1619
2018-11-15,44003,Kent,2.9813,-5.0506,54.1486,4.6162
2018-11-16,44003,Kent,5.5627,0.1618,76.0294,6.0095
2018-11-17,44003,Kent,7.756,-1.1645,58.7048,4.7015
2018-11-18,44003,Kent,5.1881,-0.4156,59.8768,2.0594
2018-11-19,44003,Kent,6.9612,1.9137,76.5917,1.4898
2018-11-20,44003,Kent,3.5901,-2.8125,99.7366,3.0891
2018-11-21,44003,Kent,4.4816,-10.1803,65.8554,6.3001
2018-11-22,44003,Kent,-6.5004,-12.2325,34.0433,7.1913
2018-11-23,44003,Kent,-1.1549,-11.0986,45.3086,3.7339
2018-11-24,44003,Kent,7.4112,-4.2847,66.6629,3.7129
2018-11-25,44003,Kent,8.1887,1.3256,76.8516,3.9551
2018-11-26,44003,Kent,7.5468,2.7989,79.623,5.0166
2018-11-27,44003,Kent,6.4392,0.1466,77.4843,5.9977
2018-11-28,44003,Kent,5.2658,0.6885,56.667,6.3661
2018-11-29,44003,Kent,6.6609,-4.0701,59.1811,5.6736
2018-11-30,44003,Kent,4.4806,-3.2097,65.1888,2.4531
2018-12-01,44003,Kent,6.5354,-1.5423,57.0871,2.1819
2018-12-02,44003,Kent,13.7389,4.0788,70.9123,4.3283
2018-12-03,44003,Kent,13.696,0.4689,66.8538,5.0717
2018-12-04,44003,Kent,4.6023,-7.0166,54.7537,4.8963
2018-12-05,44003,Kent,1.8998,-6.4673,48.2164,2.2165
2018-12-06,44003,Kent,4.3206,-4.7198,45.7242,4.4403
2018-12-07,44003,Kent,2.6142,-9.1695,56.4099,5.0413
2018-12-08,44003,Kent,-2.611,-9.2304,41.6801,4.1617
2018-12-09,44003,Kent,2.0942,-8.4296,54.0905,3.7382
2018-12-10,44003,Kent,3.1141,-9.3061,57.8524,3.2932
2018-12-11,44003,Kent,2.3883,-6.955,64.4819,1.5784
2018-12-12,44003,Kent,2.8821,-6.5403,45.4021,4.1504
2018-12-13,44003,Kent,1.3777,-6.1276,59.5693,3.0045
2018-12-14,44003,Kent,8.6007,-3.6976,70.5575,3.0193
2018-12-15,44003,Kent,10.9108,3.3428,64.5049,3.1566
2018-12-16,44003,Kent,5.938,1.5623,72.0007,6.9076
2018-12-17,44003,Kent,4.8308,-4.1179,74.3273,5.6462
2018-12-18,44003,Kent,0.1014,-7.5996,40.6295,7.085
2018-12-19,44003,Kent,4.4454,-6.9045,47.4582,3.5667
2018-12-20,44003,Kent,12.8488,-3.657,50.8263,2.5727
2018-12-21,44003,Kent,16.4925,10.1648,60.772,7.0996
2018-12-22,44003,Kent,11.1378,-1.0174,67.6962,6.1491
2018-12-23,44003,Kent,3.8588,-1.8904,50.0976,3.2011
2018-12-24,44003,Kent,1.948,-2.149,69.0898,2.3318
2018-12-25,44003,Kent,3.4397,-6.159,50.9876,4.0759
2018-12-26,44003,Kent,3.2118,-5.3119,44.2336,3.7737
2018-12-27,44003,Kent,4.3857,-1.189,39.2072,3.0682
2018-12-28,44003,Kent,12.648,3.9036,66.2362,6.134
2018-12-29,44003,Kent,11.4796,-2.2964,61.7738,4.7558
2018-12-30,44003,Kent,2.3086,-4.306,53.2245,1.4682
2018-12-31,44003,Kent,3.1997,-6.1494,57.0288,1.2631
2019-01-01,44003,Kent,14.3491,-2.9456,58.4634,6.706
2019-01-02,44003,Kent,2.5181,-3.0649,44.3655,2.6695
2019-01-03,44003,Kent,7.452,-2.0062,58.3396,3.2556
2019-01-04,44003,Kent,7.445,-1.533,55.7866,4.5384
2019-01-05,44003,Kent,6.4554,-1.0275,75.4125,3.6355
2019-01-06,44003,Kent,7.0429,-7.5826,54.3064,5.3886
2019-01-07,44003,Kent,0.3722,-7.2831,23.6054,4.2442
2019-01-08,44003,Kent,6.1517,0.3173,64.229,3.7311
2019-01-09,44003,Kent,6.7457,-0.1847,58.1375,6.6169
2019-01-10,44003,Kent,1.1613,-6.5985,48.1707,6.5133
2019-01-11,44003,Kent,-2.2251,-10.8155,38.5671,5.9847
2019-01-12,44003,Kent,-1.8436,-9.7355,27.8695,4.2212
2019-01-13,44003,Kent,-2.6967,-8.6272,41.1426,4.1778
2019-01-14,44003,Kent,-0.4312,-9.1804,59.3057,4.1489
2019-01-15,44003,Kent,1.5707,-8.8899,39.9819,2.3125
2019-01-16,44003,Kent,2.2228,-8.2172,59.2917,4.6506
2019-01-17,44003,Kent,-1.6995,-6.6991,30.3962,2.9103
2019-01-18,44003,Kent,3.5563,-5.0249,66.5437,2.0593
2019-01-19,44003,Kent,1.567,-4.6636,62.2991,4.0875
2019-01-20,44003,Kent,1.4535,-17.8402,100.0,5.6668
2019-01-21,44003,Kent,-13.7358,-17.7543,38.7391,8.5789
2019-01-22,44003,Kent,-3.8419,-13.5905,38.5621,4.8716
2019-01-23,44003,Kent,11.288,-6.6786,48.2993,5.5235
2019-01-24,44003,Kent,13.572,-1.1976,70.3968,7.8107
2019-01-25,44003,Kent,3.5493,-7.7943,55.2992,5.1941
2019-01-26,44003,Kent,0.6148,-7.3301,38.2,2.8044
2019-01-27,44003,Kent,6.9128,-5.8531,57.4162,3.8765
2019-01-28,44003,Kent,-0.557,-6.8595,45.5993,4.2099
2019-01-29,44003,Kent,3.2687,-5.4097,60.8954,3.868
2019-01-30,44003,Kent,-0.1202,-17.0528,71.2827,6.186
2019-01-31,44003,Kent,-9.2435,-17.0349,35.2452,6.2382
2019-02-01,44003,Kent,-5.6499,-14.9521,33.0864,4.1246
2019-02-02,44003,Kent,0.2921,-12.8141,48.4667,5.1402
2019-02-03,44003,Kent,5.8207,-1.3237,55.1102,2.3458
2019-02-04,44003,Kent,14.2056,-0.4062,45.7727,2.6658
2019-02-05,44003,Kent,16.6065,-1.0756,47.9503,3.2154
2019-02-06,44003,Kent,7.019,-0.5763,52.8685,2.9991
2019-02-07,44003,Kent,5.403,1.3672,76.4672,2.8287
2019-02-08,44003,Kent,10.1069,-5.0423,62.6677,5.1614
2019-02-09,44003,Kent,0.3774,-7.0978,28.1862,6.989
2019-02-10,44003,Kent,1.1968,-6.2987,31.1675,3.9902
2019-02-11,44003,Kent,2.3353,-7.5557,32.195,2.7272
2019-02-12,44003,Kent,2.1537,-7.2964,58.6504,5.4834
2019-02-13,44003,Kent,5.7055,-1.9123,64.2092,5.9544
2019-02-14,44003,Kent,4.7468,-1.9056,42.4321,5.0726
2019-02-15,44003,Kent,10.1545,0.1754,68.1016,4.997
2019-02-16,44003,Kent,5.7086,-5.6183,56.8745,3.5433
2019-02-17,44003,Kent,3.2773,-4.9899,37.8323,1.8657
2019-02-18,44003,Kent,1.0445,-9.2838,83.3163,3.4825
2019-02-19,44003,Kent,0.1025,-9.442,37.3421,4.5151
2019-02-20,44003,Kent,0.6738,-8.288,44.647,2.5317
2019-02-21,44003,Kent,8.405,-0.7442,53.3282,4.0549
2019-02-22,44003,Kent,7.2604,-3.7555,46.3179,3.3308
2019-02-23,44003,Kent,5.5786,-3.0497,49.1585,1.4969
2019-02-24,44003,Kent,8.1472,0.884,69.2089,5.5979
2019-02-25,44003,Kent,3.0992,-5.3961,40.0409,10.3713
2019-02-26,44003,Kent,-0.8016,-10.102,27.9161,7.4303
2019-02-27,44003,Kent,-2.7318,-9.7503,32.356,2.8587
2019-02-28,44003,Kent,-0.4862,-8.4266,57.0482,3.1083
2019-03-01,44003,Kent,2.5523,-5.1925,47.9513,1.7687
2019-03-02,44003,Kent,1.9419,-3.5821,74.4384,4.0122
2019-03-03,44003,Kent,6.017,-1.1451,55.5438,2.3365
2019-03-04,44003,Kent,4.2839,-9.4473,73.8759,4.8129
2019-03-05,44003,Kent,-0.5831,-10.1367,59.2271,3.9145
2019-03-06,44003,Kent,-3.2051,-13.6562,53.6767,5.1901
2019-03-07,44003,Kent,-1.9327,-12.9084,53.1248,4.9404
2019-03-08,44003,Kent,2.7231,-9.8982,52.096,3.5958
2019-03-09,44003,Kent,7.5243,-4.7565,44.8379,2.5952
2019-03-10,44003,Kent,5.5797,-0.4377,66.2651,5.3579
2019-03-11,44003,Kent,10.2268,-0.3618,49.5045,5.0622
2019-03-12,44003,Kent,6.5431,-4.5482,49.4774,3.9872
2019-03-13,44003,Kent,6.684,-2.1723,47.4981,2.1441
2019-03-14,44003,Kent,11.3781,3.2828,54.6893,3.4329
2019-03-15,44003,Kent,15.3682,5.1583,60.501,5.5398
2019-03-16,44003,Kent,10.7281,-1.7588,50.2855,5.7493
2019-03-17,44003,Kent,5.94,-5.8235,39.345,4.5758
2019-03-18,44003,Kent,6.4741,-4.7214,35.6169,3.1093
2019-03-19,44003,Kent,7.9656,-4.515,38.6054,3.0682
2019-03-20,44003,Kent,9.692,-1.8258,41.4828,2.9643
2019-03-21,44003,Kent,9.6443,2.3043,61.6072,4.7413
2019-03-22,44003,Kent,6.957,-1.4738,76.5537,5.9615
2019-03-23,44003,Kent,7.6528,-1.6776,45.9288,7.3266
2019-03-24,44003,Kent,13.2629,2.1287,37.6629,4.8391
2019-03-25,44003,Kent,10.5694,-2.2954,45.6278,2.289
2019-03-26,44003,Kent,7.9285,-3.9154,32.011,4.1403
2019-03-27,44003,Kent,7.4368,-3.4738,36.6919,2.6877
2019-03-28,44003,Kent,10.1571,0.5148,51.5577,4.6019
2019-03-29,44003,Kent,12.1253,4.9447,65.8803,3.7324
2019-03-30,44003,Kent,17.593,7.3201,57.7633,3.5566
2019-03-31,44003,Kent,16.8439,0.3475,69.5722,5.7484
2019-04-01,44003,Kent,7.7484,-4.9571,41.3109,5.322
2019-04-02,44003,Kent,9.0985,-0.2778,47.5227,3.2861
2019-04-03,44003,Kent,17.8273,1.9756,39.4882,6.6925
2019-04-04,44003,Kent,12.0988,-1.5232,32.364,5.4619
2019-04-05,44003,Kent,7.8006,0.5785,44.1532,2.9006
2019-04-06,44003,Kent,18.607,1.7461,53.1386,2.4721
2019-04-07,44003,Kent,16.4894,6.2058,49.7887,2.6701
2019-04-08,44003,Kent,10.6996,1.7432,93.4741,2.8298
2019-04-09,44003,Kent,11.3085,1.9444,73.0662,2.9925
2019-04-10,44003,Kent,10.1352,-1.0532,58.6879,3.5101
2019-04-11,44003,Kent,11.2242,2.4306,40.7997,2.5792
2019-04-12,44003,Kent,15.0934,6.2547,60.5109,4.1312
2019-04-13,44003,Kent,19.8919,8.7432,70.2606,4.6782
2019-04-14,44003,Kent,21.8319,10.413,59.9517,2.725
2019-04-15,44003,Kent,19.734,4.5164,62.2629,7.438
2019-04-16,44003,Kent,15.8661,2.6906,35.8579,5.8869
2019-04-17,44003,Kent,16.7157,2.5762,37.9451,1.7657
2019-04-18,44003,Kent,17.0854,6.4379,55.1342,4.7406
2019-04-19,44003,Kent,21.5946,15.5445,58.4544,6.1101
2019-04-20,44003,Kent,20.3577,11.871,68.4291,5.5742
2019-04-21,44003,Kent,19.0512,7.9231,71.8208,3.0002
2019-04-22,44003,Kent,16.9732,8.4525,68.9293,3.0902
2019-04-23,44003,Kent,18.0215,8.2861,67.1938,2.3036
2019-04-24,44003,Kent,19.8935,4.6142,56.3549,4.0229
2019-04-25,44003,Kent,17.1593,7.5542,49.8295,2.1305
2019-04-26,44003,Kent,15.1744,7.6327,71.8025,5.6496
2019-04-27,44003,Kent,12.7513,4.5276,59.3323,6.5793
2019-04-28,44003,Kent,11.3954,1.6444,63.9187,2.6235
2019-04-29,44003,Kent,15.8743,3.9834,44.141,3.0832
2019-04-30,44003,Kent,12.2401,3.8341,73.8497,2.7325
2019-05-01,44003,Kent,14.1313,6.466,54.1439,2.5472
2019-05-02,44003,Kent,14.4837,6.4282,76.0086,2.8454
2019-05-03,44003,Kent,15.6707,7.4908,71.2649,2.3623
2019-05-04,44003,Kent,17.8873,9.7336,77.124,1.6056
2019-05-05,44003,Kent,12.0816,7.7612,84.4383,4.0831
2019-05-06,44003,Kent,18.9294,3.9798,61.2214,3.6668
2019-05-07,44003,Kent,21.0215,9.1393,56.4042,3.3119
2019-05-08,44003,Kent,21.0315,4.7689,53.1086,2.3337
2019-05-09,44003,Kent,17.4148,7.6448,45.7356,3.1526
2019-05-10,44003,Kent,17.9413,9.7103,70.214,5.4951
2019-05-11,44003,Kent,22.2719,6.8113,57.099,2.6675
2019-05-12,44003,Kent,8.9645,4.4438,79.6219,4.3217
2019-05-13,44003,Kent,13.7225,4.2378,60.6935,5.797
2019-05-14,44003,Kent,9.4483,4.7419,74.3719,3.0546
2019-05-15,44003,Kent,16.9587,6.8841,56.4867,2.6052
2019-05-16,44003,Kent,21.3205,7.6037,53.1948,1.7191
2019-05-17,44003,Kent,23.2697,10.1603,60.1168,3.6463
2019-05-18,44003,Kent,23.2577,9.2833,48.2873,2.8569
2019-05-19,44003,Kent,21.2021,12.3426,60.9921,4.3942
2019-05-20,44003,Kent,29.0765,11.2984,65.0375,4.8809
2019-05-21,44003,Kent,21.1631,8.3805,50.4662,5.4723
2019-05-22,44003,Kent,22.8814,8.9357,40.3437,3.3353
2019-05-23,44003,Kent,19.2803,12.3609,63.9854,4.9972
2019-05-24,44003,Kent,23.8651,7.3523,62.4778,5.1485
2019-05-25,44003,Kent,23.9742,11.1875,50.0961,2.9599
2019-05-26,44003,Kent,30.399,15.4157,52.8925,3.5692
2019-05-27,44003,Kent,27.2945,12.4866,53.2212,2.3404
2019-05-28,44003,Kent,17.4681,7.9801,74.5424,2.9478
2019-05-29,44003,Kent,14.7762,8.3764,91.7657,1.7872
2019-05-30,44003,Kent,18.0882,10.5948,80.2832,2.7786
2019-05-31,44003,Kent,26.1051,13.0569,61.3588,2.2597
2019-06-01,44003,Kent,24.4362,12.8137,65.475,1.8146
2019-06-02,44003,Kent,23.0353,10.5192,75.126,3.1112
2019-06-03,44003,Kent,22.0314,6.62,53.8511,4.3414
2019-06-04,44003,Kent,21.2964,11.8579,47.3954,3.7934
2019-06-05,44003,Kent,25.7431,16.8225,62.8108,4.9221
2019-06-06,44003,Kent,27.7715,14.1394,67.9859,2.5307
2019-06-07,44003,Kent,26.2469,11.8137,69.3429,1.5664
2019-06-08,44003,Kent,26.3747,8.7258,57.4593,1.8248
2019-06-09,44003,Kent,24.2662,9.3248,53.6309,2.1311
2019-06-10,44003,Kent,24.7017,14.4422,64.0537,3.3781
2019-06-11,44003,Kent,24.5094,10.0823,72.9713,4.2386
2019-06-12,44003,Kent,24.2478,11.3087,52.2293,2.5883
2019-06-13,44003,Kent,15.1275,10.7502,95.5792,3.4708
2019-06-14,44003,Kent,22.5118,11.5372,64.9233,4.3859
2019-06-15,44003,Kent,25.9395,16.4416,54.6862,4.5018
2019-06-16,44003,Kent,22.487,16.7987,79.7896,3.029
2019-06-17,44003,Kent,25.6305,16.9117,68.5806,1.8374
2019-06-18,44003,Kent,21.3904,16.6023,82.6531,1.629
2019-06-19,44003,Kent,23.0281,15.999,79.4085,2.0238
2019-06-20,44003,Kent,20.9355,16.0578,86.0641,2.2661
2019-06-21,44003,Kent,21.1485,14.0799,81.5551,3.4835
2019-06-22,44003,Kent,26.9831,13.0026,50.7421,3.928
2019-06-23,44003,Kent,29.1691,15.2596,48.8585,3.5092
2019-06-24,44003,Kent,29.6919,15.9357,50.7122,2.0357
2019-06-25,44003,Kent,22.9552,17.7337,71.455,2.7902
2019-06-26,44003,Kent,28.7981,17.5579,68.8398,1.4997
2019-06-27,44003,Kent,30.2538,15.7876,65.6794,1.7241
2019-06-28,44003,Kent,31.7511,18.3962,55.1812,1.7123
2019-06-29,44003,Kent,29.9422,18.2863,68.5929,3.5283
2019-06-30,44003,Kent,26.23,14.7212,65.5991,3.1275
2019-07-01,44003,Kent,28.5299,17.3962,58.3656,2.7657
2019-07-02,44003,Kent,28.0769,17.1323,66.8385,2.7696
2019-07-03,44003,Kent,31.3602,17.8366,62.2347,1.3544
2019-07-04,44003,Kent,31.9026,17.3381,63.6614,2.0344
2019-07-05,44003,Kent,29.4623,20.2271,66.5081,2.374
2019-07-06,44003,Kent,31.4737,20.6035,73.5737,3.5294
2019-07-07,44003,Kent,27.2285,14.0351,75.4952,2.544
2019-07-08,44003,Kent,27.5176,14.8185,63.6223,1.2888
2019-07-09,44003,Kent,30.4112,15.9795,55.5401,2.0165
2019-07-10,44003,Kent,31.3944,18.1852,57.5146,1.9094
2019-07-11,44003,Kent,27.9342,20.1372,73.3588,3.4874
2019-07-12,44003,Kent,31.0731,19.6888,72.0967,2.0723
2019-07-13,44003,Kent,30.0987,18.0814,66.3842,2.2839
2019-07-14,44003,Kent,32.2036,16.0933,66.3939,2.8646
2019-07-15,44003,Kent,28.9443,15.4496,55.404,2.7429
2019-07-16,44003,Kent,30.4427,21.2563,57.1688,2.652
2019-07-17,44003,Kent,32.3547,20.6773,73.8677,3.3234
2019-07-18,44003,Kent,24.6299,17.5973,88.197,1.4934
2019-07-19,44003,Kent,31.2606,20.0407,71.071,3.0077
2019-07-20,44003,Kent,34.9859,23.7121,68.181,3.5154
2019-07-21,44003,Kent,35.539,21.4557,63.885,3.4373
2019-07-22,44003,Kent,29.1266,18.2322,75.3173,1.7433
2019-07-23,44003,Kent,21.4698,16.9655,90.4653,2.1407
2019-07-24,44003,Kent,27.8336,15.8197,66.3543,2.0723
2019-07-25,44003,Kent,28.4402,15.8441,62.3943,1.213
2019-07-26,44003,Kent,29.1267,16.7442,61.117,1.6373
2019-07-27,44003,Kent,27.0607,16.9208,71.0924,2.2942
2019-07-28,44003,Kent,31.6142,20.4157,63.3974,3.6858
2019-07-29,44003,Kent,32.2,20.7102,65.8425,3.4705
2019-07-30,44003,Kent,33.3696,20.935,64.0215,2.9696
2019-07-31,44003,Kent,32.2018,18.921,68.5405,2.9691
2019-08-01,44003,Kent,30.1613,14.9356,69.4058,1.7124
2019-08-02,44003,Kent,29.4453,16.0225,62.4172,1.892
2019-08-03,44003,Kent,29.6274,19.2635,65.9452,3.3629
2019-08-04,44003,Kent,30.4709,15.012,68.6537,2.0909
2019-08-05,44003,Kent,27.6382,15.3906,60.644,1.7546
2019-08-06,44003,Kent,25.8547,17.1086,81.6185,2.085
2019-08-07,44003,Kent,28.4977,18.8773,76.2774,3.5789
2019-08-08,44003,Kent,29.1581,16.3864,76.9844,4.1435
2019-08-09,44003,Kent,29.1183,13.5999,64.5666,3.3799
2019-08-10,44003,Kent,26.6042,12.0827,59.0671,3.6632
2019-08-11,44003,Kent,26.4669,13.924,52.0278,2.8323
2019-08-12,44003,Kent,28.8525,18.9181,55.1344,3.5507
2019-08-13,44003,Kent,23.6941,17.2543,97.4436,3.0618
2019-08-14,44003,Kent,27.5211,15.5854,80.7289,1.4489
2019-08-15,44003,Kent,27.7612,15.9648,65.6143,2.7541
2019-08-16,44003,Kent,27.6614,17.7812,62.6457,2.1897
2019-08-17,44003,Kent,25.9349,20.0401,77.086,1.8707
2019-08-18,44003,Kent,30.383,21.2412,72.7512,2.5814
2019-08-19,44003,Kent,32.0128,18.6078,75.13,3.1451
2019-08-20,44003,Kent,30.5117,17.5086,64.8876,1.3599
2019-08-21,44003,Kent,28.2387,20.1691,78.1444,3.7981
2019-08-22,44003,Kent,31.1796,18.5543,75.303,3.2758
2019-08-23,44003,Kent,24.5942,12.8007,76.2715,1.9252
2019-08-24,44003,Kent,24.5204,13.0942,61.0336,3.5937
2019-08-25,44003,Kent,20.9243,11.0387,77.0563,4.8525
2019-08-26,44003,Kent,23.4747,9.0348,66.4543,3.5742
2019-08-27,44003,Kent,23.4707,12.374,63.9089,1.9155
2019-08-28,44003,Kent,24.0813,16.7293,79.6949,1.8693
2019-08-29,44003,Kent,28.5407,12.6728,68.0481,2.5438
2019-08-30,44003,Kent,27.9184,14.3202,65.2771,3.7441
2019-08-31,44003,Kent,26.0166,11.9381,58.3223,2.3782
2019-09-01,44003,Kent,24.0828,12.3675,59.6905,2.7191
2019-09-02,44003,Kent,24.0437,15.2586,75.5344,3.8606
2019-09-03,44003,Kent,27.2324,14.4853,63.9678,1.6746
2019-09-04,44003,Kent,27.4885,13.0146,80.2524,4.1904
2019-09-05,44003,Kent,21.684,11.5132,68.7745,2.0701
2019-09-06,44003,Kent,18.9556,11.9544,81.0608,4.933
2019-09-07,44003,Kent,22.357,11.6732,65.483,4.9766
2019-09-08,44003,Kent,23.8139,11.4604,58.2854,2.8951
2019-09-09,44003,Kent,23.6373,12.0877,61.4269,1.8709
2019-09-10,44003,Kent,23.8813,15.1092,67.791,3.0699
2019-09-11,44003,Kent,27.9724,16.8727,70.6814,4.6
2019-09-12,44003,Kent,19.4439,8.2801,99.6322,3.5992
2019-09-13,44003,Kent,20.5951,7.0162,62.7983,3.5909
2019-09-14,44003,Kent,22.3301,12.7753,80.4658,4.1061
2019-09-15,44003,Kent,25.7604,14.3808,69.2051,3.1681
2019-09-16,44003,Kent,23.3267,8.4274,67.077,2.4409
2019-09-17,44003,Kent,21.4451,9.7912,56.3976,3.389
2019-09-18,44003,Kent,18.3041,4.3391,62.9146,4.3269
2019-09-19,44003,Kent,20.3555,5.1134,50.7928,2.1516
2019-09-20,44003,Kent,25.5778,8.3464,50.1366,2.7634
2019-09-21,44003,Kent,27.0894,11.7883,53.3988,1.9713
2019-09-22,44003,Kent,27.0494,14.772,60.0432,3.8733
2019-09-23,44003,Kent,27.939,16.1107,69.7847,5.5886
2019-09-24,44003,Kent,23.6649,9.8416,69.9329,3.7287
2019-09-25,44003,Kent,22.2918,10.41,57.6516,2.8085
2019-09-26,44003,Kent,25.0474,9.3953,73.9301,3.8278
2019-09-27,44003,Kent,21.6962,9.649,59.4516,2.4194
2019-09-28,44003,Kent,23.7575,13.5832,70.824,3.778
2019-09-29,44003,Kent,23.6321,8.9424,62.4415,3.3417
2019-09-30,44003,Kent,18.9415,10.2605,60.0324,2.4879
2019-10-01,44003,Kent,22.3889,14.8033,64.8539,4.7158
2019-10-02,44003,Kent,27.3964,9.675,66.9464,3.6588
2019-10-03,44003,Kent,13.1584,8.8353,72.9828,4.0801
2019-10-04,44003,Kent,17.0614,1.5587,70.3472,4.6797
2019-10-05,44003,Kent,15.44,1.6622,42.1763,2.7209
2019-10-06,44003,Kent,20.0322,5.8059,69.5724,4.8789
2019-10-07,44003,Kent,24.8454,12.4057,69.1964,5.2906
2019-10-08,44003,Kent,16.7371,10.7766,66.7838,4.1666
2019-10-09,44003,Kent,13.2008,9.8441,76.4062,7.1398
2019-10-10,44003,Kent,13.0488,9.7873,71.6183,9.2566
2019-10-11,44003,Kent,13.1456,10.6035,73.6424,8.706
2019-10-12,44003,Kent,14.3252,7.654,83.8404,3.5216
2019-10-13,44003,Kent,18.9392,7.208,62.5528,1.9636
2019-10-14,44003,Kent,19.2222,5.7733,75.7839,3.0873
2019-10-15,44003,Kent,16.4857,2.0638,53.5189,1.9551
2019-10-16,44003,Kent,16.6894,4.6785,77.118,5.6267
2019-10-17,44003,Kent,13.6036,8.1118,70.6576,9.3651
2019-10-18,44003,Kent,15.3779,1.638,60.6818,5.0052
2019-10-19,44003,Kent,14.6026,0.8782,57.0429,2.5704
2019-10-20,44003,Kent,15.7531,2.7656,74.1343,2.2385
2019-10-21,44003,Kent,17.6206,6.6179,68.2321,4.3277
2019-10-22,44003,Kent,15.5956,9.5718,81.9088,3.9577
2019-10-23,44003,Kent,18.8219,2.4252,69.397,3.8704
2019-10-24,44003,Kent,17.926,3.2709,54.4944,3.1934
2019-10-25,44003,Kent,17.9504,6.7108,61.856,1.8326
2019-10-26,44003,Kent,15.9016,7.4311,58.3499,2.2887
2019-10-27,44003,Kent,12.7968,8.7098,83.1028,5.6316
2019-10-28,44003,Kent,13.8218,8.8882,71.8349,3.5419
2019-10-29,44003,Kent,13.9678,9.6342,84.0301,2.5307
2019-10-30,44003,Kent,17.8375,12.334,80.0328,2.0331
2019-10-31,44003,Kent,20.9348,9.0028,89.5361,7.1929
2019-11-01,44003,Kent,13.5434,-1.6293,66.8586,6.9451
2019-11-02,44003,Kent,9.3765,-0.42,63.1931,1.879
2019-11-03,44003,Kent,11.6616,-2.0002,55.5315,3.6349
2019-11-04,44003,Kent,11.343,0.4638,53.501,2.8165
2019-11-05,44003,Kent,13.3888,0.8987,93.0257,4.1261
2019-11-06,44003,Kent,10.9485,-0.7266,51.8739,3.5193
2019-11-07,44003,Kent,13.822,-1.2487,69.0907,4.2025
2019-11-08,44003,Kent,1.7119,-7.2594,66.3778,5.8334
2019-11-09,44003,Kent,3.0694,-5.9917,49.693,2.5414
2019-11-10,44003,Kent,10.3616,-2.403,60.2803,3.7075
2019-11-11,44003,Kent,16.244,2.8732,56.9807,2.2302
2019-11-12,44003,Kent,12.4545,-8.3081,72.5857,5.9403
2019-11-13,44003,Kent,-0.9734,-9.6056,37.582,5.3604
2019-11-14,44003,Kent,4.7425,-7.5978,65.9321,2.6095
2019-11-15,44003,Kent,10.9864,-3.7312,50.8766,4.0773
2019-11-16,44003,Kent,2.7431,-4.996,44.8638,6.1739
2019-11-17,44003,Kent,3.3344,-3.3696,76.9234,5.9769
2019-11-18,44003,Kent,5.0413,1.6018,81.0422,5.8996
2019-11-19,44003,Kent,7.7116,3.4668,69.5003,2.1543
2019-11-20,44003,Kent,5.045,-0.2192,76.5468,3.7307
2019-11-21,44003,Kent,9.5838,0.3334,53.1484,3.1229
2019-11-22,44003,Kent,12.265,-2.3862,68.1114,5.9909
2019-11-23,44003,Kent,6.877,-1.1879,48.8137,3.3913
2019-11-24,44003,Kent,7.956,2.7324,73.1551,4.729
2019-11-25,44003,Kent,10.5207,0.0477,62.0459,3.703
2019-11-26,44003,Kent,14.4341,0.4214,61.4749,3.3175
2019-11-27,44003,Kent,11.6485,1.338,82.1288,3.4972
2019-11-28,44003,Kent,8.684,-1.3615,61.9986,7.5079
2019-11-29,44003,Kent,5.5528,-2.7553,48.5395,5.2574
2019-11-30,44003,Kent,3.4949,-8.0661,39.8374,4.953
2019-12-01,44003,Kent,3.111,-7.1998,68.8374,4.9747
2019-12-02,44003,Kent,3.4997,-2.4584,83.0133,8.6588
2019-12-03,44003,Kent,2.076,-3.6813,63.4449,6.1273
2019-12-04,44003,Kent,1.6738,-2.5282,67.4744,3.114
2019-12-05,44003,Kent,5.424,-4.0228,61.2539,4.7804
2019-12-06,44003,Kent,6.1471,-4.17,57.2657,4.9553
2019-12-07,44003,Kent,1.3144,-10.6823,60.0673,4.2528
2019-12-08,44003,Kent,4.6789,-9.7753,54.9437,3.048
2019-12-09,44003,Kent,14.4183,4.0288,64.2761,5.9804
2019-12-10,44003,Kent,14.5592,-1.5592,88.9235,5.6036
2019-12-11,44003,Kent,0.4057,-6.8139,71.1561,4.3441
2019-12-12,44003,Kent,-0.3662,-6.8943,57.4831,3.0068
2019-12-13,44003,Kent,12.1027,-4.8352,55.5479,3.6679
2019-12-14,44003,Kent,15.8977,4.9872,50.9027,5.6615
2019-12-15,44003,Kent,8.5357,-1.8383,51.4049,7.7775
2019-12-16,44003,Kent,0.4088,-2.787,42.8677,3.2199
2019-12-17,44003,Kent,0.844,-2.6303,75.1011,3.9263
2019-12-18,44003,Kent,1.7106,-11.4498,74.3823,5.4275
2019-12-19,44003,Kent,-6.1693,-11.3385,50.3109,7.1899
2019-12-20,44003,Kent,-1.2952,-9.7692,52.0981,4.5916
2019-12-21,44003,Kent,1.0252,-8.9986,69.339,1.8857
2019-12-22,44003,Kent,5.9028,-3.8202,62.4013,4.1167
2019-12-23,44003,Kent,11.8941,-2.4777,49.7076,4.2342
2019-12-24,44003,Kent,7.2346,-4.6974,50.7552,3.7537
2019-12-25,44003,Kent,5.1756,-4.5183,59.8585,1.6914
2019-12-26,44003,Kent,5.6247,0.3285,57.6925,3.1547
2019-12-27,44003,Kent,9.9196,2.2798,66.9507,3.7491
2019-12-28,44003,Kent,8.5901,-1.3648,59.396,3.3831
2019-12-29,44003,Kent,6.0998,-1.0375,52.3135,2.2854
2019-12-30,44003,Kent,3.951,1.3778,72.2317,7.0435
2019-12-31,44003,Kent,3.1997,-6.1494,87.6818,3.7981
2020-01-01,44003,Kent,5.1919,-1.2699,50.0792,5.4523
2020-01-02,44003,Kent,8.5858,-0.7166,48.9095,4.8183
2020-01-03,44003,Kent,9.5892,5.4488,57.8898,3.1547
2020-01-04,44003,Kent,7.5086,1.7991,79.0579,1.3663
2020-01-05,44003,Kent,3.7376,-3.4798,52.8071,5.8657
2020-01-06,44003,Kent,2.9519,-2.9879,57.4569,3.4526
2020-01-07,44003,Kent,5.2571,-3.0353,53.4026,2.8759
2020-01-08,44003,Kent,4.3042,-7.4887,59.0172,5.9638
2020-01-09,44003,Kent,0.1021,-7.4049,34.4805,4.1795
2020-01-10,44003,Kent,11.6306,-1.1283,55.6664,5.4497
2020-01-11,44003,Kent,17.4556,11.1211,51.2778,6.4236
2020-01-12,44003,Kent,20.3487,1.6385,50.7023,6.5956
2020-01-13,44003,Kent,5.5021,0.8681,68.312,2.59
2020-01-14,44003,Kent,5.1021,0.8488,67.5618,2.3731
2020-01-15,44003,Kent,8.7823,-1.6668,60.6006,2.3926
2020-01-16,44003,Kent,7.9258,-7.5942,60.5303,6.6061
2020-01-17,44003,Kent,-4.624,-10.5062,31.0921,7.381
2020-01-18,44003,Kent,1.5441,-10.03,48.6569,3.6363
2020-01-19,44003,Kent,5.8443,-8.767,65.9679,4.9654
2020-01-20,44003,Kent,-2.2372,-11.9829,49.5697,5.3023
2020-01-21,44003,Kent,-2.4093,-12.5705,48.1498,3.0748
2020-01-22,44003,Kent,1.7724,-11.6622,55.0558,1.9445
2020-01-23,44003,Kent,7.205,-9.021,54.2584,2.5439
2020-01-24,44003,Kent,9.2314,-2.7991,48.7309,2.1315
2020-01-25,44003,Kent,10.0346,3.012,54.6813,4.9806
2020-01-26,44003,Kent,8.6244,-0.4205,55.2426,4.3802
2020-01-27,44003,Kent,6.6659,0.7759,51.549,4.4075
2020-01-28,44003,Kent,4.9244,-0.8673,50.1705,3.4839
2020-01-29,44003,Kent,4.3975,-6.9445,45.2695,4.0169
2020-01-30,44003,Kent,1.7481,-6.7609,39.0908,2.0337
2020-01-31,44003,Kent,6.2334,-5.2203,51.9309,1.648
2020-02-01,44003,Kent,4.3312,-0.5711,66.3116,1.7816
2020-02-02,44003,Kent,5.6255,-2.3508,60.43,2.5361
2020-02-03,44003,Kent,8.3924,-2.1508,56.7673,3.249
2020-02-04,44003,Kent,9.9345,0.882,62.6744,2.302
2020-02-05,44003,Kent,6.0522,0.3481,52.7173,2.7938
2020-02-06,44003,Kent,4.3766,1.332,77.0083,2.9213
2020-02-07,44003,Kent,13.0499,-4.1219,62.2425,6.6666
2020-02-08,44003,Kent,3.0741,-6.8395,39.8236,5.4229
2020-02-09,44003,Kent,5.6211,-5.9864,52.1254,2.6248
2020-02-10,44003,Kent,8.0613,4.3247,63.5176,5.0083
2020-02-11,44003,Kent,6.5809,1.4004,77.841,1.974
2020-02-12,44003,Kent,6.8087,1.0046,46.3696,4.2631
2020-02-13,44003,Kent,4.4992,-2.0498,91.6025,3.2547
2020-02-14,44003,Kent,-0.2931,-13.2184,49.5902,4.951
2020-02-15,44003,Kent,-0.5807,-12.3745,39.2697,3.8783
2020-02-16,44003,Kent,5.8604,-4.0187,57.4865,4.6071
2020-02-17,44003,Kent,8.1742,-3.5584,45.3455,2.4683
2020-02-18,44003,Kent,5.2114,-0.6466,71.9183,5.0619
2020-02-19,44003,Kent,7.4061,-5.8439,50.0341,5.0179
2020-02-20,44003,Kent,1.1437,-9.6506,31.4667,3.716
2020-02-21,44003,Kent,0.147,-9.0388,32.3595,4.008
2020-02-22,44003,Kent,8.0548,-5.2271,38.0146,4.1991
2020-02-23,44003,Kent,11.8007,-3.2726,40.6793,3.2084
2020-02-24,44003,Kent,15.4884,-0.1357,44.9697,3.2576
2020-02-25,44003,Kent,13.1509,5.1413,57.6459,1.7126
2020-02-26,44003,Kent,11.0011,5.5485,58.7357,3.5564
2020-02-27,44003,Kent,10.4725,-2.9086,53.7278,8.1434
2020-02-28,44003,Kent,3.7713,-5.5654,33.4004,6.9618
2020-02-29,44003,Kent,3.0816,-7.7673,36.0025,4.709
2020-03-01,44003,Kent,2.486,-6.8666,33.5358,4.483
2020-03-02,44003,Kent,12.7206,-2.5276,51.4029,4.9649
2020-03-03,44003,Kent,16.8485,5.6365,58.7936,4.4409
2020-03-04,44003,Kent,12.2772,2.0207,48.772,6.3835
2020-03-05,44003,Kent,11.9153,-1.8869,41.1095,3.3257
2020-03-06,44003,Kent,10.2564,-1.2855,52.5378,5.74
2020-03-07,44003,Kent,8.2298,-2.3528,31.0162,6.9967
2020-03-08,44003,Kent,13.4846,0.4821,31.5686,4.1768
2020-03-09,44003,Kent,21.599,5.3397,34.2705,4.6154
2020-03-10,44003,Kent,19.5772,5.5122,49.4772,5.1683
2020-03-11,44003,Kent,14.8228,-0.1228,46.9456,2.8658
2020-03-12,44003,Kent,10.53,1.9483,56.5737,3.2916
2020-03-13,44003,Kent,16.7519,1.4806,64.3174,6.2509
2020-03-14,44003,Kent,12.165,2.048,39.9989,4.9834
2020-03-15,44003,Kent,11.2434,-3.577,35.741,3.6228
2020-03-16,44003,Kent,6.215,-2.5562,43.8619,3.7166
2020-03-17,44003,Kent,9.4475,-0.7018,70.7291,3.6946
2020-03-18,44003,Kent,12.8999,0.984,41.7932,2.5954
2020-03-19,44003,Kent,9.4699,4.4061,76.2398,2.9224
2020-03-20,44003,Kent,18.7036,5.4108,68.3349,5.129
2020-03-21,44003,Kent,11.067,-3.4288,46.0298,4.6479
2020-03-22,44003,Kent,6.0079,-2.8442,35.9108,3.8302
2020-03-23,44003,Kent,5.8101,-0.1043,67.5867,5.7446
2020-03-24,44003,Kent,11.0593,0.293,58.2911,3.4045
2020-03-25,44003,Kent,7.1917,0.2031,65.9397,4.7505
2020-03-26,44003,Kent,14.5785,0.6019,45.7509,3.448
2020-03-27,44003,Kent,18.6525,-0.9668,39.6911,3.3702
2020-03-28,44003,Kent,12.4542,4.2399,50.8231,2.8191
2020-03-29,44003,Kent,8.1772,3.1127,82.7105,5.1735
2020-03-30,44003,Kent,7.6878,0.4796,81.3293,3.6181
2020-03-31,44003,Kent,9.434,-1.2484,54.3533,3.7187
2020-04-01,44003,Kent,8.6446,0.9081,54.7376,4.3368
2020-04-02,44003,Kent,12.7371,3.8575,48.1094,6.7125
2020-04-03,44003,Kent,8.8867,4.0045,69.6977,7.7984
2020-04-04,44003,Kent,12.1105,3.2419,59.239,3.8919
2020-04-05,44003,Kent,12.5197,3.3648,65.4559,2.9718
2020-04-06,44003,Kent,17.6179,4.6746,41.5234,2.6916
2020-04-07,44003,Kent,18.9994,6.2014,34.9643,3.2202
2020-04-08,44003,Kent,12.6172,3.8012,63.1045,2.0653
2020-04-09,44003,Kent,10.9103,2.726,68.275,5.9746
2020-04-10,44003,Kent,10.542,0.2739,47.3195,7.0793
2020-04-11,44003,Kent,11.801,-1.6042,40.86,5.5136
2020-04-12,44003,Kent,15.9875,6.3626,44.0805,4.4018
2020-04-13,44003,Kent,16.0566,6.1008,72.4807,8.3066
2020-04-14,44003,Kent,15.7077,2.1175,48.7739,3.3186
2020-04-15,44003,Kent,12.7202,-0.749,45.4873,3.2366
2020-04-16,44003,Kent,9.6043,-0.7683,43.1966,4.3537
2020-04-17,44003,Kent,10.092,-0.0103,43.668,4.3891
2020-04-18,44003,Kent,5.4115,-0.998,79.2613,4.279
2020-04-19,44003,Kent,15.952,3.2732,46.5125,5.5349
2020-04-20,44003,Kent,12.881,-1.5585,58.8748,2.5391
2020-04-21,44003,Kent,10.9053,-0.362,70.1512,5.8467
2020-04-22,44003,Kent,9.2746,-1.5479,37.0143,6.7567
2020-04-23,44003,Kent,12.2382,1.9053,40.7788,3.7229
2020-04-24,44003,Kent,8.5005,-0.3232,79.7722,4.3906
2020-04-25,44003,Kent,18.5811,2.9455,37.5386,1.6974
2020-04-26,44003,Kent,12.5915,3.6533,59.2776,5.4664
2020-04-27,44003,Kent,7.0046,1.5265,75.7088,5.4128
2020-04-28,44003,Kent,15.292,0.6454,47.1015,3.1587
2020-04-29,44003,Kent,17.5641,5.8506,42.0616,3.3423
2020-04-30,44003,Kent,13.1638,6.0169,74.3663,7.0212
2020-05-01,44003,Kent,19.5234,7.799,71.338,4.1536
2020-05-02,44003,Kent,22.5286,9.7572,41.5037,4.052
2020-05-03,44003,Kent,24.4333,12.2962,49.4929,3.7706
2020-05-04,44003,Kent,23.1674,5.5164,44.5777,4.074
2020-05-05,44003,Kent,16.9176,2.3779,43.2837,3.4976
2020-05-06,44003,Kent,14.7815,3.5706,54.2925,2.4778
2020-05-07,44003,Kent,18.6501,6.235,43.7449,3.2574
2020-05-08,44003,Kent,14.6994,1.3756,57.3385,2.5833
2020-05-09,44003,Kent,8.8567,0.1151,48.7372,7.7743
2020-05-10,44003,Kent,17.0881,3.1586,41.5153,6.7454
2020-05-11,44003,Kent,16.5276,3.7581,64.1699,4.6809
2020-05-12,44003,Kent,14.7262,1.5271,46.5292,5.1534
2020-05-13,44003,Kent,16.3335,2.5322,36.8903,4.5572
2020-05-14,44003,Kent,21.6435,8.9388,35.4733,3.5535
2020-05-15,44003,Kent,25.9732,11.3431,56.713,3.8336
2020-05-16,44003,Kent,23.8613,9.1129,57.273,2.8463
2020-05-17,44003,Kent,19.0057,9.5972,54.0184,2.2666
2020-05-18,44003,Kent,19.5932,7.7328,59.2808,2.7859
2020-05-19,44003,Kent,18.455,5.3089,49.8765,5.7664
2020-05-20,44003,Kent,19.6545,2.5767,43.5934,2.8266
2020-05-21,44003,Kent,22.6586,7.9752,43.5319,3.0378
2020-05-22,44003,Kent,26.691,14.8654,51.7819,4.2464
2020-05-23,44003,Kent,20.8218,6.9995,74.0627,3.795
2020-05-24,44003,Kent,20.1064,9.0501,53.9799,4.1693
2020-05-25,44003,Kent,21.5172,10.7026,67.5477,2.2127
2020-05-26,44003,Kent,26.6539,14.5003,59.3313,2.3356
2020-05-27,44003,Kent,26.9955,15.6769,57.3163,3.3698
2020-05-28,44003,Kent,25.1839,17.7126,64.9458,3.8116
2020-05-29,44003,Kent,24.2169,17.4766,69.5841,5.3445
2020-05-30,44003,Kent,27.0762,13.4246,56.8186,3.7655
2020-05-31,44003,Kent,20.8851,4.377,52.0065,3.9381
2020-06-01,44003,Kent,18.6215,5.969,50.355,2.7689
2020-06-02,44003,Kent,22.316,10.9931,52.2603,2.5153
2020-06-03,44003,Kent,26.9543,15.3835,62.9276,2.701
2020-06-04,44003,Kent,30.3442,17.272,53.9456,3.1652
2020-06-05,44003,Kent,26.1642,17.953,72.135,3.8733
2020-06-06,44003,Kent,28.6798,13.1806,73.2927,3.7601
2020-06-07,44003,Kent,21.7517,9.3548,64.248,3.2625
2020-06-08,44003,Kent,26.2445,12.2959,45.1738,2.7114
2020-06-09,44003,Kent,28.3309,15.4535,51.7329,2.21
2020-06-10,44003,Kent,27.0754,17.5034,61.7427,3.5121
2020-06-11,44003,Kent,22.3492,17.8889,77.349,5.1677
2020-06-12,44003,Kent,27.5398,14.5099,66.0084,3.0032
2020-06-13,44003,Kent,24.2549,10.1386,54.0808,2.5827
2020-06-14,44003,Kent,23.0921,11.1137,54.1385,3.7104
2020-06-15,44003,Kent,22.6164,8.9713,64.8182,3.2632
2020-06-16,44003,Kent,25.5516,10.116,54.6402,2.3836
2020-06-17,44003,Kent,26.9252,15.3005,54.0693,1.7895
2020-06-18,44003,Kent,28.4674,17.518,62.5845,2.5948
2020-06-19,44003,Kent,29.3761,17.4741,63.9243,3.6213
2020-06-20,44003,Kent,31.6624,17.9196,57.8979,3.3867
2020-06-21,44003,Kent,31.4772,17.6538,60.5111,2.8647
2020-06-22,44003,Kent,29.5881,18.1101,66.9774,2.041
2020-06-23,44003,Kent,28.8364,18.8447,68.1977,3.2656
2020-06-24,44003,Kent,29.74,15.2041,71.1229,3.624
2020-06-25,44003,Kent,30.3379,16.9606,50.5502,2.9576
2020-06-26,44003,Kent,28.3425,14.9963,61.8896,2.8034
2020-06-27,44003,Kent,28.4627,16.3684,65.2776,3.0321
2020-06-28,44003,Kent,28.7392,18.1691,67.4615,2.6983
2020-06-29,44003,Kent,26.3502,17.2684,68.1407,1.6845
2020-06-30,44003,Kent,23.8459,14.9384,77.2212,1.6859
2020-07-01,44003,Kent,25.6191,15.3773,74.5643,0.8147
2020-07-02,44003,Kent,29.7894,19.7725,65.3927,1.9695
2020-07-03,44003,Kent,26.6566,17.1991,78.9601,2.8511
2020-07-04,44003,Kent,27.4154,17.7228,70.2539,2.2285
2020-07-05,44003,Kent,28.9309,18.9728,68.5363,2.7608
2020-07-06,44003,Kent,27.6148,16.7708,69.3174,2.1671
2020-07-07,44003,Kent,23.9976,17.7624,68.6606,3.2442
2020-07-08,44003,Kent,29.4532,20.9425,70.7475,3.5194
2020-07-09,44003,Kent,31.5969,20.4965,68.2813,2.9224
2020-07-10,44003,Kent,28.72,21.7809,71.6453,4.1161
2020-07-11,44003,Kent,29.6684,21.259,77.3747,4.9103
2020-07-12,44003,Kent,31.0696,20.6692,65.4259,4.7883
2020-07-13,44003,Kent,30.6603,18.4332,67.3724,2.9201
2020-07-14,44003,Kent,29.3292,16.8983,67.9933,1.7591
2020-07-15,44003,Kent,25.2029,13.6735,73.6805,2.8365
2020-07-16,44003,Kent,25.7537,15.1368,58.7808,2.6132
2020-07-17,44003,Kent,23.1963,16.9042,80.5812,2.9793
2020-07-18,44003,Kent,32.2946,19.6706,59.4287,2.6578
2020-07-19,44003,Kent,33.588,22.0409,58.2721,4.2566
2020-07-20,44003,Kent,34.0008,20.0564,67.5721,3.9469
2020-07-21,44003,Kent,32.9803,20.0382,50.4899,2.1994
2020-07-22,44003,Kent,30.8154,21.3142,63.6911,2.2711
2020-07-23,44003,Kent,32.0447,21.3509,68.3702,3.6593
2020-07-24,44003,Kent,29.0697,18.4004,71.6908,1.8991
2020-07-25,44003,Kent,32.5625,21.2781,54.569,3.003
2020-07-26,44003,Kent,34.2012,21.588,54.3874,4.6083
2020-07-27,44003,Kent,35.351,23.6445,48.4213,4.3958
2020-07-28,44003,Kent,35.954,19.4408,58.199,3.9309
2020-07-29,44003,Kent,31.993,20.4563,52.7318,2.6505
2020-07-30,44003,Kent,32.8154,20.0105,57.8732,3.8696
2020-07-31,44003,Kent,29.2258,17.3175,62.8761,1.1782
2020-08-01,44003,Kent,31.6192,19.1666,52.3029,2.0472
2020-08-02,44003,Kent,29.2361,22.5732,66.6538,4.1009
2020-08-03,44003,Kent,33.3058,22.1758,55.6416,4.7056
2020-08-04,44003,Kent,28.5039,20.0678,75.4767,5.8629
2020-08-05,44003,Kent,31.5448,16.481,60.8682,3.8877
2020-08-06,44003,Kent,28.187,16.9706,50.2371,1.8117
2020-08-07,44003,Kent,27.5123,17.836,54.0134,2.3089
2020-08-08,44003,Kent,29.2899,18.2038,59.4293,1.6676
2020-08-09,44003,Kent,30.8152,19.8616,58.9472,3.5063
2020-08-10,44003,Kent,33.2638,21.1319,58.8161,3.8428
2020-08-11,44003,Kent,32.6712,22.3734,60.7148,4.2608
2020-08-12,44003,Kent,32.4359,21.0251,65.0693,3.5785
2020-08-13,44003,Kent,29.7055,17.6463,68.0898,1.4379
2020-08-14,44003,Kent,30.8537,17.5497,49.9369,3.2095
2020-08-15,44003,Kent,22.776,18.0135,70.2126,4.4907
2020-08-16,44003,Kent,21.3189,16.1709,87.1425,4.3628
2020-08-17,44003,Kent,25.8728,17.1126,64.7198,3.2029
2020-08-18,44003,Kent,28.4298,13.9584,62.7471,3.7674
2020-08-19,44003,Kent,25.0507,12.8843,64.4111,2.4755
2020-08-20,44003,Kent,26.471,14.0557,48.3885,2.3668
2020-08-21,44003,Kent,29.6715,17.4491,55.1408,3.8541
2020-08-22,44003,Kent,30.7383,17.2475,63.9502,3.2622
2020-08-23,44003,Kent,31.1337,18.9376,62.5852,2.7063
2020-08-24,44003,Kent,29.5898,20.5694,68.7525,2.848
2020-08-25,44003,Kent,32.1072,15.0626,57.1809,4.2228
2020-08-26,44003,Kent,24.972,13.7807,44.7509,3.7863
2020-08-27,44003,Kent,23.4687,14.9311,71.7689,2.3532
2020-08-28,44003,Kent,27.7537,17.4842,59.5398,2.521
2020-08-29,44003,Kent,25.2094,15.9442,93.4448,4.2186
2020-08-30,44003,Kent,26.019,9.198,61.1746,4.2036
2020-08-31,44003,Kent,23.7082,10.7441,53.8624,1.9569
2020-09-01,44003,Kent,24.9777,13.8733,69.766,3.6831
2020-09-02,44003,Kent,22.6445,17.0707,89.1213,3.1592
2020-09-03,44003,Kent,28.5551,18.6806,72.2747,2.133
2020-09-04,44003,Kent,29.2508,11.6314,61.5755,2.8663
2020-09-05,44003,Kent,25.7489,12.5035,45.1462,2.9276
2020-09-06,44003,Kent,26.9586,13.4263,52.567,2.9598
2020-09-07,44003,Kent,25.3815,14.9947,62.4075,3.092
2020-09-08,44003,Kent,28.5239,16.5554,52.4426,1.8348
2020-09-09,44003,Kent,26.7266,17.6123,63.1255,1.6639
2020-09-10,44003,Kent,26.2501,19.2756,79.2472,2.4252
2020-09-11,44003,Kent,20.683,8.5069,88.9864,3.6199
2020-09-12,44003,Kent,22.0437,8.7858,55.7036,3.5728
2020-09-13,44003,Kent,23.0071,12.9319,74.2602,3.8362
2020-09-14,44003,Kent,24.7223,6.4824,63.3796,4.0753
2020-09-15,44003,Kent,19.4349,6.3028,46.1623,2.4148
2020-09-16,44003,Kent,21.8624,9.9608,62.9702,4.5196
2020-09-17,44003,Kent,24.134,13.2965,67.301,3.4385
2020-09-18,44003,Kent,18.9886,6.1071,75.943,4.7571
2020-09-19,44003,Kent,17.323,3.8577,38.0928,4.207
2020-09-20,44003,Kent,16.1613,2.0607,42.9894,4.7748
2020-09-21,44003,Kent,17.7783,2.8033,42.9772,4.5979
2020-09-22,44003,Kent,18.6933,5.9753,39.5076,4.447
2020-09-23,44003,Kent,25.4747,10.19,46.2802,3.7622
2020-09-24,44003,Kent,25.1938,10.3413,50.5352,3.192
2020-09-25,44003,Kent,27.0362,12.726,51.5485,2.4915
2020-09-26,44003,Kent,24.0079,15.3978,60.9721,2.6235
2020-09-27,44003,Kent,24.3062,18.1823,69.6475,2.9904
2020-09-28,44003,Kent,23.6351,16.643,79.3156,3.7227
2020-09-29,44003,Kent,23.7879,17.7448,75.0281,3.6603
2020-09-30,44003,Kent,22.1507,10.8865,70.0681,6.7089
2020-10-01,44003,Kent,23.5748,10.9261,62.1759,3.6636
2020-10-02,44003,Kent,17.9014,4.2183,74.6812,2.0835
2020-10-03,44003,Kent,19.6874,3.5027,52.4535,1.9378
2020-10-04,44003,Kent,19.4793,7.6474,55.0164,2.742
2020-10-05,44003,Kent,18.4678,6.3285,69.809,2.6477
2020-10-06,44003,Kent,19.2862,8.7381,64.4633,3.3131
2020-10-07,44003,Kent,22.4573,9.2797,59.5995,6.5282
2020-10-08,44003,Kent,16.8594,2.4955,45.3535,5.5702
2020-10-09,44003,Kent,16.9323,6.7713,47.5915,4.1803
2020-10-10,44003,Kent,22.7721,13.1524,61.879,7.1572
2020-10-11,44003,Kent,18.3615,8.386,57.7823,4.0984
2020-10-12,44003,Kent,12.6701,8.9889,69.7516,5.9418
2020-10-13,44003,Kent,15.9045,8.3143,73.1777,4.3866
2020-10-14,44003,Kent,19.7544,5.6687,56.8692,3.3995
2020-10-15,44003,Kent,21.2361,8.5593,66.5418,4.3592
2020-10-16,44003,Kent,20.0786,5.6362,87.9214,2.7269
2020-10-17,44003,Kent,14.4255,-0.0812,59.9169,4.0261
2020-10-18,44003,Kent,15.9679,1.9449,58.4417,2.9843
2020-10-19,44003,Kent,17.0685,4.8408,77.7222,2.3708
2020-10-20,44003,Kent,18.4347,9.194,83.3251,1.5465
2020-10-21,44003,Kent,21.6819,15.1276,70.2473,2.718
2020-10-22,44003,Kent,23.9423,13.4214,64.5885,1.5682
2020-10-23,44003,Kent,18.8289,11.1278,73.5872,2.2503
2020-10-24,44003,Kent,18.5293,4.31,81.7909,2.8281
2020-10-25,44003,Kent,11.5057,5.828,57.6181,4.0909
2020-10-26,44003,Kent,13.1295,8.5671,80.4016,3.1823
2020-10-27,44003,Kent,14.3057,6.4049,70.5806,2.0725
2020-10-28,44003,Kent,10.6211,6.3465,84.0318,2.2081
2020-10-29,44003,Kent,8.479,1.6915,97.2034,3.6859
2020-10-30,44003,Kent,1.3716,-5.546,99.8898,6.4989
2020-10-31,44003,Kent,5.0027,-3.9074,56.7132,2.3867
2020-11-01,44003,Kent,9.4972,0.3599,87.3601,4.675
2020-11-02,44003,Kent,5.2675,-0.5611,53.862,7.8575
2020-11-03,44003,Kent,6.5249,-2.0535,55.7637,5.7182
2020-11-04,44003,Kent,12.9413,-0.0469,60.4653,3.3827
2020-11-05,44003,Kent,18.9587,10.2397,58.7944,4.5819
2020-11-06,44003,Kent,20.0022,7.1624,63.2864,4.3061
2020-11-07,44003,Kent,23.0183,5.1064,50.7231,3.3268
2020-11-08,44003,Kent,22.5732,3.551,49.6331,1.3898
2020-11-09,44003,Kent,23.4807,4.6229,47.4402,2.302
2020-11-10,44003,Kent,21.6935,8.6698,58.7266,3.9748
2020-11-11,44003,Kent,21.5362,16.4072,63.2335,5.0565
2020-11-12,44003,Kent,17.5922,6.1664,77.8619,3.7593
2020-11-13,44003,Kent,9.5236,1.021,82.709,3.3167
2020-11-14,44003,Kent,9.247,-3.6574,60.7847,4.1838
2020-11-15,44003,Kent,15.3502,-1.9222,60.2774,5.1984
2020-11-16,44003,Kent,10.9566,-1.1366,61.3346,6.0838
2020-11-17,44003,Kent,8.3846,-2.5677,53.6799,4.3221
2020-11-18,44003,Kent,0.3147,-7.8126,51.1076,4.7954
2020-11-19,44003,Kent,7.8528,-6.2901,58.8463,5.4968
2020-11-20,44003,Kent,15.6268,4.6789,57.4498,6.6813
2020-11-21,44003,Kent,16.4404,1.1548,53.2883,3.1451
2020-11-22,44003,Kent,14.357,1.9401,54.73,5.2144
2020-11-23,44003,Kent,15.0213,-0.9455,72.585,6.0587
2020-11-24,44003,Kent,6.2417,-2.8048,50.8713,3.9957
2020-11-25,44003,Kent,12.2384,0.3323,69.4954,3.3856
2020-11-26,44003,Kent,15.3242,5.1671,79.4018,3.6589
2020-11-27,44003,Kent,13.5338,6.0599,65.9585,1.7802
2020-11-28,44003,Kent,11.6229,-1.1741,63.9876,3.3062
2020-11-29,44003,Kent,11.1662,-0.3062,55.423,3.372
2020-11-30,44003,Kent,17.5462,2.7131,70.8746,6.9464
2020-12-01,44003,Kent,15.6989,0.0059,73.8006,6.7795
2020-12-02,44003,Kent,5.7496,-1.76,61.082,5.7002
2020-12-03,44003,Kent,9.1084,-0.5501,56.0835,5.1461
2020-12-04,44003,Kent,13.5533,5.4146,56.1915,5.3695
2020-12-05,44003,Kent,6.8412,-0.2263,85.5379,5.9274
2020-12-06,44003,Kent,2.3202,-4.2566,57.0676,6.4823
2020-12-07,44003,Kent,2.4019,-4.197,52.2815,3.4304
2020-12-08,44003,Kent,-0.6602,-6.6969,63.4463,4.6598
2020-12-09,44003,Kent,2.6506,-5.6613,65.2884,3.9557
2020-12-10,44003,Kent,7.3947,-3.9152,57.6172,3.9272
2020-12-11,44003,Kent,10.0922,-3.2254,66.2556,3.4549
2020-12-12,44003,Kent,9.5005,2.6901,77.6452,2.4079
2020-12-13,44003,Kent,15.4741,-0.4007,70.2676,3.2366
2020-12-14,44003,Kent,2.4078,-2.2272,76.7937,2.6855
2020-12-15,44003,Kent,1.7572,-7.4025,40.7254,5.501
2020-12-16,44003,Kent,-0.0806,-7.2874,42.93,5.8691
2020-12-17,44003,Kent,-1.3542,-6.174,83.5403,7.8573
2020-12-18,44003,Kent,-0.7307,-12.9639,68.8794,4.5377
2020-12-19,44003,Kent,-0.0373,-12.4777,73.0136,2.061
2020-12-20,44003,Kent,1.4451,-5.1115,83.7825,1.6073
2020-12-21,44003,Kent,2.9554,-2.5092,76.6472,2.0509
2020-12-22,44003,Kent,6.3596,-2.4584,59.9243,4.6297
2020-12-23,44003,Kent,5.1121,-3.676,54.1641,3.428
2020-12-24,44003,Kent,14.8507,1.0305,52.7073,5.6229
2020-12-25,44003,Kent,15.4574,-2.5783,60.2783,7.7929
2020-12-26,44003,Kent,-0.1742,-5.8639,57.5528,6.2663
2020-12-27,44003,Kent,2.7868,-5.6337,48.6453,2.6957
2020-12-28,44003,Kent,9.6433,-1.7534,67.591,4.1997
2020-12-29,44003,Kent,2.1564,-6.796,51.889,5.6024
2020-12-30,44003,Kent,8.4302,-5.6526,44.4244,5.1604
2020-12-31,44003,Kent,8.209,-4.528,95.2394,5.2131
2021-01-01,44003,Kent,5.8294,-3.7409,53.1022,2.8409
2021-01-02,44003,Kent,9.0946,-1.9888,64.2131,4.3989
2021-01-03,44003,Kent,2.4677,-0.3342,64.1464,4.2711
2021-01-04,44003,Kent,4.6686,-1.35,62.3965,4.5019
2021-01-05,44003,Kent,2.9506,-0.4418,61.5772,3.9412
2021-01-06,44003,Kent,5.8328,-0.3475,45.921,5.0012
2021-01-07,44003,Kent,4.9324,-4.3807,43.992,4.501
2021-01-08,44003,Kent,6.4407,-4.4778,37.4238,3.6167
2021-01-09,44003,Kent,2.4893,-3.8883,42.9025,4.8324
2021-01-10,44003,Kent,5.9683,-7.281,39.3309,3.227
2021-01-11,44003,Kent,2.8131,-6.2426,55.2834,2.4885
2021-01-12,44003,Kent,5.2954,-4.052,48.8681,2.7324
2021-01-13,44003,Kent,5.2069,-2.7161,47.9703,2.3715
2021-01-14,44003,Kent,7.1003,0.4316,57.892,1.742
2021-01-15,44003,Kent,7.2933,2.2064,54.3262,4.2713
2021-01-16,44003,Kent,11.5623,0.5837,67.2403,6.513
2021-01-17,44003,Kent,6.3392,1.0696,49.353,7.4876
2021-01-18,44003,Kent,7.0787,-2.9457,51.3395,5.3532
2021-01-19,44003,Kent,4.8999,-2.8316,47.2307,4.5759
2021-01-20,44003,Kent,3.3762,-7.5755,49.5791,3.9921
2021-01-21,44003,Kent,2.0339,-7.4257,50.1285,4.1623
2021-01-22,44003,Kent,6.8098,-3.0356,49.0079,3.7994
2021-01-23,44003,Kent,-1.0843,-8.7303,39.8126,6.9899
2021-01-24,44003,Kent,-0.976,-8.7633,30.4432,7.0562
2021-01-25,44003,Kent,2.8334,-7.7535,32.1468,3.7936
2021-01-26,44003,Kent,1.2163,-3.4915,51.8523,3.5974
2021-01-27,44003,Kent,2.3201,-2.4267,66.9773,2.7786
2021-01-28,44003,Kent,0.1684,-12.7237,72.2821,5.3808
2021-01-29,44003,Kent,-7.4789,-13.7088,39.1435,8.2401
2021-01-30,44003,Kent,-4.6111,-15.6788,41.8653,5.2203
2021-01-31,44003,Kent,-2.1991,-15.3836,58.2406,2.7701
2021-02-01,44003,Kent,1.9991,-3.4191,69.6879,9.1822
2021-02-02,44003,Kent,2.097,-2.4152,72.5894,6.0367
2021-02-03,44003,Kent,1.9087,-2.4461,60.1962,3.8796
2021-02-04,44003,Kent,4.174,-5.4891,59.3778,3.6073
2021-02-05,44003,Kent,6.2373,-3.4866,62.6187,3.4052
2021-02-06,44003,Kent,6.1755,-3.9368,48.9341,5.0847
2021-02-07,44003,Kent,0.9185,-10.1764,87.211,4.0327
2021-02-08,44003,Kent,-2.0209,-12.5244,58.7667,3.8683
2021-02-09,44003,Kent,-1.2571,-10.5818,86.6622,2.5621
2021-02-10,44003,Kent,-0.1513,-9.8059,64.1979,3.0936
2021-02-11,44003,Kent,0.7787,-12.2519,56.6069,3.23
2021-02-12,44003,Kent,-0.4818,-11.6838,48.0687,3.3307
2021-02-13,44003,Kent,-1.4581,-7.2726,56.3553,3.9655
2021-02-14,44003,Kent,3.3702,-2.5924,60.7571,2.6617
2021-02-15,44003,Kent,3.5114,-1.6161,62.5727,3.8406
2021-02-16,44003,Kent,10.7272,-5.9456,60.5384,5.0329
2021-02-17,44003,Kent,0.4904,-6.5733,49.9147,3.9924
2021-02-18,44003,Kent,-1.6044,-5.192,59.0056,3.3323
2021-02-19,44003,Kent,-0.3387,-4.1453,74.8045,4.7128
2021-02-20,44003,Kent,1.1741,-8.8009,66.4316,4.0946
2021-02-21,44003,Kent,1.7985,-10.9017,52.0134,3.8912
2021-02-22,44003,Kent,5.8099,-4.6687,62.1627,4.9246
2021-02-23,44003,Kent,6.8791,-1.3744,57.282,4.4975
2021-02-24,44003,Kent,10.576,1.0486,46.5017,4.6581
2021-02-25,44003,Kent,7.3072,-3.8871,49.062,5.594
2021-02-26,44003,Kent,6.7314,-3.4079,38.8645,2.3782
2021-02-27,44003,Kent,9.6245,-1.2842,59.1988,4.1695
2021-02-28,44003,Kent,7.5559,-0.4532,62.1783,2.6764
2021-03-01,44003,Kent,8.7366,-10.3437,76.2215,5.3977
2021-03-02,44003,Kent,-1.6556,-10.1199,34.8333,8.4728
2021-03-03,44003,Kent,8.4341,-3.4112,40.0548,3.9107
2021-03-04,44003,Kent,5.4208,-6.0245,48.6145,5.2053
2021-03-05,44003,Kent,1.3113,-6.33,31.8806,6.1918
2021-03-06,44003,Kent,1.5487,-8.6501,35.2503,4.8781
2021-03-07,44003,Kent,2.7933,-6.5562,33.7685,3.5434
2021-03-08,44003,Kent,5.2204,-5.1921,34.9802,2.9471
2021-03-09,44003,Kent,16.1034,-3.7317,37.4116,4.0229
2021-03-10,44003,Kent,10.2674,-2.03,52.676,2.5764
2021-03-11,44003,Kent,20.2093,4.8954,45.6231,4.7719
2021-03-12,44003,Kent,17.9369,-0.9188,42.8881,5.2593
2021-03-13,44003,Kent,8.827,-1.3783,35.3246,5.1966
2021-03-14,44003,Kent,8.802,-9.1468,34.6986,6.3793
2021-03-15,44003,Kent,-0.2877,-9.2466,25.3931,6.4334
2021-03-16,44003,Kent,1.923,-7.8478,33.0183,2.5489
2021-03-17,44003,Kent,8.4545,-0.9032,53.4394,2.0103
2021-03-18,44003,Kent,9.1068,-0.6948,81.2146,3.1641
2021-03-19,44003,Kent,5.5737,-5.1066,41.7445,6.2049
2021-03-20,44003,Kent,10.859,-3.3735,38.7623,2.7986
2021-03-21,44003,Kent,16.3478,-2.9086,38.9283,1.6349
2021-03-22,44003,Kent,15.1,-1.1709,52.4178,1.8147
2021-03-23,44003,Kent,17.5825,0.4588,51.4393,1.6264
2021-03-24,44003,Kent,14.6585,2.7703,67.0132,3.0461
2021-03-25,44003,Kent,18.913,9.1886,62.1104,3.0602
2021-03-26,44003,Kent,19.1271,6.9921,65.7313,6.7407
2021-03-27,44003,Kent,18.0353,4.8904,42.752,3.5139
2021-03-28,44003,Kent,12.44,5.1353,74.9721,5.9687
2021-03-29,44003,Kent,8.5576,-2.5998,55.9062,6.2894
2021-03-30,44003,Kent,11.7178,0.3744,47.4621,3.1987
2021-03-31,44003,Kent,17.0021,7.0582,65.7013,4.9783
2021-04-01,44003,Kent,9.5234,-2.0293,82.9891,4.701
2021-04-02,44003,Kent,2.3179,-4.7717,44.863,3.6052
2021-04-03,44003,Kent,10.3045,-3.8845,32.7423,2.9155
2021-04-04,44003,Kent,15.5134,4.3617,28.5622,3.4928
2021-04-05,44003,Kent,16.8901,2.9863,33.9491,5.5533
2021-04-06,44003,Kent,17.8874,1.3129,41.2067,2.8141
2021-04-07,44003,Kent,17.282,5.278,50.9132,2.2713
2021-04-08,44003,Kent,19.8531,3.174,54.0037,1.711
2021-04-09,44003,Kent,18.6501,6.1013,50.1815,2.0337
2021-04-10,44003,Kent,22.1514,8.8238,50.5445,3.0931
2021-04-11,44003,Kent,13.0756,6.1847,77.3938,3.6067
2021-04-12,44003,Kent,11.4528,3.9607,63.9183,5.0958
2021-04-13,44003,Kent,16.3639,5.1522,53.2519,2.7877
2021-04-14,44003,Kent,15.9738,6.1977,58.7703,2.2091
2021-04-15,44003,Kent,10.4771,1.3725,82.2655,4.4413
2021-04-16,44003,Kent,4.5023,0.9746,85.8328,4.8838
2021-04-17,44003,Kent,9.7013,2.5924,60.6127,3.2211
2021-04-18,44003,Kent,16.158,3.7875,50.5525,2.6758
2021-04-19,44003,Kent,18.9577,3.1247,48.8959,2.6987
2021-04-20,44003,Kent,22.2034,5.4894,44.5122,4.1095
2021-04-21,44003,Kent,19.8048,-0.6806,65.546,5.4025
2021-04-22,44003,Kent,9.2364,0.374,37.6047,7.6373
2021-04-23,44003,Kent,15.82,1.6338,36.2764,6.222
2021-04-24,44003,Kent,22.29,7.6034,33.7304,4.5078
2021-04-25,44003,Kent,13.5779,4.726,69.2233,3.2055
2021-04-26,44003,Kent,14.4362,2.4348,42.289,5.1504
2021-04-27,44003,Kent,20.8294,5.7089,31.8805,3.2648
2021-04-28,44003,Kent,22.0624,9.7244,47.7639,1.9168
2021-04-29,44003,Kent,14.8615,9.5629,80.7204,2.2925
2021-04-30,44003,Kent,18.5598,4.4677,59.5433,7.601
2021-05-01,44003,Kent,17.8955,5.9937,44.2409,4.7656
2021-05-02,44003,Kent,25.6055,10.2515,43.6972,3.6743
2021-05-03,44003,Kent,22.4876,9.5052,53.224,2.3849
2021-05-04,44003,Kent,12.5703,8.708,80.6457,2.9795
2021-05-05,44003,Kent,12.5683,7.9873,91.429,2.0779
2021-05-06,44003,Kent,19.141,5.8506,49.7197,3.5656
2021-05-07,44003,Kent,17.6639,5.0397,51.7303,3.4496
2021-05-08,44003,Kent,14.5807,4.9806,57.412,2.1771
2021-05-09,44003,Kent,19.4105,7.4856,48.1264,4.6256
2021-05-10,44003,Kent,15.7915,7.6266,68.1043,2.3494
2021-05-11,44003,Kent,18.6622,5.5092,46.6466,4.4571
2021-05-12,44003,Kent,20.0116,4.2954,45.8233,3.2312
2021-05-13,44003,Kent,20.8128,5.5969,41.7607,2.6004
2021-05-14,44003,Kent,24.6215,8.046,39.3335,2.7663
2021-05-15,44003,Kent,25.3939,10.2587,39.133,2.4973
2021-05-16,44003,Kent,24.0559,8.5318,46.8634,2.8278
2021-05-17,44003,Kent,24.9775,9.5817,47.2953,2.4619
2021-05-18,44003,Kent,27.8074,11.8147,42.6877,4.0546
2021-05-19,44003,Kent,27.7146,8.6312,43.9111,2.3972
2021-05-20,44003,Kent,24.6588,8.3518,44.7753,1.8836
2021-05-21,44003,Kent,24.7162,11.8097,49.223,2.9498
2021-05-22,44003,Kent,28.0336,15.2882,54.9419,3.2952
2021-05-23,44003,Kent,31.2599,10.3525,54.0706,4.089
2021-05-24,44003,Kent,19.9593,7.8649,54.2295,3.3353
2021-05-25,44003,Kent,22.4336,12.1491,52.8483,5.5052
2021-05-26,44003,Kent,29.4689,16.67,57.2438,5.5496
2021-05-27,44003,Kent,27.561,11.3468,55.7176,3.6944
2021-05-28,44003,Kent,17.9844,6.022,57.2658,4.4916
2021-05-29,44003,Kent,9.5023,6.7625,76.2853,7.3054
2021-05-30,44003,Kent,9.9631,8.0235,81.3817,5.5685
2021-05-31,44003,Kent,16.0835,8.266,72.7213,2.7164
2021-06-01,44003,Kent,23.3394,10.3801,58.2802,3.4552
2021-06-02,44003,Kent,24.814,12.5196,62.7805,3.2592
2021-06-03,44003,Kent,20.7835,14.5571,75.1336,3.6756
2021-06-04,44003,Kent,23.9011,14.1559,79.5551,4.3768
2021-06-05,44003,Kent,29.2181,16.4564,64.8312,4.2747
2021-06-06,44003,Kent,32.4411,17.8232,58.8366,3.8881
2021-06-07,44003,Kent,31.458,18.8794,65.225,4.289
2021-06-08,44003,Kent,31.7885,20.04,68.1437,3.5682
2021-06-09,44003,Kent,31.7678,16.2099,68.6352,2.0754
2021-06-10,44003,Kent,24.7641,8.9017,60.9655,3.4759
2021-06-11,44003,Kent,22.4662,13.0058,57.6517,2.6798
2021-06-12,44003,Kent,21.4961,11.1433,69.675,2.1996
2021-06-13,44003,Kent,25.4751,11.4785,64.1631,3.1488
2021-06-14,44003,Kent,18.7883,15.3145,82.0816,1.9508
2021-06-15,44003,Kent,25.6169,13.6356,72.8165,2.2701
2021-06-16,44003,Kent,23.6756,8.4216,61.5231,3.0123
2021-06-17,44003,Kent,24.5188,9.5525,51.2169,2.6157
2021-06-18,44003,Kent,27.2081,15.667,51.5772,3.5337
2021-06-19,44003,Kent,30.1331,16.5729,63.7643,3.545
2021-06-20,44003,Kent,28.2938,17.5327,63.481,3.0356
2021-06-21,44003,Kent,25.9261,18.8041,81.2668,3.9473
2021-06-22,44003,Kent,27.9858,11.4294,77.2949,3.357
2021-06-23,44003,Kent,22.7076,9.0276,61.5758,2.6574
2021-06-24,44003,Kent,23.055,13.3763,61.0143,2.3257
2021-06-25,44003,Kent,24.6251,15.9514,73.4571,2.859
2021-06-26,44003,Kent,25.9681,20.125,72.6794,4.0999
2021-06-27,44003,Kent,27.8674,19.7963,75.4862,5.3822
2021-06-28,44003,Kent,32.0236,21.2875,67.1512,4.8098
2021-06-29,44003,Kent,34.3499,21.5732,63.9733,3.737
2021-06-30,44003,Kent,33.7527,20.4165,67.8686,3.8375
2021-07-01,44003,Kent,29.1693,19.1784,75.7842,2.3611
2021-07-02,44003,Kent,20.7057,14.2395,92.5835,2.5032
2021-07-03,44003,Kent,16.8181,12.4385,86.3151,3.7926
2021-07-04,44003,Kent,21.0398,13.5487,73.695,1.8384
2021-07-05,44003,Kent,22.6924,16.327,80.0301,3.3701
2021-07-06,44003,Kent,31.0937,19.2904,72.9035,4.96
2021-07-07,44003,Kent,32.306,18.483,71.6806,2.8042
2021-07-08,44003,Kent,23.9171,18.2633,97.3324,2.5738
2021-07-09,44003,Kent,26.1953,19.2181,81.8654,3.2352
2021-07-10,44003,Kent,25.6424,14.7525,88.2454,1.6103
2021-07-11,44003,Kent,25.5004,18.6445,77.347,2.1031
2021-07-12,44003,Kent,23.3219,17.3466,94.5466,1.4684
2021-07-13,44003,Kent,22.8298,18.2221,87.2792,2.4723
2021-07-14,44003,Kent,28.9927,19.8532,78.8495,2.4927
2021-07-15,44003,Kent,31.4685,21.5481,68.032,2.5307
2021-07-16,44003,Kent,32.6421,21.431,70.3307,3.3161
2021-07-17,44003,Kent,31.2883,21.7851,71.4687,1.5238
2021-07-18,44003,Kent,28.7598,19.9109,75.8583,2.7339
2021-07-19,44003,Kent,24.7265,18.0528,82.3827,1.6147
2021-07-20,44003,Kent,29.9572,18.8241,71.9751,2.445
2021-07-21,44003,Kent,29.1648,15.8524,73.0187,2.4328
2021-07-22,44003,Kent,28.1085,16.9894,56.622,2.3118
2021-07-23,44003,Kent,28.5446,14.2607,55.5909,1.5103
2021-07-24,44003,Kent,28.3777,16.5965,56.9715,1.6131
2021-07-25,44003,Kent,24.5227,19.6547,80.771,4.3
2021-07-26,44003,Kent,32.051,17.1793,69.9245,2.6547
2021-07-27,44003,Kent,32.2504,18.2205,56.943,2.6106
2021-07-28,44003,Kent,25.987,15.7069,74.5115,2.1568
2021-07-29,44003,Kent,25.6086,18.6638,72.5905,4.6197
2021-07-30,44003,Kent,28.1332,11.1861,68.5545,3.6334
2021-07-31,44003,Kent,24.1228,11.1539,57.652,2.7602
2021-08-01,44003,Kent,25.1437,13.256,67.4479,2.0548
2021-08-02,44003,Kent,26.4624,12.5494,69.0741,2.4099
2021-08-03,44003,Kent,24.7735,14.3943,68.4085,2.1032
2021-08-04,44003,Kent,23.0834,14.8443,84.4679,1.9105
2021-08-05,44003,Kent,21.3423,16.1873,89.3464,1.4975
2021-08-06,44003,Kent,28.5967,16.4708,73.0741,3.1786
2021-08-07,44003,Kent,30.4753,18.7019,66.7924,3.0246
2021-08-08,44003,Kent,26.6855,17.826,78.492,1.637
2021-08-09,44003,Kent,24.548,18.2382,85.7553,2.1436
2021-08-10,44003,Kent,26.0357,19.3566,82.1631,2.115
2021-08-11,44003,Kent,31.0329,21.2556,74.1784,4.2946
2021-08-12,44003,Kent,32.7089,20.9669,72.9831,3.9513
2021-08-13,44003,Kent,32.7648,21.0711,73.1585,2.5202
2021-08-14,44003,Kent,31.2374,17.5097,77.1036,2.6975
2021-08-15,44003,Kent,27.3466,15.1159,59.1947,2.3968
2021-08-16,44003,Kent,26.6367,14.9752,64.4956,1.5191
2021-08-17,44003,Kent,26.6701,17.3323,74.2864,1.9818
2021-08-18,44003,Kent,27.7772,20.0287,74.4594,2.6869
2021-08-19,44003,Kent,27.4681,20.5946,83.7865,3.9039
2021-08-20,44003,Kent,28.385,20.1139,72.9704,1.6964
2021-08-21,44003,Kent,28.995,21.1825,75.158,2.3467
2021-08-22,44003,Kent,23.8017,20.515,80.9009,4.3698
2021-08-23,44003,Kent,27.0941,20.4935,74.2932,2.7193
2021-08-24,44003,Kent,31.1102,19.2125,68.7422,2.4635
2021-08-25,44003,Kent,31.8931,19.1283,67.539,2.1367
2021-08-26,44003,Kent,33.1235,20.7319,67.7136,2.2945
2021-08-27,44003,Kent,32.4503,19.3478,75.5429,1.5478
2021-08-28,44003,Kent,23.3942,15.068,78.3544,3.9862
2021-08-29,44003,Kent,22.8337,16.1281,83.2243,1.763
2021-08-30,44003,Kent,28.4685,19.1307,80.8139,3.3775
2021-08-31,44003,Kent,27.627,17.1493,76.7214,2.6767
2021-09-01,44003,Kent,21.5997,14.3234,88.7438,3.1593
2021-09-02,44003,Kent,23.1973,11.5988,72.024,4.0252
2021-09-03,44003,Kent,22.9638,11.5625,61.2439,2.931
2021-09-04,44003,Kent,24.6626,12.9377,60.9815,2.6235
2021-09-05,44003,Kent,22.538,16.4506,77.6431,2.431
2021-09-06,44003,Kent,26.9232,12.7294,74.9365,3.4143
2021-09-07,44003,Kent,25.2765,13.8342,60.4671,2.6836
2021-09-08,44003,Kent,27.2699,19.2747,69.0457,4.4032
2021-09-09,44003,Kent,22.5547,16.5413,91.4533,2.6455
2021-09-10,44003,Kent,23.2326,9.7302,73.7431,3.5738
2021-09-11,44003,Kent,23.7317,12.6996,62.4869,3.3908
2021-09-12,44003,Kent,26.1325,18.1701,70.9372,4.986
2021-09-13,44003,Kent,26.4298,13.4291,68.3107,2.9797
2021-09-14,44003,Kent,23.8707,16.1357,66.9352,2.8155
2021-09-15,44003,Kent,27.9466,18.7698,79.0094,4.7574
2021-09-16,44003,Kent,22.5182,17.7951,83.0604,2.6409
2021-09-17,44003,Kent,21.354,17.3342,86.7204,3.4409
2021-09-18,44003,Kent,25.2954,16.551,77.7738,1.6975
2021-09-19,44003,Kent,23.0032,10.3502,70.8577,2.4784
2021-09-20,44003,Kent,22.959,9.3562,66.1023,1.679
2021-09-21,44003,Kent,23.5199,11.466,74.6473,2.4968
2021-09-22,44003,Kent,23.3873,19.7049,81.9212,3.7016
2021-09-23,44003,Kent,25.9615,21.2027,75.8008,4.8314
2021-09-24,44003,Kent,23.2338,14.7911,89.9604,3.062
2021-09-25,44003,Kent,23.5914,15.1849,73.9206,1.2353
2021-09-26,44003,Kent,22.443,9.8616,69.715,3.3758
2021-09-27,44003,Kent,23.5758,14.0681,63.2508,4.1793
2021-09-28,44003,Kent,22.1084,9.2385,89.3655,3.3688
2021-09-29,44003,Kent,17.853,9.3281,66.826,3.5026
2021-09-30,44003,Kent,16.7142,6.2147,67.7263,3.3689
2021-10-01,44003,Kent,18.9303,6.0294,55.0265,3.092
2021-10-02,44003,Kent,21.8615,9.1612,59.9208,3.1308
2021-10-03,44003,Kent,22.7943,13.3048,65.8445,0.9282
2021-10-04,44003,Kent,15.9591,11.2679,93.1167,4.446
2021-10-05,44003,Kent,15.554,9.4639,83.3663,2.9822
2021-10-06,44003,Kent,20.976,9.0158,70.1509,1.6027
2021-10-07,44003,Kent,22.1724,10.0301,66.3593,1.7468
2021-10-08,44003,Kent,22.0901,13.378,64.0787,2.6748
2021-10-09,44003,Kent,17.3973,12.3504,75.1291,4.8458
2021-10-10,44003,Kent,17.3426,13.4916,79.8063,4.2245
2021-10-11,44003,Kent,21.7824,10.8767,74.5145,3.6394
2021-10-12,44003,Kent,21.4449,10.1348,66.9233,1.5166
2021-10-13,44003,Kent,21.9244,11.7282,66.6902,2.0952
2021-10-14,44003,Kent,23.7997,12.5593,65.3373,1.5774
2021-10-15,44003,Kent,22.0615,14.3257,69.9883,1.6967
2021-10-16,44003,Kent,22.8169,10.6624,84.7014,4.7861
2021-10-17,44003,Kent,16.8781,7.782,65.2599,4.1955
2021-10-18,44003,Kent,14.9322,4.8709,55.9881,4.6637
2021-10-19,44003,Kent,16.1143,6.4181,53.6065,5.1349
2021-10-20,44003,Kent,21.6407,10.2888,55.2113,3.0936
2021-10-21,44003,Kent,21.9191,12.24,60.4103,3.2498
2021-10-22,44003,Kent,20.893,7.8524,70.3078,3.4414
2021-10-23,44003,Kent,15.4452,3.9096,67.3576,2.238
2021-10-24,44003,Kent,14.2986,5.3147,59.2138,2.5641
2021-10-25,44003,Kent,15.5917,11.1119,87.0359,3.2677
2021-10-26,44003,Kent,16.5544,9.9662,84.9426,7.341
2021-10-27,44003,Kent,10.2244,7.4033,82.4676,8.7554
2021-10-28,44003,Kent,10.1137,4.7802,74.0555,3.6261
2021-10-29,44003,Kent,11.4857,5.4244,70.679,4.5448
2021-10-30,44003,Kent,16.3175,11.5607,77.6928,4.6111
2021-10-31,44003,Kent,17.6382,8.1356,73.4947,4.2185
2021-11-01,44003,Kent,14.92,1.9775,56.4261,3.9235
2021-11-02,44003,Kent,12.4992,1.1785,59.688,2.4073
2021-11-03,44003,Kent,10.3854,-1.6941,53.9982,3.176
2021-11-04,44003,Kent,9.8416,-0.6194,51.6527,2.1476
2021-11-05,44003,Kent,10.1236,-3.1637,50.4248,3.4837
2021-11-06,44003,Kent,10.7295,-3.2147,46.4217,1.1551
2021-11-07,44003,Kent,12.777,-1.1664,48.3081,1.2014
2021-11-08,44003,Kent,16.2577,1.1284,50.1161,2.7369
2021-11-09,44003,Kent,20.0433,3.075,51.0462,2.3377
2021-11-10,44003,Kent,16.9358,-0.4981,60.4031,2.54
2021-11-11,44003,Kent,14.0254,1.0146,50.1337,2.7285
2021-11-12,44003,Kent,16.718,2.2341,86.8658,6.6881
2021-11-13,44003,Kent,15.3594,1.0432,65.7063,3.9577
2021-11-14,44003,Kent,9.919,1.4093,61.2276,4.0731
2021-11-15,44003,Kent,9.0847,0.9251,62.6799,4.5956
2021-11-16,44003,Kent,8.5868,-2.5136,52.1573,4.759
2021-11-17,44003,Kent,12.1126,-1.1771,58.5483,3.1613
2021-11-18,44003,Kent,19.1957,3.5964,73.0219,4.7562
2021-11-19,44003,Kent,8.7575,-3.1167,63.4779,5.1264
2021-11-20,44003,Kent,7.3136,-1.9788,51.4692,2.6545
2021-11-21,44003,Kent,13.1847,2.6246,69.7257,3.1854
2021-11-22,44003,Kent,12.1763,-1.3552,78.3719,4.5794
2021-11-23,44003,Kent,3.8688,-4.0319,42.3242,5.6731
2021-11-24,44003,Kent,5.2888,-3.4206,38.7235,4.7049
2021-11-25,44003,Kent,12.1212,0.1589,47.7974,2.8914
2021-11-26,44003,Kent,7.7523,0.5576,72.2348,4.8186
2021-11-27,44003,Kent,3.8349,-2.3316,52.6645,5.9504
2021-11-28,44003,Kent,2.1133,-2.7883,62.848,2.2598
2021-11-29,44003,Kent,5.1376,-5.2217,64.0362,3.3737
2021-11-30,44003,Kent,3.8883,-4.6788,60.4647,3.4109
2021-12-01,44003,Kent,8.6251,-1.6945,54.6848,3.3405
2021-12-02,44003,Kent,15.2727,3.0668,65.1129,5.039
2021-12-03,44003,Kent,5.9616,-4.0197,54.1021,5.8696
2021-12-04,44003,Kent,5.2531,-3.4042,56.0547,3.2136
2021-12-05,44003,Kent,10.2833,-0.7481,42.8987,2.6405
2021-12-06,44003,Kent,15.6715,1.1639,76.4905,6.3746
2021-12-07,44003,Kent,5.7742,-1.5321,49.2348,3.7197
2021-12-08,44003,Kent,2.7314,-4.1019,69.8021,3.2074
2021-12-09,44003,Kent,2.4141,-3.4342,59.6598,2.4943
2021-12-10,44003,Kent,8.1827,-1.0098,63.4892,2.2717
2021-12-11,44003,Kent,16.5272,2.9423,64.1429,5.5323
2021-12-12,44003,Kent,7.5793,-0.8718,54.8432,5.6097
2021-12-13,44003,Kent,10.6857,0.2059,48.3113,5.1932
2021-12-14,44003,Kent,10.739,-3.9694,45.5881,3.6445
2021-12-15,44003,Kent,12.9446,-3.3138,48.4396,3.2663
2021-12-16,44003,Kent,15.7937,10.5375,58.8993,5.5955
2021-12-17,44003,Kent,14.8014,2.1831,46.5609,4.7382
2021-12-18,44003,Kent,4.2749,2.0081,64.6319,2.6274
2021-12-19,44003,Kent,3.404,-8.6248,76.4828,5.3036
2021-12-20,44003,Kent,1.089,-8.3617,56.8424,3.3071
2021-12-21,44003,Kent,5.5906,-3.5251,55.318,3.0027
2021-12-22,44003,Kent,7.0153,-3.539,72.1961,4.0913
2021-12-23,44003,Kent,-0.4102,-6.3027,38.5913,4.2313
2021-12-24,44003,Kent,-1.738,-5.6785,75.143,0.805
2021-12-25,44003,Kent,2.2978,-1.3539,78.7855,1.5862
2021-12-26,44003,Kent,5.2005,-2.494,63.4865,4.6784
2021-12-27,44003,Kent,1.571,-2.1873,56.7292,2.5735
2021-12-28,44003,Kent,8.0779,0.4646,64.9398,2.0773
2021-12-29,44003,Kent,4.8786,1.4351,71.102,1.7124
2021-12-30,44003,Kent,5.2079,3.1494,76.0888,1.6236
2021-12-31,44003,Kent,7.9938,4.4579,72.2512,0.7937
2022-01-01,44003,Kent,12.7235,8.8531,63.1956,2.2577
2022-01-02,44003,Kent,12.3216,-0.5396,72.1017,2.5823
2022-01-03,44003,Kent,-0.3332,-8.2006,48.9254,6.1262
2022-01-04,44003,Kent,1.9152,-8.0015,36.7751,3.508
2022-01-05,44003,Kent,10.9708,1.2185,59.3848,4.3075
2022-01-06,44003,Kent,4.5064,-1.9043,53.8777,3.4308
2022-01-07,44003,Kent,0.2119,-9.1358,68.4169,5.3864
2022-01-08,44003,Kent,-0.6483,-10.8593,43.1743,3.921
2022-01-09,44003,Kent,6.6578,-3.1504,62.1129,6.2857
2022-01-10,44003,Kent,0.1373,-9.722,55.5268,5.1377
2022-01-11,44003,Kent,-8.3543,-14.3067,42.7168,4.5327
2022-01-12,44003,Kent,5.3623,-10.5226,56.2297,4.7076
2022-01-13,44003,Kent,8.7357,-2.0638,49.7473,1.7995
2022-01-14,44003,Kent,5.6615,-14.0116,70.6105,7.1612
2022-01-15,44003,Kent,-7.8539,-16.4449,34.1299,6.9049
2022-01-16,44003,Kent,5.6495,-15.9617,35.5257,4.1326
2022-01-17,44003,Kent,7.6082,-2.3216,68.9541,7.9764
2022-01-18,44003,Kent,0.2847,-8.2586,41.9149,6.9706
2022-01-19,44003,Kent,7.5214,-6.0847,53.3542,4.5551
2022-01-20,44003,Kent,2.1947,-10.498,68.0589,4.2907
2022-01-21,44003,Kent,-5.2215,-10.6561,33.9853,5.8013
2022-01-22,44003,Kent,-1.8794,-10.5302,46.6579,3.1663
2022-01-23,44003,Kent,1.2339,-7.5037,49.1801,2.9873
2022-01-24,44003,Kent,0.7716,-4.8133,52.8602,2.1376
2022-01-25,44003,Kent,5.0048,-7.2439,63.0464,2.5365
2022-01-26,44003,Kent,-2.9462,-15.3576,36.3038,4.9387
2022-01-27,44003,Kent,-2.3173,-14.7255,46.2341,2.6565
2022-01-28,44003,Kent,1.046,-4.6671,58.9538,3.2711
2022-01-29,44003,Kent,-5.6566,-13.005,74.4255,9.5929
2022-01-30,44003,Kent,-5.0737,-18.6242,50.5005,5.0705
2022-01-31,44003,Kent,-0.4372,-18.9692,44.1011,2.4591
2022-02-01,44003,Kent,1.422,-14.237,65.2981,3.1547
2022-02-02,44003,Kent,7.7306,-1.5298,54.8353,1.6297
2022-02-03,44003,Kent,10.2268,2.9683,54.0481,2.4223
2022-02-04,44003,Kent,8.52,-5.2749,63.5944,3.8328
2022-02-05,44003,Kent,-3.1841,-12.8124,60.1085,5.3035
2022-02-06,44003,Kent,-1.4907,-12.1096,55.4694,2.778
2022-02-07,44003,Kent,4.7342,-4.2915,67.8135,2.2989
2022-02-08,44003,Kent,5.9714,-3.7644,66.8715,3.3905
2022-02-09,44003,Kent,5.7644,-4.0648,50.9528,2.7142
2022-02-10,44003,Kent,10.5394,-3.4959,54.1312,3.7396
2022-02-11,44003,Kent,11.4529,-2.3363,49.5077,3.0108
2022-02-12,44003,Kent,15.4454,-1.7932,47.3914,4.3296
2022-02-13,44003,Kent,0.9713,-7.5663,70.6957,4.0546
2022-02-14,44003,Kent,-4.9901,-16.6422,61.9177,5.7719
2022-02-15,44003,Kent,-2.763,-16.1325,45.2716,4.1579
2022-02-16,44003,Kent,8.8284,-13.1672,54.9068,5.1203
2022-02-17,44003,Kent,14.9402,8.6733,45.511,6.9757
2022-02-18,44003,Kent,14.2829,-9.6751,52.2554,7.2032
2022-02-19,44003,Kent,4.4108,-10.6466,42.4091,5.8822
2022-02-20,44003,Kent,0.8406,-9.5454,41.7781,5.572
2022-02-21,44003,Kent,11.7992,-2.6222,46.0012,3.7669
2022-02-22,44003,Kent,12.9962,-0.9909,67.8396,4.9556
2022-02-23,44003,Kent,18.7359,-3.3332,58.9743,5.902
2022-02-24,44003,Kent,-0.3569,-3.8795,27.9022,3.3884
2022-02-25,44003,Kent,1.7321,-9.5898,77.6677,4.2151
2022-02-26,44003,Kent,0.7062,-9.8909,51.8575,3.3315
2022-02-27,44003,Kent,5.5049,-8.0926,52.4097,5.7382
2022-02-28,44003,Kent,-0.3008,-9.5799,41.6433,4.3727
2022-03-01,44003,Kent,5.3413,-6.6179,60.3997,3.1659
2022-03-02,44003,Kent,6.6127,-1.5684,57.1767,3.0635
2022-03-03,44003,Kent,4.7519,-10.4385,57.236,5.2957
2022-03-04,44003,Kent,1.3323,-9.3313,38.8763,3.7529
2022-03-05,44003,Kent,6.5116,-6.1443,46.1825,2.7342
2022-03-06,44003,Kent,15.519,4.9821,63.4759,5.5927
2022-03-07,44003,Kent,16.0546,2.2438,73.13,4.4634
2022-03-08,44003,Kent,6.4163,-2.3327,48.0593,5.082
2022-03-09,44003,Kent,3.1296,-3.9145,66.2441,3.1453
2022-03-10,44003,Kent,10.0204,-3.7967,57.3683,1.9406
2022-03-11,44003,Kent,11.458,-1.0535,58.5769,2.5536
2022-03-12,44003,Kent,9.0691,-7.0387,79.0709,5.0826
2022-03-13,44003,Kent,1.9739,-6.0879,40.7784,7.2254
2022-03-14,44003,Kent,11.4777,-0.7981,45.1365,4.1208
2022-03-15,44003,Kent,17.1598,0.1721,47.9496,2.5945
2022-03-16,44003,Kent,14.0826,0.3933,56.4812,2.0504
2022-03-17,44003,Kent,13.3629,4.8742,68.1305,2.4728
2022-03-18,44003,Kent,22.2233,6.3582,49.4571,2.417
2022-03-19,44003,Kent,14.1068,7.3567,77.1867,3.6228
2022-03-20,44003,Kent,16.8739,3.4163,60.2115,3.7515
2022-03-21,44003,Kent,14.6814,1.5371,37.6388,5.4253
2022-03-22,44003,Kent,11.6373,-3.1695,36.0068,5.1496
2022-03-23,44003,Kent,9.2821,-0.0199,42.1672,2.6588
2022-03-24,44003,Kent,6.9826,2.4119,80.7085,4.8294
2022-03-25,44003,Kent,14.2283,2.2028,63.7401,3.4732
2022-03-26,44003,Kent,12.5347,2.3284,57.8864,3.2661
2022-03-27,44003,Kent,8.5452,-5.6283,59.3852,4.7484
2022-03-28,44003,Kent,-0.2911,-9.0128,28.1481,6.88
2022-03-29,44003,Kent,3.4548,-6.7382,33.0838,5.6871
2022-03-30,44003,Kent,8.8371,-1.9874,37.9688,3.7876
2022-03-31,44003,Kent,15.9878,5.6106,70.4041,6.135
2022-04-01,44003,Kent,14.7486,2.399,63.5193,5.3755
2022-04-02,44003,Kent,12.3259,-1.2339,41.3207,4.3616
2022-04-03,44003,Kent,11.5275,1.3684,56.1573,1.659
2022-04-04,44003,Kent,13.5822,-0.0498,45.375,3.7195
2022-04-05,44003,Kent,14.8214,3.6025,43.8701,2.0462
2022-04-06,44003,Kent,9.0377,4.1019,74.7607,5.2402
2022-04-07,44003,Kent,12.1285,6.4912,66.4168,6.1394
2022-04-08,44003,Kent,17.3585,4.8145,58.989,4.0768
2022-04-09,44003,Kent,14.7521,2.2573,61.8712,3.6433
2022-04-10,44003,Kent,12.2828,2.5836,48.2313,4.5821
2022-04-11,44003,Kent,16.7139,5.5366,38.3071,4.1346
2022-04-12,44003,Kent,20.3784,3.9242,53.4424,3.2432
2022-04-13,44003,Kent,21.0989,7.3686,47.0452,2.4955
2022-04-14,44003,Kent,19.4874,7.2369,68.7236,2.0981
2022-04-15,44003,Kent,19.9604,9.4222,36.292,4.1487
2022-04-16,44003,Kent,19.4387,2.8345,58.7778,4.9802
2022-04-17,44003,Kent,9.1913,-1.1396,57.9907,4.1124
2022-04-18,44003,Kent,13.6066,4.6192,41.9191,4.6953
2022-04-19,44003,Kent,11.69,2.7817,67.5644,8.092
2022-04-20,44003,Kent,14.1854,0.0867,43.2865,4.3803
2022-04-21,44003,Kent,15.8144,5.1651,50.5617,4.6952
2022-04-22,44003,Kent,19.0691,2.3772,45.2794,3.8171
2022-04-23,44003,Kent,18.3174,6.5502,37.1227,2.2454
2022-04-24,44003,Kent,13.1604,2.6745,49.8081,2.4298
2022-04-25,44003,Kent,17.4931,5.1717,39.6218,2.323
2022-04-26,44003,Kent,12.771,8.0739,69.4153,2.7858
2022-04-27,44003,Kent,14.5811,3.0439,56.6596,5.227
2022-04-28,44003,Kent,11.9472,2.4561,39.5251,6.0942
2022-04-29,44003,Kent,15.3036,1.5938,32.6856,4.9244
2022-04-30,44003,Kent,17.3037,1.7138,38.4575,2.7017
2022-05-01,44003,Kent,19.5662,3.5943,41.8368,2.0454
2022-05-02,44003,Kent,13.3863,7.2075,67.0984,2.8231
2022-05-03,44003,Kent,13.8705,7.6766,68.0452,3.4133
2022-05-04,44003,Kent,14.4753,8.158,78.216,2.397
2022-05-05,44003,Kent,21.0272,7.8217,53.4086,2.6073
2022-05-06,44003,Kent,17.6747,7.9574,62.4739,2.0485
2022-05-07,44003,Kent,10.7094,6.2205,69.7967,7.057
2022-05-08,44003,Kent,13.1555,4.5754,53.342,7.4632
2022-05-09,44003,Kent,14.8419,6.435,46.4725,7.2887
2022-05-10,44003,Kent,16.8065,7.8946,47.6311,6.6859
2022-05-11,44003,Kent,20.3412,11.2074,49.0911,4.903
2022-05-12,44003,Kent,25.5844,12.9168,53.5002,2.4377
2022-05-13,44003,Kent,25.7666,15.5517,56.1321,2.0765
2022-05-14,44003,Kent,27.5857,15.2527,58.3621,3.218
2022-05-15,44003,Kent,23.6762,14.0115,64.3173,2.9087
2022-05-16,44003,Kent,24.409,11.8209,67.6282,3.8161
2022-05-17,44003,Kent,22.9567,9.738,50.466,5.2565
2022-05-18,44003,Kent,22.1301,10.8799,39.876,3.5834
2022-05-19,44003,Kent,13.7763,8.4214,75.6492,2.8008
2022-05-20,44003,Kent,21.4162,12.1453,62.7531,3.0426
2022-05-21,44003,Kent,29.6317,15.2794,61.1991,2.5436
2022-05-22,44003,Kent,31.4336,15.9197,61.6835,2.9611
2022-05-23,44003,Kent,23.5705,11.5207,57.925,2.9753
2022-05-24,44003,Kent,20.1258,6.5878,57.3059,2.39
2022-05-25,44003,Kent,19.8944,6.8496,57.2216,1.8122
2022-05-26,44003,Kent,20.1018,11.266,56.5449,3.6186
2022-05-27,44003,Kent,23.3018,16.5925,72.0624,4.6954
2022-05-28,44003,Kent,22.0934,11.3299,82.6489,3.3706
2022-05-29,44003,Kent,24.7337,11.0558,60.4875,2.0998
2022-05-30,44003,Kent,29.3288,17.6825,53.5727,3.6793
2022-05-31,44003,Kent,29.8145,12.169,61.8264,2.9234
2022-06-01,44003,Kent,18.362,12.8612,69.6267,2.6862
2022-06-02,44003,Kent,23.5219,12.7637,72.5727,1.7763
2022-06-03,44003,Kent,24.2834,12.6357,64.5647,1.2949
2022-06-04,44003,Kent,22.908,8.9624,70.8211,2.3183
2022-06-05,44003,Kent,24.5179,9.0827,44.1303,2.5178
2022-06-06,44003,Kent,26.7607,10.9952,47.7769,1.7631
2022-06-07,44003,Kent,25.1602,16.0445,58.0864,4.2603
2022-06-08,44003,Kent,27.1734,15.7357,68.1936,3.5639
2022-06-09,44003,Kent,27.8355,12.264,68.6707,4.5936
2022-06-10,44003,Kent,25.5934,13.4562,56.5079,3.1878
2022-06-11,44003,Kent,25.9076,13.8593,58.4666,1.9708
2022-06-12,44003,Kent,23.6093,17.0208,65.9808,2.9398
2022-06-13,44003,Kent,28.6974,14.0743,69.2286,2.8719
2022-06-14,44003,Kent,27.5228,14.059,57.5664,1.8795
2022-06-15,44003,Kent,25.4198,11.8437,65.4588,2.1587
2022-06-16,44003,Kent,22.4482,16.6889,64.3766,3.9436
2022-06-17,44003,Kent,28.6029,14.5325,72.953,4.5274
2022-06-18,44003,Kent,21.7915,9.4189,61.7986,4.6491
2022-06-19,44003,Kent,19.9178,9.2986,55.9187,4.3182
2022-06-20,44003,Kent,25.5693,9.6048,46.5408,2.1732
2022-06-21,44003,Kent,24.436,13.8472,57.4151,2.0129
2022-06-22,44003,Kent,22.6171,13.3541,68.4414,2.8786
2022-06-23,44003,Kent,24.6259,11.0835,67.5489,2.68
2022-06-24,44003,Kent,26.684,14.6041,64.4926,1.8967
2022-06-25,44003,Kent,31.4779,15.9221,58.7893,1.6819
2022-06-26,44003,Kent,30.9706,18.4802,59.9546,3.1391
2022-06-27,44003,Kent,22.4121,12.1988,96.7303,4.2942
2022-06-28,44003,Kent,26.4496,12.78,59.6826,2.314
2022-06-29,44003,Kent,27.3621,14.3425,60.5557,2.7653
2022-06-30,44003,Kent,27.6222,15.5134,58.018,2.073
2022-07-01,44003,Kent,30.4651,20.0166,66.5065,4.4209
2022-07-02,44003,Kent,29.0587,19.2631,78.7402,3.867
2022-07-03,44003,Kent,28.6863,14.0529,65.6161,2.53
2022-07-04,44003,Kent,28.1402,14.9651,50.8279,2.5063
2022-07-05,44003,Kent,25.0197,18.0732,71.8887,3.5226
2022-07-06,44003,Kent,29.0266,14.145,71.5782,2.9291
2022-07-07,44003,Kent,26.5185,14.1896,67.7291,1.8964
2022-07-08,44003,Kent,28.0297,17.0593,67.49,2.9219
2022-07-09,44003,Kent,28.409,13.1402,57.9233,1.9185
2022-07-10,44003,Kent,27.2769,13.1504,50.5752,2.0309
2022-07-11,44003,Kent,27.7878,16.341,58.1442,4.0188
2022-07-12,44003,Kent,28.3328,18.87,69.089,5.4594
2022-07-13,44003,Kent,31.1916,18.3634,59.5247,2.0208
2022-07-14,44003,Kent,29.4829,15.8905,68.4684,1.9267
2022-07-15,44003,Kent,28.9085,14.8224,51.2711,2.1002
2022-07-16,44003,Kent,28.393,18.6106,59.5682,2.8634
2022-07-17,44003,Kent,30.6206,20.5295,59.5336,2.6117
2022-07-18,44003,Kent,27.5047,21.4493,75.7839,3.8279
2022-07-19,44003,Kent,32.4496,20.4673,59.9731,4.382
2022-07-20,44003,Kent,34.0574,21.1228,57.0977,3.1302
2022-07-21,44003,Kent,32.4425,21.2926,68.9629,4.533
2022-07-22,44003,Kent,33.9257,20.6893,53.5716,3.1489
2022-07-23,44003,Kent,34.8887,20.5021,49.2829,2.9707
2022-07-24,44003,Kent,34.6908,23.8219,53.2113,4.5431
2022-07-25,44003,Kent,29.0962,18.8105,81.2119,5.5107
2022-07-26,44003,Kent,27.5263,13.8482,65.3943,2.5903
2022-07-27,44003,Kent,29.9781,16.6881,51.5169,2.4935
2022-07-28,44003,Kent,29.6716,21.0261,65.9991,2.7359
2022-07-29,44003,Kent,32.355,20.6994,53.8551,3.6142
2022-07-30,44003,Kent,29.9958,15.5633,53.2447,3.0091
2022-07-31,44003,Kent,28.9775,18.7112,50.3208,2.3999
2022-08-01,44003,Kent,25.2728,19.4061,79.1515,2.3058
2022-08-02,44003,Kent,31.5853,19.8409,63.0237,3.3211
2022-08-03,44003,Kent,31.2667,18.3279,58.8852,2.3167
2022-08-04,44003,Kent,33.1377,21.0192,57.9335,3.2548
2022-08-05,44003,Kent,33.7156,21.4201,58.692,2.6467
2022-08-06,44003,Kent,33.3933,22.9665,59.5735,3.8381
2022-08-07,44003,Kent,33.372,23.6113,62.5166,5.0713
2022-08-08,44003,Kent,33.1932,24.0985,63.0948,4.8729
2022-08-09,44003,Kent,34.6563,18.7715,66.0924,3.5051
2022-08-10,44003,Kent,27.4584,18.9376,75.2947,1.7354
2022-08-11,44003,Kent,25.7915,18.6918,80.8954,2.206
2022-08-12,44003,Kent,28.9253,15.0421,56.2711,1.9381
2022-08-13,44003,Kent,26.0521,11.2483,56.5064,2.0902
2022-08-14,44003,Kent,27.8138,13.4452,52.2684,2.1545
2022-08-15,44003,Kent,28.0114,12.894,55.2401,2.0118
2022-08-16,44003,Kent,27.0226,15.8629,54.7089,3.8854
2022-08-17,44003,Kent,25.3805,15.5305,61.4962,3.1861
2022-08-18,44003,Kent,28.8686,15.8416,51.4916,4.0497
2022-08-19,44003,Kent,31.9608,17.0116,43.6957,3.2088
2022-08-20,44003,Kent,31.4932,19.0766,50.1468,2.2553
2022-08-21,44003,Kent,28.6417,18.6374,59.3097,2.6249
2022-08-22,44003,Kent,23.8216,19.729,82.5001,2.0505
2022-08-23,44003,Kent,26.0673,17.5541,82.3474,1.9298
2022-08-24,44003,Kent,30.3323,18.6558,64.7399,2.0599
2022-08-25,44003,Kent,31.3749,18.52,57.9289,1.7352
2022-08-26,44003,Kent,30.161,18.2656,70.477,3.2286
2022-08-27,44003,Kent,28.3262,18.6891,73.2884,2.0189
2022-08-28,44003,Kent,27.629,15.693,71.0693,2.5869
2022-08-29,44003,Kent,28.439,19.3148,71.0825,3.4653
2022-08-30,44003,Kent,29.3883,20.783,73.7383,3.8584
2022-08-31,44003,Kent,27.8003,13.5825,75.0951,3.3516
2022-09-01,44003,Kent,26.1251,10.3538,55.16,3.5569
2022-09-02,44003,Kent,24.9779,10.7972,49.215,2.0203
2022-09-03,44003,Kent,25.5704,13.0199,58.3909,1.7665
2022-09-04,44003,Kent,28.3574,17.876,64.0987,2.3134
2022-09-05,44003,Kent,24.0257,15.4093,85.8755,2.6407
2022-09-06,44003,Kent,18.9044,15.2543,95.7425,3.6986
2022-09-07,44003,Kent,21.3082,13.0302,82.8939,4.0649
2022-09-08,44003,Kent,23.9959,12.0251,68.3173,3.4996
2022-09-09,44003,Kent,26.1194,12.8875,60.7754,2.4116
2022-09-10,44003,Kent,28.9966,15.4636,56.8206,2.2306
2022-09-11,44003,Kent,25.8966,16.4975,60.7716,2.34
2022-09-12,44003,Kent,24.0912,17.8041,78.8039,1.0076
2022-09-13,44003,Kent,23.2044,13.5106,95.3092,2.3615
2022-09-14,44003,Kent,24.7561,13.6943,70.2666,3.6819
2022-09-15,44003,Kent,21.9272,6.4254,57.7944,3.7181
2022-09-16,44003,Kent,21.7775,7.549,51.7004,3.1479
2022-09-17,44003,Kent,21.1334,10.643,58.9015,2.3418
2022-09-18,44003,Kent,26.5013,16.6888,69.2828,4.385
2022-09-19,44003,Kent,22.5062,15.5803,83.7209,2.4344
2022-09-20,44003,Kent,22.1749,13.8358,77.3479,1.3147
2022-09-21,44003,Kent,21.1302,13.9322,72.5749,2.432
2022-09-22,44003,Kent,22.0251,7.8858,93.0694,4.9339
2022-09-23,44003,Kent,15.9949,6.0691,59.1788,6.5372
2022-09-24,44003,Kent,19.6948,6.5514,51.9983,4.5912
2022-09-25,44003,Kent,20.3647,10.2452,76.1619,3.4271
2022-09-26,44003,Kent,21.3932,12.907,77.1192,4.1046
2022-09-27,44003,Kent,21.584,7.5576,68.668,3.4186
2022-09-28,44003,Kent,20.4795,8.702,63.2479,3.0267
2022-09-29,44003,Kent,18.9081,5.8307,64.5093,3.286
2022-09-30,44003,Kent,17.1513,8.0434,64.074,3.1735
2022-10-01,44003,Kent,14.0575,10.1155,73.7743,5.3703
2022-10-02,44003,Kent,13.4759,9.2043,67.8383,7.9304
2022-10-03,44003,Kent,12.1569,9.5601,64.2731,6.6123
2022-10-04,44003,Kent,13.3017,10.6457,75.3661,7.156
2022-10-05,44003,Kent,14.7496,12.0803,77.9077,4.3539
2022-10-06,44003,Kent,23.3503,10.787,62.4382,2.4147
2022-10-07,44003,Kent,23.2532,8.0303,67.2582,3.038
2022-10-08,44003,Kent,14.6895,1.1706,59.9434,2.9805
2022-10-09,44003,Kent,15.665,2.5257,52.5627,3.7277
2022-10-10,44003,Kent,17.9581,4.7523,57.2604,2.3565
2022-10-11,44003,Kent,18.7764,6.6945,54.5439,1.8797
2022-10-12,44003,Kent,21.6867,9.1869,55.8289,2.8089
2022-10-13,44003,Kent,18.5961,15.4032,77.4577,5.8916
2022-10-14,44003,Kent,20.8946,7.4538,76.4143,2.8076
2022-10-15,44003,Kent,19.7711,6.4365,64.103,2.2869
2022-10-16,44003,Kent,20.0831,6.7136,62.2846,1.9081
2022-10-17,44003,Kent,16.8201,8.8854,72.3013,2.37
2022-10-18,44003,Kent,16.6748,1.4345,81.6314,2.8341
2022-10-19,44003,Kent,12.0127,1.8627,60.073,4.2102
2022-10-20,44003,Kent,12.933,1.5402,65.1451,4.6094
2022-10-21,44003,Kent,16.8115,2.9247,57.1191,2.0793
2022-10-22,44003,Kent,17.8576,4.7712,62.829,1.6466
2022-10-23,44003,Kent,14.2177,8.8517,84.7236,3.6542
2022-10-24,44003,Kent,14.2512,11.5423,93.8927,2.7872
2022-10-25,44003,Kent,20.803,14.5871,78.4484,2.3298
2022-10-26,44003,Kent,21.4632,12.491,81.7991,2.2362
2022-10-27,44003,Kent,18.9319,3.7228,67.4717,4.4013
2022-10-28,44003,Kent,12.0189,1.0669,62.8581,4.1789
2022-10-29,44003,Kent,15.1033,-1.0563,65.989,2.0706
2022-10-30,44003,Kent,17.8186,0.767,55.4831,1.4067
2022-10-31,44003,Kent,18.107,7.9033,69.8927,2.1986
2022-11-01,44003,Kent,16.9047,9.7728,78.1565,2.9409
2022-11-02,44003,Kent,20.4834,2.2312,53.1786,2.5204
2022-11-03,44003,Kent,18.4063,3.5982,51.4486,1.6817
2022-11-04,44003,Kent,21.0108,7.7629,60.7911,2.9252
2022-11-05,44003,Kent,22.7145,14.7527,64.8841,4.4298
2022-11-06,44003,Kent,22.9567,17.3748,63.1667,5.0318
2022-11-07,44003,Kent,23.9957,5.5476,56.0655,4.5521
2022-11-08,44003,Kent,12.3195,-1.1349,42.4466,5.2198
2022-11-09,44003,Kent,10.9158,0.01,50.0149,2.8605
2022-11-10,44003,Kent,17.9685,4.5437,57.9547,4.662
2022-11-11,44003,Kent,20.9976,11.6657,68.8585,3.8228
2022-11-12,44003,Kent,21.8911,9.7814,69.3938,4.3624
2022-11-13,44003,Kent,10.1883,-0.0008,81.4253,3.622
2022-11-14,44003,Kent,7.6862,-4.6544,48.5401,3.885
2022-11-15,44003,Kent,7.0139,-3.0786,54.8389,3.0363
2022-11-16,44003,Kent,11.5153,0.6974,70.2041,4.9562
2022-11-17,44003,Kent,7.3443,-2.4256,56.7785,5.292
2022-11-18,44003,Kent,5.8607,-4.1133,53.6517,5.0779
2022-11-19,44003,Kent,4.9296,-5.0759,54.3336,4.408
2022-11-20,44003,Kent,2.42,-7.3229,47.1654,5.9544
2022-11-21,44003,Kent,3.9714,-6.3333,54.9738,5.6271
2022-11-22,44003,Kent,8.4622,-1.7423,50.2026,3.4666
2022-11-23,44003,Kent,10.3154,-3.8287,49.8354,3.4047
2022-11-24,44003,Kent,8.5175,-3.0295,57.562,2.5469
2022-11-25,44003,Kent,10.5094,0.549,71.621,4.9025
2022-11-26,44003,Kent,11.121,1.0789,47.908,5.0672
2022-11-27,44003,Kent,14.9871,4.016,61.1624,5.0054
2022-11-28,44003,Kent,11.3734,-2.7087,72.6683,5.0118
2022-11-29,44003,Kent,6.4257,-2.2259,57.6464,1.9616
2022-11-30,44003,Kent,14.0623,1.5149,70.0698,6.0065
2022-12-01,44003,Kent,5.491,-4.1198,49.9969,6.2949
2022-12-02,44003,Kent,9.2122,-3.4683,49.5766,2.7389
2022-12-03,44003,Kent,14.0882,-1.3949,78.2397,6.8207
2022-12-04,44003,Kent,5.5648,-5.5829,56.9778,2.6103
2022-12-05,44003,Kent,8.7218,-4.4184,56.8459,2.3519
2022-12-06,44003,Kent,13.2989,2.3978,66.5911,3.9019
2022-12-07,44003,Kent,14.2864,8.2176,75.6005,4.8805
2022-12-08,44003,Kent,11.8711,-1.2314,64.2155,4.182
2022-12-09,44003,Kent,7.9075,-1.347,43.0507,4.8793
2022-12-10,44003,Kent,1.3068,-1.8858,66.1622,5.1871
2022-12-11,44003,Kent,0.3157,-4.1505,74.2097,4.5838
2022-12-12,44003,Kent,1.1532,-7.2821,64.8599,4.794
2022-12-13,44003,Kent,4.3872,-6.4042,44.8835,4.1809
2022-12-14,44003,Kent,2.8958,-4.7863,52.3006,6.0172
2022-12-15,44003,Kent,5.0415,0.2082,62.0754,4.3174
2022-12-16,44003,Kent,6.7014,1.3742,68.2892,6.3489
2022-12-17,44003,Kent,6.0442,-1.9788,62.051,5.3619
2022-12-18,44003,Kent,4.8015,-2.3798,51.0467,4.0383
2022-12-19,44003,Kent,4.2634,-2.1077,50.5615,5.066
2022-12-20,44003,Kent,4.404,-5.7662,51.3759,4.1732
2022-12-21,44003,Kent,4.299,-5.8323,51.1234,1.446
2022-12-22,44003,Kent,12.2099,-4.5428,55.7051,4.5779
2022-12-23,44003,Kent,13.1821,-13.9261,78.5105,10.72
2022-12-24,44003,Kent,-9.1451,-13.9176,49.1655,7.7071
2022-12-25,44003,Kent,-3.3235,-11.7025,47.2264,6.0266
2022-12-26,44003,Kent,-0.5313,-9.333,45.6727,3.8483
2022-12-27,44003,Kent,1.1051,-6.7928,46.0466,3.5737
2022-12-28,44003,Kent,5.2318,-5.3792,57.8689,3.21
2022-12-29,44003,Kent,10.3289,-1.4317,53.3543,2.988
2022-12-30,44003,Kent,15.4937,2.2727,44.3424,3.166
2022-12-31,44003,Kent,11.5638,6.0044,72.0574,3.26
2023-01-01,44003,Kent,12.0867,-0.917,68.4389,3.8802
2023-01-02,44003,Kent,8.9888,-0.8657,61.9912,2.1368
2023-01-03,44003,Kent,10.2653,2.3363,69.0504,2.1105
2023-01-04,44003,Kent,9.9506,5.2039,74.0902,2.0518
2023-01-05,44003,Kent,7.0548,1.4957,74.7766,3.3154
2023-01-06,44003,Kent,2.8657,-0.7001,78.0835,2.0322
2023-01-07,44003,Kent,6.3985,-3.9228,61.3789,3.2135
2023-01-08,44003,Kent,3.1806,-4.4649,47.891,2.8532
2023-01-09,44003,Kent,5.2979,-1.5227,55.4749,2.2373
2023-01-10,44003,Kent,5.3037,-4.81,50.6648,2.9505
2023-01-11,44003,Kent,3.1544,-4.8945,48.8733,2.867
2023-01-12,44003,Kent,13.6994,0.1665,51.522,4.2411
2023-01-13,44003,Kent,12.9928,0.3387,81.017,5.0567
2023-01-14,44003,Kent,1.6767,-0.7563,64.4921,6.3022
2023-01-15,44003,Kent,2.2177,-1.2078,50.4727,8.2685
2023-01-16,44003,Kent,1.0487,-2.3385,58.6129,5.4072
2023-01-17,44003,Kent,9.0627,-1.8161,47.6044,3.3791
2023-01-18,44003,Kent,10.4435,-0.2749,54.9798,4.3964
2023-01-19,44003,Kent,4.6559,0.2801,65.7203,2.8378
2023-01-20,44003,Kent,2.2849,-0.7101,78.107,2.2271
2023-01-21,44003,Kent,1.0298,-1.2024,60.3666,2.4229
2023-01-22,44003,Kent,3.3086,-1.2772,64.2494,2.7616
2023-01-23,44003,Kent,1.9258,-2.4624,79.8433,4.6241
2023-01-24,44003,Kent,3.3911,-2.5318,54.3148,5.0071
2023-01-25,44003,Kent,12.4973,-2.0069,42.6177,4.223
2023-01-26,44003,Kent,11.1524,-2.6918,66.1923,7.226
2023-01-27,44003,Kent,5.4368,-3.7884,50.5659,2.8587
2023-01-28,44003,Kent,10.0181,-1.3631,44.3724,4.0997
2023-01-29,44003,Kent,11.2237,-1.1096,59.06,3.269
2023-01-30,44003,Kent,11.0009,-0.1332,54.1941,1.7883
2023-01-31,44003,Kent,2.8034,-6.5416,67.8624,2.1455
2023-02-01,44003,Kent,-0.4011,-8.8791,46.3428,3.0709
2023-02-02,44003,Kent,1.4529,-7.7216,48.6907,3.6871
2023-02-03,44003,Kent,-3.3554,-23.2572,45.002,8.5638
2023-02-04,44003,Kent,-3.9879,-22.562,25.1244,5.9686
2023-02-05,44003,Kent,8.263,-4.409,53.9409,5.174
2023-02-06,44003,Kent,8.3912,-3.9488,56.2419,4.4796
2023-02-07,44003,Kent,2.884,-3.6244,52.4471,3.6076
2023-02-08,44003,Kent,7.915,-3.1293,57.45,3.98
2023-02-09,44003,Kent,10.5876,-1.9642,57.6372,3.0687
2023-02-10,44003,Kent,15.9953,0.8404,51.8335,5.5436
2023-02-11,44003,Kent,6.0282,-4.674,45.8313,4.0639
2023-02-12,44003,Kent,8.6596,-1.951,45.0548,2.4206
2023-02-13,44003,Kent,6.403,-0.5258,63.9581,3.5119
2023-02-14,44003,Kent,9.7888,-2.6686,45.0592,3.148
2023-02-15,44003,Kent,13.0441,1.305,57.0486,4.4928
2023-02-16,44003,Kent,19.1763,7.4556,43.9562,3.0519
2023-02-17,44003,Kent,12.9446,-5.9574,82.7531,4.811
2023-02-18,44003,Kent,2.6973,-5.5824,44.0265,4.3099
2023-02-19,44003,Kent,8.246,-2.1953,57.0461,3.7141
2023-02-20,44003,Kent,13.5962,1.82,60.8879,3.243
2023-02-21,44003,Kent,3.706,-2.446,81.5972,2.4698
2023-02-22,44003,Kent,4.5985,-1.5899,57.8428,2.5017
2023-02-23,44003,Kent,1.4166,-1.3978,74.024,3.9687
2023-02-24,44003,Kent,4.169,-10.4133,53.1492,5.4215
2023-02-25,44003,Kent,1.6908,-7.9809,33.8169,1.8242
2023-02-26,44003,Kent,9.9743,-1.7389,39.7066,3.353
2023-02-27,44003,Kent,12.9181,1.4294,25.2761,3.2467
2023-02-28,44003,Kent,11.8858,-3.5228,47.886,4.3229
2023-03-01,44003,Kent,2.655,-6.2876,78.8631,2.7264
2023-03-02,44003,Kent,8.3531,-1.5917,77.406,4.3566
2023-03-03,44003,Kent,8.3033,-0.7975,46.1716,3.2266
2023-03-04,44003,Kent,3.9624,-2.0485,79.1302,6.0998
2023-03-05,44003,Kent,8.6417,-0.5002,51.5782,4.0036
2023-03-06,44003,Kent,10.4067,1.2737,33.5595,5.707
2023-03-07,44003,Kent,6.3561,-1.6979,36.1435,5.3084
2023-03-08,44003,Kent,9.4195,-0.2941,42.2947,5.5962
2023-03-09,44003,Kent,11.0307,-2.897,45.1758,3.7128
2023-03-10,44003,Kent,10.8348,-0.598,46.3807,1.7628
2023-03-11,44003,Kent,3.8337,-1.1081,69.5009,5.2588
2023-03-12,44003,Kent,7.2337,-0.5832,53.3135,2.6693
2023-03-13,44003,Kent,6.896,2.4387,67.3305,4.1182
2023-03-14,44003,Kent,6.4787,0.681,74.3136,5.3957
2023-03-15,44003,Kent,5.5668,-0.2938,50.6652,7.1597
2023-03-16,44003,Kent,11.7586,-0.1882,37.2968,3.9893
2023-03-17,44003,Kent,12.2638,2.231,59.1839,3.8837
2023-03-18,44003,Kent,11.9411,-2.2253,69.7817,2.7419
2023-03-19,44003,Kent,4.5024,-4.6373,40.4567,5.8125
2023-03-20,44003,Kent,10.0029,-3.2744,39.6211,4.4077
2023-03-21,44003,Kent,15.7228,-1.4638,36.3137,3.1839
2023-03-22,44003,Kent,15.3888,2.5787,44.8315,2.5821
2023-03-23,44003,Kent,15.3738,4.6717,65.1283,4.0755
2023-03-24,44003,Kent,13.377,-0.8806,51.1547,3.2968
2023-03-25,44003,Kent,6.6749,1.9129,64.8179,4.6903
2023-03-26,44003,Kent,15.9578,-1.1047,45.4583,4.1526
2023-03-27,44003,Kent,15.076,1.2317,43.9434,2.1561
2023-03-28,44003,Kent,8.0743,-1.4596,70.6811,1.5834
2023-03-29,44003,Kent,10.6005,-1.6267,47.806,2.6619
2023-03-30,44003,Kent,5.9095,-4.6437,42.1328,5.0152
2023-03-31,44003,Kent,10.0622,-0.947,48.0336,3.3931
2023-04-01,44003,Kent,14.7429,5.2546,82.3366,4.4853
2023-04-02,44003,Kent,10.8488,-4.6538,50.2133,4.5786
2023-04-03,44003,Kent,11.5501,-0.4414,48.052,3.8482
2023-04-04,44003,Kent,20.6165,7.8848,54.5695,2.4275
2023-04-05,44003,Kent,9.5943,4.0505,76.9322,4.3099
2023-04-06,44003,Kent,18.0712,5.8239,73.5583,2.554
2023-04-07,44003,Kent,15.6887,-1.1063,42.2708,4.9993
2023-04-08,44003,Kent,11.222,-2.4441,35.1533,2.653
2023-04-09,44003,Kent,12.0361,-1.8277,39.1464,2.0906
2023-04-10,44003,Kent,18.1346,1.136,36.9862,3.1464
2023-04-11,44003,Kent,23.9179,10.7005,29.7773,4.8921
2023-04-12,44003,Kent,25.544,7.8676,35.0355,4.3589
2023-04-13,44003,Kent,31.3092,10.5741,34.1771,3.1877
2023-04-14,44003,Kent,33.0106,8.9835,33.7985,2.236
2023-04-15,44003,Kent,22.5741,10.8615,57.3874,2.3135
2023-04-16,44003,Kent,19.1883,10.1891,69.6902,1.743
2023-04-17,44003,Kent,14.6087,6.1516,86.2178,3.8625
2023-04-18,44003,Kent,14.1684,2.5761,52.4427,4.8428
2023-04-19,44003,Kent,11.6626,1.8978,48.9482,4.4497
2023-04-20,44003,Kent,17.32,3.8521,40.9098,2.3144
2023-04-21,44003,Kent,17.5203,6.8232,49.0136,3.353
2023-04-22,44003,Kent,13.8914,9.1345,64.0944,5.7336
2023-04-23,44003,Kent,12.5218,4.7334,82.1996,4.5233
2023-04-24,44003,Kent,16.9792,2.4856,55.5217,2.4809
2023-04-25,44003,Kent,16.2459,4.3576,51.4929,1.3206
2023-04-26,44003,Kent,14.3713,3.3066,59.9605,1.9707
2023-04-27,44003,Kent,14.6359,3.2106,60.0618,1.7673
2023-04-28,44003,Kent,16.8909,6.1306,52.5356,2.4791
2023-04-29,44003,Kent,14.5264,7.6902,64.2187,5.73
2023-04-30,44003,Kent,15.8471,9.9742,76.6807,5.4441
2023-05-01,44003,Kent,17.0067,5.6291,67.4704,5.2867
2023-05-02,44003,Kent,13.3379,2.6676,74.9273,4.1749
2023-05-03,44003,Kent,14.5155,5.0465,61.0313,2.3608
2023-05-04,44003,Kent,10.9846,6.1723,69.7603,3.1589
2023-05-05,44003,Kent,16.6909,5.0971,58.2834,2.2478
2023-05-06,44003,Kent,23.5413,7.9707,42.7478,3.5183
2023-05-07,44003,Kent,25.3045,11.3043,39.8924,3.327
2023-05-08,44003,Kent,23.8315,5.509,49.7662,3.287
2023-05-09,44003,Kent,17.9457,3.3759,48.3731,1.931
2023-05-10,44003,Kent,22.1839,6.8956,41.995,3.3106
2023-05-11,44003,Kent,26.8758,10.1345,42.6367,3.3637
2023-05-12,44003,Kent,29.2544,14.6018,43.0535,3.2798
2023-05-13,44003,Kent,27.8798,8.3024,48.813,2.9267
2023-05-14,44003,Kent,19.4539,4.7639,47.4679,3.36
2023-05-15,44003,Kent,23.0952,9.0787,41.6577,4.0403
2023-05-16,44003,Kent,25.6155,10.5885,45.2386,4.3778
2023-05-17,44003,Kent,15.7646,-0.1509,53.3302,4.3512
2023-05-18,44003,Kent,16.0468,2.8655,41.1141,2.8468
2023-05-19,44003,Kent,18.3079,8.098,58.5629,3.889
2023-05-20,44003,Kent,17.5232,13.686,76.5177,4.2997
2023-05-21,44003,Kent,22.316,10.2909,62.136,2.6004
2023-05-22,44003,Kent,20.2511,6.4661,62.4512,3.0914
2023-05-23,44003,Kent,19.3541,4.9195,63.2926,2.7889
2023-05-24,44003,Kent,21.1552,8.5399,54.6465,2.0738
2023-05-25,44003,Kent,19.4753,4.9749,52.535,3.5473
2023-05-26,44003,Kent,22.8372,6.2394,42.901,2.1601
2023-05-27,44003,Kent,25.1027,9.5351,44.0884,2.1946
2023-05-28,44003,Kent,27.851,11.8239,47.527,3.6683
2023-05-29,44003,Kent,21.3522,4.9164,62.6536,4.1177
2023-05-30,44003,Kent,20.9063,7.2336,52.5286,2.3238
2023-05-31,44003,Kent,23.0896,9.2064,54.6248,1.8918
2023-06-01,44003,Kent,28.9635,12.3914,53.2256,2.2594
2023-06-02,44003,Kent,30.099,10.7814,62.9602,1.3777
2023-06-03,44003,Kent,12.9025,7.2258,86.1107,5.9359
2023-06-04,44003,Kent,13.6575,8.5223,67.9995,4.0151
2023-06-05,44003,Kent,17.7982,9.8421,67.0818,3.4288
2023-06-06,44003,Kent,23.5282,8.051,60.4926,3.3427
2023-06-07,44003,Kent,19.8488,8.4473,62.0924,2.9047
2023-06-08,44003,Kent,19.0031,7.216,65.8889,1.727
2023-06-09,44003,Kent,19.6715,9.4035,65.2234,1.5737
2023-06-10,44003,Kent,21.2408,9.9588,63.7826,1.9933
2023-06-11,44003,Kent,26.6316,13.2675,57.742,2.261
2023-06-12,44003,Kent,25.1738,16.7477,71.4541,3.0131
2023-06-13,44003,Kent,25.7253,11.9006,78.5747,2.9586
2023-06-14,44003,Kent,25.3761,12.3895,69.5151,3.3467
2023-06-15,44003,Kent,25.1905,13.7226,63.3,3.3079
2023-06-16,44003,Kent,27.3738,13.9453,59.3175,2.2967
2023-06-17,44003,Kent,20.673,12.439,75.535,2.1376
2023-06-18,44003,Kent,23.8579,12.9529,63.9965,2.5471
2023-06-19,44003,Kent,22.5845,11.2284,73.7505,1.9318
2023-06-20,44003,Kent,22.1859,10.1393,71.5591,2.6967
2023-06-21,44003,Kent,21.771,10.9576,66.1253,3.3025
2023-06-22,44003,Kent,23.8355,14.1325,62.1556,3.0698
2023-06-23,44003,Kent,25.7206,16.6788,68.433,1.7495
2023-06-24,44003,Kent,23.6819,18.0876,78.9346,2.5154
2023-06-25,44003,Kent,28.3075,18.0129,68.8834,2.3227
2023-06-26,44003,Kent,27.1293,18.3105,70.7533,3.1156
2023-06-27,44003,Kent,24.4652,18.3145,78.4092,4.2532
2023-06-28,44003,Kent,24.5579,17.1715,77.8894,2.8847
2023-06-29,44003,Kent,26.4181,14.9551,72.9495,2.1686
2023-06-30,44003,Kent,27.8614,15.4723,68.8569,2.4627
2023-07-01,44003,Kent,27.8179,16.787,71.3275,2.4962
2023-07-02,44003,Kent,26.1735,19.1273,79.143,2.8617
2023-07-03,44003,Kent,30.112,20.3441,73.8411,1.968
2023-07-04,44003,Kent,27.3761,18.9056,75.4017,1.1185
2023-07-05,44003,Kent,31.372,19.6487,67.405,1.7432
2023-07-06,44003,Kent,31.873,19.7883,69.0666,2.3397
2023-07-07,44003,Kent,28.8985,20.6903,71.638,2.1935
2023-07-08,44003,Kent,30.8533,20.9868,68.0811,1.4642
2023-07-09,44003,Kent,27.7865,19.8705,77.3565,2.5485
2023-07-10,44003,Kent,23.5573,16.505,90.2522,2.319
2023-07-11,44003,Kent,30.4788,17.8997,61.932,2.7616
2023-07-12,44003,Kent,31.9194,18.8515,64.6785,2.1025
2023-07-13,44003,Kent,30.2724,18.6595,77.2833,3.4067
2023-07-14,44003,Kent,26.3311,20.4888,82.8012,2.6063
2023-07-15,44003,Kent,29.2586,22.3581,76.6604,2.8277
2023-07-16,44003,Kent,25.3926,21.4594,86.4286,3.892
2023-07-17,44003,Kent,30.6016,21.1656,73.7132,2.4519
2023-07-18,44003,Kent,28.8912,20.9207,79.5734,2.7303
2023-07-19,44003,Kent,28.2357,18.0758,79.669,2.2673
2023-07-20,44003,Kent,30.4539,18.6443,61.4554,1.5253
2023-07-21,44003,Kent,27.0027,17.071,78.5169,2.3733
2023-07-22,44003,Kent,28.5359,16.6144,72.6023,1.2605
2023-07-23,44003,Kent,30.1188,16.9634,62.7276,2.1134
2023-07-24,44003,Kent,29.7498,18.5274,65.427,2.5378
2023-07-25,44003,Kent,29.8659,16.8082,74.4847,2.5601
2023-07-26,44003,Kent,31.1077,19.0412,63.9949,2.9437
2023-07-27,44003,Kent,31.1212,20.2404,79.7504,4.5654
2023-07-28,44003,Kent,32.1916,21.2305,72.1633,2.5215
2023-07-29,44003,Kent,30.2626,15.3553,84.9172,3.6958
2023-07-30,44003,Kent,24.9533,12.9685,62.0852,3.2202
2023-07-31,44003,Kent,27.3278,14.2201,61.0046,2.4007
2023-08-01,44003,Kent,24.9233,10.7571,66.7008,2.2644
2023-08-02,44003,Kent,25.19,11.6765,57.8423,1.7629
2023-08-03,44003,Kent,25.593,15.3246,66.864,3.3216
2023-08-04,44003,Kent,25.422,18.5123,73.4481,3.9078
2023-08-05,44003,Kent,28.26,13.9367,75.3314,1.0962
2023-08-06,44003,Kent,27.6038,15.1402,67.912,2.1175
2023-08-07,44003,Kent,23.8418,18.3486,87.1904,2.9806
2023-08-08,44003,Kent,28.1806,18.5133,76.2186,3.6791
2023-08-09,44003,Kent,27.7332,15.8673,67.6323,4.3337
2023-08-10,44003,Kent,26.741,17.2419,74.9399,3.0336
2023-08-11,44003,Kent,27.523,12.9956,70.7143,3.3031
2023-08-12,44003,Kent,28.0997,18.1852,66.8539,2.1939
2023-08-13,44003,Kent,28.5679,16.561,81.2604,3.2453
2023-08-14,44003,Kent,27.7095,18.0817,68.2809,2.382
2023-08-15,44003,Kent,21.7542,18.1329,92.9266,2.2268
2023-08-16,44003,Kent,21.9873,17.8608,91.9077,1.1888
2023-08-17,44003,Kent,24.1336,18.9288,82.6217,2.597
2023-08-18,44003,Kent,26.4951,13.1638,85.5353,3.3698
2023-08-19,44003,Kent,22.9963,13.3138,69.8349,3.8065
2023-08-20,44003,Kent,27.3875,15.317,64.202,3.1455
2023-08-21,44003,Kent,29.1259,16.1983,70.5423,2.0572
2023-08-22,44003,Kent,25.3888,12.4229,65.9841,3.485
2023-08-23,44003,Kent,25.2511,11.4106,58.1906,2.0283
2023-08-24,44003,Kent,23.9918,15.2739,71.8822,2.711
2023-08-25,44003,Kent,22.1886,18.3292,87.9521,4.2139
2023-08-26,44003,Kent,28.541,16.7971,79.7192,1.7552
2023-08-27,44003,Kent,25.9713,16.5436,74.8246,2.3173
2023-08-28,44003,Kent,23.4999,15.6209,80.0077,2.2753
2023-08-29,44003,Kent,24.1355,17.6022,80.2761,1.8341
2023-08-30,44003,Kent,26.9508,14.6678,83.0111,3.1126
2023-08-31,44003,Kent,23.5904,9.894,61.6424,3.8471
2023-09-01,44003,Kent,23.683,9.3905,58.5494,2.2998
2023-09-02,44003,Kent,24.4433,13.4903,66.6296,3.6154
2023-09-03,44003,Kent,29.4026,16.2307,67.1635,2.8833
2023-09-04,44003,Kent,30.4887,17.3423,69.7592,1.1236
2023-09-05,44003,Kent,31.3027,19.1795,72.1723,1.4997
2023-09-06,44003,Kent,31.7513,18.82,74.3128,1.8373
2023-09-07,44003,Kent,33.0005,20.0808,68.6658,2.0972
2023-09-08,44003,Kent,29.4183,21.666,76.2415,2.844
2023-09-09,44003,Kent,29.2609,20.2335,74.3167,2.0752
2023-09-10,44003,Kent,26.24,19.3822,77.2154,2.0284
2023-09-11,44003,Kent,25.1156,19.0603,70.4424,1.5345
2023-09-12,44003,Kent,26.7613,17.508,76.4818,1.2082
2023-09-13,44003,Kent,24.4935,15.9209,84.5017,2.4298
2023-09-14,44003,Kent,24.609,11.7806,71.3807,2.4129
2023-09-15,44003,Kent,20.2469,13.2686,65.8532,5.692
2023-09-16,44003,Kent,21.7051,8.8475,67.8189,5.2342
2023-09-17,44003,Kent,24.3648,13.659,56.8433,2.8446
2023-09-18,44003,Kent,18.5345,13.3068,86.4761,2.8778
2023-09-19,44003,Kent,22.04,9.8732,71.7181,3.9091
2023-09-20,44003,Kent,22.2626,7.6316,64.5544,2.8166
2023-09-21,44003,Kent,22.7804,8.9906,60.684,2.0824
2023-09-22,44003,Kent,21.5312,10.6354,65.7811,3.5777
2023-09-23,44003,Kent,15.5674,12.3055,83.3962,5.5643
2023-09-24,44003,Kent,16.2915,13.9327,85.9605,5.6748
2023-09-25,44003,Kent,15.6592,12.9331,87.6066,6.18
2023-09-26,44003,Kent,16.1262,5.2177,86.8406,5.134
2023-09-27,44003,Kent,19.3515,5.7812,66.8994,3.5221
2023-09-28,44003,Kent,19.9967,9.687,70.6646,3.2595
2023-09-29,44003,Kent,15.3084,11.7349,89.2542,4.2651
2023-09-30,44003,Kent,15.6142,10.2457,87.59,4.4055
2023-10-01,44003,Kent,22.0185,11.1141,60.8656,3.175
2023-10-02,44003,Kent,22.4246,6.4804,64.9009,2.3604
2023-10-03,44003,Kent,26.4159,11.5597,56.218,2.6172
2023-10-04,44003,Kent,28.7994,13.7502,58.2139,1.6754
2023-10-05,44003,Kent,23.7736,14.8456,63.1063,2.5201
2023-10-06,44003,Kent,22.94,17.0451,69.0791,2.7845
2023-10-07,44003,Kent,21.0663,8.6322,85.2294,3.2369
2023-10-08,44003,Kent,16.8844,4.8027,70.2453,5.1533
2023-10-09,44003,Kent,15.7127,5.5948,59.6037,3.7581
2023-10-10,44003,Kent,17.6973,6.8242,61.682,2.0738
2023-10-11,44003,Kent,19.869,5.9749,64.2237,2.2483
2023-10-12,44003,Kent,19.9274,5.7152,60.3426,1.6162
2023-10-13,44003,Kent,17.0213,4.9377,54.4878,3.5309
2023-10-14,44003,Kent,15.4117,7.5597,62.3574,2.3527
2023-10-15,44003,Kent,14.7363,7.0464,62.5593,3.7826
2023-10-16,44003,Kent,14.6339,5.4219,65.7815,3.1483
2023-10-17,44003,Kent,16.1634,7.8236,62.5695,1.2112
2023-10-18,44003,Kent,16.3047,7.1174,66.1872,1.2776
2023-10-19,44003,Kent,17.1886,7.4799,68.8031,2.9716
2023-10-20,44003,Kent,17.4598,10.8302,79.7803,3.8176
2023-10-21,44003,Kent,14.7141,9.5588,85.3715,3.8257
2023-10-22,44003,Kent,13.5226,5.254,67.5825,5.7574
2023-10-23,44003,Kent,16.4686,3.8384,57.2547,3.1753
2023-10-24,44003,Kent,15.8998,6.1547,61.7357,2.3392
2023-10-25,44003,Kent,22.1241,10.3073,58.8261,3.6522
2023-10-26,44003,Kent,25.2051,12.33,51.1675,2.2049
2023-10-27,44003,Kent,22.3947,10.6683,65.0789,2.7631
2023-10-28,44003,Kent,26.3611,11.089,57.4544,3.2119
2023-10-29,44003,Kent,11.8947,8.1317,72.9494,3.7413
2023-10-30,44003,Kent,12.5608,3.8557,91.2077,3.2475
2023-10-31,44003,Kent,9.8607,2.0487,53.3457,3.3171
2023-11-01,44003,Kent,7.2376,-3.4407,66.5001,3.4483
2023-11-02,44003,Kent,7.3478,-2.7993,51.5874,2.6469
2023-11-03,44003,Kent,12.2139,0.5856,61.8567,3.7675
2023-11-04,44003,Kent,15.6036,3.4361,61.2262,2.2263
2023-11-05,44003,Kent,16.4669,2.9894,54.98,2.0064
2023-11-06,44003,Kent,11.0017,4.2226,61.1018,2.6029
2023-11-07,44003,Kent,17.397,3.2698,73.7859,4.7896
2023-11-08,44003,Kent,6.2432,0.958,50.8095,4.6237
2023-11-09,44003,Kent,5.3523,-0.5755,84.8098,2.0605
2023-11-10,44003,Kent,9.4184,0.0544,66.7759,3.3732
2023-11-11,44003,Kent,10.5432,-3.6632,52.886,3.7732
2023-11-12,44003,Kent,5.9924,-6.0018,56.4721,2.8575
2023-11-13,44003,Kent,6.5426,-4.0257,55.4869,1.6596
2023-11-14,44003,Kent,8.5529,-3.3835,63.0564,3.1146
2023-11-15,44003,Kent,9.6139,-1.5872,62.0584,3.0738
2023-11-16,44003,Kent,17.1372,0.9311,52.2971,2.6179
2023-11-17,44003,Kent,17.1944,4.8047,70.0406,4.0356
2023-11-18,44003,Kent,12.7326,-3.1691,84.8304,3.2554
2023-11-19,44003,Kent,10.7155,-2.768,49.2255,3.905
2023-11-20,44003,Kent,4.6578,-5.9651,47.6081,4.3255
2023-11-21,44003,Kent,7.8653,-4.5374,56.1649,4.2695
2023-11-22,44003,Kent,12.0278,3.5076,77.5072,5.8786
2023-11-23,44003,Kent,10.3012,1.2798,58.9913,3.9563
2023-11-24,44003,Kent,9.1652,-6.3647,54.3564,4.2116
2023-11-25,44003,Kent,2.6978,-6.6415,41.7518,2.422
2023-11-26,44003,Kent,11.5525,-4.9533,62.5613,3.7617
2023-11-27,44003,Kent,10.8909,0.8505,69.4903,5.0485
2023-11-28,44003,Kent,3.2901,-3.6423,46.7976,6.2168
2023-11-29,44003,Kent,2.0782,-4.0356,45.6304,4.6406
2023-11-30,44003,Kent,7.9593,-3.1776,53.1283,4.1306
2023-12-01,44003,Kent,11.9474,2.7325,62.2958,3.6792
2023-12-02,44003,Kent,11.0753,4.6984,75.7494,2.4787
2023-12-03,44003,Kent,7.4058,4.1898,75.5624,3.9311
2023-12-04,44003,Kent,10.9024,0.6356,65.5707,2.7803
2023-12-05,44003,Kent,4.0861,-2.7783,63.0631,2.9669
2023-12-06,44003,Kent,3.058,-7.0718,57.1489,3.8926
2023-12-07,44003,Kent,0.2702,-6.5581,54.9573,3.3068
2023-12-08,44003,Kent,7.2797,-4.0481,55.212,1.6973
2023-12-09,44003,Kent,11.5722,-0.7262,70.3448,2.7544
2023-12-10,44003,Kent,16.3946,6.5053,68.4302,4.8397
2023-12-11,44003,Kent,6.9365,-1.5142,88.8417,5.8713
2023-12-12,44003,Kent,5.777,-2.1485,54.6271,4.5855
2023-12-13,44003,Kent,6.7599,-4.4416,51.0125,4.7138
2023-12-14,44003,Kent,2.6126,-4.7341,41.8201,3.966
2023-12-15,44003,Kent,13.4434,-0.6567,42.99,4.1393
2023-12-16,44003,Kent,12.0746,-0.0087,49.8109,3.3021
2023-12-17,44003,Kent,14.7124,3.0871,65.8697,5.3075
2023-12-18,44003,Kent,15.8955,2.6155,78.2611,9.3948
2023-12-19,44003,Kent,7.6272,-1.8309,57.1294,4.2894
2023-12-20,44003,Kent,6.5761,-2.3141,44.3292,4.236
2023-12-21,44003,Kent,3.1351,-8.0664,49.6738,5.2482
2023-12-22,44003,Kent,2.5442,-8.223,37.2047,1.9346
2023-12-23,44003,Kent,5.6849,-6.201,56.9628,1.5608
2023-12-24,44003,Kent,7.2051,1.7528,66.7841,1.0125
2023-12-25,44003,Kent,13.253,-0.8274,60.7529,1.3724
2023-12-26,44003,Kent,10.2162,0.6019,64.0128,0.9282
2023-12-27,44003,Kent,9.7872,4.3524,69.7675,1.6087
2023-12-28,44003,Kent,7.5648,4.7163,82.2309,3.8725
2023-12-29,44003,Kent,7.3292,4.3881,76.2196,2.6375
2023-12-30,44003,Kent,6.6705,0.907,68.9315,3.7581
2023-12-31,44003,Kent,3.7843,0.1287,51.3503,3.4607
2024-01-01,44003,Kent,6.2388,-6.016,49.8522,2.0715
2024-01-02,44003,Kent,5.2302,-6.0808,45.0569,2.2451
2024-01-03,44003,Kent,5.88,-3.6846,48.7631,2.3878
2024-01-04,44003,Kent,6.222,-6.3185,48.7489,4.0555
2024-01-05,44003,Kent,1.7416,-7.3268,39.7005,4.3029
2024-01-06,44003,Kent,2.0261,-6.0203,62.9551,4.0876
2024-01-07,44003,Kent,1.3423,-4.1694,74.8919,6.3195
2024-01-08,44003,Kent,2.8179,-7.8603,58.0466,3.9187
2024-01-09,44003,Kent,12.4046,-6.3251,49.2152,5.7032
2024-01-10,44003,Kent,11.8899,3.2543,50.1529,7.9593
2024-01-11,44003,Kent,6.1978,-1.5508,54.1618,4.3732
2024-01-12,44003,Kent,9.3164,-1.1683,49.2437,3.504
2024-01-13,44003,Kent,14.1978,-0.5735,48.1377,8.2387
2024-01-14,44003,Kent,4.3451,-7.2712,50.2551,7.2868
2024-01-15,44003,Kent,-0.3343,-6.2282,39.3322,3.0143
2024-01-16,44003,Kent,0.2064,-8.4846,76.74,3.9718
2024-01-17,44003,Kent,-4.0744,-9.8502,50.0426,6.152
2024-01-18,44003,Kent,-1.6834,-9.6133,50.7089,4.6431
2024-01-19,44003,Kent,-2.9431,-10.4784,58.7738,4.0855
2024-01-20,44003,Kent,-6.5329,-11.3337,40.5006,5.8255
2024-01-21,44003,Kent,-2.8364,-11.6261,45.8609,5.4684
2024-01-22,44003,Kent,3.2393,-10.0716,52.8664,4.3235
2024-01-23,44003,Kent,3.8329,-0.5928,53.203,2.9397
2024-01-24,44003,Kent,9.9413,-0.0112,50.5376,2.5565
2024-01-25,44003,Kent,11.7049,2.95,49.1432,3.3177
2024-01-26,44003,Kent,5.4196,2.5392,59.8318,2.581
2024-01-27,44003,Kent,3.9671,1.8173,59.9453,1.6107
2024-01-28,44003,Kent,2.7622,0.9435,68.872,4.3742
2024-01-29,44003,Kent,2.3759,-0.4878,60.887,5.4587
2024-01-30,44003,Kent,-0.6217,-3.1281,54.1631,2.9632
2024-01-31,44003,Kent,1.2373,-3.1588,53.651,1.4295
2024-02-01,44003,Kent,6.0174,0.4,58.9158,3.2116
2024-02-02,44003,Kent,5.5318,-1.5337,65.8775,3.1425
2024-02-03,44003,Kent,3.4003,-6.2194,52.2644,4.7068
2024-02-04,44003,Kent,5.3515,-5.895,38.7601,4.2235
2024-02-05,44003,Kent,5.7313,-4.6137,36.5682,4.376
2024-02-06,44003,Kent,3.2141,-4.5965,52.7597,3.7271
2024-02-07,44003,Kent,6.2334,-5.4968,54.5938,2.341
2024-02-08,44003,Kent,9.7965,-4.4568,47.3089,1.1018
2024-02-09,44003,Kent,9.1511,-0.7463,60.549,3.1692
2024-02-10,44003,Kent,13.5079,0.6003,58.973,2.7901
2024-02-11,44003,Kent,7.7837,-3.6066,61.0114,3.2316
2024-02-12,44003,Kent,7.1523,-2.7267,54.033,1.4863
2024-02-13,44003,Kent,0.8216,-3.8904,75.3131,5.1297
2024-02-14,44003,Kent,0.0364,-7.6382,50.1112,7.0273
2024-02-15,44003,Kent,3.0757,-6.5842,44.9342,4.7126
2024-02-16,44003,Kent,3.2677,-4.2875,53.0094,5.7306
2024-02-17,44003,Kent,0.8087,-10.2631,69.7076,2.6946
2024-02-18,44003,Kent,1.7636,-8.9615,59.1403,6.1522
2024-02-19,44003,Kent,2.2369,-9.4791,52.8723,3.7932
2024-02-20,44003,Kent,2.807,-10.101,45.4239,2.0018
2024-02-21,44003,Kent,4.2299,-8.8417,58.0687,2.1066
2024-02-22,44003,Kent,5.3716,-6.2421,62.6868,2.4276
2024-02-23,44003,Kent,7.5052,0.9433,63.2962,1.7686
2024-02-24,44003,Kent,6.1218,-1.6293,48.5391,3.8989
2024-02-25,44003,Kent,10.4786,0.4812,24.6829,2.7748
2024-02-26,44003,Kent,11.3493,1.0175,46.1052,3.3902
2024-02-27,44003,Kent,9.866,-0.2272,74.863,3.1567
2024-02-28,44003,Kent,7.6601,-0.2655,100.0,7.2555
2024-02-29,44003,Kent,10.6654,-7.9599,26.5285,6.8053
2024-03-01,44003,Kent,5.6014,-4.1088,40.845,3.8757
2024-03-02,44003,Kent,10.0504,2.8926,70.6603,4.061
2024-03-03,44003,Kent,17.0708,3.2094,62.9214,2.0488
2024-03-04,44003,Kent,14.1082,3.5601,61.5819,2.683
2024-03-05,44003,Kent,8.277,4.4906,81.6795,3.584
2024-03-06,44003,Kent,10.7265,5.6542,79.6432,2.9523
2024-03-07,44003,Kent,8.3651,2.317,77.9878,5.1938
2024-03-08,44003,Kent,10.659,-1.4075,48.5242,3.6828
2024-03-09,44003,Kent,9.3321,1.8526,60.4813,5.3932
2024-03-10,44003,Kent,10.4193,-0.3545,70.3523,6.7065
2024-03-11,44003,Kent,7.2018,0.4093,43.7707,7.9106
2024-03-12,44003,Kent,14.0469,0.0934,34.7963,4.9677
2024-03-13,44003,Kent,14.2924,1.46,40.5327,2.1083
2024-03-14,44003,Kent,17.6048,4.6298,48.8921,1.5518
2024-03-15,44003,Kent,13.5117,0.7301,68.1636,2.9158
2024-03-16,44003,Kent,13.1815,3.6456,52.5638,2.9003
2024-03-17,44003,Kent,15.1246,2.2072,49.3899,4.8378
2024-03-18,44003,Kent,9.6791,-0.6501,43.719,3.5312
2024-03-19,44003,Kent,7.2381,0.7767,42.3606,4.5049
2024-03-20,44003,Kent,10.796,-2.8033,56.3978,4.6426
2024-03-21,44003,Kent,3.5822,-4.8736,33.8449,7.5248
2024-03-22,44003,Kent,5.7532,-2.7715,34.9579,3.2139
2024-03-23,44003,Kent,10.6433,-3.1639,81.7927,5.5382
2024-03-24,44003,Kent,6.2929,-2.8471,40.9683,5.6785
2024-03-25,44003,Kent,6.5017,1.009,47.3655,6.363
2024-03-26,44003,Kent,4.384,1.5047,70.4802,5.1443
2024-03-27,44003,Kent,15.4066,4.2267,62.6192,1.2457
2024-03-28,44003,Kent,11.0792,3.1674,82.454,2.1391
2024-03-29,44003,Kent,11.1709,2.6331,50.0339,6.7228
2024-03-30,44003,Kent,13.3699,3.4607,39.4516,5.2675
2024-03-31,44003,Kent,15.0712,1.4442,41.9232,3.1671
2024-04-01,44003,Kent,13.1428,1.6203,55.2964,1.2019
2024-04-02,44003,Kent,11.5563,3.7238,59.8612,4.2689
2024-04-03,44003,Kent,5.7009,2.804,71.3776,8.7301
2024-04-04,44003,Kent,5.0668,-0.2025,77.8292,5.5787
2024-04-05,44003,Kent,7.7995,1.6878,54.0758,4.6615
2024-04-06,44003,Kent,8.535,1.5658,55.3306,4.3681
2024-04-07,44003,Kent,10.5005,-0.2021,53.1437,3.2407
2024-04-08,44003,Kent,18.0807,3.7373,37.9492,3.1014
2024-04-09,44003,Kent,22.5218,3.9226,37.7139,1.8453
2024-04-10,44003,Kent,15.3356,8.856,58.1917,3.2816
2024-04-11,44003,Kent,15.1907,9.8252,71.0272,3.4831
2024-04-12,44003,Kent,15.2183,6.8239,77.6343,7.0792
2024-04-13,44003,Kent,12.5257,6.4143,54.6561,5.952
2024-04-14,44003,Kent,15.5331,6.3683,50.4218,3.8896
2024-04-15,44003,Kent,23.8178,6.1294,45.9742,2.2392
2024-04-16,44003,Kent,20.2735,4.639,38.517,2.8725
2024-04-17,44003,Kent,15.1488,6.4563,47.7008,2.939
2024-04-18,44003,Kent,9.9937,5.728,62.0893,3.7181
2024-04-19,44003,Kent,14.1213,6.4568,52.9229,3.0039
2024-04-20,44003,Kent,15.7439,1.1926,70.9431,3.085
2024-04-21,44003,Kent,11.7443,0.0749,51.0346,3.4763
2024-04-22,44003,Kent,15.3381,0.0863,39.3522,2.7724
2024-04-23,44003,Kent,14.8421,2.5637,46.6024,2.6096
2024-04-24,44003,Kent,19.4825,0.5926,50.3665,4.207
2024-04-25,44003,Kent,14.0017,-1.1742,38.0318,2.5194
2024-04-26,44003,Kent,15.5779,0.5277,41.0233,1.8559
2024-04-27,44003,Kent,17.0732,5.9455,39.3629,3.55
2024-04-28,44003,Kent,19.7251,7.6167,56.024,3.5253
2024-04-29,44003,Kent,24.327,10.4003,53.4621,2.1748
2024-04-30,44003,Kent,16.6726,8.0201,65.7478,3.0164
2024-05-01,44003,Kent,17.3872,6.4814,66.5627,1.912
2024-05-02,44003,Kent,18.9086,8.0912,67.8194,3.4151
2024-05-03,44003,Kent,17.0716,4.6973,64.6013,2.7274
2024-05-04,44003,Kent,17.2728,7.4016,56.6182,2.8256
2024-05-05,44003,Kent,11.7454,7.7117,74.4583,3.5769
2024-05-06,44003,Kent,21.5675,11.4867,64.2907,2.7687
2024-05-07,44003,Kent,24.9882,8.9533,56.7531,1.7036
2024-05-08,44003,Kent,17.5832,10.5208,85.0821,2.535
2024-05-09,44003,Kent,20.7612,7.5873,61.1595,2.5567
2024-05-10,44003,Kent,15.2091,4.5476,62.2118,3.421
2024-05-11,44003,Kent,14.863,4.9759,59.8548,2.4841
2024-05-12,44003,Kent,14.5504,7.7362,59.2754,1.7497
2024-05-13,44003,Kent,19.8529,8.5607,54.9892,2.7429
2024-05-14,44003,Kent,21.9763,12.6094,57.5978,3.8171
2024-05-15,44003,Kent,18.8166,13.1541,74.0427,3.1711
2024-05-16,44003,Kent,15.9074,12.099,81.0896,5.6578
2024-05-17,44003,Kent,21.8175,11.9833,60.9834,3.7839
2024-05-18,44003,Kent,15.6601,11.5706,76.1216,3.2825
2024-05-19,44003,Kent,16.4541,10.57,75.4953,3.5794
2024-05-20,44003,Kent,22.068,10.5041,64.0043,2.1446
2024-05-21,44003,Kent,22.036,11.399,66.1655,3.0164
2024-05-22,44003,Kent,27.2354,13.6348,61.963,3.443
2024-05-23,44003,Kent,23.7113,14.0439,78.4572,3.1113
2024-05-24,44003,Kent,27.7061,11.2725,61.5253,3.1041
2024-05-25,44003,Kent,23.0316,12.0419,59.327,1.996
2024-05-26,44003,Kent,24.4123,15.7757,63.6437,1.7828
2024-05-27,44003,Kent,21.3908,16.4446,74.845,4.3364
2024-05-28,44003,Kent,26.1765,13.7255,70.1999,3.7482
2024-05-29,44003,Kent,23.6828,13.4876,60.3841,1.9185
2024-05-30,44003,Kent,16.8605,8.9328,79.7014,2.4066
2024-05-31,44003,Kent,24.6143,9.61,46.3484,2.9248
2024-06-01,44003,Kent,26.8038,10.2015,46.0944,2.1731
2024-06-02,44003,Kent,28.0571,15.2811,51.5713,2.0119
2024-06-03,44003,Kent,29.779,11.8111,56.9764,1.4539
2024-06-04,44003,Kent,23.324,13.2003,67.6299,2.7244
2024-06-05,44003,Kent,26.852,17.9137,60.5601,3.161
2024-06-06,44003,Kent,22.3407,15.6889,85.569,1.8862
2024-06-07,44003,Kent,26.902,13.1176,71.979,2.1859
2024-06-08,44003,Kent,24.6013,13.0104,57.0113,3.9571
2024-06-09,44003,Kent,21.9007,11.4497,73.3393,2.947
2024-06-10,44003,Kent,24.3501,10.4231,62.0385,2.6805
2024-06-11,44003,Kent,22.4573,12.4277,65.1862,1.553
2024-06-12,44003,Kent,25.1021,12.7953,64.5624,1.566
2024-06-13,44003,Kent,26.395,17.2757,62.4896,3.3021
2024-06-14,44003,Kent,27.1264,17.5222,71.3358,3.5039
2024-06-15,44003,Kent,25.7016,11.5082,63.6687,3.2317
2024-06-16,44003,Kent,23.0707,12.4627,52.5823,2.0689
2024-06-17,44003,Kent,25.2721,18.0744,64.5468,3.7158
2024-06-18,44003,Kent,29.4795,19.0167,66.8987,3.5171
2024-06-19,44003,Kent,30.0724,19.7388,64.232,3.5056
2024-06-20,44003,Kent,32.0296,20.1047,65.8691,3.3114
2024-06-21,44003,Kent,31.1989,19.73,66.9182,1.5685
2024-06-22,44003,Kent,25.833,18.0366,81.7451,1.6395
2024-06-23,44003,Kent,27.8251,20.8015,76.3331,4.4766
2024-06-24,44003,Kent,27.8592,17.2097,67.1873,4.7369
2024-06-25,44003,Kent,31.4639,20.1307,50.116,3.3185
2024-06-26,44003,Kent,29.1438,18.7769,71.7218,3.6714
2024-06-27,44003,Kent,27.9871,11.6928,73.5772,3.2283
2024-06-28,44003,Kent,23.9133,13.3096,50.0297,2.357
2024-06-29,44003,Kent,24.5808,18.4432,68.445,4.6713
2024-06-30,44003,Kent,26.6884,16.414,94.1562,4.0139
2024-07-01,44003,Kent,26.1021,14.4718,69.1602,3.4633
2024-07-02,44003,Kent,28.5801,13.4947,59.0686,1.757
2024-07-03,44003,Kent,26.9104,15.8497,63.6708,2.2817
2024-07-04,44003,Kent,26.5993,20.1032,73.6553,3.3302
2024-07-05,44003,Kent,26.1554,21.2164,83.2729,2.5444
2024-07-06,44003,Kent,24.7695,21.4245,92.1878,3.5236
2024-07-07,44003,Kent,29.0109,20.7532,82.5014,1.7108
2024-07-08,44003,Kent,32.5311,21.0947,69.8997,1.7619
2024-07-09,44003,Kent,28.8024,21.9429,78.4285,2.9247
2024-07-10,44003,Kent,28.6078,22.7348,83.3206,4.1658
2024-07-11,44003,Kent,29.3949,21.0998,78.2131,4.9326
2024-07-12,44003,Kent,28.6202,22.3921,75.9489,3.8183
2024-07-13,44003,Kent,26.6968,20.9211,81.8192,3.071
2024-07-14,44003,Kent,32.0261,21.1489,66.3647,2.4146
2024-07-15,44003,Kent,32.1075,22.4085,73.3983,3.0937
2024-07-16,44003,Kent,33.1055,21.3543,71.1247,4.0602
2024-07-17,44003,Kent,29.9679,22.1099,74.5971,3.035
2024-07-18,44003,Kent,30.5007,17.216,71.0729,2.7308
2024-07-19,44003,Kent,27.9051,16.9663,58.0422,2.2101
2024-07-20,44003,Kent,28.5694,19.9073,62.6202,2.7439
2024-07-21,44003,Kent,30.6096,18.632,61.3242,2.1566
2024-07-22,44003,Kent,28.4891,19.6055,70.6653,1.9961
2024-07-23,44003,Kent,24.6304,19.5611,84.7189,1.3547
2024-07-24,44003,Kent,23.0777,19.5282,86.4094,1.8702
2024-07-25,44003,Kent,28.239,15.6186,77.3627,3.1739
2024-07-26,44003,Kent,29.3375,15.3996,55.5663,2.622
2024-07-27,44003,Kent,29.4486,15.379,62.0288,1.3163
2024-07-28,44003,Kent,26.8047,16.0895,70.4458,1.8003
2024-07-29,44003,Kent,23.8703,16.4331,77.3993,2.4858
2024-07-30,44003,Kent,28.9081,21.8064,75.3111,3.9668
2024-07-31,44003,Kent,26.7471,20.8306,83.611,3.7887
2024-08-01,44003,Kent,32.232,20.2173,67.5269,2.6994
2024-08-02,44003,Kent,30.8454,22.932,72.8158,1.8837
2024-08-03,44003,Kent,31.5228,21.4798,76.7827,3.328
2024-08-04,44003,Kent,28.0936,19.3988,81.016,4.1881
2024-08-05,44003,Kent,29.7924,21.3957,71.5285,2.599
2024-08-06,44003,Kent,24.3583,15.0423,94.7008,2.2757
2024-08-07,44003,Kent,20.5621,14.668,87.5773,2.9258
2024-08-08,44003,Kent,22.0754,17.0055,81.5265,3.3882
2024-08-09,44003,Kent,27.2547,20.4374,83.3419,5.5484
2024-08-10,44003,Kent,29.683,15.9501,84.2329,3.9054
2024-08-11,44003,Kent,26.1942,13.9636,77.6975,2.4458
2024-08-12,44003,Kent,25.8591,13.6016,65.6896,2.9965
2024-08-13,44003,Kent,26.7486,14.8495,62.9216,2.6011
2024-08-14,44003,Kent,27.7795,15.6285,68.8116,1.194
2024-08-15,44003,Kent,28.29,15.9151,70.018,0.9147
2024-08-16,44003,Kent,25.1279,17.0427,76.9983,1.6966
2024-08-17,44003,Kent,23.1658,17.6692,75.2694,2.5377
2024-08-18,44003,Kent,23.704,18.5186,79.6962,2.2826
2024-08-19,44003,Kent,25.601,15.4618,86.9029,2.3492
2024-08-20,44003,Kent,22.2075,10.2555,81.7361,2.9923
2024-08-21,44003,Kent,22.7629,10.6245,64.4727,2.8928
2024-08-22,44003,Kent,23.5847,12.2646,61.5107,3.1049
2024-08-23,44003,Kent,26.7667,13.8276,56.1191,2.1844
2024-08-24,44003,Kent,27.4089,14.8421,62.8987,2.1849
2024-08-25,44003,Kent,26.894,17.2728,67.653,1.9903
2024-08-26,44003,Kent,26.2973,13.5821,75.3632,1.1863
2024-08-27,44003,Kent,26.0844,17.1992,71.4544,1.9159
2024-08-28,44003,Kent,30.9329,16.8554,73.4686,3.3778
2024-08-29,44003,Kent,23.8662,11.8617,70.9175,2.5212
2024-08-30,44003,Kent,23.1475,13.9189,67.0398,2.6367
2024-08-31,44003,Kent,25.618,16.836,71.7039,2.4793
2024-09-01,44003,Kent,24.9662,17.8819,82.4303,3.4891
2024-09-02,44003,Kent,24.8576,9.2405,71.5814,2.7436
2024-09-03,44003,Kent,22.3148,9.4875,47.6196,2.2534
2024-09-04,44003,Kent,25.0075,10.5831,52.9022,1.1665
2024-09-05,44003,Kent,23.7596,12.6355,60.4476,2.0147
2024-09-06,44003,Kent,25.0151,13.0468,73.3093,3.1727
2024-09-07,44003,Kent,23.0791,9.8952,80.2251,2.9388
2024-09-08,44003,Kent,19.567,8.4216,61.8556,3.9271
2024-09-09,44003,Kent,22.8113,11.9138,54.5664,3.8147
2024-09-10,44003,Kent,24.1359,9.5642,58.0412,2.4905
2024-09-11,44003,Kent,24.2614,11.0823,50.9083,1.5078
2024-09-12,44003,Kent,24.7445,11.6298,58.757,1.6967
2024-09-13,44003,Kent,25.6777,13.5232,61.3476,1.3751
2024-09-14,44003,Kent,27.9013,14.5427,60.2393,1.8886
2024-09-15,44003,Kent,24.9318,9.7616,64.3112,2.1338
2024-09-16,44003,Kent,25.1414,11.7023,53.1364,1.2475
2024-09-17,44003,Kent,26.4533,12.6403,56.0736,1.3147
2024-09-18,44003,Kent,22.1764,14.3594,68.4094,1.546
2024-09-19,44003,Kent,22.2792,16.4219,70.2327,3.9261
2024-09-20,44003,Kent,17.2518,13.7519,94.4428,5.3441
2024-09-21,44003,Kent,15.7565,12.2682,92.3717,5.4335
2024-09-22,44003,Kent,18.5417,10.8532,76.368,4.3148
2024-09-23,44003,Kent,17.5317,10.4511,79.3936,3.5297
2024-09-24,44003,Kent,18.4155,11.7878,70.9976,3.5041
2024-09-25,44003,Kent,18.2096,13.5861,76.1803,3.2284
2024-09-26,44003,Kent,20.3382,14.8568,83.5211,3.3083
2024-09-27,44003,Kent,22.9633,14.7435,76.9669,0.9896
2024-09-28,44003,Kent,21.933,13.3626,76.807,2.9173
2024-09-29,44003,Kent,18.8493,10.4193,81.6337,2.3044
2024-09-30,44003,Kent,21.6191,11.0374,66.3076,2.2422
2024-10-01,44003,Kent,20.6906,9.8074,68.0724,3.3813
2024-10-02,44003,Kent,19.7313,9.1208,66.3833,2.5548
2024-10-03,44003,Kent,21.0177,10.4127,62.1535,1.5339
2024-10-04,44003,Kent,21.4888,11.8266,64.6915,1.9972
2024-10-05,44003,Kent,22.4395,6.8704,63.0626,1.7783
2024-10-06,44003,Kent,19.7701,9.0106,53.321,2.1897
2024-10-07,44003,Kent,18.8757,7.4908,79.4298,2.7369
2024-10-08,44003,Kent,17.6711,6.8739,55.7081,2.7697
2024-10-09,44003,Kent,17.1777,5.2163,56.8716,2.8418
2024-10-10,44003,Kent,15.2298,2.4279,53.4305,4.5858
2024-10-11,44003,Kent,18.7747,4.5371,52.6486,4.2493
2024-10-12,44003,Kent,21.5151,3.5869,44.1886,4.5051
2024-10-13,44003,Kent,13.3724,6.2622,68.5831,2.3901
2024-10-14,44003,Kent,14.535,2.6067,81.787,3.1362
2024-10-15,44003,Kent,12.2648,2.2762,54.2783,4.5593
2024-10-16,44003,Kent,12.8301,0.6842,53.5099,4.1553
2024-10-17,44003,Kent,11.8314,2.8221,56.4491,2.727
2024-10-18,44003,Kent,16.6725,2.6921,50.4434,3.2234
2024-10-19,44003,Kent,19.581,4.7133,49.0927,1.914
2024-10-20,44003,Kent,22.5364,7.2969,47.4398,3.1806
2024-10-21,44003,Kent,25.7635,9.9586,43.1767,2.6218
2024-10-22,44003,Kent,25.08,10.8836,51.8229,1.7273
2024-10-23,44003,Kent,22.4476,11.3926,63.9053,3.1621
2024-10-24,44003,Kent,20.5711,4.7678,67.3025,3.2253
2024-10-25,44003,Kent,15.5873,5.5101,49.7334,3.0411
2024-10-26,44003,Kent,16.6959,1.9009,48.4187,4.1543
2024-10-27,44003,Kent,11.969,1.8237,38.151,3.4524
2024-10-28,44003,Kent,11.0669,0.8373,50.4997,2.3647
2024-10-29,44003,Kent,13.1086,5.9167,65.8078,4.4758
2024-10-30,44003,Kent,20.3443,11.1452,66.2294,3.8819
2024-10-31,44003,Kent,23.4559,11.4702,55.7045,3.6937
2024-11-01,44003,Kent,24.7577,5.0988,57.7603,5.1365
2024-11-02,44003,Kent,14.5062,-1.611,54.8068,2.9246
2024-11-03,44003,Kent,9.7011,-3.1289,43.2553,2.4554
2024-11-04,44003,Kent,11.8862,-0.9765,61.267,2.7355
2024-11-05,44003,Kent,21.6524,9.083,59.1182,4.4905
2024-11-06,44003,Kent,23.1889,11.091,64.7251,4.8589
2024-11-07,44003,Kent,19.9125,2.5211,59.3042,3.6391
2024-11-08,44003,Kent,16.8296,1.9774,43.1237,5.2912
2024-11-09,44003,Kent,10.189,-3.0641,40.3137,5.1532
2024-11-10,44003,Kent,14.0513,-1.9563,57.4173,3.9339
2024-11-11,44003,Kent,18.3492,5.2509,71.5013,5.077
2024-11-12,44003,Kent,10.5626,-2.7511,60.1788,6.6569
2024-11-13,44003,Kent,6.659,-3.3984,44.0036,4.1252
2024-11-14,44003,Kent,7.0681,-3.7703,46.45,2.7681
2024-11-15,44003,Kent,13.7538,-2.8436,26.3995,3.6754
2024-11-16,44003,Kent,14.9827,2.0354,32.3099,4.008
2024-11-17,44003,Kent,16.7571,2.3378,31.2196,3.1212
2024-11-18,44003,Kent,16.1904,2.4006,44.2958,3.1103
2024-11-19,44003,Kent,13.8452,1.3481,45.5675,3.6279
2024-11-20,44003,Kent,13.1142,3.2976,49.1751,2.1363
2024-11-21,44003,Kent,8.233,3.5571,83.9319,4.7749
2024-11-22,44003,Kent,8.5558,1.9487,71.8632,3.9221
2024-11-23,44003,Kent,7.4681,2.1911,70.63,5.731
2024-11-24,44003,Kent,8.418,0.346,56.0759,7.0519
2024-11-25,44003,Kent,9.9523,-1.8262,47.6911,3.82
2024-11-26,44003,Kent,9.0495,-1.7589,79.6416,3.134
2024-11-27,44003,Kent,9.3371,-1.2895,55.1201,2.9188
2024-11-28,44003,Kent,8.1468,-1.0183,88.0633,4.7539
2024-11-29,44003,Kent,7.1265,-4.4979,61.6117,4.0705
2024-11-30,44003,Kent,3.548,-5.6893,54.0678,4.2702
2024-12-01,44003,Kent,1.3297,-7.1611,56.9127,4.5479
2024-12-02,44003,Kent,3.0032,-6.9754,46.9017,2.7319
2024-12-03,44003,Kent,1.441,-6.9805,54.6011,2.7983
2024-12-04,44003,Kent,5.3841,-6.3109,58.3138,4.2622
2024-12-05,44003,Kent,3.6543,-2.906,75.635,5.7533
2024-12-06,44003,Kent,-0.4426,-5.5161,45.9617,6.1726
2024-12-07,44003,Kent,4.9886,-4.8961,46.8482,3.9557
2024-12-08,44003,Kent,8.3209,-1.2657,55.9369,4.8657
2024-12-09,44003,Kent,8.6968,-0.6484,65.3787,2.911
2024-12-10,44003,Kent,7.5182,1.2855,71.9211,2.8768
2024-12-11,44003,Kent,15.5735,1.1827,84.303,6.9507
2024-12-12,44003,Kent,4.6538,-5.2366,56.2788,6.388
2024-12-13,44003,Kent,-0.3114,-8.7226,45.648,3.749
2024-12-14,44003,Kent,0.4219,-9.2799,42.9511,2.7798
2024-12-15,44003,Kent,1.6903,-8.5643,58.3854,2.1678
2024-12-16,44003,Kent,12.299,0.2861,57.692,3.7253
2024-12-17,44003,Kent,14.6028,-0.2065,74.2052,4.7598
2024-12-18,44003,Kent,9.7594,0.0352,64.7359,1.9396
2024-12-19,44003,Kent,5.9028,-1.6492,59.8393,3.4915
2024-12-20,44003,Kent,0.8001,-4.4793,79.877,4.9291
2024-12-21,44003,Kent,-2.2718,-12.6765,61.6752,5.7194
2024-12-22,44003,Kent,-7.1172,-14.9494,44.1578,5.0868
2024-12-23,44003,Kent,-2.4766,-14.7911,56.1392,2.2478
2024-12-24,44003,Kent,0.5905,-5.5765,72.2572,3.9123
2024-12-25,44003,Kent,0.3736,-6.1154,58.064,3.1442
2024-12-26,44003,Kent,3.4969,-7.5857,57.3316,1.6671
2024-12-27,44003,Kent,4.463,-7.3176,61.0374,1.6155
2024-12-28,44003,Kent,8.1387,2.1522,59.5227,2.1726
2024-12-29,44003,Kent,12.2193,6.5023,58.217,2.4702
2024-12-30,44003,Kent,13.9344,3.7034,53.331,4.9861
2024-12-31,44003,Kent,11.7224,1.5529,73.8587,2.9221
2025-01-01,44003,Kent,9.1723,0.6522,71.2816,5.2846
2025-01-02,44003,Kent,5.3951,-1.857,45.5373,7.9989
2025-01-03,44003,Kent,2.6512,-5.7769,47.7892,6.461
2025-01-04,44003,Kent,-1.2455,-5.3744,37.6179,6.3961
2025-01-05,44003,Kent,0.2909,-6.7328,38.2177,6.514
2025-01-06,44003,Kent,-3.2979,-10.5306,52.5955,4.1215
2025-01-07,44003,Kent,-3.2319,-9.9626,43.426,7.5247
2025-01-08,44003,Kent,-2.7709,-8.95,39.3353,8.4615
2025-01-09,44003,Kent,-1.8723,-7.8627,40.5068,8.0415
2025-01-10,44003,Kent,5.418,-5.4236,40.7943,4.2727
2025-01-11,44003,Kent,-0.2728,-6.7927,72.4383,3.1638
2025-01-12,44003,Kent,3.0044,-6.4184,45.4248,3.0856
2025-01-13,44003,Kent,4.828,-6.2473,53.336,3.0382
2025-01-14,44003,Kent,-0.1499,-8.1156,46.6322,5.9973
2025-01-15,44003,Kent,-1.7289,-11.4134,40.3935,5.8132
2025-01-16,44003,Kent,-0.9425,-10.5166,46.2182,3.0602
2025-01-17,44003,Kent,2.3809,-8.5213,48.9984,2.6092
2025-01-18,44003,Kent,6.2971,-3.4509,69.9349,3.8051
2025-01-19,44003,Kent,5.2914,-9.0745,79.6026,3.1311
2025-01-20,44003,Kent,-4.6407,-16.789,67.7665,4.8616
2025-01-21,44003,Kent,-7.8358,-17.3631,50.765,3.2972
2025-01-22,44003,Kent,-5.276,-16.7704,47.728,2.7909
2025-01-23,44003,Kent,-1.2733,-13.031,65.4031,2.7378
2025-01-24,44003,Kent,-0.1133,-13.5734,56.6441,3.1697
2025-01-25,44003,Kent,-0.6161,-11.9355,57.0933,4.1596
2025-01-26,44003,Kent,4.2997,-7.3533,55.5204,4.7301
2025-01-27,44003,Kent,3.1764,-5.4183,52.6479,5.9305
2025-01-28,44003,Kent,3.1273,-6.6128,50.8719,5.8843
2025-01-29,44003,Kent,8.5195,-7.9531,50.9416,6.0746
2025-01-30,44003,Kent,1.9572,-8.2096,31.3097,5.5624
2025-01-31,44003,Kent,5.3453,-1.7883,68.187,2.5518
2025-02-01,44003,Kent,0.0081,-14.5007,75.0781,5.1729
2025-02-02,44003,Kent,-1.3084,-12.967,62.8719,3.2987
2025-02-03,44003,Kent,5.7881,-3.2108,68.7145,3.76
2025-02-04,44003,Kent,5.9027,-8.9477,55.6246,5.3553
2025-02-05,44003,Kent,-0.7998,-10.611,34.5332,3.1118
2025-02-06,44003,Kent,3.382,-6.3813,66.5685,3.2677
2025-02-07,44003,Kent,4.3406,-7.433,53.2154,5.699
2025-02-08,44003,Kent,1.2468,-6.7697,47.8243,2.744
2025-02-09,44003,Kent,0.2029,-9.0754,76.6032,3.2928
2025-02-10,44003,Kent,0.9721,-14.2508,64.3562,3.4311
2025-02-11,44003,Kent,-0.0443,-11.6297,65.9964,2.9876
2025-02-12,44003,Kent,1.8719,-4.0307,64.7583,4.5753
2025-02-13,44003,Kent,4.4586,-4.9136,72.8895,5.6767
2025-02-14,44003,Kent,0.6822,-10.2955,56.0953,5.6685
2025-02-15,44003,Kent,0.0505,-8.8746,61.1677,2.6623
2025-02-16,44003,Kent,5.264,-5.2403,75.1634,5.8217
2025-02-17,44003,Kent,-1.3502,-10.7453,48.7708,9.3813
2025-02-18,44003,Kent,-4.1297,-11.04,38.9664,8.1027
2025-02-19,44003,Kent,-0.7923,-12.5715,46.2755,5.065
2025-02-20,44003,Kent,0.286,-11.1717,54.7,3.2113
2025-02-21,44003,Kent,2.3855,-3.949,42.4606,5.9428
2025-02-22,44003,Kent,0.9133,-3.7518,45.199,3.8924
2025-02-23,44003,Kent,-1.2433,-7.5689,77.7901,3.2223
2025-02-24,44003,Kent,-0.5018,-13.5612,99.1083,2.7
2025-02-25,44003,Kent,3.7639,-8.0233,93.2544,3.1854
2025-02-26,44003,Kent,7.4575,-8.9691,64.4096,3.3419
2025-02-27,44003,Kent,6.2576,-8.569,92.9519,4.2591
2025-02-28,44003,Kent,10.2152,-3.6244,45.4514,3.8286
2025-03-01,44003,Kent,4.3742,-11.6067,94.9511,5.1467
2025-03-02,44003,Kent,-1.8384,-11.2209,36.5328,5.9246
2025-03-03,44003,Kent,0.8537,-10.4569,36.2328,3.2623
2025-03-04,44003,Kent,8.7009,-2.7387,51.8056,4.67
2025-03-05,44003,Kent,13.342,6.7531,64.0679,6.5662
2025-03-06,44003,Kent,12.3677,-1.7638,79.1209,4.7084
2025-03-07,44003,Kent,5.8455,-2.1951,39.2707,8.5153
2025-03-08,44003,Kent,5.9764,-3.0115,39.3365,6.3118
2025-03-09,44003,Kent,8.142,-2.2593,41.7664,4.7605
2025-03-10,44003,Kent,17.2188,0.2847,36.0024,2.8104
2025-03-11,44003,Kent,15.5702,1.8012,52.9171,3.2127
2025-03-12,44003,Kent,12.2142,1.4101,39.9445,3.3144
2025-03-13,44003,Kent,9.6749,2.1754,49.5135,3.936
2025-03-14,44003,Kent,15.6548,1.8143,49.1503,2.0725
2025-03-15,44003,Kent,11.8544,4.6655,64.9541,2.9117
2025-03-16,44003,Kent,19.004,9.0292,58.8055,5.2079
2025-03-17,44003,Kent,14.0789,1.8824,76.3705,4.9623
2025-03-18,44003,Kent,12.2661,-0.0482,48.785,4.292
2025-03-19,44003,Kent,18.5822,2.9701,39.2919,1.9099
2025-03-20,44003,Kent,13.0043,4.7154,70.519,3.444
2025-03-21,44003,Kent,8.6242,-0.3128,62.2575,5.7025
2025-03-22,44003,Kent,15.3931,-1.9972,44.5241,5.1387
2025-03-23,44003,Kent,7.6977,-1.9723,32.702,4.2107
2025-03-24,44003,Kent,8.6413,1.7787,71.7395,3.9875
2025-03-25,44003,Kent,13.7493,1.9526,49.2135,3.2318
2025-03-26,44003,Kent,11.248,-1.7556,48.5756,2.4324
2025-03-27,44003,Kent,9.8623,-1.2559,38.0937,4.224
2025-03-28,44003,Kent,16.4342,5.3334,37.589,4.0077
2025-03-29,44003,Kent,9.0319,1.4322,74.201,2.8665
2025-03-30,44003,Kent,10.8574,2.507,68.5938,3.3046
2025-03-31,44003,Kent,14.0237,5.9144,83.7251,4.3365
2025-04-01,44003,Kent,12.1642,-2.1228,60.3129,4.4898
2025-04-02,44003,Kent,8.9131,0.3105,44.1907,4.0877
2025-04-03,44003,Kent,16.3999,6.4849,74.0493,5.5429
2025-04-04,44003,Kent,20.1676,4.7623,53.4868,3.1079
2025-04-05,44003,Kent,7.9285,3.5008,71.6737,4.1789
2025-04-06,44003,Kent,12.353,3.3881,73.3384,1.8653
2025-04-07,44003,Kent,4.3808,2.3383,78.9488,2.8703
2025-04-08,44003,Kent,6.5451,-2.9666,61.0418,5.2238
2025-04-09,44003,Kent,8.6481,-2.5547,38.3232,3.9284
2025-04-10,44003,Kent,9.9603,0.6409,48.5058,2.3045
2025-04-11,44003,Kent,9.6746,1.5088,59.3284,3.9129
2025-04-12,44003,Kent,3.8149,1.5259,79.327,6.0734
2025-04-13,44003,Kent,9.1482,1.8663,67.9643,4.8548
2025-04-14,44003,Kent,20.4441,6.8578,39.3221,3.6023
2025-04-15,44003,Kent,17.1296,4.6386,62.9723,4.2257
2025-04-16,44003,Kent,10.6788,2.9705,46.6258,6.2815
2025-04-17,44003,Kent,15.803,1.167,38.0787,4.1652
2025-04-18,44003,Kent,17.482,7.3436,38.5686,3.848
2025-04-19,44003,Kent,25.5718,11.3838,50.7906,4.9115
2025-04-20,44003,Kent,18.2251,2.1413,45.1265,5.7111
2025-04-21,44003,Kent,14.2872,6.702,40.4132,3.114
2025-04-22,44003,Kent,23.7642,9.6745,53.1315,3.0983
2025-04-23,44003,Kent,22.2538,7.2127,39.9393,2.3596
2025-04-24,44003,Kent,21.3313,10.2913,42.8371,2.7306
2025-04-25,44003,Kent,25.3295,12.7955,43.7412,3.0828
2025-04-26,44003,Kent,15.8876,6.8225,86.5059,4.9427
2025-04-27,44003,Kent,14.7629,6.2591,52.0113,5.8609
2025-04-28,44003,Kent,24.8181,8.3052,32.5318,3.4407
2025-04-29,44003,Kent,23.7381,13.8197,40.8062,5.5391
2025-04-30,44003,Kent,23.1448,5.4268,46.3013,4.9427
2025-05-01,44003,Kent,18.6676,8.4447,43.3907,2.5826
2025-05-02,44003,Kent,24.791,11.7309,62.2471,3.3574
2025-05-03,44003,Kent,25.9297,13.5602,59.7406,3.1202
2025-05-04,44003,Kent,24.129,13.2064,66.7715,2.9895
2025-05-05,44003,Kent,16.1581,11.2398,81.8378,4.2155
2025-05-06,44003,Kent,17.6937,11.8018,76.374,4.2329
2025-05-07,44003,Kent,22.3317,10.7614,62.3875,3.0703
2025-05-08,44003,Kent,23.9657,12.1292,56.1465,1.4926
2025-05-09,44003,Kent,16.4017,8.7943,83.5617,3.6627
2025-05-10,44003,Kent,18.9898,7.7628,63.887,0.0
2025-05-11,44003,Kent,22.7337,3.4253,47.3502,3.3102
2025-05-12,44003,Kent,21.3421,10.7578,48.3834,3.4106
2025-05-13,44003,Kent,22.2844,10.1753,56.6581,3.1109
2025-05-14,44003,Kent,23.926,14.2934,54.9025,3.2605
2025-05-15,44003,Kent,19.4366,15.2974,75.6625,2.123
2025-05-16,44003,Kent,23.3561,14.2675,71.1516,2.2667
2025-05-17,44003,Kent,24.8245,13.0241,72.0666,3.6208
2025-05-18,44003,Kent,21.4353,10.3988,62.9979,5.5454
2025-05-19,44003,Kent,18.143,8.2566,62.1739,5.4689
2025-05-20,44003,Kent,15.8241,8.0758,62.2699,3.4832
2025-05-21,44003,Kent,10.4919,6.5077,76.6926,4.2983
2025-05-22,44003,Kent,8.2445,5.7468,87.8035,5.4413
2025-05-23,44003,Kent,13.9759,7.2419,70.1156,3.4767
2025-05-24,44003,Kent,17.6694,7.7212,60.0795,4.0761
2025-05-25,44003,Kent,17.0718,7.3187,65.1085,3.1325
2025-05-26,44003,Kent,21.6322,7.88,54.9148,1.8139
2025-05-27,44003,Kent,24.6797,11.3923,48.028,2.6593
2025-05-28,44003,Kent,23.2636,11.2068,55.2277,3.2151
2025-05-29,44003,Kent,18.412,13.8506,72.4751,2.3291
2025-05-30,44003,Kent,22.1734,14.0271,70.467,2.9224
2025-05-31,44003,Kent,18.5728,8.5444,79.9414,5.6828
2025-06-01,44003,Kent,17.5242,8.1907,61.5427,4.6294
2025-06-02,44003,Kent,21.4855,8.9518,54.9507,2.9764
2025-06-03,44003,Kent,26.4569,12.2161,46.6679,2.069
2025-06-04,44003,Kent,26.8251,14.3043,58.7326,2.8054
2025-06-05,44003,Kent,31.9675,18.0133,60.1986,2.6739
2025-06-06,44003,Kent,29.3303,17.5576,68.6573,2.2821
2025-06-07,44003,Kent,23.1545,13.7822,81.4081,2.0587
2025-06-08,44003,Kent,23.4977,13.9189,70.9527,2.8368
2025-06-09,44003,Kent,20.5688,14.4581,75.4224,3.2157
2025-06-10,44003,Kent,19.1795,13.916,93.9355,2.0531
2025-06-11,44003,Kent,26.6601,16.1155,64.2992,3.4302
2025-06-12,44003,Kent,30.8686,15.4026,55.0024,4.0251
2025-06-13,44003,Kent,25.6303,14.318,54.6487,1.8255
2025-06-14,44003,Kent,16.9729,12.0156,79.7622,3.2844
2025-06-15,44003,Kent,22.0747,12.5058,65.4866,1.9343
2025-06-16,44003,Kent,23.7998,15.3183,64.7105,2.4673
2025-06-17,44003,Kent,19.4645,16.1739,82.0297,2.2397
2025-06-18,44003,Kent,24.8384,17.3855,78.0297,2.4636
2025-06-19,44003,Kent,31.092,19.3209,67.8438,3.5046
2025-06-20,44003,Kent,27.5967,15.7174,61.1676,5.3325
2025-06-21,44003,Kent,29.5289,18.8269,55.9051,2.7052
2025-06-22,44003,Kent,33.7724,20.2301,61.3354,3.6351
2025-06-23,44003,Kent,33.0628,22.0754,66.8765,2.3822
2025-06-24,44003,Kent,37.1624,22.8702,58.164,2.8197
2025-06-25,44003,Kent,35.1729,16.3276,65.1311,2.2185
2025-06-26,44003,Kent,19.1645,14.832,88.3496,3.6733
2025-06-27,44003,Kent,23.0615,15.1602,60.8196,2.9214
2025-06-28,44003,Kent,24.5451,17.2036,77.0762,2.9058
2025-06-29,44003,Kent,30.8574,16.5303,73.6849,2.2557
2025-06-30,44003,Kent,29.6281,19.7691,66.2282,2.0078
2025-07-01,44003,Kent,30.8399,20.9798,75.2054,3.8042
2025-07-02,44003,Kent,28.4363,18.5467,79.3965,2.9828
2025-07-03,44003,Kent,30.8623,14.6865,70.6369,2.9089
2025-07-04,44003,Kent,26.6218,13.8766,59.6359,2.9488
2025-07-05,44003,Kent,27.5517,17.6772,59.2576,2.2101
2025-07-06,44003,Kent,30.428,19.5872,66.4317,4.0499
2025-07-07,44003,Kent,28.2767,22.4385,75.3114,3.6581
2025-07-08,44003,Kent,32.6931,20.7913,73.9446,2.3689
2025-07-09,44003,Kent,26.6264,19.9503,86.9964,1.1881
2025-07-10,44003,Kent,21.8462,17.4801,83.9671,0.8935
2025-07-11,44003,Kent,26.5033,18.3016,78.0199,1.9396
2025-07-12,44003,Kent,26.7824,17.7401,75.0303,2.1917
2025-07-13,44003,Kent,27.2273,19.0215,72.9202,2.2902
2025-07-14,44003,Kent,25.5854,21.2095,80.9317,2.5669
2025-07-15,44003,Kent,30.6061,21.429,70.9141,2.2677
2025-07-16,44003,Kent,31.9379,23.2566,69.7284,2.5729
2025-07-17,44003,Kent,30.394,21.5628,78.3336,4.4504
2025-07-18,44003,Kent,27.7006,14.7442,68.2071,3.2319
2025-07-19,44003,Kent,28.2658,19.2752,58.286,1.9434
2025-07-20,44003,Kent,28.8218,17.595,81.2264,2.985
2025-07-21,44003,Kent,27.2775,12.3074,63.5778,3.1642
2025-07-22,44003,Kent,26.5867,14.0411,54.8414,1.6299
2025-07-23,44003,Kent,28.0108,17.6161,58.2196,2.2027
2025-07-24,44003,Kent,29.3105,20.3756,64.9482,4.241
2025-07-25,44003,Kent,34.1372,18.7086,69.2093,3.6208
2025-07-26,44003,Kent,28.3017,16.235,66.4827,2.3491
2025-07-27,44003,Kent,24.3099,18.7574,82.1484,3.1507
2025-07-28,44003,Kent,33.2004,20.8243,62.6618,1.4904
2025-07-29,44003,Kent,35.8118,21.1655,58.5505,2.6116
2025-07-30,44003,Kent,34.6132,21.9404,58.8786,1.6486
2025-07-31,44003,Kent,27.7641,14.8093,78.2803,3.8773
2025-08-01,44003,Kent,23.4751,11.4848,75.8116,3.946
2025-08-02,44003,Kent,26.5479,12.2696,58.7312,1.7047
2025-08-03,44003,Kent,28.1922,14.0261,56.7392,1.7455
2025-08-04,44003,Kent,29.8356,16.2876,58.4429,1.9323
2025-08-05,44003,Kent,27.3913,14.9723,68.3428,1.7993
2025-08-06,44003,Kent,26.428,15.6801,64.6398,2.0238
2025-08-07,44003,Kent,27.4375,11.3627,64.1837,1.8658
2025-08-08,44003,Kent,27.6229,11.1681,56.2272,1.8975
2025-08-09,44003,Kent,27.9891,14.8448,50.2306,1.3126
2025-08-10,44003,Kent,30.7011,16.7149,52.4177,2.1552
2025-08-11,44003,Kent,33.0201,17.7331,51.3497,2.4143
2025-08-12,44003,Kent,31.82,19.0168,48.9299,2.5352
2025-08-13,44003,Kent,30.2839,21.0946,65.9043,3.1298
2025-08-14,44003,Kent,30.7012,18.4044,70.1572,1.5466
2025-08-15,44003,Kent,29.5045,15.2485,65.932,2.0892
2025-08-16,44003,Kent,28.0693,18.2361,65.7731,1.9259
2025-08-17,44003,Kent,30.4799,16.2446,70.933,3.4548
2025-08-18,44003,Kent,23.955,9.8828,58.4131,3.704
2025-08-19,44003,Kent,24.0747,12.975,49.8361,1.7646
2025-08-20,44003,Kent,19.6704,11.467,78.0337,3.7655
2025-08-21,44003,Kent,19.3811,12.5971,84.9827,5.5226
2025-08-22,44003,Kent,28.4786,14.6898,49.4546,3.4239
2025-08-23,44003,Kent,28.3188,14.4134,60.643,3.3584
2025-08-24,44003,Kent,25.7906,17.0472,74.091,3.7426
2025-08-25,44003,Kent,28.0156,14.3652,76.4494,2.5557
2025-08-26,44003,Kent,25.6301,11.8238,57.9762,3.0778
2025-08-27,44003,Kent,24.402,10.1018,56.3239,2.6418
2025-08-28,44003,Kent,23.986,14.3617,54.2646,3.0288
2025-08-29,44003,Kent,22.3965,11.4415,82.5253,2.6215
2025-08-30,44003,Kent,23.4272,10.2205,57.9119,2.8038
2025-08-31,44003,Kent,24.8312,11.1565,56.096,1.6137
2025-09-01,44003,Kent,22.3369,11.4144,67.2776,2.459
2025-09-02,44003,Kent,24.9764,10.3796,60.2107,1.5356
2025-09-03,44003,Kent,24.2557,10.9702,58.298,1.8373
2025-09-04,44003,Kent,23.8973,14.3522,61.8543,3.0728
2025-09-05,44003,Kent,26.0015,18.0265,71.7119,4.2928
2025-09-06,44003,Kent,27.1029,15.1003,77.7458,3.9524
2025-09-07,44003,Kent,16.9886,9.4373,100.0,1.737
2025-09-08,44003,Kent,20.8929,8.1171,59.2237,2.0535
2025-09-09,44003,Kent,22.3273,10.4854,60.9887,3.2343
2025-09-10,44003,Kent,20.771,9.4846,81.0485,3.8466
2025-09-11,44003,Kent,25.2154,12.2009,56.4031,2.2528
2025-09-12,44003,Kent,23.7463,9.2098,66.1535,1.8633
2025-09-13,44003,Kent,22.3737,11.6408,70.8099,2.3828
2025-09-14,44003,Kent,25.4755,12.7836,66.2136,1.3403
2025-09-15,44003,Kent,25.446,12.4248,61.6139,2.3861
2025-09-16,44003,Kent,22.5034,12.1779,62.3986,3.0382
2025-09-17,44003,Kent,23.1838,14.859,67.5293,3.0308
2025-09-18,44003,Kent,25.0356,14.2822,70.3067,2.2998
2025-09-19,44003,Kent,26.9008,10.1182,59.4146,2.7771
2025-09-20,44003,Kent,21.7534,6.8145,47.7428,2.1612
2025-09-21,44003,Kent,20.1374,8.1219,55.2908,2.0867
2025-09-22,44003,Kent,22.3289,11.4049,60.5903,2.023
2025-09-23,44003,Kent,25.1826,17.0579,66.4782,3.1165
2025-09-24,44003,Kent,18.8502,16.9516,90.0305,2.2908
2025-09-25,44003,Kent,22.0794,17.4006,86.8433,3.8542
2025-09-26,44003,Kent,26.1306,13.7992,74.4709,2.9092
2025-09-27,44003,Kent,25.3312,15.845,65.3053,1.8963
2025-09-28,44003,Kent,26.2956,13.6535,69.057,2.4583
2025-09-29,44003,Kent,25.0361,12.6849,59.1951,1.923
2025-09-30,44003,Kent,24.0262,9.6997,63.2535,3.0552
2025-10-01,44003,Kent,18.2199,6.2373,58.1386,4.9586
2025-10-02,44003,Kent,18.0971,5.5529,50.6903,2.3481
2025-10-03,44003,Kent,21.4769,8.738,52.4079,3.4312
2025-10-04,44003,Kent,26.3539,11.3055,49.3294,2.3589
2025-10-05,44003,Kent,27.9936,13.0709,50.3934,1.7649
2025-10-06,44003,Kent,26.0199,14.6875,53.5769,2.9164
2025-10-07,44003,Kent,24.6546,17.2914,61.8669,4.5118
2025-10-08,44003,Kent,20.3267,5.6188,84.0378,5.0651
2025-10-09,44003,Kent,13.4904,0.6804,48.3373,4.1238
2025-10-10,44003,Kent,15.9708,3.4501,50.8244,2.2477
2025-10-11,44003,Kent,19.3989,10.8019,66.0845,2.6313
2025-10-12,44003,Kent,13.4391,11.7409,82.3325,7.6487
2025-10-13,44003,Kent,12.7391,10.3757,82.0974,8.318
2025-10-14,44003,Kent,13.5596,10.2184,83.5838,4.7418
2025-10-15,44003,Kent,17.2369,4.9782,70.1705,4.0164
2025-10-16,44003,Kent,13.4488,5.46,48.0161,5.7525
2025-10-17,44003,Kent,16.6563,3.7093,51.4231,3.8167
2025-10-18,44003,Kent,17.6418,5.9415,51.2646,1.9663
2025-10-19,44003,Kent,19.0677,10.264,66.6589,3.5629
2025-10-20,44003,Kent,17.6414,8.3569,75.2922,5.2317
2025-10-21,44003,Kent,17.8087,8.9475,59.8693,4.2053
2025-10-22,44003,Kent,18.2427,6.5839,66.1341,4.4321
2025-10-23,44003,Kent,15.4841,3.5019,60.767,4.0609
2025-10-24,44003,Kent,14.5463,3.3077,58.3456,2.753
2025-10-25,44003,Kent,13.5892,3.3151,52.5159,2.7675
2025-10-26,44003,Kent,13.6294,0.273,52.5121,2.8139
2025-10-27,44003,Kent,11.7466,1.4668,57.3729,3.249
2025-10-28,44003,Kent,11.4518,5.6003,65.021,4.9414
2025-10-29,44003,Kent,10.2984,7.5849,76.9488,4.5866
2025-10-30,44003,Kent,14.9723,9.4521,79.9541,6.6781
2025-10-31,44003,Kent,13.4182,7.4357,71.6327,8.5437
2025-11-01,44003,Kent,12.5859,-0.9652,58.8872,6.4133
2025-11-02,44003,Kent,12.4134,-0.1085,49.4043,2.7192
2025-11-03,44003,Kent,12.1849,3.2997,67.4617,3.5816
2025-11-04,44003,Kent,12.4554,1.6911,49.1884,6.0674
2025-11-05,44003,Kent,14.8247,3.0568,59.2485,4.8527
2025-11-06,44003,Kent,10.1919,-2.3237,55.0801,6.0569
2025-11-07,44003,Kent,14.2963,-0.7358,56.4067,4.6979
2025-11-08,44003,Kent,16.3517,3.1098,66.2907,2.986
2025-11-09,44003,Kent,14.6842,4.1271,71.6008,3.3033
2025-11-10,44003,Kent,12.7833,-0.6331,93.6431,2.7967
2025-11-11,44003,Kent,2.7133,-0.6818,54.8125,7.139
2025-11-12,44003,Kent,6.9613,2.1834,56.125,5.3943
2025-11-13,44003,Kent,8.0249,-0.8171,64.0165,5.1097
2025-11-14,44003,Kent,7.8006,-2.2258,53.7488,4.3268
2025-11-15,44003,Kent,9.7426,-1.2445,54.8583,3.6384
2025-11-16,44003,Kent,11.8474,-0.2031,65.5537,6.5086
2025-11-17,44003,Kent,4.4548,-0.1045,48.2022,7.593
2025-11-18,44003,Kent,7.2603,-3.544,51.8654,4.455
2025-11-19,44003,Kent,7.7813,-3.5319,53.5143,1.7127
2025-11-20,44003,Kent,7.7674,-3.7876,52.5939,1.0486
2025-11-21,44003,Kent,7.3292,-1.7536,78.8813,2.9492
2025-11-22,44003,Kent,7.7161,-4.4839,87.0724,2.2814
2025-11-23,44003,Kent,5.3104,-3.9182,68.8607,3.0488
2025-11-24,44003,Kent,9.3982,-1.4414,56.0758,3.4182
2025-11-25,44003,Kent,12.9255,2.2146,63.6165,3.4279
2025-11-26,44003,Kent,13.7191,2.8961,95.5475,4.102
2025-11-27,44003,Kent,7.9715,-0.633,58.1884,5.139
2025-11-28,44003,Kent,5.3928,-1.1941,48.2657,6.7941
2025-11-29,44003,Kent,5.1818,-3.2335,44.1674,4.1996
2025-11-30,44003,Kent,9.8088,-1.0291,70.5598,5.1688
2025-12-01,44003,Kent,5.9322,-3.9287,53.6718,3.8694
2025-12-02,44003,Kent,2.9198,-1.1125,80.5615,4.1754
2025-12-03,44003,Kent,4.5642,-3.398,60.4932,3.5373
2025-12-04,44003,Kent,4.299,-11.8584,59.7188,5.9251
2025-12-05,44003,Kent,-1.4899,-12.0846,50.4917,2.2607
2025-12-06,44003,Kent,5.3107,-4.4057,64.6643,2.0543
2025-12-07,44003,Kent,5.6564,-4.4776,56.5993,2.8423
2025-12-08,44003,Kent,-2.4171,-12.1191,45.3686,5.5381
2025-12-09,44003,Kent,3.4284,-11.9049,42.0992,3.5319
2025-12-10,44003,Kent,9.17,0.3169,62.9619,6.0302
2025-12-11,44003,Kent,1.9688,-6.2794,55.9356,7.0148
2025-12-12,44003,Kent,1.5848,-8.1986,43.2307,6.7715
2025-12-13,44003,Kent,2.5951,-2.1049,59.1313,3.3326
2025-12-14,44003,Kent,0.2097,-10.9185,74.8634,4.5528
2025-12-15,44003,Kent,-4.1858,-10.883,49.5916,5.9614
2025-12-16,44003,Kent,1.6105,-5.883,54.0769,4.0058
2025-12-17,44003,Kent,7.1503,-3.2011,57.9739,5.1534
2025-12-18,44003,Kent,12.9877,-2.8373,47.6967,2.9878
2025-12-19,44003,Kent,14.2419,-2.1493,55.6024,8.1611
2025-12-20,44003,Kent,6.0527,-2.1733,42.1357,5.0833
2025-12-21,44003,Kent,7.6825,-4.2519,54.1025,6.2317
2025-12-22,44003,Kent,1.3491,-4.552,47.1857,4.6524
2025-12-23,44003,Kent,2.412,-1.2716,67.6758,2.311
2025-12-24,44003,Kent,4.8002,-4.8282,61.9319,5.1804
2025-12-25,44003,Kent,4.9348,-10.6472,57.2367,5.8595
2025-12-26,44003,Kent,-4.3436,-10.8572,44.0992,3.7135
2025-12-27,44003,Kent,-4.4809,-11.1368,78.5945,4.141
2025-12-28,44003,Kent,6.1362,-10.6338,54.5156,2.8871
2025-12-29,44003,Kent,8.0521,-4.6488,68.7251,5.5813
2025-12-30,44003,Kent,-2.1978,-5.7322,40.871,8.6731
2025-12-31,44003,Kent,0.6499,-5.8655,53.1789,5.1884
