date,FIPS,county,tmmx_C,tmmn_C,rh_mean,vs_2m
1986-01-01,44009,Washington,6.1177,-4.7948,52.1552,4.2227
1986-01-02,44009,Washington,5.479,-4.7518,49.5001,4.1277
1986-01-03,44009,Washington,9.2334,-0.8549,60.6279,3.4521
1986-01-04,44009,Washington,5.1764,-5.0986,41.2703,3.8248
1986-01-05,44009,Washington,7.7867,-3.5099,59.3406,5.4208
1986-01-06,44009,Washington,2.1366,-5.9006,38.897,8.5614
1986-01-07,44009,Washington,-1.5537,-12.2182,31.36,6.5406
1986-01-08,44009,Washington,-3.4201,-15.0746,39.8504,6.2872
1986-01-09,44009,Washington,2.8615,-10.0999,46.8377,8.0148
1986-01-10,44009,Washington,5.8764,-2.9633,42.0714,5.7543
1986-01-11,44009,Washington,2.4615,-5.3037,40.232,3.1372
1986-01-12,44009,Washington,8.0296,-4.7895,55.6977,6.2187
1986-01-13,44009,Washington,6.9767,-3.8168,49.4434,3.5854
1986-01-14,44009,Washington,0.2572,-11.6124,24.7014,5.5052
1986-01-15,44009,Washington,-5.3766,-16.4475,31.1843,6.4214
1986-01-16,44009,Washington,1.2656,-10.1248,34.5744,2.5297
1986-01-17,44009,Washington,9.0715,-5.6277,57.7339,3.7645
1986-01-18,44009,Washington,9.6556,0.5224,60.7545,3.2314
1986-01-19,44009,Washington,13.959,0.5793,71.5537,3.7765
1986-01-20,44009,Washington,13.1492,1.2454,63.5836,4.9383
1986-01-21,44009,Washington,7.9691,-1.3298,51.3071,4.5186
1986-01-22,44009,Washington,10.3123,-1.7586,54.9867,3.703
1986-01-23,44009,Washington,6.6431,-4.7799,35.3055,3.8713
1986-01-24,44009,Washington,-0.0367,-8.5341,37.0017,4.2555
1986-01-25,44009,Washington,6.0895,-8.4081,61.2258,6.5045
1986-01-26,44009,Washington,8.65,1.6101,67.1093,6.1009
1986-01-27,44009,Washington,9.547,-2.2054,63.1376,3.9435
1986-01-28,44009,Washington,2.5746,-11.1917,42.2689,6.9654
1986-01-29,44009,Washington,-1.7998,-12.079,48.0557,3.2732
1986-01-30,44009,Washington,-0.8953,-8.5139,55.2863,4.4328
1986-01-31,44009,Washington,0.7994,-8.54,51.656,5.3065
1986-02-01,44009,Washington,2.0833,-8.0529,55.5225,2.7698
1986-02-02,44009,Washington,6.6602,-2.194,66.9621,4.8769
1986-02-03,44009,Washington,2.3885,-4.6873,53.108,3.085
1986-02-04,44009,Washington,3.1518,-4.8912,63.4758,4.2382
1986-02-05,44009,Washington,5.2622,-1.3573,70.2489,2.4285
1986-02-06,44009,Washington,2.6995,-7.9003,49.6202,4.7435
1986-02-07,44009,Washington,-0.8321,-10.054,64.4651,5.5656
1986-02-08,44009,Washington,0.9039,-6.1583,63.7488,2.4404
1986-02-09,44009,Washington,1.3446,-7.7971,60.2871,3.6032
1986-02-10,44009,Washington,3.0698,-5.5897,58.7371,2.9886
1986-02-11,44009,Washington,0.7757,-5.3562,67.0889,4.0486
1986-02-12,44009,Washington,-0.3966,-8.9141,55.0907,4.8676
1986-02-13,44009,Washington,-2.157,-10.1788,54.5883,5.824
1986-02-14,44009,Washington,0.7035,-10.2207,62.0298,4.0845
1986-02-15,44009,Washington,0.8425,-6.2525,60.4293,4.2985
1986-02-16,44009,Washington,-0.3379,-9.2443,56.8819,3.7167
1986-02-17,44009,Washington,3.8575,-4.8266,74.8892,2.9641
1986-02-18,44009,Washington,4.1588,-1.3131,72.5771,3.4954
1986-02-19,44009,Washington,3.7987,-1.6167,68.2301,3.5855
1986-02-20,44009,Washington,3.997,-1.7892,68.4374,3.3289
1986-02-21,44009,Washington,7.6696,-1.4951,73.9328,3.3273
1986-02-22,44009,Washington,5.8636,-2.9925,48.4043,4.3906
1986-02-23,44009,Washington,4.1801,-2.553,55.1011,2.2049
1986-02-24,44009,Washington,3.8439,-4.0179,48.2082,2.4007
1986-02-25,44009,Washington,1.95,-6.2586,48.4769,5.2686
1986-02-26,44009,Washington,-2.3206,-10.705,38.6192,6.8371
1986-02-27,44009,Washington,0.4717,-9.3808,33.2353,2.9883
1986-02-28,44009,Washington,2.2483,-8.7122,45.0086,4.3966
1986-03-01,44009,Washington,4.7462,-5.4385,40.9246,2.7524
1986-03-02,44009,Washington,4.4298,-3.4573,44.077,3.6562
1986-03-03,44009,Washington,6.2195,-2.986,46.8736,1.4011
1986-03-04,44009,Washington,7.5992,-1.2361,53.1869,1.0002
1986-03-05,44009,Washington,9.3404,-0.3849,48.9764,2.6561
1986-03-06,44009,Washington,6.8296,-1.3192,58.3758,3.4476
1986-03-07,44009,Washington,5.6925,-10.5761,34.5211,10.1052
1986-03-08,44009,Washington,-2.4182,-15.5797,35.8843,6.477
1986-03-09,44009,Washington,5.9766,-8.6522,54.9433,3.6634
1986-03-10,44009,Washington,9.5951,-1.4876,62.0759,4.2301
1986-03-11,44009,Washington,16.9375,-0.9356,51.3776,6.9302
1986-03-12,44009,Washington,7.8806,-3.282,50.5294,2.1042
1986-03-13,44009,Washington,8.3031,0.2814,69.9369,3.4296
1986-03-14,44009,Washington,11.54,1.4383,76.2005,2.3591
1986-03-15,44009,Washington,14.2964,4.2837,57.3666,3.5186
1986-03-16,44009,Washington,12.5209,2.6923,59.5638,1.6174
1986-03-17,44009,Washington,10.7215,1.1003,53.1422,1.9779
1986-03-18,44009,Washington,10.7926,1.0851,51.9335,2.9329
1986-03-19,44009,Washington,13.8227,0.6601,76.7852,7.594
1986-03-20,44009,Washington,12.3156,-5.2812,44.5886,6.0788
1986-03-21,44009,Washington,-0.3082,-10.2485,34.0535,3.3087
1986-03-22,44009,Washington,4.0675,-6.4695,36.4863,2.0546
1986-03-23,44009,Washington,7.9802,-3.604,49.4035,3.1785
1986-03-24,44009,Washington,9.9076,-1.962,43.2451,4.4655
1986-03-25,44009,Washington,11.2973,-1.5816,49.3905,4.4693
1986-03-26,44009,Washington,17.9315,2.6907,55.7987,6.0707
1986-03-27,44009,Washington,17.0859,5.2875,61.3153,3.3158
1986-03-28,44009,Washington,14.2164,3.7075,52.6331,3.5179
1986-03-29,44009,Washington,16.5389,2.0973,51.332,5.4034
1986-03-30,44009,Washington,18.2437,3.236,48.6676,4.5844
1986-03-31,44009,Washington,19.6989,5.3129,36.1117,2.768
1986-04-01,44009,Washington,17.3534,3.4926,47.8402,2.5378
1986-04-02,44009,Washington,20.7734,3.3022,53.8784,2.8133
1986-04-03,44009,Washington,13.7541,2.3268,46.4277,2.6677
1986-04-04,44009,Washington,11.2354,-0.0195,68.4295,2.1213
1986-04-05,44009,Washington,11.0167,1.4788,57.8497,4.5923
1986-04-06,44009,Washington,8.5169,1.1173,77.0297,5.1187
1986-04-07,44009,Washington,17.5933,5.2935,65.4084,1.7069
1986-04-08,44009,Washington,14.4334,5.9547,74.9626,2.4292
1986-04-09,44009,Washington,12.7266,3.2322,60.8961,2.6115
1986-04-10,44009,Washington,11.076,3.9683,57.359,4.2105
1986-04-11,44009,Washington,7.7512,1.4947,60.0427,3.1938
1986-04-12,44009,Washington,9.8106,2.3971,57.3796,2.8673
1986-04-13,44009,Washington,12.1038,-0.2596,54.6368,2.8741
1986-04-14,44009,Washington,15.0017,1.6894,52.6626,1.2893
1986-04-15,44009,Washington,15.387,2.5125,51.9934,1.8652
1986-04-16,44009,Washington,12.6897,4.4474,61.4299,4.8244
1986-04-17,44009,Washington,13.3848,4.217,59.6044,5.9037
1986-04-18,44009,Washington,12.188,1.953,62.5694,7.4975
1986-04-19,44009,Washington,13.596,0.1895,45.4662,4.8633
1986-04-20,44009,Washington,16.3418,0.0252,42.4639,1.7724
1986-04-21,44009,Washington,14.1312,4.6846,82.4258,3.9577
1986-04-22,44009,Washington,16.5274,7.6982,63.6987,1.8449
1986-04-23,44009,Washington,10.9021,3.2156,73.5233,5.0486
1986-04-24,44009,Washington,12.7229,3.0696,61.7573,4.4131
1986-04-25,44009,Washington,16.6081,3.8873,69.2059,5.7562
1986-04-26,44009,Washington,18.3752,6.83,69.5971,2.3519
1986-04-27,44009,Washington,17.0541,8.853,71.4314,3.4798
1986-04-28,44009,Washington,18.5457,9.1201,67.078,2.0976
1986-04-29,44009,Washington,19.4533,8.1465,66.276,1.8933
1986-04-30,44009,Washington,18.4014,9.214,65.8707,1.4015
1986-05-01,44009,Washington,18.8389,7.5596,62.6555,3.6377
1986-05-02,44009,Washington,15.766,4.0328,51.9822,5.1678
1986-05-03,44009,Washington,11.4338,2.307,41.1085,5.1818
1986-05-04,44009,Washington,12.1527,-0.1088,46.3164,4.0603
1986-05-05,44009,Washington,20.726,5.221,55.8723,4.8913
1986-05-06,44009,Washington,23.9921,9.2504,52.0285,2.1221
1986-05-07,44009,Washington,19.8315,7.8505,63.0206,2.2607
1986-05-08,44009,Washington,15.2214,5.4043,64.4727,4.439
1986-05-09,44009,Washington,12.7961,2.7653,57.4763,5.5817
1986-05-10,44009,Washington,17.9189,1.6422,45.1936,3.1256
1986-05-11,44009,Washington,13.6864,2.3444,56.5223,3.6525
1986-05-12,44009,Washington,11.7845,2.9684,64.8475,5.2374
1986-05-13,44009,Washington,18.4742,5.6854,44.9402,2.3386
1986-05-14,44009,Washington,17.9774,5.6718,50.8877,2.0146
1986-05-15,44009,Washington,18.0845,5.2319,56.4157,1.7376
1986-05-16,44009,Washington,18.5942,6.1033,71.1834,3.1064
1986-05-17,44009,Washington,24.9154,11.2742,66.0898,2.9663
1986-05-18,44009,Washington,27.5,14.7557,56.3761,2.1757
1986-05-19,44009,Washington,26.3141,13.0921,62.2137,3.9833
1986-05-20,44009,Washington,23.5435,11.4595,69.7338,3.6387
1986-05-21,44009,Washington,21.2622,13.7966,71.516,3.2396
1986-05-22,44009,Washington,22.5783,13.3425,69.6885,2.2908
1986-05-23,44009,Washington,23.7745,13.7177,64.9788,1.2916
1986-05-24,44009,Washington,22.709,13.2164,57.1369,3.2311
1986-05-25,44009,Washington,20.3863,12.2968,63.9281,2.5374
1986-05-26,44009,Washington,20.4741,8.21,61.5454,3.4631
1986-05-27,44009,Washington,21.6071,7.0577,67.7183,3.033
1986-05-28,44009,Washington,26.6691,14.0145,53.5422,3.9964
1986-05-29,44009,Washington,25.8474,10.9985,50.882,2.9572
1986-05-30,44009,Washington,29.9158,14.6898,54.7815,3.5698
1986-05-31,44009,Washington,29.2452,16.2218,58.0086,2.224
1986-06-01,44009,Washington,27.9736,16.5881,66.095,3.5573
1986-06-02,44009,Washington,23.8731,7.7421,67.0412,3.7302
1986-06-03,44009,Washington,17.3915,4.2209,49.8318,3.1194
1986-06-04,44009,Washington,20.8222,7.6623,67.2188,5.3403
1986-06-05,44009,Washington,24.2169,14.3853,68.0697,4.8294
1986-06-06,44009,Washington,23.031,15.4147,75.8298,2.3469
1986-06-07,44009,Washington,21.3466,14.0196,79.0393,2.3906
1986-06-08,44009,Washington,27.3922,14.8483,71.822,3.8448
1986-06-09,44009,Washington,22.3619,11.8576,54.5137,4.0379
1986-06-10,44009,Washington,23.2639,10.1331,56.4684,2.8332
1986-06-11,44009,Washington,22.6389,12.8404,78.7743,4.4059
1986-06-12,44009,Washington,19.9207,10.9274,71.4527,6.2476
1986-06-13,44009,Washington,22.4174,11.474,70.0495,2.6221
1986-06-14,44009,Washington,25.3939,13.1501,62.9179,2.4703
1986-06-15,44009,Washington,26.188,14.2154,70.4066,2.8755
1986-06-16,44009,Washington,26.5244,16.769,74.9942,5.3843
1986-06-17,44009,Washington,22.6534,9.578,62.3273,4.9538
1986-06-18,44009,Washington,20.8988,7.19,54.5357,3.5164
1986-06-19,44009,Washington,22.9961,9.7694,61.0632,3.8511
1986-06-20,44009,Washington,22.8745,12.0367,67.8553,2.3539
1986-06-21,44009,Washington,22.1997,9.8842,55.0081,3.5042
1986-06-22,44009,Washington,24.7559,9.1159,57.0939,2.0221
1986-06-23,44009,Washington,26.4156,13.8628,68.1471,3.4766
1986-06-24,44009,Washington,26.5953,14.7084,64.2953,4.2878
1986-06-25,44009,Washington,19.3357,11.0034,54.1739,4.24
1986-06-26,44009,Washington,20.9436,9.62,56.2599,3.2529
1986-06-27,44009,Washington,24.3292,12.396,76.427,4.105
1986-06-28,44009,Washington,29.344,18.1119,64.8507,3.8074
1986-06-29,44009,Washington,28.2065,15.7911,58.6197,3.7757
1986-06-30,44009,Washington,23.9115,12.3802,55.7918,3.3562
1986-07-01,44009,Washington,21.8992,11.1062,69.603,2.0204
1986-07-02,44009,Washington,22.8856,13.2521,86.5452,3.2474
1986-07-03,44009,Washington,22.4437,12.4526,73.8679,2.5177
1986-07-04,44009,Washington,21.6131,9.3888,71.1063,3.6289
1986-07-05,44009,Washington,27.7896,14.9362,78.0935,4.8823
1986-07-06,44009,Washington,27.4754,17.5636,78.7391,2.1185
1986-07-07,44009,Washington,31.515,16.5818,74.4273,3.1509
1986-07-08,44009,Washington,28.1679,18.4582,65.2888,3.7361
1986-07-09,44009,Washington,27.8247,16.9245,69.3454,3.3987
1986-07-10,44009,Washington,24.0497,13.3088,60.4245,3.6539
1986-07-11,44009,Washington,23.5168,11.7313,63.8226,2.2192
1986-07-12,44009,Washington,19.9493,13.3192,89.2723,2.9035
1986-07-13,44009,Washington,20.8361,15.2807,86.8415,2.4489
1986-07-14,44009,Washington,25.6673,15.5523,78.6259,2.9731
1986-07-15,44009,Washington,26.2553,14.8278,68.1574,3.0981
1986-07-16,44009,Washington,26.2219,17.1831,67.2222,2.019
1986-07-17,44009,Washington,26.2983,17.2265,73.4988,1.4921
1986-07-18,44009,Washington,26.5734,16.8193,82.4102,1.4638
1986-07-19,44009,Washington,25.3295,16.6382,82.7652,1.6145
1986-07-20,44009,Washington,23.9753,14.5912,87.6101,2.956
1986-07-21,44009,Washington,28.7216,18.8187,77.8613,1.7079
1986-07-22,44009,Washington,26.6184,19.1444,72.8566,1.5879
1986-07-23,44009,Washington,28.458,18.5073,69.7022,2.4528
1986-07-24,44009,Washington,28.5621,18.0481,70.4788,2.6266
1986-07-25,44009,Washington,28.0196,17.6506,74.6729,3.2333
1986-07-26,44009,Washington,28.154,18.8879,80.0235,4.0607
1986-07-27,44009,Washington,26.8127,19.8155,81.6382,1.8311
1986-07-28,44009,Washington,26.2251,18.2903,80.5377,1.2563
1986-07-29,44009,Washington,26.9716,16.0251,79.6928,1.5672
1986-07-30,44009,Washington,25.0539,17.1109,80.4104,2.9862
1986-07-31,44009,Washington,23.2079,14.6236,84.6855,1.9753
1986-08-01,44009,Washington,24.0869,15.6102,82.6563,1.8884
1986-08-02,44009,Washington,26.9825,16.7757,82.6759,3.0364
1986-08-03,44009,Washington,27.0768,18.4795,82.5337,2.4274
1986-08-04,44009,Washington,27.7057,16.5907,67.6586,2.3458
1986-08-05,44009,Washington,27.1295,16.0631,68.3274,1.7825
1986-08-06,44009,Washington,26.5468,16.9715,78.5186,2.9621
1986-08-07,44009,Washington,26.725,17.6937,84.9902,3.1312
1986-08-08,44009,Washington,27.3392,18.9501,87.7603,3.259
1986-08-09,44009,Washington,27.9467,18.2512,75.458,3.9774
1986-08-10,44009,Washington,27.3225,15.5831,73.756,2.6275
1986-08-11,44009,Washington,28.8698,18.5271,74.1575,3.7364
1986-08-12,44009,Washington,24.6788,15.0343,62.4862,1.7855
1986-08-13,44009,Washington,24.8787,14.3513,69.4517,2.0065
1986-08-14,44009,Washington,25.3586,13.7249,70.0291,2.1907
1986-08-15,44009,Washington,25.4852,14.497,73.7093,2.0236
1986-08-16,44009,Washington,26.3703,16.0142,84.8618,3.2316
1986-08-17,44009,Washington,27.3652,19.1995,80.9288,2.165
1986-08-18,44009,Washington,25.6024,17.4689,83.3606,3.6117
1986-08-19,44009,Washington,24.3837,16.3476,80.6316,3.0657
1986-08-20,44009,Washington,23.5048,16.0113,77.6386,1.672
1986-08-21,44009,Washington,21.9667,15.2791,82.2553,2.1862
1986-08-22,44009,Washington,24.7611,15.4236,72.5373,1.9858
1986-08-23,44009,Washington,22.4185,12.326,82.6355,3.6384
1986-08-24,44009,Washington,22.1864,11.5114,70.8757,6.6313
1986-08-25,44009,Washington,21.8782,9.2028,61.1437,4.8558
1986-08-26,44009,Washington,24.0772,10.4226,68.6678,2.5742
1986-08-27,44009,Washington,26.6431,15.171,83.3854,4.681
1986-08-28,44009,Washington,20.702,8.1018,72.5803,3.2137
1986-08-29,44009,Washington,17.6213,5.51,59.478,2.9439
1986-08-30,44009,Washington,20.2409,8.4906,60.514,2.7697
1986-08-31,44009,Washington,23.241,9.3551,62.6692,1.6756
1986-09-01,44009,Washington,23.4975,11.1526,67.8703,2.0112
1986-09-02,44009,Washington,21.7413,12.2608,82.1248,2.0772
1986-09-03,44009,Washington,22.0686,14.1347,79.7002,2.4137
1986-09-04,44009,Washington,20.1546,13.4505,83.9647,3.5463
1986-09-05,44009,Washington,20.4055,13.1318,89.9283,3.0698
1986-09-06,44009,Washington,24.208,14.6783,78.5337,2.4311
1986-09-07,44009,Washington,22.0073,11.9445,63.7662,1.8149
1986-09-08,44009,Washington,19.9768,11.4841,58.4557,2.262
1986-09-09,44009,Washington,21.187,10.1626,57.7197,2.3984
1986-09-10,44009,Washington,22.4685,9.3115,74.8121,3.7891
1986-09-11,44009,Washington,25.8308,14.1213,83.9283,6.345
1986-09-12,44009,Washington,26.6586,16.5498,80.1428,6.2647
1986-09-13,44009,Washington,21.4687,11.3244,61.6573,3.5569
1986-09-14,44009,Washington,18.9308,5.8242,57.7282,3.2532
1986-09-15,44009,Washington,19.4678,5.2719,67.9492,3.1011
1986-09-16,44009,Washington,17.3127,7.025,74.6374,4.9847
1986-09-17,44009,Washington,16.6079,5.7869,61.5573,2.5252
1986-09-18,44009,Washington,18.6876,7.7751,73.1369,3.1417
1986-09-19,44009,Washington,21.9638,12.0066,81.6054,1.9213
1986-09-20,44009,Washington,21.7821,13.4822,75.4749,1.8957
1986-09-21,44009,Washington,19.3729,10.0373,84.1325,2.4445
1986-09-22,44009,Washington,18.804,9.7298,72.4678,2.3707
1986-09-23,44009,Washington,22.263,12.012,90.2922,4.901
1986-09-24,44009,Washington,23.5918,15.0343,80.2175,2.1977
1986-09-25,44009,Washington,24.7085,13.9206,62.2686,1.7461
1986-09-26,44009,Washington,21.4817,14.2694,83.1855,2.9072
1986-09-27,44009,Washington,18.5408,7.3748,68.7804,3.1093
1986-09-28,44009,Washington,19.8673,8.1168,65.1053,2.5907
1986-09-29,44009,Washington,23.7586,13.0983,78.857,4.9049
1986-09-30,44009,Washington,27.5713,14.8085,79.5537,5.7613
1986-10-01,44009,Washington,26.219,14.3478,62.9278,3.7682
1986-10-02,44009,Washington,19.7422,11.2441,80.6483,1.8423
1986-10-03,44009,Washington,19.7486,10.2263,77.9043,2.9617
1986-10-04,44009,Washington,25.1303,14.0372,75.2378,3.8503
1986-10-05,44009,Washington,19.6827,7.752,64.4028,3.9071
1986-10-06,44009,Washington,14.835,2.6979,59.0023,7.0938
1986-10-07,44009,Washington,11.4571,1.0676,54.9569,3.4979
1986-10-08,44009,Washington,17.5462,2.4996,71.2102,5.0454
1986-10-09,44009,Washington,22.8889,10.1676,68.7887,3.849
1986-10-10,44009,Washington,12.9883,0.1085,55.1074,5.0225
1986-10-11,44009,Washington,13.953,0.1474,71.0296,4.2307
1986-10-12,44009,Washington,18.7008,6.6061,64.23,2.7323
1986-10-13,44009,Washington,17.2822,7.3109,89.1646,2.8982
1986-10-14,44009,Washington,20.7899,12.7615,85.7367,4.2486
1986-10-15,44009,Washington,16.6451,5.9755,53.4793,4.5228
1986-10-16,44009,Washington,13.3819,5.0647,56.8105,1.7513
1986-10-17,44009,Washington,13.6606,4.8976,61.069,3.7537
1986-10-18,44009,Washington,11.1611,3.1243,60.223,3.7497
1986-10-19,44009,Washington,12.8809,-0.0684,51.3818,2.3812
1986-10-20,44009,Washington,15.7982,1.6811,53.5408,2.1867
1986-10-21,44009,Washington,16.765,3.2341,67.938,3.7432
1986-10-22,44009,Washington,18.4786,7.26,62.153,2.6296
1986-10-23,44009,Washington,21.1406,7.8104,64.7475,4.4566
1986-10-24,44009,Washington,13.5816,1.4459,54.773,3.1105
1986-10-25,44009,Washington,12.9991,-0.8959,56.7349,2.4757
1986-10-26,44009,Washington,11.4295,3.9939,84.6777,3.4087
1986-10-27,44009,Washington,16.0247,7.55,83.0272,1.5113
1986-10-28,44009,Washington,17.1856,7.8429,70.3768,3.1906
1986-10-29,44009,Washington,18.0159,5.031,66.2973,4.0126
1986-10-30,44009,Washington,16.5539,4.4991,60.7597,4.55
1986-10-31,44009,Washington,8.7108,0.3788,56.0174,3.0512
1986-11-01,44009,Washington,15.6486,0.569,72.7484,4.5589
1986-11-02,44009,Washington,16.8377,4.9298,73.1445,3.8852
1986-11-03,44009,Washington,9.7416,-0.8456,59.847,2.0198
1986-11-04,44009,Washington,12.3656,2.3931,66.5375,3.1804
1986-11-05,44009,Washington,7.1406,-1.1663,66.2221,5.6862
1986-11-06,44009,Washington,10.83,1.5271,76.6633,3.8871
1986-11-07,44009,Washington,12.2497,0.3532,72.3436,2.4547
1986-11-08,44009,Washington,15.4576,6.4974,81.8345,4.1718
1986-11-09,44009,Washington,20.3261,10.0808,71.2582,5.816
1986-11-10,44009,Washington,12.458,-1.519,42.4761,4.5547
1986-11-11,44009,Washington,8.2555,-1.2099,72.8669,2.2222
1986-11-12,44009,Washington,9.0728,1.2934,65.0903,1.7333
1986-11-13,44009,Washington,7.7522,-7.3379,53.2938,6.1057
1986-11-14,44009,Washington,1.3903,-8.2278,54.7525,5.121
1986-11-15,44009,Washington,7.5957,-2.6529,63.8533,4.7602
1986-11-16,44009,Washington,9.2627,2.1457,61.1932,1.5248
1986-11-17,44009,Washington,10.6389,1.7377,65.355,3.2837
1986-11-18,44009,Washington,11.9104,1.7955,58.6505,3.579
1986-11-19,44009,Washington,5.4667,-5.7878,66.0182,6.5537
1986-11-20,44009,Washington,7.0778,-5.8732,73.2072,5.1618
1986-11-21,44009,Washington,9.9784,-2.3291,69.303,7.3843
1986-11-22,44009,Washington,5.0781,-2.8111,53.3718,4.4262
1986-11-23,44009,Washington,10.3734,-1.7629,71.8,3.1506
1986-11-24,44009,Washington,13.018,4.4467,75.3622,4.8016
1986-11-25,44009,Washington,8.3209,-0.6206,57.3882,2.8755
1986-11-26,44009,Washington,14.0434,0.7756,77.9293,5.1755
1986-11-27,44009,Washington,14.2826,1.1193,63.5242,3.4399
1986-11-28,44009,Washington,10.0813,0.2287,61.0794,2.8721
1986-11-29,44009,Washington,11.6036,0.3044,58.8502,3.8265
1986-11-30,44009,Washington,4.5744,-4.8868,52.369,4.9856
1986-12-01,44009,Washington,2.2874,-6.0715,50.7961,4.8434
1986-12-02,44009,Washington,8.8409,-3.2853,70.57,7.0393
1986-12-03,44009,Washington,15.4412,6.1142,75.0086,7.6902
1986-12-04,44009,Washington,9.3505,0.0816,49.2545,7.0857
1986-12-05,44009,Washington,5.1766,-1.7158,49.1105,5.6685
1986-12-06,44009,Washington,5.4451,-3.7295,56.972,4.414
1986-12-07,44009,Washington,6.8614,-2.6054,62.0847,4.4463
1986-12-08,44009,Washington,6.683,-4.7103,48.884,5.0149
1986-12-09,44009,Washington,7.9839,-3.6539,72.8915,5.6916
1986-12-10,44009,Washington,8.8781,1.6143,68.8968,4.4268
1986-12-11,44009,Washington,4.9049,-2.9559,56.3521,2.5913
1986-12-12,44009,Washington,7.0652,-1.1311,64.1637,4.2329
1986-12-13,44009,Washington,1.7919,-8.4144,42.0908,6.3404
1986-12-14,44009,Washington,2.3601,-8.5631,59.7434,5.8771
1986-12-15,44009,Washington,5.5252,-1.6754,54.4898,4.0575
1986-12-16,44009,Washington,4.6616,-2.7082,58.7705,1.1078
1986-12-17,44009,Washington,5.1045,-0.5662,64.5423,3.6205
1986-12-18,44009,Washington,9.2762,-0.5262,77.1731,6.109
1986-12-19,44009,Washington,9.7945,-0.402,71.4602,5.8045
1986-12-20,44009,Washington,4.5729,-2.3258,57.0546,3.5793
1986-12-21,44009,Washington,2.7952,-4.723,48.2558,3.9389
1986-12-22,44009,Washington,2.8287,-4.742,54.0946,3.4102
1986-12-23,44009,Washington,6.3226,-1.9891,54.3145,4.968
1986-12-24,44009,Washington,6.1082,-2.4058,62.7879,4.5929
1986-12-25,44009,Washington,12.7435,1.9017,77.4851,5.6161
1986-12-26,44009,Washington,7.338,-1.5661,59.3384,3.785
1986-12-27,44009,Washington,3.6881,-1.7239,53.666,1.9556
1986-12-28,44009,Washington,3.5429,-2.0929,54.9641,1.7328
1986-12-29,44009,Washington,4.0843,-3.6041,62.7413,1.5371
1986-12-30,44009,Washington,4.472,-2.3005,69.8354,4.5859
1986-12-31,44009,Washington,3.6322,-4.7755,63.6099,5.8579
1987-01-01,44009,Washington,5.2899,-4.715,64.5153,3.8772
1987-01-02,44009,Washington,6.0372,-1.6429,69.8341,5.9626
1987-01-03,44009,Washington,2.9174,-6.038,60.7223,6.5383
1987-01-04,44009,Washington,1.5818,-7.4364,59.9904,3.2175
1987-01-05,44009,Washington,1.9453,-6.3077,55.8391,3.4762
1987-01-06,44009,Washington,3.5906,-6.2369,63.7272,2.5973
1987-01-07,44009,Washington,5.7144,-1.1497,65.4435,6.0645
1987-01-08,44009,Washington,2.6409,-4.3827,46.9626,5.9694
1987-01-09,44009,Washington,2.9372,-4.345,56.8534,3.2439
1987-01-10,44009,Washington,5.793,-1.9838,69.986,3.3108
1987-01-11,44009,Washington,6.064,-2.1864,66.3204,5.9273
1987-01-12,44009,Washington,4.0466,-3.0649,57.0839,6.7466
1987-01-13,44009,Washington,3.1719,-4.0412,53.5366,5.9584
1987-01-14,44009,Washington,6.1441,-4.4408,58.907,4.2756
1987-01-15,44009,Washington,9.0215,-0.0069,67.4143,3.8071
1987-01-16,44009,Washington,6.5834,-3.0414,47.9813,3.9774
1987-01-17,44009,Washington,0.6053,-6.9791,32.6407,3.4223
1987-01-18,44009,Washington,5.3749,-6.4921,67.176,3.0978
1987-01-19,44009,Washington,4.2888,-2.9548,62.8564,4.8886
1987-01-20,44009,Washington,1.0923,-5.5222,61.3028,2.8396
1987-01-21,44009,Washington,2.6516,-5.1812,58.5755,3.1519
1987-01-22,44009,Washington,5.0107,-5.5208,68.5991,6.0292
1987-01-23,44009,Washington,5.0995,-8.813,60.4797,8.2315
1987-01-24,44009,Washington,-5.2106,-14.0605,51.8869,7.6985
1987-01-25,44009,Washington,-3.2848,-14.6975,53.447,3.4503
1987-01-26,44009,Washington,-0.8975,-11.5994,61.9418,8.1486
1987-01-27,44009,Washington,-3.2684,-15.5459,55.5199,3.6887
1987-01-28,44009,Washington,-1.3067,-15.5494,53.2041,2.5984
1987-01-29,44009,Washington,1.3407,-12.537,58.9364,2.671
1987-01-30,44009,Washington,3.769,-6.953,71.6859,3.5393
1987-01-31,44009,Washington,5.3292,-3.6971,63.4972,4.2297
1987-02-01,44009,Washington,3.2232,-7.0888,53.9631,4.9148
1987-02-02,44009,Washington,5.2455,-4.0476,60.3303,3.2951
1987-02-03,44009,Washington,5.782,-3.1228,61.6628,2.5059
1987-02-04,44009,Washington,5.3961,-2.2255,51.6738,4.8818
1987-02-05,44009,Washington,2.5061,-9.1768,40.1662,5.4911
1987-02-06,44009,Washington,4.5103,-7.8562,53.1974,3.4734
1987-02-07,44009,Washington,6.9512,-3.4001,52.2503,2.3419
1987-02-08,44009,Washington,6.1486,-3.3609,56.1337,2.3615
1987-02-09,44009,Washington,5.5148,-6.6589,60.9299,8.4817
1987-02-10,44009,Washington,2.0919,-10.7262,50.1852,6.6692
1987-02-11,44009,Washington,3.1586,-6.6142,47.0044,5.7742
1987-02-12,44009,Washington,2.9256,-7.9698,44.8743,2.075
1987-02-13,44009,Washington,1.5046,-13.0097,43.25,6.2847
1987-02-14,44009,Washington,-4.4885,-16.4326,43.6519,4.2592
1987-02-15,44009,Washington,-6.2241,-16.4469,42.0756,5.9324
1987-02-16,44009,Washington,1.3494,-16.7797,45.1412,3.6734
1987-02-17,44009,Washington,3.4084,-10.2466,45.4788,3.2366
1987-02-18,44009,Washington,3.4231,-7.814,41.855,3.2173
1987-02-19,44009,Washington,3.2082,-9.3481,38.706,4.7771
1987-02-20,44009,Washington,3.4979,-9.024,36.843,4.7276
1987-02-21,44009,Washington,5.7289,-7.0308,35.8954,3.9316
1987-02-22,44009,Washington,6.6747,-4.3319,39.1764,2.8978
1987-02-23,44009,Washington,5.5211,-3.5742,51.1093,5.3011
1987-02-24,44009,Washington,3.9599,-5.5196,42.6829,6.0549
1987-02-25,44009,Washington,4.5216,-6.4601,40.8144,5.1638
1987-02-26,44009,Washington,4.3631,-4.9878,42.1272,3.7392
1987-02-27,44009,Washington,6.5981,-2.0303,38.4163,1.9951
1987-02-28,44009,Washington,6.4373,-2.2125,50.6687,2.4623
1987-03-01,44009,Washington,6.4604,-0.6118,79.8245,4.0487
1987-03-02,44009,Washington,7.259,0.0463,68.3261,3.1732
1987-03-03,44009,Washington,6.0754,-1.416,50.6124,3.5638
1987-03-04,44009,Washington,4.3661,-2.4165,46.1999,2.166
1987-03-05,44009,Washington,4.0558,-3.2175,42.6083,2.0959
1987-03-06,44009,Washington,8.484,-3.3681,50.0744,4.8471
1987-03-07,44009,Washington,16.4333,0.6133,47.7176,3.8308
1987-03-08,44009,Washington,18.435,3.2573,46.5885,2.3554
1987-03-09,44009,Washington,13.5188,-3.8282,53.2646,4.4855
1987-03-10,44009,Washington,-1.1421,-11.0241,34.7108,7.281
1987-03-11,44009,Washington,2.2636,-9.8807,47.9126,4.465
1987-03-12,44009,Washington,5.2429,-5.1974,63.322,3.6801
1987-03-13,44009,Washington,5.7044,-2.129,65.4044,4.1878
1987-03-14,44009,Washington,6.4488,-2.7464,53.149,4.7659
1987-03-15,44009,Washington,5.6064,-2.4897,47.5638,3.0524
1987-03-16,44009,Washington,4.0682,-2.6751,42.2644,4.2318
1987-03-17,44009,Washington,5.6704,-3.0168,43.8543,4.9091
1987-03-18,44009,Washington,5.9967,-2.7924,49.8521,3.5584
1987-03-19,44009,Washington,7.5269,-1.9473,52.2996,3.289
1987-03-20,44009,Washington,6.595,-1.1557,57.8809,3.3015
1987-03-21,44009,Washington,7.2376,-1.4007,63.6241,3.1734
1987-03-22,44009,Washington,10.1238,-0.4514,61.3376,5.5347
1987-03-23,44009,Washington,11.6919,-0.6616,55.3396,4.8229
1987-03-24,44009,Washington,15.0764,-1.3165,46.892,2.2931
1987-03-25,44009,Washington,17.09,0.7183,44.1037,2.2727
1987-03-26,44009,Washington,15.2086,2.1143,67.513,3.5097
1987-03-27,44009,Washington,16.3043,3.8645,50.8434,2.2832
1987-03-28,44009,Washington,13.5611,3.999,68.3503,3.5197
1987-03-29,44009,Washington,15.9459,3.8085,54.832,1.9359
1987-03-30,44009,Washington,14.2333,2.6603,69.5334,5.0372
1987-03-31,44009,Washington,12.9848,7.5617,80.2928,7.852
1987-04-01,44009,Washington,10.5763,1.4876,64.5984,3.6932
1987-04-02,44009,Washington,10.5715,-1.4006,61.2468,3.823
1987-04-03,44009,Washington,15.1349,2.5311,66.0559,2.6959
1987-04-04,44009,Washington,11.9885,5.2034,80.2575,7.7057
1987-04-05,44009,Washington,10.3218,3.8238,79.916,4.2739
1987-04-06,44009,Washington,11.3332,3.4949,78.9249,2.2098
1987-04-07,44009,Washington,9.8579,4.3791,77.7564,2.7333
1987-04-08,44009,Washington,9.5642,3.0893,69.5535,2.3683
1987-04-09,44009,Washington,10.6376,2.9282,64.1092,1.9936
1987-04-10,44009,Washington,16.252,5.252,53.2714,2.5005
1987-04-11,44009,Washington,19.1509,6.3193,50.5014,2.1412
1987-04-12,44009,Washington,19.2336,5.2949,59.6212,3.3232
1987-04-13,44009,Washington,10.597,2.6254,70.4369,6.9494
1987-04-14,44009,Washington,12.9464,0.2666,49.3276,2.9273
1987-04-15,44009,Washington,14.4906,1.4653,50.9388,1.8538
1987-04-16,44009,Washington,11.7169,2.0195,74.7159,4.8869
1987-04-17,44009,Washington,15.2564,1.8644,82.3129,5.0014
1987-04-18,44009,Washington,19.2372,8.2727,75.163,3.5207
1987-04-19,44009,Washington,20.3054,9.6719,70.454,3.1067
1987-04-20,44009,Washington,17.8127,8.9707,75.1797,4.3456
1987-04-21,44009,Washington,18.2741,9.5763,77.0404,2.6498
1987-04-22,44009,Washington,15.2622,3.3718,73.569,4.1858
1987-04-23,44009,Washington,15.2848,2.075,75.8199,2.8701
1987-04-24,44009,Washington,15.9963,7.4789,76.3246,2.7481
1987-04-25,44009,Washington,11.9869,1.3455,59.7531,5.128
1987-04-26,44009,Washington,13.9437,-0.0759,48.7945,4.3221
1987-04-27,44009,Washington,12.8715,-0.2764,56.5319,4.837
1987-04-28,44009,Washington,8.6214,1.3165,81.3158,4.5439
1987-04-29,44009,Washington,12.3619,0.6339,66.1045,5.625
1987-04-30,44009,Washington,13.2439,5.0556,51.6783,6.9618
1987-05-01,44009,Washington,16.0123,2.7913,49.0526,4.6732
1987-05-02,44009,Washington,17.6072,4.3817,52.3423,2.2058
1987-05-03,44009,Washington,16.36,5.3369,57.9581,2.9176
1987-05-04,44009,Washington,12.1416,4.9081,67.0697,6.0303
1987-05-05,44009,Washington,12.7922,4.9429,70.573,3.4725
1987-05-06,44009,Washington,14.9175,7.1402,67.6554,3.2212
1987-05-07,44009,Washington,22.3013,8.4878,49.6454,3.5298
1987-05-08,44009,Washington,17.9667,6.1622,50.9742,2.7833
1987-05-09,44009,Washington,21.0209,4.6247,48.9738,3.7806
1987-05-10,44009,Washington,26.7903,9.1522,46.2112,3.8568
1987-05-11,44009,Washington,21.5044,9.1462,50.3439,3.1135
1987-05-12,44009,Washington,25.0138,8.6878,55.9895,3.8868
1987-05-13,44009,Washington,16.9928,4.5785,47.4893,3.4671
1987-05-14,44009,Washington,18.0784,2.9229,63.6005,2.2912
1987-05-15,44009,Washington,22.4804,9.8194,61.0824,4.0262
1987-05-16,44009,Washington,17.3859,5.9053,49.4128,3.4066
1987-05-17,44009,Washington,23.8404,7.5464,56.9708,3.885
1987-05-18,44009,Washington,22.5352,9.2774,55.328,3.1725
1987-05-19,44009,Washington,16.2442,6.2543,57.2788,4.1253
1987-05-20,44009,Washington,16.3469,4.8085,61.5901,3.9374
1987-05-21,44009,Washington,19.438,7.8282,69.0751,2.8474
1987-05-22,44009,Washington,23.6778,12.6301,67.226,4.6504
1987-05-23,44009,Washington,25.0842,11.2953,64.3768,3.0473
1987-05-24,44009,Washington,21.3359,9.9629,61.2619,2.4685
1987-05-25,44009,Washington,15.9472,8.1396,66.004,1.8976
1987-05-26,44009,Washington,19.0196,9.6831,58.8618,1.3978
1987-05-27,44009,Washington,17.5817,9.0258,64.877,1.8527
1987-05-28,44009,Washington,25.7592,10.284,68.2455,4.2254
1987-05-29,44009,Washington,29.9387,16.7254,61.973,2.3693
1987-05-30,44009,Washington,31.0528,14.6574,61.5783,2.9385
1987-05-31,44009,Washington,30.7266,18.3164,62.4118,3.4791
1987-06-01,44009,Washington,28.5399,19.4317,62.4373,2.3709
1987-06-02,44009,Washington,23.6757,12.7865,76.1382,3.5152
1987-06-03,44009,Washington,21.5287,11.1397,69.3385,3.3269
1987-06-04,44009,Washington,18.7415,11.2892,82.0835,2.2583
1987-06-05,44009,Washington,23.9473,14.0056,69.2626,1.4663
1987-06-06,44009,Washington,21.8677,10.3515,54.9924,3.214
1987-06-07,44009,Washington,18.5661,8.2585,63.5201,2.5616
1987-06-08,44009,Washington,26.8904,12.8672,74.7947,4.3513
1987-06-09,44009,Washington,25.6138,14.1711,62.6538,5.2049
1987-06-10,44009,Washington,21.9153,10.0705,56.4192,3.7807
1987-06-11,44009,Washington,22.0862,8.6183,59.4401,3.6435
1987-06-12,44009,Washington,20.3348,13.0869,82.93,4.7659
1987-06-13,44009,Washington,25.899,16.4354,76.6502,3.15
1987-06-14,44009,Washington,26.6214,16.8087,68.0212,3.8823
1987-06-15,44009,Washington,29.3594,17.8621,65.9019,3.8404
1987-06-16,44009,Washington,26.43,14.6588,56.8809,2.6537
1987-06-17,44009,Washington,23.7162,13.8407,56.3896,2.7375
1987-06-18,44009,Washington,24.3763,13.5109,58.1916,2.0697
1987-06-19,44009,Washington,26.5,12.8866,68.6774,4.2906
1987-06-20,44009,Washington,29.1239,16.8361,63.7722,1.5956
1987-06-21,44009,Washington,25.3489,16.2175,72.9537,2.1942
1987-06-22,44009,Washington,26.3232,15.6341,74.8733,2.1673
1987-06-23,44009,Washington,24.7637,13.0387,74.3504,2.5607
1987-06-24,44009,Washington,24.4905,10.4056,66.4659,2.2948
1987-06-25,44009,Washington,26.7024,13.2278,64.7251,2.7237
1987-06-26,44009,Washington,23.1884,11.6701,73.4124,3.4687
1987-06-27,44009,Washington,23.8304,15.8856,77.504,2.8669
1987-06-28,44009,Washington,25.2458,15.111,61.2619,4.183
1987-06-29,44009,Washington,27.178,12.9636,61.071,4.6068
1987-06-30,44009,Washington,27.6497,15.9008,74.0802,4.8685
1987-07-01,44009,Washington,26.9049,17.2945,74.6373,1.7115
1987-07-02,44009,Washington,19.1988,15.9314,93.6507,3.4486
1987-07-03,44009,Washington,24.623,16.409,90.6885,2.0081
1987-07-04,44009,Washington,26.493,18.3234,87.4151,3.4417
1987-07-05,44009,Washington,25.8654,16.1605,70.2847,2.11
1987-07-06,44009,Washington,23.4365,13.4717,73.3725,2.0728
1987-07-07,44009,Washington,21.7811,12.6301,85.013,1.8691
1987-07-08,44009,Washington,23.634,16.1796,89.932,2.3556
1987-07-09,44009,Washington,27.4209,18.0925,88.8601,2.1015
1987-07-10,44009,Washington,29.7596,20.5387,78.3013,1.3137
1987-07-11,44009,Washington,27.854,19.739,81.6993,1.4541
1987-07-12,44009,Washington,26.8947,19.3593,85.2927,2.0734
1987-07-13,44009,Washington,27.0445,18.9056,84.4485,2.7079
1987-07-14,44009,Washington,27.9081,19.6542,81.0671,3.5057
1987-07-15,44009,Washington,26.9173,16.2774,64.5858,2.6479
1987-07-16,44009,Washington,23.2373,14.0759,60.497,2.0295
1987-07-17,44009,Washington,26.8132,14.1113,51.8935,2.0783
1987-07-18,44009,Washington,31.1773,13.9713,56.5814,3.5116
1987-07-19,44009,Washington,29.2553,17.0456,59.9598,2.4954
1987-07-20,44009,Washington,26.8028,16.5461,77.4156,4.1179
1987-07-21,44009,Washington,29.8176,18.7073,71.3109,2.8582
1987-07-22,44009,Washington,29.1087,15.1009,70.3207,1.9665
1987-07-23,44009,Washington,28.7485,17.7498,71.6088,2.526
1987-07-24,44009,Washington,32.4088,17.6016,70.0458,4.5359
1987-07-25,44009,Washington,31.9263,20.9616,71.1815,3.6643
1987-07-26,44009,Washington,30.8622,19.3928,67.7128,4.2033
1987-07-27,44009,Washington,27.8023,16.1145,56.0064,2.7883
1987-07-28,44009,Washington,27.8481,15.2123,54.1612,1.7663
1987-07-29,44009,Washington,25.362,12.2849,59.1566,2.5819
1987-07-30,44009,Washington,26.539,13.2507,73.4842,3.2135
1987-07-31,44009,Washington,27.965,15.9118,62.1312,1.3878
1987-08-01,44009,Washington,26.4844,14.4802,52.4659,1.9565
1987-08-02,44009,Washington,26.3261,13.9291,70.0451,2.9053
1987-08-03,44009,Washington,26.509,18.5412,87.4428,3.5808
1987-08-04,44009,Washington,31.5186,18.6661,64.2462,2.3007
1987-08-05,44009,Washington,29.5572,17.3134,68.3909,2.7702
1987-08-06,44009,Washington,24.9656,13.955,67.1643,3.0669
1987-08-07,44009,Washington,26.048,11.5984,66.6828,2.5433
1987-08-08,44009,Washington,28.7099,15.3562,77.2711,3.8872
1987-08-09,44009,Washington,25.9178,16.4463,70.5896,1.8628
1987-08-10,44009,Washington,23.1828,16.672,86.4581,1.9383
1987-08-11,44009,Washington,26.8666,14.8272,64.0632,2.3897
1987-08-12,44009,Washington,24.1388,13.1097,65.4451,2.4831
1987-08-13,44009,Washington,23.8087,12.7819,71.0866,2.4963
1987-08-14,44009,Washington,25.9679,14.4381,71.2223,2.4099
1987-08-15,44009,Washington,28.6976,15.0815,69.7477,3.3616
1987-08-16,44009,Washington,30.2003,17.7003,68.0532,4.4431
1987-08-17,44009,Washington,31.9093,19.0719,73.6443,4.2762
1987-08-18,44009,Washington,32.4363,19.1587,62.5198,3.1794
1987-08-19,44009,Washington,30.0726,16.2079,55.3474,2.3552
1987-08-20,44009,Washington,29.6054,15.0256,54.7772,2.9445
1987-08-21,44009,Washington,26.5627,12.5927,57.5225,2.8134
1987-08-22,44009,Washington,27.0255,14.779,81.4423,5.3511
1987-08-23,44009,Washington,24.8914,12.2215,56.1021,4.2647
1987-08-24,44009,Washington,20.817,8.8389,47.5257,4.0236
1987-08-25,44009,Washington,23.0036,7.6342,52.1363,3.9184
1987-08-26,44009,Washington,21.406,10.3672,63.7478,2.7548
1987-08-27,44009,Washington,16.7395,12.3688,95.4253,4.7961
1987-08-28,44009,Washington,16.6912,13.3323,94.884,4.5156
1987-08-29,44009,Washington,22.2467,13.586,82.0738,2.4577
1987-08-30,44009,Washington,21.8894,12.0848,71.0742,2.1757
1987-08-31,44009,Washington,23.7103,11.7877,78.6524,3.6065
1987-09-01,44009,Washington,24.1585,12.8462,71.5572,3.1587
1987-09-02,44009,Washington,21.5482,9.8517,71.0935,3.3046
1987-09-03,44009,Washington,22.3502,12.2248,59.6575,1.8175
1987-09-04,44009,Washington,20.4586,9.4682,65.1891,1.5389
1987-09-05,44009,Washington,22.569,11.649,63.957,2.1016
1987-09-06,44009,Washington,20.9116,11.7489,83.4484,1.8668
1987-09-07,44009,Washington,24.3991,15.521,87.7069,2.7024
1987-09-08,44009,Washington,26.0313,16.0669,85.1983,2.6664
1987-09-09,44009,Washington,26.6066,18.0398,80.7305,4.2582
1987-09-10,44009,Washington,27.2102,16.9912,69.7932,1.7161
1987-09-11,44009,Washington,23.3347,14.1618,79.7032,3.8172
1987-09-12,44009,Washington,20.8655,13.6906,85.0349,4.1909
1987-09-13,44009,Washington,21.692,15.3554,94.4346,4.6006
1987-09-14,44009,Washington,26.4599,14.465,71.4634,2.7035
1987-09-15,44009,Washington,23.5262,11.2399,66.7149,2.5476
1987-09-16,44009,Washington,23.9891,14.452,70.1298,2.5276
1987-09-17,44009,Washington,24.309,14.8866,77.7774,2.5806
1987-09-18,44009,Washington,18.8429,11.9726,86.9366,6.7926
1987-09-19,44009,Washington,15.9493,9.7137,93.5955,6.3889
1987-09-20,44009,Washington,18.0721,12.3136,89.9864,4.0319
1987-09-21,44009,Washington,19.181,11.7096,81.0416,2.1678
1987-09-22,44009,Washington,21.491,11.8689,79.3512,1.4341
1987-09-23,44009,Washington,20.4924,12.9513,74.5492,3.1601
1987-09-24,44009,Washington,21.4519,11.9162,72.0712,4.0204
1987-09-25,44009,Washington,15.9837,6.5901,59.3945,4.4048
1987-09-26,44009,Washington,17.5694,5.9425,67.1655,4.889
1987-09-27,44009,Washington,18.9109,7.8103,63.8718,2.2575
1987-09-28,44009,Washington,21.7074,11.6297,84.0937,4.1829
1987-09-29,44009,Washington,24.2032,13.3256,75.2744,3.9321
1987-09-30,44009,Washington,23.1474,12.5906,86.562,3.5965
1987-10-01,44009,Washington,20.2197,7.2225,67.2219,3.7364
1987-10-02,44009,Washington,18.6438,4.8359,74.4426,4.3687
1987-10-03,44009,Washington,23.0588,10.8437,76.0989,2.6791
1987-10-04,44009,Washington,14.2489,2.481,68.6892,6.4577
1987-10-05,44009,Washington,17.0358,1.7747,66.8638,3.6947
1987-10-06,44009,Washington,19.8838,6.2549,69.7997,2.8506
1987-10-07,44009,Washington,21.2427,9.1113,77.7025,3.5347
1987-10-08,44009,Washington,17.2224,4.6665,64.3051,5.0003
1987-10-09,44009,Washington,13.0478,1.6767,63.0748,4.5195
1987-10-10,44009,Washington,16.9956,6.2968,67.0737,3.6056
1987-10-11,44009,Washington,13.3874,5.3038,79.6199,2.7122
1987-10-12,44009,Washington,11.8893,3.2333,69.7691,3.9539
1987-10-13,44009,Washington,11.9296,1.4799,54.4976,3.9949
1987-10-14,44009,Washington,13.8293,-0.5206,54.031,2.0365
1987-10-15,44009,Washington,16.4298,1.924,54.6148,0.9062
1987-10-16,44009,Washington,18.1141,4.7778,57.0488,2.3934
1987-10-17,44009,Washington,17.904,4.622,76.9777,3.3571
1987-10-18,44009,Washington,20.8302,7.8631,64.8519,1.7289
1987-10-19,44009,Washington,17.3656,6.5179,60.6803,1.2765
1987-10-20,44009,Washington,17.3418,6.279,72.2453,2.1759
1987-10-21,44009,Washington,17.2202,5.295,83.1335,3.3202
1987-10-22,44009,Washington,11.6727,1.4797,53.3332,3.6564
1987-10-23,44009,Washington,14.5321,2.068,67.9124,3.4294
1987-10-24,44009,Washington,17.2721,6.9215,67.1829,2.5189
1987-10-25,44009,Washington,16.4885,1.5158,61.9583,4.1777
1987-10-26,44009,Washington,11.5296,-1.8406,51.8661,1.9589
1987-10-27,44009,Washington,15.0302,0.4579,79.0312,4.2026
1987-10-28,44009,Washington,19.5023,7.2825,74.6593,4.4137
1987-10-29,44009,Washington,12.7999,2.5735,60.3755,4.1038
1987-10-30,44009,Washington,12.3551,1.5241,66.7355,4.0077
1987-10-31,44009,Washington,15.017,3.5471,57.0321,3.8514
1987-11-01,44009,Washington,14.4701,3.2899,51.7794,1.3279
1987-11-02,44009,Washington,11.5763,1.5675,57.5757,2.8097
1987-11-03,44009,Washington,16.2725,3.2126,78.2003,5.3356
1987-11-04,44009,Washington,21.5844,8.9031,61.35,4.3903
1987-11-05,44009,Washington,20.857,3.4393,52.9667,5.3279
1987-11-06,44009,Washington,7.4421,-1.7194,41.5789,7.8235
1987-11-07,44009,Washington,9.8904,-1.6411,51.991,6.4404
1987-11-08,44009,Washington,14.9322,1.5617,61.1771,4.1016
1987-11-09,44009,Washington,15.6594,7.0308,70.9438,3.5398
1987-11-10,44009,Washington,12.3586,0.6272,67.0572,6.3689
1987-11-11,44009,Washington,4.8162,-0.8132,72.5048,8.1917
1987-11-12,44009,Washington,4.1898,-2.2845,64.2029,7.3773
1987-11-13,44009,Washington,10.7663,-1.6323,65.5154,4.2704
1987-11-14,44009,Washington,13.6583,0.8555,57.2154,3.3071
1987-11-15,44009,Washington,9.7061,0.1971,53.2314,1.7339
1987-11-16,44009,Washington,11.0133,0.8564,59.0661,2.3768
1987-11-17,44009,Washington,15.4802,1.8828,78.7427,4.4702
1987-11-18,44009,Washington,19.6705,6.3991,65.766,6.0807
1987-11-19,44009,Washington,11.0316,1.9838,53.7954,3.366
1987-11-20,44009,Washington,9.6361,0.5277,70.4781,2.4368
1987-11-21,44009,Washington,4.143,-9.969,32.4826,7.8609
1987-11-22,44009,Washington,0.8975,-9.7395,45.0385,6.5711
1987-11-23,44009,Washington,7.992,-4.5788,57.5123,4.039
1987-11-24,44009,Washington,13.7297,2.6043,61.2424,3.2423
1987-11-25,44009,Washington,11.7651,1.9613,62.7789,2.6144
1987-11-26,44009,Washington,15.5137,1.3189,69.8058,3.5249
1987-11-27,44009,Washington,6.0974,-2.1351,62.0931,4.5136
1987-11-28,44009,Washington,5.4904,-2.3738,70.6112,3.7094
1987-11-29,44009,Washington,11.3541,-0.025,78.777,5.8803
1987-11-30,44009,Washington,14.9988,6.638,84.1646,3.0855
1987-12-01,44009,Washington,11.3361,2.5773,64.8295,4.4653
1987-12-02,44009,Washington,7.5785,-1.8683,63.5916,6.0694
1987-12-03,44009,Washington,5.5235,-2.2792,61.4893,4.0528
1987-12-04,44009,Washington,7.3215,-0.4225,75.2879,4.7491
1987-12-05,44009,Washington,3.5051,-3.795,61.0219,5.2237
1987-12-06,44009,Washington,3.9314,-4.4488,58.8392,6.0356
1987-12-07,44009,Washington,4.0952,-5.0877,53.0873,3.8596
1987-12-08,44009,Washington,6.5679,-4.3489,62.7077,3.155
1987-12-09,44009,Washington,10.0903,-0.4478,76.1984,4.592
1987-12-10,44009,Washington,14.2002,2.9161,64.3541,2.6607
1987-12-11,44009,Washington,7.5342,-0.4523,81.1525,4.6642
1987-12-12,44009,Washington,7.5381,-2.1508,78.1057,2.0386
1987-12-13,44009,Washington,6.976,-0.6069,62.8147,5.5187
1987-12-14,44009,Washington,7.4556,-1.8145,57.9063,4.0416
1987-12-15,44009,Washington,8.7062,-2.4403,71.6413,4.0924
1987-12-16,44009,Washington,9.5321,-1.2601,58.8468,6.7778
1987-12-17,44009,Washington,2.7947,-6.4325,57.6522,6.6432
1987-12-18,44009,Washington,0.4337,-7.1104,51.6409,3.9208
1987-12-19,44009,Washington,4.6783,-5.7521,58.9656,3.5155
1987-12-20,44009,Washington,5.6331,-3.1676,79.3298,3.4048
1987-12-21,44009,Washington,7.2495,-2.205,64.8717,4.3025
1987-12-22,44009,Washington,7.1665,-2.6446,57.2473,2.7819
1987-12-23,44009,Washington,5.83,-1.567,65.4676,3.369
1987-12-24,44009,Washington,5.8301,-3.3507,69.2886,2.6951
1987-12-25,44009,Washington,10.9049,1.6809,82.4782,3.8381
1987-12-26,44009,Washington,7.1819,-1.5873,64.9544,2.7262
1987-12-27,44009,Washington,3.3077,-3.1142,59.4815,3.9056
1987-12-28,44009,Washington,1.9899,-5.8464,50.8596,4.0831
1987-12-29,44009,Washington,-1.5315,-13.7334,68.7389,7.8339
1987-12-30,44009,Washington,-9.8288,-17.0696,67.6602,8.7476
1987-12-31,44009,Washington,4.3741,-14.9325,57.152,4.699
1988-01-01,44009,Washington,6.9691,-2.7143,63.5322,4.6747
1988-01-02,44009,Washington,1.9419,-6.4005,39.4906,3.9324
1988-01-03,44009,Washington,1.8219,-8.4891,49.7599,2.528
1988-01-04,44009,Washington,2.8475,-4.2394,67.9759,5.5916
1988-01-05,44009,Washington,0.5246,-13.779,41.3516,8.0917
1988-01-06,44009,Washington,-5.7519,-14.5667,54.99,7.4855
1988-01-07,44009,Washington,-6.6625,-14.9456,55.3228,5.0361
1988-01-08,44009,Washington,1.6142,-13.3122,68.6171,6.7018
1988-01-09,44009,Washington,1.3241,-9.4692,63.3697,3.6828
1988-01-10,44009,Washington,-1.5458,-13.2454,55.0354,2.7651
1988-01-11,44009,Washington,-0.0502,-13.841,53.4877,2.5096
1988-01-12,44009,Washington,3.0947,-10.2408,65.6288,2.4768
1988-01-13,44009,Washington,4.2707,-8.1591,72.2037,6.0953
1988-01-14,44009,Washington,-4.5585,-20.0169,37.555,6.0536
1988-01-15,44009,Washington,-3.6408,-18.5397,54.7215,2.0307
1988-01-16,44009,Washington,1.3852,-11.1535,58.8456,3.1069
1988-01-17,44009,Washington,4.7632,-5.0848,66.2419,4.0667
1988-01-18,44009,Washington,7.1096,-1.4142,70.2279,3.7422
1988-01-19,44009,Washington,6.0593,-3.0519,60.589,3.6589
1988-01-20,44009,Washington,4.8014,-2.661,72.7117,3.6354
1988-01-21,44009,Washington,7.5822,-1.8923,62.4448,3.8186
1988-01-22,44009,Washington,2.8125,-4.1459,48.9336,2.0638
1988-01-23,44009,Washington,2.8455,-3.9103,49.7968,2.6817
1988-01-24,44009,Washington,5.3601,-3.5817,58.9557,2.8109
1988-01-25,44009,Washington,7.5787,-1.6609,65.7312,2.5009
1988-01-26,44009,Washington,4.1516,-5.0762,62.1095,5.5787
1988-01-27,44009,Washington,-0.28,-9.6016,36.6289,5.4805
1988-01-28,44009,Washington,-1.9611,-11.6413,41.1324,3.5065
1988-01-29,44009,Washington,0.6949,-9.4259,37.5978,3.2537
1988-01-30,44009,Washington,7.5921,-4.0524,61.463,6.2849
1988-01-31,44009,Washington,9.3872,-0.9744,66.3407,4.5262
1988-02-01,44009,Washington,11.7322,2.1131,71.3219,4.7632
1988-02-02,44009,Washington,11.1316,-0.3056,76.3954,4.7877
1988-02-03,44009,Washington,3.2578,-5.5841,52.32,4.7385
1988-02-04,44009,Washington,4.3063,-5.2986,73.526,4.4907
1988-02-05,44009,Washington,-1.9822,-10.6636,48.2586,5.3617
1988-02-06,44009,Washington,-3.7019,-10.6109,49.8821,4.2475
1988-02-07,44009,Washington,-3.0535,-14.5608,53.8971,5.1389
1988-02-08,44009,Washington,1.7351,-6.8526,58.0516,4.7771
1988-02-09,44009,Washington,1.9028,-7.0519,58.4666,1.9001
1988-02-10,44009,Washington,3.439,-4.639,58.1065,3.0553
1988-02-11,44009,Washington,2.785,-5.4398,60.5157,4.498
1988-02-12,44009,Washington,5.553,-2.7156,77.3624,6.6629
1988-02-13,44009,Washington,3.4888,-7.3631,49.3426,8.5624
1988-02-14,44009,Washington,0.4851,-9.8543,52.4134,6.1097
1988-02-15,44009,Washington,7.5853,-4.2644,73.1057,5.5962
1988-02-16,44009,Washington,6.8919,-3.4238,70.3864,3.8738
1988-02-17,44009,Washington,4.6881,-4.1879,53.2392,3.1758
1988-02-18,44009,Washington,7.6314,-2.6348,53.2429,2.1069
1988-02-19,44009,Washington,7.1111,-2.7542,58.7826,3.9579
1988-02-20,44009,Washington,12.5907,0.6416,68.9732,4.9426
1988-02-21,44009,Washington,5.1301,-9.5131,42.2399,6.4835
1988-02-22,44009,Washington,4.119,-8.9903,55.6415,7.6749
1988-02-23,44009,Washington,9.7876,-0.5095,64.8422,5.5742
1988-02-24,44009,Washington,5.6011,-3.5601,52.7312,3.818
1988-02-25,44009,Washington,2.453,-5.2608,37.354,2.9129
1988-02-26,44009,Washington,1.4528,-5.0131,33.7631,1.7511
1988-02-27,44009,Washington,2.3761,-4.4909,47.1491,2.6987
1988-02-28,44009,Washington,2.8521,-4.563,43.4437,2.2425
1988-02-29,44009,Washington,5.6753,-3.7813,52.3546,3.0846
1988-03-01,44009,Washington,5.4773,-4.496,40.6032,4.3191
1988-03-02,44009,Washington,6.4341,-5.6783,45.4889,4.6541
1988-03-03,44009,Washington,11.1699,0.8616,56.5843,2.2137
1988-03-04,44009,Washington,6.5186,-1.1638,69.2917,4.274
1988-03-05,44009,Washington,3.2593,-6.2839,53.0458,3.9739
1988-03-06,44009,Washington,6.9755,-3.876,47.9204,3.1373
1988-03-07,44009,Washington,10.7576,-2.392,49.6573,4.2792
1988-03-08,44009,Washington,8.6564,-2.513,42.4563,2.416
1988-03-09,44009,Washington,12.1432,-1.0425,66.3205,4.3172
1988-03-10,44009,Washington,10.5724,-2.3726,57.3064,4.8512
1988-03-11,44009,Washington,7.4065,-3.1707,40.4262,5.7103
1988-03-12,44009,Washington,10.4305,-2.0812,50.094,2.8505
1988-03-13,44009,Washington,14.3935,0.5895,61.8157,2.5423
1988-03-14,44009,Washington,7.1255,-0.5537,64.2224,2.799
1988-03-15,44009,Washington,4.2163,-1.3319,59.8256,4.1112
1988-03-16,44009,Washington,7.6736,-1.967,48.9398,4.4734
1988-03-17,44009,Washington,9.776,-1.1911,37.2429,4.3961
1988-03-18,44009,Washington,8.3781,-1.6722,46.1089,4.7134
1988-03-19,44009,Washington,8.5188,-1.6936,47.9364,3.6522
1988-03-20,44009,Washington,6.2918,-6.2803,35.5529,6.1628
1988-03-21,44009,Washington,-1.8286,-9.1309,27.8816,6.355
1988-03-22,44009,Washington,3.6939,-10.7009,31.4954,4.5551
1988-03-23,44009,Washington,6.8201,-4.795,46.3627,4.2338
1988-03-24,44009,Washington,16.16,0.198,63.9118,5.1742
1988-03-25,44009,Washington,16.6173,4.915,60.6501,3.2632
1988-03-26,44009,Washington,14.4845,5.993,73.8854,6.4006
1988-03-27,44009,Washington,14.991,4.4558,58.512,5.3976
1988-03-28,44009,Washington,9.4577,0.2405,46.2274,4.5629
1988-03-29,44009,Washington,11.9767,-1.0866,40.5317,1.6316
1988-03-30,44009,Washington,11.9332,-0.2558,48.8391,2.5155
1988-03-31,44009,Washington,15.5511,0.9713,46.5169,1.726
1988-04-01,44009,Washington,13.7953,3.365,53.9227,1.4121
1988-04-02,44009,Washington,14.9852,5.7917,56.164,1.3889
1988-04-03,44009,Washington,11.8842,5.035,72.3968,3.0594
1988-04-04,44009,Washington,16.4785,6.3986,78.1371,4.6127
1988-04-05,44009,Washington,18.5269,8.457,55.8112,3.001
1988-04-06,44009,Washington,11.3602,4.1036,66.1344,3.5457
1988-04-07,44009,Washington,9.1701,2.9982,70.2947,4.9726
1988-04-08,44009,Washington,9.4574,3.7007,68.8099,5.5907
1988-04-09,44009,Washington,13.9526,3.8863,56.3056,5.3062
1988-04-10,44009,Washington,13.9531,5.237,53.737,5.1988
1988-04-11,44009,Washington,8.7153,3.799,63.4302,4.4971
1988-04-12,44009,Washington,9.8565,0.0676,57.1898,4.1923
1988-04-13,44009,Washington,7.9836,-1.0363,59.9718,4.6504
1988-04-14,44009,Washington,8.8343,-0.6216,62.4287,2.9125
1988-04-15,44009,Washington,9.7013,1.3828,74.9075,2.738
1988-04-16,44009,Washington,9.8099,2.3577,56.9401,4.8696
1988-04-17,44009,Washington,13.7984,1.3576,52.8542,5.61
1988-04-18,44009,Washington,11.7795,2.9364,78.023,3.3495
1988-04-19,44009,Washington,10.6335,3.313,45.0927,3.2241
1988-04-20,44009,Washington,9.2646,0.2095,47.0655,5.1109
1988-04-21,44009,Washington,12.0038,1.3575,54.1513,5.1676
1988-04-22,44009,Washington,11.0328,0.7815,46.4782,5.5099
1988-04-23,44009,Washington,12.1616,0.9202,59.1184,2.7006
1988-04-24,44009,Washington,17.0145,5.3334,60.975,4.5853
1988-04-25,44009,Washington,13.5327,3.363,54.9803,5.1616
1988-04-26,44009,Washington,13.9936,2.2332,53.4385,3.4501
1988-04-27,44009,Washington,16.1858,3.492,65.039,3.317
1988-04-28,44009,Washington,15.0021,5.487,80.5063,3.5359
1988-04-29,44009,Washington,12.5849,4.8496,66.6534,3.3267
1988-04-30,44009,Washington,14.3366,3.9026,63.1196,1.3474
1988-05-01,44009,Washington,13.0919,6.2509,67.1917,1.9459
1988-05-02,44009,Washington,10.9195,4.7083,68.7192,4.0173
1988-05-03,44009,Washington,11.429,4.1235,70.0696,3.0137
1988-05-04,44009,Washington,18.1496,5.563,55.2344,4.2821
1988-05-05,44009,Washington,17.0963,5.1249,76.9362,2.1234
1988-05-06,44009,Washington,18.0743,9.6447,76.3411,4.2175
1988-05-07,44009,Washington,18.4106,7.0124,64.4508,5.1762
1988-05-08,44009,Washington,15.8091,4.0663,51.9826,2.2364
1988-05-09,44009,Washington,15.7276,3.1662,56.8843,2.1949
1988-05-10,44009,Washington,15.732,4.9749,79.014,3.2413
1988-05-11,44009,Washington,18.6404,8.5504,77.2824,1.9236
1988-05-12,44009,Washington,19.6566,9.613,60.3158,2.2284
1988-05-13,44009,Washington,19.5016,7.7646,72.8036,4.1589
1988-05-14,44009,Washington,19.664,7.9206,61.5664,1.744
1988-05-15,44009,Washington,17.6632,6.4574,59.3781,2.4496
1988-05-16,44009,Washington,21.6517,6.4379,78.4849,1.5177
1988-05-17,44009,Washington,22.1208,10.351,76.1335,1.3522
1988-05-18,44009,Washington,19.3304,11.626,78.3127,3.9341
1988-05-19,44009,Washington,15.6521,10.5648,80.5455,4.6699
1988-05-20,44009,Washington,20.0109,10.4006,75.8368,2.3456
1988-05-21,44009,Washington,20.9343,11.1912,75.8597,2.2528
1988-05-22,44009,Washington,22.1607,11.7404,74.7827,1.8215
1988-05-23,44009,Washington,23.9513,12.8859,74.3384,3.7791
1988-05-24,44009,Washington,24.5444,14.7185,72.4602,3.2753
1988-05-25,44009,Washington,18.2521,9.5796,80.9484,2.636
1988-05-26,44009,Washington,17.5121,8.4146,60.185,3.3393
1988-05-27,44009,Washington,21.6466,7.3277,63.5741,3.4859
1988-05-28,44009,Washington,23.4973,9.7205,65.4581,3.951
1988-05-29,44009,Washington,26.6617,11.4404,62.6197,1.6114
1988-05-30,44009,Washington,22.5523,11.876,71.2808,2.2762
1988-05-31,44009,Washington,28.5203,10.9023,57.9083,3.2674
1988-06-01,44009,Washington,25.729,13.2417,56.1054,3.6911
1988-06-02,44009,Washington,15.2888,8.7533,58.6439,3.4693
1988-06-03,44009,Washington,17.2817,7.8066,59.6626,1.4269
1988-06-04,44009,Washington,18.0073,7.4954,60.5807,2.5035
1988-06-05,44009,Washington,22.3596,9.9317,58.8106,6.2814
1988-06-06,44009,Washington,22.9991,10.346,52.7633,5.358
1988-06-07,44009,Washington,21.8824,9.2077,48.6019,4.2422
1988-06-08,44009,Washington,21.0209,6.5901,51.4343,2.1887
1988-06-09,44009,Washington,15.9568,8.4175,66.4572,2.7438
1988-06-10,44009,Washington,19.3891,6.4104,57.0183,2.4064
1988-06-11,44009,Washington,21.4325,10.1432,53.2921,2.0694
1988-06-12,44009,Washington,27.1182,11.2128,55.6797,3.3468
1988-06-13,44009,Washington,29.983,15.0666,53.3507,3.0979
1988-06-14,44009,Washington,30.1746,16.1732,54.4036,2.7935
1988-06-15,44009,Washington,30.8907,16.2712,60.3196,3.6832
1988-06-16,44009,Washington,28.2893,15.783,66.1765,4.0981
1988-06-17,44009,Washington,25.0799,15.061,71.124,1.9306
1988-06-18,44009,Washington,25.5337,14.4513,64.9784,1.8565
1988-06-19,44009,Washington,26.3771,12.8025,63.259,3.3408
1988-06-20,44009,Washington,27.1984,13.8898,69.6157,4.5617
1988-06-21,44009,Washington,30.0894,17.6795,55.2848,2.6025
1988-06-22,44009,Washington,29.5675,17.5101,64.0719,3.6082
1988-06-23,44009,Washington,28.9014,12.8136,60.2271,4.5497
1988-06-24,44009,Washington,21.1425,9.9508,50.6788,1.7673
1988-06-25,44009,Washington,20.9197,9.9947,66.6594,3.7872
1988-06-26,44009,Washington,26.9665,13.501,65.0821,4.3053
1988-06-27,44009,Washington,22.5047,12.2761,60.3084,1.9446
1988-06-28,44009,Washington,25.5318,13.8838,55.6865,2.7401
1988-06-29,44009,Washington,23.865,14.4831,59.6281,1.6062
1988-06-30,44009,Washington,20.7194,10.1525,59.746,2.1918
1988-07-01,44009,Washington,19.3083,8.274,66.9901,3.602
1988-07-02,44009,Washington,21.3773,10.3298,67.1691,3.2751
1988-07-03,44009,Washington,24.9406,12.7844,63.5504,3.2851
1988-07-04,44009,Washington,26.1832,13.6241,68.0225,2.2756
1988-07-05,44009,Washington,26.0906,14.5862,69.9987,2.2129
1988-07-06,44009,Washington,28.052,14.3843,68.7597,2.8756
1988-07-07,44009,Washington,29.5325,17.7184,67.6023,3.3915
1988-07-08,44009,Washington,29.7802,16.933,68.3343,3.8637
1988-07-09,44009,Washington,28.2385,18.2095,77.0747,3.9387
1988-07-10,44009,Washington,33.2434,18.8641,64.2591,3.3522
1988-07-11,44009,Washington,33.2757,20.0836,63.9305,3.3846
1988-07-12,44009,Washington,30.2653,20.8864,71.8763,3.2106
1988-07-13,44009,Washington,30.2976,19.0476,61.5304,1.8572
1988-07-14,44009,Washington,29.2024,16.9926,75.2739,4.3166
1988-07-15,44009,Washington,29.3273,17.4918,67.604,2.1814
1988-07-16,44009,Washington,29.8664,16.2494,72.227,4.2661
1988-07-17,44009,Washington,32.9163,21.4444,68.2178,3.8696
1988-07-18,44009,Washington,30.3275,20.8036,71.4882,2.1266
1988-07-19,44009,Washington,28.723,19.0195,81.2213,3.24
1988-07-20,44009,Washington,26.0467,21.6683,86.692,1.8868
1988-07-21,44009,Washington,25.5437,18.7901,89.5574,3.5881
1988-07-22,44009,Washington,25.3361,19.8248,86.007,2.6956
1988-07-23,44009,Washington,23.498,17.1366,89.5909,1.4755
1988-07-24,44009,Washington,24.2395,19.1326,87.0118,3.4354
1988-07-25,44009,Washington,25.3793,18.3871,84.8959,2.6687
1988-07-26,44009,Washington,26.3218,18.875,85.5518,2.1557
1988-07-27,44009,Washington,25.4711,20.7825,85.1696,2.7589
1988-07-28,44009,Washington,25.1652,20.1868,81.7176,2.0707
1988-07-29,44009,Washington,27.8003,19.613,80.6524,2.4992
1988-07-30,44009,Washington,30.942,22.02,77.9382,3.0999
1988-07-31,44009,Washington,29.3642,21.1114,80.1158,1.8859
1988-08-01,44009,Washington,28.3726,20.0722,77.6774,1.8457
1988-08-02,44009,Washington,28.5434,19.981,79.3649,2.4806
1988-08-03,44009,Washington,29.3845,19.6967,80.4067,3.8303
1988-08-04,44009,Washington,28.9526,20.3281,81.6581,4.7216
1988-08-05,44009,Washington,28.945,21.4816,79.9213,4.9812
1988-08-06,44009,Washington,28.1224,20.6242,80.3216,4.0348
1988-08-07,44009,Washington,28.9437,20.0991,79.6298,2.9953
1988-08-08,44009,Washington,27.9618,20.5322,75.0559,2.641
1988-08-09,44009,Washington,29.1043,19.1507,78.7325,3.4068
1988-08-10,44009,Washington,28.8122,20.1628,82.4981,4.9627
1988-08-11,44009,Washington,29.3396,21.3512,80.6186,4.0921
1988-08-12,44009,Washington,31.2851,22.1311,76.0579,3.9836
1988-08-13,44009,Washington,30.6819,21.1238,77.8476,4.7947
1988-08-14,44009,Washington,30.4357,22.5688,76.6206,4.8781
1988-08-15,44009,Washington,30.9882,22.1839,72.8649,5.4342
1988-08-16,44009,Washington,25.809,17.333,67.7412,4.0088
1988-08-17,44009,Washington,28.3864,15.9892,67.2289,2.4763
1988-08-18,44009,Washington,27.0382,14.8103,64.9326,3.4062
1988-08-19,44009,Washington,22.5784,10.8667,61.7125,1.846
1988-08-20,44009,Washington,24.3546,15.0529,59.2267,1.5593
1988-08-21,44009,Washington,27.0203,11.8626,55.4895,2.6281
1988-08-22,44009,Washington,20.9123,8.5812,53.4011,2.2134
1988-08-23,44009,Washington,20.7418,12.0359,60.3532,2.4275
1988-08-24,44009,Washington,23.3094,14.3896,82.721,4.3554
1988-08-25,44009,Washington,25.8389,15.648,74.88,2.3778
1988-08-26,44009,Washington,28.1005,18.4956,72.421,3.2671
1988-08-27,44009,Washington,28.9205,17.9905,69.7532,2.1392
1988-08-28,44009,Washington,29.1805,18.0265,76.8297,4.7797
1988-08-29,44009,Washington,27.6961,19.561,81.5012,5.106
1988-08-30,44009,Washington,24.1885,15.2088,71.6541,2.4213
1988-08-31,44009,Washington,24.5967,11.7602,61.9764,1.6907
1988-09-01,44009,Washington,25.4581,13.2512,60.6711,1.5276
1988-09-02,44009,Washington,26.2565,12.3952,63.9509,2.8447
1988-09-03,44009,Washington,25.6729,12.3256,69.4076,2.2824
1988-09-04,44009,Washington,20.9625,14.2216,98.1203,4.0391
1988-09-05,44009,Washington,25.2115,12.2882,78.8897,5.0669
1988-09-06,44009,Washington,17.7024,7.8437,61.7933,3.4863
1988-09-07,44009,Washington,20.5611,7.2102,61.962,2.8425
1988-09-08,44009,Washington,23.0554,10.2288,68.853,2.3282
1988-09-09,44009,Washington,23.5099,12.2811,87.462,2.2879
1988-09-10,44009,Washington,26.602,14.2756,64.4783,3.6496
1988-09-11,44009,Washington,21.8791,10.3835,58.6761,4.1066
1988-09-12,44009,Washington,22.1137,10.5756,59.6008,2.8387
1988-09-13,44009,Washington,23.593,11.8963,86.7947,4.1702
1988-09-14,44009,Washington,20.6852,11.3281,64.9568,3.3732
1988-09-15,44009,Washington,17.836,7.3293,58.0695,4.5907
1988-09-16,44009,Washington,17.2848,4.5006,59.2397,2.488
1988-09-17,44009,Washington,20.0901,7.3275,76.8451,3.3906
1988-09-18,44009,Washington,24.5125,13.6891,79.4157,4.4476
1988-09-19,44009,Washington,27.0096,14.1278,67.91,2.1302
1988-09-20,44009,Washington,24.9502,13.4768,86.0607,4.131
1988-09-21,44009,Washington,25.715,15.4785,73.8324,3.0695
1988-09-22,44009,Washington,21.1216,11.2428,64.1419,3.6224
1988-09-23,44009,Washington,23.9606,11.0379,79.2982,3.7938
1988-09-24,44009,Washington,21.5427,10.4439,53.27,3.0389
1988-09-25,44009,Washington,20.4203,10.7195,62.6885,1.4946
1988-09-26,44009,Washington,23.0583,10.0172,59.3756,2.2665
1988-09-27,44009,Washington,21.0283,8.3627,65.1814,2.9956
1988-09-28,44009,Washington,24.753,7.9642,60.9527,4.4401
1988-09-29,44009,Washington,17.0469,3.5018,53.8572,2.5557
1988-09-30,44009,Washington,19.4905,4.6418,81.6684,4.0625
1988-10-01,44009,Washington,23.9804,10.8096,66.5195,4.2541
1988-10-02,44009,Washington,24.7217,11.3008,68.1525,5.1547
1988-10-03,44009,Washington,21.6899,10.2772,67.3623,2.4109
1988-10-04,44009,Washington,13.2702,5.6117,82.6248,6.0541
1988-10-05,44009,Washington,13.3714,5.1762,67.8166,3.1691
1988-10-06,44009,Washington,15.1545,3.9874,53.9593,2.8205
1988-10-07,44009,Washington,12.2198,4.6959,66.6414,5.1233
1988-10-08,44009,Washington,8.5422,1.3997,83.4918,5.597
1988-10-09,44009,Washington,11.3622,0.1681,66.0102,3.8997
1988-10-10,44009,Washington,16.6185,7.1065,67.7029,5.5127
1988-10-11,44009,Washington,17.2649,6.1167,62.399,5.5791
1988-10-12,44009,Washington,12.3817,2.7565,52.9147,4.593
1988-10-13,44009,Washington,8.3988,0.9179,57.2289,5.2142
1988-10-14,44009,Washington,11.1247,-0.8284,60.7516,4.971
1988-10-15,44009,Washington,16.3744,3.3832,61.8609,2.8291
1988-10-16,44009,Washington,17.3178,8.9346,73.1722,2.5291
1988-10-17,44009,Washington,19.7706,9.4548,71.5817,3.1262
1988-10-18,44009,Washington,20.5119,9.0316,75.3249,4.4934
1988-10-19,44009,Washington,14.1341,5.8688,61.6353,2.9172
1988-10-20,44009,Washington,10.2506,-1.306,49.7135,3.1508
1988-10-21,44009,Washington,11.0029,-2.2771,71.2533,5.7251
1988-10-22,44009,Washington,15.0917,5.4393,80.1508,6.9381
1988-10-23,44009,Washington,11.2452,4.11,65.5848,5.2338
1988-10-24,44009,Washington,15.0258,5.3456,80.5568,3.604
1988-10-25,44009,Washington,11.8174,3.1504,59.9695,4.8612
1988-10-26,44009,Washington,14.0085,1.4346,53.4363,3.2891
1988-10-27,44009,Washington,11.2934,0.9376,52.5209,3.1059
1988-10-28,44009,Washington,15.4704,0.7434,71.7823,4.2234
1988-10-29,44009,Washington,10.2101,-0.1194,54.9747,3.5233
1988-10-30,44009,Washington,8.0315,-1.477,50.8135,3.6405
1988-10-31,44009,Washington,7.749,-2.9583,51.8913,2.3118
1988-11-01,44009,Washington,14.3996,0.342,83.9486,3.9607
1988-11-02,44009,Washington,13.8523,4.0261,64.0623,7.2347
1988-11-03,44009,Washington,11.5138,1.9268,53.5727,6.3689
1988-11-04,44009,Washington,15.0735,1.0963,69.4269,3.3015
1988-11-05,44009,Washington,20.1922,8.2096,73.0407,5.4853
1988-11-06,44009,Washington,18.2378,7.5318,69.6065,4.7254
1988-11-07,44009,Washington,14.6681,3.6797,58.3503,5.4162
1988-11-08,44009,Washington,11.6082,1.5533,60.9949,3.9913
1988-11-09,44009,Washington,14.0146,4.324,56.2373,3.0232
1988-11-10,44009,Washington,14.9432,2.4714,71.276,4.7085
1988-11-11,44009,Washington,13.9784,3.5136,54.5805,4.8027
1988-11-12,44009,Washington,7.4588,-1.3707,52.7808,2.4494
1988-11-13,44009,Washington,14.267,-0.1669,78.7095,5.5039
1988-11-14,44009,Washington,14.3416,3.2554,61.072,4.7931
1988-11-15,44009,Washington,11.9445,2.3262,52.9572,2.5597
1988-11-16,44009,Washington,15.1464,1.634,73.0618,3.9503
1988-11-17,44009,Washington,17.3195,3.3542,76.036,4.7541
1988-11-18,44009,Washington,9.2189,-0.3274,51.6947,4.9222
1988-11-19,44009,Washington,8.3363,-1.4297,51.5755,2.2566
1988-11-20,44009,Washington,14.7165,1.782,82.1304,5.3109
1988-11-21,44009,Washington,14.4864,-1.3843,50.9237,8.494
1988-11-22,44009,Washington,7.4048,-2.6572,52.1803,3.3993
1988-11-23,44009,Washington,9.4406,-1.6517,54.4882,2.7972
1988-11-24,44009,Washington,5.0645,-3.5036,53.6529,4.9543
1988-11-25,44009,Washington,7.0302,-4.1417,46.7318,4.7117
1988-11-26,44009,Washington,9.4036,-0.9817,63.9286,2.4108
1988-11-27,44009,Washington,15.4512,1.6194,82.0895,3.9544
1988-11-28,44009,Washington,15.8652,3.9068,80.3099,5.8289
1988-11-29,44009,Washington,8.8519,0.5484,54.0611,5.3319
1988-11-30,44009,Washington,10.5073,-0.8281,66.6488,4.2561
1988-12-01,44009,Washington,9.9947,1.2408,51.4952,3.59
1988-12-02,44009,Washington,5.519,-2.1933,52.247,5.6261
1988-12-03,44009,Washington,8.8318,-2.4043,61.7116,5.9843
1988-12-04,44009,Washington,6.0409,-5.2048,41.847,7.0944
1988-12-05,44009,Washington,3.6246,-4.4,41.2087,3.9976
1988-12-06,44009,Washington,7.7329,-4.2647,54.8133,4.1679
1988-12-07,44009,Washington,12.1437,-0.2682,54.1358,3.9481
1988-12-08,44009,Washington,6.8704,-3.4,51.4709,3.9058
1988-12-09,44009,Washington,3.1216,-4.0443,40.8137,1.7033
1988-12-10,44009,Washington,1.3622,-4.426,41.0944,3.3344
1988-12-11,44009,Washington,0.8612,-13.9986,35.989,6.0274
1988-12-12,44009,Washington,-6.3192,-16.8894,48.978,3.7906
1988-12-13,44009,Washington,4.9141,-10.2673,76.7145,3.5211
1988-12-14,44009,Washington,5.3292,-0.8001,71.4397,3.6328
1988-12-15,44009,Washington,8.7164,-4.7085,55.7439,6.6443
1988-12-16,44009,Washington,-1.5488,-10.5433,35.9434,5.015
1988-12-17,44009,Washington,-0.7364,-11.0193,49.4832,5.0715
1988-12-18,44009,Washington,-0.3643,-8.942,44.5832,4.3356
1988-12-19,44009,Washington,3.1743,-5.7412,54.6389,3.0795
1988-12-20,44009,Washington,9.9582,-1.3172,66.0087,5.5366
1988-12-21,44009,Washington,10.4969,1.306,65.8323,4.7929
1988-12-22,44009,Washington,5.83,-5.0792,42.8053,4.264
1988-12-23,44009,Washington,6.0301,-4.7367,71.3467,4.0737
1988-12-24,44009,Washington,10.3312,-1.3379,69.9188,3.6985
1988-12-25,44009,Washington,10.5064,-1.0139,57.9358,6.3045
1988-12-26,44009,Washington,2.561,-5.8913,40.0008,6.3329
1988-12-27,44009,Washington,5.2093,-7.034,54.7381,4.2843
1988-12-28,44009,Washington,11.1969,1.2143,38.4992,7.3458
1988-12-29,44009,Washington,4.5868,-3.3121,43.3938,4.0335
1988-12-30,44009,Washington,2.6945,-3.9875,51.7237,2.2968
1988-12-31,44009,Washington,2.6808,-3.727,58.4115,5.5917
1989-01-01,44009,Washington,3.7599,-4.062,53.7495,3.2515
1989-01-02,44009,Washington,7.4261,-1.9756,68.5958,3.3726
1989-01-03,44009,Washington,4.58,-2.7664,48.6668,4.2501
1989-01-04,44009,Washington,1.8958,-16.5154,30.246,7.9834
1989-01-05,44009,Washington,-5.3021,-17.1619,40.7682,6.6956
1989-01-06,44009,Washington,1.3711,-11.9042,54.8338,4.3783
1989-01-07,44009,Washington,3.7789,-3.2237,68.0371,4.7599
1989-01-08,44009,Washington,8.8022,-2.1137,68.1608,5.0002
1989-01-09,44009,Washington,5.8166,-3.1848,40.3139,5.4086
1989-01-10,44009,Washington,3.4332,-4.505,41.9799,2.913
1989-01-11,44009,Washington,4.879,-4.7815,45.0954,4.9193
1989-01-12,44009,Washington,7.2106,-4.8156,70.6218,4.7565
1989-01-13,44009,Washington,6.6316,-4.5281,49.2115,6.1359
1989-01-14,44009,Washington,4.9893,-5.1054,52.9482,4.5768
1989-01-15,44009,Washington,10.7918,-0.585,68.0671,4.9187
1989-01-16,44009,Washington,7.2873,-2.605,50.9468,3.4753
1989-01-17,44009,Washington,6.6878,-3.36,52.1555,4.8237
1989-01-18,44009,Washington,8.4115,-2.3324,52.1967,2.1787
1989-01-19,44009,Washington,8.9139,-1.1484,60.5182,2.8893
1989-01-20,44009,Washington,9.3535,-1.5275,58.4632,4.8156
1989-01-21,44009,Washington,2.9524,-10.6759,26.9666,7.323
1989-01-22,44009,Washington,3.9755,-10.8741,52.1682,5.2964
1989-01-23,44009,Washington,7.9579,-2.7753,52.9471,1.9955
1989-01-24,44009,Washington,10.5983,-1.3559,41.237,2.2301
1989-01-25,44009,Washington,3.9642,-5.7289,42.9528,4.6236
1989-01-26,44009,Washington,7.4417,-5.2455,74.0595,5.9347
1989-01-27,44009,Washington,6.5942,-1.9005,56.5549,4.2817
1989-01-28,44009,Washington,4.9164,-2.6432,55.347,4.5717
1989-01-29,44009,Washington,11.7181,-0.9901,47.2973,3.6404
1989-01-30,44009,Washington,10.2266,0.5314,68.9935,3.7157
1989-01-31,44009,Washington,7.1648,-2.6619,63.7138,5.5593
1989-02-01,44009,Washington,13.3005,-0.7612,61.299,4.1194
1989-02-02,44009,Washington,8.0234,-2.5446,62.0649,5.4056
1989-02-03,44009,Washington,3.7396,-4.195,71.9473,3.317
1989-02-04,44009,Washington,-0.7368,-9.0003,42.4411,3.6276
1989-02-05,44009,Washington,-2.5207,-9.0242,55.3956,2.2508
1989-02-06,44009,Washington,3.1377,-6.6955,64.9936,2.9363
1989-02-07,44009,Washington,2.654,-5.7406,66.1346,2.6368
1989-02-08,44009,Washington,1.0701,-6.8711,48.5878,5.5535
1989-02-09,44009,Washington,-1.0957,-12.0089,28.9701,7.3896
1989-02-10,44009,Washington,-2.2252,-11.9241,42.8663,4.747
1989-02-11,44009,Washington,2.2019,-7.7452,49.8684,5.6466
1989-02-12,44009,Washington,3.8046,-4.2997,46.1434,5.0154
1989-02-13,44009,Washington,3.3895,-5.8026,49.7334,4.0629
1989-02-14,44009,Washington,9.0773,-0.5379,80.9539,4.1723
1989-02-15,44009,Washington,7.5101,0.9967,75.8145,2.3513
1989-02-16,44009,Washington,5.4235,-6.9569,54.3571,4.911
1989-02-17,44009,Washington,-3.1091,-11.271,29.4327,4.4475
1989-02-18,44009,Washington,-3.1428,-11.2515,36.8307,2.2724
1989-02-19,44009,Washington,0.9191,-7.7898,55.7345,2.5094
1989-02-20,44009,Washington,4.9842,-3.9001,63.9968,2.781
1989-02-21,44009,Washington,11.2104,-1.279,85.5053,6.1989
1989-02-22,44009,Washington,11.394,2.0412,75.9205,3.0016
1989-02-23,44009,Washington,5.9666,-4.4963,61.1443,6.1233
1989-02-24,44009,Washington,-0.5543,-9.0155,52.9553,8.9177
1989-02-25,44009,Washington,-2.7823,-11.1921,62.0451,5.2617
1989-02-26,44009,Washington,2.0471,-10.7299,58.6462,2.2605
1989-02-27,44009,Washington,3.1463,-4.2184,66.41,3.3291
1989-02-28,44009,Washington,4.2356,-2.7137,51.2354,1.9116
1989-03-01,44009,Washington,6.5274,-4.0028,50.2409,5.266
1989-03-02,44009,Washington,2.7996,-4.6922,41.6812,4.7239
1989-03-03,44009,Washington,4.1587,-2.9126,53.389,3.1541
1989-03-04,44009,Washington,3.9373,-2.568,59.7397,5.8112
1989-03-05,44009,Washington,7.6191,-2.248,73.923,2.4765
1989-03-06,44009,Washington,6.1247,-6.9317,45.0643,5.1144
1989-03-07,44009,Washington,-3.816,-12.2974,52.4201,7.2068
1989-03-08,44009,Washington,0.5573,-10.1974,54.0908,6.6368
1989-03-09,44009,Washington,3.5738,-5.5202,51.7011,4.9858
1989-03-10,44009,Washington,3.5246,-5.455,50.2688,4.258
1989-03-11,44009,Washington,5.2011,-4.8954,57.8328,2.2623
1989-03-12,44009,Washington,5.4442,-2.8989,66.0197,3.36
1989-03-13,44009,Washington,2.1643,-4.7409,50.9553,2.7674
1989-03-14,44009,Washington,9.6183,-2.9256,66.2931,1.9614
1989-03-15,44009,Washington,14.9838,1.8412,68.7498,4.6538
1989-03-16,44009,Washington,10.0826,-0.4063,52.8296,3.4132
1989-03-17,44009,Washington,11.9725,-0.7919,57.7525,4.5302
1989-03-18,44009,Washington,14.5126,1.1968,76.4352,4.1821
1989-03-19,44009,Washington,8.9727,-2.6638,42.2159,3.6944
1989-03-20,44009,Washington,4.7462,-2.3089,52.5776,3.4468
1989-03-21,44009,Washington,7.8034,-1.5171,65.9738,4.2279
1989-03-22,44009,Washington,4.3796,-3.6665,45.0685,2.1008
1989-03-23,44009,Washington,6.099,-1.7764,49.7104,1.9549
1989-03-24,44009,Washington,6.2754,-1.5191,75.2185,7.3739
1989-03-25,44009,Washington,10.474,1.1109,66.481,4.3998
1989-03-26,44009,Washington,14.718,2.2723,48.3226,2.7161
1989-03-27,44009,Washington,14.1958,0.5755,58.5209,4.2846
1989-03-28,44009,Washington,18.5056,4.1196,66.3911,4.9359
1989-03-29,44009,Washington,17.8054,3.5221,67.5632,5.2279
1989-03-30,44009,Washington,8.3881,1.5419,71.371,4.6827
1989-03-31,44009,Washington,9.8938,2.7331,72.5359,3.7471
1989-04-01,44009,Washington,9.4869,1.5796,58.497,5.0831
1989-04-02,44009,Washington,10.1329,0.0156,48.5424,3.6106
1989-04-03,44009,Washington,10.5663,1.1682,77.7605,4.2465
1989-04-04,44009,Washington,15.1037,3.5817,75.1001,3.4969
1989-04-05,44009,Washington,20.2037,7.0188,63.2019,3.9416
1989-04-06,44009,Washington,15.3267,6.4242,75.9559,3.5165
1989-04-07,44009,Washington,12.6054,3.7679,52.8519,5.0682
1989-04-08,44009,Washington,10.3965,2.2408,59.8198,5.0672
1989-04-09,44009,Washington,10.6614,2.1526,64.2858,2.0407
1989-04-10,44009,Washington,10.9818,-0.312,45.306,4.0054
1989-04-11,44009,Washington,7.9091,-2.1466,40.8811,2.9256
1989-04-12,44009,Washington,9.848,0.07,43.8078,2.4154
1989-04-13,44009,Washington,10.4245,-0.6543,61.8786,3.2497
1989-04-14,44009,Washington,11.2015,1.7208,56.317,1.9219
1989-04-15,44009,Washington,11.3617,1.4921,72.0917,4.4006
1989-04-16,44009,Washington,9.945,3.0466,74.5447,5.0423
1989-04-17,44009,Washington,17.2393,2.8712,54.4009,3.3028
1989-04-18,44009,Washington,19.7613,6.2571,57.2699,1.7416
1989-04-19,44009,Washington,15.5532,4.2716,52.399,2.3296
1989-04-20,44009,Washington,14.0746,0.414,40.7108,2.9083
1989-04-21,44009,Washington,14.6776,2.8002,50.7529,2.5296
1989-04-22,44009,Washington,10.222,-2.7126,40.2909,4.7385
1989-04-23,44009,Washington,9.2361,-3.5559,43.5031,5.1973
1989-04-24,44009,Washington,12.1861,-0.5134,43.8612,4.4394
1989-04-25,44009,Washington,13.7993,-0.017,41.8124,3.3566
1989-04-26,44009,Washington,17.2091,2.4909,46.5795,1.0429
1989-04-27,44009,Washington,15.3348,4.195,46.1317,2.6213
1989-04-28,44009,Washington,13.686,4.323,47.996,2.7133
1989-04-29,44009,Washington,14.2499,3.5439,61.556,2.8652
1989-04-30,44009,Washington,19.2321,7.8973,62.0348,1.9854
1989-05-01,44009,Washington,18.8001,7.6497,65.5275,2.2997
1989-05-02,44009,Washington,17.4638,8.5581,81.1209,5.3571
1989-05-03,44009,Washington,16.2315,6.7342,56.1025,6.1964
1989-05-04,44009,Washington,17.6382,4.8018,54.4531,3.5792
1989-05-05,44009,Washington,14.9742,4.6012,76.6847,4.0217
1989-05-06,44009,Washington,18.6395,10.5507,75.3764,5.415
1989-05-07,44009,Washington,17.1756,5.4187,65.9157,4.425
1989-05-08,44009,Washington,12.4457,3.8006,64.7457,4.3236
1989-05-09,44009,Washington,16.4501,3.8061,61.068,1.6958
1989-05-10,44009,Washington,12.3842,6.3279,77.5845,5.565
1989-05-11,44009,Washington,17.6998,6.2435,76.9621,4.2566
1989-05-12,44009,Washington,18.9756,9.8032,69.725,1.2991
1989-05-13,44009,Washington,17.9228,9.8636,68.2078,1.5751
1989-05-14,44009,Washington,18.271,8.626,64.8254,2.3712
1989-05-15,44009,Washington,20.9228,8.6437,66.4138,1.8954
1989-05-16,44009,Washington,18.9159,10.776,74.7285,4.6906
1989-05-17,44009,Washington,20.9967,10.278,62.6607,4.0995
1989-05-18,44009,Washington,23.9231,9.3907,55.7789,2.1824
1989-05-19,44009,Washington,20.8855,9.0917,62.8771,2.0392
1989-05-20,44009,Washington,22.1963,8.2041,64.4191,2.651
1989-05-21,44009,Washington,23.723,10.1018,70.1015,3.5555
1989-05-22,44009,Washington,23.3159,11.338,57.0653,4.0524
1989-05-23,44009,Washington,23.4131,9.6052,55.7409,1.9348
1989-05-24,44009,Washington,20.7802,12.4391,75.8262,2.904
1989-05-25,44009,Washington,22.6414,12.6488,66.2265,2.6378
1989-05-26,44009,Washington,22.4628,12.0262,75.8201,3.7101
1989-05-27,44009,Washington,26.4158,11.0704,63.0691,3.0713
1989-05-28,44009,Washington,17.7466,7.4662,55.7689,4.797
1989-05-29,44009,Washington,21.7404,7.6581,55.607,3.8411
1989-05-30,44009,Washington,21.3781,9.3825,78.4564,4.8573
1989-05-31,44009,Washington,25.105,14.8134,75.7168,1.9765
1989-06-01,44009,Washington,26.7581,15.4043,76.2373,1.8358
1989-06-02,44009,Washington,28.0816,17.5909,68.4326,3.2341
1989-06-03,44009,Washington,25.9537,13.5928,63.9317,3.1419
1989-06-04,44009,Washington,26.5233,13.036,74.1601,3.394
1989-06-05,44009,Washington,23.8163,13.3612,64.3494,1.4451
1989-06-06,44009,Washington,22.9952,14.3892,80.6505,2.2067
1989-06-07,44009,Washington,20.9517,14.5392,82.801,2.2647
1989-06-08,44009,Washington,22.7791,15.3549,79.8329,2.1148
1989-06-09,44009,Washington,21.1393,13.9521,81.736,4.1684
1989-06-10,44009,Washington,24.6385,14.4207,73.0123,3.569
1989-06-11,44009,Washington,22.3234,11.8489,60.8362,4.9309
1989-06-12,44009,Washington,24.0106,10.5834,61.6893,3.6772
1989-06-13,44009,Washington,19.733,12.1385,79.568,2.9682
1989-06-14,44009,Washington,21.1459,11.2562,70.9018,2.6132
1989-06-15,44009,Washington,18.0601,11.452,83.6739,4.6031
1989-06-16,44009,Washington,25.9487,14.9846,79.1869,2.7386
1989-06-17,44009,Washington,25.0079,16.4107,80.3323,3.7495
1989-06-18,44009,Washington,24.763,15.4756,73.1045,3.2785
1989-06-19,44009,Washington,25.8333,13.9908,68.852,2.0196
1989-06-20,44009,Washington,25.2316,14.7746,70.8014,2.3857
1989-06-21,44009,Washington,25.2445,14.2429,79.9947,2.1011
1989-06-22,44009,Washington,27.8587,16.6911,75.259,1.8043
1989-06-23,44009,Washington,27.8383,17.34,71.3563,1.6805
1989-06-24,44009,Washington,21.5275,13.4947,80.2794,1.9756
1989-06-25,44009,Washington,25.2067,11.6583,72.7746,1.6366
1989-06-26,44009,Washington,27.8887,15.1807,73.7379,2.1543
1989-06-27,44009,Washington,29.9301,17.838,72.9562,3.2104
1989-06-28,44009,Washington,28.6248,18.0671,73.0868,3.2417
1989-06-29,44009,Washington,22.348,15.3257,64.4376,3.1024
1989-06-30,44009,Washington,24.3655,11.6413,58.3276,2.2037
1989-07-01,44009,Washington,24.1597,12.5865,68.2535,1.4595
1989-07-02,44009,Washington,27.5475,15.219,70.3664,3.7631
1989-07-03,44009,Washington,25.6466,14.3849,73.8164,2.9238
1989-07-04,44009,Washington,24.0663,13.7529,80.7958,2.6403
1989-07-05,44009,Washington,25.7649,16.0816,82.5361,2.254
1989-07-06,44009,Washington,27.1523,17.1898,82.4832,1.8498
1989-07-07,44009,Washington,30.4377,18.9085,75.2271,3.0319
1989-07-08,44009,Washington,27.6077,17.5786,71.4824,1.6315
1989-07-09,44009,Washington,25.9734,16.5425,71.654,2.6518
1989-07-10,44009,Washington,28.0271,16.4381,85.2394,4.3401
1989-07-11,44009,Washington,28.1564,16.7986,64.4488,4.011
1989-07-12,44009,Washington,26.3274,13.1991,65.926,2.7165
1989-07-13,44009,Washington,24.4132,16.0229,76.5391,1.9323
1989-07-14,44009,Washington,26.0033,15.7185,70.7585,1.3629
1989-07-15,44009,Washington,25.8195,15.5976,62.182,1.9755
1989-07-16,44009,Washington,23.0288,14.6444,80.746,1.908
1989-07-17,44009,Washington,22.0903,14.7703,80.1789,3.6678
1989-07-18,44009,Washington,25.4224,14.8346,74.9805,2.4272
1989-07-19,44009,Washington,26.145,14.5339,77.5643,2.6365
1989-07-20,44009,Washington,25.281,15.7761,80.1267,1.9737
1989-07-21,44009,Washington,22.754,15.405,82.5326,2.446
1989-07-22,44009,Washington,26.2942,17.1476,80.4511,2.3137
1989-07-23,44009,Washington,30.8042,19.6171,69.5594,1.7218
1989-07-24,44009,Washington,29.3056,17.9214,67.7787,1.5953
1989-07-25,44009,Washington,29.9952,17.8704,74.3515,3.4323
1989-07-26,44009,Washington,31.541,20.802,71.4185,3.2415
1989-07-27,44009,Washington,30.3628,21.5564,77.4614,3.7901
1989-07-28,44009,Washington,28.7158,17.0345,74.0791,4.1449
1989-07-29,44009,Washington,24.7854,13.4842,61.134,2.8763
1989-07-30,44009,Washington,26.8955,13.7285,67.716,2.7884
1989-07-31,44009,Washington,26.1965,15.1428,72.5151,1.9809
1989-08-01,44009,Washington,25.7415,15.0068,73.7576,3.3346
1989-08-02,44009,Washington,26.4626,14.4417,74.1887,2.4008
1989-08-03,44009,Washington,27.8428,17.2669,75.0941,1.9766
1989-08-04,44009,Washington,28.961,18.8398,83.8391,3.716
1989-08-05,44009,Washington,30.0362,21.1874,77.4455,3.4016
1989-08-06,44009,Washington,30.0536,20.5983,79.5786,3.2523
1989-08-07,44009,Washington,29.4724,19.3361,75.1718,1.7462
1989-08-08,44009,Washington,23.2865,14.1331,63.6276,3.5087
1989-08-09,44009,Washington,22.7984,10.9901,63.3508,1.997
1989-08-10,44009,Washington,24.7288,13.7212,63.1145,1.8419
1989-08-11,44009,Washington,21.2701,15.7933,82.9455,3.7208
1989-08-12,44009,Washington,26.3185,16.7777,85.3976,2.5341
1989-08-13,44009,Washington,27.1764,19.0764,80.3752,2.933
1989-08-14,44009,Washington,27.0547,19.5187,81.416,2.8678
1989-08-15,44009,Washington,27.0564,19.7037,80.6896,2.6837
1989-08-16,44009,Washington,28.1944,19.8113,79.3918,2.9873
1989-08-17,44009,Washington,27.9446,18.3002,66.7912,1.4494
1989-08-18,44009,Washington,25.9522,15.2687,70.0231,3.6264
1989-08-19,44009,Washington,26.0824,16.3943,76.2115,4.1477
1989-08-20,44009,Washington,26.5197,18.0105,81.0461,4.1442
1989-08-21,44009,Washington,29.2727,19.4317,74.5949,4.4895
1989-08-22,44009,Washington,27.5915,18.3006,65.3165,2.9554
1989-08-23,44009,Washington,28.873,18.018,69.1532,2.9671
1989-08-24,44009,Washington,24.6352,14.2903,61.5559,2.8085
1989-08-25,44009,Washington,20.8666,11.3094,56.5423,3.0237
1989-08-26,44009,Washington,22.5103,10.167,57.0426,2.5949
1989-08-27,44009,Washington,22.5512,9.9413,57.8802,1.4974
1989-08-28,44009,Washington,23.892,14.3348,73.3486,1.797
1989-08-29,44009,Washington,26.1625,16.456,80.5127,2.6018
1989-08-30,44009,Washington,27.8306,17.9445,73.7232,3.8441
1989-08-31,44009,Washington,23.1634,14.068,61.9398,3.7686
1989-09-01,44009,Washington,25.0301,13.7939,79.3343,4.786
1989-09-02,44009,Washington,26.6682,15.6197,67.6566,3.3413
1989-09-03,44009,Washington,22.8535,12.2994,56.7292,2.2579
1989-09-04,44009,Washington,21.1574,10.5395,58.6084,3.5041
1989-09-05,44009,Washington,21.4827,8.7236,64.8046,3.0537
1989-09-06,44009,Washington,23.4151,10.5485,69.0596,1.6846
1989-09-07,44009,Washington,24.0809,12.3553,67.3881,1.1143
1989-09-08,44009,Washington,24.3132,12.208,66.8321,1.1475
1989-09-09,44009,Washington,27.1062,13.4046,70.7892,1.9572
1989-09-10,44009,Washington,29.939,17.441,75.5136,1.6882
1989-09-11,44009,Washington,29.6765,21.5107,69.7658,1.4244
1989-09-12,44009,Washington,26.892,17.4211,69.0146,1.3774
1989-09-13,44009,Washington,25.2867,13.0299,69.8722,1.9096
1989-09-14,44009,Washington,24.8784,14.2474,82.8543,1.9295
1989-09-15,44009,Washington,23.5271,13.4549,80.448,3.4094
1989-09-16,44009,Washington,21.382,12.8385,81.0406,4.4859
1989-09-17,44009,Washington,26.5877,17.6312,72.5348,2.2278
1989-09-18,44009,Washington,20.9197,13.1921,77.6479,3.7619
1989-09-19,44009,Washington,21.2928,12.6464,90.0001,4.8719
1989-09-20,44009,Washington,25.7339,17.397,82.8319,3.0847
1989-09-21,44009,Washington,25.9439,19.3172,78.5638,2.3623
1989-09-22,44009,Washington,27.0748,19.1254,80.2605,5.1424
1989-09-23,44009,Washington,26.3053,8.0043,85.4429,6.8077
1989-09-24,44009,Washington,14.8532,4.9707,55.6259,4.4751
1989-09-25,44009,Washington,18.4553,5.2821,70.7357,2.887
1989-09-26,44009,Washington,20.1422,9.7243,82.9685,3.9916
1989-09-27,44009,Washington,12.6447,3.0665,57.1005,4.6164
1989-09-28,44009,Washington,16.7248,2.5297,64.8161,3.8782
1989-09-29,44009,Washington,21.4961,10.1361,71.3071,5.6313
1989-09-30,44009,Washington,19.2426,8.7471,60.1531,1.8323
1989-10-01,44009,Washington,19.7351,8.6729,61.953,2.457
1989-10-02,44009,Washington,22.3614,10.1544,88.1791,4.1049
1989-10-03,44009,Washington,23.8764,3.8416,68.9328,4.887
1989-10-04,44009,Washington,11.247,2.2545,62.0605,6.611
1989-10-05,44009,Washington,15.5584,3.8014,58.2271,5.0925
1989-10-06,44009,Washington,19.7247,6.1349,74.7781,3.6643
1989-10-07,44009,Washington,16.9914,5.383,64.0248,4.5593
1989-10-08,44009,Washington,13.1983,4.1849,60.81,3.0637
1989-10-09,44009,Washington,12.4737,3.0348,55.7974,3.8024
1989-10-10,44009,Washington,12.48,1.803,63.3359,2.3386
1989-10-11,44009,Washington,17.27,5.3632,67.9337,3.4246
1989-10-12,44009,Washington,17.5784,4.957,71.0981,3.7831
1989-10-13,44009,Washington,21.058,8.0806,59.3591,3.3902
1989-10-14,44009,Washington,19.6168,6.0366,59.2539,1.9322
1989-10-15,44009,Washington,19.3125,8.3222,77.164,1.9677
1989-10-16,44009,Washington,22.135,7.9212,80.5524,3.5089
1989-10-17,44009,Washington,20.2605,7.9229,87.6031,2.9326
1989-10-18,44009,Washington,12.5951,3.4599,78.6988,6.1912
1989-10-19,44009,Washington,12.2932,2.7999,82.7021,8.6527
1989-10-20,44009,Washington,19.5231,6.4019,92.7378,5.9604
1989-10-21,44009,Washington,15.7338,4.3551,61.5346,5.9156
1989-10-22,44009,Washington,12.3307,3.1962,64.0791,5.0917
1989-10-23,44009,Washington,15.1581,0.9723,59.1383,1.8289
1989-10-24,44009,Washington,16.7942,4.0441,62.2003,1.7844
1989-10-25,44009,Washington,18.5961,3.9679,58.8438,1.6962
1989-10-26,44009,Washington,20.3648,4.7566,58.3449,1.7728
1989-10-27,44009,Washington,20.2483,6.2483,68.2131,2.0356
1989-10-28,44009,Washington,22.8146,8.4268,66.4414,2.1727
1989-10-29,44009,Washington,22.2264,8.6021,63.7725,1.741
1989-10-30,44009,Washington,21.0419,7.7742,68.4779,2.2876
1989-10-31,44009,Washington,20.2817,10.2407,83.8532,4.699
1989-11-01,44009,Washington,16.5643,4.5366,57.6021,5.2402
1989-11-02,44009,Washington,11.672,2.1084,56.4518,2.5614
1989-11-03,44009,Washington,12.656,1.8123,73.2635,3.6881
1989-11-04,44009,Washington,6.1791,-2.3993,46.6535,2.8389
1989-11-05,44009,Washington,11.246,0.1122,58.9178,2.1138
1989-11-06,44009,Washington,16.6681,5.0963,71.232,4.0687
1989-11-07,44009,Washington,14.9431,5.6468,63.3092,2.4351
1989-11-08,44009,Washington,16.2559,8.9348,70.2001,2.7277
1989-11-09,44009,Washington,19.1242,9.9734,73.021,4.9239
1989-11-10,44009,Washington,12.8667,4.7661,55.413,4.8523
1989-11-11,44009,Washington,11.743,1.8847,60.9814,6.456
1989-11-12,44009,Washington,12.09,0.3897,50.9813,6.1763
1989-11-13,44009,Washington,10.8418,-1.2879,58.6971,4.0699
1989-11-14,44009,Washington,18.8039,7.188,68.9214,4.8392
1989-11-15,44009,Washington,18.9591,10.5091,72.0283,5.4595
1989-11-16,44009,Washington,18.2643,6.138,75.4656,7.8418
1989-11-17,44009,Washington,8.4843,-0.5681,47.3401,6.0099
1989-11-18,44009,Washington,9.0156,-0.8548,49.6403,5.4633
1989-11-19,44009,Washington,3.1442,-3.1311,47.3063,5.3281
1989-11-20,44009,Washington,10.4784,-0.6967,72.4779,7.3533
1989-11-21,44009,Washington,9.3078,-7.2865,38.6624,10.5457
1989-11-22,44009,Washington,1.1469,-7.3628,45.2133,4.2682
1989-11-23,44009,Washington,0.1364,-6.6369,63.3005,6.2253
1989-11-24,44009,Washington,0.9401,-6.5637,46.876,4.795
1989-11-25,44009,Washington,5.7108,-3.8408,64.326,5.3674
1989-11-26,44009,Washington,6.3942,0.2234,67.5595,4.3049
1989-11-27,44009,Washington,5.0438,-2.0932,50.2384,3.2909
1989-11-28,44009,Washington,14.3481,0.8229,70.0484,7.1718
1989-11-29,44009,Washington,4.2741,-7.1223,38.341,5.5976
1989-11-30,44009,Washington,2.9149,-7.5921,50.6458,6.4756
1989-12-01,44009,Washington,0.6479,-10.8596,30.901,6.04
1989-12-02,44009,Washington,5.8351,-12.5497,55.5905,3.5756
1989-12-03,44009,Washington,5.5294,-11.0294,49.7342,7.085
1989-12-04,44009,Washington,-5.1856,-13.2197,43.2513,8.0239
1989-12-05,44009,Washington,-1.0086,-10.1283,42.4766,3.8559
1989-12-06,44009,Washington,5.9809,-6.3312,62.0005,3.1939
1989-12-07,44009,Washington,5.8762,-9.9306,40.7794,6.6656
1989-12-08,44009,Washington,-3.1815,-11.2264,28.8051,4.3372
1989-12-09,44009,Washington,-4.1559,-12.9017,42.4583,4.302
1989-12-10,44009,Washington,-0.4293,-10.3662,49.1327,3.2615
1989-12-11,44009,Washington,2.9052,-4.9108,47.9147,2.8449
1989-12-12,44009,Washington,0.9859,-5.1029,44.2843,2.6802
1989-12-13,44009,Washington,-1.0857,-10.3929,35.5088,5.3342
1989-12-14,44009,Washington,-4.1013,-12.5405,38.1752,5.3915
1989-12-15,44009,Washington,0.9419,-10.0619,48.7387,3.865
1989-12-16,44009,Washington,3.6729,-10.1057,49.3148,8.6133
1989-12-17,44009,Washington,-1.9498,-10.1493,45.2138,7.1842
1989-12-18,44009,Washington,-2.7491,-10.6732,46.1641,4.9229
1989-12-19,44009,Washington,-2.2018,-11.2486,43.7866,2.0496
1989-12-20,44009,Washington,-2.0488,-9.437,47.2997,4.4744
1989-12-21,44009,Washington,-5.6753,-12.9407,41.003,5.8084
1989-12-22,44009,Washington,-9.0262,-16.4354,40.1486,7.0026
1989-12-23,44009,Washington,-7.3154,-17.1889,47.5867,4.6868
1989-12-24,44009,Washington,-5.1635,-15.7518,51.3024,4.3245
1989-12-25,44009,Washington,-1.4761,-14.0098,54.2403,5.0038
1989-12-26,44009,Washington,0.2232,-11.0316,59.7241,6.8341
1989-12-27,44009,Washington,-5.0828,-17.0816,43.0303,4.4436
1989-12-28,44009,Washington,-3.3957,-9.0229,61.2237,3.8761
1989-12-29,44009,Washington,-2.9896,-9.5095,99.5119,2.8846
1989-12-30,44009,Washington,1.7774,-7.0293,71.416,4.6142
1989-12-31,44009,Washington,8.0421,-2.0248,61.4504,3.6485
1990-01-01,44009,Washington,7.5111,-4.4463,63.9857,7.2599
1990-01-02,44009,Washington,3.1393,-5.1191,58.5057,6.3394
1990-01-03,44009,Washington,5.9046,-2.8511,61.6817,3.6034
1990-01-04,44009,Washington,7.7604,-1.3105,73.7122,5.0744
1990-01-05,44009,Washington,7.5552,-1.4066,62.3545,3.3028
1990-01-06,44009,Washington,5.4296,-2.1201,55.6814,2.6921
1990-01-07,44009,Washington,3.9265,-4.25,61.3191,4.3016
1990-01-08,44009,Washington,6.3069,-2.287,71.0917,2.4424
1990-01-09,44009,Washington,6.1739,-2.132,74.0159,3.1248
1990-01-10,44009,Washington,8.721,-0.4874,76.618,4.1267
1990-01-11,44009,Washington,6.5723,-1.4822,71.9292,4.5006
1990-01-12,44009,Washington,6.4525,-1.8177,57.8443,4.9279
1990-01-13,44009,Washington,1.9868,-7.0575,43.4471,6.7995
1990-01-14,44009,Washington,-0.6247,-8.2137,45.74,4.1848
1990-01-15,44009,Washington,5.0932,-4.5383,76.3371,2.9722
1990-01-16,44009,Washington,8.6099,-1.1487,65.5619,2.5367
1990-01-17,44009,Washington,10.587,0.2295,71.3709,3.0458
1990-01-18,44009,Washington,14.4715,4.3335,67.096,5.0108
1990-01-19,44009,Washington,7.6765,-5.2021,42.9369,4.2957
1990-01-20,44009,Washington,3.8166,-5.2285,71.5808,1.9256
1990-01-21,44009,Washington,3.4189,-2.5414,79.7709,3.5848
1990-01-22,44009,Washington,4.0909,-2.9601,77.9017,2.6899
1990-01-23,44009,Washington,6.9058,-1.8198,64.2663,2.7471
1990-01-24,44009,Washington,9.1524,-1.1522,71.1364,3.6245
1990-01-25,44009,Washington,9.1893,1.2076,75.2038,3.105
1990-01-26,44009,Washington,9.7053,-0.4417,74.5381,4.9991
1990-01-27,44009,Washington,6.0495,-2.1899,58.7154,5.019
1990-01-28,44009,Washington,8.8074,-0.6376,59.6838,4.2258
1990-01-29,44009,Washington,6.1731,-0.6839,70.1568,4.9322
1990-01-30,44009,Washington,8.8564,-1.0364,65.1917,4.7563
1990-01-31,44009,Washington,6.6498,-1.9252,60.2127,1.0254
1990-02-01,44009,Washington,8.8299,-2.1009,71.6766,4.5415
1990-02-02,44009,Washington,8.4113,0.0364,75.5707,3.1705
1990-02-03,44009,Washington,3.7,-3.7016,58.7026,4.1963
1990-02-04,44009,Washington,2.8999,-4.8434,75.83,6.2639
1990-02-05,44009,Washington,0.089,-7.188,55.2671,3.9182
1990-02-06,44009,Washington,6.6745,-4.5867,60.8101,4.7695
1990-02-07,44009,Washington,7.7941,-2.2201,66.8016,1.8295
1990-02-08,44009,Washington,9.2068,-1.9705,58.201,2.8697
1990-02-09,44009,Washington,12.425,-0.7306,71.096,5.2137
1990-02-10,44009,Washington,12.2095,0.8603,76.4989,5.4061
1990-02-11,44009,Washington,6.0664,-3.2483,42.8838,3.5412
1990-02-12,44009,Washington,4.3677,-3.0327,44.1575,2.5973
1990-02-13,44009,Washington,6.5385,-3.8075,61.2353,5.2125
1990-02-14,44009,Washington,12.176,0.648,53.9588,4.1769
1990-02-15,44009,Washington,3.878,-3.0211,70.6226,5.4917
1990-02-16,44009,Washington,10.3431,-0.1772,79.6864,2.3325
1990-02-17,44009,Washington,9.9533,-7.2803,48.6687,6.7383
1990-02-18,44009,Washington,1.5543,-9.4236,52.4806,4.4074
1990-02-19,44009,Washington,9.1151,-2.4819,55.5028,6.7325
1990-02-20,44009,Washington,0.8127,-8.2059,28.8648,6.6242
1990-02-21,44009,Washington,4.7895,-8.8931,48.5237,4.9123
1990-02-22,44009,Washington,11.0133,-1.4351,73.0218,6.8429
1990-02-23,44009,Washington,15.6548,5.9718,72.9851,5.9069
1990-02-24,44009,Washington,10.1652,-4.3912,55.3881,3.9921
1990-02-25,44009,Washington,0.8416,-11.4177,67.5997,6.2968
1990-02-26,44009,Washington,-5.99,-16.175,47.4906,3.9421
1990-02-27,44009,Washington,3.3841,-11.1987,63.0719,5.1256
1990-02-28,44009,Washington,2.9637,-5.0783,47.1453,4.8462
1990-03-01,44009,Washington,2.7676,-6.7754,43.5905,6.0095
1990-03-02,44009,Washington,9.0729,-2.8107,57.5659,6.4515
1990-03-03,44009,Washington,11.729,-0.7858,56.0244,1.5596
1990-03-04,44009,Washington,4.4894,-6.0006,38.6349,5.0015
1990-03-05,44009,Washington,1.5781,-6.3728,35.2294,2.0133
1990-03-06,44009,Washington,2.0431,-6.5617,55.807,5.4762
1990-03-07,44009,Washington,0.4146,-10.8363,35.4461,4.28
1990-03-08,44009,Washington,4.1718,-8.1955,35.7901,3.0423
1990-03-09,44009,Washington,9.0071,-3.1905,43.8496,2.1327
1990-03-10,44009,Washington,10.7273,-2.0133,59.3555,2.4013
1990-03-11,44009,Washington,15.4032,1.7812,60.8711,2.9794
1990-03-12,44009,Washington,10.3344,1.7594,66.6383,2.2081
1990-03-13,44009,Washington,23.1162,1.1511,51.8587,2.8572
1990-03-14,44009,Washington,14.6883,3.3443,61.4463,3.3923
1990-03-15,44009,Washington,21.1089,2.6474,55.608,2.4581
1990-03-16,44009,Washington,20.4341,5.8252,62.5552,3.7554
1990-03-17,44009,Washington,18.4527,8.0998,69.5339,6.2345
1990-03-18,44009,Washington,14.0904,2.4592,61.7216,5.5272
1990-03-19,44009,Washington,11.215,0.3956,51.0728,2.8877
1990-03-20,44009,Washington,11.4365,2.9804,72.3627,3.5452
1990-03-21,44009,Washington,10.0185,-0.4036,54.863,5.5979
1990-03-22,44009,Washington,11.2273,-1.2374,56.3004,4.117
1990-03-23,44009,Washington,17.0918,0.0942,46.6237,6.2221
1990-03-24,44009,Washington,5.2123,-3.0088,40.2077,2.9507
1990-03-25,44009,Washington,6.4947,-1.657,51.4921,2.5668
1990-03-26,44009,Washington,10.2109,-1.8236,40.7111,5.0908
1990-03-27,44009,Washington,3.6386,-5.5563,32.6785,3.0585
1990-03-28,44009,Washington,7.5258,-5.0267,40.1881,3.7652
1990-03-29,44009,Washington,7.218,-2.9632,44.7681,3.5466
1990-03-30,44009,Washington,6.1894,-1.1771,67.4486,6.1728
1990-03-31,44009,Washington,8.1396,2.2235,67.8558,2.4683
1990-04-01,44009,Washington,10.4804,1.5532,63.9864,1.4884
1990-04-02,44009,Washington,9.59,2.6609,70.3331,2.6084
1990-04-03,44009,Washington,9.0268,2.6637,81.3616,5.071
1990-04-04,44009,Washington,10.6618,3.27,72.8074,5.1476
1990-04-05,44009,Washington,12.8543,2.953,51.7624,5.2718
1990-04-06,44009,Washington,11.0179,2.3666,58.4027,2.6864
1990-04-07,44009,Washington,7.2954,0.18,51.5804,3.8581
1990-04-08,44009,Washington,7.0311,-1.6328,47.0819,4.8734
1990-04-09,44009,Washington,12.4343,-1.3263,49.8186,4.9587
1990-04-10,44009,Washington,12.4606,3.456,73.3132,7.0776
1990-04-11,44009,Washington,14.8433,4.0122,67.0477,6.3713
1990-04-12,44009,Washington,9.4883,-0.0165,42.252,5.0301
1990-04-13,44009,Washington,7.3106,-1.6067,46.8545,3.0995
1990-04-14,44009,Washington,10.3219,1.0884,63.2045,3.5686
1990-04-15,44009,Washington,15.0685,4.7629,77.904,3.9585
1990-04-16,44009,Washington,15.7125,5.1637,56.0428,2.7807
1990-04-17,44009,Washington,13.4276,3.0148,69.2122,4.3908
1990-04-18,44009,Washington,9.1379,-1.0794,43.3052,4.7702
1990-04-19,44009,Washington,11.2758,-0.906,47.5474,3.4431
1990-04-20,44009,Washington,12.4406,1.4873,70.0428,5.3226
1990-04-21,44009,Washington,14.442,6.7809,76.5111,3.8175
1990-04-22,44009,Washington,15.7562,6.5396,59.1996,2.4537
1990-04-23,44009,Washington,20.3548,5.4031,50.4542,2.6412
1990-04-24,44009,Washington,15.728,4.6973,54.5903,1.8343
1990-04-25,44009,Washington,11.5845,4.0223,75.7254,2.7667
1990-04-26,44009,Washington,20.1101,7.5503,63.0322,1.4688
1990-04-27,44009,Washington,26.1551,7.8601,56.1848,3.5661
1990-04-28,44009,Washington,28.9482,11.8898,47.7817,2.8462
1990-04-29,44009,Washington,16.3535,6.2861,66.8201,5.4618
1990-04-30,44009,Washington,16.8658,7.7917,71.0551,3.489
1990-05-01,44009,Washington,19.9949,9.0204,70.1184,2.027
1990-05-02,44009,Washington,18.8408,7.7275,48.55,3.5251
1990-05-03,44009,Washington,15.9272,3.9746,46.5807,1.8252
1990-05-04,44009,Washington,15.7925,5.2996,62.398,2.9537
1990-05-05,44009,Washington,18.3016,7.4491,69.4272,2.8103
1990-05-06,44009,Washington,15.7691,5.6405,56.6323,3.4302
1990-05-07,44009,Washington,16.5758,6.1514,57.8857,3.5952
1990-05-08,44009,Washington,16.0259,6.4708,65.2763,2.3822
1990-05-09,44009,Washington,22.8128,7.685,65.3232,3.9109
1990-05-10,44009,Washington,19.759,11.3599,74.8309,6.11
1990-05-11,44009,Washington,16.1762,6.4969,60.9046,6.8348
1990-05-12,44009,Washington,15.9513,2.8718,56.1834,3.5083
1990-05-13,44009,Washington,18.5488,7.2173,78.0886,4.2933
1990-05-14,44009,Washington,21.5068,9.747,57.61,3.1257
1990-05-15,44009,Washington,20.4224,7.6667,59.5433,3.1688
1990-05-16,44009,Washington,18.4604,7.8324,79.1345,2.5943
1990-05-17,44009,Washington,19.2048,11.4959,73.4664,2.7823
1990-05-18,44009,Washington,19.4068,9.0009,60.6736,3.9995
1990-05-19,44009,Washington,15.3256,6.6451,61.8759,4.5712
1990-05-20,44009,Washington,14.3434,5.3692,67.5065,3.2484
1990-05-21,44009,Washington,9.989,5.3511,75.8056,5.2437
1990-05-22,44009,Washington,14.3591,4.5439,68.4584,1.8006
1990-05-23,44009,Washington,12.3549,7.2452,67.2915,1.9252
1990-05-24,44009,Washington,15.7712,6.8111,62.572,1.8364
1990-05-25,44009,Washington,20.2803,7.6507,59.5331,2.2916
1990-05-26,44009,Washington,21.1783,8.4557,62.9431,2.9436
1990-05-27,44009,Washington,20.8708,7.9779,65.5834,2.4079
1990-05-28,44009,Washington,21.6885,8.0506,61.7542,1.8891
1990-05-29,44009,Washington,18.0958,8.7368,81.8813,3.7985
1990-05-30,44009,Washington,17.8917,6.8974,64.8937,5.3306
1990-05-31,44009,Washington,20.4383,5.6272,53.0531,3.8752
1990-06-01,44009,Washington,24.0132,9.6501,56.4472,4.2547
1990-06-02,44009,Washington,25.0556,11.969,71.6119,4.9302
1990-06-03,44009,Washington,22.4485,14.4294,75.7351,5.9343
1990-06-04,44009,Washington,24.6639,11.6915,67.3283,4.6194
1990-06-05,44009,Washington,19.0272,7.7721,56.7409,3.2393
1990-06-06,44009,Washington,19.0914,7.9301,71.4687,3.8529
1990-06-07,44009,Washington,25.1213,12.3069,65.1595,3.2266
1990-06-08,44009,Washington,23.8435,11.1617,58.4405,1.8245
1990-06-09,44009,Washington,25.8972,12.4999,79.8278,2.5016
1990-06-10,44009,Washington,26.4851,16.2879,65.8729,2.2359
1990-06-11,44009,Washington,18.6644,11.2464,74.3292,3.8018
1990-06-12,44009,Washington,21.2081,8.9529,58.4647,3.2649
1990-06-13,44009,Washington,23.5266,8.9032,53.578,1.2782
1990-06-14,44009,Washington,23.0353,10.377,60.6414,1.5542
1990-06-15,44009,Washington,23.1222,11.0311,73.1572,1.4675
1990-06-16,44009,Washington,24.8263,13.4413,71.4114,1.6642
1990-06-17,44009,Washington,24.8686,13.7346,71.658,1.9804
1990-06-18,44009,Washington,24.6183,13.5954,75.2804,3.7144
1990-06-19,44009,Washington,25.577,16.4169,74.4788,2.8619
1990-06-20,44009,Washington,26.0152,15.7792,72.7842,0.7803
1990-06-21,44009,Washington,24.0958,17.0698,74.2453,1.8853
1990-06-22,44009,Washington,27.3983,15.9685,67.9339,2.8382
1990-06-23,44009,Washington,27.1632,17.2594,76.1735,3.686
1990-06-24,44009,Washington,27.5118,17.7729,66.1359,3.1568
1990-06-25,44009,Washington,24.7128,15.6928,65.5866,3.5724
1990-06-26,44009,Washington,26.3743,14.2262,65.9452,3.6282
1990-06-27,44009,Washington,27.0279,17.1086,70.5057,4.1247
1990-06-28,44009,Washington,27.6872,18.0801,62.7382,2.8105
1990-06-29,44009,Washington,23.623,16.9036,70.8379,1.8528
1990-06-30,44009,Washington,26.7411,17.3894,69.8186,1.9631
1990-07-01,44009,Washington,25.2736,16.6439,74.9345,1.0926
1990-07-02,44009,Washington,22.0779,13.8429,72.5344,3.3065
1990-07-03,44009,Washington,26.3414,11.6836,74.7701,4.1534
1990-07-04,44009,Washington,28.4033,17.2658,78.1657,5.6309
1990-07-05,44009,Washington,31.0895,18.01,65.7264,3.8812
1990-07-06,44009,Washington,22.2215,14.4722,65.8791,2.0014
1990-07-07,44009,Washington,23.3939,13.8519,64.1822,1.7421
1990-07-08,44009,Washington,24.1187,15.3447,68.0561,3.386
1990-07-09,44009,Washington,28.4607,17.321,81.8086,4.6678
1990-07-10,44009,Washington,28.5997,17.7296,63.6486,3.7488
1990-07-11,44009,Washington,24.0392,14.9995,62.838,1.7128
1990-07-12,44009,Washington,19.4258,14.8621,83.1791,3.2417
1990-07-13,44009,Washington,22.1349,14.2276,73.178,2.9117
1990-07-14,44009,Washington,21.411,14.4746,81.8633,1.5326
1990-07-15,44009,Washington,28.4989,17.2904,82.6837,3.5355
1990-07-16,44009,Washington,29.3932,19.5918,72.2864,4.3191
1990-07-17,44009,Washington,28.4088,17.4074,70.1582,3.3911
1990-07-18,44009,Washington,30.5183,18.6995,69.6425,3.6085
1990-07-19,44009,Washington,31.151,19.7194,69.1016,3.8493
1990-07-20,44009,Washington,30.8021,19.6819,73.095,4.1438
1990-07-21,44009,Washington,29.6563,20.7563,68.7108,1.9831
1990-07-22,44009,Washington,27.6673,19.5944,77.6154,1.807
1990-07-23,44009,Washington,28.0193,18.7919,86.3644,2.7126
1990-07-24,44009,Washington,27.671,21.4739,82.1773,1.2537
1990-07-25,44009,Washington,28.1748,21.0479,75.9925,1.0494
1990-07-26,44009,Washington,26.3423,19.9283,78.1767,2.1778
1990-07-27,44009,Washington,25.5036,17.0921,76.461,2.4338
1990-07-28,44009,Washington,27.4143,16.3573,76.2704,2.5818
1990-07-29,44009,Washington,27.4539,17.5625,74.8635,2.0588
1990-07-30,44009,Washington,27.2596,16.2011,74.2541,2.3065
1990-07-31,44009,Washington,28.3295,15.3542,74.455,2.2082
1990-08-01,44009,Washington,28.1287,15.3582,67.7609,3.1331
1990-08-02,44009,Washington,27.7088,12.5824,63.3251,2.978
1990-08-03,44009,Washington,29.7738,16.2107,67.1469,2.6578
1990-08-04,44009,Washington,30.2325,17.9932,66.7155,2.2117
1990-08-05,44009,Washington,28.2367,17.2124,77.5548,3.4307
1990-08-06,44009,Washington,26.1159,19.7357,84.5908,3.9625
1990-08-07,44009,Washington,25.9967,17.5813,84.8922,2.3404
1990-08-08,44009,Washington,26.1764,17.7639,83.5185,1.0245
1990-08-09,44009,Washington,27.1962,19.4157,75.8315,1.2219
1990-08-10,44009,Washington,25.9041,18.3595,84.1823,1.9082
1990-08-11,44009,Washington,26.12,20.3667,82.4768,2.6544
1990-08-12,44009,Washington,29.4109,19.8292,72.9759,2.3723
1990-08-13,44009,Washington,29.1357,18.6691,77.4831,3.2917
1990-08-14,44009,Washington,28.2392,17.6693,71.5919,3.1103
1990-08-15,44009,Washington,27.1431,16.0358,63.3807,2.6152
1990-08-16,44009,Washington,28.4787,15.6626,70.7809,2.2469
1990-08-17,44009,Washington,28.8982,19.3605,73.9094,2.5703
1990-08-18,44009,Washington,28.8035,18.9606,77.2591,3.5029
1990-08-19,44009,Washington,26.2165,14.2134,77.1647,4.5352
1990-08-20,44009,Washington,22.901,14.0381,70.9917,5.8891
1990-08-21,44009,Washington,21.088,15.6345,82.8979,5.7064
1990-08-22,44009,Washington,25.8781,15.7423,71.1527,4.1986
1990-08-23,44009,Washington,22.3659,16.4473,85.3678,3.3858
1990-08-24,44009,Washington,25.5979,18.2072,86.1866,3.4945
1990-08-25,44009,Washington,26.1346,19.3556,81.0256,1.5827
1990-08-26,44009,Washington,26.7735,19.3183,78.1337,1.4371
1990-08-27,44009,Washington,30.3973,19.7601,73.1194,2.1886
1990-08-28,44009,Washington,29.6934,19.3389,71.1487,2.4773
1990-08-29,44009,Washington,30.1769,19.0865,67.5938,3.297
1990-08-30,44009,Washington,27.2502,16.7329,62.1947,1.7677
1990-08-31,44009,Washington,26.1103,14.6018,67.7407,1.1079
1990-09-01,44009,Washington,25.7783,14.7883,65.1712,1.3303
1990-09-02,44009,Washington,28.7008,14.5041,77.9205,3.1552
1990-09-03,44009,Washington,23.9724,12.8387,74.4201,4.3339
1990-09-04,44009,Washington,23.0602,11.1118,62.3676,2.6668
1990-09-05,44009,Washington,24.5153,11.1301,78.1374,2.6738
1990-09-06,44009,Washington,24.8684,16.4125,83.2521,1.9568
1990-09-07,44009,Washington,27.8559,17.4882,81.149,4.3189
1990-09-08,44009,Washington,20.2533,7.0573,62.2713,4.0649
1990-09-09,44009,Washington,21.3769,6.3563,76.0233,2.1108
1990-09-10,44009,Washington,26.503,14.8392,75.6721,2.4775
1990-09-11,44009,Washington,27.0307,14.2222,69.9799,1.3367
1990-09-12,44009,Washington,24.8092,14.0044,77.609,2.4367
1990-09-13,44009,Washington,28.2367,14.1327,70.2065,1.6689
1990-09-14,44009,Washington,26.0141,12.9826,77.97,3.1478
1990-09-15,44009,Washington,24.3936,13.3122,78.7062,4.3174
1990-09-16,44009,Washington,20.6382,9.8637,66.2569,2.3614
1990-09-17,44009,Washington,16.5256,6.9405,65.3585,4.6189
1990-09-18,44009,Washington,14.7326,5.1751,56.0895,4.4886
1990-09-19,44009,Washington,18.0446,4.5817,72.1403,3.4343
1990-09-20,44009,Washington,20.3793,12.177,68.8016,4.4235
1990-09-21,44009,Washington,18.3547,9.2687,66.4347,2.2648
1990-09-22,44009,Washington,18.4534,11.3843,92.6122,3.2929
1990-09-23,44009,Washington,21.1913,10.8897,69.5576,4.4191
1990-09-24,44009,Washington,16.6527,7.1907,67.5704,4.0899
1990-09-25,44009,Washington,19.8588,7.6644,68.5113,3.3826
1990-09-26,44009,Washington,22.2746,11.4016,83.0182,3.0475
1990-09-27,44009,Washington,22.5855,12.6158,76.5215,1.365
1990-09-28,44009,Washington,23.3189,12.3618,71.8927,1.364
1990-09-29,44009,Washington,23.8347,11.4955,76.5371,2.86
1990-09-30,44009,Washington,23.9705,13.123,80.3348,3.0613
1990-10-01,44009,Washington,19.4111,8.003,58.386,3.3918
1990-10-02,44009,Washington,20.1052,7.5158,52.7894,5.3876
1990-10-03,44009,Washington,19.3302,5.7747,58.9499,3.7567
1990-10-04,44009,Washington,21.271,11.0329,77.8823,5.9971
1990-10-05,44009,Washington,21.7494,11.5707,59.0573,4.9254
1990-10-06,44009,Washington,26.0251,11.7108,60.178,5.1004
1990-10-07,44009,Washington,25.9826,13.2619,63.8331,4.169
1990-10-08,44009,Washington,26.427,14.2233,69.4508,2.6927
1990-10-09,44009,Washington,22.5151,13.4361,81.9471,3.2553
1990-10-10,44009,Washington,25.9008,13.2576,72.3439,3.1319
1990-10-11,44009,Washington,24.2483,12.9873,75.8011,4.108
1990-10-12,44009,Washington,25.9818,14.9166,72.296,2.5524
1990-10-13,44009,Washington,23.2576,14.1373,75.7874,1.883
1990-10-14,44009,Washington,25.387,13.8202,72.9114,1.6723
1990-10-15,44009,Washington,23.5799,10.3364,63.7626,3.8062
1990-10-16,44009,Washington,18.0977,7.5543,50.6325,3.3137
1990-10-17,44009,Washington,19.466,7.6194,64.0542,4.1348
1990-10-18,44009,Washington,22.9398,12.7633,79.1189,6.5678
1990-10-19,44009,Washington,18.6569,2.757,53.2502,7.5662
1990-10-20,44009,Washington,13.0664,1.5711,48.7974,2.6902
1990-10-21,44009,Washington,16.4677,4.0566,66.8252,2.9579
1990-10-22,44009,Washington,20.2255,8.6361,80.6202,2.3464
1990-10-23,44009,Washington,20.4935,13.9766,81.3737,3.2105
1990-10-24,44009,Washington,20.4211,9.023,77.2754,3.6641
1990-10-25,44009,Washington,15.5022,6.3468,67.8284,3.2019
1990-10-26,44009,Washington,10.7358,3.2688,72.5784,7.5284
1990-10-27,44009,Washington,8.4068,-0.8723,55.5852,3.626
1990-10-28,44009,Washington,14.7536,1.5148,66.9712,4.106
1990-10-29,44009,Washington,9.3992,-0.1963,62.8044,6.5787
1990-10-30,44009,Washington,11.1606,-1.3442,62.2671,3.8891
1990-10-31,44009,Washington,14.8584,2.8156,48.816,2.7768
1990-11-01,44009,Washington,16.3253,1.7856,57.6665,2.8284
1990-11-02,44009,Washington,21.5636,9.5325,57.5871,3.6054
1990-11-03,44009,Washington,23.3369,9.0035,50.9903,3.4065
1990-11-04,44009,Washington,23.0281,10.3723,51.8469,3.6517
1990-11-05,44009,Washington,15.028,7.0347,64.0529,4.6919
1990-11-06,44009,Washington,16.221,1.8766,63.0406,6.8755
1990-11-07,44009,Washington,10.0011,-0.2696,51.7353,3.1257
1990-11-08,44009,Washington,8.105,-1.8482,56.9919,5.1285
1990-11-09,44009,Washington,8.4697,-2.8901,52.7727,2.7853
1990-11-10,44009,Washington,15.4947,3.2666,80.1654,6.3849
1990-11-11,44009,Washington,10.6631,1.8332,50.7571,8.8222
1990-11-12,44009,Washington,7.8761,-1.6289,43.5543,9.2727
1990-11-13,44009,Washington,4.0986,-3.8003,46.6216,8.4257
1990-11-14,44009,Washington,5.1339,-4.3615,47.9743,4.6425
1990-11-15,44009,Washington,13.7386,-0.3751,60.01,5.1233
1990-11-16,44009,Washington,18.6037,4.3286,56.8706,3.6527
1990-11-17,44009,Washington,17.2147,4.8593,59.6265,3.7192
1990-11-18,44009,Washington,8.7937,0.7575,59.6394,7.3727
1990-11-19,44009,Washington,8.5498,-1.2487,49.234,5.5906
1990-11-20,44009,Washington,9.2544,-1.6121,48.7378,4.4406
1990-11-21,44009,Washington,9.4554,-1.7675,52.8955,2.8627
1990-11-22,44009,Washington,9.0159,-0.7891,65.7378,2.1249
1990-11-23,44009,Washington,12.6229,3.5887,79.6936,3.0858
1990-11-24,44009,Washington,12.4745,2.2421,59.404,5.1536
1990-11-25,44009,Washington,15.0272,1.1936,55.4377,5.3869
1990-11-26,44009,Washington,10.3184,0.6554,43.9866,2.9606
1990-11-27,44009,Washington,15.3748,0.3524,71.8796,3.6156
1990-11-28,44009,Washington,18.6042,7.4866,72.1493,5.182
1990-11-29,44009,Washington,16.8503,1.6181,62.0838,4.4429
1990-11-30,44009,Washington,5.6049,-2.2271,45.4249,4.416
1990-12-01,44009,Washington,10.3878,-1.6223,57.5279,4.9304
1990-12-02,44009,Washington,13.4471,1.4169,47.3019,2.9475
1990-12-03,44009,Washington,8.2767,-1.1601,64.7831,6.9649
1990-12-04,44009,Washington,14.6376,2.503,77.6508,7.7215
1990-12-05,44009,Washington,5.6319,-2.9465,43.1867,6.9802
1990-12-06,44009,Washington,7.4102,-2.7771,53.3957,4.8789
1990-12-07,44009,Washington,8.2857,-0.6832,57.1768,1.4552
1990-12-08,44009,Washington,8.9774,1.4014,72.5339,3.4021
1990-12-09,44009,Washington,6.5837,-1.5824,57.5507,4.5798
1990-12-10,44009,Washington,10.7568,-2.4736,51.5972,6.626
1990-12-11,44009,Washington,3.2006,-5.7263,38.5491,4.3892
1990-12-12,44009,Washington,8.3623,-1.3151,54.8869,2.4025
1990-12-13,44009,Washington,11.6821,1.5407,64.5442,5.0785
1990-12-14,44009,Washington,6.1548,-4.4196,35.0811,3.8881
1990-12-15,44009,Washington,8.9542,-3.5658,71.9104,4.1072
1990-12-16,44009,Washington,8.8591,-0.1574,70.1502,5.8581
1990-12-17,44009,Washington,7.8966,-2.4762,58.6454,3.5548
1990-12-18,44009,Washington,13.0567,-0.1219,79.9473,5.9049
1990-12-19,44009,Washington,13.2728,0.7692,57.4667,4.9623
1990-12-20,44009,Washington,4.3818,-3.7087,58.4384,3.8657
1990-12-21,44009,Washington,13.0452,-0.8639,78.0051,4.105
1990-12-22,44009,Washington,16.2031,8.835,74.4884,4.808
1990-12-23,44009,Washington,15.8643,9.248,77.0611,5.4842
1990-12-24,44009,Washington,15.4118,-2.7561,65.9044,7.243
1990-12-25,44009,Washington,1.9233,-4.2251,47.279,3.4718
1990-12-26,44009,Washington,3.9835,-3.6277,41.6156,4.8118
1990-12-27,44009,Washington,-0.0732,-6.6443,38.3744,3.1106
1990-12-28,44009,Washington,4.5292,-4.2745,75.8903,6.1874
1990-12-29,44009,Washington,7.9736,-1.2995,74.2349,3.9614
1990-12-30,44009,Washington,13.9876,3.5169,78.7612,5.6821
1990-12-31,44009,Washington,12.5172,-6.7126,62.0587,5.4327
1991-01-01,44009,Washington,2.0306,-7.8415,50.6746,2.4518
1991-01-02,44009,Washington,8.0524,-2.7133,65.0844,2.6156
1991-01-03,44009,Washington,4.4287,-3.7383,52.1662,2.711
1991-01-04,44009,Washington,1.9565,-5.3575,47.8468,4.1219
1991-01-05,44009,Washington,4.3429,-5.4131,55.9933,2.9221
1991-01-06,44009,Washington,6.7251,-1.186,63.8312,2.8227
1991-01-07,44009,Washington,4.2153,-6.9739,48.1061,4.3634
1991-01-08,44009,Washington,-1.8617,-8.9909,54.1653,5.9494
1991-01-09,44009,Washington,3.5778,-6.9379,85.109,4.9782
1991-01-10,44009,Washington,3.2986,-9.2699,58.871,5.6726
1991-01-11,44009,Washington,0.8706,-11.9285,54.9506,6.4606
1991-01-12,44009,Washington,4.6193,-4.048,77.5406,4.2682
1991-01-13,44009,Washington,1.3831,-7.5197,61.8471,4.1978
1991-01-14,44009,Washington,2.4864,-8.7064,60.3029,3.7829
1991-01-15,44009,Washington,5.0298,-3.367,70.9904,2.6325
1991-01-16,44009,Washington,9.0111,-1.9244,82.7706,3.9052
1991-01-17,44009,Washington,9.6132,-1.9426,68.4641,6.1243
1991-01-18,44009,Washington,4.0093,-3.2902,53.9592,7.8671
1991-01-19,44009,Washington,4.0022,-5.5102,58.2368,5.1756
1991-01-20,44009,Washington,9.8678,-2.1077,58.694,3.1829
1991-01-21,44009,Washington,4.1797,-8.9691,56.3248,4.8441
1991-01-22,44009,Washington,-4.4252,-14.3446,40.9956,4.8238
1991-01-23,44009,Washington,2.0597,-14.2925,60.7491,4.7478
1991-01-24,44009,Washington,3.7029,-5.4286,50.0614,6.5612
1991-01-25,44009,Washington,-0.8453,-11.7846,30.9855,4.592
1991-01-26,44009,Washington,1.2046,-11.6773,49.3265,3.7387
1991-01-27,44009,Washington,2.656,-4.6935,55.4653,4.9214
1991-01-28,44009,Washington,5.9913,-2.8771,68.3747,2.8691
1991-01-29,44009,Washington,6.5839,-4.051,54.7033,2.0499
1991-01-30,44009,Washington,9.6492,-1.8825,81.2079,2.3168
1991-01-31,44009,Washington,8.3643,-5.2371,48.5456,7.5635
1991-02-01,44009,Washington,0.0965,-7.2834,34.2841,5.1111
1991-02-02,44009,Washington,8.2383,-7.171,59.8289,6.3252
1991-02-03,44009,Washington,10.6338,-1.4903,57.2379,5.2656
1991-02-04,44009,Washington,14.0626,-0.899,46.6744,3.285
1991-02-05,44009,Washington,14.6548,0.2595,48.2838,2.8366
1991-02-06,44009,Washington,11.678,1.5232,63.3746,4.1706
1991-02-07,44009,Washington,9.3021,1.2849,76.3961,3.1741
1991-02-08,44009,Washington,11.2452,-0.4076,61.7667,2.2808
1991-02-09,44009,Washington,10.4905,-1.5279,53.8631,2.477
1991-02-10,44009,Washington,8.8466,-2.2387,53.7976,2.9081
1991-02-11,44009,Washington,3.1603,-6.4668,33.7601,4.7964
1991-02-12,44009,Washington,-2.0477,-11.2972,31.6799,5.3528
1991-02-13,44009,Washington,3.8325,-8.5075,72.745,2.9821
1991-02-14,44009,Washington,10.6585,-1.0032,81.1935,4.8182
1991-02-15,44009,Washington,7.2194,-4.0827,58.3841,4.6027
1991-02-16,44009,Washington,-0.1286,-11.9087,36.0004,6.8657
1991-02-17,44009,Washington,2.5156,-9.9052,67.2312,5.4522
1991-02-18,44009,Washington,4.7615,-5.0155,61.3416,2.371
1991-02-19,44009,Washington,8.3689,-0.9503,75.9364,3.6237
1991-02-20,44009,Washington,11.8272,-0.8081,66.81,5.0948
1991-02-21,44009,Washington,8.0917,-2.8372,59.4783,4.2156
1991-02-22,44009,Washington,14.1593,-0.957,47.8531,6.0499
1991-02-23,44009,Washington,3.9221,-8.1906,27.8496,4.6972
1991-02-24,44009,Washington,4.688,-8.7458,64.1933,2.6186
1991-02-25,44009,Washington,6.6568,-1.5919,67.5783,3.1966
1991-02-26,44009,Washington,3.4555,-2.2639,70.2453,3.5944
1991-02-27,44009,Washington,2.6536,-4.3199,61.6752,4.089
1991-02-28,44009,Washington,6.5878,-4.195,53.473,3.9048
1991-03-01,44009,Washington,10.5275,-1.259,67.9337,2.7517
1991-03-02,44009,Washington,13.9622,2.9476,81.5138,5.9783
1991-03-03,44009,Washington,17.5193,5.9877,67.9416,3.9669
1991-03-04,44009,Washington,15.2141,5.2961,73.897,4.9009
1991-03-05,44009,Washington,9.19,0.781,60.8652,4.0212
1991-03-06,44009,Washington,11.7597,0.0688,60.5965,3.312
1991-03-07,44009,Washington,15.2058,-1.4616,59.1688,6.7905
1991-03-08,44009,Washington,3.5907,-5.0458,37.2778,7.1099
1991-03-09,44009,Washington,3.9259,-6.6285,32.9433,5.3154
1991-03-10,44009,Washington,3.1141,-5.8072,37.2617,5.238
1991-03-11,44009,Washington,3.6863,-5.0814,46.0919,6.9578
1991-03-12,44009,Washington,4.8352,-4.6587,49.4542,5.8932
1991-03-13,44009,Washington,7.3578,-3.9856,48.9307,2.4436
1991-03-14,44009,Washington,5.8594,-1.1595,71.0304,7.5405
1991-03-15,44009,Washington,4.3738,-1.6428,65.9336,4.8445
1991-03-16,44009,Washington,8.0337,-2.3218,49.6469,3.2869
1991-03-17,44009,Washington,10.6777,-1.5876,46.8839,2.4663
1991-03-18,44009,Washington,10.4391,-0.8152,80.9269,3.4253
1991-03-19,44009,Washington,12.7072,3.0908,63.1352,4.8592
1991-03-20,44009,Washington,10.8276,-0.3029,44.2625,5.7087
1991-03-21,44009,Washington,8.4566,-1.5419,43.7502,2.1532
1991-03-22,44009,Washington,9.7831,0.1753,62.4593,4.5087
1991-03-23,44009,Washington,5.991,-0.1831,70.7162,6.0746
1991-03-24,44009,Washington,10.7392,0.4661,71.6156,1.6844
1991-03-25,44009,Washington,7.4818,1.9025,69.6303,1.533
1991-03-26,44009,Washington,10.4995,2.0364,58.902,1.7766
1991-03-27,44009,Washington,10.8058,0.9381,78.1057,3.6396
1991-03-28,44009,Washington,22.0237,5.7612,46.5346,5.6772
1991-03-29,44009,Washington,15.0409,4.4026,49.6282,2.8883
1991-03-30,44009,Washington,9.1771,-1.1125,60.0406,4.9062
1991-03-31,44009,Washington,7.7428,-2.5661,47.7957,2.8087
1991-04-01,44009,Washington,8.1331,0.3287,70.0987,2.8147
1991-04-02,44009,Washington,10.2545,1.0324,59.0885,3.8858
1991-04-03,44009,Washington,10.6728,0.9648,50.6069,2.6269
1991-04-04,44009,Washington,15.3133,0.1611,49.6375,4.3387
1991-04-05,44009,Washington,17.212,1.921,63.5274,5.4541
1991-04-06,44009,Washington,21.1324,8.0762,56.1718,3.6576
1991-04-07,44009,Washington,23.9612,10.0762,52.5984,4.4647
1991-04-08,44009,Washington,26.0645,10.6234,47.6157,3.8487
1991-04-09,44009,Washington,23.5197,12.3818,60.5187,4.3913
1991-04-10,44009,Washington,21.7981,8.4571,52.5537,4.3278
1991-04-11,44009,Washington,11.9324,2.2027,40.9109,7.1488
1991-04-12,44009,Washington,9.4275,0.7078,39.5554,4.0176
1991-04-13,44009,Washington,9.7967,0.908,55.5152,1.8409
1991-04-14,44009,Washington,13.186,1.4356,51.4861,2.3926
1991-04-15,44009,Washington,11.4157,1.7664,76.2177,3.0102
1991-04-16,44009,Washington,19.219,6.0504,56.551,4.2028
1991-04-17,44009,Washington,16.8349,5.0426,56.7164,3.0951
1991-04-18,44009,Washington,9.9025,0.8601,69.3283,5.2115
1991-04-19,44009,Washington,12.7178,-1.0623,51.2268,3.2459
1991-04-20,44009,Washington,14.0503,0.672,59.687,4.297
1991-04-21,44009,Washington,13.002,4.5265,80.4183,6.3567
1991-04-22,44009,Washington,11.635,5.8667,71.8248,5.2632
1991-04-23,44009,Washington,16.7055,5.1618,54.3798,4.2874
1991-04-24,44009,Washington,18.1294,3.3777,58.5656,2.0782
1991-04-25,44009,Washington,20.6457,5.2456,48.1952,2.268
1991-04-26,44009,Washington,20.9239,7.3361,43.1268,2.5304
1991-04-27,44009,Washington,22.5498,7.7747,56.8279,3.7065
1991-04-28,44009,Washington,16.5142,4.7699,56.4014,4.4136
1991-04-29,44009,Washington,14.4044,3.9856,66.6722,2.2992
1991-04-30,44009,Washington,16.2022,8.1014,72.6579,2.0166
1991-05-01,44009,Washington,21.7092,7.8925,65.0002,2.3093
1991-05-02,44009,Washington,20.7067,7.8045,51.9005,4.4399
1991-05-03,44009,Washington,16.216,5.407,53.1155,5.8979
1991-05-04,44009,Washington,18.7717,4.871,53.0012,3.9804
1991-05-05,44009,Washington,18.8375,6.7438,52.8212,2.4428
1991-05-06,44009,Washington,16.2496,5.7611,81.0915,4.7018
1991-05-07,44009,Washington,21.0198,9.2917,54.9101,4.3959
1991-05-08,44009,Washington,17.8639,7.4992,53.3632,3.7078
1991-05-09,44009,Washington,17.1186,7.7327,53.5439,2.0323
1991-05-10,44009,Washington,19.8346,7.531,55.9798,1.4787
1991-05-11,44009,Washington,23.1663,5.9844,52.3774,3.7292
1991-05-12,44009,Washington,27.4018,9.4804,55.8421,4.5191
1991-05-13,44009,Washington,24.9752,12.8466,54.0668,2.6316
1991-05-14,44009,Washington,28.1489,12.7638,53.2053,1.9489
1991-05-15,44009,Washington,24.904,9.6207,54.1032,1.2931
1991-05-16,44009,Washington,25.7458,9.7073,58.6414,3.6467
1991-05-17,44009,Washington,25.4313,11.192,68.3659,4.8434
1991-05-18,44009,Washington,20.0694,7.1103,56.3556,4.2937
1991-05-19,44009,Washington,18.2862,5.2323,53.1647,2.1052
1991-05-20,44009,Washington,20.757,5.1047,56.2092,3.8189
1991-05-21,44009,Washington,23.1247,6.5978,63.3727,4.9342
1991-05-22,44009,Washington,28.3032,12.2045,55.7488,2.3435
1991-05-23,44009,Washington,22.1675,9.2613,62.0659,3.2793
1991-05-24,44009,Washington,26.4543,8.8196,67.9775,4.6365
1991-05-25,44009,Washington,30.0995,15.0608,63.8513,3.7644
1991-05-26,44009,Washington,24.7963,13.1797,62.5599,3.174
1991-05-27,44009,Washington,26.9021,12.4301,71.8343,3.0653
1991-05-28,44009,Washington,29.8379,16.7869,60.6232,2.7619
1991-05-29,44009,Washington,28.4306,16.1611,60.2133,2.3043
1991-05-30,44009,Washington,27.6549,16.0794,64.8873,1.9727
1991-05-31,44009,Washington,28.217,15.4924,70.5283,1.5784
1991-06-01,44009,Washington,28.0505,16.5523,65.4077,1.7212
1991-06-02,44009,Washington,26.089,14.5757,62.9363,2.237
1991-06-03,44009,Washington,26.5636,12.841,63.4194,2.1566
1991-06-04,44009,Washington,19.5829,9.8521,77.6422,4.8514
1991-06-05,44009,Washington,17.5725,9.4913,64.8484,2.8959
1991-06-06,44009,Washington,21.9483,8.839,61.3246,2.1788
1991-06-07,44009,Washington,25.0462,10.5392,59.8184,3.2275
1991-06-08,44009,Washington,27.8262,11.9178,60.4867,3.4864
1991-06-09,44009,Washington,24.518,11.129,58.9671,2.4257
1991-06-10,44009,Washington,27.4573,10.6363,70.9238,3.9425
1991-06-11,44009,Washington,29.2686,16.2194,65.667,4.429
1991-06-12,44009,Washington,27.2768,14.9511,68.0717,4.5416
1991-06-13,44009,Washington,21.2405,10.1534,57.6104,5.2956
1991-06-14,44009,Washington,23.7355,8.2639,58.0117,3.1919
1991-06-15,44009,Washington,26.609,12.0439,73.8456,4.159
1991-06-16,44009,Washington,27.9328,17.7656,76.2345,1.756
1991-06-17,44009,Washington,25.3564,14.2289,74.9749,2.6141
1991-06-18,44009,Washington,22.3638,12.9469,72.5301,2.7091
1991-06-19,44009,Washington,21.6891,13.032,80.8844,2.1547
1991-06-20,44009,Washington,28.9319,15.606,71.9405,3.8611
1991-06-21,44009,Washington,29.7188,14.8418,56.197,2.7492
1991-06-22,44009,Washington,24.0833,14.4931,62.609,2.7145
1991-06-23,44009,Washington,22.844,11.2741,64.3818,3.1928
1991-06-24,44009,Washington,24.4732,9.403,60.8271,2.0151
1991-06-25,44009,Washington,26.5759,11.1628,61.6362,3.3967
1991-06-26,44009,Washington,28.2315,13.589,59.4822,5.017
1991-06-27,44009,Washington,29.211,13.9621,62.3934,5.0508
1991-06-28,44009,Washington,30.6674,16.0107,64.0343,5.2368
1991-06-29,44009,Washington,32.921,19.1188,52.0587,3.1702
1991-06-30,44009,Washington,21.6605,14.0148,74.0306,2.4713
1991-07-01,44009,Washington,23.4825,11.5423,57.9367,2.6857
1991-07-02,44009,Washington,26.5696,11.2062,58.3649,1.9519
1991-07-03,44009,Washington,24.6209,16.7569,67.9215,2.9792
1991-07-04,44009,Washington,26.6073,12.7694,55.9996,2.72
1991-07-05,44009,Washington,20.2579,12.3368,89.769,2.5624
1991-07-06,44009,Washington,25.9704,15.06,77.5447,1.801
1991-07-07,44009,Washington,27.9038,17.2462,82.1851,3.0416
1991-07-08,44009,Washington,32.1018,18.4531,64.207,4.3727
1991-07-09,44009,Washington,27.8002,13.1491,52.3192,3.4056
1991-07-10,44009,Washington,27.7753,11.4533,52.0729,3.2356
1991-07-11,44009,Washington,28.9017,14.5947,50.2974,2.463
1991-07-12,44009,Washington,28.9523,12.9655,51.0144,2.4421
1991-07-13,44009,Washington,25.0472,15.2116,92.0301,3.3688
1991-07-14,44009,Washington,28.3052,18.0287,65.9162,2.1775
1991-07-15,44009,Washington,29.6599,16.6128,49.1596,2.4285
1991-07-16,44009,Washington,30.6933,15.1891,52.7145,3.3578
1991-07-17,44009,Washington,31.5732,16.3711,55.891,4.6734
1991-07-18,44009,Washington,33.2674,18.4825,58.0808,3.9608
1991-07-19,44009,Washington,33.4088,19.4041,63.8584,3.9754
1991-07-20,44009,Washington,35.2091,20.2219,57.177,3.4731
1991-07-21,44009,Washington,35.6026,21.2367,56.8307,3.4676
1991-07-22,44009,Washington,31.199,18.8661,62.7301,2.6085
1991-07-23,44009,Washington,33.0411,19.0722,75.9356,4.3277
1991-07-24,44009,Washington,29.4524,17.2145,61.3932,3.6523
1991-07-25,44009,Washington,23.5211,15.3793,83.4145,2.2424
1991-07-26,44009,Washington,27.4001,18.9682,85.5204,2.0455
1991-07-27,44009,Washington,25.0633,17.5126,85.1923,1.4188
1991-07-28,44009,Washington,26.0806,16.6732,64.627,1.3896
1991-07-29,44009,Washington,25.4176,16.459,70.0507,1.7277
1991-07-30,44009,Washington,23.4613,15.648,81.2688,2.4256
1991-07-31,44009,Washington,26.0592,16.1844,82.5349,3.3191
1991-08-01,44009,Washington,29.5814,17.4591,68.9447,3.8708
1991-08-02,44009,Washington,31.1391,18.1452,56.7553,4.1324
1991-08-03,44009,Washington,25.8151,16.4555,67.8002,1.7366
1991-08-04,44009,Washington,27.6269,18.0869,79.3161,1.4881
1991-08-05,44009,Washington,25.8132,16.2195,67.604,3.8241
1991-08-06,44009,Washington,24.0329,13.0022,68.1653,2.4463
1991-08-07,44009,Washington,27.2505,15.6531,65.6793,2.2152
1991-08-08,44009,Washington,29.0308,16.365,62.0535,2.1946
1991-08-09,44009,Washington,24.9236,16.611,86.719,3.6842
1991-08-10,44009,Washington,26.0547,18.0115,82.5589,3.0205
1991-08-11,44009,Washington,27.1007,15.9405,68.3009,3.3466
1991-08-12,44009,Washington,27.0808,15.0155,70.2071,1.6843
1991-08-13,44009,Washington,28.4147,16.5107,70.8701,2.7392
1991-08-14,44009,Washington,29.7583,17.5937,70.5668,3.6117
1991-08-15,44009,Washington,27.2479,19.0933,81.6441,3.8768
1991-08-16,44009,Washington,29.6311,19.1061,68.5531,3.9634
1991-08-17,44009,Washington,29.6311,18.5963,74.6483,3.8961
1991-08-18,44009,Washington,29.7135,19.1979,77.8577,4.7531
1991-08-19,44009,Washington,24.4465,15.4769,88.1211,4.5755
1991-08-20,44009,Washington,24.8456,16.4464,86.0403,2.8333
1991-08-21,44009,Washington,24.5863,17.1425,83.4777,2.1117
1991-08-22,44009,Washington,26.0966,16.6392,75.4819,3.3839
1991-08-23,44009,Washington,28.5054,15.9625,73.0166,2.8775
1991-08-24,44009,Washington,24.5836,14.6912,76.6935,3.3115
1991-08-25,44009,Washington,22.985,12.2354,70.5909,3.5519
1991-08-26,44009,Washington,24.2799,11.575,78.5423,2.652
1991-08-27,44009,Washington,28.6117,16.2058,74.8905,4.3435
1991-08-28,44009,Washington,30.5783,18.5336,72.8561,3.7567
1991-08-29,44009,Washington,30.6504,18.2433,68.9625,1.7362
1991-08-30,44009,Washington,30.4272,17.4351,76.6024,3.2005
1991-08-31,44009,Washington,29.4534,13.7622,72.1733,4.3747
1991-09-01,44009,Washington,17.8746,6.6967,56.9945,4.3668
1991-09-02,44009,Washington,19.7232,5.3968,58.3382,2.338
1991-09-03,44009,Washington,23.2021,8.7654,70.1733,4.6027
1991-09-04,44009,Washington,24.5684,13.7802,80.5039,4.7508
1991-09-05,44009,Washington,23.8942,13.6665,80.1295,1.356
1991-09-06,44009,Washington,24.5936,10.986,74.5678,2.6381
1991-09-07,44009,Washington,25.014,11.2443,66.4358,1.9902
1991-09-08,44009,Washington,26.2317,11.9035,62.4369,2.0468
1991-09-09,44009,Washington,25.0042,13.4955,65.3368,2.154
1991-09-10,44009,Washington,26.7386,13.3912,76.8992,4.9892
1991-09-11,44009,Washington,25.6722,12.8879,65.5948,3.9195
1991-09-12,44009,Washington,20.071,8.2974,56.4386,2.263
1991-09-13,44009,Washington,21.385,8.842,58.0388,1.433
1991-09-14,44009,Washington,18.7439,11.3532,84.8402,2.5981
1991-09-15,44009,Washington,23.0125,13.6976,81.1613,3.1818
1991-09-16,44009,Washington,28.4726,16.5493,81.7932,4.668
1991-09-17,44009,Washington,30.8251,19.1789,72.1459,4.0758
1991-09-18,44009,Washington,26.1297,17.5819,71.4522,3.7245
1991-09-19,44009,Washington,26.1711,10.8051,82.4662,4.5556
1991-09-20,44009,Washington,17.0287,7.5095,70.2074,3.499
1991-09-21,44009,Washington,15.1147,5.7982,58.535,2.6427
1991-09-22,44009,Washington,17.8197,6.5776,63.3142,1.9105
1991-09-23,44009,Washington,19.8624,9.5301,88.9282,3.664
1991-09-24,44009,Washington,20.5967,12.8876,76.2396,2.0453
1991-09-25,44009,Washington,21.9649,13.3659,92.8592,5.0786
1991-09-26,44009,Washington,19.7453,11.3864,90.2967,2.0563
1991-09-27,44009,Washington,16.8509,6.5219,59.0968,3.8245
1991-09-28,44009,Washington,15.3615,4.6064,54.4586,3.916
1991-09-29,44009,Washington,19.4037,4.0992,61.3211,3.7151
1991-09-30,44009,Washington,13.64,2.7742,58.7802,2.7612
1991-10-01,44009,Washington,20.8679,6.4079,81.885,4.828
1991-10-02,44009,Washington,24.4488,13.751,73.2833,4.7171
1991-10-03,44009,Washington,24.5119,13.4263,72.5549,1.6189
1991-10-04,44009,Washington,24.9794,13.175,63.6212,1.8934
1991-10-05,44009,Washington,22.9368,12.6318,76.6462,4.3727
1991-10-06,44009,Washington,22.4135,10.9686,79.2932,4.2633
1991-10-07,44009,Washington,14.8689,5.7136,55.4324,4.828
1991-10-08,44009,Washington,14.916,3.6488,58.7516,3.9785
1991-10-09,44009,Washington,19.0467,6.051,66.4916,4.0245
1991-10-10,44009,Washington,22.3351,9.7803,73.8247,3.7447
1991-10-11,44009,Washington,21.2766,10.4899,69.4176,1.4347
1991-10-12,44009,Washington,16.0945,6.6072,65.4832,3.9067
1991-10-13,44009,Washington,14.5944,5.1298,55.3118,2.6773
1991-10-14,44009,Washington,12.9684,4.3228,54.0749,2.9383
1991-10-15,44009,Washington,17.9086,4.9345,85.4344,5.4883
1991-10-16,44009,Washington,20.0169,9.8524,79.5917,3.9182
1991-10-17,44009,Washington,13.4395,6.0261,84.0241,5.9882
1991-10-18,44009,Washington,18.9773,8.7378,70.4336,2.9749
1991-10-19,44009,Washington,21.2958,8.664,60.1648,3.173
1991-10-20,44009,Washington,11.5239,1.9026,55.7316,3.9055
1991-10-21,44009,Washington,12.4573,0.309,62.8373,2.2199
1991-10-22,44009,Washington,17.0501,6.8031,65.5692,2.8532
1991-10-23,44009,Washington,18.6911,6.4721,63.6451,2.3934
1991-10-24,44009,Washington,19.626,7.9695,71.933,2.3265
1991-10-25,44009,Washington,22.0473,8.6279,73.6228,2.0938
1991-10-26,44009,Washington,21.7284,10.0703,69.6849,2.4244
1991-10-27,44009,Washington,21.4604,8.9918,74.5237,2.7831
1991-10-28,44009,Washington,16.0776,2.5954,64.5068,6.822
1991-10-29,44009,Washington,8.9627,-0.9275,56.2346,6.5754
1991-10-30,44009,Washington,12.051,0.1172,60.9536,9.2681
1991-10-31,44009,Washington,13.3535,5.321,86.5418,7.6338
1991-11-01,44009,Washington,13.1777,7.52,74.32,4.4911
1991-11-02,44009,Washington,17.0792,7.6216,76.0723,2.8071
1991-11-03,44009,Washington,16.3624,5.9978,66.2949,2.8025
1991-11-04,44009,Washington,9.021,1.1937,50.3851,2.4531
1991-11-05,44009,Washington,8.862,0.785,54.0746,2.0729
1991-11-06,44009,Washington,12.1859,0.4861,60.0443,2.1017
1991-11-07,44009,Washington,12.4818,1.8859,51.2333,1.4208
1991-11-08,44009,Washington,8.3269,0.7486,55.6208,4.3094
1991-11-09,44009,Washington,6.7736,0.3463,57.7933,6.3159
1991-11-10,44009,Washington,7.4279,0.8266,74.4078,7.7716
1991-11-11,44009,Washington,7.8103,0.9546,76.9707,4.4155
1991-11-12,44009,Washington,6.886,-0.0379,60.6625,4.2756
1991-11-13,44009,Washington,8.0778,-0.4294,63.0108,3.2969
1991-11-14,44009,Washington,12.1176,2.2033,56.3274,3.8265
1991-11-15,44009,Washington,12.2923,1.8051,70.1814,3.6166
1991-11-16,44009,Washington,14.2502,1.5308,63.719,4.7952
1991-11-17,44009,Washington,4.6617,-4.5258,44.862,5.5389
1991-11-18,44009,Washington,9.3222,-2.8153,45.4712,2.8079
1991-11-19,44009,Washington,14.643,2.412,57.9405,4.1195
1991-11-20,44009,Washington,16.0676,6.4864,70.5131,4.8946
1991-11-21,44009,Washington,16.5375,10.6912,75.5955,3.2168
1991-11-22,44009,Washington,15.3854,8.8225,79.8121,2.0032
1991-11-23,44009,Washington,16.1313,4.9784,73.8521,3.0075
1991-11-24,44009,Washington,14.8484,4.4277,73.5372,4.673
1991-11-25,44009,Washington,8.2227,-0.3653,49.3908,7.13
1991-11-26,44009,Washington,4.1233,-2.0962,52.01,5.1274
1991-11-27,44009,Washington,3.9339,-4.5115,60.404,2.7973
1991-11-28,44009,Washington,10.5293,0.4121,62.6004,5.0266
1991-11-29,44009,Washington,13.9915,3.9917,61.1485,2.9747
1991-11-30,44009,Washington,16.1384,5.243,73.8027,5.0954
1991-12-01,44009,Washington,16.229,7.3274,67.6153,2.5191
1991-12-02,44009,Washington,11.9117,0.7497,57.8634,3.8297
1991-12-03,44009,Washington,8.2128,-1.3482,74.7662,5.1043
1991-12-04,44009,Washington,7.9923,-5.3613,53.5091,7.094
1991-12-05,44009,Washington,0.8539,-6.3906,40.0475,5.4693
1991-12-06,44009,Washington,4.6393,-3.508,64.2174,5.4469
1991-12-07,44009,Washington,7.7467,-4.4635,66.9433,5.0628
1991-12-08,44009,Washington,11.6257,-0.411,63.5387,2.3779
1991-12-09,44009,Washington,14.2362,4.4888,66.7399,4.0514
1991-12-10,44009,Washington,8.3395,-0.4544,58.3796,3.1049
1991-12-11,44009,Washington,10.4198,-0.8404,63.3175,4.4509
1991-12-12,44009,Washington,10.4359,-0.3453,63.7386,3.1299
1991-12-13,44009,Washington,14.2154,5.4765,75.2908,5.111
1991-12-14,44009,Washington,14.2684,6.0995,71.9851,5.4175
1991-12-15,44009,Washington,8.9302,-3.9304,34.088,8.4186
1991-12-16,44009,Washington,1.9827,-8.4699,46.4137,5.5933
1991-12-17,44009,Washington,4.289,-9.4112,51.8174,3.1318
1991-12-18,44009,Washington,4.3009,-8.534,48.5747,5.5216
1991-12-19,44009,Washington,-3.3458,-11.6672,44.7189,6.0746
1991-12-20,44009,Washington,2.302,-9.7116,52.8312,3.7882
1991-12-21,44009,Washington,5.6455,-2.9831,60.7876,6.2283
1991-12-22,44009,Washington,4.222,-3.7542,58.9766,4.4228
1991-12-23,44009,Washington,7.9382,-2.2277,64.999,3.919
1991-12-24,44009,Washington,5.2974,-6.5199,50.5056,4.6742
1991-12-25,44009,Washington,0.3254,-6.547,41.6384,4.7068
1991-12-26,44009,Washington,2.7592,-7.392,51.3628,2.9825
1991-12-27,44009,Washington,5.1497,-4.294,53.4269,3.7361
1991-12-28,44009,Washington,6.6775,-4.3131,51.1446,3.5781
1991-12-29,44009,Washington,7.1971,-2.0328,46.7624,2.5577
1991-12-30,44009,Washington,7.1285,-6.1739,54.5896,6.7879
1991-12-31,44009,Washington,0.49,-6.1246,45.5101,3.4104
1992-01-01,44009,Washington,6.8528,-5.7221,40.2918,1.8119
1992-01-02,44009,Washington,7.695,-2.3484,59.9763,1.5455
1992-01-03,44009,Washington,10.1575,0.5198,62.1432,4.8086
1992-01-04,44009,Washington,9.6403,0.6196,75.6013,6.7828
1992-01-05,44009,Washington,9.9582,0.0774,69.8353,4.3283
1992-01-06,44009,Washington,8.2931,-2.0709,56.6137,4.4163
1992-01-07,44009,Washington,6.8574,-3.1422,52.0909,5.4461
1992-01-08,44009,Washington,3.7018,-4.9927,42.342,4.5632
1992-01-09,44009,Washington,6.7313,-3.9921,63.4268,3.0665
1992-01-10,44009,Washington,7.9125,-2.3073,55.9295,4.6903
1992-01-11,44009,Washington,2.2372,-6.5015,37.576,6.0977
1992-01-12,44009,Washington,2.4812,-8.9796,43.228,3.7472
1992-01-13,44009,Washington,9.3569,-2.1231,63.8854,2.704
1992-01-14,44009,Washington,12.466,-0.5167,67.3397,6.1556
1992-01-15,44009,Washington,4.7218,-8.6028,28.7599,7.3003
1992-01-16,44009,Washington,-3.6813,-15.5167,49.638,6.4401
1992-01-17,44009,Washington,-0.459,-14.825,55.6477,6.2464
1992-01-18,44009,Washington,-0.2571,-11.4969,41.8471,7.647
1992-01-19,44009,Washington,-4.9079,-13.6948,39.2921,5.5831
1992-01-20,44009,Washington,-1.2291,-11.71,55.4922,3.6809
1992-01-21,44009,Washington,0.3754,-10.6904,59.5532,4.2133
1992-01-22,44009,Washington,-0.3681,-8.3811,57.856,3.7757
1992-01-23,44009,Washington,10.1754,-4.8217,76.2381,7.5331
1992-01-24,44009,Washington,10.2101,-4.9245,52.632,8.019
1992-01-25,44009,Washington,-1.1383,-10.4793,28.5635,5.3788
1992-01-26,44009,Washington,-2.9784,-9.4232,37.9161,4.2745
1992-01-27,44009,Washington,2.3201,-10.1862,45.9433,2.0529
1992-01-28,44009,Washington,5.0124,-2.9317,60.957,2.0446
1992-01-29,44009,Washington,6.8325,-3.0164,54.6464,2.6999
1992-01-30,44009,Washington,6.8512,-3.6233,56.9869,2.1918
1992-01-31,44009,Washington,7.1106,-1.7989,57.6711,2.8855
1992-02-01,44009,Washington,3.2657,-7.9118,47.336,7.2222
1992-02-02,44009,Washington,0.5148,-8.1832,35.9446,7.775
1992-02-03,44009,Washington,1.6789,-9.6905,36.081,5.6818
1992-02-04,44009,Washington,3.6687,-7.5782,51.6204,3.8872
1992-02-05,44009,Washington,2.5596,-7.7619,44.1725,7.2231
1992-02-06,44009,Washington,-0.7336,-10.3108,50.6126,2.7216
1992-02-07,44009,Washington,4.3016,-6.2329,68.5436,4.9487
1992-02-08,44009,Washington,2.4164,-2.8253,70.7762,3.2295
1992-02-09,44009,Washington,1.504,-12.2012,46.1325,7.7518
1992-02-10,44009,Washington,-2.7062,-14.4354,50.4893,3.9415
1992-02-11,44009,Washington,5.3095,-6.9389,66.5213,5.8898
1992-02-12,44009,Washington,2.0106,-12.0569,24.3572,4.9445
1992-02-13,44009,Washington,2.1358,-12.431,58.6607,2.8597
1992-02-14,44009,Washington,2.4962,-3.3228,70.6854,2.3469
1992-02-15,44009,Washington,5.7621,-4.229,70.9731,3.4771
1992-02-16,44009,Washington,12.1056,1.1671,65.7447,5.2555
1992-02-17,44009,Washington,8.671,-2.974,50.737,2.4578
1992-02-18,44009,Washington,6.7034,-1.3138,75.1977,3.6931
1992-02-19,44009,Washington,11.6619,1.2242,69.3126,3.4212
1992-02-20,44009,Washington,9.263,-1.7231,61.0403,3.8406
1992-02-21,44009,Washington,8.2054,-2.482,51.7344,4.4857
1992-02-22,44009,Washington,6.1964,-3.3608,63.0658,3.3482
1992-02-23,44009,Washington,10.9062,-0.1602,60.2164,2.8729
1992-02-24,44009,Washington,4.7459,-2.3896,63.2587,5.0753
1992-02-25,44009,Washington,4.1834,-2.575,73.955,4.3949
1992-02-26,44009,Washington,8.1048,-2.4399,66.3614,3.5093
1992-02-27,44009,Washington,6.782,-3.4092,57.9253,6.1505
1992-02-28,44009,Washington,6.0998,-2.1912,62.1622,4.1184
1992-02-29,44009,Washington,6.1727,-11.2895,40.5851,7.4198
1992-03-01,44009,Washington,5.5672,-11.36,52.0306,6.2885
1992-03-02,44009,Washington,4.3069,-4.0833,49.2209,3.4284
1992-03-03,44009,Washington,5.1459,-2.0928,66.0287,2.7385
1992-03-04,44009,Washington,7.5356,-2.5556,53.2032,1.8423
1992-03-05,44009,Washington,11.7722,-1.2973,59.4771,3.4467
1992-03-06,44009,Washington,6.5005,0.0871,54.4071,4.911
1992-03-07,44009,Washington,12.6482,0.0948,73.9464,4.3798
1992-03-08,44009,Washington,14.1227,4.6388,66.927,1.6714
1992-03-09,44009,Washington,11.4696,3.48,61.3721,1.4764
1992-03-10,44009,Washington,11.5086,2.2728,71.553,4.839
1992-03-11,44009,Washington,14.0302,-4.5144,72.7341,7.4537
1992-03-12,44009,Washington,2.0526,-6.1542,38.7956,9.11
1992-03-13,44009,Washington,0.9871,-5.9104,34.2511,6.0461
1992-03-14,44009,Washington,2.0295,-6.9733,28.9306,6.3782
1992-03-15,44009,Washington,-0.3053,-7.397,29.9148,5.5409
1992-03-16,44009,Washington,-0.2848,-9.6499,34.492,4.2246
1992-03-17,44009,Washington,5.7348,-4.737,53.1233,5.9872
1992-03-18,44009,Washington,4.2912,-3.133,41.4811,3.0546
1992-03-19,44009,Washington,2.5975,-3.1294,66.9694,5.8684
1992-03-20,44009,Washington,4.1323,-4.1991,50.8995,2.0931
1992-03-21,44009,Washington,3.5565,-4.5872,46.6384,3.7914
1992-03-22,44009,Washington,2.6608,-5.4277,44.6983,3.0301
1992-03-23,44009,Washington,3.1648,-3.6839,59.2787,3.7228
1992-03-24,44009,Washington,3.4022,-4.1027,35.9715,4.2779
1992-03-25,44009,Washington,7.0538,-3.7356,50.5986,3.1415
1992-03-26,44009,Washington,11.4024,-0.8206,71.1008,6.4469
1992-03-27,44009,Washington,12.217,2.5004,69.5732,5.2332
1992-03-28,44009,Washington,9.0303,-0.5273,59.6374,5.8459
1992-03-29,44009,Washington,10.2439,-1.4776,40.672,6.7097
1992-03-30,44009,Washington,6.8585,-1.7739,53.202,2.8814
1992-03-31,44009,Washington,10.4472,0.7919,64.7585,3.1682
1992-04-01,44009,Washington,11.8083,-1.2117,56.2268,3.0865
1992-04-02,44009,Washington,9.7515,0.8975,53.1545,3.6991
1992-04-03,44009,Washington,7.2191,-0.9837,47.0119,6.0735
1992-04-04,44009,Washington,9.027,-1.339,44.7438,4.1536
1992-04-05,44009,Washington,9.6748,-1.378,45.2303,4.9936
1992-04-06,44009,Washington,11.4491,-1.0895,44.5344,4.2116
1992-04-07,44009,Washington,11.6859,-0.4055,46.6842,2.8541
1992-04-08,44009,Washington,15.7865,2.9282,43.4034,3.2264
1992-04-09,44009,Washington,13.1246,0.5358,55.5517,2.9325
1992-04-10,44009,Washington,17.5209,4.6121,51.1159,2.0848
1992-04-11,44009,Washington,10.5421,0.368,65.6723,4.7365
1992-04-12,44009,Washington,15.7855,0.5757,53.8632,3.8115
1992-04-13,44009,Washington,7.0499,-3.1203,36.213,3.1622
1992-04-14,44009,Washington,10.4149,-1.4733,43.5658,2.918
1992-04-15,44009,Washington,9.7263,-1.4354,41.9293,2.2155
1992-04-16,44009,Washington,10.2255,0.0911,48.2102,3.3129
1992-04-17,44009,Washington,8.0031,0.589,76.4685,3.2266
1992-04-18,44009,Washington,10.9506,0.0307,66.1966,2.7996
1992-04-19,44009,Washington,10.769,1.9186,69.6441,3.0736
1992-04-20,44009,Washington,16.2104,3.6784,69.5944,2.8855
1992-04-21,44009,Washington,19.0777,6.2694,73.2334,3.5409
1992-04-22,44009,Washington,17.6295,8.375,74.6904,3.7929
1992-04-23,44009,Washington,21.7882,7.6652,54.4356,3.1077
1992-04-24,44009,Washington,15.944,6.2909,65.0113,2.8974
1992-04-25,44009,Washington,9.3975,0.894,69.6893,4.6916
1992-04-26,44009,Washington,8.465,0.663,66.3995,1.6976
1992-04-27,44009,Washington,13.3141,1.156,55.3731,1.5089
1992-04-28,44009,Washington,13.5772,1.3195,51.6859,1.5213
1992-04-29,44009,Washington,12.7098,-0.6079,53.2188,1.8425
1992-04-30,44009,Washington,15.0956,1.3656,51.1897,2.5382
1992-05-01,44009,Washington,18.0138,5.7588,55.809,3.5768
1992-05-02,44009,Washington,21.9257,8.1385,58.8414,4.2739
1992-05-03,44009,Washington,20.2303,9.4895,49.1529,4.0322
1992-05-04,44009,Washington,15.547,6.1042,50.8789,3.0871
1992-05-05,44009,Washington,10.9193,2.1654,58.1504,4.3557
1992-05-06,44009,Washington,12.7922,0.2955,52.252,3.7658
1992-05-07,44009,Washington,13.5622,1.1622,54.6398,4.7433
1992-05-08,44009,Washington,14.2048,4.6538,71.6156,4.991
1992-05-09,44009,Washington,22.8534,9.5259,60.4368,2.3589
1992-05-10,44009,Washington,19.0655,8.5613,61.1905,2.0335
1992-05-11,44009,Washington,16.7782,4.5693,57.7601,5.052
1992-05-12,44009,Washington,16.9935,3.3925,67.0564,3.4247
1992-05-13,44009,Washington,21.5695,8.035,68.7294,2.2959
1992-05-14,44009,Washington,23.9194,11.7545,55.0195,1.3933
1992-05-15,44009,Washington,19.295,8.9023,59.4299,3.6052
1992-05-16,44009,Washington,16.2988,8.145,65.378,3.7504
1992-05-17,44009,Washington,18.9326,5.3225,56.3268,2.347
1992-05-18,44009,Washington,22.7464,7.9311,59.4497,3.5577
1992-05-19,44009,Washington,18.8819,7.2161,46.2531,3.1372
1992-05-20,44009,Washington,21.5008,4.5755,44.5548,1.6931
1992-05-21,44009,Washington,26.9792,5.8078,39.8493,2.2409
1992-05-22,44009,Washington,29.5494,10.9025,39.8202,2.1776
1992-05-23,44009,Washington,29.0153,12.5039,43.7928,2.5172
1992-05-24,44009,Washington,26.8157,7.8639,50.2498,4.1633
1992-05-25,44009,Washington,13.8569,6.8118,59.2985,3.8443
1992-05-26,44009,Washington,14.3059,6.181,57.7061,2.0969
1992-05-27,44009,Washington,14.5158,6.2334,59.2169,1.3224
1992-05-28,44009,Washington,19.2132,6.349,57.2284,1.75
1992-05-29,44009,Washington,21.1827,8.15,51.1493,2.2027
1992-05-30,44009,Washington,20.7341,7.0864,57.1037,2.7723
1992-05-31,44009,Washington,17.7979,10.6436,74.9832,4.7028
1992-06-01,44009,Washington,17.8937,8.4244,76.907,3.3681
1992-06-02,44009,Washington,23.2807,8.0098,62.077,2.2496
1992-06-03,44009,Washington,24.5526,10.4472,63.8661,3.6476
1992-06-04,44009,Washington,23.699,11.5065,66.805,3.3012
1992-06-05,44009,Washington,20.8047,10.719,77.3658,6.0408
1992-06-06,44009,Washington,23.1367,13.2994,78.7552,3.4218
1992-06-07,44009,Washington,25.2558,15.4309,73.3098,2.7351
1992-06-08,44009,Washington,27.302,16.1093,75.5326,2.837
1992-06-09,44009,Washington,25.0065,14.2616,62.3023,2.9768
1992-06-10,44009,Washington,23.3297,10.8043,56.6249,1.864
1992-06-11,44009,Washington,22.6303,12.3223,55.3844,1.9716
1992-06-12,44009,Washington,25.1307,11.1404,61.5774,3.9875
1992-06-13,44009,Washington,26.2909,12.2196,64.1793,4.6768
1992-06-14,44009,Washington,25.8862,13.4124,68.6898,4.4599
1992-06-15,44009,Washington,26.0846,13.339,62.672,2.6027
1992-06-16,44009,Washington,21.6176,9.423,58.7078,2.033
1992-06-17,44009,Washington,24.844,9.6348,61.6328,2.5244
1992-06-18,44009,Washington,22.3329,10.7043,69.3954,4.0461
1992-06-19,44009,Washington,24.0739,11.9871,78.1848,3.3749
1992-06-20,44009,Washington,24.5733,15.9005,73.6093,2.356
1992-06-21,44009,Washington,25.2342,14.6033,67.3114,2.7086
1992-06-22,44009,Washington,19.9817,11.7005,64.1566,4.4957
1992-06-23,44009,Washington,20.3292,10.0899,58.8552,4.3173
1992-06-24,44009,Washington,22.364,10.9428,78.6919,3.4349
1992-06-25,44009,Washington,24.4542,15.2366,63.9949,3.5266
1992-06-26,44009,Washington,24.6999,12.3419,60.4643,2.7051
1992-06-27,44009,Washington,24.8918,14.0378,68.8398,1.9432
1992-06-28,44009,Washington,26.4961,13.4862,57.9557,2.2342
1992-06-29,44009,Washington,26.9935,13.4254,62.5792,3.4011
1992-06-30,44009,Washington,24.449,13.7907,76.9991,4.2131
1992-07-01,44009,Washington,28.4834,17.2807,68.7639,2.7429
1992-07-02,44009,Washington,21.8106,12.8292,57.2168,2.19
1992-07-03,44009,Washington,22.0069,11.3959,68.6362,1.7881
1992-07-04,44009,Washington,21.2453,12.9164,83.9672,3.2083
1992-07-05,44009,Washington,23.2267,13.413,81.5279,2.9833
1992-07-06,44009,Washington,26.2063,14.8565,72.4695,2.5622
1992-07-07,44009,Washington,24.5487,11.8252,68.9892,2.5741
1992-07-08,44009,Washington,25.8113,14.1664,66.8861,2.648
1992-07-09,44009,Washington,27.7796,15.8176,73.6755,4.4517
1992-07-10,44009,Washington,28.3896,15.9454,64.9086,3.9513
1992-07-11,44009,Washington,28.1766,18.3055,65.6621,3.7325
1992-07-12,44009,Washington,27.4032,14.9565,70.3919,3.0953
1992-07-13,44009,Washington,29.6315,18.6241,67.8595,3.6247
1992-07-14,44009,Washington,26.494,16.964,79.6575,3.0326
1992-07-15,44009,Washington,24.6126,15.0261,83.6839,3.0007
1992-07-16,44009,Washington,23.9514,14.0083,72.8503,2.8733
1992-07-17,44009,Washington,22.5402,14.6708,81.4396,2.7167
1992-07-18,44009,Washington,29.0371,16.6885,76.8716,2.9338
1992-07-19,44009,Washington,28.6186,17.4735,72.8347,2.9778
1992-07-20,44009,Washington,28.3036,18.2822,72.0054,3.0216
1992-07-21,44009,Washington,29.125,17.662,69.3181,3.0394
1992-07-22,44009,Washington,21.5797,12.1734,70.5466,2.224
1992-07-23,44009,Washington,18.4538,12.6284,85.2418,3.5602
1992-07-24,44009,Washington,22.6192,12.3963,69.3133,2.2325
1992-07-25,44009,Washington,24.1835,12.3937,65.9151,1.6838
1992-07-26,44009,Washington,25.1078,12.228,78.5611,3.6871
1992-07-27,44009,Washington,27.1252,17.6891,79.2918,3.595
1992-07-28,44009,Washington,25.7134,15.0556,62.4335,3.0427
1992-07-29,44009,Washington,27.0078,12.8331,73.1076,3.8111
1992-07-30,44009,Washington,27.0952,16.4472,61.2891,1.9514
1992-07-31,44009,Washington,23.5148,14.279,86.8997,3.2941
1992-08-01,44009,Washington,23.9088,14.0125,74.0333,4.5757
1992-08-02,44009,Washington,25.2975,12.351,69.8242,3.3815
1992-08-03,44009,Washington,24.724,15.7644,80.8618,3.3956
1992-08-04,44009,Washington,25.9285,16.4004,83.0763,3.2186
1992-08-05,44009,Washington,24.8329,14.2431,65.1075,3.8354
1992-08-06,44009,Washington,25.5674,12.8569,60.1934,2.4511
1992-08-07,44009,Washington,26.2014,13.7895,60.5629,1.6997
1992-08-08,44009,Washington,25.7701,13.762,64.754,1.9903
1992-08-09,44009,Washington,23.261,15.2428,90.0029,2.4889
1992-08-10,44009,Washington,25.8105,17.2786,77.9426,1.9868
1992-08-11,44009,Washington,29.1117,17.8133,78.3297,3.6077
1992-08-12,44009,Washington,25.1051,16.4269,63.668,2.0398
1992-08-13,44009,Washington,23.9453,13.6596,73.9134,3.3111
1992-08-14,44009,Washington,20.0907,14.2141,83.3195,4.1919
1992-08-15,44009,Washington,19.4678,13.8616,83.3385,4.7635
1992-08-16,44009,Washington,21.3621,13.1466,89.4997,2.2795
1992-08-17,44009,Washington,23.2325,16.359,86.6369,1.8762
1992-08-18,44009,Washington,24.561,18.4682,81.432,1.9039
1992-08-19,44009,Washington,25.505,16.788,80.908,3.3395
1992-08-20,44009,Washington,22.4863,14.2145,65.5896,3.1017
1992-08-21,44009,Washington,22.4835,11.1464,66.1693,2.6772
1992-08-22,44009,Washington,26.0437,12.5692,67.125,1.5686
1992-08-23,44009,Washington,25.9762,16.9431,69.0962,1.3521
1992-08-24,44009,Washington,26.1357,15.1542,73.4544,3.191
1992-08-25,44009,Washington,28.3487,16.4748,76.3735,2.8264
1992-08-26,44009,Washington,28.5347,19.6325,76.8715,1.5507
1992-08-27,44009,Washington,26.192,18.7044,84.9949,1.8113
1992-08-28,44009,Washington,27.176,17.57,83.3276,3.8381
1992-08-29,44009,Washington,24.5877,15.5493,74.4264,5.2633
1992-08-30,44009,Washington,23.2058,12.5202,69.0062,5.1525
1992-08-31,44009,Washington,25.4053,14.4777,67.2234,4.9644
1992-09-01,44009,Washington,20.4165,10.6452,61.3088,4.1948
1992-09-02,44009,Washington,20.2717,7.724,63.2198,2.2072
1992-09-03,44009,Washington,21.3293,11.949,91.591,3.7419
1992-09-04,44009,Washington,23.4897,14.6959,80.8363,1.8433
1992-09-05,44009,Washington,22.4703,11.9475,75.8301,2.5929
1992-09-06,44009,Washington,21.5735,10.0108,76.8887,2.5314
1992-09-07,44009,Washington,21.0479,11.5261,86.1586,1.6454
1992-09-08,44009,Washington,23.6265,15.036,88.3237,2.6814
1992-09-09,44009,Washington,25.0341,17.8785,82.6913,3.403
1992-09-10,44009,Washington,24.8664,17.3919,86.4703,4.292
1992-09-11,44009,Washington,22.1466,15.1824,82.9774,2.5934
1992-09-12,44009,Washington,18.9421,11.7029,63.2885,2.8037
1992-09-13,44009,Washington,19.1105,10.4586,61.0272,0.8867
1992-09-14,44009,Washington,20.4512,10.4003,67.8356,1.7808
1992-09-15,44009,Washington,22.131,10.3743,80.8457,2.6012
1992-09-16,44009,Washington,25.1964,14.9764,77.7227,3.5763
1992-09-17,44009,Washington,25.8546,15.7177,77.7557,3.8904
1992-09-18,44009,Washington,26.7251,16.1897,76.7848,3.8363
1992-09-19,44009,Washington,23.2698,12.9528,75.8867,3.6042
1992-09-20,44009,Washington,19.8427,10.0274,60.6125,1.8493
1992-09-21,44009,Washington,21.4739,9.9879,75.8073,3.4291
1992-09-22,44009,Washington,24.365,14.474,90.8065,4.2303
1992-09-23,44009,Washington,19.9292,7.5786,72.4592,4.974
1992-09-24,44009,Washington,13.4287,5.1967,68.9947,5.8903
1992-09-25,44009,Washington,18.2923,5.7837,83.1144,6.1288
1992-09-26,44009,Washington,18.4506,12.8368,85.0913,4.4419
1992-09-27,44009,Washington,23.4551,12.1027,88.2598,3.3043
1992-09-28,44009,Washington,22.7476,14.4365,70.3961,2.6859
1992-09-29,44009,Washington,18.7523,6.8096,67.173,4.9493
1992-09-30,44009,Washington,12.1109,2.6613,60.2373,4.4691
1992-10-01,44009,Washington,10.1579,0.845,54.6559,4.0521
1992-10-02,44009,Washington,17.8141,1.2612,65.7999,4.9581
1992-10-03,44009,Washington,23.2741,10.2435,64.9359,5.2071
1992-10-04,44009,Washington,17.3057,7.5779,61.87,3.0543
1992-10-05,44009,Washington,11.6295,3.504,55.8245,5.0765
1992-10-06,44009,Washington,13.5929,2.2746,51.8516,2.4791
1992-10-07,44009,Washington,18.7877,3.15,54.9211,2.8745
1992-10-08,44009,Washington,18.7788,5.3593,62.7798,2.5118
1992-10-09,44009,Washington,21.0389,8.1092,78.4839,3.8871
1992-10-10,44009,Washington,20.7588,12.0716,76.4795,2.7788
1992-10-11,44009,Washington,21.6279,10.5286,73.5333,1.723
1992-10-12,44009,Washington,18.4794,8.8557,67.7413,3.6714
1992-10-13,44009,Washington,18.176,5.9488,56.5454,3.4283
1992-10-14,44009,Washington,16.9522,4.5031,57.8588,2.5048
1992-10-15,44009,Washington,19.2264,9.7938,68.2038,1.7039
1992-10-16,44009,Washington,20.5527,9.73,75.3904,4.5568
1992-10-17,44009,Washington,17.1658,2.0823,50.247,4.8749
1992-10-18,44009,Washington,12.3846,-0.4539,54.3445,2.3417
1992-10-19,44009,Washington,9.6634,3.0449,69.5097,3.5042
1992-10-20,44009,Washington,11.9075,0.7582,63.8654,2.8226
1992-10-21,44009,Washington,13.3706,6.403,72.7393,2.6339
1992-10-22,44009,Washington,12.1067,4.7134,61.0326,3.3733
1992-10-23,44009,Washington,13.9192,3.7615,60.6096,2.7674
1992-10-24,44009,Washington,14.6926,6.3383,80.482,5.1681
1992-10-25,44009,Washington,14.4756,1.3783,65.4445,5.4062
1992-10-26,44009,Washington,11.028,-1.1347,60.3299,5.9901
1992-10-27,44009,Washington,11.4903,2.0104,57.5844,4.3293
1992-10-28,44009,Washington,12.9863,0.4021,58.0852,1.9501
1992-10-29,44009,Washington,15.8669,5.5108,69.2662,1.6078
1992-10-30,44009,Washington,15.1976,6.3,64.5712,2.4166
1992-10-31,44009,Washington,9.9386,2.9571,70.3899,4.0104
1992-11-01,44009,Washington,6.9559,-1.4316,57.176,3.771
1992-11-02,44009,Washington,6.8024,-2.4738,70.6697,4.0201
1992-11-03,44009,Washington,13.1228,3.3455,80.2417,4.2663
1992-11-04,44009,Washington,15.5694,3.7294,79.3212,3.3472
1992-11-05,44009,Washington,15.7928,5.8115,70.5789,1.8165
1992-11-06,44009,Washington,10.0776,2.8315,62.4997,4.1255
1992-11-07,44009,Washington,6.0109,-0.1169,57.146,2.7342
1992-11-08,44009,Washington,4.504,-1.9933,55.0985,3.8662
1992-11-09,44009,Washington,3.2898,-3.3062,54.3755,2.5659
1992-11-10,44009,Washington,5.8145,-3.2077,60.981,2.3952
1992-11-11,44009,Washington,11.8191,2.0613,83.9417,5.2229
1992-11-12,44009,Washington,13.5008,5.4968,81.3452,4.0632
1992-11-13,44009,Washington,15.0694,2.1222,67.8785,6.3224
1992-11-14,44009,Washington,7.8495,-0.673,48.4042,3.6801
1992-11-15,44009,Washington,6.8081,-1.0896,50.1605,3.166
1992-11-16,44009,Washington,4.3278,-3.2607,48.6862,3.0293
1992-11-17,44009,Washington,8.3394,-1.2069,70.0475,3.2375
1992-11-18,44009,Washington,7.0324,0.987,63.1345,2.3192
1992-11-19,44009,Washington,4.816,-0.7763,59.0221,2.6927
1992-11-20,44009,Washington,4.967,-3.8706,60.1584,2.5467
1992-11-21,44009,Washington,12.6657,-0.9993,83.3116,4.7883
1992-11-22,44009,Washington,14.2406,9.3034,83.4509,4.3992
1992-11-23,44009,Washington,17.4744,7.7114,78.727,3.8068
1992-11-24,44009,Washington,10.2716,3.1322,70.7275,4.2055
1992-11-25,44009,Washington,11.8292,4.2656,78.1756,2.7276
1992-11-26,44009,Washington,13.7283,4.6226,87.7286,2.9182
1992-11-27,44009,Washington,13.1802,3.4383,65.0206,3.2212
1992-11-28,44009,Washington,10.4871,1.1686,64.8662,1.3385
1992-11-29,44009,Washington,8.9755,2.5196,60.0934,3.2833
1992-11-30,44009,Washington,7.3368,0.9211,60.608,5.0682
1992-12-01,44009,Washington,7.5686,1.3858,58.3017,1.9742
1992-12-02,44009,Washington,8.8086,0.5908,68.0023,3.1111
1992-12-03,44009,Washington,7.404,0.3305,70.4747,5.3896
1992-12-04,44009,Washington,5.3267,-2.2015,61.2835,4.9523
1992-12-05,44009,Washington,5.1493,-5.7324,64.9752,6.4554
1992-12-06,44009,Washington,2.0046,-7.3605,48.2537,7.5752
1992-12-07,44009,Washington,4.2823,-1.6441,54.7902,6.0932
1992-12-08,44009,Washington,1.2864,-7.0694,42.3121,5.2286
1992-12-09,44009,Washington,-2.3331,-9.1293,46.706,4.5372
1992-12-10,44009,Washington,3.9005,-7.2973,70.7034,6.6104
1992-12-11,44009,Washington,6.9333,0.9171,82.3397,12.2704
1992-12-12,44009,Washington,5.5608,0.8301,72.7559,11.5447
1992-12-13,44009,Washington,4.7655,-1.166,72.6118,8.9059
1992-12-14,44009,Washington,5.5476,-2.15,65.1001,4.7971
1992-12-15,44009,Washington,6.2762,-2.7622,62.1867,1.641
1992-12-16,44009,Washington,7.037,-2.6873,77.3424,3.7054
1992-12-17,44009,Washington,9.5544,0.9473,74.2414,3.5059
1992-12-18,44009,Washington,6.1846,-2.8584,59.2053,4.4748
1992-12-19,44009,Washington,6.8656,-2.8405,69.6479,3.1593
1992-12-20,44009,Washington,10.0482,-1.7856,73.9652,6.0672
1992-12-21,44009,Washington,1.2684,-4.1676,41.0705,3.2441
1992-12-22,44009,Washington,7.0276,-2.8311,62.4353,2.9227
1992-12-23,44009,Washington,6.7749,-1.1369,70.169,3.2585
1992-12-24,44009,Washington,3.326,-11.7581,54.3671,7.5214
1992-12-25,44009,Washington,4.1547,-11.8405,58.932,6.6429
1992-12-26,44009,Washington,3.7048,-6.9625,38.3079,7.1917
1992-12-27,44009,Washington,-2.9024,-10.1754,41.9929,2.7688
1992-12-28,44009,Washington,4.9908,-5.6959,99.5378,2.3968
1992-12-29,44009,Washington,10.4432,1.7236,76.3361,1.8864
1992-12-30,44009,Washington,10.814,3.4071,75.6258,1.937
1992-12-31,44009,Washington,10.1259,2.6908,78.8584,2.3995
1993-01-01,44009,Washington,9.2296,-6.7322,46.5547,6.7647
1993-01-02,44009,Washington,-0.7988,-7.2667,41.6054,4.9057
1993-01-03,44009,Washington,4.2654,-8.6792,66.8545,3.5809
1993-01-04,44009,Washington,8.9688,0.5944,83.3252,6.353
1993-01-05,44009,Washington,11.9877,0.7339,81.3975,6.5682
1993-01-06,44009,Washington,5.8659,-2.2255,65.336,1.5448
1993-01-07,44009,Washington,5.3446,-2.4614,64.4042,1.5818
1993-01-08,44009,Washington,5.5687,-2.0109,67.9824,2.6096
1993-01-09,44009,Washington,1.8358,-6.4975,54.0527,6.7851
1993-01-10,44009,Washington,-2.5546,-7.3386,54.5926,5.4524
1993-01-11,44009,Washington,0.5153,-6.9717,77.6689,2.3334
1993-01-12,44009,Washington,2.107,-3.5454,83.1721,2.0432
1993-01-13,44009,Washington,2.6873,-2.3185,82.9759,5.1409
1993-01-14,44009,Washington,1.1466,-4.9596,69.975,3.2204
1993-01-15,44009,Washington,2.3345,-4.8239,81.5139,2.278
1993-01-16,44009,Washington,2.2283,-3.9764,62.6625,1.9956
1993-01-17,44009,Washington,2.4781,-4.1002,67.1288,4.7148
1993-01-18,44009,Washington,1.8179,-8.5432,40.2652,6.2531
1993-01-19,44009,Washington,-2.6029,-10.0427,45.7712,4.6123
1993-01-20,44009,Washington,2.3433,-8.5744,58.4495,4.534
1993-01-21,44009,Washington,3.8708,-4.5901,69.6963,3.0022
1993-01-22,44009,Washington,7.5534,-1.2109,88.1241,4.4025
1993-01-23,44009,Washington,7.5429,-1.8289,69.1143,4.4548
1993-01-24,44009,Washington,8.8927,-2.2279,80.1426,5.4358
1993-01-25,44009,Washington,8.5116,-3.493,43.0553,6.4855
1993-01-26,44009,Washington,0.8598,-5.7469,48.1498,3.4511
1993-01-27,44009,Washington,4.3459,-3.8704,66.08,4.3757
1993-01-28,44009,Washington,1.8347,-5.3302,48.484,5.376
1993-01-29,44009,Washington,4.3289,-8.6031,57.4807,6.4694
1993-01-30,44009,Washington,-1.2597,-9.4836,38.6245,6.3702
1993-01-31,44009,Washington,3.2915,-8.451,69.4902,2.7523
1993-02-01,44009,Washington,1.8558,-14.3555,51.2746,6.3853
1993-02-02,44009,Washington,-3.4971,-14.6701,51.267,6.3139
1993-02-03,44009,Washington,3.4836,-10.7237,54.5078,4.2974
1993-02-04,44009,Washington,1.607,-7.5661,46.3745,6.3125
1993-02-05,44009,Washington,5.663,-7.8038,46.4623,5.1549
1993-02-06,44009,Washington,1.8764,-14.5395,46.8872,5.5576
1993-02-07,44009,Washington,-2.5268,-15.906,56.4694,2.7634
1993-02-08,44009,Washington,3.1819,-6.0272,57.0524,4.408
1993-02-09,44009,Washington,-1.6189,-11.227,44.9029,3.0557
1993-02-10,44009,Washington,5.9752,-6.031,67.8851,3.7353
1993-02-11,44009,Washington,3.4201,-5.5008,52.8792,5.1086
1993-02-12,44009,Washington,3.8215,-5.5906,68.446,8.7144
1993-02-13,44009,Washington,5.0687,-3.1531,71.1508,5.5832
1993-02-14,44009,Washington,1.9047,-5.6631,51.4928,5.626
1993-02-15,44009,Washington,1.6379,-7.558,47.5351,3.5122
1993-02-16,44009,Washington,6.7929,-3.1905,67.6629,5.7319
1993-02-17,44009,Washington,6.4306,-5.5943,56.2019,6.5183
1993-02-18,44009,Washington,0.3687,-6.8503,44.7901,2.2036
1993-02-19,44009,Washington,-2.0789,-10.1809,45.6756,5.0889
1993-02-20,44009,Washington,-2.7295,-11.7466,51.4984,3.2996
1993-02-21,44009,Washington,1.2572,-9.9488,59.4022,4.9509
1993-02-22,44009,Washington,6.0892,-2.4156,69.5955,1.8669
1993-02-23,44009,Washington,3.1034,-5.4045,57.2976,4.2084
1993-02-24,44009,Washington,-1.6157,-10.2042,37.4691,6.2199
1993-02-25,44009,Washington,-4.9427,-12.6902,39.1727,5.3254
1993-02-26,44009,Washington,-1.4175,-12.8068,44.5719,1.5012
1993-02-27,44009,Washington,0.1779,-9.3742,51.4357,6.3897
1993-02-28,44009,Washington,1.4729,-6.7123,38.8812,6.5717
1993-03-01,44009,Washington,3.4086,-7.6446,37.2726,4.3019
1993-03-02,44009,Washington,6.1896,-4.0198,53.9037,3.0199
1993-03-03,44009,Washington,7.5357,-1.9049,53.6409,1.6763
1993-03-04,44009,Washington,4.7789,-1.5191,65.3732,8.8811
1993-03-05,44009,Washington,3.4944,-2.5898,76.9689,7.9839
1993-03-06,44009,Washington,2.5194,-4.1179,70.1254,4.0438
1993-03-07,44009,Washington,5.7042,-2.2941,59.6995,4.3258
1993-03-08,44009,Washington,9.531,-2.3513,70.1421,2.3856
1993-03-09,44009,Washington,7.6288,-0.5975,64.5443,5.3722
1993-03-10,44009,Washington,5.8684,-2.9291,60.3209,3.1544
1993-03-11,44009,Washington,5.4352,-3.8812,60.7152,5.5217
1993-03-12,44009,Washington,0.443,-6.5148,37.0758,4.0501
1993-03-13,44009,Washington,5.3151,-6.5909,72.4839,8.0148
1993-03-14,44009,Washington,5.2472,-9.2786,50.3623,9.835
1993-03-15,44009,Washington,-1.7609,-12.2709,37.7532,6.0238
1993-03-16,44009,Washington,4.0603,-6.1183,66.5328,6.5002
1993-03-17,44009,Washington,8.3612,0.296,77.028,5.5389
1993-03-18,44009,Washington,2.5938,-9.5591,44.8786,6.5732
1993-03-19,44009,Washington,0.7116,-10.662,53.9021,3.2418
1993-03-20,44009,Washington,3.5001,-5.9583,54.0727,1.5852
1993-03-21,44009,Washington,5.6688,-2.3126,71.6428,2.1808
1993-03-22,44009,Washington,6.7592,-2.7027,55.8682,3.5913
1993-03-23,44009,Washington,7.5487,-2.8313,53.1047,1.9899
1993-03-24,44009,Washington,7.5134,0.4001,74.0215,4.4792
1993-03-25,44009,Washington,9.7749,0.3074,70.6054,3.953
1993-03-26,44009,Washington,14.7463,2.5282,63.3774,1.275
1993-03-27,44009,Washington,15.0671,4.3733,58.7654,1.8319
1993-03-28,44009,Washington,11.7575,3.6607,80.8393,3.5644
1993-03-29,44009,Washington,11.4357,4.0859,78.4506,3.8107
1993-03-30,44009,Washington,10.379,3.1514,73.4128,3.533
1993-03-31,44009,Washington,14.0186,2.7133,53.78,3.1848
1993-04-01,44009,Washington,8.636,2.3853,78.8673,5.2351
1993-04-02,44009,Washington,10.3577,1.3867,68.3555,3.9607
1993-04-03,44009,Washington,7.1803,0.0799,63.1952,3.3525
1993-04-04,44009,Washington,5.7415,-0.4354,59.5184,3.3438
1993-04-05,44009,Washington,11.0221,-0.9911,51.1621,1.7201
1993-04-06,44009,Washington,10.1889,-0.0897,54.5291,4.1734
1993-04-07,44009,Washington,12.9069,-0.4627,45.4006,3.9145
1993-04-08,44009,Washington,15.538,0.2209,44.3219,1.858
1993-04-09,44009,Washington,15.6874,3.2834,63.8818,3.2282
1993-04-10,44009,Washington,14.5886,5.4398,80.0951,5.3548
1993-04-11,44009,Washington,15.0459,7.9449,76.7544,2.1714
1993-04-12,44009,Washington,11.5452,4.9804,75.7835,4.082
1993-04-13,44009,Washington,12.4059,4.9536,67.2441,3.9581
1993-04-14,44009,Washington,13.8462,4.9389,58.7457,1.8957
1993-04-15,44009,Washington,12.6279,5.2529,68.7758,3.6155
1993-04-16,44009,Washington,16.7939,7.1503,74.4793,6.2827
1993-04-17,44009,Washington,15.719,6.9296,72.5463,5.1389
1993-04-18,44009,Washington,11.4361,3.7506,56.4615,3.8332
1993-04-19,44009,Washington,16.693,1.627,57.5259,4.6738
1993-04-20,44009,Washington,16.2581,4.8469,66.8459,5.2159
1993-04-21,44009,Washington,16.3697,6.8509,73.2307,3.5711
1993-04-22,44009,Washington,16.542,7.9491,74.4741,3.1068
1993-04-23,44009,Washington,10.0486,4.8355,62.1245,6.2979
1993-04-24,44009,Washington,16.5215,2.6502,45.1501,3.4455
1993-04-25,44009,Washington,17.6248,6.1066,66.6068,5.3608
1993-04-26,44009,Washington,18.2404,7.665,71.2151,3.376
1993-04-27,44009,Washington,9.7969,0.756,61.3226,7.1004
1993-04-28,44009,Washington,12.695,0.0704,51.5195,4.6044
1993-04-29,44009,Washington,16.3041,0.5756,55.6796,3.6137
1993-04-30,44009,Washington,19.2724,3.2775,59.9786,3.1809
1993-05-01,44009,Washington,22.0067,5.9767,59.4405,1.7623
1993-05-02,44009,Washington,21.3194,7.3,51.5687,3.0935
1993-05-03,44009,Washington,18.242,5.3566,62.9275,3.7849
1993-05-04,44009,Washington,20.4006,5.3911,70.7219,2.5313
1993-05-05,44009,Washington,21.4552,10.1746,73.3883,3.7586
1993-05-06,44009,Washington,23.5153,11.6795,61.8396,3.313
1993-05-07,44009,Washington,22.2233,10.4168,54.8236,2.4759
1993-05-08,44009,Washington,20.5678,7.7959,62.0973,2.3929
1993-05-09,44009,Washington,25.4982,8.493,51.0429,2.3463
1993-05-10,44009,Washington,19.4634,9.9365,62.4967,3.0221
1993-05-11,44009,Washington,27.4074,8.9569,59.5045,3.7492
1993-05-12,44009,Washington,25.0963,12.6097,53.658,2.4359
1993-05-13,44009,Washington,22.2271,12.3317,56.7928,2.0195
1993-05-14,44009,Washington,18.1314,8.2075,60.2932,2.2244
1993-05-15,44009,Washington,18.7948,7.4422,65.6239,2.9415
1993-05-16,44009,Washington,25.4692,9.4753,62.5123,2.7877
1993-05-17,44009,Washington,18.6967,9.2672,55.5381,2.7517
1993-05-18,44009,Washington,18.848,7.8692,63.8043,2.8808
1993-05-19,44009,Washington,16.3329,9.4308,76.0079,1.9933
1993-05-20,44009,Washington,15.3867,7.0226,80.4939,2.2741
1993-05-21,44009,Washington,19.6111,9.5822,60.8116,2.5463
1993-05-22,44009,Washington,20.2919,10.3694,52.1793,1.7995
1993-05-23,44009,Washington,20.2598,8.2936,52.3918,3.057
1993-05-24,44009,Washington,21.2267,8.5786,70.1427,3.7101
1993-05-25,44009,Washington,25.8283,13.2859,65.2613,4.2312
1993-05-26,44009,Washington,20.4781,10.6358,59.2793,3.5769
1993-05-27,44009,Washington,19.8783,8.1423,54.2989,4.7503
1993-05-28,44009,Washington,20.242,6.7049,64.3376,2.6572
1993-05-29,44009,Washington,22.0778,8.3697,57.1241,5.0133
1993-05-30,44009,Washington,19.3745,6.116,52.0588,3.6619
1993-05-31,44009,Washington,20.0615,8.6538,64.1149,3.7058
1993-06-01,44009,Washington,20.65,9.9044,69.7018,4.1592
1993-06-02,44009,Washington,18.9483,6.8312,57.4945,3.9099
1993-06-03,44009,Washington,21.562,8.6218,61.0576,3.6728
1993-06-04,44009,Washington,19.7356,10.7944,62.1435,2.0753
1993-06-05,44009,Washington,19.8409,9.4827,66.4737,3.5436
1993-06-06,44009,Washington,18.3556,11.3022,73.3098,2.8117
1993-06-07,44009,Washington,23.0388,10.3923,58.4148,3.6069
1993-06-08,44009,Washington,23.9912,11.2577,63.1795,2.0972
1993-06-09,44009,Washington,24.7748,13.779,76.2934,2.9195
1993-06-10,44009,Washington,28.0705,17.5237,61.9415,4.7656
1993-06-11,44009,Washington,24.271,15.2942,63.1198,3.7982
1993-06-12,44009,Washington,22.9255,11.6437,65.4983,2.0043
1993-06-13,44009,Washington,23.3804,10.9851,65.2173,2.5799
1993-06-14,44009,Washington,25.9811,12.3613,62.797,3.8611
1993-06-15,44009,Washington,24.304,12.8183,72.6087,4.6766
1993-06-16,44009,Washington,26.5737,16.2059,63.2831,3.092
1993-06-17,44009,Washington,24.352,13.6512,61.6881,1.5874
1993-06-18,44009,Washington,27.7706,13.6004,68.1754,3.8506
1993-06-19,44009,Washington,30.2132,18.2259,64.8166,3.0652
1993-06-20,44009,Washington,23.1559,16.7706,76.0833,2.2882
1993-06-21,44009,Washington,28.079,16.6349,73.1702,3.7406
1993-06-22,44009,Washington,27.7145,16.898,61.9929,5.2267
1993-06-23,44009,Washington,24.1258,11.7916,45.3295,4.9675
1993-06-24,44009,Washington,25.4462,9.7847,48.9839,2.3383
1993-06-25,44009,Washington,26.8197,12.5235,58.1097,3.8064
1993-06-26,44009,Washington,27.861,14.9545,69.168,5.3384
1993-06-27,44009,Washington,26.5889,17.4003,72.293,2.8256
1993-06-28,44009,Washington,28.7338,17.4206,65.427,4.2177
1993-06-29,44009,Washington,29.2239,18.0665,56.1351,2.2674
1993-06-30,44009,Washington,26.8661,17.0502,59.9672,1.2685
1993-07-01,44009,Washington,26.225,12.3697,62.2814,2.798
1993-07-02,44009,Washington,22.701,10.1799,75.9121,2.777
1993-07-03,44009,Washington,25.329,15.7411,86.7127,2.7702
1993-07-04,44009,Washington,30.2596,18.9116,61.3767,2.4388
1993-07-05,44009,Washington,28.2914,14.9595,59.7981,2.3062
1993-07-06,44009,Washington,29.4374,14.5987,68.6191,3.9718
1993-07-07,44009,Washington,31.1924,18.6006,77.4166,3.6634
1993-07-08,44009,Washington,31.7933,22.6558,71.3909,1.8539
1993-07-09,44009,Washington,33.3511,22.2473,61.8057,2.3313
1993-07-10,44009,Washington,34.9864,21.0203,58.428,3.3632
1993-07-11,44009,Washington,31.991,18.307,54.4579,3.2505
1993-07-12,44009,Washington,30.5667,18.1079,66.4287,2.8452
1993-07-13,44009,Washington,30.5151,17.2209,48.7492,3.022
1993-07-14,44009,Washington,31.0159,16.404,56.6638,2.5044
1993-07-15,44009,Washington,30.1178,16.1995,56.7885,4.0525
1993-07-16,44009,Washington,27.7127,12.6289,49.3844,4.442
1993-07-17,44009,Washington,25.6549,13.4977,52.3726,3.8358
1993-07-18,44009,Washington,28.3746,15.3017,48.9325,2.4023
1993-07-19,44009,Washington,22.8475,14.4563,91.7921,3.3878
1993-07-20,44009,Washington,28.8653,17.8453,73.2617,2.7086
1993-07-21,44009,Washington,27.4059,17.3115,57.525,3.8754
1993-07-22,44009,Washington,26.2642,13.4478,55.0934,4.1794
1993-07-23,44009,Washington,23.4303,13.518,66.059,3.7723
1993-07-24,44009,Washington,27.094,13.102,62.2914,2.5439
1993-07-25,44009,Washington,28.5276,14.6632,57.1166,2.5644
1993-07-26,44009,Washington,23.052,13.4206,64.5549,3.2472
1993-07-27,44009,Washington,23.1493,14.8061,91.625,4.3124
1993-07-28,44009,Washington,28.5286,19.0275,74.7176,2.2908
1993-07-29,44009,Washington,27.7575,19.7063,82.2264,3.2088
1993-07-30,44009,Washington,28.8369,18.2321,69.0579,2.9707
1993-07-31,44009,Washington,25.7756,17.2963,74.5876,2.3432
1993-08-01,44009,Washington,26.211,17.7236,81.65,2.3747
1993-08-02,44009,Washington,28.2789,17.7182,82.1112,3.9094
1993-08-03,44009,Washington,31.9903,19.3923,67.8388,3.1214
1993-08-04,44009,Washington,31.3916,19.5394,65.0434,2.6357
1993-08-05,44009,Washington,27.0062,16.3218,56.3791,3.1141
1993-08-06,44009,Washington,24.0803,12.0993,63.9447,2.0528
1993-08-07,44009,Washington,22.1013,12.7491,77.1595,2.9796
1993-08-08,44009,Washington,25.3881,12.9155,77.4897,1.7818
1993-08-09,44009,Washington,26.5346,15.1273,71.9271,1.9239
1993-08-10,44009,Washington,26.8271,13.7085,64.5582,2.469
1993-08-11,44009,Washington,27.1703,12.7318,69.188,2.6668
1993-08-12,44009,Washington,24.6817,11.8008,77.0162,1.7771
1993-08-13,44009,Washington,25.8466,15.5951,77.1082,1.5776
1993-08-14,44009,Washington,28.1849,16.9591,76.0511,2.0951
1993-08-15,44009,Washington,28.8701,17.5357,73.8266,1.3785
1993-08-16,44009,Washington,26.8233,17.6084,80.1919,2.531
1993-08-17,44009,Washington,23.3239,17.4661,93.4463,3.0167
1993-08-18,44009,Washington,25.5824,16.9968,81.4734,3.2705
1993-08-19,44009,Washington,26.6799,14.9762,76.2352,1.9266
1993-08-20,44009,Washington,26.1417,16.4847,88.801,3.8295
1993-08-21,44009,Washington,25.7229,16.8991,74.0294,2.7842
1993-08-22,44009,Washington,22.6754,14.2505,64.6149,1.6033
1993-08-23,44009,Washington,25.9048,15.467,73.0158,2.4954
1993-08-24,44009,Washington,26.8769,15.8176,80.8772,4.2639
1993-08-25,44009,Washington,30.4569,18.1741,75.5845,3.5824
1993-08-26,44009,Washington,32.055,18.4587,63.4312,2.1143
1993-08-27,44009,Washington,32.0386,17.1231,68.4999,3.7975
1993-08-28,44009,Washington,32.4011,19.6524,73.6358,4.2388
1993-08-29,44009,Washington,27.7499,16.7906,62.6942,1.5256
1993-08-30,44009,Washington,27.7664,16.7396,68.4004,1.7442
1993-08-31,44009,Washington,27.9564,17.6236,79.6763,3.5102
1993-09-01,44009,Washington,30.7396,17.281,66.3572,2.3341
1993-09-02,44009,Washington,24.2698,15.7873,69.3735,2.9227
1993-09-03,44009,Washington,30.8809,17.3871,74.3651,5.1372
1993-09-04,44009,Washington,26.1671,19.6586,80.4155,2.5236
1993-09-05,44009,Washington,27.6286,16.4583,66.6632,1.7982
1993-09-06,44009,Washington,27.7963,15.7591,62.1831,1.9621
1993-09-07,44009,Washington,27.248,16.2076,68.9975,2.0957
1993-09-08,44009,Washington,23.0508,15.1084,81.1596,2.2161
1993-09-09,44009,Washington,24.9385,14.6649,78.2479,3.1466
1993-09-10,44009,Washington,24.4775,17.868,79.3615,4.5839
1993-09-11,44009,Washington,19.1887,9.9588,57.6232,4.9595
1993-09-12,44009,Washington,19.5735,7.6978,68.5408,2.912
1993-09-13,44009,Washington,24.3738,13.5335,72.9707,4.9044
1993-09-14,44009,Washington,27.0405,15.9211,72.5561,5.1418
1993-09-15,44009,Washington,27.7065,17.3485,76.1538,5.4125
1993-09-16,44009,Washington,20.7483,10.8815,80.1866,5.243
1993-09-17,44009,Washington,17.1194,8.6847,95.2236,3.3753
1993-09-18,44009,Washington,20.0426,13.2994,88.9193,1.7819
1993-09-19,44009,Washington,19.3749,7.1897,66.0138,3.6584
1993-09-20,44009,Washington,15.5965,4.1468,52.9315,2.4951
1993-09-21,44009,Washington,14.5745,8.198,85.737,2.5975
1993-09-22,44009,Washington,17.0963,10.1107,88.7662,3.7314
1993-09-23,44009,Washington,18.3549,10.834,91.5387,3.3617
1993-09-24,44009,Washington,17.9739,9.2361,64.5931,3.2042
1993-09-25,44009,Washington,17.9799,7.659,72.7643,2.7574
1993-09-26,44009,Washington,20.5806,11.824,99.4688,4.6757
1993-09-27,44009,Washington,23.4638,16.5368,88.3355,4.3455
1993-09-28,44009,Washington,18.251,10.9189,75.1886,5.9855
1993-09-29,44009,Washington,17.083,7.6133,64.1007,3.5529
1993-09-30,44009,Washington,14.5928,4.4101,64.4173,2.8667
1993-10-01,44009,Washington,15.5732,3.932,63.6754,3.1436
1993-10-02,44009,Washington,20.4522,9.7168,74.299,4.8152
1993-10-03,44009,Washington,17.7019,6.3646,73.7101,3.8547
1993-10-04,44009,Washington,19.6875,6.1701,67.1053,6.558
1993-10-05,44009,Washington,15.2084,4.6173,58.9883,4.1801
1993-10-06,44009,Washington,15.348,3.2643,56.4864,3.3332
1993-10-07,44009,Washington,20.0461,8.8363,70.7697,6.0776
1993-10-08,44009,Washington,23.4758,11.0945,69.7745,3.6445
1993-10-09,44009,Washington,22.6226,13.2507,71.6104,3.5805
1993-10-10,44009,Washington,17.3136,-0.5608,49.799,4.5443
1993-10-11,44009,Washington,10.3766,-2.2846,58.8873,3.6986
1993-10-12,44009,Washington,16.1365,1.9982,88.5504,4.7584
1993-10-13,44009,Washington,13.8118,1.2861,59.1509,4.5388
1993-10-14,44009,Washington,12.5164,-0.859,63.4323,1.6403
1993-10-15,44009,Washington,15.4625,7.656,77.0505,1.4153
1993-10-16,44009,Washington,18.7659,7.7437,69.5878,2.6344
1993-10-17,44009,Washington,19.0821,8.5623,83.126,2.2004
1993-10-18,44009,Washington,19.7514,7.3246,66.5784,3.9055
1993-10-19,44009,Washington,14.4486,4.1861,61.5392,1.7428
1993-10-20,44009,Washington,12.4147,6.9581,82.0878,5.5158
1993-10-21,44009,Washington,19.5468,7.9874,83.7952,6.0159
1993-10-22,44009,Washington,13.6673,4.2873,57.1273,5.5283
1993-10-23,44009,Washington,10.969,2.0913,52.598,4.0868
1993-10-24,44009,Washington,15.7552,1.5564,65.7203,5.6897
1993-10-25,44009,Washington,18.6876,6.1923,56.7814,3.3658
1993-10-26,44009,Washington,13.2139,4.7536,70.8613,5.7229
1993-10-27,44009,Washington,13.3132,6.5581,83.3763,5.1671
1993-10-28,44009,Washington,14.6184,5.0148,60.7296,3.532
1993-10-29,44009,Washington,14.3085,3.9778,63.4144,3.0114
1993-10-30,44009,Washington,13.3204,4.9213,78.1185,4.0044
1993-10-31,44009,Washington,9.9314,1.502,86.2369,6.0924
1993-11-01,44009,Washington,11.2554,0.584,70.0642,6.6386
1993-11-02,44009,Washington,8.4475,-2.1781,50.059,3.9273
1993-11-03,44009,Washington,12.9023,-0.3772,68.0617,4.2886
1993-11-04,44009,Washington,11.364,1.3213,66.9398,3.6642
1993-11-05,44009,Washington,15.2574,3.3923,86.1133,4.9044
1993-11-06,44009,Washington,16.4164,5.3162,65.1573,4.0263
1993-11-07,44009,Washington,8.992,-1.7847,49.5708,4.2122
1993-11-08,44009,Washington,8.0305,-3.0746,56.6072,3.3157
1993-11-09,44009,Washington,11.0208,-1.4476,57.6003,3.082
1993-11-10,44009,Washington,11.9004,-0.6369,50.083,2.1587
1993-11-11,44009,Washington,11.87,-1.1081,62.2825,3.9703
1993-11-12,44009,Washington,13.8053,0.1856,58.8742,4.9072
1993-11-13,44009,Washington,12.0832,-2.1382,69.8846,4.0547
1993-11-14,44009,Washington,19.4858,8.0,71.7553,4.8332
1993-11-15,44009,Washington,21.335,10.2641,64.5502,5.2534
1993-11-16,44009,Washington,13.559,3.9292,58.0391,2.4509
1993-11-17,44009,Washington,13.7828,3.056,78.1362,3.5523
1993-11-18,44009,Washington,14.3748,1.1004,54.3519,3.9258
1993-11-19,44009,Washington,12.8344,0.701,81.3554,4.5156
1993-11-20,44009,Washington,12.4351,-2.5194,62.6961,7.1838
1993-11-21,44009,Washington,5.7495,-2.7942,56.7402,5.6134
1993-11-22,44009,Washington,12.0507,0.7151,60.74,4.8514
1993-11-23,44009,Washington,12.0035,-0.2563,61.1792,2.3551
1993-11-24,44009,Washington,13.7439,1.808,63.1414,3.0145
1993-11-25,44009,Washington,5.1052,-5.9876,42.4335,4.6122
1993-11-26,44009,Washington,6.049,-6.598,42.9808,2.4358
1993-11-27,44009,Washington,11.0562,-1.9642,77.5951,5.9719
1993-11-28,44009,Washington,15.1366,7.1353,81.1495,7.7737
1993-11-29,44009,Washington,12.0549,0.0586,48.1333,2.9498
1993-11-30,44009,Washington,6.4005,-3.155,55.2085,3.8454
1993-12-01,44009,Washington,4.589,-4.6696,56.9483,2.7921
1993-12-02,44009,Washington,8.4009,-2.7031,71.36,1.9273
1993-12-03,44009,Washington,10.5812,0.4835,70.8381,2.4442
1993-12-04,44009,Washington,9.1841,-0.6631,72.5179,2.5496
1993-12-05,44009,Washington,15.1595,2.3827,77.1426,6.1149
1993-12-06,44009,Washington,7.2002,-1.0237,67.2216,3.3475
1993-12-07,44009,Washington,9.5962,0.3188,58.1666,3.5697
1993-12-08,44009,Washington,7.4756,0.2809,56.8325,1.721
1993-12-09,44009,Washington,5.5877,-3.0429,58.6829,1.9899
1993-12-10,44009,Washington,10.8847,-0.0103,79.8411,5.1383
1993-12-11,44009,Washington,11.1336,-4.7087,79.811,4.7931
1993-12-12,44009,Washington,1.0562,-6.0054,51.8177,6.3154
1993-12-13,44009,Washington,4.9136,-4.9985,56.3179,7.3499
1993-12-14,44009,Washington,6.7503,-1.2042,73.8708,4.28
1993-12-15,44009,Washington,9.1417,1.5267,74.4613,5.1328
1993-12-16,44009,Washington,6.3886,-3.5581,64.8157,8.4389
1993-12-17,44009,Washington,3.0323,-5.0094,53.205,3.0664
1993-12-18,44009,Washington,4.9814,-3.1099,67.7244,2.9345
1993-12-19,44009,Washington,6.2373,-0.7048,77.1978,2.734
1993-12-20,44009,Washington,6.4666,-1.8564,69.7859,2.5853
1993-12-21,44009,Washington,12.1349,0.6155,75.4708,8.8929
1993-12-22,44009,Washington,4.8448,-2.1916,55.888,8.1425
1993-12-23,44009,Washington,3.1816,-5.4684,46.3116,3.8567
1993-12-24,44009,Washington,0.8088,-7.9553,50.6648,2.3595
1993-12-25,44009,Washington,1.9078,-3.2402,68.5829,2.5165
1993-12-26,44009,Washington,0.5946,-11.9316,40.4119,9.1546
1993-12-27,44009,Washington,-7.5309,-15.5216,35.7007,4.7266
1993-12-28,44009,Washington,-4.1305,-11.088,42.7002,3.1185
1993-12-29,44009,Washington,-2.3282,-13.7197,64.4557,4.3013
1993-12-30,44009,Washington,-2.3987,-9.7355,60.7587,6.7868
1993-12-31,44009,Washington,-0.4002,-9.9123,44.4349,5.5822
1994-01-01,44009,Washington,4.2199,-7.0148,61.0073,5.2415
1994-01-02,44009,Washington,5.3041,-3.4874,60.1585,3.3366
1994-01-03,44009,Washington,1.7841,-5.3831,54.8633,6.6571
1994-01-04,44009,Washington,4.4128,-3.1209,66.2371,7.5956
1994-01-05,44009,Washington,1.3766,-10.0349,44.2365,7.8844
1994-01-06,44009,Washington,-2.1203,-14.1861,48.2299,3.4493
1994-01-07,44009,Washington,-0.6788,-7.828,65.6233,5.9521
1994-01-08,44009,Washington,1.479,-9.9599,67.737,6.3156
1994-01-09,44009,Washington,-5.6664,-13.1964,53.1169,7.5979
1994-01-10,44009,Washington,-6.7226,-15.6246,52.473,5.2338
1994-01-11,44009,Washington,2.8406,-13.4445,64.8211,4.0414
1994-01-12,44009,Washington,2.9344,-4.1979,62.443,3.3737
1994-01-13,44009,Washington,3.6112,-3.443,62.9068,1.9897
1994-01-14,44009,Washington,2.694,-3.6589,66.8026,3.1564
1994-01-15,44009,Washington,0.1903,-16.9995,29.6216,7.5178
1994-01-16,44009,Washington,-12.2448,-20.3993,42.7533,6.3291
1994-01-17,44009,Washington,6.129,-16.8938,72.0452,6.7222
1994-01-18,44009,Washington,6.4035,-16.7472,47.6767,6.9127
1994-01-19,44009,Washington,-12.2785,-19.3631,48.7217,5.3809
1994-01-20,44009,Washington,-9.3618,-17.533,49.8824,4.1293
1994-01-21,44009,Washington,-4.7134,-16.2402,54.9935,3.8557
1994-01-22,44009,Washington,-1.7022,-11.2782,46.8607,6.7388
1994-01-23,44009,Washington,0.7467,-13.7272,48.1265,3.8184
1994-01-24,44009,Washington,5.4741,-3.5381,59.8688,4.0874
1994-01-25,44009,Washington,2.5775,-4.4905,51.2775,2.8256
1994-01-26,44009,Washington,-0.4408,-16.6251,46.6786,7.3318
1994-01-27,44009,Washington,-0.4435,-17.7952,51.5666,4.8457
1994-01-28,44009,Washington,7.1062,-4.345,74.6537,7.2147
1994-01-29,44009,Washington,6.1514,-2.7375,52.4944,4.3725
1994-01-30,44009,Washington,1.5799,-6.8472,35.8727,3.9094
1994-01-31,44009,Washington,-0.2287,-7.4698,38.6841,2.8287
1994-02-01,44009,Washington,-0.6364,-9.7832,45.4911,2.9618
1994-02-02,44009,Washington,-0.9799,-10.0041,47.7881,1.4578
1994-02-03,44009,Washington,2.5633,-10.7225,51.4328,6.3045
1994-02-04,44009,Washington,2.1289,-9.5767,49.7204,5.3359
1994-02-05,44009,Washington,5.5523,-4.2683,63.7053,2.6911
1994-02-06,44009,Washington,3.1474,-5.3379,47.1737,3.708
1994-02-07,44009,Washington,4.2414,-8.3132,49.581,4.4785
1994-02-08,44009,Washington,-3.844,-12.1482,55.7413,5.488
1994-02-09,44009,Washington,-2.3552,-10.3334,69.2294,5.5505
1994-02-10,44009,Washington,-5.7288,-16.2877,57.6945,4.6678
1994-02-11,44009,Washington,-0.012,-13.4082,72.5757,6.3561
1994-02-12,44009,Washington,1.1763,-8.1679,67.6821,4.7876
1994-02-13,44009,Washington,2.9297,-5.6351,73.2868,3.7858
1994-02-14,44009,Washington,-1.1463,-13.8917,49.08,7.3355
1994-02-15,44009,Washington,0.6495,-16.2635,60.693,2.611
1994-02-16,44009,Washington,0.0859,-8.8327,61.5848,4.8701
1994-02-17,44009,Washington,2.6245,-10.282,60.7198,4.0878
1994-02-18,44009,Washington,6.4707,-5.352,55.6248,1.9368
1994-02-19,44009,Washington,7.601,-3.326,62.5958,3.3112
1994-02-20,44009,Washington,10.0859,-1.3408,62.6027,4.0984
1994-02-21,44009,Washington,8.8509,0.5111,69.6012,2.5683
1994-02-22,44009,Washington,6.7164,-4.1377,51.752,4.2256
1994-02-23,44009,Washington,2.1088,-7.1205,60.8183,7.2605
1994-02-24,44009,Washington,3.473,-4.1016,71.9031,5.4578
1994-02-25,44009,Washington,0.5055,-8.4696,51.2234,6.7018
1994-02-26,44009,Washington,-3.3843,-14.7219,63.8792,5.5418
1994-02-27,44009,Washington,-5.0592,-17.6782,47.9575,7.8814
1994-02-28,44009,Washington,-0.8548,-14.1109,37.5866,5.2329
1994-03-01,44009,Washington,0.9743,-8.0157,39.8454,3.0197
1994-03-02,44009,Washington,1.1186,-7.4827,63.1471,5.9808
1994-03-03,44009,Washington,3.8865,-3.5017,82.1483,8.1342
1994-03-04,44009,Washington,5.767,-2.8251,57.2667,5.6953
1994-03-05,44009,Washington,6.3983,-2.8393,56.4042,4.8364
1994-03-06,44009,Washington,4.2497,-2.4759,54.2227,2.6305
1994-03-07,44009,Washington,10.4667,-1.7351,73.5315,2.9524
1994-03-08,44009,Washington,11.5552,1.441,71.4214,4.3667
1994-03-09,44009,Washington,4.9271,-2.5582,53.3972,4.1003
1994-03-10,44009,Washington,10.0791,-0.4306,76.8289,4.4783
1994-03-11,44009,Washington,7.1599,-3.4071,55.7862,5.6961
1994-03-12,44009,Washington,4.5252,-4.9481,41.9846,2.9253
1994-03-13,44009,Washington,8.3518,-2.3081,61.7321,4.4613
1994-03-14,44009,Washington,12.0117,-0.4202,57.9889,1.2034
1994-03-15,44009,Washington,10.9944,0.0961,60.5161,2.4552
1994-03-16,44009,Washington,8.7304,-1.6547,61.8808,4.1914
1994-03-17,44009,Washington,1.9786,-5.5632,60.9244,6.7036
1994-03-18,44009,Washington,4.7757,-6.4619,60.4493,3.8725
1994-03-19,44009,Washington,5.3954,-2.3524,54.7178,5.6845
1994-03-20,44009,Washington,5.9336,-2.6543,49.5951,5.0766
1994-03-21,44009,Washington,8.5021,-2.7964,61.1155,3.4883
1994-03-22,44009,Washington,8.8556,0.0961,69.6453,5.8792
1994-03-23,44009,Washington,17.3378,-1.1414,47.2325,3.6754
1994-03-24,44009,Washington,16.1868,2.8513,54.4442,2.2557
1994-03-25,44009,Washington,14.8787,1.3756,58.4571,3.0806
1994-03-26,44009,Washington,10.2619,-1.4918,47.5507,3.252
1994-03-27,44009,Washington,9.1485,-1.0954,81.0185,4.1548
1994-03-28,44009,Washington,12.7181,4.7255,76.8649,1.6844
1994-03-29,44009,Washington,8.6162,1.7463,72.4521,3.2574
1994-03-30,44009,Washington,9.5427,-0.125,55.7448,3.8557
1994-03-31,44009,Washington,11.2264,-0.752,48.9572,4.2324
1994-04-01,44009,Washington,13.8982,0.9292,48.6272,2.1101
1994-04-02,44009,Washington,10.6826,2.1539,53.1637,3.5728
1994-04-03,44009,Washington,15.2315,2.045,62.7096,5.2571
1994-04-04,44009,Washington,14.9375,3.4913,51.5341,1.6945
1994-04-05,44009,Washington,14.0397,0.8229,55.8461,2.8444
1994-04-06,44009,Washington,15.0825,1.8885,78.6476,3.4004
1994-04-07,44009,Washington,15.5222,2.0445,65.9439,5.5169
1994-04-08,44009,Washington,12.2497,-0.8266,39.9882,2.8121
1994-04-09,44009,Washington,11.545,0.2904,60.1011,4.1853
1994-04-10,44009,Washington,14.1993,5.3437,74.1599,5.2365
1994-04-11,44009,Washington,15.1211,3.8099,41.4291,3.1637
1994-04-12,44009,Washington,13.3858,4.6347,52.0104,1.7819
1994-04-13,44009,Washington,15.3962,5.2315,77.1856,4.1561
1994-04-14,44009,Washington,16.7737,8.2601,60.233,4.514
1994-04-15,44009,Washington,21.645,6.2784,54.9849,2.6034
1994-04-16,44009,Washington,16.4228,7.0967,71.9328,5.1632
1994-04-17,44009,Washington,15.2727,4.8656,46.4795,4.8953
1994-04-18,44009,Washington,14.4496,3.1431,41.3689,3.8502
1994-04-19,44009,Washington,18.8537,3.2785,61.6713,3.8503
1994-04-20,44009,Washington,15.8818,2.839,41.5155,4.8375
1994-04-21,44009,Washington,13.3934,0.5657,40.1882,2.9729
1994-04-22,44009,Washington,13.3259,1.3832,38.2551,3.0305
1994-04-23,44009,Washington,13.6635,0.2533,44.1221,3.6018
1994-04-24,44009,Washington,19.467,3.5388,53.1087,5.2361
1994-04-25,44009,Washington,14.5985,5.9279,62.3451,3.6576
1994-04-26,44009,Washington,16.9771,5.1518,65.8902,3.377
1994-04-27,44009,Washington,23.107,7.2848,64.0948,3.9756
1994-04-28,44009,Washington,18.8776,6.5864,55.3756,3.4975
1994-04-29,44009,Washington,13.8324,5.5865,62.8489,2.914
1994-04-30,44009,Washington,21.2844,9.2728,57.5893,2.3723
1994-05-01,44009,Washington,20.8015,9.9285,66.3602,4.6168
1994-05-02,44009,Washington,14.05,4.7436,48.3403,4.0261
1994-05-03,44009,Washington,16.5171,2.156,44.27,2.6605
1994-05-04,44009,Washington,15.406,4.4314,56.9816,3.6433
1994-05-05,44009,Washington,12.9484,6.605,73.6335,4.5739
1994-05-06,44009,Washington,17.3364,5.4534,62.6499,3.9357
1994-05-07,44009,Washington,18.272,5.3284,59.3679,2.9439
1994-05-08,44009,Washington,18.7508,8.8076,73.4559,4.508
1994-05-09,44009,Washington,20.7028,9.663,53.8305,4.6847
1994-05-10,44009,Washington,20.5881,8.7571,48.0923,3.3985
1994-05-11,44009,Washington,17.848,4.5718,51.1878,3.7235
1994-05-12,44009,Washington,18.4586,8.167,64.6809,5.126
1994-05-13,44009,Washington,13.3205,3.8941,47.9565,6.2144
1994-05-14,44009,Washington,18.0863,2.2687,44.7561,4.4721
1994-05-15,44009,Washington,20.8353,5.3253,52.7402,2.1861
1994-05-16,44009,Washington,17.5084,8.2112,71.8288,2.3853
1994-05-17,44009,Washington,13.0336,6.2188,69.514,3.9395
1994-05-18,44009,Washington,15.8065,5.1762,64.8598,2.4795
1994-05-19,44009,Washington,11.0841,5.8909,69.5,3.6743
1994-05-20,44009,Washington,12.4635,4.8533,64.704,3.0952
1994-05-21,44009,Washington,19.041,3.565,58.5089,1.6983
1994-05-22,44009,Washington,21.9227,6.6012,58.7875,1.5374
1994-05-23,44009,Washington,25.5603,9.1206,61.3428,2.0029
1994-05-24,44009,Washington,23.4634,11.2208,64.0815,1.819
1994-05-25,44009,Washington,23.634,10.5477,70.9861,3.4929
1994-05-26,44009,Washington,22.7697,13.4195,72.2694,3.2148
1994-05-27,44009,Washington,17.607,8.3547,60.1083,4.1332
1994-05-28,44009,Washington,17.5769,6.0078,53.7476,4.0858
1994-05-29,44009,Washington,21.1542,8.8332,59.1493,4.3171
1994-05-30,44009,Washington,21.965,9.5412,65.8994,5.2424
1994-05-31,44009,Washington,23.1155,11.7861,65.9894,5.5216
1994-06-01,44009,Washington,24.0059,12.9359,76.2877,4.4704
1994-06-02,44009,Washington,17.6539,9.2007,59.359,4.9914
1994-06-03,44009,Washington,20.4479,7.1947,64.6969,3.5071
1994-06-04,44009,Washington,23.935,8.9037,54.9431,2.0542
1994-06-05,44009,Washington,22.4068,10.2539,66.9743,3.0754
1994-06-06,44009,Washington,22.475,11.9551,83.384,4.4299
1994-06-07,44009,Washington,27.4472,15.479,75.1958,3.9012
1994-06-08,44009,Washington,23.7976,14.8967,61.1837,2.2574
1994-06-09,44009,Washington,23.0746,10.6027,58.5677,3.1329
1994-06-10,44009,Washington,23.9332,11.1461,54.5343,1.7789
1994-06-11,44009,Washington,22.7097,10.5685,67.677,2.5994
1994-06-12,44009,Washington,22.329,14.2866,83.7436,4.001
1994-06-13,44009,Washington,25.2137,16.3859,81.3997,3.8974
1994-06-14,44009,Washington,25.4849,17.1659,83.1925,3.7716
1994-06-15,44009,Washington,28.8353,18.5785,77.188,2.3055
1994-06-16,44009,Washington,25.6568,15.1248,79.0208,2.241
1994-06-17,44009,Washington,26.4462,14.1424,78.3074,3.3457
1994-06-18,44009,Washington,28.4549,18.4954,77.6594,4.067
1994-06-19,44009,Washington,31.8509,20.1405,67.4121,2.9264
1994-06-20,44009,Washington,26.9059,15.3139,65.934,1.8489
1994-06-21,44009,Washington,22.7402,15.2613,84.9091,3.6085
1994-06-22,44009,Washington,26.1109,15.2158,64.4202,3.7493
1994-06-23,44009,Washington,27.8768,13.5215,61.7606,3.5296
1994-06-24,44009,Washington,26.1643,17.9114,78.379,2.3949
1994-06-25,44009,Washington,27.8403,17.872,79.3511,3.7541
1994-06-26,44009,Washington,27.416,16.9897,66.9631,4.6056
1994-06-27,44009,Washington,28.3244,16.2181,78.2467,4.5817
1994-06-28,44009,Washington,25.2307,18.3453,79.2706,4.8215
1994-06-29,44009,Washington,26.5994,17.954,78.204,3.7612
1994-06-30,44009,Washington,24.8179,18.0594,84.8188,4.4136
1994-07-01,44009,Washington,24.8082,18.0331,86.149,3.4214
1994-07-02,44009,Washington,26.9244,17.1333,87.7778,3.6597
1994-07-03,44009,Washington,27.9125,18.8416,78.8425,1.7842
1994-07-04,44009,Washington,25.8312,16.0228,75.068,1.9526
1994-07-05,44009,Washington,25.9216,15.6949,83.2243,3.0906
1994-07-06,44009,Washington,29.6755,19.5051,84.6341,3.7706
1994-07-07,44009,Washington,30.7015,21.8765,77.6605,1.8494
1994-07-08,44009,Washington,30.5753,21.213,80.4279,1.507
1994-07-09,44009,Washington,28.438,20.3555,87.7137,2.2747
1994-07-10,44009,Washington,30.9765,19.6268,67.9193,3.388
1994-07-11,44009,Washington,27.0249,16.051,61.534,2.5019
1994-07-12,44009,Washington,27.5152,15.0584,64.9904,3.2501
1994-07-13,44009,Washington,32.2489,17.9087,66.1736,3.8376
1994-07-14,44009,Washington,29.6321,18.6448,65.2322,3.6075
1994-07-15,44009,Washington,22.8739,18.2267,94.1696,2.271
1994-07-16,44009,Washington,29.6466,17.4561,78.9627,2.2614
1994-07-17,44009,Washington,27.3286,18.6534,80.7232,2.2784
1994-07-18,44009,Washington,26.5392,17.4687,87.4566,1.7907
1994-07-19,44009,Washington,29.3156,19.1889,77.1333,2.9277
1994-07-20,44009,Washington,31.4172,21.4471,71.9763,3.4025
1994-07-21,44009,Washington,32.07,21.4446,75.236,4.5455
1994-07-22,44009,Washington,29.9311,21.2613,82.8178,5.7114
1994-07-23,44009,Washington,27.9712,21.4841,82.8167,5.7123
1994-07-24,44009,Washington,29.484,20.6323,76.7389,3.159
1994-07-25,44009,Washington,30.2742,20.979,75.4771,3.0232
1994-07-26,44009,Washington,28.1453,21.0382,83.693,3.9133
1994-07-27,44009,Washington,29.5923,20.3952,73.9009,2.5304
1994-07-28,44009,Washington,27.7497,20.3444,82.9437,4.7134
1994-07-29,44009,Washington,29.6624,20.3114,73.1361,3.4311
1994-07-30,44009,Washington,27.7374,19.6601,82.3959,3.6844
1994-07-31,44009,Washington,30.0979,19.3504,74.2888,2.4104
1994-08-01,44009,Washington,29.8551,18.8664,68.9949,2.8708
1994-08-02,44009,Washington,31.4205,19.7639,65.8436,3.0749
1994-08-03,44009,Washington,29.5281,19.1716,72.4103,3.1742
1994-08-04,44009,Washington,29.7726,20.2114,72.8046,4.4597
1994-08-05,44009,Washington,26.5071,13.532,90.6265,4.6553
1994-08-06,44009,Washington,21.785,11.4602,65.09,3.5241
1994-08-07,44009,Washington,23.2809,11.0861,58.3603,1.2355
1994-08-08,44009,Washington,24.941,12.7128,61.7004,1.3002
1994-08-09,44009,Washington,25.9068,13.3739,68.4977,2.7695
1994-08-10,44009,Washington,28.1626,16.593,62.0623,2.9547
1994-08-11,44009,Washington,22.3864,14.8846,63.3407,2.5186
1994-08-12,44009,Washington,22.8403,15.6122,83.4885,1.8065
1994-08-13,44009,Washington,28.9926,18.2043,82.2482,5.0399
1994-08-14,44009,Washington,26.8281,18.9241,86.7514,5.9875
1994-08-15,44009,Washington,22.7113,13.8034,64.32,4.0797
1994-08-16,44009,Washington,24.2056,12.9329,63.8311,2.5138
1994-08-17,44009,Washington,24.6345,14.9634,83.9826,2.4331
1994-08-18,44009,Washington,24.5437,18.3289,90.76,4.1953
1994-08-19,44009,Washington,23.4855,17.9335,89.8917,1.7812
1994-08-20,44009,Washington,25.8097,16.998,81.4639,2.8916
1994-08-21,44009,Washington,24.1695,16.3899,95.7549,4.1049
1994-08-22,44009,Washington,22.0185,12.837,93.276,4.4565
1994-08-23,44009,Washington,20.771,12.6726,70.8168,3.5348
1994-08-24,44009,Washington,21.2557,12.989,65.1818,1.4632
1994-08-25,44009,Washington,22.8349,11.2215,79.3675,3.4979
1994-08-26,44009,Washington,24.9362,15.0818,82.3902,3.3002
1994-08-27,44009,Washington,27.8946,15.8541,79.1624,2.9393
1994-08-28,44009,Washington,26.7485,18.7221,77.3192,4.1264
1994-08-29,44009,Washington,24.456,12.8864,77.5485,3.7656
1994-08-30,44009,Washington,22.6596,11.001,62.3911,3.4257
1994-08-31,44009,Washington,22.5636,11.4518,79.4464,2.7522
1994-09-01,44009,Washington,26.1366,15.5312,71.1303,2.5187
1994-09-02,44009,Washington,20.0871,10.7932,57.2081,2.4055
1994-09-03,44009,Washington,20.4863,10.8163,59.2144,2.0846
1994-09-04,44009,Washington,20.3698,9.5319,64.835,4.6392
1994-09-05,44009,Washington,16.3077,9.2353,75.8555,5.4734
1994-09-06,44009,Washington,20.569,10.115,64.0373,4.7053
1994-09-07,44009,Washington,22.8978,10.1373,67.4059,3.8153
1994-09-08,44009,Washington,24.0555,10.8517,66.4174,4.2562
1994-09-09,44009,Washington,24.6732,12.0196,72.3209,3.9246
1994-09-10,44009,Washington,20.282,9.2105,68.0756,3.5115
1994-09-11,44009,Washington,19.3839,8.7997,66.3645,4.0761
1994-09-12,44009,Washington,21.573,10.6731,66.1469,3.9915
1994-09-13,44009,Washington,26.3505,12.8546,71.2126,4.0608
1994-09-14,44009,Washington,24.8866,16.1303,75.308,2.8308
1994-09-15,44009,Washington,22.4497,13.4667,67.288,0.8109
1994-09-16,44009,Washington,20.2863,11.2223,88.2346,3.0335
1994-09-17,44009,Washington,26.8316,16.0317,79.8493,5.2382
1994-09-18,44009,Washington,21.2621,11.0414,73.0557,3.836
1994-09-19,44009,Washington,20.985,7.8965,60.7386,3.1197
1994-09-20,44009,Washington,21.7611,8.3627,64.0298,2.5466
1994-09-21,44009,Washington,24.2409,10.5827,67.2443,1.791
1994-09-22,44009,Washington,20.9445,12.5954,76.8443,5.8242
1994-09-23,44009,Washington,20.0939,13.216,89.766,4.3395
1994-09-24,44009,Washington,22.4004,14.1444,83.5092,1.3477
1994-09-25,44009,Washington,22.2963,15.2277,81.7225,1.2205
1994-09-26,44009,Washington,20.4188,14.3501,86.6094,2.7444
1994-09-27,44009,Washington,20.5479,13.9587,87.6708,3.623
1994-09-28,44009,Washington,22.7491,14.1575,76.5504,2.4269
1994-09-29,44009,Washington,19.0646,10.9405,71.4233,5.6708
1994-09-30,44009,Washington,16.3296,2.7984,65.8309,6.1868
1994-10-01,44009,Washington,15.6366,4.1353,75.2481,2.6507
1994-10-02,44009,Washington,17.5052,6.4093,60.0554,3.7816
1994-10-03,44009,Washington,14.4068,3.3237,55.5295,4.4182
1994-10-04,44009,Washington,15.6221,4.5645,62.6283,2.9996
1994-10-05,44009,Washington,14.774,5.9499,60.2459,3.1431
1994-10-06,44009,Washington,14.3305,4.6423,57.3198,2.611
1994-10-07,44009,Washington,19.186,5.9865,58.2787,2.0779
1994-10-08,44009,Washington,21.1079,7.199,67.8098,3.6719
1994-10-09,44009,Washington,22.1165,8.4324,80.6857,4.0381
1994-10-10,44009,Washington,18.1286,4.9678,61.2217,4.4738
1994-10-11,44009,Washington,12.5332,1.0978,50.6086,3.8934
1994-10-12,44009,Washington,14.7534,-0.3924,53.4778,1.9231
1994-10-13,44009,Washington,17.8826,4.0683,54.8379,1.7292
1994-10-14,44009,Washington,20.197,5.3406,56.3084,2.8979
1994-10-15,44009,Washington,15.4964,2.6112,56.3026,3.9776
1994-10-16,44009,Washington,16.0398,0.2349,45.1683,3.6112
1994-10-17,44009,Washington,16.021,0.8276,52.1439,3.405
1994-10-18,44009,Washington,16.9724,2.7884,63.5818,1.7305
1994-10-19,44009,Washington,17.5028,7.6207,75.8099,1.5081
1994-10-20,44009,Washington,20.6443,10.4841,79.5425,1.9052
1994-10-21,44009,Washington,19.7611,11.1862,73.9074,3.1509
1994-10-22,44009,Washington,18.6803,9.1165,70.731,3.2832
1994-10-23,44009,Washington,19.3238,7.4539,77.4827,2.0063
1994-10-24,44009,Washington,20.1053,6.761,62.4994,2.3893
1994-10-25,44009,Washington,19.2576,5.6769,66.4047,2.8089
1994-10-26,44009,Washington,15.8261,4.1763,53.1749,2.2385
1994-10-27,44009,Washington,13.738,4.9752,51.2307,2.5146
1994-10-28,44009,Washington,14.2565,4.3471,55.5331,3.6196
1994-10-29,44009,Washington,17.6172,4.7516,66.1128,5.4858
1994-10-30,44009,Washington,20.1751,7.0358,62.8697,3.6888
1994-10-31,44009,Washington,21.2362,7.7947,68.4938,2.5414
1994-11-01,44009,Washington,21.1585,12.9555,71.232,4.8587
1994-11-02,44009,Washington,16.4771,4.2448,53.9546,8.2628
1994-11-03,44009,Washington,15.6301,2.6527,48.0814,3.9809
1994-11-04,44009,Washington,19.8834,7.1271,56.993,3.8182
1994-11-05,44009,Washington,20.5349,9.2817,58.6916,3.652
1994-11-06,44009,Washington,20.1439,9.0601,67.2867,5.3728
1994-11-07,44009,Washington,15.8138,3.9228,38.2485,7.1309
1994-11-08,44009,Washington,14.9262,3.8018,53.6895,5.2744
1994-11-09,44009,Washington,17.437,8.1113,54.5482,3.1951
1994-11-10,44009,Washington,11.9429,0.8306,50.1616,5.5714
1994-11-11,44009,Washington,7.612,-0.7701,46.0428,5.2353
1994-11-12,44009,Washington,9.9639,-1.4217,54.8633,3.2798
1994-11-13,44009,Washington,13.7823,3.7672,46.7274,3.1295
1994-11-14,44009,Washington,14.406,3.3408,57.8602,3.2269
1994-11-15,44009,Washington,18.2491,8.0462,56.8001,4.4464
1994-11-16,44009,Washington,13.1638,4.2714,45.0899,3.6431
1994-11-17,44009,Washington,14.2052,3.4774,57.982,5.041
1994-11-18,44009,Washington,16.2236,5.2962,74.9666,4.0867
1994-11-19,44009,Washington,16.3879,5.0688,58.6199,4.1359
1994-11-20,44009,Washington,10.8368,1.383,47.6209,2.525
1994-11-21,44009,Washington,15.1802,2.863,69.2396,5.959
1994-11-22,44009,Washington,15.4709,2.3335,54.7358,6.7344
1994-11-23,44009,Washington,6.5424,-5.1448,43.9414,7.9318
1994-11-24,44009,Washington,1.2925,-6.6735,43.9625,6.3699
1994-11-25,44009,Washington,9.476,-1.4844,54.9802,5.3437
1994-11-26,44009,Washington,7.2075,-2.067,46.555,4.6124
1994-11-27,44009,Washington,5.3643,-3.8491,52.6052,4.4526
1994-11-28,44009,Washington,15.2516,2.7846,83.7083,7.5068
1994-11-29,44009,Washington,13.0348,3.277,47.2972,5.4902
1994-11-30,44009,Washington,10.4587,-0.1086,47.9365,3.7034
1994-12-01,44009,Washington,5.5026,-1.8347,52.0066,3.4216
1994-12-02,44009,Washington,9.4875,-1.4233,62.5419,6.0688
1994-12-03,44009,Washington,12.8494,-0.0295,57.1508,2.8041
1994-12-04,44009,Washington,14.5835,2.912,57.6321,2.3673
1994-12-05,44009,Washington,14.3076,2.9724,81.7723,4.7503
1994-12-06,44009,Washington,14.6189,6.6836,66.9613,3.77
1994-12-07,44009,Washington,12.5259,1.2653,79.5289,3.187
1994-12-08,44009,Washington,4.0931,-6.0533,47.0416,6.3662
1994-12-09,44009,Washington,6.0105,-4.9063,64.8955,2.7026
1994-12-10,44009,Washington,6.8124,1.1199,71.477,5.2208
1994-12-11,44009,Washington,12.0933,-2.7444,65.0649,6.4736
1994-12-12,44009,Washington,0.8521,-6.8028,35.8042,4.329
1994-12-13,44009,Washington,3.0212,-6.3858,66.6544,4.4411
1994-12-14,44009,Washington,4.684,-1.8317,69.068,5.6878
1994-12-15,44009,Washington,4.7939,-1.7439,68.6108,5.6204
1994-12-16,44009,Washington,4.7278,-2.4142,66.448,4.3316
1994-12-17,44009,Washington,7.9019,-1.8227,80.74,4.0115
1994-12-18,44009,Washington,8.9516,0.6836,73.7596,3.3518
1994-12-19,44009,Washington,4.5265,-3.0,56.6696,4.9953
1994-12-20,44009,Washington,4.1029,-3.8774,51.7273,3.1507
1994-12-21,44009,Washington,9.1995,-1.0818,60.5331,4.2183
1994-12-22,44009,Washington,11.6695,-0.5123,54.7224,2.2321
1994-12-23,44009,Washington,11.212,0.6813,63.7094,7.4183
1994-12-24,44009,Washington,9.4094,2.539,77.8148,8.4215
1994-12-25,44009,Washington,9.5043,0.2309,65.9989,5.103
1994-12-26,44009,Washington,6.442,-1.8096,51.7087,2.6791
1994-12-27,44009,Washington,6.8322,-2.1028,60.4428,1.9852
1994-12-28,44009,Washington,8.8302,-0.344,70.0474,4.6457
1994-12-29,44009,Washington,5.5664,-9.3246,36.7551,7.9236
1994-12-30,44009,Washington,-2.8173,-12.2862,36.1047,5.9846
1994-12-31,44009,Washington,3.1026,-7.5227,46.9881,1.4613
1995-01-01,44009,Washington,8.2916,-0.3114,78.5366,3.4316
1995-01-02,44009,Washington,6.9732,-3.509,63.8088,5.5176
1995-01-03,44009,Washington,2.1614,-4.5363,47.2436,5.8293
1995-01-04,44009,Washington,2.244,-7.0102,48.8069,5.989
1995-01-05,44009,Washington,-3.3403,-10.2825,43.647,7.1852
1995-01-06,44009,Washington,4.7448,-6.8918,61.1705,6.6334
1995-01-07,44009,Washington,11.0377,-1.3191,72.9008,6.0441
1995-01-08,44009,Washington,1.912,-3.6616,53.8361,4.0311
1995-01-09,44009,Washington,2.7251,-4.328,48.1368,4.1254
1995-01-10,44009,Washington,-0.9559,-6.2486,45.4946,3.047
1995-01-11,44009,Washington,3.0763,-6.0558,62.2995,4.8566
1995-01-12,44009,Washington,7.8496,-0.1715,71.9137,3.3803
1995-01-13,44009,Washington,12.3963,2.8384,62.9864,3.7492
1995-01-14,44009,Washington,15.0911,3.7267,75.9108,3.4256
1995-01-15,44009,Washington,16.3193,7.3625,75.2672,4.9451
1995-01-16,44009,Washington,15.1897,9.2608,76.5687,3.4302
1995-01-17,44009,Washington,14.9006,4.7394,74.9258,3.1199
1995-01-18,44009,Washington,7.65,1.1994,65.0371,5.7859
1995-01-19,44009,Washington,9.5999,1.2949,68.7116,3.7892
1995-01-20,44009,Washington,10.4728,2.3297,76.1231,4.8929
1995-01-21,44009,Washington,7.9347,2.4245,71.3341,4.276
1995-01-22,44009,Washington,5.7722,0.3308,65.2984,5.3428
1995-01-23,44009,Washington,3.7838,-1.7308,60.098,4.6312
1995-01-24,44009,Washington,2.2081,-2.7632,57.7431,4.357
1995-01-25,44009,Washington,3.5251,-3.2808,51.8246,5.1145
1995-01-26,44009,Washington,1.4778,-4.9112,45.9988,5.5065
1995-01-27,44009,Washington,0.1515,-6.5192,41.3105,6.1773
1995-01-28,44009,Washington,-2.5614,-10.0086,41.3119,4.908
1995-01-29,44009,Washington,0.409,-9.7339,42.6459,3.1046
1995-01-30,44009,Washington,3.6333,-5.3855,46.9451,2.7303
1995-01-31,44009,Washington,3.8147,-4.5182,53.3849,4.876
1995-02-01,44009,Washington,7.4345,-1.5813,52.9294,5.0875
1995-02-02,44009,Washington,5.492,-5.6471,47.0213,4.7494
1995-02-03,44009,Washington,-1.6988,-8.2212,45.2584,2.9409
1995-02-04,44009,Washington,5.939,-6.2595,71.6617,6.6445
1995-02-05,44009,Washington,1.3861,-14.9245,43.1864,10.0154
1995-02-06,44009,Washington,-8.0152,-16.8821,39.995,8.6721
1995-02-07,44009,Washington,-2.8859,-14.9115,40.3828,5.7116
1995-02-08,44009,Washington,-2.0941,-10.8448,42.3335,5.2407
1995-02-09,44009,Washington,0.0698,-12.13,47.826,7.2571
1995-02-10,44009,Washington,3.3083,-7.0139,53.0432,4.6213
1995-02-11,44009,Washington,6.3284,-1.9519,52.467,5.4557
1995-02-12,44009,Washington,1.6658,-11.9893,25.3318,7.6165
1995-02-13,44009,Washington,-2.0132,-10.3996,36.9122,5.4945
1995-02-14,44009,Washington,-0.5927,-8.5452,42.4854,4.5045
1995-02-15,44009,Washington,6.2867,-9.0896,56.0327,4.178
1995-02-16,44009,Washington,8.2259,-0.622,57.0799,4.5197
1995-02-17,44009,Washington,6.2293,-3.0837,43.9127,2.254
1995-02-18,44009,Washington,8.2566,-2.4883,43.1562,1.7834
1995-02-19,44009,Washington,10.0859,-1.5563,52.8707,2.1842
1995-02-20,44009,Washington,9.2626,-1.129,53.2807,3.3998
1995-02-21,44009,Washington,6.1794,-2.2373,60.0957,3.1067
1995-02-22,44009,Washington,3.0492,-3.7398,55.5185,3.1602
1995-02-23,44009,Washington,8.2143,-3.4001,60.6114,3.7767
1995-02-24,44009,Washington,8.6169,-3.6143,58.5743,6.01
1995-02-25,44009,Washington,2.4048,-7.3058,31.6107,6.7052
1995-02-26,44009,Washington,2.1706,-6.3945,27.1089,3.5255
1995-02-27,44009,Washington,4.2304,-6.3242,60.4195,4.3353
1995-02-28,44009,Washington,7.1296,0.5642,66.5954,2.5351
1995-03-01,44009,Washington,5.3985,-2.513,71.8836,3.5763
1995-03-02,44009,Washington,3.6458,-2.9108,50.1676,4.197
1995-03-03,44009,Washington,2.5262,-2.95,47.2167,2.4865
1995-03-04,44009,Washington,3.6353,-3.0314,66.1179,2.8888
1995-03-05,44009,Washington,6.4378,-1.7186,70.8765,4.817
1995-03-06,44009,Washington,8.1954,-0.1745,73.2819,2.431
1995-03-07,44009,Washington,11.1878,0.0355,76.8353,3.1631
1995-03-08,44009,Washington,17.0215,5.8289,71.9259,5.6813
1995-03-09,44009,Washington,10.9375,-6.1727,53.8835,6.6731
1995-03-10,44009,Washington,2.2649,-8.3199,38.8658,5.1674
1995-03-11,44009,Washington,3.5233,-4.3671,38.8314,2.1178
1995-03-12,44009,Washington,6.4222,-1.4836,65.415,3.7259
1995-03-13,44009,Washington,15.096,0.4976,61.5235,2.2958
1995-03-14,44009,Washington,9.8411,0.9363,73.9537,2.1576
1995-03-15,44009,Washington,11.4734,2.8591,72.7902,1.4486
1995-03-16,44009,Washington,10.4577,3.1611,73.1634,2.0431
1995-03-17,44009,Washington,11.8912,2.9413,77.2615,2.0064
1995-03-18,44009,Washington,9.5924,2.8801,65.5741,2.9738
1995-03-19,44009,Washington,9.0869,0.1188,59.8627,2.7823
1995-03-20,44009,Washington,8.5647,-0.6785,73.5796,2.8365
1995-03-21,44009,Washington,14.4837,1.8142,79.9979,3.9976
1995-03-22,44009,Washington,11.8671,3.8611,56.7291,3.8573
1995-03-23,44009,Washington,9.6359,1.561,65.2409,3.3969
1995-03-24,44009,Washington,6.6185,0.3779,58.4212,4.1513
1995-03-25,44009,Washington,7.6253,-1.3034,41.4607,5.0675
1995-03-26,44009,Washington,10.3574,-0.7514,46.5579,3.4487
1995-03-27,44009,Washington,8.4059,-0.9895,51.8089,2.8773
1995-03-28,44009,Washington,8.9872,-0.8989,49.5983,2.1056
1995-03-29,44009,Washington,11.3765,-1.1851,48.105,2.4598
1995-03-30,44009,Washington,9.6342,-0.367,75.2718,2.6077
1995-03-31,44009,Washington,12.4457,3.4019,54.5075,3.6935
1995-04-01,44009,Washington,9.3881,1.1378,42.7773,2.5728
1995-04-02,44009,Washington,9.8188,1.3269,36.1033,1.4634
1995-04-03,44009,Washington,10.2758,-1.0701,37.5632,3.2159
1995-04-04,44009,Washington,14.3717,-1.9264,58.4858,6.9107
1995-04-05,44009,Washington,0.6554,-7.5762,27.9548,8.9036
1995-04-06,44009,Washington,5.4976,-6.424,45.0965,4.2377
1995-04-07,44009,Washington,11.7121,0.1236,55.4748,2.2262
1995-04-08,44009,Washington,8.9723,0.8004,58.0771,1.6659
1995-04-09,44009,Washington,15.5464,3.5611,66.6112,2.5945
1995-04-10,44009,Washington,11.5884,-0.2438,40.164,3.4778
1995-04-11,44009,Washington,12.8893,0.6617,43.4643,1.9814
1995-04-12,44009,Washington,13.8079,0.4806,72.9475,4.7759
1995-04-13,44009,Washington,18.3926,8.3239,57.1566,4.7919
1995-04-14,44009,Washington,12.9839,4.8008,50.655,3.806
1995-04-15,44009,Washington,9.9757,2.3713,46.4789,5.019
1995-04-16,44009,Washington,12.0274,1.0149,43.629,4.5805
1995-04-17,44009,Washington,12.1972,0.0244,48.4292,2.196
1995-04-18,44009,Washington,16.1269,3.3571,50.4263,1.9222
1995-04-19,44009,Washington,17.6938,3.8215,68.6395,3.6445
1995-04-20,44009,Washington,19.2987,7.7376,48.821,2.4194
1995-04-21,44009,Washington,15.0345,6.2789,59.2097,2.7238
1995-04-22,44009,Washington,20.5835,5.8689,50.5567,4.5491
1995-04-23,44009,Washington,12.8412,3.4915,45.1956,4.8568
1995-04-24,44009,Washington,14.2524,1.9735,45.2615,1.2101
1995-04-25,44009,Washington,16.5677,3.3445,41.8816,2.7808
1995-04-26,44009,Washington,17.0568,3.5722,47.7226,3.6721
1995-04-27,44009,Washington,18.3858,5.1343,49.1982,2.5952
1995-04-28,44009,Washington,18.9745,5.6881,62.7441,1.3485
1995-04-29,44009,Washington,14.683,6.1491,59.4574,1.8164
1995-04-30,44009,Washington,16.0444,6.3274,57.1991,2.6785
1995-05-01,44009,Washington,13.876,4.7624,61.0705,4.3278
1995-05-02,44009,Washington,15.4774,3.0478,58.1953,3.4262
1995-05-03,44009,Washington,17.853,5.5887,52.917,3.2274
1995-05-04,44009,Washington,21.086,8.0121,46.1333,2.3207
1995-05-05,44009,Washington,16.1615,8.7163,68.8395,1.3222
1995-05-06,44009,Washington,19.0501,4.0941,50.0928,4.6868
1995-05-07,44009,Washington,14.0755,0.7913,39.3951,5.4754
1995-05-08,44009,Washington,14.1934,0.7009,50.6801,4.9372
1995-05-09,44009,Washington,19.1679,4.0099,49.419,1.811
1995-05-10,44009,Washington,13.6418,6.4422,73.5724,3.7735
1995-05-11,44009,Washington,15.2797,7.0935,76.955,3.1907
1995-05-12,44009,Washington,17.0705,7.2991,75.033,1.5246
1995-05-13,44009,Washington,16.2224,8.7666,72.9546,3.3297
1995-05-14,44009,Washington,18.3775,8.1429,58.5261,2.2669
1995-05-15,44009,Washington,14.2528,7.5361,75.3394,2.0588
1995-05-16,44009,Washington,19.2423,5.9802,63.7563,2.5091
1995-05-17,44009,Washington,18.4194,7.1573,75.1799,4.6576
1995-05-18,44009,Washington,21.7439,12.2108,75.792,2.42
1995-05-19,44009,Washington,18.2781,10.0149,72.0651,1.8183
1995-05-20,44009,Washington,21.3147,7.3054,56.7944,2.5212
1995-05-21,44009,Washington,22.8972,8.7222,62.2756,3.6085
1995-05-22,44009,Washington,22.0781,10.0161,50.5983,3.3416
1995-05-23,44009,Washington,21.7909,7.6659,52.2207,3.0133
1995-05-24,44009,Washington,23.1198,9.1609,68.6859,5.7718
1995-05-25,44009,Washington,21.9222,11.6589,68.8814,3.5709
1995-05-26,44009,Washington,16.0143,10.1699,72.0439,3.136
1995-05-27,44009,Washington,20.4818,8.7496,60.0159,1.7661
1995-05-28,44009,Washington,18.7437,7.6137,60.3225,2.2858
1995-05-29,44009,Washington,21.3628,10.4554,78.3113,6.0907
1995-05-30,44009,Washington,22.566,14.1715,66.9577,3.9008
1995-05-31,44009,Washington,25.7366,11.211,58.8059,3.5246
1995-06-01,44009,Washington,26.342,13.3084,60.5807,4.0696
1995-06-02,44009,Washington,23.999,11.7221,80.431,3.7559
1995-06-03,44009,Washington,25.1985,16.0257,77.7762,4.1613
1995-06-04,44009,Washington,24.514,14.3289,68.1025,2.5632
1995-06-05,44009,Washington,24.1125,11.7604,63.0092,3.0858
1995-06-06,44009,Washington,24.7956,11.9922,74.0497,2.726
1995-06-07,44009,Washington,22.4194,15.9821,83.759,4.0063
1995-06-08,44009,Washington,28.5541,16.8022,68.7719,2.0471
1995-06-09,44009,Washington,22.3593,13.9273,64.991,2.2013
1995-06-10,44009,Washington,21.7817,12.7605,62.1416,1.3154
1995-06-11,44009,Washington,21.4519,13.0744,76.4433,2.7917
1995-06-12,44009,Washington,24.0428,15.5046,77.011,2.7476
1995-06-13,44009,Washington,18.1581,13.21,80.1956,3.4846
1995-06-14,44009,Washington,19.3787,13.0211,78.6102,2.5321
1995-06-15,44009,Washington,22.596,12.2053,60.1801,2.5562
1995-06-16,44009,Washington,23.9417,10.4907,64.1112,3.4823
1995-06-17,44009,Washington,26.0476,12.0703,66.4494,4.2353
1995-06-18,44009,Washington,27.3776,13.8929,66.8476,4.7444
1995-06-19,44009,Washington,28.8676,16.4508,69.8194,5.4022
1995-06-20,44009,Washington,31.9489,17.1093,63.0554,3.0712
1995-06-21,44009,Washington,22.4992,13.7598,61.04,3.4404
1995-06-22,44009,Washington,23.9401,13.0678,66.5225,2.88
1995-06-23,44009,Washington,25.0928,12.7122,60.7525,2.0184
1995-06-24,44009,Washington,25.637,13.6115,71.1463,1.1468
1995-06-25,44009,Washington,25.2622,17.1832,77.5948,1.7307
1995-06-26,44009,Washington,25.5675,17.4407,74.7065,2.6025
1995-06-27,44009,Washington,22.4,9.5877,69.6997,5.3135
1995-06-28,44009,Washington,21.4409,8.1097,64.6517,2.3499
1995-06-29,44009,Washington,24.5427,9.0616,65.7674,2.1531
1995-06-30,44009,Washington,24.1651,11.9751,76.0974,3.1009
1995-07-01,44009,Washington,26.4316,15.4894,84.0334,3.3665
1995-07-02,44009,Washington,24.1011,16.236,83.4085,2.7179
1995-07-03,44009,Washington,22.9563,11.9692,71.363,2.3188
1995-07-04,44009,Washington,25.1298,14.812,68.323,1.8538
1995-07-05,44009,Washington,26.1623,14.3536,73.6556,2.5341
1995-07-06,44009,Washington,24.3296,16.5969,78.7938,2.6714
1995-07-07,44009,Washington,26.2386,15.975,82.8055,3.1008
1995-07-08,44009,Washington,26.117,18.0166,79.8833,2.5017
1995-07-09,44009,Washington,23.5433,13.703,70.6496,3.3466
1995-07-10,44009,Washington,24.3169,13.7031,71.0559,2.8002
1995-07-11,44009,Washington,23.6852,16.5392,79.5491,2.0064
1995-07-12,44009,Washington,25.9472,14.964,75.6995,2.0958
1995-07-13,44009,Washington,28.4854,16.5201,77.2069,4.3937
1995-07-14,44009,Washington,33.4668,20.2146,68.1877,4.4858
1995-07-15,44009,Washington,34.7831,22.9414,61.4516,3.9094
1995-07-16,44009,Washington,29.2034,17.8282,58.0728,2.4338
1995-07-17,44009,Washington,23.4015,18.1655,89.5612,2.6071
1995-07-18,44009,Washington,25.4058,19.2907,87.0291,2.1873
1995-07-19,44009,Washington,27.8114,19.9606,65.8157,2.9413
1995-07-20,44009,Washington,28.5148,17.8246,68.4867,3.6842
1995-07-21,44009,Washington,28.6054,20.2943,77.1936,2.8524
1995-07-22,44009,Washington,29.2151,19.9558,71.6248,1.8249
1995-07-23,44009,Washington,29.9648,19.6695,77.1413,2.9789
1995-07-24,44009,Washington,31.1656,21.3793,64.3855,2.9042
1995-07-25,44009,Washington,29.5678,20.8825,79.5881,3.0493
1995-07-26,44009,Washington,30.5459,23.0397,78.0454,4.6152
1995-07-27,44009,Washington,32.7103,23.0813,69.2433,3.411
1995-07-28,44009,Washington,29.9397,22.816,75.7475,3.0054
1995-07-29,44009,Washington,31.1575,22.9816,74.6685,5.0584
1995-07-30,44009,Washington,31.8734,19.6106,55.2865,2.8442
1995-07-31,44009,Washington,30.5443,16.3946,53.7867,2.426
1995-08-01,44009,Washington,32.3989,17.1947,60.3053,4.1983
1995-08-02,44009,Washington,32.5271,19.5591,66.2151,2.7559
1995-08-03,44009,Washington,30.0044,20.2438,76.8749,2.0166
1995-08-04,44009,Washington,29.7821,20.4282,85.6574,3.8733
1995-08-05,44009,Washington,26.3367,19.0692,84.6648,3.3119
1995-08-06,44009,Washington,19.9963,15.3646,94.2099,5.1557
1995-08-07,44009,Washington,23.7368,13.5878,68.898,5.0075
1995-08-08,44009,Washington,24.959,11.7732,65.1177,2.3145
1995-08-09,44009,Washington,26.9236,14.0288,65.4098,2.4035
1995-08-10,44009,Washington,27.9521,15.6686,67.2236,3.302
1995-08-11,44009,Washington,28.7691,17.6197,73.9368,3.6215
1995-08-12,44009,Washington,30.0767,19.0337,76.2545,3.9021
1995-08-13,44009,Washington,28.1994,18.9269,59.5249,2.0117
1995-08-14,44009,Washington,27.0603,18.874,67.3238,1.3194
1995-08-15,44009,Washington,28.1972,18.8633,67.9128,2.1839
1995-08-16,44009,Washington,31.8837,18.2721,72.5749,2.2933
1995-08-17,44009,Washington,31.8913,20.2874,68.7851,2.7813
1995-08-18,44009,Washington,30.2414,15.5162,56.9544,5.7361
1995-08-19,44009,Washington,25.7862,12.2196,54.3838,4.9783
1995-08-20,44009,Washington,27.9531,10.9158,56.1959,2.2794
1995-08-21,44009,Washington,32.0747,14.5021,56.9895,3.5164
1995-08-22,44009,Washington,28.2343,14.1568,54.0236,3.9088
1995-08-23,44009,Washington,25.6943,11.8317,56.5858,2.9281
1995-08-24,44009,Washington,29.5933,14.5297,51.4388,5.3609
1995-08-25,44009,Washington,23.1612,9.5429,50.4173,3.5999
1995-08-26,44009,Washington,24.401,11.1093,64.0689,2.8135
1995-08-27,44009,Washington,23.8293,16.6988,73.7067,2.6311
1995-08-28,44009,Washington,25.6468,11.9606,57.8807,3.6962
1995-08-29,44009,Washington,26.9321,11.4296,59.7327,1.7994
1995-08-30,44009,Washington,25.6946,14.9726,47.2507,2.8122
1995-08-31,44009,Washington,26.3679,12.2374,67.5601,3.5782
1995-09-01,44009,Washington,30.616,17.753,52.8353,3.5612
1995-09-02,44009,Washington,25.2311,14.4547,56.3782,2.1212
1995-09-03,44009,Washington,25.1396,11.8212,48.6611,1.4105
1995-09-04,44009,Washington,26.6207,12.0499,52.4659,1.4608
1995-09-05,44009,Washington,27.5737,13.503,63.1878,3.0556
1995-09-06,44009,Washington,27.8514,13.1817,57.9218,2.4692
1995-09-07,44009,Washington,27.5609,12.6035,72.247,4.6846
1995-09-08,44009,Washington,23.9371,12.2182,72.4264,3.8945
1995-09-09,44009,Washington,24.281,11.2076,72.4043,2.0334
1995-09-10,44009,Washington,23.4051,7.1745,55.3607,3.7797
1995-09-11,44009,Washington,19.256,4.5576,50.9146,2.2777
1995-09-12,44009,Washington,24.3842,8.8111,59.0146,3.5779
1995-09-13,44009,Washington,22.4783,13.6441,94.7974,5.21
1995-09-14,44009,Washington,28.7635,15.409,66.6752,4.8065
1995-09-15,44009,Washington,19.459,10.8481,55.4963,2.5823
1995-09-16,44009,Washington,19.227,8.0849,65.9441,3.3423
1995-09-17,44009,Washington,21.1037,12.9805,94.538,3.8003
1995-09-18,44009,Washington,21.053,14.3652,73.4521,2.329
1995-09-19,44009,Washington,20.0077,10.2468,69.0693,4.0176
1995-09-20,44009,Washington,20.9088,9.0062,74.8574,2.1068
1995-09-21,44009,Washington,19.1596,11.8299,87.6213,1.4811
1995-09-22,44009,Washington,22.1662,12.2432,93.1563,4.3259
1995-09-23,44009,Washington,16.7289,8.004,69.4362,3.822
1995-09-24,44009,Washington,16.3179,6.1549,73.8676,3.7077
1995-09-25,44009,Washington,16.8646,10.4868,84.9684,4.0004
1995-09-26,44009,Washington,17.0307,12.9399,90.6811,2.7673
1995-09-27,44009,Washington,20.6137,12.528,74.6095,3.4117
1995-09-28,44009,Washington,19.7508,8.3452,59.2344,3.3216
1995-09-29,44009,Washington,17.2653,6.6742,67.9068,3.8481
1995-09-30,44009,Washington,19.5629,6.1695,69.7379,3.3746
1995-10-01,44009,Washington,21.7822,4.6313,65.5823,1.7815
1995-10-02,44009,Washington,24.7267,7.9251,64.0162,2.3957
1995-10-03,44009,Washington,23.7774,10.9437,59.2812,2.6583
1995-10-04,44009,Washington,22.4272,11.5524,91.201,3.2485
1995-10-05,44009,Washington,20.0473,13.9617,88.7556,3.8328
1995-10-06,44009,Washington,24.7828,12.3049,84.7519,4.232
1995-10-07,44009,Washington,18.4391,9.4408,84.8671,3.1154
1995-10-08,44009,Washington,21.9129,8.794,67.4702,3.2105
1995-10-09,44009,Washington,17.6037,5.841,64.8004,1.8975
1995-10-10,44009,Washington,18.0641,9.9341,66.3527,1.0454
1995-10-11,44009,Washington,20.7345,9.7417,68.8445,2.06
1995-10-12,44009,Washington,23.83,8.9845,61.1214,3.5047
1995-10-13,44009,Washington,25.0707,10.4665,59.8002,2.8192
1995-10-14,44009,Washington,22.4039,11.1439,88.0373,4.7998
1995-10-15,44009,Washington,20.269,6.2724,69.2688,6.8609
1995-10-16,44009,Washington,14.1871,5.4873,55.7624,7.2839
1995-10-17,44009,Washington,13.1474,4.4531,52.4587,4.1034
1995-10-18,44009,Washington,17.6663,3.6992,69.4038,4.9755
1995-10-19,44009,Washington,20.2265,7.6312,67.788,2.2095
1995-10-20,44009,Washington,21.3277,8.6272,80.0983,5.0294
1995-10-21,44009,Washington,21.4101,11.5997,85.3469,7.2035
1995-10-22,44009,Washington,15.6383,6.8452,69.0092,4.5394
1995-10-23,44009,Washington,19.7529,5.2972,64.5827,2.94
1995-10-24,44009,Washington,20.2984,7.3889,79.7126,4.5356
1995-10-25,44009,Washington,17.4353,7.6964,66.6984,3.1728
1995-10-26,44009,Washington,14.5475,6.665,60.3542,1.3914
1995-10-27,44009,Washington,17.1784,6.2461,77.3227,3.8197
1995-10-28,44009,Washington,20.1448,10.5803,85.9734,5.5184
1995-10-29,44009,Washington,14.3193,3.6743,64.3072,6.6047
1995-10-30,44009,Washington,10.8929,1.9393,56.6177,5.3638
1995-10-31,44009,Washington,10.8134,3.2598,66.6964,1.8991
1995-11-01,44009,Washington,12.2323,6.8366,78.1067,3.0609
1995-11-02,44009,Washington,17.7826,9.0005,84.2017,4.116
1995-11-03,44009,Washington,18.4614,11.0012,78.4003,2.4669
1995-11-04,44009,Washington,14.3172,0.3103,45.7087,6.2183
1995-11-05,44009,Washington,6.3141,-1.1121,53.8658,5.4599
1995-11-06,44009,Washington,8.6284,-1.5022,56.9922,2.4988
1995-11-07,44009,Washington,13.7618,1.5889,80.0445,4.436
1995-11-08,44009,Washington,12.1015,0.8196,57.1445,6.3227
1995-11-09,44009,Washington,3.5381,-4.0199,49.1565,5.3935
1995-11-10,44009,Washington,8.2996,-4.3654,68.9784,3.5518
1995-11-11,44009,Washington,15.928,5.2774,82.668,7.5848
1995-11-12,44009,Washington,14.817,-1.8901,60.6181,7.9064
1995-11-13,44009,Washington,4.5824,-2.9978,60.8937,2.0958
1995-11-14,44009,Washington,8.0226,0.8899,76.4668,7.5731
1995-11-15,44009,Washington,10.3382,2.2823,67.4965,6.7969
1995-11-16,44009,Washington,6.6857,-0.5208,56.3355,4.5064
1995-11-17,44009,Washington,5.3969,-2.094,54.11,3.6787
1995-11-18,44009,Washington,6.3258,-1.8612,69.3335,2.4148
1995-11-19,44009,Washington,9.6905,2.5381,75.7645,2.5381
1995-11-20,44009,Washington,9.368,1.5152,70.9145,2.2871
1995-11-21,44009,Washington,11.469,1.9955,66.2631,2.75
1995-11-22,44009,Washington,6.0214,-0.9311,58.4829,5.0694
1995-11-23,44009,Washington,7.1215,-1.3942,62.1329,5.384
1995-11-24,44009,Washington,5.4248,-2.438,57.9292,2.3081
1995-11-25,44009,Washington,5.04,-3.0483,71.7866,3.6748
1995-11-26,44009,Washington,7.0754,-1.9143,63.3422,3.6202
1995-11-27,44009,Washington,11.7473,1.652,71.2494,3.4027
1995-11-28,44009,Washington,13.7908,0.719,64.8595,5.9912
1995-11-29,44009,Washington,3.4329,-3.8979,72.3243,5.5054
1995-11-30,44009,Washington,1.2349,-6.7381,60.3022,2.9787
1995-12-01,44009,Washington,8.4985,-2.9081,74.0687,6.9311
1995-12-02,44009,Washington,6.0488,-5.0466,49.6795,6.8976
1995-12-03,44009,Washington,9.6468,-5.3211,64.0307,4.6559
1995-12-04,44009,Washington,9.4481,-0.0927,62.4622,4.2959
1995-12-05,44009,Washington,5.9873,-3.3366,59.9893,3.7121
1995-12-06,44009,Washington,10.479,-0.7829,60.4862,5.2098
1995-12-07,44009,Washington,5.0371,-2.9266,39.7989,4.2608
1995-12-08,44009,Washington,0.9493,-4.9395,38.106,4.1947
1995-12-09,44009,Washington,5.9818,-5.0849,70.5891,5.2217
1995-12-10,44009,Washington,4.6377,-8.1333,47.3333,6.0274
1995-12-11,44009,Washington,-3.0601,-9.3038,44.8127,7.588
1995-12-12,44009,Washington,-2.8774,-9.6541,40.5905,5.7956
1995-12-13,44009,Washington,-2.2445,-9.4556,48.0499,3.3952
1995-12-14,44009,Washington,4.5596,-8.6817,73.7401,3.9762
1995-12-15,44009,Washington,4.7754,-2.658,71.8205,2.5513
1995-12-16,44009,Washington,4.3544,-2.6956,75.4709,2.437
1995-12-17,44009,Washington,3.0859,-3.1365,69.2855,4.0434
1995-12-18,44009,Washington,2.3976,-5.0711,52.1627,4.5419
1995-12-19,44009,Washington,-0.0893,-7.2671,68.8752,5.8953
1995-12-20,44009,Washington,1.1729,-8.6235,77.199,6.4954
1995-12-21,44009,Washington,-2.1388,-11.195,74.0534,8.7818
1995-12-22,44009,Washington,1.3167,-6.8013,69.0309,5.7791
1995-12-23,44009,Washington,1.887,-5.5451,68.4553,3.7481
1995-12-24,44009,Washington,0.0297,-4.7032,69.8869,4.1182
1995-12-25,44009,Washington,0.9548,-5.6921,64.9607,4.6803
1995-12-26,44009,Washington,0.988,-5.4653,55.6574,6.7957
1995-12-27,44009,Washington,-0.3546,-7.1144,60.5698,5.4852
1995-12-28,44009,Washington,1.8597,-5.8765,61.5433,3.9442
1995-12-29,44009,Washington,0.5366,-7.9836,74.8474,4.4351
1995-12-30,44009,Washington,2.7605,-5.799,61.6245,4.19
1995-12-31,44009,Washington,2.0374,-3.5352,63.1786,2.4451
1996-01-01,44009,Washington,3.127,-2.2919,63.9731,2.5195
1996-01-02,44009,Washington,2.3645,-3.453,74.6459,3.8946
1996-01-03,44009,Washington,2.0831,-5.957,74.3656,6.3902
1996-01-04,44009,Washington,-2.8069,-11.5415,55.679,4.8691
1996-01-05,44009,Washington,-4.6599,-16.0101,50.8125,6.2783
1996-01-06,44009,Washington,-8.9561,-19.4522,46.6668,5.3181
1996-01-07,44009,Washington,-2.4953,-15.8381,71.7254,7.251
1996-01-08,44009,Washington,-0.4823,-11.787,71.6288,9.2516
1996-01-09,44009,Washington,-2.3943,-14.6117,68.4899,3.2505
1996-01-10,44009,Washington,-1.4796,-7.1111,68.8748,4.4887
1996-01-11,44009,Washington,-3.7979,-11.5093,64.9573,3.3942
1996-01-12,44009,Washington,4.4501,-7.9235,77.4199,4.8224
1996-01-13,44009,Washington,4.0573,-3.1812,65.1091,4.2521
1996-01-14,44009,Washington,3.8896,-3.248,66.4653,4.7681
1996-01-15,44009,Washington,2.8155,-9.7876,55.5581,4.497
1996-01-16,44009,Washington,3.3855,-11.9724,63.8278,3.8167
1996-01-17,44009,Washington,8.2402,-0.4619,70.6408,3.8624
1996-01-18,44009,Washington,10.4473,-1.2114,73.8962,3.0699
1996-01-19,44009,Washington,9.6852,2.878,77.5883,8.323
1996-01-20,44009,Washington,4.9174,-6.5508,33.9104,4.6315
1996-01-21,44009,Washington,2.3059,-5.6301,58.0467,4.433
1996-01-22,44009,Washington,3.3181,-3.0596,60.9426,2.3114
1996-01-23,44009,Washington,5.5126,-3.0294,71.7887,3.7642
1996-01-24,44009,Washington,10.3408,0.0449,81.6522,7.0234
1996-01-25,44009,Washington,7.3024,-6.9646,38.9617,5.4446
1996-01-26,44009,Washington,3.2022,-7.056,56.6117,3.5219
1996-01-27,44009,Washington,8.9142,-0.0753,80.4054,8.7435
1996-01-28,44009,Washington,5.4123,-6.2537,36.2189,6.8663
1996-01-29,44009,Washington,2.5036,-6.8071,53.1817,3.7282
1996-01-30,44009,Washington,4.657,-2.6539,65.1279,3.2888
1996-01-31,44009,Washington,1.4376,-8.7472,54.3569,3.8251
1996-02-01,44009,Washington,-3.5427,-11.9688,51.1456,2.6731
1996-02-02,44009,Washington,0.2067,-6.8019,60.0917,2.109
1996-02-03,44009,Washington,-2.8876,-12.7022,53.7973,6.5133
1996-02-04,44009,Washington,-8.83,-14.4496,51.3902,5.2166
1996-02-05,44009,Washington,-6.2766,-15.8357,42.1186,4.8139
1996-02-06,44009,Washington,-3.9521,-12.4529,39.4291,4.329
1996-02-07,44009,Washington,1.5569,-10.4209,54.4614,4.0101
1996-02-08,44009,Washington,3.9706,-2.4305,71.6652,4.2848
1996-02-09,44009,Washington,6.2819,-1.0725,63.7706,5.0921
1996-02-10,44009,Washington,4.0507,-3.4439,56.98,4.5001
1996-02-11,44009,Washington,7.3791,-1.3112,66.7941,4.4002
1996-02-12,44009,Washington,3.3339,-10.9785,37.3359,5.975
1996-02-13,44009,Washington,-7.7477,-16.1487,49.3839,6.5418
1996-02-14,44009,Washington,2.958,-11.0766,71.1688,2.9836
1996-02-15,44009,Washington,1.2474,-6.1244,61.9774,1.3899
1996-02-16,44009,Washington,0.3274,-6.5383,65.0524,5.725
1996-02-17,44009,Washington,-2.1029,-9.6851,62.1882,6.2148
1996-02-18,44009,Washington,-0.2378,-11.1155,52.0646,4.9898
1996-02-19,44009,Washington,2.6756,-12.4162,57.8391,3.216
1996-02-20,44009,Washington,6.3223,-0.7204,69.9749,5.2014
1996-02-21,44009,Washington,7.5284,1.9242,67.3148,3.3454
1996-02-22,44009,Washington,14.1225,2.5826,62.4549,1.204
1996-02-23,44009,Washington,11.4471,2.9155,64.3414,1.3989
1996-02-24,44009,Washington,11.7198,2.0589,55.1991,5.7945
1996-02-25,44009,Washington,9.0116,-0.4423,39.1708,9.6301
1996-02-26,44009,Washington,8.8299,-2.4524,39.3404,5.7831
1996-02-27,44009,Washington,10.8208,-2.4486,37.1958,2.963
1996-02-28,44009,Washington,13.6732,1.3076,48.1713,5.011
1996-02-29,44009,Washington,5.864,-5.7943,26.0537,6.1086
1996-03-01,44009,Washington,1.6681,-8.2227,43.1351,3.6049
1996-03-02,44009,Washington,3.3268,-4.8219,69.3118,3.653
1996-03-03,44009,Washington,5.3276,-7.9508,57.8286,7.2533
1996-03-04,44009,Washington,-0.7242,-8.9096,50.4627,6.7537
1996-03-05,44009,Washington,5.144,-7.0963,74.5461,3.9392
1996-03-06,44009,Washington,5.1179,-1.772,70.3372,4.4827
1996-03-07,44009,Washington,3.1074,-3.6199,70.1463,5.8197
1996-03-08,44009,Washington,0.5916,-9.1018,65.3656,5.8268
1996-03-09,44009,Washington,-3.2902,-12.2903,51.0673,6.6231
1996-03-10,44009,Washington,0.6346,-11.5123,48.7445,2.8933
1996-03-11,44009,Washington,3.5958,-9.3578,53.5386,1.8799
1996-03-12,44009,Washington,5.1647,-6.2294,55.9404,3.6401
1996-03-13,44009,Washington,8.4872,-4.3993,45.7658,1.9682
1996-03-14,44009,Washington,9.7746,-1.1149,53.1211,2.7861
1996-03-15,44009,Washington,13.1588,0.1649,59.2594,2.7096
1996-03-16,44009,Washington,7.3686,-3.5558,47.9242,4.9926
1996-03-17,44009,Washington,8.7509,-4.1578,39.0354,3.0249
1996-03-18,44009,Washington,11.6226,-2.31,47.4653,2.1177
1996-03-19,44009,Washington,13.1836,0.1189,55.5619,6.2596
1996-03-20,44009,Washington,10.9238,2.2721,61.894,3.8489
1996-03-21,44009,Washington,9.6354,1.081,58.9049,3.3366
1996-03-22,44009,Washington,8.4505,-1.168,52.4667,4.7087
1996-03-23,44009,Washington,4.7882,-3.2488,43.7229,6.3704
1996-03-24,44009,Washington,9.0573,-3.2061,40.25,4.2387
1996-03-25,44009,Washington,13.6136,0.4213,53.6282,4.6994
1996-03-26,44009,Washington,18.0986,1.7828,43.0936,4.9152
1996-03-27,44009,Washington,5.6256,-3.2619,32.4324,4.5304
1996-03-28,44009,Washington,6.584,-3.501,34.457,1.6811
1996-03-29,44009,Washington,7.0447,-1.5081,52.9786,4.2326
1996-03-30,44009,Washington,10.0279,-3.1005,42.9134,2.2876
1996-03-31,44009,Washington,12.1406,0.5802,41.3663,1.8145
1996-04-01,44009,Washington,14.0608,2.0666,59.3079,2.7583
1996-04-02,44009,Washington,10.5836,0.5418,60.6304,5.7187
1996-04-03,44009,Washington,8.8497,-0.4692,46.4796,4.668
1996-04-04,44009,Washington,10.0052,-0.5107,36.1504,3.6132
1996-04-05,44009,Washington,7.9463,2.2029,48.6417,2.5319
1996-04-06,44009,Washington,10.4968,1.8936,56.9105,3.4792
1996-04-07,44009,Washington,6.5311,1.0729,69.2982,6.6963
1996-04-08,44009,Washington,4.8174,0.5612,67.5196,3.4379
1996-04-09,44009,Washington,8.5591,-0.4662,57.0904,3.8174
1996-04-10,44009,Washington,5.8718,0.3866,62.0574,7.8135
1996-04-11,44009,Washington,12.7483,0.8681,49.8385,5.6751
1996-04-12,44009,Washington,17.4012,5.8603,52.5091,3.6427
1996-04-13,44009,Washington,10.8064,3.9034,54.0344,3.5307
1996-04-14,44009,Washington,10.0707,3.2665,63.897,3.9487
1996-04-15,44009,Washington,11.2918,0.8676,56.3029,3.5277
1996-04-16,44009,Washington,11.9815,3.3474,76.788,7.4985
1996-04-17,44009,Washington,9.3536,3.5225,56.6457,7.5082
1996-04-18,44009,Washington,14.5407,2.4914,44.0095,3.9792
1996-04-19,44009,Washington,16.7659,4.8064,55.6715,3.0366
1996-04-20,44009,Washington,18.882,7.9941,65.6936,5.3067
1996-04-21,44009,Washington,23.0943,9.0452,54.1714,4.0992
1996-04-22,44009,Washington,21.6023,9.3812,47.7063,3.1378
1996-04-23,44009,Washington,21.5571,9.3466,64.5701,5.2463
1996-04-24,44009,Washington,13.5732,4.7063,57.4451,5.9185
1996-04-25,44009,Washington,17.0094,4.6942,53.5327,5.2256
1996-04-26,44009,Washington,19.1342,8.0018,68.7591,6.1806
1996-04-27,44009,Washington,17.0582,4.6457,53.3654,4.1234
1996-04-28,44009,Washington,16.1525,0.8668,47.8374,3.6016
1996-04-29,44009,Washington,12.1225,5.3125,72.536,3.3561
1996-04-30,44009,Washington,19.929,8.8532,70.4113,5.0216
1996-05-01,44009,Washington,17.5243,6.1022,55.2143,4.0187
1996-05-02,44009,Washington,18.757,3.9357,55.6227,3.7521
1996-05-03,44009,Washington,15.1536,6.8378,67.8593,2.4482
1996-05-04,44009,Washington,19.3616,7.6934,65.9115,1.9746
1996-05-05,44009,Washington,19.2972,9.0512,56.0647,1.9564
1996-05-06,44009,Washington,13.1585,2.481,68.4457,3.7012
1996-05-07,44009,Washington,16.6363,0.7897,48.9979,2.7373
1996-05-08,44009,Washington,17.3428,5.9528,57.2358,1.5993
1996-05-09,44009,Washington,15.6818,6.8225,63.0379,2.6868
1996-05-10,44009,Washington,17.3846,7.5096,72.7212,3.8918
1996-05-11,44009,Washington,23.76,11.0136,65.7136,4.6962
1996-05-12,44009,Washington,15.6975,5.5045,62.5655,7.0125
1996-05-13,44009,Washington,14.588,3.1512,47.1408,4.147
1996-05-14,44009,Washington,15.3633,2.3037,46.6953,2.8278
1996-05-15,44009,Washington,18.8164,3.4333,48.0965,3.4497
1996-05-16,44009,Washington,13.0894,3.586,74.7316,3.5105
1996-05-17,44009,Washington,21.3628,9.1672,61.0555,1.5396
1996-05-18,44009,Washington,18.1021,9.7554,65.1349,2.0489
1996-05-19,44009,Washington,25.4635,9.5575,65.3418,2.3699
1996-05-20,44009,Washington,30.5818,12.9177,60.0532,3.9341
1996-05-21,44009,Washington,29.6518,17.2104,59.0626,3.8903
1996-05-22,44009,Washington,24.7847,12.6688,50.1298,3.45
1996-05-23,44009,Washington,23.7232,9.8793,51.4064,3.0579
1996-05-24,44009,Washington,20.1397,8.7309,58.5067,3.2179
1996-05-25,44009,Washington,18.2785,4.6761,44.8122,2.9614
1996-05-26,44009,Washington,18.8326,4.8738,51.2289,2.4087
1996-05-27,44009,Washington,19.6063,9.1034,54.0526,1.5631
1996-05-28,44009,Washington,17.325,8.3116,61.5566,2.2993
1996-05-29,44009,Washington,16.4024,7.6575,64.1364,1.9229
1996-05-30,44009,Washington,15.5086,5.3116,60.0492,2.6247
1996-05-31,44009,Washington,21.968,7.5102,52.4655,3.4441
1996-06-01,44009,Washington,23.1447,9.6318,55.9555,2.9713
1996-06-02,44009,Washington,21.4125,8.8427,59.4833,2.5822
1996-06-03,44009,Washington,18.6943,9.6551,85.9072,3.6381
1996-06-04,44009,Washington,21.8164,14.707,73.8972,4.4271
1996-06-05,44009,Washington,23.1499,14.1906,74.6436,3.8847
1996-06-06,44009,Washington,23.7113,12.4235,63.379,2.5166
1996-06-07,44009,Washington,23.9316,12.0258,72.7939,3.5107
1996-06-08,44009,Washington,26.4103,14.7481,78.1496,3.6111
1996-06-09,44009,Washington,25.901,16.2421,76.7769,2.755
1996-06-10,44009,Washington,23.7081,16.7454,80.3558,2.3625
1996-06-11,44009,Washington,26.0793,17.4982,77.6782,3.8736
1996-06-12,44009,Washington,25.7987,17.684,76.0845,4.0319
1996-06-13,44009,Washington,25.2945,16.8459,78.8278,3.2337
1996-06-14,44009,Washington,26.4259,17.9955,72.9931,3.4344
1996-06-15,44009,Washington,27.9697,18.4715,65.4449,2.5831
1996-06-16,44009,Washington,24.167,14.2495,68.4443,2.6023
1996-06-17,44009,Washington,27.3434,13.8585,77.1488,2.29
1996-06-18,44009,Washington,24.6954,15.8753,77.1269,2.6392
1996-06-19,44009,Washington,20.245,14.3214,75.6979,2.7929
1996-06-20,44009,Washington,23.9833,14.8578,76.8545,2.2767
1996-06-21,44009,Washington,25.8528,14.6943,76.8401,1.6172
1996-06-22,44009,Washington,22.6499,15.7548,74.7475,3.3524
1996-06-23,44009,Washington,25.695,15.4554,64.6352,3.1925
1996-06-24,44009,Washington,21.4778,13.1549,79.055,2.5617
1996-06-25,44009,Washington,26.9627,14.1856,67.7074,3.2391
1996-06-26,44009,Washington,21.6473,11.7709,55.7762,3.8282
1996-06-27,44009,Washington,24.1347,10.6072,64.3336,2.5697
1996-06-28,44009,Washington,22.7527,13.5498,67.0888,2.5219
1996-06-29,44009,Washington,23.1024,11.9709,65.9196,1.638
1996-06-30,44009,Washington,19.2958,15.6633,80.7458,3.2867
1996-07-01,44009,Washington,25.2683,16.1645,78.6985,3.9267
1996-07-02,44009,Washington,26.8513,16.6374,74.4371,2.6632
1996-07-03,44009,Washington,23.335,16.7492,83.3328,1.9636
1996-07-04,44009,Washington,23.2103,16.7618,75.9681,4.4416
1996-07-05,44009,Washington,25.3038,15.7666,65.285,4.3624
1996-07-06,44009,Washington,27.0869,14.6208,69.2496,3.9922
1996-07-07,44009,Washington,24.4954,16.7615,73.6194,2.2305
1996-07-08,44009,Washington,27.6449,15.8908,83.2206,3.503
1996-07-09,44009,Washington,27.9848,19.4289,78.1904,2.6362
1996-07-10,44009,Washington,24.4551,14.4757,65.9478,4.0749
1996-07-11,44009,Washington,24.6937,12.4269,62.767,3.4313
1996-07-12,44009,Washington,25.6051,14.3691,72.817,2.2954
1996-07-13,44009,Washington,23.2857,18.2533,87.1294,6.3438
1996-07-14,44009,Washington,27.0678,18.7556,77.2268,3.5296
1996-07-15,44009,Washington,25.125,19.1561,82.5647,5.2264
1996-07-16,44009,Washington,27.6829,19.498,72.994,4.4311
1996-07-17,44009,Washington,28.6518,18.5289,68.1194,3.422
1996-07-18,44009,Washington,28.3742,17.8225,70.6937,2.8171
1996-07-19,44009,Washington,25.6785,19.4308,80.5566,4.7891
1996-07-20,44009,Washington,22.0112,14.907,60.6996,6.6056
1996-07-21,44009,Washington,24.2957,13.8016,58.5187,4.0458
1996-07-22,44009,Washington,25.5946,14.9249,63.871,1.8324
1996-07-23,44009,Washington,20.2539,14.228,81.8082,1.8569
1996-07-24,44009,Washington,26.2706,13.1548,74.4921,1.7206
1996-07-25,44009,Washington,24.4342,15.2639,81.5771,2.4226
1996-07-26,44009,Washington,23.4649,16.7116,81.6239,1.6935
1996-07-27,44009,Washington,26.4934,17.33,65.5621,3.2878
1996-07-28,44009,Washington,25.914,15.3065,66.9812,1.7919
1996-07-29,44009,Washington,25.2097,17.0115,70.0306,2.1055
1996-07-30,44009,Washington,20.7367,15.54,80.8514,3.0397
1996-07-31,44009,Washington,19.652,15.1424,87.5891,3.071
1996-08-01,44009,Washington,23.432,15.7648,87.8735,1.9123
1996-08-02,44009,Washington,25.4445,17.1747,77.6628,1.5028
1996-08-03,44009,Washington,24.6092,16.344,78.5046,1.8552
1996-08-04,44009,Washington,25.428,16.5412,75.9615,1.6553
1996-08-05,44009,Washington,26.7873,16.0827,79.5713,2.3218
1996-08-06,44009,Washington,28.0742,16.9239,75.9881,2.073
1996-08-07,44009,Washington,26.697,16.3315,76.4678,2.5829
1996-08-08,44009,Washington,25.7328,15.1434,77.1315,3.0366
1996-08-09,44009,Washington,25.6905,15.6527,86.8122,3.4933
1996-08-10,44009,Washington,26.6897,19.6421,70.5769,2.0859
1996-08-11,44009,Washington,24.0444,16.0824,64.1583,2.1269
1996-08-12,44009,Washington,23.5225,15.1741,66.6418,1.9732
1996-08-13,44009,Washington,18.6224,14.8948,91.9639,3.4389
1996-08-14,44009,Washington,24.7935,14.2719,77.6598,1.8164
1996-08-15,44009,Washington,24.6603,16.0403,75.9399,1.6749
1996-08-16,44009,Washington,24.6402,14.9533,76.0468,1.8821
1996-08-17,44009,Washington,26.0235,16.6032,78.5993,2.5137
1996-08-18,44009,Washington,27.1971,18.8653,69.2853,2.1233
1996-08-19,44009,Washington,26.4821,15.7168,65.591,1.9279
1996-08-20,44009,Washington,25.1925,14.4144,70.3582,3.3455
1996-08-21,44009,Washington,26.8417,16.8423,76.7956,4.6204
1996-08-22,44009,Washington,27.4553,18.5848,74.2568,1.999
1996-08-23,44009,Washington,29.1802,17.3086,75.7977,3.7782
1996-08-24,44009,Washington,25.6154,19.4305,77.8883,1.4402
1996-08-25,44009,Washington,25.9605,16.7457,70.3574,2.719
1996-08-26,44009,Washington,28.3934,17.0513,68.0303,2.9772
1996-08-27,44009,Washington,27.1616,16.8176,72.3638,2.1974
1996-08-28,44009,Washington,20.8742,16.738,87.0357,2.9177
1996-08-29,44009,Washington,26.3232,15.3368,71.1199,2.7531
1996-08-30,44009,Washington,24.9094,14.76,63.1227,1.8409
1996-08-31,44009,Washington,26.8418,12.9027,64.7838,2.4865
1996-09-01,44009,Washington,28.9306,13.5433,59.1309,4.5264
1996-09-02,44009,Washington,22.8137,16.3954,75.256,6.735
1996-09-03,44009,Washington,29.158,16.5915,60.042,2.1188
1996-09-04,44009,Washington,27.5634,16.4768,71.6735,1.8702
1996-09-05,44009,Washington,27.8931,17.3562,69.079,2.1846
1996-09-06,44009,Washington,26.7351,16.3595,76.7743,2.0784
1996-09-07,44009,Washington,22.2034,16.2516,88.3364,3.5228
1996-09-08,44009,Washington,23.7806,12.222,87.0707,2.7319
1996-09-09,44009,Washington,27.0352,16.56,80.8607,2.6224
1996-09-10,44009,Washington,26.6484,17.6454,82.2027,2.5643
1996-09-11,44009,Washington,24.167,15.0159,77.3405,1.8626
1996-09-12,44009,Washington,19.0982,13.2391,92.0664,3.8855
1996-09-13,44009,Washington,20.2979,12.413,92.488,3.1165
1996-09-14,44009,Washington,23.6301,13.7405,78.7876,2.7744
1996-09-15,44009,Washington,21.3274,11.5326,73.022,3.2452
1996-09-16,44009,Washington,20.0809,13.9779,81.0246,2.1578
1996-09-17,44009,Washington,17.2838,11.6783,95.6586,6.6804
1996-09-18,44009,Washington,14.9346,11.1788,91.6624,5.1938
1996-09-19,44009,Washington,20.692,11.1596,67.8901,2.919
1996-09-20,44009,Washington,21.4958,10.2081,69.2608,2.9533
1996-09-21,44009,Washington,22.1904,10.7825,72.4369,3.4551
1996-09-22,44009,Washington,20.4871,12.2142,86.3429,1.7873
1996-09-23,44009,Washington,15.5254,9.9819,83.0848,2.8703
1996-09-24,44009,Washington,16.3586,10.1665,76.8556,1.6609
1996-09-25,44009,Washington,18.831,10.9554,75.4626,3.3146
1996-09-26,44009,Washington,16.6258,7.3043,67.4647,1.7342
1996-09-27,44009,Washington,15.8094,9.7505,80.8102,3.2266
1996-09-28,44009,Washington,20.7287,12.2744,90.4347,6.2329
1996-09-29,44009,Washington,18.8087,11.5236,87.4504,3.7731
1996-09-30,44009,Washington,20.4751,9.3382,60.2766,2.5394
1996-10-01,44009,Washington,20.4974,8.6451,57.4338,1.8324
1996-10-02,44009,Washington,20.1202,9.1711,79.0189,3.4245
1996-10-03,44009,Washington,18.4552,2.7104,67.8038,5.0152
1996-10-04,44009,Washington,10.7291,-0.318,53.6567,4.3984
1996-10-05,44009,Washington,11.6372,1.4415,60.3248,2.8717
1996-10-06,44009,Washington,15.7092,2.8117,62.0248,2.4133
1996-10-07,44009,Washington,16.6907,6.0605,68.1224,1.3161
1996-10-08,44009,Washington,15.7258,6.8626,84.2553,5.0137
1996-10-09,44009,Washington,18.1855,7.9463,70.0117,3.8558
1996-10-10,44009,Washington,19.2122,8.7625,70.5287,3.3859
1996-10-11,44009,Washington,13.1317,2.7254,58.2496,3.4529
1996-10-12,44009,Washington,13.7902,0.8683,57.0829,2.6038
1996-10-13,44009,Washington,15.9438,3.9689,75.4286,3.3918
1996-10-14,44009,Washington,21.7316,5.7358,58.9765,5.2985
1996-10-15,44009,Washington,11.3361,-0.3447,50.2751,4.3002
1996-10-16,44009,Washington,18.7525,3.1465,71.0895,4.0751
1996-10-17,44009,Washington,22.108,8.6143,59.9464,2.218
1996-10-18,44009,Washington,13.626,6.2245,69.8213,5.4269
1996-10-19,44009,Washington,14.4962,7.0349,83.6812,9.6677
1996-10-20,44009,Washington,15.6394,8.7159,82.7577,3.7781
1996-10-21,44009,Washington,16.4725,8.4176,72.874,1.7011
1996-10-22,44009,Washington,15.079,6.7954,74.2658,2.8547
1996-10-23,44009,Washington,17.7356,5.9328,79.8409,2.5656
1996-10-24,44009,Washington,18.3112,8.6668,67.2409,4.3555
1996-10-25,44009,Washington,16.8882,6.5456,59.3359,3.8141
1996-10-26,44009,Washington,16.1835,4.3676,56.4958,2.0915
1996-10-27,44009,Washington,17.7091,5.5221,65.2698,2.1431
1996-10-28,44009,Washington,17.7638,6.0736,75.3222,5.2384
1996-10-29,44009,Washington,11.1183,2.6513,55.4816,4.7007
1996-10-30,44009,Washington,14.7059,2.5462,77.7475,4.4811
1996-10-31,44009,Washington,13.5204,4.0162,60.9842,5.5725
1996-11-01,44009,Washington,9.7327,1.5271,57.2699,4.1395
1996-11-02,44009,Washington,9.2184,-0.2513,53.6574,3.6543
1996-11-03,44009,Washington,6.8008,-2.2607,50.1009,5.6903
1996-11-04,44009,Washington,9.7288,0.2791,55.4038,4.539
1996-11-05,44009,Washington,14.1747,2.5446,60.4909,2.879
1996-11-06,44009,Washington,13.4954,5.8188,69.916,2.8753
1996-11-07,44009,Washington,15.5781,7.5359,78.661,4.5358
1996-11-08,44009,Washington,18.093,11.2157,75.9236,7.4877
1996-11-09,44009,Washington,15.7344,5.0207,73.5404,5.7201
1996-11-10,44009,Washington,12.8635,2.7098,59.144,3.6247
1996-11-11,44009,Washington,8.1008,-0.5455,52.4857,4.6127
1996-11-12,44009,Washington,6.1997,-2.4526,51.3686,4.9359
1996-11-13,44009,Washington,4.8664,-3.1232,43.6314,3.1176
1996-11-14,44009,Washington,2.4286,-3.7561,46.568,3.6278
1996-11-15,44009,Washington,0.7801,-5.9,47.3984,5.3411
1996-11-16,44009,Washington,4.5603,-6.7179,42.9758,3.5016
1996-11-17,44009,Washington,10.2677,-3.1746,36.7636,2.7363
1996-11-18,44009,Washington,11.1997,-0.2035,48.8305,1.3178
1996-11-19,44009,Washington,9.3814,1.9382,73.1227,2.2266
1996-11-20,44009,Washington,7.0884,-0.8497,59.2113,4.4972
1996-11-21,44009,Washington,4.6976,-2.6207,58.5818,4.6765
1996-11-22,44009,Washington,5.9136,-2.3926,57.8248,4.2049
1996-11-23,44009,Washington,7.1634,-2.6988,56.5878,3.6552
1996-11-24,44009,Washington,5.9433,-1.4635,47.9851,2.4028
1996-11-25,44009,Washington,9.6396,0.1902,71.1331,1.7929
1996-11-26,44009,Washington,13.6245,0.3723,79.3764,5.3148
1996-11-27,44009,Washington,3.6368,-7.4297,50.9782,6.6419
1996-11-28,44009,Washington,-0.1219,-8.2092,63.322,3.6522
1996-11-29,44009,Washington,2.0315,-6.1289,62.85,3.7442
1996-11-30,44009,Washington,5.265,-3.7549,70.667,2.7901
1996-12-01,44009,Washington,11.5748,3.0424,91.8281,7.4579
1996-12-02,44009,Washington,12.746,2.0837,75.172,6.7951
1996-12-03,44009,Washington,6.9276,-1.2918,60.2477,2.0717
1996-12-04,44009,Washington,7.2475,1.0277,69.849,1.7564
1996-12-05,44009,Washington,6.2751,0.8239,64.7027,2.5982
1996-12-06,44009,Washington,6.4306,-0.5901,84.2039,7.077
1996-12-07,44009,Washington,5.062,-0.906,79.2531,3.6114
1996-12-08,44009,Washington,5.9624,-2.7949,78.1571,3.8644
1996-12-09,44009,Washington,3.7703,-4.174,70.1341,2.4321
1996-12-10,44009,Washington,3.4932,-4.403,73.5015,2.7054
1996-12-11,44009,Washington,6.267,0.4622,74.5447,2.0227
1996-12-12,44009,Washington,6.6917,1.952,75.7977,5.2145
1996-12-13,44009,Washington,6.3389,1.7826,76.1345,6.1278
1996-12-14,44009,Washington,5.7039,1.8157,77.431,5.8235
1996-12-15,44009,Washington,5.7803,0.5053,76.3748,4.8216
1996-12-16,44009,Washington,7.5093,0.1173,75.3473,2.736
1996-12-17,44009,Washington,10.7983,3.0037,77.1726,3.7926
1996-12-18,44009,Washington,13.1962,7.2674,80.7598,2.1062
1996-12-19,44009,Washington,12.0628,5.88,84.0904,2.6469
1996-12-20,44009,Washington,7.4564,-5.8979,39.8741,8.2954
1996-12-21,44009,Washington,0.1327,-5.6655,67.5932,3.8181
1996-12-22,44009,Washington,3.132,-3.8093,76.3408,4.4942
1996-12-23,44009,Washington,4.8498,0.4912,78.0496,1.9395
1996-12-24,44009,Washington,11.5145,2.3869,88.8487,6.8974
1996-12-25,44009,Washington,10.3589,-2.1136,43.3195,6.4295
1996-12-26,44009,Washington,3.3839,-2.0831,59.5674,3.9035
1996-12-27,44009,Washington,7.331,0.1907,72.5848,1.6938
1996-12-28,44009,Washington,8.1336,0.2215,70.7351,3.2553
1996-12-29,44009,Washington,12.5442,4.4918,81.4796,4.6099
1996-12-30,44009,Washington,10.3205,-1.8252,48.642,5.0018
1996-12-31,44009,Washington,2.7585,-10.9784,44.4893,4.4296
1997-01-01,44009,Washington,-0.599,-12.8193,48.2714,3.1901
1997-01-02,44009,Washington,4.93,-3.1149,69.0252,3.5654
1997-01-03,44009,Washington,7.5796,0.1588,63.5038,2.5541
1997-01-04,44009,Washington,8.0645,0.2594,61.4792,1.9078
1997-01-05,44009,Washington,13.8684,2.1308,68.3756,4.1118
1997-01-06,44009,Washington,10.8951,-0.5639,47.9097,6.8802
1997-01-07,44009,Washington,2.8012,-4.1551,34.8326,8.0998
1997-01-08,44009,Washington,-1.007,-6.8565,42.8463,7.8679
1997-01-09,44009,Washington,3.4871,-6.9963,52.8445,3.2097
1997-01-10,44009,Washington,5.842,-2.2032,59.6841,7.2839
1997-01-11,44009,Washington,2.2886,-6.8649,54.0117,6.267
1997-01-12,44009,Washington,-1.6725,-7.1852,51.6851,7.3571
1997-01-13,44009,Washington,0.6971,-7.4068,56.2504,5.3779
1997-01-14,44009,Washington,0.8409,-5.4081,54.26,4.7194
1997-01-15,44009,Washington,2.4103,-5.9084,56.6592,4.0664
1997-01-16,44009,Washington,7.8058,-1.6169,60.2075,7.381
1997-01-17,44009,Washington,1.1824,-11.2917,23.3125,7.3091
1997-01-18,44009,Washington,-7.3114,-13.4695,44.8693,5.4187
1997-01-19,44009,Washington,-6.4131,-16.1282,49.6965,5.4943
1997-01-20,44009,Washington,1.5162,-9.6866,60.5045,5.9767
1997-01-21,44009,Washington,0.6709,-5.8425,50.8132,3.7072
1997-01-22,44009,Washington,7.2728,-3.7973,65.1416,7.3436
1997-01-23,44009,Washington,9.5053,-3.438,55.8276,5.1211
1997-01-24,44009,Washington,4.3111,-5.4343,49.0105,6.0777
1997-01-25,44009,Washington,10.1918,1.6534,66.99,6.6064
1997-01-26,44009,Washington,4.5164,-8.2948,32.1991,6.7041
1997-01-27,44009,Washington,2.0049,-9.6957,48.5076,3.6419
1997-01-28,44009,Washington,6.8106,-5.7777,61.3788,7.0017
1997-01-29,44009,Washington,-1.6873,-8.105,47.0896,4.2081
1997-01-30,44009,Washington,1.0051,-9.9004,57.8767,3.7729
1997-01-31,44009,Washington,5.3849,-1.0018,60.5108,2.3544
1997-02-01,44009,Washington,6.6182,0.8331,65.3063,4.0304
1997-02-02,44009,Washington,6.2217,-0.7676,55.807,1.9188
1997-02-03,44009,Washington,6.2426,-0.0328,65.0911,2.0751
1997-02-04,44009,Washington,4.8623,-2.6147,62.7201,4.8474
1997-02-05,44009,Washington,8.4108,1.122,66.0575,5.0372
1997-02-06,44009,Washington,7.9992,-2.9474,52.1463,3.9455
1997-02-07,44009,Washington,3.9211,-5.871,57.9283,3.0298
1997-02-08,44009,Washington,3.1408,-3.1405,56.7079,5.039
1997-02-09,44009,Washington,2.2021,-5.365,51.6339,4.2454
1997-02-10,44009,Washington,3.7887,-5.6635,49.779,3.0728
1997-02-11,44009,Washington,3.775,-4.3087,65.2567,3.2703
1997-02-12,44009,Washington,4.7334,-1.7761,60.207,4.6864
1997-02-13,44009,Washington,3.88,-4.7826,45.0837,3.9825
1997-02-14,44009,Washington,6.6369,-4.4226,71.8466,5.2045
1997-02-15,44009,Washington,6.3349,-0.0241,62.1832,3.9369
1997-02-16,44009,Washington,3.4267,-4.4015,50.8071,2.9096
1997-02-17,44009,Washington,2.1637,-4.377,58.0627,4.4683
1997-02-18,44009,Washington,6.6191,-2.537,62.6182,8.0911
1997-02-19,44009,Washington,11.5063,1.6852,59.7898,6.3786
1997-02-20,44009,Washington,10.2042,-0.9115,43.3759,3.9673
1997-02-21,44009,Washington,12.5273,-0.1459,65.0072,6.3236
1997-02-22,44009,Washington,17.9194,2.9446,59.4386,6.9871
1997-02-23,44009,Washington,6.7361,-2.001,43.9516,5.2805
1997-02-24,44009,Washington,6.0551,-2.6227,50.8467,5.947
1997-02-25,44009,Washington,-0.2282,-8.6976,47.7572,4.6986
1997-02-26,44009,Washington,8.7154,-3.3385,61.6126,6.1306
1997-02-27,44009,Washington,16.936,3.3823,67.8117,6.2144
1997-02-28,44009,Washington,13.4423,3.1823,46.9042,3.0408
1997-03-01,44009,Washington,8.0908,0.8207,65.2112,3.5801
1997-03-02,44009,Washington,17.573,4.5623,56.0449,6.0923
1997-03-03,44009,Washington,7.9936,-0.1572,45.2205,5.2797
1997-03-04,44009,Washington,4.6005,-0.4365,63.2691,3.2696
1997-03-05,44009,Washington,9.9191,0.4083,60.4649,2.9423
1997-03-06,44009,Washington,10.0907,-1.2464,55.8075,9.1856
1997-03-07,44009,Washington,2.8152,-4.2186,47.4254,6.315
1997-03-08,44009,Washington,5.6795,-4.616,59.6431,4.7701
1997-03-09,44009,Washington,1.434,-5.4749,45.8796,3.7595
1997-03-10,44009,Washington,7.3613,-2.7228,61.91,4.2779
1997-03-11,44009,Washington,6.0729,-0.2637,56.9589,3.2338
1997-03-12,44009,Washington,3.8612,-4.1435,44.6064,6.0939
1997-03-13,44009,Washington,-0.2879,-8.201,46.7276,5.1187
1997-03-14,44009,Washington,7.3605,-8.3144,59.4798,5.3386
1997-03-15,44009,Washington,7.7488,-1.6735,46.92,5.972
1997-03-16,44009,Washington,0.9941,-6.128,29.6909,6.3197
1997-03-17,44009,Washington,4.778,-6.6228,55.8345,5.9131
1997-03-18,44009,Washington,5.3442,-1.5731,49.0255,3.3764
1997-03-19,44009,Washington,5.016,-2.3223,43.935,1.8369
1997-03-20,44009,Washington,5.0061,-2.3318,62.556,2.8505
1997-03-21,44009,Washington,6.9183,-3.2876,55.5754,3.8545
1997-03-22,44009,Washington,8.7208,-0.0475,57.6372,5.1056
1997-03-23,44009,Washington,2.6028,-7.1198,37.6033,4.8775
1997-03-24,44009,Washington,2.9636,-8.7413,46.7131,3.9779
1997-03-25,44009,Washington,7.3773,-4.5883,59.8788,4.1815
1997-03-26,44009,Washington,12.4899,2.3619,56.8514,7.8145
1997-03-27,44009,Washington,13.8537,0.6926,45.9866,4.6697
1997-03-28,44009,Washington,14.9191,4.0676,46.9686,3.3725
1997-03-29,44009,Washington,15.9719,5.7087,66.0616,2.6862
1997-03-30,44009,Washington,17.812,7.9883,52.4871,3.4707
1997-03-31,44009,Washington,13.3367,-0.1678,57.6715,9.0271
1997-04-01,44009,Washington,3.6247,-3.1131,62.0426,8.7568
1997-04-02,44009,Washington,8.184,-5.7431,45.4127,5.8204
1997-04-03,44009,Washington,11.9258,-1.2184,43.8901,3.4484
1997-04-04,44009,Washington,16.6259,4.6459,44.9296,3.7655
1997-04-05,44009,Washington,12.7325,2.0552,48.1631,2.3058
1997-04-06,44009,Washington,12.7489,3.4668,71.3085,4.1809
1997-04-07,44009,Washington,22.0245,6.8323,46.9415,4.8774
1997-04-08,44009,Washington,9.9041,1.9027,41.2883,5.9053
1997-04-09,44009,Washington,4.9047,-4.2494,32.1407,6.0003
1997-04-10,44009,Washington,8.0765,-4.6203,29.9515,4.6004
1997-04-11,44009,Washington,8.1401,-2.5625,45.1655,3.1639
1997-04-12,44009,Washington,11.3751,2.2938,63.8212,3.6918
1997-04-13,44009,Washington,18.1413,6.1892,60.3903,3.7686
1997-04-14,44009,Washington,11.2311,1.1131,43.8673,4.9874
1997-04-15,44009,Washington,12.0745,-0.2509,38.7799,2.4585
1997-04-16,44009,Washington,14.3416,0.2138,49.895,2.871
1997-04-17,44009,Washington,14.4954,4.5077,66.3051,2.723
1997-04-18,44009,Washington,14.0964,5.8068,69.5462,2.6686
1997-04-19,44009,Washington,9.4712,3.624,65.5169,5.6704
1997-04-20,44009,Washington,14.1275,1.9724,53.2246,2.3669
1997-04-21,44009,Washington,15.4166,6.2259,48.36,2.5725
1997-04-22,44009,Washington,15.9612,5.5226,48.3447,1.608
1997-04-23,44009,Washington,17.3082,6.3031,45.5844,1.7897
1997-04-24,44009,Washington,10.6681,4.6741,58.4147,5.3845
1997-04-25,44009,Washington,12.8236,4.094,56.0616,1.5517
1997-04-26,44009,Washington,16.8407,5.6469,42.289,2.8678
1997-04-27,44009,Washington,17.8795,4.7968,40.4796,2.5463
1997-04-28,44009,Washington,13.8874,6.0762,70.8672,6.1009
1997-04-29,44009,Washington,18.2624,4.6119,45.6161,3.2702
1997-04-30,44009,Washington,18.2249,6.1328,52.9777,3.7414
1997-05-01,44009,Washington,18.6381,6.6406,66.8663,5.8226
1997-05-02,44009,Washington,15.2633,7.4029,45.3497,5.4282
1997-05-03,44009,Washington,13.4153,7.4553,71.5898,4.8271
1997-05-04,44009,Washington,15.5316,6.5648,55.8404,4.7092
1997-05-05,44009,Washington,15.7998,4.0264,45.1664,3.5741
1997-05-06,44009,Washington,15.4876,5.699,65.2803,5.7172
1997-05-07,44009,Washington,10.5125,3.6641,48.1189,6.5249
1997-05-08,44009,Washington,15.3986,2.4922,45.6655,3.8064
1997-05-09,44009,Washington,13.7277,5.9591,72.3503,2.3014
1997-05-10,44009,Washington,16.0165,8.3027,56.7103,2.9449
1997-05-11,44009,Washington,16.2402,6.5199,49.7406,4.8222
1997-05-12,44009,Washington,18.8169,6.7571,58.4409,5.1432
1997-05-13,44009,Washington,19.0579,8.0419,66.6489,2.3076
1997-05-14,44009,Washington,18.5483,9.1399,54.3314,4.4418
1997-05-15,44009,Washington,20.0436,8.7048,65.8316,3.7858
1997-05-16,44009,Washington,14.8571,7.0348,57.9456,6.4449
1997-05-17,44009,Washington,15.8176,6.0047,60.3338,5.0621
1997-05-18,44009,Washington,17.1158,8.289,49.5413,3.4567
1997-05-19,44009,Washington,22.5513,8.7479,63.3615,2.9355
1997-05-20,44009,Washington,21.3911,9.0286,55.6307,3.1643
1997-05-21,44009,Washington,15.9103,5.3049,49.3827,5.1579
1997-05-22,44009,Washington,14.5521,5.9323,53.6676,6.1169
1997-05-23,44009,Washington,17.1591,6.614,51.0853,3.9482
1997-05-24,44009,Washington,18.8463,8.2206,53.844,2.2765
1997-05-25,44009,Washington,18.8903,10.5851,75.225,2.8016
1997-05-26,44009,Washington,18.662,11.5339,55.3734,3.0264
1997-05-27,44009,Washington,15.2341,8.3893,53.7186,2.9736
1997-05-28,44009,Washington,20.2572,5.3063,50.9659,2.236
1997-05-29,44009,Washington,21.3178,6.9418,51.8951,2.8454
1997-05-30,44009,Washington,20.4095,8.6919,67.2608,3.1849
1997-05-31,44009,Washington,23.8957,12.1079,66.6011,1.9786
1997-06-01,44009,Washington,24.6763,12.5049,67.3432,2.7534
1997-06-02,44009,Washington,16.4928,9.1531,75.2683,5.9336
1997-06-03,44009,Washington,15.356,7.3702,63.8591,4.9494
1997-06-04,44009,Washington,17.443,6.636,58.8674,5.3986
1997-06-05,44009,Washington,18.8182,5.5364,61.736,2.6021
1997-06-06,44009,Washington,17.6176,8.7696,64.7475,1.9016
1997-06-07,44009,Washington,18.1514,6.9015,64.8764,3.1955
1997-06-08,44009,Washington,19.3693,7.7717,60.179,2.0483
1997-06-09,44009,Washington,21.2628,7.804,59.2291,1.9484
1997-06-10,44009,Washington,27.9494,9.5655,59.4675,3.8575
1997-06-11,44009,Washington,28.9635,14.8747,55.3163,3.6091
1997-06-12,44009,Washington,26.0517,14.5725,65.4587,3.9184
1997-06-13,44009,Washington,24.8531,15.125,70.9705,3.769
1997-06-14,44009,Washington,26.2509,13.0606,56.3938,3.0717
1997-06-15,44009,Washington,21.3011,9.1841,51.8704,1.8223
1997-06-16,44009,Washington,22.1787,8.7197,61.2364,2.5122
1997-06-17,44009,Washington,24.1406,11.3798,66.5283,0.7256
1997-06-18,44009,Washington,22.1248,14.887,72.931,2.2678
1997-06-19,44009,Washington,27.9727,16.0806,66.087,2.0828
1997-06-20,44009,Washington,27.7222,17.4674,59.7758,1.8724
1997-06-21,44009,Washington,28.6465,17.5247,66.029,4.6877
1997-06-22,44009,Washington,30.7419,18.311,63.8004,4.633
1997-06-23,44009,Washington,27.9411,14.8825,52.4707,2.8767
1997-06-24,44009,Washington,26.1036,16.522,56.9988,1.9702
1997-06-25,44009,Washington,27.9553,18.0474,67.7633,2.7817
1997-06-26,44009,Washington,31.0629,19.3986,60.8683,2.7705
1997-06-27,44009,Washington,27.7401,16.0141,50.2247,2.8972
1997-06-28,44009,Washington,27.8368,14.0802,50.1046,2.087
1997-06-29,44009,Washington,29.4899,14.6845,54.6732,3.4432
1997-06-30,44009,Washington,27.7616,14.2709,61.3072,3.622
1997-07-01,44009,Washington,26.7173,14.8584,77.3071,3.3864
1997-07-02,44009,Washington,25.9465,15.9787,81.4077,2.9126
1997-07-03,44009,Washington,25.1365,17.5657,83.4116,4.544
1997-07-04,44009,Washington,26.792,18.114,68.8497,5.1153
1997-07-05,44009,Washington,24.6907,14.6401,62.7845,3.4702
1997-07-06,44009,Washington,26.7669,14.4576,56.9912,2.4316
1997-07-07,44009,Washington,27.2188,13.8078,70.1796,2.9295
1997-07-08,44009,Washington,28.3478,16.5243,63.8031,2.6816
1997-07-09,44009,Washington,28.8773,17.6167,73.2939,4.7213
1997-07-10,44009,Washington,24.658,15.9047,68.8029,2.1454
1997-07-11,44009,Washington,27.9976,13.4162,55.029,2.7913
1997-07-12,44009,Washington,30.4183,14.7544,49.8831,2.8163
1997-07-13,44009,Washington,31.9651,16.1622,55.8334,3.3184
1997-07-14,44009,Washington,33.165,19.2232,55.9199,3.7009
1997-07-15,44009,Washington,32.3672,19.7647,63.7084,1.9405
1997-07-16,44009,Washington,31.9423,19.0184,68.5144,2.5163
1997-07-17,44009,Washington,33.2404,21.1622,59.0825,4.0565
1997-07-18,44009,Washington,33.1567,20.3788,55.6913,3.8374
1997-07-19,44009,Washington,27.0155,14.9782,53.8652,4.6936
1997-07-20,44009,Washington,25.6284,12.4611,49.6567,3.37
1997-07-21,44009,Washington,26.5113,14.5744,70.4143,2.5899
1997-07-22,44009,Washington,24.725,15.9083,70.4121,1.8798
1997-07-23,44009,Washington,24.7336,15.1909,64.3402,1.8728
1997-07-24,44009,Washington,18.0261,14.5348,87.8699,4.5094
1997-07-25,44009,Washington,20.6306,15.5284,82.8462,5.0877
1997-07-26,44009,Washington,27.4678,13.8575,66.5905,2.8933
1997-07-27,44009,Washington,26.4317,15.8312,85.4483,3.5513
1997-07-28,44009,Washington,30.922,20.2447,68.4673,3.6016
1997-07-29,44009,Washington,25.8959,13.7832,53.3453,3.6607
1997-07-30,44009,Washington,26.3769,12.3553,51.3947,2.0732
1997-07-31,44009,Washington,28.6652,12.7323,56.7044,2.7707
1997-08-01,44009,Washington,30.161,14.3844,52.5783,3.8283
1997-08-02,44009,Washington,29.733,17.8326,57.9181,4.265
1997-08-03,44009,Washington,31.3306,17.2972,64.8562,2.7023
1997-08-04,44009,Washington,25.5721,16.4291,75.9118,2.4819
1997-08-05,44009,Washington,22.6829,11.8014,84.031,1.8875
1997-08-06,44009,Washington,22.4096,15.1703,76.2788,1.252
1997-08-07,44009,Washington,25.3744,14.7258,63.4648,2.2063
1997-08-08,44009,Washington,26.4152,13.1475,64.1359,1.2426
1997-08-09,44009,Washington,27.1237,17.0445,71.2573,2.6328
1997-08-10,44009,Washington,28.2575,16.8492,71.0427,4.0955
1997-08-11,44009,Washington,27.9582,16.8496,73.2659,3.7391
1997-08-12,44009,Washington,25.7273,15.9746,74.1444,2.5471
1997-08-13,44009,Washington,22.5868,13.4565,93.3601,3.3412
1997-08-14,44009,Washington,27.0975,18.4478,71.93,1.7011
1997-08-15,44009,Washington,26.0976,18.1191,75.4283,2.7985
1997-08-16,44009,Washington,31.2616,18.1492,78.4534,4.6324
1997-08-17,44009,Washington,31.1836,21.8602,70.3952,3.1038
1997-08-18,44009,Washington,24.1042,14.0589,69.9223,3.1098
1997-08-19,44009,Washington,23.8398,11.6766,65.633,1.8199
1997-08-20,44009,Washington,22.3746,14.9548,77.0088,3.0825
1997-08-21,44009,Washington,21.7391,14.8354,89.3113,4.4927
1997-08-22,44009,Washington,25.1084,14.3977,83.3415,1.9186
1997-08-23,44009,Washington,22.9574,16.6275,75.0762,4.257
1997-08-24,44009,Washington,23.899,14.9347,68.2693,2.8157
1997-08-25,44009,Washington,23.1019,14.8806,72.9535,0.8968
1997-08-26,44009,Washington,25.0405,14.4884,67.7788,1.3605
1997-08-27,44009,Washington,24.0648,14.6483,77.1669,2.8131
1997-08-28,44009,Washington,24.1866,15.3042,84.0134,1.7507
1997-08-29,44009,Washington,22.6003,15.7861,81.4069,1.455
1997-08-30,44009,Washington,23.9001,14.6777,80.4579,1.9106
1997-08-31,44009,Washington,24.814,16.3337,78.5246,2.0325
1997-09-01,44009,Washington,24.9728,15.8083,82.1802,2.5655
1997-09-02,44009,Washington,26.2169,18.6116,82.5003,3.7733
1997-09-03,44009,Washington,23.9357,10.3234,74.3749,4.3408
1997-09-04,44009,Washington,16.855,8.4918,64.2266,3.7971
1997-09-05,44009,Washington,21.7533,8.3378,60.4955,3.4417
1997-09-06,44009,Washington,23.4726,11.0683,69.9259,3.2002
1997-09-07,44009,Washington,24.0873,14.5012,75.3266,2.2839
1997-09-08,44009,Washington,23.0408,15.0028,76.029,2.6496
1997-09-09,44009,Washington,22.8976,13.4615,71.2915,3.0806
1997-09-10,44009,Washington,23.1111,11.8483,74.1134,3.0892
1997-09-11,44009,Washington,22.9464,14.661,85.0913,3.8736
1997-09-12,44009,Washington,25.1962,17.3301,79.3673,2.8101
1997-09-13,44009,Washington,24.701,17.0426,69.3307,2.4178
1997-09-14,44009,Washington,23.0756,15.8487,72.589,1.5337
1997-09-15,44009,Washington,24.3933,14.9598,68.6199,2.5455
1997-09-16,44009,Washington,24.5879,15.3941,68.3404,2.707
1997-09-17,44009,Washington,22.7388,13.7772,69.5894,2.6051
1997-09-18,44009,Washington,26.1227,14.022,72.3007,2.0287
1997-09-19,44009,Washington,25.6457,14.447,61.6376,2.6547
1997-09-20,44009,Washington,26.7368,14.359,73.7118,4.8248
1997-09-21,44009,Washington,15.9142,5.9599,58.0387,4.5214
1997-09-22,44009,Washington,17.4673,3.6143,64.5103,3.864
1997-09-23,44009,Washington,18.963,10.9056,76.7499,4.5833
1997-09-24,44009,Washington,14.8595,5.2179,53.4267,3.2597
1997-09-25,44009,Washington,19.6561,6.9479,65.4611,3.053
1997-09-26,44009,Washington,19.4448,10.0851,70.4593,2.2768
1997-09-27,44009,Washington,18.0346,8.6068,63.9265,1.6877
1997-09-28,44009,Washington,20.6222,7.6328,77.1695,4.6065
1997-09-29,44009,Washington,20.3533,12.8655,79.8672,6.4886
1997-09-30,44009,Washington,22.1277,11.3327,63.5162,6.5404
1997-10-01,44009,Washington,15.2706,3.6125,60.0998,4.665
1997-10-02,44009,Washington,14.29,2.0255,51.6882,3.3851
1997-10-03,44009,Washington,16.3329,4.6484,75.4718,2.5858
1997-10-04,44009,Washington,20.184,9.9854,75.6707,2.4795
1997-10-05,44009,Washington,23.4314,12.3275,73.3173,3.2454
1997-10-06,44009,Washington,28.0044,10.9504,55.2522,3.487
1997-10-07,44009,Washington,23.308,9.4693,44.4243,2.7997
1997-10-08,44009,Washington,20.3491,6.1703,52.9207,1.7121
1997-10-09,44009,Washington,19.345,11.8927,70.6549,3.1408
1997-10-10,44009,Washington,26.3573,11.8422,58.3521,4.3905
1997-10-11,44009,Washington,17.4716,6.088,44.1204,2.4857
1997-10-12,44009,Washington,18.4961,4.0819,49.7923,1.7143
1997-10-13,44009,Washington,19.6495,5.7393,62.846,1.9554
1997-10-14,44009,Washington,18.7944,7.8416,72.68,1.9092
1997-10-15,44009,Washington,15.7999,9.3931,76.6322,1.5712
1997-10-16,44009,Washington,14.8713,8.6226,70.8732,3.3296
1997-10-17,44009,Washington,15.9415,3.7636,47.5397,1.9517
1997-10-18,44009,Washington,14.3956,1.9039,59.6188,2.4741
1997-10-19,44009,Washington,15.9618,2.6672,65.4891,4.7946
1997-10-20,44009,Washington,16.7797,4.744,55.5214,3.9455
1997-10-21,44009,Washington,14.0248,4.1748,52.4409,3.8032
1997-10-22,44009,Washington,11.6105,-1.2854,47.8306,5.6644
1997-10-23,44009,Washington,7.8267,-3.9315,53.0079,4.8384
1997-10-24,44009,Washington,12.8305,1.9817,52.0915,3.757
1997-10-25,44009,Washington,12.0427,3.5275,84.8558,4.976
1997-10-26,44009,Washington,10.0201,-0.2963,74.0114,4.3197
1997-10-27,44009,Washington,16.9289,5.0768,85.7249,5.0088
1997-10-28,44009,Washington,11.5073,1.3034,55.4187,6.9462
1997-10-29,44009,Washington,11.4551,-0.4186,63.2821,3.7291
1997-10-30,44009,Washington,14.8532,2.8057,57.9161,1.9975
1997-10-31,44009,Washington,15.2529,3.9977,78.2527,3.2606
1997-11-01,44009,Washington,17.5183,10.7076,80.5483,6.5569
1997-11-02,44009,Washington,19.1641,10.3718,76.6897,4.7665
1997-11-03,44009,Washington,15.7358,5.6112,69.942,3.6119
1997-11-04,44009,Washington,18.1169,6.0862,66.4908,4.2702
1997-11-05,44009,Washington,11.9349,1.9381,57.3592,2.3595
1997-11-06,44009,Washington,12.6486,2.1543,60.9159,4.0796
1997-11-07,44009,Washington,10.5313,4.2335,77.563,8.1954
1997-11-08,44009,Washington,10.9841,4.7523,80.9071,7.1657
1997-11-09,44009,Washington,12.4092,5.4692,82.4643,3.7772
1997-11-10,44009,Washington,11.9176,3.4528,68.4567,3.7225
1997-11-11,44009,Washington,9.2529,1.3984,57.8284,4.1172
1997-11-12,44009,Washington,6.6403,-0.9123,54.0663,4.3638
1997-11-13,44009,Washington,4.7571,-3.5583,51.7581,3.5657
1997-11-14,44009,Washington,4.739,-1.3992,79.4347,7.7676
1997-11-15,44009,Washington,2.8659,-2.022,77.5409,3.1449
1997-11-16,44009,Washington,2.4888,-3.6206,73.1106,5.6235
1997-11-17,44009,Washington,3.6381,-3.9967,65.8227,6.0683
1997-11-18,44009,Washington,4.2189,-2.6372,62.7719,1.9845
1997-11-19,44009,Washington,5.9478,-2.2098,58.7709,2.3268
1997-11-20,44009,Washington,6.8923,-1.9293,60.3663,3.8216
1997-11-21,44009,Washington,11.4775,-1.7699,71.8414,2.8924
1997-11-22,44009,Washington,10.2321,0.8054,76.9134,4.6927
1997-11-23,44009,Washington,6.8154,0.7616,76.7036,2.5098
1997-11-24,44009,Washington,4.9209,-3.0598,63.5117,6.216
1997-11-25,44009,Washington,4.6121,-5.8038,57.3456,5.9682
1997-11-26,44009,Washington,11.0996,1.1948,69.8951,5.7504
1997-11-27,44009,Washington,8.7641,-3.657,54.3556,8.1764
1997-11-28,44009,Washington,6.5033,-3.3541,64.2202,3.6996
1997-11-29,44009,Washington,6.7039,-1.8361,60.9448,4.0035
1997-11-30,44009,Washington,9.1819,-1.546,67.3726,2.0699
1997-12-01,44009,Washington,8.1651,-4.0583,68.7866,6.539
1997-12-02,44009,Washington,3.811,-4.25,60.5826,8.3156
1997-12-03,44009,Washington,6.9865,-3.1293,62.2072,4.464
1997-12-04,44009,Washington,10.3928,0.0631,82.3656,2.8769
1997-12-05,44009,Washington,8.5995,0.2104,74.5779,2.7137
1997-12-06,44009,Washington,5.0751,-1.947,62.5043,6.2415
1997-12-07,44009,Washington,4.6465,-2.1289,65.561,5.7811
1997-12-08,44009,Washington,6.0966,-2.9194,59.7656,3.5552
1997-12-09,44009,Washington,4.5184,-2.6573,67.2739,1.16
1997-12-10,44009,Washington,6.1363,-1.5608,70.9216,2.8598
1997-12-11,44009,Washington,3.5013,-4.199,73.255,3.7683
1997-12-12,44009,Washington,4.6548,-2.8466,79.4383,1.6791
1997-12-13,44009,Washington,4.4265,-2.836,69.9039,5.0893
1997-12-14,44009,Washington,4.3571,-6.7853,58.8756,6.4755
1997-12-15,44009,Washington,2.3908,-7.719,60.5305,4.1814
1997-12-16,44009,Washington,7.3179,-2.6922,64.364,2.9487
1997-12-17,44009,Washington,10.0115,-1.5719,58.4569,2.8923
1997-12-18,44009,Washington,6.1795,-2.9991,56.8029,2.5872
1997-12-19,44009,Washington,8.9829,-2.0341,67.0193,4.7076
1997-12-20,44009,Washington,5.9747,-2.0226,67.7878,3.9889
1997-12-21,44009,Washington,1.72,-6.3361,44.7491,3.7117
1997-12-22,44009,Washington,2.4798,-8.184,57.632,2.4252
1997-12-23,44009,Washington,4.6892,-1.6827,82.8781,5.2945
1997-12-24,44009,Washington,2.9921,-3.8569,77.2398,2.8068
1997-12-25,44009,Washington,7.8744,-2.1892,80.8455,4.954
1997-12-26,44009,Washington,8.2248,0.0848,69.4046,4.4744
1997-12-27,44009,Washington,6.6512,-1.511,69.1295,3.0121
1997-12-28,44009,Washington,2.59,-7.6864,67.8411,4.2955
1997-12-29,44009,Washington,5.8293,-7.2043,65.5077,5.074
1997-12-30,44009,Washington,7.0592,-2.0904,74.7109,9.3745
1997-12-31,44009,Washington,3.7401,-10.2729,58.4458,7.2442
1998-01-01,44009,Washington,1.516,-13.4105,52.3602,6.5783
1998-01-02,44009,Washington,4.8877,-1.8836,64.8394,5.7232
1998-01-03,44009,Washington,7.6807,1.2987,66.5431,5.2901
1998-01-04,44009,Washington,10.7748,3.3864,63.653,4.0673
1998-01-05,44009,Washington,11.9646,2.6376,65.1982,2.4174
1998-01-06,44009,Washington,12.625,3.2972,77.8778,3.4637
1998-01-07,44009,Washington,11.0154,4.2879,72.8588,3.0245
1998-01-08,44009,Washington,14.9433,6.74,77.5017,4.6009
1998-01-09,44009,Washington,14.1775,6.4356,72.5283,3.9784
1998-01-10,44009,Washington,9.8789,1.2197,60.6139,2.9191
1998-01-11,44009,Washington,8.718,-0.5393,52.9304,3.7296
1998-01-12,44009,Washington,2.0452,-3.344,46.2577,2.8213
1998-01-13,44009,Washington,8.1903,-1.3706,71.0577,5.8829
1998-01-14,44009,Washington,1.2871,-6.4923,35.1675,4.8402
1998-01-15,44009,Washington,3.5335,-5.947,58.7202,4.4855
1998-01-16,44009,Washington,4.3311,-2.8938,70.851,8.4641
1998-01-17,44009,Washington,2.3496,-3.7113,62.3436,4.7325
1998-01-18,44009,Washington,2.6373,-3.0201,72.4304,3.4719
1998-01-19,44009,Washington,3.2912,-1.5377,69.5864,2.1452
1998-01-20,44009,Washington,3.3404,-2.2846,67.0635,4.763
1998-01-21,44009,Washington,2.0186,-4.2499,60.582,4.9461
1998-01-22,44009,Washington,-0.0279,-6.7345,59.2636,4.0398
1998-01-23,44009,Washington,6.5677,-4.8074,71.3234,7.6905
1998-01-24,44009,Washington,7.5357,0.0059,75.8463,2.7719
1998-01-25,44009,Washington,3.0705,-4.5312,67.3008,5.7431
1998-01-26,44009,Washington,1.8987,-5.0238,54.9558,3.2671
1998-01-27,44009,Washington,2.1127,-5.3573,65.5158,4.69
1998-01-28,44009,Washington,3.5885,-1.9993,72.8799,9.1034
1998-01-29,44009,Washington,4.715,-1.4765,64.8506,4.2871
1998-01-30,44009,Washington,6.5291,-0.8563,69.3815,1.425
1998-01-31,44009,Washington,4.3078,-3.0515,68.3137,3.7609
1998-02-01,44009,Washington,4.902,-4.1018,61.6505,1.9004
1998-02-02,44009,Washington,6.0589,-1.9118,64.9065,1.2168
1998-02-03,44009,Washington,8.2172,0.1311,64.81,2.2865
1998-02-04,44009,Washington,6.4744,-0.0853,69.8566,7.2043
1998-02-05,44009,Washington,3.8261,-1.7004,77.543,10.362
1998-02-06,44009,Washington,4.4432,-4.0475,57.5471,4.7462
1998-02-07,44009,Washington,4.2921,-3.7559,65.3574,4.5171
1998-02-08,44009,Washington,4.1831,-3.1948,63.7074,5.492
1998-02-09,44009,Washington,4.7701,-3.4581,59.4382,1.9402
1998-02-10,44009,Washington,6.8135,-1.9937,64.4138,2.0593
1998-02-11,44009,Washington,9.6274,-1.0335,76.7357,2.7784
1998-02-12,44009,Washington,13.3586,4.4778,73.0094,7.0204
1998-02-13,44009,Washington,7.4806,-1.5446,52.3,5.6793
1998-02-14,44009,Washington,1.343,-7.319,36.2648,5.0289
1998-02-15,44009,Washington,-0.8608,-11.3706,32.2735,3.393
1998-02-16,44009,Washington,3.8723,-6.1946,36.5703,1.2548
1998-02-17,44009,Washington,5.1461,-1.4655,71.086,5.7741
1998-02-18,44009,Washington,11.6006,1.2631,76.4657,5.4207
1998-02-19,44009,Washington,7.9148,0.9646,78.79,2.7427
1998-02-20,44009,Washington,10.1161,1.1729,72.1557,2.853
1998-02-21,44009,Washington,7.6915,0.9151,63.3131,5.1469
1998-02-22,44009,Washington,8.5642,-1.1493,58.1955,1.85
1998-02-23,44009,Washington,8.0709,0.1609,69.4247,5.9338
1998-02-24,44009,Washington,7.9964,1.8013,77.1144,8.2132
1998-02-25,44009,Washington,7.4928,1.458,66.2013,6.8697
1998-02-26,44009,Washington,9.8114,-0.4188,54.5054,6.1885
1998-02-27,44009,Washington,10.529,-0.9354,57.7166,2.4146
1998-02-28,44009,Washington,10.1298,0.7597,67.7067,2.5717
1998-03-01,44009,Washington,11.9811,3.0906,70.4793,1.9031
1998-03-02,44009,Washington,9.4557,2.8955,67.8133,1.3602
1998-03-03,44009,Washington,9.4122,1.7634,64.8284,2.744
1998-03-04,44009,Washington,8.4654,2.0149,59.2075,2.9233
1998-03-05,44009,Washington,6.7188,2.0654,61.1739,2.3311
1998-03-06,44009,Washington,6.508,0.7251,57.9834,1.828
1998-03-07,44009,Washington,7.778,1.1424,73.1326,2.2854
1998-03-08,44009,Washington,7.6707,2.0227,68.3602,6.6653
1998-03-09,44009,Washington,11.5396,3.1473,86.6376,6.9346
1998-03-10,44009,Washington,10.4054,-2.5146,68.5661,5.9005
1998-03-11,44009,Washington,-0.5991,-6.6252,34.0935,6.6672
1998-03-12,44009,Washington,-1.6763,-8.282,29.8874,7.1499
1998-03-13,44009,Washington,0.6691,-8.174,47.2527,4.8413
1998-03-14,44009,Washington,5.1437,-1.7071,66.9088,6.3632
1998-03-15,44009,Washington,4.4025,-2.2856,53.0249,4.5321
1998-03-16,44009,Washington,4.1437,-2.7626,52.2138,2.5199
1998-03-17,44009,Washington,4.5523,-2.5844,49.6362,2.0777
1998-03-18,44009,Washington,4.261,-2.3615,76.4583,2.5312
1998-03-19,44009,Washington,8.6371,0.9663,78.0159,2.8463
1998-03-20,44009,Washington,10.8925,0.9782,62.6414,3.8176
1998-03-21,44009,Washington,3.2381,-2.0543,73.9121,9.104
1998-03-22,44009,Washington,1.8692,-1.9226,73.302,5.3332
1998-03-23,44009,Washington,4.4409,-2.1944,61.279,4.744
1998-03-24,44009,Washington,6.6657,-1.5528,52.9201,2.678
1998-03-25,44009,Washington,6.2991,-3.0512,49.2009,2.4267
1998-03-26,44009,Washington,11.524,-1.4278,68.0083,5.8444
1998-03-27,44009,Washington,20.0792,4.3577,62.1696,4.7819
1998-03-28,44009,Washington,19.3515,7.7798,62.2703,5.2782
1998-03-29,44009,Washington,20.7505,7.0447,55.6462,4.328
1998-03-30,44009,Washington,20.2386,9.2895,52.1342,3.4032
1998-03-31,44009,Washington,20.4388,8.9188,64.6118,4.5942
1998-04-01,44009,Washington,18.0938,8.5152,69.4748,3.6517
1998-04-02,44009,Washington,17.7997,7.2069,65.724,1.5203
1998-04-03,44009,Washington,12.8126,4.5137,56.3545,3.5105
1998-04-04,44009,Washington,8.5189,0.9398,59.3705,4.4761
1998-04-05,44009,Washington,7.6223,0.039,54.1804,5.2781
1998-04-06,44009,Washington,10.4378,1.2486,52.2879,3.6722
1998-04-07,44009,Washington,15.2952,1.8267,42.3024,3.3164
1998-04-08,44009,Washington,14.7462,2.6654,54.6159,2.6909
1998-04-09,44009,Washington,11.7009,3.0259,72.1704,6.1476
1998-04-10,44009,Washington,10.9278,1.4652,48.0589,5.212
1998-04-11,44009,Washington,12.1605,-0.328,41.249,1.737
1998-04-12,44009,Washington,13.5748,0.9106,41.4723,2.4639
1998-04-13,44009,Washington,17.1901,0.2713,36.0341,2.3734
1998-04-14,44009,Washington,15.7335,3.8165,45.5326,2.6302
1998-04-15,44009,Washington,14.9832,2.9919,74.2272,1.6923
1998-04-16,44009,Washington,17.3871,7.5811,66.6145,2.99
1998-04-17,44009,Washington,17.0092,8.4232,78.8247,4.9407
1998-04-18,44009,Washington,16.287,7.0252,53.7171,4.1534
1998-04-19,44009,Washington,11.7507,5.4004,69.5759,2.9538
1998-04-20,44009,Washington,14.8382,5.4399,69.1632,4.5943
1998-04-21,44009,Washington,16.8299,4.4982,50.5371,2.4922
1998-04-22,44009,Washington,18.2503,4.5949,48.4335,1.7917
1998-04-23,44009,Washington,11.2684,4.127,73.0356,5.7706
1998-04-24,44009,Washington,15.1125,4.6354,63.2948,3.9976
1998-04-25,44009,Washington,16.4116,4.2299,54.1705,4.3549
1998-04-26,44009,Washington,10.8517,3.0384,64.2011,2.028
1998-04-27,44009,Washington,11.2549,3.0061,53.8673,3.2164
1998-04-28,44009,Washington,11.8413,0.9457,51.8497,3.0916
1998-04-29,44009,Washington,17.8266,2.3274,50.5573,3.966
1998-04-30,44009,Washington,19.3962,7.0318,64.1719,3.3389
1998-05-01,44009,Washington,19.4709,11.1617,71.9304,3.2326
1998-05-02,44009,Washington,18.4827,9.8459,73.9693,3.9843
1998-05-03,44009,Washington,18.7021,8.9712,72.6704,2.5364
1998-05-04,44009,Washington,21.1547,8.7779,71.1022,3.1231
1998-05-05,44009,Washington,21.4334,11.1337,72.377,3.5438
1998-05-06,44009,Washington,19.7156,11.2891,73.838,2.4817
1998-05-07,44009,Washington,20.7886,11.2956,70.9673,1.5497
1998-05-08,44009,Washington,19.3571,11.6368,72.8307,2.8767
1998-05-09,44009,Washington,18.4868,11.8979,76.207,6.4615
1998-05-10,44009,Washington,16.2798,10.1658,77.583,6.8261
1998-05-11,44009,Washington,12.7812,8.386,75.1058,7.5334
1998-05-12,44009,Washington,15.3204,4.6498,65.5632,7.5323
1998-05-13,44009,Washington,16.2698,3.9963,62.4359,4.7786
1998-05-14,44009,Washington,18.7779,3.4984,56.0614,2.2648
1998-05-15,44009,Washington,22.3123,6.3772,58.5296,1.7374
1998-05-16,44009,Washington,24.959,10.141,56.347,1.9289
1998-05-17,44009,Washington,17.5745,9.0478,66.9144,1.9941
1998-05-18,44009,Washington,25.3475,8.9005,53.0886,3.1242
1998-05-19,44009,Washington,25.5794,11.6917,49.4475,2.6287
1998-05-20,44009,Washington,21.9922,9.876,58.874,2.6609
1998-05-21,44009,Washington,25.4857,11.0282,55.2084,4.5401
1998-05-22,44009,Washington,18.815,8.1058,56.4053,4.0355
1998-05-23,44009,Washington,21.0747,9.3645,51.0219,3.7268
1998-05-24,44009,Washington,23.6376,8.4332,47.8687,3.3122
1998-05-25,44009,Washington,17.9798,10.8495,69.463,2.0916
1998-05-26,44009,Washington,24.6078,12.0282,58.9972,2.7845
1998-05-27,44009,Washington,23.6297,13.0121,51.6827,2.6244
1998-05-28,44009,Washington,25.3131,12.9104,60.6254,3.3702
1998-05-29,44009,Washington,24.4704,13.9937,72.2598,4.9606
1998-05-30,44009,Washington,26.4331,15.997,57.8796,3.4588
1998-05-31,44009,Washington,23.204,13.2272,72.7594,4.8242
1998-06-01,44009,Washington,24.0391,12.3778,65.4761,3.6337
1998-06-02,44009,Washington,20.2605,10.9479,62.1303,2.922
1998-06-03,44009,Washington,19.2189,8.8688,64.1369,5.6294
1998-06-04,44009,Washington,17.0027,7.1848,56.1202,5.8864
1998-06-05,44009,Washington,18.6332,7.4423,54.9066,5.2047
1998-06-06,44009,Washington,18.9079,8.6702,60.9047,3.5296
1998-06-07,44009,Washington,17.9835,10.7463,61.7818,3.2309
1998-06-08,44009,Washington,18.4405,9.8228,64.4755,2.8624
1998-06-09,44009,Washington,19.6198,10.7934,65.8492,2.1697
1998-06-10,44009,Washington,22.7399,10.5724,63.1144,3.2621
1998-06-11,44009,Washington,20.7324,11.1711,68.9617,2.4413
1998-06-12,44009,Washington,17.7807,12.9391,82.4231,4.8729
1998-06-13,44009,Washington,20.5816,14.3095,83.4715,4.6154
1998-06-14,44009,Washington,20.3932,15.7887,81.6665,3.6436
1998-06-15,44009,Washington,23.938,15.6424,77.388,3.6457
1998-06-16,44009,Washington,24.7468,15.7406,79.2283,2.8762
1998-06-17,44009,Washington,24.8155,16.9825,77.5359,2.4411
1998-06-18,44009,Washington,25.3197,16.9311,73.7587,1.982
1998-06-19,44009,Washington,25.9165,17.9132,71.8914,1.4526
1998-06-20,44009,Washington,26.5009,18.4831,72.0245,0.7555
1998-06-21,44009,Washington,25.2705,17.4177,74.4933,1.7488
1998-06-22,44009,Washington,21.9477,16.1409,76.292,1.4724
1998-06-23,44009,Washington,24.5081,15.643,75.7017,2.4839
1998-06-24,44009,Washington,25.9557,17.1586,77.9602,2.6105
1998-06-25,44009,Washington,28.0993,18.3513,76.5054,2.7731
1998-06-26,44009,Washington,30.1526,20.618,74.5463,3.8873
1998-06-27,44009,Washington,26.7532,15.8159,72.4741,4.3102
1998-06-28,44009,Washington,22.665,14.182,68.4768,2.4376
1998-06-29,44009,Washington,21.6663,16.4002,79.8139,5.4453
1998-06-30,44009,Washington,24.0474,17.6468,82.9221,3.8717
1998-07-01,44009,Washington,24.5908,15.6384,69.0263,4.7072
1998-07-02,44009,Washington,25.0684,14.3511,68.9928,2.1699
1998-07-03,44009,Washington,26.7577,14.5903,69.494,1.7318
1998-07-04,44009,Washington,26.6673,15.1573,74.3992,2.2182
1998-07-05,44009,Washington,26.1422,15.9971,72.3854,2.0663
1998-07-06,44009,Washington,25.5833,14.7056,67.3641,1.4232
1998-07-07,44009,Washington,24.1454,14.1436,72.9902,1.6754
1998-07-08,44009,Washington,22.3615,15.2339,73.4686,0.9572
1998-07-09,44009,Washington,24.0806,14.8858,76.9209,2.8013
1998-07-10,44009,Washington,27.0612,15.8765,67.1015,3.3897
1998-07-11,44009,Washington,24.2866,12.6622,64.2429,3.5773
1998-07-12,44009,Washington,25.2252,13.2034,69.1086,1.7735
1998-07-13,44009,Washington,27.1651,16.9793,68.1661,3.0535
1998-07-14,44009,Washington,27.3557,16.3437,73.7048,4.0071
1998-07-15,44009,Washington,28.9165,17.6409,74.3267,4.1778
1998-07-16,44009,Washington,28.322,18.8882,78.5282,3.3744
1998-07-17,44009,Washington,29.016,19.8478,77.7346,2.9462
1998-07-18,44009,Washington,29.5463,19.7461,65.4147,2.2565
1998-07-19,44009,Washington,28.2611,17.8997,64.8793,2.1055
1998-07-20,44009,Washington,28.6821,18.1609,81.2843,3.5689
1998-07-21,44009,Washington,29.9307,19.3628,67.2941,2.954
1998-07-22,44009,Washington,32.2999,20.3912,67.2535,3.3677
1998-07-23,44009,Washington,29.7978,20.1868,75.6459,3.026
1998-07-24,44009,Washington,28.128,17.8454,65.5994,2.5441
1998-07-25,44009,Washington,25.6338,16.7266,58.0003,1.8652
1998-07-26,44009,Washington,25.8057,16.8315,59.3781,1.0445
1998-07-27,44009,Washington,26.5978,16.1351,67.6982,3.5096
1998-07-28,44009,Washington,26.6307,17.9011,81.1942,4.7802
1998-07-29,44009,Washington,28.7227,20.1591,77.3613,4.4637
1998-07-30,44009,Washington,28.5843,18.9228,60.3737,1.8441
1998-07-31,44009,Washington,24.2028,16.7924,73.5551,2.6002
1998-08-01,44009,Washington,25.7864,13.9181,59.2295,1.9584
1998-08-02,44009,Washington,26.3219,13.6362,63.9277,2.3256
1998-08-03,44009,Washington,27.4688,14.0214,66.9363,2.0249
1998-08-04,44009,Washington,27.7362,16.1164,66.1135,1.1963
1998-08-05,44009,Washington,26.5706,16.7733,68.6841,1.2002
1998-08-06,44009,Washington,26.97,18.2569,67.7124,0.8728
1998-08-07,44009,Washington,26.6154,17.5497,65.6344,1.258
1998-08-08,44009,Washington,28.4929,17.9822,58.7279,1.159
1998-08-09,44009,Washington,28.1294,16.925,71.9179,2.2062
1998-08-10,44009,Washington,28.7214,17.0028,79.6687,3.4273
1998-08-11,44009,Washington,28.9359,20.279,73.7835,3.2896
1998-08-12,44009,Washington,26.8777,15.7451,71.9486,2.6749
1998-08-13,44009,Washington,25.9437,13.7964,68.3181,1.9567
1998-08-14,44009,Washington,27.097,14.8667,70.7788,3.45
1998-08-15,44009,Washington,26.8689,16.6286,70.2591,2.2425
1998-08-16,44009,Washington,30.3731,16.6415,66.5784,1.515
1998-08-17,44009,Washington,26.2803,17.3747,86.9726,1.5971
1998-08-18,44009,Washington,29.3668,18.8994,74.1472,2.7021
1998-08-19,44009,Washington,22.1536,12.7699,63.6285,3.4847
1998-08-20,44009,Washington,23.3774,11.3247,59.269,1.7791
1998-08-21,44009,Washington,25.0571,13.4621,73.5574,2.2929
1998-08-22,44009,Washington,27.4586,16.9388,64.1039,1.4676
1998-08-23,44009,Washington,26.1817,16.7405,82.6354,3.0864
1998-08-24,44009,Washington,30.2545,20.0383,76.0774,5.2805
1998-08-25,44009,Washington,30.8757,19.4723,73.3445,4.3333
1998-08-26,44009,Washington,28.1089,20.9814,80.145,4.2242
1998-08-27,44009,Washington,29.9384,18.959,72.2151,1.4276
1998-08-28,44009,Washington,27.6099,17.3904,74.273,3.7651
1998-08-29,44009,Washington,27.0159,15.1586,81.4357,3.0357
1998-08-30,44009,Washington,28.8268,18.3982,71.331,2.4519
1998-08-31,44009,Washington,26.1621,16.7739,68.3857,0.9548
1998-09-01,44009,Washington,25.1688,14.5957,63.5452,1.3945
1998-09-02,44009,Washington,24.2182,14.53,71.9005,1.9784
1998-09-03,44009,Washington,25.6793,15.7097,69.3627,1.7267
1998-09-04,44009,Washington,26.4364,15.4697,64.5911,1.3607
1998-09-05,44009,Washington,23.8684,13.0699,57.7623,3.8427
1998-09-06,44009,Washington,27.1235,13.5162,71.7639,4.8815
1998-09-07,44009,Washington,27.5355,18.2826,76.3469,2.8894
1998-09-08,44009,Washington,22.6337,13.4333,75.3743,2.6829
1998-09-09,44009,Washington,18.7306,10.2043,65.7762,4.5931
1998-09-10,44009,Washington,21.4082,10.271,59.6224,4.3066
1998-09-11,44009,Washington,22.8243,9.218,62.669,2.6509
1998-09-12,44009,Washington,26.8452,13.3859,71.6554,2.8216
1998-09-13,44009,Washington,23.2026,13.5993,72.4692,2.4214
1998-09-14,44009,Washington,22.7003,13.2711,80.6022,2.947
1998-09-15,44009,Washington,26.2309,16.6783,82.2445,4.7089
1998-09-16,44009,Washington,27.2002,16.8395,73.4234,2.5091
1998-09-17,44009,Washington,24.1327,14.0876,62.7729,1.0886
1998-09-18,44009,Washington,21.5283,11.589,70.0889,3.2915
1998-09-19,44009,Washington,24.2654,11.3769,72.7333,2.265
1998-09-20,44009,Washington,26.2347,12.7873,70.0696,2.0981
1998-09-21,44009,Washington,25.8841,13.9682,80.8199,3.0931
1998-09-22,44009,Washington,23.3838,15.5319,86.6171,3.0075
1998-09-23,44009,Washington,17.1438,6.1977,55.4086,4.7413
1998-09-24,44009,Washington,17.4519,5.0022,57.0283,2.7604
1998-09-25,44009,Washington,21.1005,9.0267,77.1725,2.8797
1998-09-26,44009,Washington,24.783,15.2703,70.0701,1.9025
1998-09-27,44009,Washington,27.6837,15.9238,76.9896,4.5158
1998-09-28,44009,Washington,23.1057,11.2844,65.338,4.5875
1998-09-29,44009,Washington,19.5231,8.1926,58.53,2.6442
1998-09-30,44009,Washington,21.3952,9.644,81.5573,2.9366
1998-10-01,44009,Washington,24.6327,6.4789,63.5802,6.0683
1998-10-02,44009,Washington,16.8125,4.3722,51.7611,5.3771
1998-10-03,44009,Washington,16.4249,7.6482,51.4592,3.286
1998-10-04,44009,Washington,16.9695,6.0543,50.3529,2.2198
1998-10-05,44009,Washington,18.5883,5.3844,47.3245,2.4586
1998-10-06,44009,Washington,14.3944,3.4404,48.5838,2.2974
1998-10-07,44009,Washington,16.126,3.4272,67.6478,2.9343
1998-10-08,44009,Washington,19.8565,10.2396,93.8086,4.5763
1998-10-09,44009,Washington,18.7324,12.2374,86.2829,3.1691
1998-10-10,44009,Washington,20.1659,7.6976,81.3606,1.5905
1998-10-11,44009,Washington,17.7157,8.5281,84.2617,3.8371
1998-10-12,44009,Washington,16.8018,9.1886,73.1472,2.8461
1998-10-13,44009,Washington,15.2135,8.3879,74.6538,2.4186
1998-10-14,44009,Washington,16.4758,8.8429,80.8201,3.7711
1998-10-15,44009,Washington,16.4219,7.0112,64.6163,4.5423
1998-10-16,44009,Washington,16.9392,7.2072,59.2729,3.2181
1998-10-17,44009,Washington,16.9797,6.7132,63.7575,2.1558
1998-10-18,44009,Washington,20.3453,10.0849,74.9812,5.4627
1998-10-19,44009,Washington,21.4321,8.6401,63.0653,4.8182
1998-10-20,44009,Washington,17.8889,6.152,55.7497,4.5994
1998-10-21,44009,Washington,12.8639,6.0403,56.518,4.6549
1998-10-22,44009,Washington,11.3612,2.8111,55.6114,4.4906
1998-10-23,44009,Washington,14.2767,4.1438,56.2784,4.3354
1998-10-24,44009,Washington,19.5282,5.6936,61.4416,4.2867
1998-10-25,44009,Washington,20.2984,6.9562,52.8943,2.6193
1998-10-26,44009,Washington,14.9738,5.7297,63.964,3.7377
1998-10-27,44009,Washington,13.9679,4.5381,66.0483,2.7933
1998-10-28,44009,Washington,15.2059,4.3272,85.4075,3.9914
1998-10-29,44009,Washington,14.0159,5.0645,61.7367,5.565
1998-10-30,44009,Washington,12.0405,3.5931,56.6749,6.0823
1998-10-31,44009,Washington,13.4965,2.2635,62.8353,4.0594
1998-11-01,44009,Washington,13.4982,1.6299,61.1989,3.8458
1998-11-02,44009,Washington,12.7053,2.6479,57.6053,5.2268
1998-11-03,44009,Washington,8.6936,0.5109,56.3836,4.1108
1998-11-04,44009,Washington,7.6123,-1.0081,55.4312,3.3899
1998-11-05,44009,Washington,9.8588,-2.2366,55.4092,2.7234
1998-11-06,44009,Washington,8.6258,-2.1957,57.2246,3.3103
1998-11-07,44009,Washington,9.7617,0.8036,55.7405,3.9023
1998-11-08,44009,Washington,10.7153,-0.513,56.5984,2.4514
1998-11-09,44009,Washington,10.3503,-0.2643,56.7484,1.9149
1998-11-10,44009,Washington,10.513,2.8613,72.3351,3.7046
1998-11-11,44009,Washington,16.4679,5.0902,85.4345,6.4577
1998-11-12,44009,Washington,10.7178,1.1778,59.1433,4.3814
1998-11-13,44009,Washington,12.5568,2.0815,59.1629,3.9363
1998-11-14,44009,Washington,11.2896,-0.0783,71.4988,2.6273
1998-11-15,44009,Washington,14.2488,3.4454,65.8446,4.6489
1998-11-16,44009,Washington,10.288,0.348,62.3734,2.8213
1998-11-17,44009,Washington,10.5661,3.5869,83.1813,3.9654
1998-11-18,44009,Washington,8.4812,0.3125,67.1507,2.1497
1998-11-19,44009,Washington,10.5583,-0.4911,79.9619,3.5509
1998-11-20,44009,Washington,14.6899,6.8214,88.1589,3.0727
1998-11-21,44009,Washington,12.3006,1.7741,60.5977,5.0871
1998-11-22,44009,Washington,8.0012,-1.0697,61.4119,3.6395
1998-11-23,44009,Washington,12.1548,1.753,74.7343,6.4985
1998-11-24,44009,Washington,13.3529,2.1602,55.7445,5.4105
1998-11-25,44009,Washington,7.412,-1.3502,66.5345,2.4497
1998-11-26,44009,Washington,12.0255,1.3884,85.0076,5.4737
1998-11-27,44009,Washington,8.9326,1.2226,66.4609,6.143
1998-11-28,44009,Washington,11.0745,-0.6778,68.6489,4.1472
1998-11-29,44009,Washington,11.6258,1.2323,68.4011,2.3019
1998-11-30,44009,Washington,14.4783,2.5859,82.1534,3.7799
1998-12-01,44009,Washington,13.7439,1.7753,63.1871,6.1741
1998-12-02,44009,Washington,12.2234,0.7106,59.5463,5.351
1998-12-03,44009,Washington,13.7424,3.0979,63.2569,3.2437
1998-12-04,44009,Washington,17.616,6.5025,58.7775,3.858
1998-12-05,44009,Washington,11.1502,1.993,60.8813,2.6576
1998-12-06,44009,Washington,16.2979,5.803,71.5592,2.3191
1998-12-07,44009,Washington,17.1775,7.7611,66.8382,4.407
1998-12-08,44009,Washington,11.5688,3.5624,62.1442,3.3705
1998-12-09,44009,Washington,7.4685,-0.7087,62.3711,3.6067
1998-12-10,44009,Washington,8.617,-0.977,60.8806,3.7808
1998-12-11,44009,Washington,6.0492,-2.2506,55.6597,4.892
1998-12-12,44009,Washington,6.8631,-3.0828,60.5978,4.53
1998-12-13,44009,Washington,9.8608,-0.4412,55.1593,3.6493
1998-12-14,44009,Washington,4.3975,-3.1465,52.542,4.1145
1998-12-15,44009,Washington,7.8997,-2.6927,59.3611,5.6128
1998-12-16,44009,Washington,9.9616,-0.9709,62.3649,1.9698
1998-12-17,44009,Washington,7.9035,-0.6522,75.4219,2.6015
1998-12-18,44009,Washington,4.5568,-4.5993,50.902,5.8337
1998-12-19,44009,Washington,9.232,-3.9177,69.6347,4.773
1998-12-20,44009,Washington,9.4236,1.4759,64.3702,3.3291
1998-12-21,44009,Washington,9.7583,1.4084,77.3727,3.9191
1998-12-22,44009,Washington,12.9823,-5.363,67.0076,8.8202
1998-12-23,44009,Washington,-0.6751,-7.6197,44.8067,2.3558
1998-12-24,44009,Washington,-0.7381,-7.5655,72.3471,3.5669
1998-12-25,44009,Washington,-0.9266,-9.6541,61.3261,2.6274
1998-12-26,44009,Washington,3.6273,-7.1182,67.0642,2.8406
1998-12-27,44009,Washington,2.6364,-6.0703,65.1045,3.2749
1998-12-28,44009,Washington,5.6024,-0.6494,77.9264,2.451
1998-12-29,44009,Washington,4.419,-0.7848,43.0411,3.8817
1998-12-30,44009,Washington,3.7033,-12.4532,75.8167,6.2268
1998-12-31,44009,Washington,-2.482,-13.2737,51.2637,4.8518
1999-01-01,44009,Washington,-1.789,-13.1592,46.6881,6.7454
1999-01-02,44009,Washington,-4.0865,-16.1363,36.5072,3.6879
1999-01-03,44009,Washington,8.5238,-8.1503,75.5517,6.242
1999-01-04,44009,Washington,4.5785,-7.7171,51.3863,6.6348
1999-01-05,44009,Washington,-2.4063,-9.207,54.6915,4.0908
1999-01-06,44009,Washington,2.7653,-8.8203,55.6648,5.0085
1999-01-07,44009,Washington,2.7318,-6.6015,50.4417,5.9932
1999-01-08,44009,Washington,4.5159,-8.6275,55.2927,3.3914
1999-01-09,44009,Washington,10.0483,-0.4707,75.457,6.7673
1999-01-10,44009,Washington,3.0166,-6.6865,33.5098,3.5038
1999-01-11,44009,Washington,-0.5524,-8.3497,40.2767,5.777
1999-01-12,44009,Washington,5.4654,-7.6545,77.2921,5.4284
1999-01-13,44009,Washington,7.2515,-7.3378,70.3368,4.4524
1999-01-14,44009,Washington,-0.6746,-11.972,62.584,7.9503
1999-01-15,44009,Washington,7.5619,-4.7405,76.2318,6.4612
1999-01-16,44009,Washington,4.2023,-6.3579,63.5426,6.2884
1999-01-17,44009,Washington,8.0679,-2.5076,59.7387,2.6671
1999-01-18,44009,Washington,10.9305,-1.3227,76.1313,5.3627
1999-01-19,44009,Washington,8.6532,-2.1492,60.4743,5.9299
1999-01-20,44009,Washington,6.039,-2.9568,54.3791,3.3356
1999-01-21,44009,Washington,7.6661,-2.8234,61.3618,2.5058
1999-01-22,44009,Washington,6.8109,0.0614,73.6787,5.4313
1999-01-23,44009,Washington,13.8115,1.066,72.1371,3.6542
1999-01-24,44009,Washington,12.0832,3.8715,77.8566,6.1604
1999-01-25,44009,Washington,7.6389,-2.5395,51.1849,4.4138
1999-01-26,44009,Washington,4.4522,-5.0174,48.9361,3.3192
1999-01-27,44009,Washington,6.1164,-3.3606,56.6986,2.198
1999-01-28,44009,Washington,3.6144,-4.9796,72.4795,3.6835
1999-01-29,44009,Washington,0.0027,-6.7005,65.9991,3.0723
1999-01-30,44009,Washington,-0.4882,-9.2275,42.7391,4.6139
1999-01-31,44009,Washington,-1.321,-11.5545,37.4976,3.8405
1999-02-01,44009,Washington,5.3725,-7.32,47.5363,4.237
1999-02-02,44009,Washington,8.9354,-1.9316,77.389,5.1695
1999-02-03,44009,Washington,11.0679,1.0694,59.5811,2.7803
1999-02-04,44009,Washington,10.1913,-0.235,69.9646,2.4943
1999-02-05,44009,Washington,7.2878,-3.0853,53.7939,6.3985
1999-02-06,44009,Washington,4.3534,-3.6832,47.0844,3.6355
1999-02-07,44009,Washington,4.5552,-3.0927,55.5256,2.9732
1999-02-08,44009,Washington,3.9369,-3.3389,48.7155,3.3908
1999-02-09,44009,Washington,7.1038,-3.2494,56.1467,4.5478
1999-02-10,44009,Washington,7.2288,-1.6755,54.2138,4.9564
1999-02-11,44009,Washington,7.5514,-2.1824,48.6405,2.6549
1999-02-12,44009,Washington,13.7249,0.9445,76.5138,5.7691
1999-02-13,44009,Washington,10.4593,-1.505,42.7153,4.9791
1999-02-14,44009,Washington,1.7359,-6.7373,40.3241,5.0608
1999-02-15,44009,Washington,3.7574,-7.7298,39.8262,2.9838
1999-02-16,44009,Washington,7.9496,-3.0718,52.4558,1.6972
1999-02-17,44009,Washington,9.8801,-1.1849,72.2247,3.5758
1999-02-18,44009,Washington,9.5165,0.8092,76.7618,1.8571
1999-02-19,44009,Washington,7.6924,-0.8702,57.8901,2.8762
1999-02-20,44009,Washington,5.4556,-1.9925,53.8331,3.9154
1999-02-21,44009,Washington,3.5891,-3.2548,43.7057,3.5107
1999-02-22,44009,Washington,0.2066,-9.882,32.5688,6.1446
1999-02-23,44009,Washington,-0.8698,-12.4082,22.7114,2.4462
1999-02-24,44009,Washington,1.7745,-5.9268,41.2774,4.2118
1999-02-25,44009,Washington,2.6559,-3.9054,68.1449,5.9204
1999-02-26,44009,Washington,4.6656,-3.7475,56.2468,5.8367
1999-02-27,44009,Washington,6.4348,-3.7697,43.3083,3.4349
1999-02-28,44009,Washington,8.9047,-0.771,68.0737,4.8609
1999-03-01,44009,Washington,10.2232,2.9765,69.6599,4.9165
1999-03-02,44009,Washington,7.5616,-0.5267,55.3145,5.4277
1999-03-03,44009,Washington,10.7605,-0.942,64.6055,4.9431
1999-03-04,44009,Washington,11.1835,-0.913,63.5328,9.1982
1999-03-05,44009,Washington,5.8787,-3.2098,39.2799,4.5055
1999-03-06,44009,Washington,7.7161,-0.8999,61.6064,4.6621
1999-03-07,44009,Washington,7.6433,-8.745,44.9722,7.3305
1999-03-08,44009,Washington,1.1488,-10.6348,36.872,6.9657
1999-03-09,44009,Washington,4.3604,-8.2757,30.4705,4.2191
1999-03-10,44009,Washington,4.8825,-3.3308,30.3542,3.3197
1999-03-11,44009,Washington,4.0468,-3.9108,47.7628,5.63
1999-03-12,44009,Washington,4.3498,-2.7933,57.4689,5.9825
1999-03-13,44009,Washington,6.6974,-1.8451,55.0486,4.0484
1999-03-14,44009,Washington,7.5107,-1.1941,61.4207,2.9861
1999-03-15,44009,Washington,4.5746,-0.273,67.3231,7.5572
1999-03-16,44009,Washington,9.2405,-2.627,45.1258,7.0385
1999-03-17,44009,Washington,14.4006,0.1473,49.9176,4.5946
1999-03-18,44009,Washington,18.2388,2.5998,41.8695,5.7164
1999-03-19,44009,Washington,7.8307,0.4544,48.7113,5.8929
1999-03-20,44009,Washington,9.2727,-1.0288,42.2471,3.4867
1999-03-21,44009,Washington,10.2255,0.3857,61.7413,4.9601
1999-03-22,44009,Washington,11.955,2.3362,65.3736,8.3637
1999-03-23,44009,Washington,10.5308,0.7049,52.0246,4.8618
1999-03-24,44009,Washington,12.8827,0.3749,74.961,3.2542
1999-03-25,44009,Washington,10.8167,0.6969,50.7294,3.5356
1999-03-26,44009,Washington,9.3029,-1.823,43.4705,1.9547
1999-03-27,44009,Washington,11.0803,-0.2046,49.4827,5.3874
1999-03-28,44009,Washington,9.5091,2.434,69.6545,5.5363
1999-03-29,44009,Washington,15.7918,2.8881,50.0936,3.86
1999-03-30,44009,Washington,14.5968,2.4335,35.373,5.4641
1999-03-31,44009,Washington,19.5291,1.7497,37.184,5.3958
1999-04-01,44009,Washington,20.4168,4.2081,50.6639,3.5143
1999-04-02,44009,Washington,13.3055,4.9022,53.2606,3.7016
1999-04-03,44009,Washington,11.0566,4.284,56.7007,3.0848
1999-04-04,44009,Washington,12.0557,0.1767,59.0642,4.9836
1999-04-05,44009,Washington,13.6975,-1.8244,41.655,3.3342
1999-04-06,44009,Washington,15.3784,1.1632,48.426,3.0445
1999-04-07,44009,Washington,18.9039,4.9176,48.806,4.1026
1999-04-08,44009,Washington,21.2797,6.8886,39.2312,4.0561
1999-04-09,44009,Washington,14.7412,4.7887,50.9006,3.25
1999-04-10,44009,Washington,12.2966,2.0888,49.6016,4.6034
1999-04-11,44009,Washington,10.655,-0.7582,51.282,2.2068
1999-04-12,44009,Washington,12.3739,2.4919,52.0147,3.5161
1999-04-13,44009,Washington,11.9054,0.2788,41.1784,4.5216
1999-04-14,44009,Washington,13.3533,0.8025,42.4397,4.1882
1999-04-15,44009,Washington,16.6798,3.4836,42.3182,2.6085
1999-04-16,44009,Washington,11.5857,3.9841,68.2425,3.2167
1999-04-17,44009,Washington,14.5808,5.4918,57.7715,4.7025
1999-04-18,44009,Washington,15.7531,4.6952,52.7776,4.7469
1999-04-19,44009,Washington,15.0876,5.5099,53.2865,3.5595
1999-04-20,44009,Washington,14.3474,4.3135,62.0244,1.8725
1999-04-21,44009,Washington,17.1238,4.4405,49.6791,2.8346
1999-04-22,44009,Washington,13.4263,3.9366,73.4683,1.6741
1999-04-23,44009,Washington,13.0527,5.4728,73.6324,3.1723
1999-04-24,44009,Washington,13.2482,0.1829,40.0395,4.7109
1999-04-25,44009,Washington,14.8078,0.1311,44.7958,3.744
1999-04-26,44009,Washington,19.0389,3.3128,45.3708,4.7956
1999-04-27,44009,Washington,15.9424,3.5688,49.2705,3.2142
1999-04-28,44009,Washington,16.2051,4.6984,47.8382,2.1257
1999-04-29,44009,Washington,15.9408,3.9918,45.37,3.1695
1999-04-30,44009,Washington,16.4106,4.2746,45.2595,3.5201
1999-05-01,44009,Washington,17.9608,2.1733,45.4389,2.2069
1999-05-02,44009,Washington,18.2285,3.3915,51.0341,4.6239
1999-05-03,44009,Washington,14.3727,5.5908,77.7573,6.0448
1999-05-04,44009,Washington,16.1955,8.5124,76.6416,3.2786
1999-05-05,44009,Washington,19.3517,10.3764,73.8499,1.1112
1999-05-06,44009,Washington,21.2906,12.2901,69.4788,1.6083
1999-05-07,44009,Washington,20.4971,11.6457,70.3581,2.9412
1999-05-08,44009,Washington,20.6578,12.1114,73.3484,4.1948
1999-05-09,44009,Washington,22.4396,11.5405,60.3774,3.0137
1999-05-10,44009,Washington,20.2077,9.1676,53.8504,3.4596
1999-05-11,44009,Washington,17.9193,5.5608,53.3159,2.5316
1999-05-12,44009,Washington,19.9754,5.9288,47.5021,2.1924
1999-05-13,44009,Washington,16.8967,5.258,49.736,3.0923
1999-05-14,44009,Washington,17.6506,3.1038,53.5832,2.2825
1999-05-15,44009,Washington,18.5552,5.8731,51.2164,2.5159
1999-05-16,44009,Washington,19.308,5.3375,55.0093,2.3002
1999-05-17,44009,Washington,20.3512,6.8242,66.2343,2.5814
1999-05-18,44009,Washington,21.3398,8.9711,75.3427,3.5862
1999-05-19,44009,Washington,21.1577,13.4485,74.132,3.0053
1999-05-20,44009,Washington,21.4819,11.2251,64.5882,3.8857
1999-05-21,44009,Washington,22.268,7.4812,50.5028,2.2985
1999-05-22,44009,Washington,22.9934,10.2869,53.0045,1.9116
1999-05-23,44009,Washington,18.2131,9.0652,80.8136,3.838
1999-05-24,44009,Washington,21.6551,10.0452,79.2914,3.6441
1999-05-25,44009,Washington,19.2877,11.4486,66.0208,4.5816
1999-05-26,44009,Washington,19.7234,10.0527,62.1143,4.1902
1999-05-27,44009,Washington,19.3302,10.6879,60.2931,2.8165
1999-05-28,44009,Washington,22.5932,10.4892,53.743,2.3739
1999-05-29,44009,Washington,26.3996,10.8098,58.1867,2.0668
1999-05-30,44009,Washington,27.9713,14.0354,55.1975,1.6769
1999-05-31,44009,Washington,27.4962,14.2462,58.2688,2.4068
1999-06-01,44009,Washington,25.8429,13.349,70.4384,2.9246
1999-06-02,44009,Washington,27.8937,15.1341,69.4844,3.1149
1999-06-03,44009,Washington,27.3768,16.6808,67.0468,4.176
1999-06-04,44009,Washington,22.5386,14.0344,55.4616,2.8962
1999-06-05,44009,Washington,22.6892,11.6354,57.3307,2.3752
1999-06-06,44009,Washington,22.9951,11.078,69.8712,3.7473
1999-06-07,44009,Washington,31.4195,15.859,72.2347,4.2705
1999-06-08,44009,Washington,31.1565,19.539,61.2971,4.2057
1999-06-09,44009,Washington,23.2926,12.684,69.749,3.8848
1999-06-10,44009,Washington,20.9635,9.5727,64.9387,3.4126
1999-06-11,44009,Washington,23.1244,8.6625,64.1405,2.6479
1999-06-12,44009,Washington,25.1961,10.9236,74.5502,2.6713
1999-06-13,44009,Washington,26.1531,16.8418,72.7009,2.3285
1999-06-14,44009,Washington,24.0796,16.3091,80.0932,3.4256
1999-06-15,44009,Washington,25.9604,14.1903,63.0638,3.1459
1999-06-16,44009,Washington,22.2058,10.8942,59.8034,3.1611
1999-06-17,44009,Washington,18.1595,12.6354,70.292,2.657
1999-06-18,44009,Washington,22.2243,11.8838,61.0383,1.4933
1999-06-19,44009,Washington,24.2596,13.3429,56.574,1.5082
1999-06-20,44009,Washington,23.2904,12.7108,59.624,1.6832
1999-06-21,44009,Washington,21.5819,13.1442,67.7517,1.4131
1999-06-22,44009,Washington,26.2647,12.7858,60.2713,1.4864
1999-06-23,44009,Washington,29.449,14.1576,58.0997,2.0676
1999-06-24,44009,Washington,29.6629,15.2526,54.646,3.1871
1999-06-25,44009,Washington,27.3187,14.1372,66.8491,3.9927
1999-06-26,44009,Washington,31.5216,19.1016,58.816,3.5941
1999-06-27,44009,Washington,32.2179,18.5327,60.2528,2.9612
1999-06-28,44009,Washington,29.4426,19.9297,71.7751,5.8408
1999-06-29,44009,Washington,29.971,20.5064,70.978,4.581
1999-06-30,44009,Washington,26.7326,19.1061,62.9566,1.655
1999-07-01,44009,Washington,26.234,17.8333,83.8124,4.3255
1999-07-02,44009,Washington,25.2508,19.6075,88.6282,6.4866
1999-07-03,44009,Washington,29.611,19.6509,68.0213,3.1344
1999-07-04,44009,Washington,31.3761,19.734,78.4811,3.7179
1999-07-05,44009,Washington,34.9117,22.9609,66.17,3.8229
1999-07-06,44009,Washington,34.2199,23.2711,65.7025,4.0637
1999-07-07,44009,Washington,29.0412,16.2029,59.7562,4.3267
1999-07-08,44009,Washington,26.9281,14.4767,50.2439,4.126
1999-07-09,44009,Washington,23.8128,13.4897,68.4705,2.7865
1999-07-10,44009,Washington,30.2886,17.6694,60.5196,5.1586
1999-07-11,44009,Washington,25.472,11.9144,49.6866,2.9299
1999-07-12,44009,Washington,26.9176,13.0284,52.3032,2.0794
1999-07-13,44009,Washington,22.24,13.1672,71.7626,3.269
1999-07-14,44009,Washington,25.3885,12.5103,62.3656,1.6327
1999-07-15,44009,Washington,27.9902,13.7842,60.3551,2.3043
1999-07-16,44009,Washington,31.9208,16.8723,62.2835,4.0802
1999-07-17,44009,Washington,33.2888,18.8572,60.031,4.6028
1999-07-18,44009,Washington,34.1835,19.797,59.3122,3.9462
1999-07-19,44009,Washington,31.6596,20.2109,70.3647,2.9263
1999-07-20,44009,Washington,27.4837,18.7651,64.6277,1.9327
1999-07-21,44009,Washington,27.4974,17.7951,62.4032,2.2738
1999-07-22,44009,Washington,27.0655,18.803,79.6535,3.8966
1999-07-23,44009,Washington,30.9699,19.533,67.8314,2.8574
1999-07-24,44009,Washington,29.9271,20.6854,79.7798,3.3328
1999-07-25,44009,Washington,32.0464,21.2415,64.4006,1.9223
1999-07-26,44009,Washington,29.0387,18.5291,74.2234,1.7236
1999-07-27,44009,Washington,30.1255,19.6527,64.8586,2.3147
1999-07-28,44009,Washington,31.9309,18.0427,48.4409,3.3926
1999-07-29,44009,Washington,32.1143,17.5092,53.772,1.8005
1999-07-30,44009,Washington,31.0896,19.0158,66.8429,1.6538
1999-07-31,44009,Washington,30.7121,18.321,70.4505,2.7957
1999-08-01,44009,Washington,32.6247,18.7512,65.1455,3.6204
1999-08-02,44009,Washington,30.1066,16.3471,47.0496,1.925
1999-08-03,44009,Washington,27.5318,14.8119,52.656,1.897
1999-08-04,44009,Washington,28.4719,15.1411,59.8257,2.8054
1999-08-05,44009,Washington,28.7013,15.155,69.3857,2.7044
1999-08-06,44009,Washington,28.4437,16.1606,59.2722,3.0209
1999-08-07,44009,Washington,26.3825,15.1016,54.5385,3.337
1999-08-08,44009,Washington,24.21,15.2647,95.3742,4.0601
1999-08-09,44009,Washington,21.7588,12.2745,59.7424,3.6838
1999-08-10,44009,Washington,22.3833,10.6676,57.6879,2.2737
1999-08-11,44009,Washington,24.1052,15.6917,81.1988,2.8396
1999-08-12,44009,Washington,27.9634,19.1856,76.2706,2.5217
1999-08-13,44009,Washington,28.8387,18.8113,83.8588,4.2212
1999-08-14,44009,Washington,27.0748,21.0592,85.3795,3.8099
1999-08-15,44009,Washington,24.9027,17.4839,83.2339,1.922
1999-08-16,44009,Washington,25.9709,16.6464,69.7864,1.9487
1999-08-17,44009,Washington,27.4914,16.8645,80.7352,4.2301
1999-08-18,44009,Washington,29.2704,18.2348,65.2766,2.6901
1999-08-19,44009,Washington,24.9007,15.2792,59.4424,2.5781
1999-08-20,44009,Washington,22.828,14.5261,66.9735,3.3952
1999-08-21,44009,Washington,21.0055,14.6919,85.2754,3.8457
1999-08-22,44009,Washington,20.5479,13.804,81.866,1.7563
1999-08-23,44009,Washington,26.1055,15.0174,62.4376,1.8855
1999-08-24,44009,Washington,28.2463,15.4977,59.5542,1.9964
1999-08-25,44009,Washington,27.6611,15.3644,65.42,2.2309
1999-08-26,44009,Washington,21.5603,15.391,95.3196,2.5874
1999-08-27,44009,Washington,25.4598,18.4557,86.9781,2.1049
1999-08-28,44009,Washington,27.6315,20.0756,75.0661,3.6532
1999-08-29,44009,Washington,28.229,17.0674,61.165,3.9383
1999-08-30,44009,Washington,21.3174,11.9813,56.8716,4.1975
1999-08-31,44009,Washington,25.2258,11.1979,53.7348,3.9143
1999-09-01,44009,Washington,27.9244,10.4079,48.4482,2.1961
1999-09-02,44009,Washington,28.6444,14.3321,49.9589,1.713
1999-09-03,44009,Washington,29.6178,16.1725,52.1713,1.3959
1999-09-04,44009,Washington,29.4714,16.755,64.4091,2.7545
1999-09-05,44009,Washington,28.9434,16.0245,72.3452,3.5105
1999-09-06,44009,Washington,25.0734,18.7869,88.3936,2.745
1999-09-07,44009,Washington,26.8402,19.2511,80.4161,3.4942
1999-09-08,44009,Washington,24.1956,19.1638,87.0777,3.5807
1999-09-09,44009,Washington,26.4707,19.4482,83.7039,3.2794
1999-09-10,44009,Washington,23.7329,14.6173,94.1126,3.3215
1999-09-11,44009,Washington,25.2986,12.1873,68.2828,2.3766
1999-09-12,44009,Washington,24.1233,13.1272,61.6252,1.2707
1999-09-13,44009,Washington,24.1594,14.0341,70.3845,2.2422
1999-09-14,44009,Washington,25.0744,13.7036,75.1637,2.0643
1999-09-15,44009,Washington,23.5994,16.6088,83.3046,1.8579
1999-09-16,44009,Washington,22.0326,15.5177,96.2157,6.9092
1999-09-17,44009,Washington,20.6965,10.298,68.0128,8.6846
1999-09-18,44009,Washington,20.2475,9.5093,60.5771,3.4179
1999-09-19,44009,Washington,20.622,10.1491,61.6528,1.7861
1999-09-20,44009,Washington,21.5851,11.0924,76.9644,2.53
1999-09-21,44009,Washington,21.5338,13.5393,84.3233,1.715
1999-09-22,44009,Washington,19.4758,9.3914,87.1898,3.4558
1999-09-23,44009,Washington,19.921,7.4048,71.9258,5.0061
1999-09-24,44009,Washington,21.5863,12.48,78.1901,5.0119
1999-09-25,44009,Washington,22.5566,12.5628,76.4529,3.0492
1999-09-26,44009,Washington,18.8712,8.9437,66.8804,2.3062
1999-09-27,44009,Washington,21.03,9.9842,72.8786,1.7927
1999-09-28,44009,Washington,21.6388,13.8466,77.3514,1.6358
1999-09-29,44009,Washington,20.7632,13.8437,84.8101,2.707
1999-09-30,44009,Washington,20.346,8.2641,85.1264,5.2584
1999-10-01,44009,Washington,19.145,6.331,62.2865,3.2804
1999-10-02,44009,Washington,20.7534,8.6355,62.2501,2.7786
1999-10-03,44009,Washington,21.9264,11.5633,71.51,2.7713
1999-10-04,44009,Washington,20.6384,7.435,82.3117,3.7443
1999-10-05,44009,Washington,12.5148,5.4862,76.0943,2.767
1999-10-06,44009,Washington,16.9151,4.485,56.2021,4.642
1999-10-07,44009,Washington,9.9205,-0.214,51.3939,4.1143
1999-10-08,44009,Washington,15.0396,-0.2132,66.4452,3.084
1999-10-09,44009,Washington,21.3982,9.9299,74.0296,4.6542
1999-10-10,44009,Washington,18.9268,11.237,85.6382,3.1894
1999-10-11,44009,Washington,20.9876,7.6196,66.2644,3.9279
1999-10-12,44009,Washington,15.7414,5.0966,51.6693,2.2406
1999-10-13,44009,Washington,21.2478,6.5943,77.6487,4.7226
1999-10-14,44009,Washington,18.214,1.3043,68.4975,6.6187
1999-10-15,44009,Washington,13.5587,-0.7344,59.0659,2.3305
1999-10-16,44009,Washington,19.5297,5.9145,72.309,3.0103
1999-10-17,44009,Washington,22.7947,10.4694,78.7531,2.2814
1999-10-18,44009,Washington,18.9624,3.5889,72.5403,5.0569
1999-10-19,44009,Washington,11.501,0.6747,67.4563,2.8415
1999-10-20,44009,Washington,16.4777,6.7023,84.8521,2.7955
1999-10-21,44009,Washington,14.4415,6.1023,58.1391,2.265
1999-10-22,44009,Washington,16.964,4.1644,74.0426,3.7736
1999-10-23,44009,Washington,13.9507,5.3823,70.6075,5.5327
1999-10-24,44009,Washington,13.9786,3.4399,61.4535,4.8731
1999-10-25,44009,Washington,12.1273,3.0358,57.4801,4.1493
1999-10-26,44009,Washington,16.5097,4.1536,70.9512,5.1694
1999-10-27,44009,Washington,15.9984,5.1366,56.0928,3.6327
1999-10-28,44009,Washington,11.7653,3.3671,64.6748,3.1451
1999-10-29,44009,Washington,17.8919,5.4673,62.2276,2.6667
1999-10-30,44009,Washington,17.4064,5.9395,71.8526,2.8025
1999-10-31,44009,Washington,19.2582,8.705,77.5008,4.6237
1999-11-01,44009,Washington,17.1443,6.6091,54.6876,2.0841
1999-11-02,44009,Washington,19.2646,6.4488,78.9157,6.6523
1999-11-03,44009,Washington,17.0499,2.9255,68.9489,7.4445
1999-11-04,44009,Washington,8.5512,1.4083,54.151,6.6392
1999-11-05,44009,Washington,14.8189,2.2219,57.3437,5.784
1999-11-06,44009,Washington,15.2991,5.7157,47.7938,4.8054
1999-11-07,44009,Washington,8.357,-0.4308,44.5025,6.1029
1999-11-08,44009,Washington,5.7002,-1.9901,47.5982,3.9505
1999-11-09,44009,Washington,13.0607,-0.9673,64.9325,4.8221
1999-11-10,44009,Washington,19.2251,7.816,65.1418,5.0501
1999-11-11,44009,Washington,14.8346,-3.3768,46.2305,4.8192
1999-11-12,44009,Washington,7.5234,-3.6133,63.9188,2.2514
1999-11-13,44009,Washington,11.7009,3.6903,63.2121,2.1584
1999-11-14,44009,Washington,13.5986,3.7226,69.9379,4.7794
1999-11-15,44009,Washington,7.96,-0.7319,50.8521,6.7887
1999-11-16,44009,Washington,3.2062,-3.0271,54.2258,7.5601
1999-11-17,44009,Washington,3.8743,-3.282,49.8516,5.6499
1999-11-18,44009,Washington,8.2652,-1.8359,53.0027,3.7003
1999-11-19,44009,Washington,13.2104,2.3002,62.5464,2.6525
1999-11-20,44009,Washington,17.7118,5.836,73.8306,4.5616
1999-11-21,44009,Washington,16.754,8.0909,62.5499,1.6388
1999-11-22,44009,Washington,17.4398,7.0139,65.4963,1.7767
1999-11-23,44009,Washington,16.7417,7.3977,76.5203,1.7712
1999-11-24,44009,Washington,18.2176,10.682,73.1067,3.7767
1999-11-25,44009,Washington,14.0527,7.0638,76.9601,2.4386
1999-11-26,44009,Washington,17.3981,7.2182,77.0311,4.6541
1999-11-27,44009,Washington,15.5258,5.5434,75.6837,3.7334
1999-11-28,44009,Washington,8.7975,2.4274,54.3883,5.3012
1999-11-29,44009,Washington,7.8011,0.0423,50.7973,3.5309
1999-11-30,44009,Washington,4.9701,-3.4373,54.541,5.8053
1999-12-01,44009,Washington,1.9075,-5.3886,38.9489,7.2682
1999-12-02,44009,Washington,5.0887,-6.5219,44.1977,4.3465
1999-12-03,44009,Washington,10.3076,-1.7179,51.1306,2.55
1999-12-04,44009,Washington,11.3547,3.0514,62.9757,3.075
1999-12-05,44009,Washington,15.1708,4.0969,61.2969,2.9635
1999-12-06,44009,Washington,14.1752,6.8658,73.5821,2.9378
1999-12-07,44009,Washington,14.18,1.3558,66.5856,4.2792
1999-12-08,44009,Washington,9.2754,-1.2833,49.818,2.9677
1999-12-09,44009,Washington,9.2723,-0.306,47.9155,1.623
1999-12-10,44009,Washington,12.6745,0.8004,71.8431,4.8708
1999-12-11,44009,Washington,10.3544,-2.2771,43.0442,9.1468
1999-12-12,44009,Washington,6.5673,-2.2099,49.3709,3.7809
1999-12-13,44009,Washington,8.1146,-1.0681,64.0367,1.2774
1999-12-14,44009,Washington,7.416,2.1354,70.2568,7.437
1999-12-15,44009,Washington,10.0539,3.4338,70.9412,5.2142
1999-12-16,44009,Washington,11.9024,1.3764,60.2495,5.0334
1999-12-17,44009,Washington,6.562,-0.7414,47.3707,5.8213
1999-12-18,44009,Washington,4.819,-2.2749,41.3583,2.5364
1999-12-19,44009,Washington,4.1328,-3.0533,47.1922,3.2975
1999-12-20,44009,Washington,10.7906,-2.608,65.6058,5.5014
1999-12-21,44009,Washington,12.3814,1.2475,57.6676,4.166
1999-12-22,44009,Washington,4.7152,-3.1584,48.0045,3.4751
1999-12-23,44009,Washington,3.6704,-3.3839,44.8402,4.1136
1999-12-24,44009,Washington,2.2235,-7.6901,32.2622,4.8312
1999-12-25,44009,Washington,-2.1993,-10.0608,38.6419,4.1015
1999-12-26,44009,Washington,5.9174,-6.9155,55.6314,6.8856
1999-12-27,44009,Washington,1.2145,-3.7794,37.5706,6.3327
1999-12-28,44009,Washington,0.3132,-6.4897,38.2,3.4971
1999-12-29,44009,Washington,1.3318,-4.468,60.9718,5.3209
1999-12-30,44009,Washington,7.6749,-2.5455,56.517,5.6355
1999-12-31,44009,Washington,2.7332,-2.6521,58.9672,2.0517
2000-01-01,44009,Washington,7.0103,-1.7591,51.8319,3.5484
2000-01-02,44009,Washington,11.6319,0.0287,62.8073,3.9614
2000-01-03,44009,Washington,14.7989,6.7616,56.5856,3.582
2000-01-04,44009,Washington,14.4896,6.0781,64.6421,5.9539
2000-01-05,44009,Washington,12.5641,-4.4659,34.937,5.5857
2000-01-06,44009,Washington,4.2453,-4.8443,45.9011,2.4655
2000-01-07,44009,Washington,8.1387,-1.1354,50.1366,4.8969
2000-01-08,44009,Washington,2.7507,-3.7436,41.8615,4.7401
2000-01-09,44009,Washington,8.0623,-1.3743,54.1529,3.5871
2000-01-10,44009,Washington,11.4164,2.2419,59.8925,5.989
2000-01-11,44009,Washington,10.989,1.5415,47.7482,7.303
2000-01-12,44009,Washington,5.5883,-1.339,40.023,7.2337
2000-01-13,44009,Washington,2.313,-9.8609,52.5685,5.373
2000-01-14,44009,Washington,-7.3125,-14.7898,44.2689,7.939
2000-01-15,44009,Washington,-6.4192,-15.9769,46.9113,3.68
2000-01-16,44009,Washington,4.3186,-10.4593,56.1728,7.2631
2000-01-17,44009,Washington,-4.6671,-17.5832,36.9721,9.2053
2000-01-18,44009,Washington,-5.2143,-16.5275,33.0159,4.0196
2000-01-19,44009,Washington,-4.3285,-12.5019,30.8229,3.7079
2000-01-20,44009,Washington,-1.0998,-10.8715,44.2622,4.4158
2000-01-21,44009,Washington,-3.4572,-15.9243,41.3056,9.5478
2000-01-22,44009,Washington,-9.2857,-17.9472,37.6008,8.1902
2000-01-23,44009,Washington,-2.286,-14.595,44.1679,3.2019
2000-01-24,44009,Washington,2.7198,-5.8614,45.2607,3.0955
2000-01-25,44009,Washington,2.7456,-4.0002,64.5667,7.2602
2000-01-26,44009,Washington,3.2791,-6.1335,52.4299,4.2567
2000-01-27,44009,Washington,-3.0471,-13.011,44.4428,5.9163
2000-01-28,44009,Washington,-7.5092,-15.2298,45.6131,6.5668
2000-01-29,44009,Washington,-1.4547,-13.0864,36.0826,3.9918
2000-01-30,44009,Washington,3.155,-9.1166,42.4021,2.0081
2000-01-31,44009,Washington,5.3201,-2.8071,55.8777,6.7575
2000-02-01,44009,Washington,2.5065,-3.5304,55.7825,6.5207
2000-02-02,44009,Washington,0.6639,-9.4792,36.5063,7.6081
2000-02-03,44009,Washington,0.3524,-10.4648,51.5247,3.0781
2000-02-04,44009,Washington,1.7792,-4.4352,67.9398,2.0823
2000-02-05,44009,Washington,2.3186,-3.8661,52.4175,5.1516
2000-02-06,44009,Washington,1.2088,-4.8949,44.3716,6.2019
2000-02-07,44009,Washington,4.5066,-4.2774,50.1986,6.4364
2000-02-08,44009,Washington,-0.7815,-9.9556,34.1868,3.6873
2000-02-09,44009,Washington,5.3626,-6.2618,66.3748,5.8242
2000-02-10,44009,Washington,7.6755,-1.8166,59.9849,2.841
2000-02-11,44009,Washington,8.9485,-1.5927,70.4003,3.7784
2000-02-12,44009,Washington,1.3156,-6.8491,34.7725,2.8979
2000-02-13,44009,Washington,4.207,-5.6061,58.1296,2.3309
2000-02-14,44009,Washington,11.1921,-0.0425,78.8031,5.4051
2000-02-15,44009,Washington,6.9079,-2.626,53.0611,3.9442
2000-02-16,44009,Washington,6.8857,-2.5729,60.7992,4.9416
2000-02-17,44009,Washington,2.4165,-7.1065,35.0743,4.8576
2000-02-18,44009,Washington,2.5647,-6.7241,62.6872,3.8536
2000-02-19,44009,Washington,2.0912,-2.5646,74.6171,3.8687
2000-02-20,44009,Washington,3.036,-2.7095,64.443,4.3683
2000-02-21,44009,Washington,3.5677,-3.2937,51.1654,3.7253
2000-02-22,44009,Washington,6.5413,-2.1717,55.581,2.6054
2000-02-23,44009,Washington,10.0615,-1.9929,67.9035,3.8715
2000-02-24,44009,Washington,12.0038,2.2861,64.5277,2.3473
2000-02-25,44009,Washington,9.5478,1.3179,68.4283,4.8646
2000-02-26,44009,Washington,9.603,1.0489,71.0023,4.0305
2000-02-27,44009,Washington,13.0206,1.5461,71.8244,3.0829
2000-02-28,44009,Washington,10.6888,0.2452,69.2945,5.4256
2000-02-29,44009,Washington,9.3288,-0.8734,45.9083,5.4222
2000-03-01,44009,Washington,9.1907,-0.9643,59.6297,2.0566
2000-03-02,44009,Washington,9.1547,0.0653,57.0466,5.1884
2000-03-03,44009,Washington,7.39,-1.532,48.9173,6.193
2000-03-04,44009,Washington,8.6289,-1.9854,42.6151,4.1742
2000-03-05,44009,Washington,8.9999,0.2422,50.1433,4.3845
2000-03-06,44009,Washington,8.7427,-0.5426,41.1667,4.2664
2000-03-07,44009,Washington,10.6372,-0.9616,48.5452,3.4322
2000-03-08,44009,Washington,10.6895,4.0888,56.2149,2.8492
2000-03-09,44009,Washington,18.1903,4.1812,63.2492,3.7449
2000-03-10,44009,Washington,11.8017,1.4034,60.5243,3.9831
2000-03-11,44009,Washington,8.4788,0.8739,70.6836,5.2663
2000-03-12,44009,Washington,13.2895,0.4762,76.7124,4.7148
2000-03-13,44009,Washington,5.1784,-1.9224,43.0237,3.927
2000-03-14,44009,Washington,8.8058,-0.9761,56.3755,3.0233
2000-03-15,44009,Washington,12.7858,0.3043,62.3338,4.4376
2000-03-16,44009,Washington,12.3535,4.0982,75.6307,3.4357
2000-03-17,44009,Washington,9.8262,-4.8091,65.4423,6.4089
2000-03-18,44009,Washington,2.7197,-6.3012,40.6423,4.7258
2000-03-19,44009,Washington,5.6453,-4.0729,51.1234,3.5639
2000-03-20,44009,Washington,7.7225,-3.1133,65.4688,4.7546
2000-03-21,44009,Washington,9.6267,0.3456,66.2967,5.8802
2000-03-22,44009,Washington,12.0577,0.9312,60.2023,4.3168
2000-03-23,44009,Washington,14.181,-0.6288,49.9131,1.7103
2000-03-24,44009,Washington,16.3937,2.0408,43.7936,2.1863
2000-03-25,44009,Washington,14.5387,1.1383,60.3008,4.075
2000-03-26,44009,Washington,16.251,6.0289,47.7003,3.8579
2000-03-27,44009,Washington,13.6073,2.2665,55.244,3.0292
2000-03-28,44009,Washington,14.0656,5.0977,75.2656,5.8445
2000-03-29,44009,Washington,13.5999,4.4608,55.2153,5.4131
2000-03-30,44009,Washington,11.0627,3.4501,55.7945,3.4848
2000-03-31,44009,Washington,10.3876,3.4367,50.5481,2.6006
2000-04-01,44009,Washington,13.8848,3.7524,47.6406,3.3459
2000-04-02,44009,Washington,15.1308,3.5182,66.3151,4.9415
2000-04-03,44009,Washington,14.0867,7.8525,78.9517,2.004
2000-04-04,44009,Washington,14.9806,8.4491,79.4431,5.9922
2000-04-05,44009,Washington,11.1203,2.1167,49.6685,6.963
2000-04-06,44009,Washington,12.5295,0.2465,63.1752,4.3214
2000-04-07,44009,Washington,14.2104,4.8195,53.1884,3.2876
2000-04-08,44009,Washington,17.5585,4.7105,75.5718,5.8538
2000-04-09,44009,Washington,11.8284,0.9207,69.3745,7.5505
2000-04-10,44009,Washington,10.3158,0.1039,46.9833,5.9223
2000-04-11,44009,Washington,9.2629,-0.5048,60.6545,2.1586
2000-04-12,44009,Washington,12.3014,0.4473,58.0409,4.3785
2000-04-13,44009,Washington,9.0522,-1.3124,41.0001,2.7192
2000-04-14,44009,Washington,11.0079,-0.0989,57.4209,3.4641
2000-04-15,44009,Washington,16.5753,3.4671,79.8202,3.7623
2000-04-16,44009,Washington,21.7645,9.9242,62.9161,2.1256
2000-04-17,44009,Washington,11.6,2.7223,59.2232,5.2779
2000-04-18,44009,Washington,7.4153,2.7523,75.2167,7.1189
2000-04-19,44009,Washington,9.4282,4.1529,74.7441,5.9351
2000-04-20,44009,Washington,15.2366,3.6415,65.2047,2.1437
2000-04-21,44009,Washington,9.7617,5.7783,77.7194,5.5875
2000-04-22,44009,Washington,14.1389,4.98,80.408,3.5932
2000-04-23,44009,Washington,11.9483,5.9572,77.5973,3.7776
2000-04-24,44009,Washington,13.1643,4.871,59.9159,4.0825
2000-04-25,44009,Washington,11.0228,2.7235,58.9312,5.169
2000-04-26,44009,Washington,6.64,1.7989,70.3717,5.3486
2000-04-27,44009,Washington,10.1701,1.396,68.7149,2.1288
2000-04-28,44009,Washington,12.6719,4.0326,68.518,2.49
2000-04-29,44009,Washington,16.2807,4.7291,53.3021,2.1328
2000-04-30,44009,Washington,15.8321,3.8754,43.9253,4.0916
2000-05-01,44009,Washington,16.3319,2.5889,49.2797,3.8448
2000-05-02,44009,Washington,17.7122,7.2102,59.6948,3.1712
2000-05-03,44009,Washington,16.3366,4.1366,51.1057,2.3637
2000-05-04,44009,Washington,17.8678,4.1002,66.3017,4.0252
2000-05-05,44009,Washington,24.7991,8.5677,63.1199,3.5073
2000-05-06,44009,Washington,24.3836,12.2807,60.6436,2.1246
2000-05-07,44009,Washington,28.2179,10.2764,60.0474,3.6478
2000-05-08,44009,Washington,28.4938,15.6863,57.6194,2.7559
2000-05-09,44009,Washington,27.9408,14.8283,62.224,4.3988
2000-05-10,44009,Washington,18.0076,9.9897,67.0801,4.4634
2000-05-11,44009,Washington,20.4002,9.3769,60.584,2.4398
2000-05-12,44009,Washington,17.2512,9.9386,68.3947,1.8118
2000-05-13,44009,Washington,19.697,10.0592,73.7861,2.6871
2000-05-14,44009,Washington,21.6783,10.0321,55.3236,3.6233
2000-05-15,44009,Washington,16.5624,6.2176,51.013,3.5152
2000-05-16,44009,Washington,18.8035,4.4492,51.3117,2.8344
2000-05-17,44009,Washington,20.193,7.5715,58.7845,2.4643
2000-05-18,44009,Washington,19.8918,9.2648,81.9812,6.2623
2000-05-19,44009,Washington,17.2814,5.2919,70.0801,5.1929
2000-05-20,44009,Washington,12.7028,5.1955,77.1031,2.8787
2000-05-21,44009,Washington,14.819,7.7028,76.124,1.9726
2000-05-22,44009,Washington,15.587,8.9899,75.3024,2.0881
2000-05-23,44009,Washington,18.4607,8.6875,71.5562,2.5358
2000-05-24,44009,Washington,22.1469,9.8416,74.1629,3.1089
2000-05-25,44009,Washington,22.8409,11.3305,61.5013,3.8566
2000-05-26,44009,Washington,20.7447,10.2683,58.0891,4.2381
2000-05-27,44009,Washington,20.4495,10.4514,60.4641,3.4694
2000-05-28,44009,Washington,18.5265,10.6119,61.3337,2.245
2000-05-29,44009,Washington,16.7146,7.4531,65.4098,4.0548
2000-05-30,44009,Washington,17.6637,5.3382,67.6861,3.2719
2000-05-31,44009,Washington,19.7798,5.7241,71.5219,2.2133
2000-06-01,44009,Washington,25.9874,10.0165,67.9991,2.77
2000-06-02,44009,Washington,25.2949,15.8541,66.959,3.3745
2000-06-03,44009,Washington,21.9913,13.6808,57.8818,3.2622
2000-06-04,44009,Washington,21.7528,9.9203,56.636,1.9189
2000-06-05,44009,Washington,18.6448,10.7565,65.0232,3.7378
2000-06-06,44009,Washington,15.9711,8.6845,78.159,7.1055
2000-06-07,44009,Washington,20.8124,7.1502,59.6578,4.2314
2000-06-08,44009,Washington,21.9572,9.4134,66.6615,3.53
2000-06-09,44009,Washington,27.268,14.2192,68.028,4.1711
2000-06-10,44009,Washington,28.9528,16.2736,67.65,4.2751
2000-06-11,44009,Washington,27.6099,14.208,74.1669,2.9294
2000-06-12,44009,Washington,17.1471,11.0419,73.6563,3.761
2000-06-13,44009,Washington,16.5682,9.9337,71.2565,3.5919
2000-06-14,44009,Washington,15.6735,9.89,75.9092,3.4806
2000-06-15,44009,Washington,23.6957,11.766,75.6237,2.9317
2000-06-16,44009,Washington,27.842,15.1247,76.4879,4.177
2000-06-17,44009,Washington,29.0383,18.282,71.9258,4.417
2000-06-18,44009,Washington,23.5092,15.6832,67.3093,2.0336
2000-06-19,44009,Washington,23.1509,14.4329,71.5255,1.673
2000-06-20,44009,Washington,26.3146,12.9151,59.3336,2.2122
2000-06-21,44009,Washington,25.1805,14.1946,69.4106,5.1047
2000-06-22,44009,Washington,27.8536,18.0587,71.5965,4.6005
2000-06-23,44009,Washington,26.7072,17.0984,60.7171,2.7787
2000-06-24,44009,Washington,26.3968,15.4277,59.9736,1.8858
2000-06-25,44009,Washington,27.7133,14.8709,75.9327,4.2764
2000-06-26,44009,Washington,28.2589,17.961,76.1177,3.8429
2000-06-27,44009,Washington,29.6577,20.087,70.8222,4.0426
2000-06-28,44009,Washington,26.9742,18.0285,58.9323,1.9946
2000-06-29,44009,Washington,23.9139,15.3731,71.4087,1.7244
2000-06-30,44009,Washington,24.321,13.9571,67.5787,2.8794
2000-07-01,44009,Washington,25.6873,13.99,61.8487,1.8244
2000-07-02,44009,Washington,27.2369,14.3486,65.9439,2.2879
2000-07-03,44009,Washington,27.3674,15.4678,74.6628,3.4316
2000-07-04,44009,Washington,25.2684,18.9131,80.2984,3.4334
2000-07-05,44009,Washington,26.8749,15.5955,64.4376,2.8735
2000-07-06,44009,Washington,22.9022,11.7561,63.1923,1.5575
2000-07-07,44009,Washington,23.2416,13.2645,60.6496,2.4755
2000-07-08,44009,Washington,23.7286,10.4415,58.4626,3.2618
2000-07-09,44009,Washington,24.4718,13.4161,70.1816,3.8301
2000-07-10,44009,Washington,29.3887,18.3266,67.3635,4.3069
2000-07-11,44009,Washington,25.9594,15.1076,57.1645,2.685
2000-07-12,44009,Washington,26.0335,13.666,56.6013,2.1537
2000-07-13,44009,Washington,27.3851,14.5799,60.8941,2.5971
2000-07-14,44009,Washington,25.9189,15.3233,70.4043,2.9912
2000-07-15,44009,Washington,23.8858,17.1106,78.0724,5.5473
2000-07-16,44009,Washington,26.1767,17.611,73.1012,2.3574
2000-07-17,44009,Washington,26.438,16.7903,73.2894,1.8692
2000-07-18,44009,Washington,27.0629,16.9148,72.6074,3.803
2000-07-19,44009,Washington,23.2773,13.3735,65.545,2.7087
2000-07-20,44009,Washington,23.4549,14.8015,62.2784,1.718
2000-07-21,44009,Washington,25.1384,12.6647,71.5254,3.0444
2000-07-22,44009,Washington,25.2785,16.2521,69.0015,2.8237
2000-07-23,44009,Washington,25.449,13.7681,60.9924,2.4648
2000-07-24,44009,Washington,25.6545,16.5064,63.7204,1.8772
2000-07-25,44009,Washington,24.219,16.1003,69.4385,2.8167
2000-07-26,44009,Washington,21.7422,16.0466,83.7606,3.3439
2000-07-27,44009,Washington,24.7968,17.8678,79.185,1.9314
2000-07-28,44009,Washington,22.8367,17.2974,78.0551,0.8741
2000-07-29,44009,Washington,24.8891,17.2109,75.1,1.1705
2000-07-30,44009,Washington,24.4904,16.7766,78.355,1.6782
2000-07-31,44009,Washington,23.0876,17.6904,80.94,2.9265
2000-08-01,44009,Washington,23.499,16.667,83.8275,1.7887
2000-08-02,44009,Washington,27.6244,18.8438,81.8512,3.0381
2000-08-03,44009,Washington,27.5201,20.8734,79.7429,4.4373
2000-08-04,44009,Washington,26.5907,17.9884,73.2314,2.4022
2000-08-05,44009,Washington,25.7903,16.174,65.0222,1.8296
2000-08-06,44009,Washington,22.3221,17.1637,80.6573,2.3246
2000-08-07,44009,Washington,28.0921,19.0075,82.7993,4.6923
2000-08-08,44009,Washington,30.1351,20.1399,71.2362,3.0663
2000-08-09,44009,Washington,29.1375,19.1035,79.9318,3.3774
2000-08-10,44009,Washington,28.4834,20.2365,70.1161,2.3396
2000-08-11,44009,Washington,27.3497,17.8431,73.498,2.5281
2000-08-12,44009,Washington,24.334,14.9352,74.0072,4.8217
2000-08-13,44009,Washington,21.6147,12.8482,82.673,4.785
2000-08-14,44009,Washington,23.6214,10.722,87.1798,3.5332
2000-08-15,44009,Washington,25.2372,15.2456,78.9189,1.8239
2000-08-16,44009,Washington,27.2962,16.2479,71.0219,4.1174
2000-08-17,44009,Washington,23.3133,13.7225,62.9142,3.1391
2000-08-18,44009,Washington,23.5526,13.8118,72.3524,1.4103
2000-08-19,44009,Washington,24.7757,13.9572,67.1945,2.1664
2000-08-20,44009,Washington,21.2566,11.5531,58.0486,3.1836
2000-08-21,44009,Washington,23.1967,10.2208,60.7954,2.2464
2000-08-22,44009,Washington,23.4148,12.7267,64.5072,1.9032
2000-08-23,44009,Washington,23.3158,13.5744,76.8542,3.4153
2000-08-24,44009,Washington,25.8451,16.4388,74.1148,2.07
2000-08-25,44009,Washington,25.9377,15.9221,65.4731,1.6438
2000-08-26,44009,Washington,26.5505,14.8495,64.7835,1.9712
2000-08-27,44009,Washington,27.0373,14.9783,74.4423,2.9367
2000-08-28,44009,Washington,25.2032,17.4055,75.4669,2.1443
2000-08-29,44009,Washington,24.9246,14.7406,66.4509,3.0209
2000-08-30,44009,Washington,24.6901,14.2781,84.4104,1.5498
2000-08-31,44009,Washington,28.8515,17.5105,75.4396,2.1437
2000-09-01,44009,Washington,28.3875,17.7938,81.3092,2.8988
2000-09-02,44009,Washington,26.6725,19.4263,81.4007,2.3703
2000-09-03,44009,Washington,26.4906,18.7471,81.5323,1.6618
2000-09-04,44009,Washington,26.3226,14.1056,79.8499,2.904
2000-09-05,44009,Washington,17.7881,7.7777,57.9079,4.1116
2000-09-06,44009,Washington,19.5173,6.7348,59.1323,2.4021
2000-09-07,44009,Washington,21.4697,9.3352,61.1794,2.5445
2000-09-08,44009,Washington,24.7349,10.9471,73.8949,4.5781
2000-09-09,44009,Washington,26.4978,16.1643,74.6255,2.6804
2000-09-10,44009,Washington,25.9714,13.6934,69.6041,2.1012
2000-09-11,44009,Washington,24.9657,13.0982,71.6516,2.2116
2000-09-12,44009,Washington,24.8364,12.5898,87.7702,3.8373
2000-09-13,44009,Washington,26.5786,17.3515,72.0994,2.7966
2000-09-14,44009,Washington,24.8477,13.9235,70.8786,2.7463
2000-09-15,44009,Washington,22.3707,12.3705,83.903,3.6856
2000-09-16,44009,Washington,19.4594,9.1305,60.5129,3.9507
2000-09-17,44009,Washington,19.7018,7.5754,66.9399,4.8255
2000-09-18,44009,Washington,23.4041,11.4524,69.4303,3.6696
2000-09-19,44009,Washington,22.1098,13.3824,82.2542,2.5416
2000-09-20,44009,Washington,26.0233,15.0379,75.8926,3.4514
2000-09-21,44009,Washington,24.9723,13.0064,67.7994,4.9819
2000-09-22,44009,Washington,19.4941,9.8209,60.6757,3.4076
2000-09-23,44009,Washington,19.918,9.3839,86.7258,3.1568
2000-09-24,44009,Washington,24.3906,13.6115,80.1595,3.1753
2000-09-25,44009,Washington,17.31,8.9404,65.4464,2.9154
2000-09-26,44009,Washington,13.5786,8.8696,85.7111,5.7013
2000-09-27,44009,Washington,19.1369,6.6017,66.674,2.7969
2000-09-28,44009,Washington,19.3076,8.2558,63.9655,3.47
2000-09-29,44009,Washington,13.9039,4.7889,56.4676,2.4387
2000-09-30,44009,Washington,16.9235,4.3202,68.7287,2.6824
2000-10-01,44009,Washington,20.7444,6.4411,69.6413,1.7728
2000-10-02,44009,Washington,22.5467,9.5186,66.4618,1.7334
2000-10-03,44009,Washington,24.8992,9.241,69.7505,3.4217
2000-10-04,44009,Washington,20.8429,9.7854,69.8124,2.0142
2000-10-05,44009,Washington,19.9479,11.6536,73.3074,2.7829
2000-10-06,44009,Washington,24.096,13.2591,80.556,2.4003
2000-10-07,44009,Washington,17.4441,7.9902,63.964,2.8961
2000-10-08,44009,Washington,13.5188,3.0185,55.7964,3.7369
2000-10-09,44009,Washington,10.3001,2.4296,67.7103,4.4028
2000-10-10,44009,Washington,9.7002,2.4287,62.6171,5.3673
2000-10-11,44009,Washington,18.2893,4.8593,57.846,5.0881
2000-10-12,44009,Washington,19.2041,4.2237,59.3556,3.1479
2000-10-13,44009,Washington,22.2291,5.8079,54.399,3.3591
2000-10-14,44009,Washington,23.9122,9.4244,55.3012,3.5307
2000-10-15,44009,Washington,24.3648,10.3741,53.3566,3.1246
2000-10-16,44009,Washington,14.7424,6.0987,76.9336,4.7911
2000-10-17,44009,Washington,15.6079,6.4845,76.1998,3.6355
2000-10-18,44009,Washington,16.7013,9.0144,89.0262,3.364
2000-10-19,44009,Washington,17.5895,6.5657,66.3764,4.5807
2000-10-20,44009,Washington,17.9143,4.4743,60.2796,3.1722
2000-10-21,44009,Washington,20.4354,7.3585,71.7821,3.9079
2000-10-22,44009,Washington,13.5589,2.8228,54.7204,4.1363
2000-10-23,44009,Washington,14.2107,1.3917,61.5868,1.9646
2000-10-24,44009,Washington,16.5305,3.9412,71.3892,3.2863
2000-10-25,44009,Washington,20.623,7.4585,63.1415,1.4007
2000-10-26,44009,Washington,20.5765,8.361,65.1808,1.4977
2000-10-27,44009,Washington,21.737,8.1808,65.383,1.4273
2000-10-28,44009,Washington,16.7447,0.0263,58.1725,6.3665
2000-10-29,44009,Washington,6.2267,-1.6262,55.8662,5.8272
2000-10-30,44009,Washington,7.2505,-0.7507,71.572,5.0277
2000-10-31,44009,Washington,8.795,1.479,86.5947,5.3893
2000-11-01,44009,Washington,12.4424,2.3948,64.223,5.166
2000-11-02,44009,Washington,15.8206,4.1473,58.0946,4.1669
2000-11-03,44009,Washington,17.0519,6.1154,48.8479,2.2024
2000-11-04,44009,Washington,17.5598,7.2224,55.7046,1.3507
2000-11-05,44009,Washington,11.9875,4.6109,66.1041,4.9685
2000-11-06,44009,Washington,10.6336,1.7912,64.0744,4.5416
2000-11-07,44009,Washington,14.3736,2.5643,62.8322,2.9546
2000-11-08,44009,Washington,15.655,6.2689,63.4331,1.879
2000-11-09,44009,Washington,15.9147,5.594,68.6765,1.5834
2000-11-10,44009,Washington,14.4418,7.843,84.0459,3.7612
2000-11-11,44009,Washington,12.155,6.9179,82.9553,4.7178
2000-11-12,44009,Washington,12.4963,5.8215,70.6143,3.389
2000-11-13,44009,Washington,12.6788,5.4246,68.439,1.3397
2000-11-14,44009,Washington,12.929,5.2699,86.2292,2.8658
2000-11-15,44009,Washington,9.7332,1.5664,61.7037,6.3748
2000-11-16,44009,Washington,8.8926,-0.2346,69.5454,5.1099
2000-11-17,44009,Washington,11.6832,1.8707,64.7213,5.9243
2000-11-18,44009,Washington,7.1516,-0.6272,57.3488,4.7877
2000-11-19,44009,Washington,6.7954,0.4098,52.2297,2.318
2000-11-20,44009,Washington,7.278,0.2069,60.0628,3.0601
2000-11-21,44009,Washington,5.693,-2.0605,58.8921,5.7246
2000-11-22,44009,Washington,2.8938,-3.6034,50.3074,6.8559
2000-11-23,44009,Washington,1.9095,-6.0709,47.8807,4.9607
2000-11-24,44009,Washington,0.2902,-8.0501,43.3298,2.9858
2000-11-25,44009,Washington,3.9007,-5.7902,56.829,1.8116
2000-11-26,44009,Washington,11.4491,-0.6544,92.0035,4.8339
2000-11-27,44009,Washington,10.7192,4.8274,80.2916,5.1688
2000-11-28,44009,Washington,10.6685,2.8674,69.6677,3.6449
2000-11-29,44009,Washington,9.2673,2.0113,64.7325,3.0502
2000-11-30,44009,Washington,7.0159,-0.2499,76.5805,4.1598
2000-12-01,44009,Washington,4.8447,-2.3686,51.174,4.3522
2000-12-02,44009,Washington,1.6864,-6.5977,40.2826,4.5463
2000-12-03,44009,Washington,0.3647,-7.2278,43.0203,2.6649
2000-12-04,44009,Washington,5.37,-6.9487,39.8458,2.1078
2000-12-05,44009,Washington,8.5859,-3.3014,49.3736,5.0638
2000-12-06,44009,Washington,1.7357,-6.4463,35.0131,5.4682
2000-12-07,44009,Washington,1.837,-5.394,38.7004,5.8574
2000-12-08,44009,Washington,-0.6111,-6.2548,54.393,3.0134
2000-12-09,44009,Washington,-1.5694,-8.2899,52.5678,3.7854
2000-12-10,44009,Washington,4.1008,-8.1375,59.0362,2.6919
2000-12-11,44009,Washington,7.3775,0.1523,69.2863,1.6073
2000-12-12,44009,Washington,11.645,-5.771,56.6231,8.8762
2000-12-13,44009,Washington,0.7639,-8.2577,38.3741,2.6658
2000-12-14,44009,Washington,8.3561,-2.9715,71.1965,5.3325
2000-12-15,44009,Washington,2.7306,-5.2742,56.9761,3.2635
2000-12-16,44009,Washington,8.9604,-2.9946,67.6131,5.2599
2000-12-17,44009,Washington,13.8074,3.6399,73.8729,8.8881
2000-12-18,44009,Washington,6.2278,-3.3888,47.6289,7.018
2000-12-19,44009,Washington,6.2286,-3.4405,60.2567,2.5851
2000-12-20,44009,Washington,4.9744,-6.0854,57.7616,6.3694
2000-12-21,44009,Washington,2.3677,-6.6365,58.6901,2.3617
2000-12-22,44009,Washington,2.86,-5.2233,64.3535,3.5501
2000-12-23,44009,Washington,-1.6924,-9.1717,52.6133,5.7509
2000-12-24,44009,Washington,1.9612,-7.7744,58.2804,3.5706
2000-12-25,44009,Washington,-1.1834,-13.6679,47.0462,8.2033
2000-12-26,44009,Washington,-3.5251,-13.801,59.7613,8.0569
2000-12-27,44009,Washington,-0.6879,-9.1383,60.7517,6.4516
2000-12-28,44009,Washington,-3.101,-10.4576,93.3474,6.0571
2000-12-29,44009,Washington,-0.621,-10.6455,62.0957,2.448
2000-12-30,44009,Washington,3.8468,-6.3771,73.1287,5.7783
2000-12-31,44009,Washington,5.2273,-6.7746,52.8307,8.9179
2001-01-01,44009,Washington,0.416,-9.1342,63.0723,4.765
2001-01-02,44009,Washington,0.3144,-10.9211,60.6887,3.753
2001-01-03,44009,Washington,0.5653,-11.4824,64.2886,3.3815
2001-01-04,44009,Washington,0.9738,-8.146,65.7035,4.2725
2001-01-05,44009,Washington,4.1223,-7.2361,68.5087,2.7307
2001-01-06,44009,Washington,4.4164,-3.7282,74.3393,4.1053
2001-01-07,44009,Washington,3.7539,-5.0124,65.4131,3.1149
2001-01-08,44009,Washington,4.8522,-3.7167,73.3958,3.1384
2001-01-09,44009,Washington,3.7435,-5.9487,72.5708,4.6815
2001-01-10,44009,Washington,-1.4432,-9.7733,58.7249,5.7904
2001-01-11,44009,Washington,4.0389,-8.7243,70.8842,4.9258
2001-01-12,44009,Washington,1.1599,-9.2556,60.0203,3.2662
2001-01-13,44009,Washington,2.5105,-8.233,58.8831,1.7949
2001-01-14,44009,Washington,4.6647,-4.9129,69.3432,2.3506
2001-01-15,44009,Washington,4.734,-1.8433,76.1117,2.8735
2001-01-16,44009,Washington,4.5664,-1.7473,75.0167,3.7439
2001-01-17,44009,Washington,4.8453,-1.9923,64.9065,3.8835
2001-01-18,44009,Washington,3.3947,-3.6133,60.3709,1.8676
2001-01-19,44009,Washington,4.6973,-1.2905,77.6157,2.5834
2001-01-20,44009,Washington,4.0943,-3.1293,72.1475,5.7694
2001-01-21,44009,Washington,1.5986,-7.967,65.765,5.9473
2001-01-22,44009,Washington,1.4987,-9.3068,58.9831,2.2312
2001-01-23,44009,Washington,3.8896,-7.0383,63.4292,1.6913
2001-01-24,44009,Washington,3.8618,-6.7423,62.6944,2.4415
2001-01-25,44009,Washington,3.7539,-5.7586,61.4008,2.9624
2001-01-26,44009,Washington,1.547,-8.4245,60.2776,2.7222
2001-01-27,44009,Washington,3.8814,-6.4399,74.9187,4.6091
2001-01-28,44009,Washington,2.5299,-6.5665,60.0493,5.2782
2001-01-29,44009,Washington,2.1842,-8.549,61.8316,3.2871
2001-01-30,44009,Washington,7.6382,-4.7411,77.4911,4.4591
2001-01-31,44009,Washington,9.4984,0.7285,64.7648,3.3618
2001-02-01,44009,Washington,7.9278,-0.1161,52.0903,3.3561
2001-02-02,44009,Washington,6.9599,0.1406,51.0661,1.907
2001-02-03,44009,Washington,3.6322,-6.3709,45.8166,5.6391
2001-02-04,44009,Washington,2.7503,-7.15,51.0766,1.8794
2001-02-05,44009,Washington,4.8493,-1.3612,64.5749,5.9954
2001-02-06,44009,Washington,5.5418,0.2061,59.9412,6.561
2001-02-07,44009,Washington,4.2597,-2.5219,57.7624,4.7883
2001-02-08,44009,Washington,4.4784,-3.4396,56.3272,2.3157
2001-02-09,44009,Washington,7.3013,0.4547,65.3874,3.2603
2001-02-10,44009,Washington,12.3987,-5.0715,48.2156,8.3029
2001-02-11,44009,Washington,-1.5029,-12.6768,39.816,7.2573
2001-02-12,44009,Washington,-0.7895,-16.9134,52.7955,2.6193
2001-02-13,44009,Washington,4.7394,-4.0248,60.7195,2.5515
2001-02-14,44009,Washington,5.4011,-3.8041,66.5644,2.9077
2001-02-15,44009,Washington,5.8651,-2.6466,56.5977,3.3011
2001-02-16,44009,Washington,5.1291,-2.5464,58.5977,1.4608
2001-02-17,44009,Washington,4.5056,-7.6307,55.2651,6.3971
2001-02-18,44009,Washington,-0.479,-10.9879,47.9856,4.8559
2001-02-19,44009,Washington,4.1915,-7.679,56.1119,5.0742
2001-02-20,44009,Washington,5.4252,0.1254,63.4151,3.6599
2001-02-21,44009,Washington,8.5102,-7.9875,45.6608,5.9942
2001-02-22,44009,Washington,-1.5817,-10.1262,50.6563,3.1886
2001-02-23,44009,Washington,2.943,-4.4989,57.9952,4.9846
2001-02-24,44009,Washington,1.1595,-7.0728,45.6556,3.6372
2001-02-25,44009,Washington,6.6827,-3.8901,66.2838,4.8214
2001-02-26,44009,Washington,7.0297,-2.3071,57.7661,5.8183
2001-02-27,44009,Washington,4.6902,-5.1284,56.1822,4.0092
2001-02-28,44009,Washington,2.0648,-6.4427,44.2833,4.5323
2001-03-01,44009,Washington,-0.4383,-6.7922,58.3422,3.8368
2001-03-02,44009,Washington,1.746,-4.3398,69.5432,1.011
2001-03-03,44009,Washington,2.8407,-2.001,72.7335,2.2489
2001-03-04,44009,Washington,1.8319,-3.9713,65.6042,5.5902
2001-03-05,44009,Washington,3.002,-3.6072,82.1648,7.9744
2001-03-06,44009,Washington,3.4782,-1.7591,74.3631,7.6753
2001-03-07,44009,Washington,2.1872,-3.5954,68.309,4.88
2001-03-08,44009,Washington,3.2275,-3.2361,62.9713,1.3748
2001-03-09,44009,Washington,4.1196,-1.6605,77.8995,3.3845
2001-03-10,44009,Washington,4.3903,-1.7877,67.5521,5.8841
2001-03-11,44009,Washington,7.0967,-2.4588,60.2508,5.5072
2001-03-12,44009,Washington,2.954,-5.2049,58.8856,2.8661
2001-03-13,44009,Washington,8.3013,-1.6896,77.3388,3.7736
2001-03-14,44009,Washington,6.7502,-0.3755,64.056,5.7039
2001-03-15,44009,Washington,10.2182,-0.2366,55.3336,3.5265
2001-03-16,44009,Washington,10.7074,0.3128,51.5523,1.2969
2001-03-17,44009,Washington,7.6304,1.984,57.9919,1.7564
2001-03-18,44009,Washington,8.8419,-0.2607,55.303,4.1094
2001-03-19,44009,Washington,9.3938,-2.2045,47.2972,3.7267
2001-03-20,44009,Washington,11.0378,-0.151,48.9604,1.9617
2001-03-21,44009,Washington,9.1281,0.2354,77.389,6.9511
2001-03-22,44009,Washington,12.1342,2.8265,76.6975,5.4726
2001-03-23,44009,Washington,8.048,0.9338,57.7245,7.2759
2001-03-24,44009,Washington,10.544,-0.4232,55.2833,6.1566
2001-03-25,44009,Washington,6.438,-1.7495,44.2506,4.2533
2001-03-26,44009,Washington,4.5519,-1.8444,50.3003,2.4032
2001-03-27,44009,Washington,3.8261,-3.9733,50.2699,5.2508
2001-03-28,44009,Washington,7.2027,-2.0768,51.6736,3.7735
2001-03-29,44009,Washington,7.8031,0.2218,60.5128,2.8169
2001-03-30,44009,Washington,8.1764,1.5385,73.992,5.2552
2001-03-31,44009,Washington,8.974,0.4159,61.9931,2.1358
2001-04-01,44009,Washington,6.1222,-0.5205,59.694,3.8269
2001-04-02,44009,Washington,6.7696,-1.2065,54.7197,3.6713
2001-04-03,44009,Washington,9.3221,-0.0101,47.8778,2.9712
2001-04-04,44009,Washington,11.819,2.0022,45.4587,1.5061
2001-04-05,44009,Washington,14.5686,0.4516,39.1233,2.5556
2001-04-06,44009,Washington,13.114,1.8222,64.0775,2.93
2001-04-07,44009,Washington,10.9264,1.683,55.0654,4.0359
2001-04-08,44009,Washington,11.0322,1.2657,70.3838,3.1492
2001-04-09,44009,Washington,21.1426,3.1013,54.2345,2.6379
2001-04-10,44009,Washington,13.9859,6.0843,59.1965,2.332
2001-04-11,44009,Washington,12.6217,4.4841,56.5438,2.9973
2001-04-12,44009,Washington,13.0117,4.4225,75.7811,3.5588
2001-04-13,44009,Washington,18.7112,6.5724,55.4862,4.6707
2001-04-14,44009,Washington,14.884,3.3701,38.0173,4.5859
2001-04-15,44009,Washington,15.5228,2.1196,39.3276,2.0062
2001-04-16,44009,Washington,13.8279,3.1478,48.5657,2.3645
2001-04-17,44009,Washington,11.4016,2.7558,67.6049,1.2906
2001-04-18,44009,Washington,11.9897,1.3232,49.4584,4.8725
2001-04-19,44009,Washington,9.4823,-0.722,45.0732,3.7155
2001-04-20,44009,Washington,16.4693,0.4054,54.9896,3.466
2001-04-21,44009,Washington,16.5122,5.5366,69.8327,2.9524
2001-04-22,44009,Washington,24.1692,9.2334,56.3294,4.5642
2001-04-23,44009,Washington,20.9309,8.5994,52.3031,2.44
2001-04-24,44009,Washington,23.2675,8.1036,59.5407,5.0991
2001-04-25,44009,Washington,14.6334,4.5103,47.3308,2.7488
2001-04-26,44009,Washington,15.444,2.5092,41.7034,2.9293
2001-04-27,44009,Washington,18.0591,0.102,46.6387,2.6881
2001-04-28,44009,Washington,14.6242,3.9551,42.0465,3.2654
2001-04-29,44009,Washington,15.5046,0.6428,38.9093,2.3685
2001-04-30,44009,Washington,19.6128,3.4027,46.2129,3.3778
2001-05-01,44009,Washington,24.1847,9.1694,47.1607,2.6176
2001-05-02,44009,Washington,28.8638,10.9284,43.3487,3.2102
2001-05-03,44009,Washington,29.5749,13.4869,46.7096,3.3695
2001-05-04,44009,Washington,29.2439,14.6922,47.4585,3.3513
2001-05-05,44009,Washington,21.5297,11.3748,54.1067,3.2217
2001-05-06,44009,Washington,15.2954,4.0305,48.7663,4.1929
2001-05-07,44009,Washington,16.5908,2.567,44.0302,2.0702
2001-05-08,44009,Washington,17.8304,2.0032,59.3062,2.5415
2001-05-09,44009,Washington,20.4711,6.2084,56.7797,1.4684
2001-05-10,44009,Washington,25.1051,8.0259,48.5025,2.0537
2001-05-11,44009,Washington,26.9044,12.0132,44.9745,2.8647
2001-05-12,44009,Washington,27.085,12.9509,58.8631,3.5266
2001-05-13,44009,Washington,19.0391,9.1204,55.9736,3.7629
2001-05-14,44009,Washington,18.2701,4.4993,47.1652,3.8538
2001-05-15,44009,Washington,15.7682,5.683,56.0642,4.4975
2001-05-16,44009,Washington,15.7411,6.7325,69.5054,3.9942
2001-05-17,44009,Washington,17.6566,7.9226,61.551,1.7693
2001-05-18,44009,Washington,16.8683,9.1883,67.5223,3.0375
2001-05-19,44009,Washington,23.6596,11.1309,60.73,2.9132
2001-05-20,44009,Washington,18.8063,7.9155,60.8565,2.9673
2001-05-21,44009,Washington,16.2206,7.8051,77.2435,3.8966
2001-05-22,44009,Washington,17.1487,11.9858,76.6339,6.7435
2001-05-23,44009,Washington,16.2909,9.4311,77.7013,6.4807
2001-05-24,44009,Washington,20.7358,9.0849,70.6747,4.2754
2001-05-25,44009,Washington,20.5757,10.3482,65.1309,4.0225
2001-05-26,44009,Washington,19.232,9.6728,79.9604,3.3971
2001-05-27,44009,Washington,21.8858,13.5591,72.2532,2.5128
2001-05-28,44009,Washington,22.1923,12.8793,70.4762,3.2131
2001-05-29,44009,Washington,22.0248,12.4349,64.2878,3.6214
2001-05-30,44009,Washington,17.5266,8.0176,56.6429,4.7913
2001-05-31,44009,Washington,16.7661,7.786,51.9257,4.6872
2001-06-01,44009,Washington,18.8995,7.0079,60.778,2.3488
2001-06-02,44009,Washington,20.497,12.7606,78.3067,3.7558
2001-06-03,44009,Washington,22.9788,14.042,73.6904,3.3213
2001-06-04,44009,Washington,21.5759,11.5148,64.6855,4.174
2001-06-05,44009,Washington,22.2673,11.9633,64.5716,3.7334
2001-06-06,44009,Washington,22.9876,13.3352,57.7265,3.02
2001-06-07,44009,Washington,23.8616,11.8631,58.7347,1.7412
2001-06-08,44009,Washington,25.0622,13.9205,50.2507,2.7171
2001-06-09,44009,Washington,24.8885,11.6594,51.078,2.3257
2001-06-10,44009,Washington,25.3178,12.5255,54.6779,2.429
2001-06-11,44009,Washington,25.136,14.2895,67.6424,2.9365
2001-06-12,44009,Washington,26.9231,17.1773,65.3734,1.7697
2001-06-13,44009,Washington,26.27,16.0251,69.8569,1.7066
2001-06-14,44009,Washington,28.229,16.9556,70.3952,1.6771
2001-06-15,44009,Washington,28.1952,17.7457,74.501,2.9178
2001-06-16,44009,Washington,28.9173,18.408,74.1684,2.526
2001-06-17,44009,Washington,24.0922,18.8863,77.0651,1.6533
2001-06-18,44009,Washington,27.3199,16.812,58.7245,2.7422
2001-06-19,44009,Washington,27.9154,15.8055,65.4068,3.5779
2001-06-20,44009,Washington,28.5418,17.0052,70.882,3.6337
2001-06-21,44009,Washington,26.265,16.4958,66.6163,3.1681
2001-06-22,44009,Washington,26.0204,15.8607,75.7644,3.3935
2001-06-23,44009,Washington,27.0209,18.8519,73.5823,3.6131
2001-06-24,44009,Washington,26.2751,19.8812,73.4987,2.8526
2001-06-25,44009,Washington,28.1712,18.8081,64.8121,1.4706
2001-06-26,44009,Washington,29.1714,17.4712,63.5771,1.5915
2001-06-27,44009,Washington,30.5269,18.4507,61.8746,3.375
2001-06-28,44009,Washington,30.5289,18.8667,57.6661,3.2352
2001-06-29,44009,Washington,24.6012,15.5863,61.772,2.628
2001-06-30,44009,Washington,30.0222,17.0348,76.8258,4.4578
2001-07-01,44009,Washington,28.0452,19.6118,74.4648,5.1969
2001-07-02,44009,Washington,21.2407,10.954,55.0931,4.7115
2001-07-03,44009,Washington,22.2018,10.3186,65.8482,2.9069
2001-07-04,44009,Washington,24.9819,15.268,79.3951,2.9553
2001-07-05,44009,Washington,27.3477,18.3785,74.2009,3.2264
2001-07-06,44009,Washington,22.7999,11.9578,67.1134,3.4993
2001-07-07,44009,Washington,24.0904,11.0425,66.1935,2.9231
2001-07-08,44009,Washington,23.4571,15.1235,82.23,2.9756
2001-07-09,44009,Washington,27.0394,16.3957,75.9856,1.5142
2001-07-10,44009,Washington,29.0446,17.8456,67.5441,2.8745
2001-07-11,44009,Washington,25.9845,15.7548,68.3839,2.2164
2001-07-12,44009,Washington,23.494,12.8097,64.2044,4.0646
2001-07-13,44009,Washington,23.9999,11.3778,65.7998,3.3354
2001-07-14,44009,Washington,24.9282,15.0661,64.6223,2.4617
2001-07-15,44009,Washington,25.2499,14.7382,66.5147,1.8004
2001-07-16,44009,Washington,26.1183,16.7422,63.6415,2.0634
2001-07-17,44009,Washington,26.1202,16.4369,73.5855,1.6372
2001-07-18,44009,Washington,25.099,15.6939,73.5717,2.8336
2001-07-19,44009,Washington,24.0626,13.8467,70.3688,3.6294
2001-07-20,44009,Washington,25.388,12.007,63.2427,2.166
2001-07-21,44009,Washington,26.0068,13.5188,65.6883,2.3695
2001-07-22,44009,Washington,26.9143,14.7561,67.5431,3.5763
2001-07-23,44009,Washington,28.453,14.5405,74.8578,4.0557
2001-07-24,44009,Washington,29.3257,18.9112,77.5794,5.4837
2001-07-25,44009,Washington,32.178,21.1835,70.1834,3.8926
2001-07-26,44009,Washington,25.221,12.9262,81.628,2.9653
2001-07-27,44009,Washington,22.6348,11.1146,58.1455,2.3423
2001-07-28,44009,Washington,24.5585,13.1894,58.2907,1.9013
2001-07-29,44009,Washington,24.6769,14.0023,66.5341,2.2134
2001-07-30,44009,Washington,24.7148,13.3214,63.5118,3.1191
2001-07-31,44009,Washington,25.3694,13.0612,57.0512,2.0525
2001-08-01,44009,Washington,27.9609,14.3364,64.7557,1.8383
2001-08-02,44009,Washington,29.1122,15.804,67.5358,4.3496
2001-08-03,44009,Washington,27.0396,17.0857,76.961,4.8486
2001-08-04,44009,Washington,26.7372,19.2188,79.2496,2.2281
2001-08-05,44009,Washington,27.613,18.5777,77.0765,2.0183
2001-08-06,44009,Washington,30.2951,18.498,75.2429,3.4737
2001-08-07,44009,Washington,32.788,20.3956,66.5477,3.8458
2001-08-08,44009,Washington,32.7228,21.5552,64.5631,2.28
2001-08-09,44009,Washington,34.5702,20.5703,59.3748,3.7041
2001-08-10,44009,Washington,32.3805,21.8807,73.8579,4.2834
2001-08-11,44009,Washington,26.5887,19.8559,76.4958,2.3676
2001-08-12,44009,Washington,24.5043,19.1105,86.9123,1.6268
2001-08-13,44009,Washington,26.6846,18.634,79.9584,1.9718
2001-08-14,44009,Washington,26.4331,18.0638,76.645,1.9767
2001-08-15,44009,Washington,26.4129,16.4665,65.6848,1.8684
2001-08-16,44009,Washington,26.8759,15.8177,65.211,2.0524
2001-08-17,44009,Washington,27.0033,16.5764,84.9545,3.9306
2001-08-18,44009,Washington,28.226,18.8884,67.6895,3.1517
2001-08-19,44009,Washington,26.5394,18.2034,82.4786,1.8439
2001-08-20,44009,Washington,26.503,20.1796,84.3049,2.4184
2001-08-21,44009,Washington,27.2321,20.4627,77.6976,2.6048
2001-08-22,44009,Washington,26.853,18.2421,69.9343,2.776
2001-08-23,44009,Washington,27.6708,17.0583,73.3803,2.3578
2001-08-24,44009,Washington,26.2129,15.5974,73.7964,2.6428
2001-08-25,44009,Washington,25.2356,14.3594,63.7771,2.3494
2001-08-26,44009,Washington,25.5357,13.9196,70.2014,2.4751
2001-08-27,44009,Washington,26.3973,16.4546,88.3049,3.6908
2001-08-28,44009,Washington,27.6567,20.111,77.3851,3.3256
2001-08-29,44009,Washington,26.341,17.1502,61.9441,2.1238
2001-08-30,44009,Washington,26.0887,14.4992,73.9133,2.4258
2001-08-31,44009,Washington,26.7369,17.7514,82.7191,3.9646
2001-09-01,44009,Washington,27.4123,12.3637,71.1182,3.4514
2001-09-02,44009,Washington,21.817,9.174,58.558,1.7632
2001-09-03,44009,Washington,24.556,11.6128,66.8016,2.2541
2001-09-04,44009,Washington,25.5295,12.9763,77.315,2.6211
2001-09-05,44009,Washington,23.2377,13.4362,60.7752,3.1077
2001-09-06,44009,Washington,24.0372,11.4147,53.047,2.39
2001-09-07,44009,Washington,26.7651,12.2593,64.9752,3.4177
2001-09-08,44009,Washington,27.8045,15.3004,68.3399,4.2162
2001-09-09,44009,Washington,28.0473,15.3302,69.1438,3.0484
2001-09-10,44009,Washington,28.2682,15.3502,77.1369,3.2537
2001-09-11,44009,Washington,26.5248,12.2636,58.1011,3.2382
2001-09-12,44009,Washington,24.3007,9.9451,53.2463,1.9357
2001-09-13,44009,Washington,27.4617,11.2099,59.9946,2.6677
2001-09-14,44009,Washington,17.3384,10.1679,80.7607,4.2732
2001-09-15,44009,Washington,18.2532,9.0473,54.7126,2.6469
2001-09-16,44009,Washington,21.3125,8.4662,54.2088,1.4086
2001-09-17,44009,Washington,23.2831,10.0907,56.2221,1.5073
2001-09-18,44009,Washington,23.6922,10.6567,61.1999,1.1492
2001-09-19,44009,Washington,22.4327,13.7762,71.2821,3.0088
2001-09-20,44009,Washington,23.5216,13.6859,82.8811,4.1606
2001-09-21,44009,Washington,21.9312,16.9023,88.2371,2.6632
2001-09-22,44009,Washington,25.0384,16.4056,82.7293,2.6773
2001-09-23,44009,Washington,24.8917,15.3052,72.7143,1.1914
2001-09-24,44009,Washington,23.4506,14.5181,85.5632,3.121
2001-09-25,44009,Washington,21.2824,16.6745,92.0158,3.7174
2001-09-26,44009,Washington,18.9858,9.3423,74.4421,4.3665
2001-09-27,44009,Washington,18.1841,7.6925,65.6192,2.9495
2001-09-28,44009,Washington,18.1568,10.7477,66.7114,2.001
2001-09-29,44009,Washington,15.2246,7.6975,78.796,6.6043
2001-09-30,44009,Washington,17.5745,7.5433,73.6671,7.092
2001-10-01,44009,Washington,14.784,8.8923,77.3423,4.6218
2001-10-02,44009,Washington,21.9492,6.9556,61.1018,2.7929
2001-10-03,44009,Washington,23.6053,10.5388,66.5508,3.2673
2001-10-04,44009,Washington,25.3554,13.6378,63.9213,4.0175
2001-10-05,44009,Washington,24.5332,12.6987,67.0451,4.0481
2001-10-06,44009,Washington,21.1613,7.5161,72.2365,6.0413
2001-10-07,44009,Washington,13.1824,3.1469,50.4372,5.8994
2001-10-08,44009,Washington,10.5658,0.9491,49.1192,5.8246
2001-10-09,44009,Washington,13.9842,-0.1873,55.1735,3.2245
2001-10-10,44009,Washington,19.1799,6.9728,59.9503,4.3689
2001-10-11,44009,Washington,21.9282,8.7474,67.7728,3.5006
2001-10-12,44009,Washington,23.1485,10.4849,62.4322,1.8588
2001-10-13,44009,Washington,21.9852,10.0238,62.6086,2.2794
2001-10-14,44009,Washington,20.5251,8.8891,72.6371,2.7015
2001-10-15,44009,Washington,21.3598,9.5337,63.1663,3.4973
2001-10-16,44009,Washington,19.5592,7.7662,66.7244,3.6622
2001-10-17,44009,Washington,15.8076,6.56,63.8702,7.3505
2001-10-18,44009,Washington,12.9568,3.2939,47.7984,4.5033
2001-10-19,44009,Washington,16.1413,2.9278,60.2676,3.7787
2001-10-20,44009,Washington,18.9982,7.4918,64.5295,3.1436
2001-10-21,44009,Washington,20.5553,8.4886,62.0482,3.9798
2001-10-22,44009,Washington,20.7743,10.7263,60.731,1.5978
2001-10-23,44009,Washington,17.7593,8.9478,78.546,3.9209
2001-10-24,44009,Washington,23.6883,13.4665,73.3018,3.0755
2001-10-25,44009,Washington,23.5433,9.6646,65.9202,5.1198
2001-10-26,44009,Washington,14.2042,4.1273,45.764,5.9854
2001-10-27,44009,Washington,11.5297,3.3748,51.0591,5.1044
2001-10-28,44009,Washington,9.4624,1.2542,49.5368,3.9518
2001-10-29,44009,Washington,12.1307,-1.0239,54.1344,2.8455
2001-10-30,44009,Washington,12.4945,0.8209,50.3443,4.0451
2001-10-31,44009,Washington,12.8441,-0.9835,66.2516,3.1922
2001-11-01,44009,Washington,19.5351,10.1436,68.6645,3.3371
2001-11-02,44009,Washington,21.5894,11.014,73.464,5.2538
2001-11-03,44009,Washington,20.8138,9.7345,72.7533,3.0599
2001-11-04,44009,Washington,14.8019,4.7747,58.7583,2.6681
2001-11-05,44009,Washington,10.7032,3.5911,64.5766,5.7765
2001-11-06,44009,Washington,11.3081,2.5101,57.9259,6.1089
2001-11-07,44009,Washington,16.9768,1.8507,51.0953,5.566
2001-11-08,44009,Washington,12.5252,0.2223,61.8006,3.0614
2001-11-09,44009,Washington,12.2626,0.5905,61.5137,5.6244
2001-11-10,44009,Washington,12.1278,-0.8908,61.1041,3.8532
2001-11-11,44009,Washington,9.3062,-1.8545,53.047,4.7509
2001-11-12,44009,Washington,5.6227,-2.6945,51.0005,4.044
2001-11-13,44009,Washington,8.9111,-3.5917,55.0526,3.2363
2001-11-14,44009,Washington,13.641,2.5676,69.7089,4.6586
2001-11-15,44009,Washington,15.3992,7.1337,66.6538,3.3887
2001-11-16,44009,Washington,20.0833,8.6349,55.4765,4.1983
2001-11-17,44009,Washington,10.6938,-0.3623,48.283,3.1441
2001-11-18,44009,Washington,13.3195,-0.2631,62.5106,3.5574
2001-11-19,44009,Washington,15.1938,4.7892,71.8356,4.8943
2001-11-20,44009,Washington,13.2272,1.696,70.5381,4.9972
2001-11-21,44009,Washington,7.0055,0.212,53.5971,2.7973
2001-11-22,44009,Washington,12.3574,0.2775,53.6165,2.398
2001-11-23,44009,Washington,13.2002,1.6552,62.2263,2.8392
2001-11-24,44009,Washington,14.4411,4.6218,81.6366,3.6677
2001-11-25,44009,Washington,17.1403,7.9199,80.0439,4.2726
2001-11-26,44009,Washington,18.7806,7.6848,71.8513,2.5989
2001-11-27,44009,Washington,14.9147,4.5695,70.6014,1.6606
2001-11-28,44009,Washington,16.6136,6.9674,65.4039,3.1786
2001-11-29,44009,Washington,14.559,5.807,77.2344,5.019
2001-11-30,44009,Washington,18.6944,9.5331,83.3557,4.4666
2001-12-01,44009,Washington,18.8676,7.1238,71.1209,3.8452
2001-12-02,44009,Washington,12.1724,2.3663,58.144,2.4201
2001-12-03,44009,Washington,11.2976,0.9217,61.2584,2.9175
2001-12-04,44009,Washington,14.3173,1.6373,62.3908,2.2302
2001-12-05,44009,Washington,16.8281,6.6623,65.6078,3.0637
2001-12-06,44009,Washington,18.3144,8.0833,59.3753,4.5559
2001-12-07,44009,Washington,14.5668,2.8219,58.2315,3.2632
2001-12-08,44009,Washington,6.5111,-2.0321,61.105,3.6092
2001-12-09,44009,Washington,5.0903,-4.486,81.6856,4.4081
2001-12-10,44009,Washington,5.5142,-5.4132,74.8897,1.9786
2001-12-11,44009,Washington,10.6888,0.1791,72.15,2.3991
2001-12-12,44009,Washington,8.2957,-0.8662,78.0473,4.8446
2001-12-13,44009,Washington,12.5786,3.475,87.8965,3.3745
2001-12-14,44009,Washington,13.0023,5.8818,81.5001,2.5006
2001-12-15,44009,Washington,11.9486,-2.8843,68.0816,5.2067
2001-12-16,44009,Washington,4.3151,-3.7264,43.6908,3.3421
2001-12-17,44009,Washington,8.3296,-2.3909,72.6654,1.8002
2001-12-18,44009,Washington,10.2742,-0.3036,75.0773,5.2899
2001-12-19,44009,Washington,8.2749,-0.4968,66.911,4.1662
2001-12-20,44009,Washington,8.6335,0.0997,64.788,4.9779
2001-12-21,44009,Washington,3.795,-3.5521,62.2936,6.8089
2001-12-22,44009,Washington,2.0256,-5.1486,52.1167,4.3351
2001-12-23,44009,Washington,5.6473,-5.137,68.4179,2.2412
2001-12-24,44009,Washington,10.7099,0.1408,82.745,3.3901
2001-12-25,44009,Washington,3.1832,-3.0829,54.6823,3.2417
2001-12-26,44009,Washington,3.4503,-4.0855,67.834,1.8806
2001-12-27,44009,Washington,0.6814,-4.3306,51.2578,5.8632
2001-12-28,44009,Washington,2.8811,-4.3776,58.2388,5.7291
2001-12-29,44009,Washington,3.6579,-4.1404,42.2358,5.6182
2001-12-30,44009,Washington,0.0501,-6.515,51.4556,6.9528
2001-12-31,44009,Washington,0.4413,-5.176,44.4494,6.295
2002-01-01,44009,Washington,1.4963,-7.3053,45.805,5.0061
2002-01-02,44009,Washington,2.0523,-7.36,54.6638,5.2062
2002-01-03,44009,Washington,2.8491,-5.5754,53.5314,3.8102
2002-01-04,44009,Washington,2.1078,-6.7369,49.1523,4.2444
2002-01-05,44009,Washington,4.6725,-3.2165,54.4631,4.4396
2002-01-06,44009,Washington,9.1367,-1.6337,63.6206,2.9597
2002-01-07,44009,Washington,7.5853,-2.7962,72.1,4.055
2002-01-08,44009,Washington,2.6466,-5.1074,66.9622,4.857
2002-01-09,44009,Washington,5.7504,-1.5753,71.9161,6.4971
2002-01-10,44009,Washington,7.7888,0.0309,67.2774,4.6062
2002-01-11,44009,Washington,8.2102,-0.1971,70.4864,3.4894
2002-01-12,44009,Washington,6.5055,-2.2993,65.7857,4.6685
2002-01-13,44009,Washington,6.3999,-2.2715,69.237,7.0577
2002-01-14,44009,Washington,4.5081,-4.0688,61.4134,4.4031
2002-01-15,44009,Washington,8.2275,0.3532,69.1163,2.8865
2002-01-16,44009,Washington,4.9218,-2.0549,58.6461,4.8277
2002-01-17,44009,Washington,6.8576,-2.2685,64.0456,4.4406
2002-01-18,44009,Washington,3.8504,-4.5677,52.5471,5.0516
2002-01-19,44009,Washington,3.0156,-5.3827,59.244,3.0394
2002-01-20,44009,Washington,2.8883,-5.0864,70.5718,3.5489
2002-01-21,44009,Washington,5.9654,-2.8891,70.4916,3.9025
2002-01-22,44009,Washington,5.3591,-3.2791,62.6342,5.423
2002-01-23,44009,Washington,8.2671,-2.5636,71.6741,5.3373
2002-01-24,44009,Washington,9.0173,0.5102,77.4926,3.1889
2002-01-25,44009,Washington,8.1721,-1.1145,57.8343,4.4234
2002-01-26,44009,Washington,9.2413,-0.9911,56.7466,5.2466
2002-01-27,44009,Washington,11.0842,0.0577,54.1696,2.5229
2002-01-28,44009,Washington,12.5063,-0.4976,63.6666,3.3568
2002-01-29,44009,Washington,15.7617,1.3988,59.281,3.0845
2002-01-30,44009,Washington,11.4007,2.2018,72.9552,2.4202
2002-01-31,44009,Washington,5.8352,-1.1408,66.2747,5.3128
2002-02-01,44009,Washington,10.7112,-0.7912,64.8052,5.2803
2002-02-02,44009,Washington,5.7062,-8.975,35.3132,6.1148
2002-02-03,44009,Washington,3.7586,-9.9783,62.2804,2.9959
2002-02-04,44009,Washington,4.1124,-3.0525,58.7862,3.5786
2002-02-05,44009,Washington,1.2827,-6.6839,40.5803,6.5907
2002-02-06,44009,Washington,3.1769,-5.0822,46.3868,4.4782
2002-02-07,44009,Washington,5.7135,-3.1776,67.3603,1.6882
2002-02-08,44009,Washington,5.9713,-2.7142,59.5131,4.0606
2002-02-09,44009,Washington,3.9289,-4.0758,46.6763,3.1037
2002-02-10,44009,Washington,9.5811,-4.1567,74.9419,5.5686
2002-02-11,44009,Washington,10.1552,-7.1799,59.5846,6.7046
2002-02-12,44009,Washington,6.4895,-7.4084,53.5489,5.6774
2002-02-13,44009,Washington,4.9579,-6.7798,44.0595,5.9068
2002-02-14,44009,Washington,2.4957,-8.051,45.2255,3.9818
2002-02-15,44009,Washington,7.9176,-3.1109,64.6463,5.2095
2002-02-16,44009,Washington,10.4595,0.3311,64.843,2.3087
2002-02-17,44009,Washington,6.2857,-0.4199,70.0067,2.902
2002-02-18,44009,Washington,6.1835,-3.2223,44.3565,5.6578
2002-02-19,44009,Washington,7.749,-3.9372,41.0001,2.5158
2002-02-20,44009,Washington,11.3379,-0.9819,66.6919,3.5402
2002-02-21,44009,Washington,15.6727,4.9317,67.2287,3.4967
2002-02-22,44009,Washington,10.0274,1.1794,54.1685,4.494
2002-02-23,44009,Washington,5.893,-2.1744,51.71,2.471
2002-02-24,44009,Washington,7.3336,-3.318,51.4012,2.5352
2002-02-25,44009,Washington,8.5469,-2.4995,63.7638,3.167
2002-02-26,44009,Washington,12.9156,-0.7046,72.3614,4.3139
2002-02-27,44009,Washington,10.888,-2.954,72.9459,4.8292
2002-02-28,44009,Washington,3.6604,-4.0667,40.8254,6.4151
2002-03-01,44009,Washington,4.8358,-3.6395,44.7167,4.0935
2002-03-02,44009,Washington,8.4318,-1.5236,58.9164,4.0853
2002-03-03,44009,Washington,13.9587,3.381,76.5497,7.0197
2002-03-04,44009,Washington,10.564,-3.9596,34.8406,5.3932
2002-03-05,44009,Washington,0.5323,-6.632,34.2012,5.5102
2002-03-06,44009,Washington,8.6572,-3.907,64.171,5.9631
2002-03-07,44009,Washington,14.0885,0.6675,54.6562,2.1864
2002-03-08,44009,Washington,13.3505,2.1731,61.8989,2.9279
2002-03-09,44009,Washington,16.1759,3.4677,68.2311,4.8246
2002-03-10,44009,Washington,11.1399,-3.4699,48.9365,8.7185
2002-03-11,44009,Washington,3.8859,-5.7039,35.8389,5.2332
2002-03-12,44009,Washington,8.5088,-2.5781,67.7707,2.9752
2002-03-13,44009,Washington,10.1867,0.4082,77.6309,2.6605
2002-03-14,44009,Washington,14.5936,4.5879,53.0219,2.5656
2002-03-15,44009,Washington,13.279,2.1772,71.1384,3.721
2002-03-16,44009,Washington,15.2986,0.9055,68.0695,4.0942
2002-03-17,44009,Washington,6.9313,-3.2555,48.9737,3.8756
2002-03-18,44009,Washington,5.1582,-0.5165,64.6026,4.9067
2002-03-19,44009,Washington,7.6405,-0.4479,62.8554,2.4355
2002-03-20,44009,Washington,7.2013,-0.91,70.4906,5.0172
2002-03-21,44009,Washington,9.7354,0.0766,57.1555,4.473
2002-03-22,44009,Washington,5.052,-7.4723,27.1682,7.8541
2002-03-23,44009,Washington,4.8129,-4.9827,46.8258,8.0709
2002-03-24,44009,Washington,9.7724,-0.6832,52.2145,4.1226
2002-03-25,44009,Washington,6.625,-0.1417,57.1537,3.9379
2002-03-26,44009,Washington,8.9238,-0.2706,67.36,6.4002
2002-03-27,44009,Washington,13.381,3.3259,69.6191,3.9828
2002-03-28,44009,Washington,10.9869,0.1413,49.805,3.1472
2002-03-29,44009,Washington,11.9259,-0.5298,58.5508,3.5678
2002-03-30,44009,Washington,17.3111,4.0478,65.4775,4.3673
2002-03-31,44009,Washington,13.3109,6.0444,63.3822,1.4135
2002-04-01,44009,Washington,14.6639,2.8406,57.5617,5.3264
2002-04-02,44009,Washington,12.4078,0.0241,52.6718,4.6308
2002-04-03,44009,Washington,18.153,4.7534,64.1013,5.6379
2002-04-04,44009,Washington,9.5279,1.2435,44.6352,4.4547
2002-04-05,44009,Washington,6.842,-0.0607,43.8297,2.1702
2002-04-06,44009,Washington,6.5609,-2.202,45.0737,4.2862
2002-04-07,44009,Washington,7.0209,-3.3655,39.8608,3.6143
2002-04-08,44009,Washington,12.8407,1.3691,63.6057,5.078
2002-04-09,44009,Washington,15.8887,6.5774,72.4094,5.9239
2002-04-10,44009,Washington,17.2186,7.852,50.871,3.0801
2002-04-11,44009,Washington,13.105,2.5533,50.0186,3.9339
2002-04-12,44009,Washington,16.4723,1.7356,68.8644,3.6946
2002-04-13,44009,Washington,18.5315,9.601,69.0213,4.9677
2002-04-14,44009,Washington,21.9196,10.0147,57.1781,3.9019
2002-04-15,44009,Washington,22.8289,9.9019,59.0278,3.5844
2002-04-16,44009,Washington,25.5693,9.3817,58.2578,2.667
2002-04-17,44009,Washington,30.1629,12.9387,46.3348,3.5104
2002-04-18,44009,Washington,26.67,11.523,52.1917,2.4022
2002-04-19,44009,Washington,21.5095,7.8643,65.8084,3.4018
2002-04-20,44009,Washington,23.5065,9.8545,47.06,2.4955
2002-04-21,44009,Washington,12.6707,5.599,42.768,3.3558
2002-04-22,44009,Washington,9.0185,1.9197,66.2094,4.7462
2002-04-23,44009,Washington,10.2019,1.5431,51.811,3.3222
2002-04-24,44009,Washington,13.4898,1.1223,46.8129,2.2254
2002-04-25,44009,Washington,10.9441,2.1208,73.0043,4.8387
2002-04-26,44009,Washington,11.1953,2.3046,49.8711,5.4376
2002-04-27,44009,Washington,14.0588,2.1748,46.198,3.5787
2002-04-28,44009,Washington,14.1191,4.6944,74.9882,4.0342
2002-04-29,44009,Washington,12.0302,3.0796,67.0305,2.8377
2002-04-30,44009,Washington,12.4326,3.4253,58.6625,3.8271
2002-05-01,44009,Washington,16.8661,5.3761,47.2724,3.9702
2002-05-02,44009,Washington,16.103,6.6534,69.0529,2.7834
2002-05-03,44009,Washington,15.0801,4.8205,51.7565,6.7619
2002-05-04,44009,Washington,18.2641,3.4276,46.2817,3.9188
2002-05-05,44009,Washington,18.5086,5.8665,52.4059,3.3459
2002-05-06,44009,Washington,20.4521,5.8591,59.5654,4.1553
2002-05-07,44009,Washington,21.9987,9.5795,65.4967,3.7751
2002-05-08,44009,Washington,20.3034,8.1592,53.1698,3.5368
2002-05-09,44009,Washington,14.5376,7.0769,66.038,3.8312
2002-05-10,44009,Washington,23.0892,10.2708,49.6781,4.8504
2002-05-11,44009,Washington,17.5745,6.436,42.4145,3.7638
2002-05-12,44009,Washington,13.6042,8.0916,66.152,2.6451
2002-05-13,44009,Washington,12.6,8.0133,72.5067,5.5179
2002-05-14,44009,Washington,17.3173,7.6129,58.8909,6.5547
2002-05-15,44009,Washington,16.3915,5.2175,47.5574,6.9508
2002-05-16,44009,Washington,20.8502,5.9802,59.2942,5.269
2002-05-17,44009,Washington,22.7157,12.9167,55.6828,4.2686
2002-05-18,44009,Washington,15.733,5.3557,58.3915,5.6977
2002-05-19,44009,Washington,13.4824,4.6628,50.0967,2.9193
2002-05-20,44009,Washington,13.9498,4.8567,47.5288,2.6404
2002-05-21,44009,Washington,15.4956,4.5873,49.2508,3.3475
2002-05-22,44009,Washington,17.6801,4.7867,49.9208,2.6133
2002-05-23,44009,Washington,19.4158,5.637,55.6574,3.4753
2002-05-24,44009,Washington,23.6666,7.3511,62.0894,4.1234
2002-05-25,44009,Washington,18.1605,6.7175,53.1817,3.1383
2002-05-26,44009,Washington,20.3247,6.4849,69.1826,3.0651
2002-05-27,44009,Washington,23.9773,12.0815,66.7559,2.2563
2002-05-28,44009,Washington,24.0048,13.4354,66.8949,2.7836
2002-05-29,44009,Washington,23.3105,13.7477,67.1557,2.1243
2002-05-30,44009,Washington,24.6874,12.8599,67.1906,2.9157
2002-05-31,44009,Washington,23.236,14.0002,70.9264,4.4081
2002-06-01,44009,Washington,25.8804,14.9287,59.6026,4.2617
2002-06-02,44009,Washington,23.8198,9.9124,56.4714,4.5079
2002-06-03,44009,Washington,18.9983,8.0297,51.9919,2.9325
2002-06-04,44009,Washington,19.698,7.6272,63.6181,2.4575
2002-06-05,44009,Washington,22.9932,12.5533,75.6372,5.4518
2002-06-06,44009,Washington,24.0913,12.7094,71.9481,4.8383
2002-06-07,44009,Washington,15.1693,7.6136,75.7552,6.2353
2002-06-08,44009,Washington,19.0938,5.5623,63.4701,2.3206
2002-06-09,44009,Washington,21.9552,7.7806,75.4156,4.3483
2002-06-10,44009,Washington,23.2242,11.3977,58.881,2.0487
2002-06-11,44009,Washington,25.8545,10.5344,75.8312,4.2113
2002-06-12,44009,Washington,26.6386,13.8384,74.6935,3.4488
2002-06-13,44009,Washington,18.9664,10.6552,72.115,1.9854
2002-06-14,44009,Washington,17.0257,9.8542,77.9779,4.5033
2002-06-15,44009,Washington,16.0365,10.6497,76.6762,3.3088
2002-06-16,44009,Washington,20.9612,10.777,77.9439,3.7041
2002-06-17,44009,Washington,23.0856,12.8761,66.8138,3.2287
2002-06-18,44009,Washington,23.905,13.952,60.1511,2.643
2002-06-19,44009,Washington,24.5609,14.156,60.838,1.5393
2002-06-20,44009,Washington,24.4069,12.8416,63.1481,1.9573
2002-06-21,44009,Washington,24.6723,11.469,66.099,3.2785
2002-06-22,44009,Washington,26.22,13.5579,69.8474,3.8019
2002-06-23,44009,Washington,25.1719,17.0412,70.5593,4.0592
2002-06-24,44009,Washington,28.5655,16.4999,56.9863,3.4072
2002-06-25,44009,Washington,26.052,14.861,53.8016,1.9457
2002-06-26,44009,Washington,29.6677,15.6954,72.9231,4.3077
2002-06-27,44009,Washington,29.2304,18.8812,71.6944,5.3858
2002-06-28,44009,Washington,27.4352,18.9363,68.2204,3.3589
2002-06-29,44009,Washington,28.0357,16.338,59.9235,1.7013
2002-06-30,44009,Washington,26.0445,15.1769,66.9046,2.4128
2002-07-01,44009,Washington,27.587,17.2501,70.0355,4.7839
2002-07-02,44009,Washington,30.597,18.7025,71.6692,4.1943
2002-07-03,44009,Washington,33.5185,22.2656,66.5307,2.7771
2002-07-04,44009,Washington,33.4682,22.5589,64.4204,2.8573
2002-07-05,44009,Washington,28.1836,16.6939,61.0348,3.8434
2002-07-06,44009,Washington,26.5306,15.3739,58.6253,2.5856
2002-07-07,44009,Washington,28.4372,14.9068,59.1753,2.992
2002-07-08,44009,Washington,29.0832,17.0438,61.0689,3.7715
2002-07-09,44009,Washington,29.0454,19.2967,70.1161,4.5349
2002-07-10,44009,Washington,26.1789,12.5478,62.2483,3.6502
2002-07-11,44009,Washington,22.2163,10.3017,53.5626,3.1081
2002-07-12,44009,Washington,25.0386,11.3861,57.2461,2.5361
2002-07-13,44009,Washington,26.8737,15.0331,66.4543,3.803
2002-07-14,44009,Washington,27.4113,16.3487,64.9656,3.0578
2002-07-15,44009,Washington,28.9145,17.7556,66.1981,3.6124
2002-07-16,44009,Washington,25.7326,16.5498,55.3926,3.4423
2002-07-17,44009,Washington,27.1909,13.6269,62.317,2.4905
2002-07-18,44009,Washington,32.6658,18.7478,63.0568,2.5739
2002-07-19,44009,Washington,28.6804,20.3637,71.1705,1.1468
2002-07-20,44009,Washington,26.5253,17.2316,69.4379,1.996
2002-07-21,44009,Washington,26.8426,16.1266,65.981,2.6778
2002-07-22,44009,Washington,27.7802,16.7819,69.5947,4.5813
2002-07-23,44009,Washington,30.0131,20.2615,69.4953,4.7127
2002-07-24,44009,Washington,23.76,13.5648,68.1473,4.4093
2002-07-25,44009,Washington,24.1985,11.9757,58.8269,3.0721
2002-07-26,44009,Washington,24.4326,12.1548,62.9413,2.5692
2002-07-27,44009,Washington,25.1852,16.712,68.131,2.3496
2002-07-28,44009,Washington,26.7393,18.6916,75.0879,2.5813
2002-07-29,44009,Washington,33.664,20.7817,61.1892,3.2026
2002-07-30,44009,Washington,33.5372,20.9762,56.0913,3.3745
2002-07-31,44009,Washington,30.0167,17.9093,58.1505,2.449
2002-08-01,44009,Washington,31.056,18.619,60.6315,1.8685
2002-08-02,44009,Washington,28.0582,18.679,74.4965,2.6148
2002-08-03,44009,Washington,30.076,19.4093,72.6287,2.3741
2002-08-04,44009,Washington,29.8371,20.078,69.2647,2.3429
2002-08-05,44009,Washington,30.6263,20.6751,71.411,4.2158
2002-08-06,44009,Washington,23.7238,12.961,66.2769,4.7275
2002-08-07,44009,Washington,23.2504,12.3576,60.5682,2.8076
2002-08-08,44009,Washington,24.9095,13.1969,54.8405,1.8574
2002-08-09,44009,Washington,26.5087,13.1605,51.2927,1.8874
2002-08-10,44009,Washington,28.3251,14.7192,58.2875,3.2603
2002-08-11,44009,Washington,29.0296,16.3217,64.2041,3.3515
2002-08-12,44009,Washington,30.8265,16.3319,63.3744,3.1359
2002-08-13,44009,Washington,33.0117,18.3149,58.6839,2.7168
2002-08-14,44009,Washington,33.6109,19.6761,60.7085,4.003
2002-08-15,44009,Washington,30.9415,19.5094,69.112,4.7319
2002-08-16,44009,Washington,30.7695,20.3,70.8792,4.1115
2002-08-17,44009,Washington,32.7856,20.9711,60.0215,2.8163
2002-08-18,44009,Washington,31.2887,20.2623,65.8887,2.877
2002-08-19,44009,Washington,32.6775,19.6326,58.1622,2.3158
2002-08-20,44009,Washington,26.5258,18.7259,71.6499,2.0812
2002-08-21,44009,Washington,26.2893,16.2345,59.5509,2.3413
2002-08-22,44009,Washington,26.4881,15.0777,73.1316,3.7152
2002-08-23,44009,Washington,23.4893,15.2359,78.9888,3.7496
2002-08-24,44009,Washington,20.3697,13.8806,86.1255,1.9786
2002-08-25,44009,Washington,26.0661,14.6563,67.5884,1.9548
2002-08-26,44009,Washington,27.5741,15.9315,66.4799,2.3466
2002-08-27,44009,Washington,28.4262,17.2165,58.7805,2.2304
2002-08-28,44009,Washington,23.3594,15.8334,57.7852,4.7541
2002-08-29,44009,Washington,20.5788,14.1743,90.7338,5.1826
2002-08-30,44009,Washington,21.8916,12.1949,85.0895,1.9806
2002-08-31,44009,Washington,23.1062,12.3254,71.113,4.9369
2002-09-01,44009,Washington,18.8781,11.9074,87.0283,5.0768
2002-09-02,44009,Washington,22.6933,15.3964,83.0841,4.7883
2002-09-03,44009,Washington,24.7828,15.237,79.4136,1.6603
2002-09-04,44009,Washington,27.5343,17.0568,74.5436,3.4282
2002-09-05,44009,Washington,24.0243,14.124,61.4086,3.5701
2002-09-06,44009,Washington,23.7539,10.6513,52.7187,2.202
2002-09-07,44009,Washington,25.5359,11.6633,61.7527,1.9542
2002-09-08,44009,Washington,26.221,12.9135,66.2067,2.8879
2002-09-09,44009,Washington,28.9609,14.2264,64.7375,2.5844
2002-09-10,44009,Washington,27.5749,16.2176,72.3163,3.2867
2002-09-11,44009,Washington,26.061,10.73,68.0161,6.0814
2002-09-12,44009,Washington,19.9334,8.5235,50.63,4.1913
2002-09-13,44009,Washington,24.9405,8.2742,63.2519,4.5915
2002-09-14,44009,Washington,26.3152,13.6348,73.7039,3.8559
2002-09-15,44009,Washington,23.931,17.815,83.9244,4.9798
2002-09-16,44009,Washington,24.1322,18.1757,81.214,3.5735
2002-09-17,44009,Washington,24.3064,13.7931,74.5553,1.8566
2002-09-18,44009,Washington,23.7367,12.4541,64.6149,1.8321
2002-09-19,44009,Washington,23.6934,12.9788,68.5668,2.3141
2002-09-20,44009,Washington,24.6783,12.7905,76.7532,3.4121
2002-09-21,44009,Washington,25.5707,14.7215,79.7791,3.3238
2002-09-22,44009,Washington,24.5497,16.6864,84.3416,3.13
2002-09-23,44009,Washington,25.8987,16.7861,75.8958,1.9835
2002-09-24,44009,Washington,22.0623,14.8272,79.3011,3.0514
2002-09-25,44009,Washington,21.6739,12.743,70.1272,3.5064
2002-09-26,44009,Washington,18.069,12.2132,83.3753,3.865
2002-09-27,44009,Washington,21.8446,13.7654,87.8724,4.4231
2002-09-28,44009,Washington,23.0759,11.7072,74.3653,4.9003
2002-09-29,44009,Washington,18.554,8.622,56.5561,1.5952
2002-09-30,44009,Washington,20.7674,8.5702,73.1452,3.3579
2002-10-01,44009,Washington,24.4661,13.1276,68.1685,4.8358
2002-10-02,44009,Washington,26.7032,15.366,67.5099,4.1949
2002-10-03,44009,Washington,24.2025,11.8501,65.9832,4.3778
2002-10-04,44009,Washington,19.5924,11.1562,75.548,4.8043
2002-10-05,44009,Washington,26.3291,13.5873,66.1961,5.5121
2002-10-06,44009,Washington,18.3955,8.9729,58.6798,4.2878
2002-10-07,44009,Washington,22.0304,9.2267,69.8609,4.1461
2002-10-08,44009,Washington,15.0687,5.0836,50.2167,3.3173
2002-10-09,44009,Washington,15.661,4.5096,59.5017,3.1462
2002-10-10,44009,Washington,17.3785,8.0625,65.1464,2.9462
2002-10-11,44009,Washington,17.0186,10.1618,76.2263,5.4262
2002-10-12,44009,Washington,16.8612,11.4503,76.2442,7.9431
2002-10-13,44009,Washington,17.8688,11.401,76.6981,3.6018
2002-10-14,44009,Washington,16.4552,2.31,49.2568,4.8741
2002-10-15,44009,Washington,13.2231,0.6316,63.1485,3.2132
2002-10-16,44009,Washington,16.8699,7.1498,80.6122,7.7585
2002-10-17,44009,Washington,16.7839,8.8935,64.871,3.6484
2002-10-18,44009,Washington,13.6097,3.9028,58.4243,3.8833
2002-10-19,44009,Washington,16.0071,3.5606,71.8188,6.895
2002-10-20,44009,Washington,14.8828,4.5891,56.1476,4.2633
2002-10-21,44009,Washington,12.9251,2.427,50.7924,2.935
2002-10-22,44009,Washington,11.3807,0.1465,49.9941,1.6704
2002-10-23,44009,Washington,10.4718,-0.6091,67.0866,2.9525
2002-10-24,44009,Washington,9.6102,-2.0904,52.8267,2.085
2002-10-25,44009,Washington,9.1527,1.0934,61.384,3.1292
2002-10-26,44009,Washington,14.5544,4.5394,79.0247,5.7294
2002-10-27,44009,Washington,13.6795,6.3455,60.6953,4.5382
2002-10-28,44009,Washington,11.1082,3.816,53.0897,4.0819
2002-10-29,44009,Washington,8.0654,1.0915,50.0677,4.1672
2002-10-30,44009,Washington,6.0225,1.048,57.8573,4.9017
2002-10-31,44009,Washington,8.8213,0.7229,51.9515,2.7703
2002-11-01,44009,Washington,9.1791,1.7829,53.4367,5.3893
2002-11-02,44009,Washington,4.3823,-2.9558,52.4407,5.9306
2002-11-03,44009,Washington,5.8678,-1.4546,47.5915,2.5037
2002-11-04,44009,Washington,8.9904,-0.1487,61.3188,2.2529
2002-11-05,44009,Washington,9.6158,1.5058,64.5378,4.1297
2002-11-06,44009,Washington,13.0487,3.7974,73.1926,6.2718
2002-11-07,44009,Washington,6.6703,-2.9681,53.2766,5.7919
2002-11-08,44009,Washington,11.9505,-2.3267,69.5378,7.1816
2002-11-09,44009,Washington,15.6351,6.5081,69.8152,5.3855
2002-11-10,44009,Washington,18.0761,9.133,75.2143,5.5426
2002-11-11,44009,Washington,19.1605,12.3317,75.1353,5.1692
2002-11-12,44009,Washington,15.9878,7.1903,71.1874,3.7503
2002-11-13,44009,Washington,12.0283,4.8011,71.689,5.0032
2002-11-14,44009,Washington,10.0715,2.0854,65.5808,3.9092
2002-11-15,44009,Washington,14.3884,5.1531,67.3217,4.4478
2002-11-16,44009,Washington,9.6169,2.2358,73.588,7.2446
2002-11-17,44009,Washington,12.0439,3.2421,77.3089,4.3264
2002-11-18,44009,Washington,7.2261,0.7588,63.4751,7.1025
2002-11-19,44009,Washington,9.2737,-1.2394,68.6749,2.7591
2002-11-20,44009,Washington,12.4786,3.9483,62.5581,2.3352
2002-11-21,44009,Washington,12.1188,2.6798,78.2314,2.6498
2002-11-22,44009,Washington,13.9121,7.3109,74.1879,3.5007
2002-11-23,44009,Washington,10.0232,-1.8232,58.4647,8.7163
2002-11-24,44009,Washington,7.854,-1.7827,60.3403,6.4843
2002-11-25,44009,Washington,10.0638,0.5172,63.6105,2.5249
2002-11-26,44009,Washington,8.4015,0.0006,63.3197,3.2655
2002-11-27,44009,Washington,4.028,-6.8917,74.9148,5.4329
2002-11-28,44009,Washington,-0.1098,-9.9516,64.0176,5.9949
2002-11-29,44009,Washington,4.5792,-3.5738,68.4928,6.9275
2002-11-30,44009,Washington,10.5121,1.7223,60.806,5.3248
2002-12-01,44009,Washington,5.7505,-6.5057,49.1154,8.3792
2002-12-02,44009,Washington,5.1008,-6.1817,62.8115,5.3754
2002-12-03,44009,Washington,3.7201,-9.5132,44.9232,6.7816
2002-12-04,44009,Washington,-0.6341,-9.8246,58.8174,4.8454
2002-12-05,44009,Washington,1.1733,-6.8012,65.0821,4.3158
2002-12-06,44009,Washington,2.4603,-5.4365,64.8016,2.9389
2002-12-07,44009,Washington,3.0636,-5.5996,64.6702,5.9801
2002-12-08,44009,Washington,4.6748,-2.5142,60.2867,5.9923
2002-12-09,44009,Washington,0.8932,-9.4787,46.9285,3.6393
2002-12-10,44009,Washington,4.21,-5.3789,59.7065,2.855
2002-12-11,44009,Washington,5.2805,-3.709,68.1476,6.6552
2002-12-12,44009,Washington,5.3138,-1.8786,67.2195,4.4591
2002-12-13,44009,Washington,5.8059,-1.901,69.8998,2.7962
2002-12-14,44009,Washington,11.3684,1.0015,59.1933,4.9912
2002-12-15,44009,Washington,7.4263,0.1778,58.6017,5.0503
2002-12-16,44009,Washington,5.7556,-4.1088,67.4376,4.0864
2002-12-17,44009,Washington,-0.2357,-7.8469,57.6061,4.7403
2002-12-18,44009,Washington,2.3896,-8.2584,56.3913,2.5744
2002-12-19,44009,Washington,5.8675,-4.658,67.7004,4.1221
2002-12-20,44009,Washington,13.2543,1.8147,73.7345,6.1362
2002-12-21,44009,Washington,8.3711,1.2306,54.4594,7.7673
2002-12-22,44009,Washington,9.0408,-0.0908,57.0043,5.9926
2002-12-23,44009,Washington,6.62,-0.7092,53.7651,6.9829
2002-12-24,44009,Washington,4.4129,-2.039,43.9703,4.7956
2002-12-25,44009,Washington,5.0392,-1.6919,64.1628,8.8341
2002-12-26,44009,Washington,2.8725,-4.858,58.2602,7.7086
2002-12-27,44009,Washington,1.4788,-6.6924,61.7246,3.3976
2002-12-28,44009,Washington,2.0198,-4.5491,65.7214,3.4723
2002-12-29,44009,Washington,3.8397,-3.0329,74.8996,4.8919
2002-12-30,44009,Washington,2.2003,-5.7905,58.4892,2.6816
2002-12-31,44009,Washington,5.7429,-1.4262,73.4632,3.2715
2003-01-01,44009,Washington,6.3941,1.5259,56.9479,4.9571
2003-01-02,44009,Washington,3.9286,-4.3971,51.5031,7.0619
2003-01-03,44009,Washington,4.1233,-3.6392,63.8605,7.686
2003-01-04,44009,Washington,4.3079,-1.972,58.7752,5.445
2003-01-05,44009,Washington,1.0904,-4.1068,57.6887,1.9365
2003-01-06,44009,Washington,2.5982,-1.6179,60.8765,1.9927
2003-01-07,44009,Washington,0.6652,-7.797,57.5204,5.2514
2003-01-08,44009,Washington,2.9982,-6.0594,67.1861,5.8838
2003-01-09,44009,Washington,5.1056,0.4648,57.6257,4.7729
2003-01-10,44009,Washington,4.409,-6.8482,56.1774,4.18
2003-01-11,44009,Washington,-0.5503,-6.3257,47.3907,6.8226
2003-01-12,44009,Washington,0.8219,-6.3069,49.2051,5.7903
2003-01-13,44009,Washington,3.1259,-5.5345,48.6445,6.9287
2003-01-14,44009,Washington,-3.4578,-8.9091,45.9862,5.1715
2003-01-15,44009,Washington,-2.463,-8.2634,49.0159,4.5448
2003-01-16,44009,Washington,-1.5742,-7.7778,50.6186,5.1253
2003-01-17,44009,Washington,0.1109,-9.0995,56.0299,4.4718
2003-01-18,44009,Washington,-6.5786,-14.1642,50.6499,2.8008
2003-01-19,44009,Washington,-1.2775,-9.6639,50.7771,4.1174
2003-01-20,44009,Washington,-0.5096,-9.9624,48.4238,8.1238
2003-01-21,44009,Washington,-5.8796,-12.9535,44.9024,7.1622
2003-01-22,44009,Washington,-8.505,-14.9566,45.6559,8.5045
2003-01-23,44009,Washington,-9.4863,-16.7134,50.884,5.8121
2003-01-24,44009,Washington,-5.2198,-13.7707,48.366,6.4325
2003-01-25,44009,Washington,-1.2938,-11.6225,52.9053,4.6486
2003-01-26,44009,Washington,2.9666,-4.8898,56.2307,3.3091
2003-01-27,44009,Washington,0.8375,-17.8702,41.3105,6.4412
2003-01-28,44009,Washington,-4.802,-18.7646,49.366,4.1728
2003-01-29,44009,Washington,1.8484,-9.2403,58.8777,2.1867
2003-01-30,44009,Washington,1.3605,-6.6383,56.0657,3.3154
2003-01-31,44009,Washington,2.8555,-4.7242,65.4792,5.5033
2003-02-01,44009,Washington,2.5766,-1.8826,66.0319,4.5387
2003-02-02,44009,Washington,3.9643,-1.8232,60.9542,7.2231
2003-02-03,44009,Washington,4.5821,-2.8512,56.4934,3.9827
2003-02-04,44009,Washington,6.578,-1.3215,60.3159,6.2417
2003-02-05,44009,Washington,2.3072,-7.564,43.0108,7.3523
2003-02-06,44009,Washington,-0.3248,-8.7563,52.3502,3.5461
2003-02-07,44009,Washington,1.0977,-6.0584,63.5059,3.7279
2003-02-08,44009,Washington,-1.1042,-11.1913,53.775,5.7006
2003-02-09,44009,Washington,1.7229,-7.7732,53.9968,5.6489
2003-02-10,44009,Washington,3.2733,-5.0782,62.5259,2.6378
2003-02-11,44009,Washington,2.1953,-8.2146,47.2352,5.6234
2003-02-12,44009,Washington,2.3067,-10.1334,53.3121,7.1439
2003-02-13,44009,Washington,-5.1354,-11.2652,45.59,6.7819
2003-02-14,44009,Washington,-4.055,-12.597,48.5638,5.5611
2003-02-15,44009,Washington,-5.1452,-16.7303,48.8359,5.1329
2003-02-16,44009,Washington,-6.7702,-18.6714,52.8901,5.7002
2003-02-17,44009,Washington,0.4827,-11.753,66.0693,9.0838
2003-02-18,44009,Washington,0.1141,-5.0848,61.5808,3.7879
2003-02-19,44009,Washington,2.7003,-4.9722,63.8027,3.4234
2003-02-20,44009,Washington,3.3003,-6.1224,61.5156,3.5291
2003-02-21,44009,Washington,4.1802,-6.1767,60.8796,2.9473
2003-02-22,44009,Washington,4.5614,-1.4703,67.1993,3.0236
2003-02-23,44009,Washington,8.5618,-4.2308,61.2856,6.1319
2003-02-24,44009,Washington,2.1159,-7.4501,57.3344,4.8465
2003-02-25,44009,Washington,0.7656,-11.9699,44.8298,5.6688
2003-02-26,44009,Washington,-3.9868,-15.0185,48.2063,2.5858
2003-02-27,44009,Washington,-0.1813,-10.2288,59.168,3.7829
2003-02-28,44009,Washington,2.8769,-5.0965,52.2028,3.9289
2003-03-01,44009,Washington,4.0559,-5.2981,67.4198,2.0522
2003-03-02,44009,Washington,6.6581,-0.6184,71.4516,4.1467
2003-03-03,44009,Washington,4.2418,-15.0952,39.3558,6.4556
2003-03-04,44009,Washington,2.5832,-15.944,62.5346,3.9692
2003-03-05,44009,Washington,5.7969,-2.2651,76.7211,3.4011
2003-03-06,44009,Washington,4.4499,-7.0181,67.2083,4.4614
2003-03-07,44009,Washington,0.381,-11.3057,61.5907,2.9583
2003-03-08,44009,Washington,5.8767,-4.4055,65.0043,3.2884
2003-03-09,44009,Washington,8.5648,-4.604,56.8738,6.4101
2003-03-10,44009,Washington,-1.0078,-11.1023,33.924,5.3133
2003-03-11,44009,Washington,2.4044,-11.5838,60.7065,4.9012
2003-03-12,44009,Washington,6.4272,-2.8163,67.2367,4.1118
2003-03-13,44009,Washington,5.2551,-3.1363,66.1844,3.3222
2003-03-14,44009,Washington,0.9252,-9.2255,55.2524,4.5213
2003-03-15,44009,Washington,5.8236,-3.7976,61.4039,3.4718
2003-03-16,44009,Washington,10.3126,-2.4429,63.092,2.3809
2003-03-17,44009,Washington,18.7176,1.2937,61.0561,1.3347
2003-03-18,44009,Washington,13.4275,1.5886,59.1433,3.6491
2003-03-19,44009,Washington,5.309,-3.6288,50.1524,4.5107
2003-03-20,44009,Washington,8.1746,-3.7483,69.5227,4.1196
2003-03-21,44009,Washington,17.6442,4.2536,66.4548,4.3101
2003-03-22,44009,Washington,19.4025,6.1773,54.9114,3.1925
2003-03-23,44009,Washington,13.2966,3.3933,47.9922,3.6397
2003-03-24,44009,Washington,12.8241,1.9361,49.4108,1.0643
2003-03-25,44009,Washington,11.3166,0.0987,59.7839,3.5401
2003-03-26,44009,Washington,15.8282,1.1282,64.3274,3.2909
2003-03-27,44009,Washington,15.4047,3.6427,45.7832,2.9957
2003-03-28,44009,Washington,14.8148,2.8892,47.3051,3.0331
2003-03-29,44009,Washington,18.6011,3.8082,69.1492,5.0404
2003-03-30,44009,Washington,14.0342,1.2687,75.0133,3.3368
2003-03-31,44009,Washington,4.6098,-2.7154,50.3527,6.4253
2003-04-01,44009,Washington,5.5692,-3.2579,58.4131,3.9477
2003-04-02,44009,Washington,10.9645,0.3765,63.8749,1.8357
2003-04-03,44009,Washington,9.572,3.1186,68.9704,3.372
2003-04-04,44009,Washington,5.8849,-0.4756,68.8632,6.4024
2003-04-05,44009,Washington,5.8583,-0.6081,75.1581,3.8704
2003-04-06,44009,Washington,7.3615,-1.2467,46.217,4.8996
2003-04-07,44009,Washington,4.8433,-1.6339,49.9268,6.0292
2003-04-08,44009,Washington,4.8019,-1.1656,68.8059,5.6882
2003-04-09,44009,Washington,5.639,-0.4863,70.0368,5.0985
2003-04-10,44009,Washington,11.0257,-0.3529,54.3355,4.598
2003-04-11,44009,Washington,8.9698,0.3414,73.94,6.3019
2003-04-12,44009,Washington,13.5097,3.8765,63.4409,4.3822
2003-04-13,44009,Washington,12.8788,3.478,49.3348,2.5003
2003-04-14,44009,Washington,12.5018,1.658,45.815,3.3056
2003-04-15,44009,Washington,17.6371,4.0774,61.8498,6.8713
2003-04-16,44009,Washington,24.2984,7.5847,48.1186,5.4906
2003-04-17,44009,Washington,9.2924,-1.1985,38.5874,6.8215
2003-04-18,44009,Washington,9.6729,-0.7009,60.1511,5.0224
2003-04-19,44009,Washington,15.0694,1.1244,56.7526,4.4914
2003-04-20,44009,Washington,17.4561,2.3772,49.2347,3.3691
2003-04-21,44009,Washington,16.6403,3.6361,51.5557,2.0986
2003-04-22,44009,Washington,12.3943,6.17,74.8871,2.0548
2003-04-23,44009,Washington,12.5533,3.7679,66.2645,4.7804
2003-04-24,44009,Washington,11.3576,2.1377,50.6787,5.1988
2003-04-25,44009,Washington,14.577,0.8829,51.2745,2.708
2003-04-26,44009,Washington,12.944,5.3867,79.3612,4.9026
2003-04-27,44009,Washington,19.0939,7.0473,56.104,2.9396
2003-04-28,44009,Washington,20.4269,6.5713,53.6082,4.2536
2003-04-29,44009,Washington,23.5725,7.2125,49.8266,4.1181
2003-04-30,44009,Washington,15.6373,5.0486,51.6916,2.3828
2003-05-01,44009,Washington,17.102,4.1496,75.4049,3.8121
2003-05-02,44009,Washington,20.0695,9.4697,75.6933,3.3759
2003-05-03,44009,Washington,15.3364,5.837,58.5505,3.6695
2003-05-04,44009,Washington,16.0005,4.1327,48.8232,1.6711
2003-05-05,44009,Washington,17.0953,4.5119,49.7894,1.8157
2003-05-06,44009,Washington,14.4237,6.3926,77.5405,2.5779
2003-05-07,44009,Washington,22.2243,7.4586,65.5154,2.5659
2003-05-08,44009,Washington,14.3856,8.7813,78.7476,3.0282
2003-05-09,44009,Washington,19.0349,8.0466,66.406,2.0945
2003-05-10,44009,Washington,19.5458,7.4501,62.3346,2.2223
2003-05-11,44009,Washington,16.0564,7.9794,68.4423,4.0998
2003-05-12,44009,Washington,18.7228,7.3193,64.6235,4.0451
2003-05-13,44009,Washington,14.6198,8.2085,68.3805,4.6451
2003-05-14,44009,Washington,17.1874,7.0744,65.5576,2.5759
2003-05-15,44009,Washington,16.6871,7.8616,66.3996,3.165
2003-05-16,44009,Washington,12.7758,5.1428,69.8253,5.8617
2003-05-17,44009,Washington,13.7266,3.2914,65.8555,4.0401
2003-05-18,44009,Washington,18.3334,1.0092,49.1594,1.9736
2003-05-19,44009,Washington,22.9865,4.7703,45.4163,1.3416
2003-05-20,44009,Washington,22.5768,8.29,52.2335,2.2652
2003-05-21,44009,Washington,18.1077,7.2547,74.7146,2.0845
2003-05-22,44009,Washington,14.294,8.759,78.7534,3.7208
2003-05-23,44009,Washington,14.5985,8.5087,78.1115,3.7907
2003-05-24,44009,Washington,14.8851,8.7112,79.4019,4.975
2003-05-25,44009,Washington,19.3794,9.2103,70.4126,1.9191
2003-05-26,44009,Washington,13.225,4.2258,84.3858,4.7164
2003-05-27,44009,Washington,16.8802,5.9565,79.5105,1.9373
2003-05-28,44009,Washington,17.9283,10.2399,73.474,3.0569
2003-05-29,44009,Washington,20.185,10.0312,70.8141,4.2823
2003-05-30,44009,Washington,22.2771,9.9295,66.7744,2.6336
2003-05-31,44009,Washington,21.9451,12.7992,68.1849,2.6092
2003-06-01,44009,Washington,18.8736,11.8793,75.5755,6.4932
2003-06-02,44009,Washington,19.6284,9.1667,56.898,4.3413
2003-06-03,44009,Washington,20.4982,8.4357,61.1654,3.6323
2003-06-04,44009,Washington,15.1715,10.224,81.4127,3.3273
2003-06-05,44009,Washington,19.3593,11.3439,80.5191,2.3012
2003-06-06,44009,Washington,22.7586,12.5059,65.066,3.6727
2003-06-07,44009,Washington,19.9088,12.0428,75.8125,2.6734
2003-06-08,44009,Washington,21.5492,12.6583,73.2517,2.4891
2003-06-09,44009,Washington,21.0684,11.2857,76.0588,2.9763
2003-06-10,44009,Washington,22.5828,13.0168,65.4793,2.9985
2003-06-11,44009,Washington,22.9525,11.9301,81.1696,3.8498
2003-06-12,44009,Washington,24.5816,16.8655,74.6464,1.995
2003-06-13,44009,Washington,18.875,13.7621,82.6654,3.6162
2003-06-14,44009,Washington,24.9641,13.6704,72.864,1.9261
2003-06-15,44009,Washington,24.0335,14.8638,68.565,1.9328
2003-06-16,44009,Washington,18.5121,8.6393,71.6093,3.2352
2003-06-17,44009,Washington,18.0963,7.244,75.2672,2.332
2003-06-18,44009,Washington,19.2389,9.6672,88.0362,2.8702
2003-06-19,44009,Washington,23.5071,15.4163,77.4072,2.3322
2003-06-20,44009,Washington,21.9986,13.917,76.8921,2.9821
2003-06-21,44009,Washington,20.1209,12.8998,75.4634,3.1685
2003-06-22,44009,Washington,18.069,8.0574,84.7739,2.0687
2003-06-23,44009,Washington,24.2328,13.6608,72.5813,1.4123
2003-06-24,44009,Washington,27.3014,14.9564,70.8581,1.6425
2003-06-25,44009,Washington,29.5652,16.2384,69.589,2.3309
2003-06-26,44009,Washington,30.6528,19.9901,67.5189,1.8049
2003-06-27,44009,Washington,30.2099,19.1059,71.9314,2.6785
2003-06-28,44009,Washington,26.7105,16.9897,62.8411,2.4042
2003-06-29,44009,Washington,25.7996,15.5394,68.7366,2.628
2003-06-30,44009,Washington,28.0923,16.1986,73.8132,3.5642
2003-07-01,44009,Washington,25.9427,15.0398,62.9067,2.2008
2003-07-02,44009,Washington,27.3136,13.9193,68.4833,2.4886
2003-07-03,44009,Washington,25.3255,15.9,77.2407,2.4061
2003-07-04,44009,Washington,28.4391,17.4948,79.0426,3.0086
2003-07-05,44009,Washington,30.4748,20.398,75.5078,3.9984
2003-07-06,44009,Washington,30.1245,20.0355,67.7291,2.9363
2003-07-07,44009,Washington,29.1419,19.1159,68.9203,1.7649
2003-07-08,44009,Washington,30.2137,18.4654,76.1295,3.0689
2003-07-09,44009,Washington,27.3205,16.1506,71.186,2.1319
2003-07-10,44009,Washington,23.2171,14.961,76.407,3.3471
2003-07-11,44009,Washington,26.5875,15.3371,81.1381,3.2938
2003-07-12,44009,Washington,26.4427,18.514,74.2796,4.2417
2003-07-13,44009,Washington,26.5572,16.7975,69.8807,2.7896
2003-07-14,44009,Washington,25.4616,16.2572,72.0894,1.6145
2003-07-15,44009,Washington,25.9033,14.9253,74.5224,1.4868
2003-07-16,44009,Washington,25.0796,13.9854,87.5185,3.5221
2003-07-17,44009,Washington,27.9565,17.9282,71.3184,2.8695
2003-07-18,44009,Washington,27.3119,15.9226,74.0377,3.03
2003-07-19,44009,Washington,26.8315,16.825,69.3547,1.8037
2003-07-20,44009,Washington,26.7389,15.0584,65.8351,2.3655
2003-07-21,44009,Washington,25.8959,16.0813,81.0069,4.7522
2003-07-22,44009,Washington,26.9072,19.0126,81.3417,4.4941
2003-07-23,44009,Washington,26.422,19.4286,80.2064,5.091
2003-07-24,44009,Washington,26.1368,18.52,81.3049,5.0286
2003-07-25,44009,Washington,27.5509,18.1773,71.1751,3.6927
2003-07-26,44009,Washington,28.1969,16.8243,71.4723,4.2477
2003-07-27,44009,Washington,28.4046,18.2675,79.4771,5.6164
2003-07-28,44009,Washington,27.2555,18.0482,68.9094,3.0463
2003-07-29,44009,Washington,25.1599,15.8137,68.2476,1.6759
2003-07-30,44009,Washington,25.3961,14.3293,72.6608,1.6647
2003-07-31,44009,Washington,25.8549,12.9754,74.4734,3.043
2003-08-01,44009,Washington,25.7258,15.4919,81.3823,2.7559
2003-08-02,44009,Washington,27.3142,18.7589,80.306,3.5321
2003-08-03,44009,Washington,27.3654,19.6435,78.7191,3.3421
2003-08-04,44009,Washington,26.552,19.3368,80.837,3.1449
2003-08-05,44009,Washington,27.0592,19.9027,78.8798,3.3731
2003-08-06,44009,Washington,26.3182,19.2513,78.383,3.383
2003-08-07,44009,Washington,27.3023,19.2004,80.1339,2.5148
2003-08-08,44009,Washington,27.1876,18.3316,83.6616,2.7912
2003-08-09,44009,Washington,27.2911,20.8245,79.94,3.2485
2003-08-10,44009,Washington,27.4196,21.2055,78.5408,4.7885
2003-08-11,44009,Washington,28.2517,20.2699,75.7743,3.2755
2003-08-12,44009,Washington,27.6076,19.745,79.0729,2.1531
2003-08-13,44009,Washington,29.4085,21.0731,73.7549,3.2024
2003-08-14,44009,Washington,31.2843,20.9387,64.9468,2.5622
2003-08-15,44009,Washington,30.3547,20.082,66.8687,1.9323
2003-08-16,44009,Washington,30.3907,19.8015,72.2511,3.576
2003-08-17,44009,Washington,25.7629,18.0111,75.9785,1.9463
2003-08-18,44009,Washington,25.1386,17.3426,71.6146,1.4449
2003-08-19,44009,Washington,27.6783,18.0469,71.0613,3.3532
2003-08-20,44009,Washington,30.1096,18.6133,68.4893,3.1998
2003-08-21,44009,Washington,29.9715,18.7344,74.0646,3.1672
2003-08-22,44009,Washington,30.7667,20.8144,77.7312,4.1812
2003-08-23,44009,Washington,27.5238,13.6186,63.2783,4.1228
2003-08-24,44009,Washington,22.6625,10.4978,52.8568,3.6017
2003-08-25,44009,Washington,24.1709,13.2619,73.7464,2.9616
2003-08-26,44009,Washington,27.5478,17.1234,67.9565,2.0062
2003-08-27,44009,Washington,29.4814,18.1323,63.639,3.5951
2003-08-28,44009,Washington,25.4526,15.8481,56.5022,1.8847
2003-08-29,44009,Washington,25.6564,14.2321,77.0795,3.5801
2003-08-30,44009,Washington,28.544,18.7697,70.8337,3.0115
2003-08-31,44009,Washington,22.5319,12.7669,64.5667,2.1591
2003-09-01,44009,Washington,20.0798,12.7517,81.9002,2.3383
2003-09-02,44009,Washington,18.4554,13.2924,84.3336,5.2662
2003-09-03,44009,Washington,20.1826,13.0733,84.6933,3.9142
2003-09-04,44009,Washington,24.8675,16.2327,84.6118,3.1338
2003-09-05,44009,Washington,25.5861,15.9355,70.6826,1.9864
2003-09-06,44009,Washington,22.9939,14.1171,66.5577,2.1318
2003-09-07,44009,Washington,24.963,14.1267,67.4496,2.6895
2003-09-08,44009,Washington,22.8392,14.0048,71.8919,2.8983
2003-09-09,44009,Washington,20.5057,9.3009,67.842,4.4607
2003-09-10,44009,Washington,21.6987,7.1898,62.9294,2.1009
2003-09-11,44009,Washington,24.2988,11.4016,65.6212,3.283
2003-09-12,44009,Washington,21.5213,11.4483,70.7949,4.5954
2003-09-13,44009,Washington,24.2563,13.3105,81.54,4.4417
2003-09-14,44009,Washington,25.7024,16.1367,79.491,2.4261
2003-09-15,44009,Washington,25.8869,17.2706,79.3315,3.1325
2003-09-16,44009,Washington,25.6473,15.1141,76.0031,2.3391
2003-09-17,44009,Washington,23.9284,12.8222,63.7687,3.6883
2003-09-18,44009,Washington,22.9015,12.6295,71.3248,6.296
2003-09-19,44009,Washington,24.3646,14.3188,87.308,5.4973
2003-09-20,44009,Washington,26.8661,17.4742,74.1476,2.5962
2003-09-21,44009,Washington,24.8106,13.6843,72.1534,1.4988
2003-09-22,44009,Washington,22.7968,12.2459,73.7057,2.7638
2003-09-23,44009,Washington,23.5192,14.5559,80.4337,5.1245
2003-09-24,44009,Washington,21.7022,11.5926,63.9036,2.6324
2003-09-25,44009,Washington,23.3909,11.8111,75.8472,3.3481
2003-09-26,44009,Washington,23.9262,14.5029,77.1255,2.1516
2003-09-27,44009,Washington,24.1909,14.5406,80.6297,3.7436
2003-09-28,44009,Washington,23.3895,14.9974,82.1328,2.9213
2003-09-29,44009,Washington,21.4908,10.3111,68.5355,3.7546
2003-09-30,44009,Washington,17.5875,6.7027,62.2493,2.9878
2003-10-01,44009,Washington,17.0287,6.102,61.4431,1.6997
2003-10-02,44009,Washington,16.2875,3.881,58.5466,4.2762
2003-10-03,44009,Washington,13.6846,1.5507,56.878,3.6497
2003-10-04,44009,Washington,19.2395,6.6074,72.3737,6.1719
2003-10-05,44009,Washington,14.2865,4.1757,55.8085,4.8251
2003-10-06,44009,Washington,13.4672,2.302,51.9704,3.1111
2003-10-07,44009,Washington,14.8353,1.7581,59.8406,3.0593
2003-10-08,44009,Washington,20.5976,8.6428,69.0839,4.1563
2003-10-09,44009,Washington,23.4727,10.4174,66.4283,2.084
2003-10-10,44009,Washington,22.2296,10.0699,67.93,4.0059
2003-10-11,44009,Washington,21.2341,9.0564,65.2854,4.8842
2003-10-12,44009,Washington,17.9195,8.9688,82.4845,4.0019
2003-10-13,44009,Washington,19.778,8.5503,58.0107,3.5142
2003-10-14,44009,Washington,18.5312,7.5012,67.4973,4.1524
2003-10-15,44009,Washington,18.3525,6.4826,69.6782,9.5554
2003-10-16,44009,Washington,15.9673,4.8399,55.5114,5.9415
2003-10-17,44009,Washington,14.4636,5.7894,57.5388,1.7329
2003-10-18,44009,Washington,12.461,3.9393,60.9213,2.7744
2003-10-19,44009,Washington,10.8421,3.1277,65.1403,2.4917
2003-10-20,44009,Washington,12.5483,1.2563,63.5061,3.4532
2003-10-21,44009,Washington,19.3838,6.818,76.9786,6.0501
2003-10-22,44009,Washington,12.8848,1.5634,70.5231,4.1806
2003-10-23,44009,Washington,6.4497,-0.1785,60.4997,5.9251
2003-10-24,44009,Washington,8.3553,-0.7419,54.1378,5.0169
2003-10-25,44009,Washington,12.9539,-1.4379,67.2942,3.6985
2003-10-26,44009,Washington,17.8339,9.1052,83.7913,6.0845
2003-10-27,44009,Washington,19.5836,11.4682,79.5381,6.6688
2003-10-28,44009,Washington,16.1951,7.797,66.4066,2.4408
2003-10-29,44009,Washington,19.0718,7.9381,81.1073,6.8427
2003-10-30,44009,Washington,13.7644,4.7988,58.8792,4.1039
2003-10-31,44009,Washington,16.8896,5.9841,67.2015,3.2084
2003-11-01,44009,Washington,20.3867,9.2758,64.0208,3.7763
2003-11-02,44009,Washington,18.3275,11.7891,57.5545,1.4564
2003-11-03,44009,Washington,21.255,11.062,61.7898,2.6651
2003-11-04,44009,Washington,14.3419,6.5788,65.9763,4.797
2003-11-05,44009,Washington,18.1968,6.8063,74.4378,3.6164
2003-11-06,44009,Washington,18.9891,9.5431,64.008,1.9988
2003-11-07,44009,Washington,15.1858,5.6431,57.9052,2.8976
2003-11-08,44009,Washington,8.5979,-3.9269,37.5814,5.8086
2003-11-09,44009,Washington,3.6153,-4.6466,40.3299,4.0435
2003-11-10,44009,Washington,7.44,-3.2703,45.9189,2.9333
2003-11-11,44009,Washington,11.5114,-1.282,64.2946,3.4333
2003-11-12,44009,Washington,14.4424,7.8073,70.1373,2.3804
2003-11-13,44009,Washington,14.1686,1.5141,55.7571,10.2485
2003-11-14,44009,Washington,4.0259,-1.8058,48.1171,10.3118
2003-11-15,44009,Washington,4.7678,-3.2153,44.3329,6.7988
2003-11-16,44009,Washington,6.1566,-2.5187,56.6035,2.6626
2003-11-17,44009,Washington,8.1395,1.9014,66.6423,2.3741
2003-11-18,44009,Washington,11.7008,3.2986,63.0797,2.7159
2003-11-19,44009,Washington,14.9114,5.6428,76.3857,6.4929
2003-11-20,44009,Washington,14.2228,3.8378,70.4275,5.8623
2003-11-21,44009,Washington,12.409,2.3857,57.2852,3.7526
2003-11-22,44009,Washington,13.0902,2.1281,52.3039,2.9325
2003-11-23,44009,Washington,10.8446,-0.4817,54.7325,2.3455
2003-11-24,44009,Washington,11.1678,0.5736,66.0562,2.405
2003-11-25,44009,Washington,9.5285,-0.7045,58.9715,3.3753
2003-11-26,44009,Washington,8.7669,-0.6332,58.9662,2.9839
2003-11-27,44009,Washington,11.667,3.1822,58.4168,1.5497
2003-11-28,44009,Washington,14.3628,5.322,77.5766,4.977
2003-11-29,44009,Washington,13.7821,0.6828,50.4632,10.219
2003-11-30,44009,Washington,8.7566,0.8198,53.5507,6.499
2003-12-01,44009,Washington,10.7957,-0.6861,49.4671,7.1083
2003-12-02,44009,Washington,3.2893,-7.6466,35.9954,8.2522
2003-12-03,44009,Washington,-0.7669,-8.6812,42.8741,6.4227
2003-12-04,44009,Washington,2.3827,-7.6016,61.9777,4.3801
2003-12-05,44009,Washington,1.708,-4.6042,61.4467,6.3859
2003-12-06,44009,Washington,4.4932,-1.496,68.5077,10.0146
2003-12-07,44009,Washington,2.4019,-5.4677,60.8881,8.3859
2003-12-08,44009,Washington,1.2097,-7.9821,60.0464,4.5821
2003-12-09,44009,Washington,2.0031,-7.954,66.8445,1.5233
2003-12-10,44009,Washington,6.0384,-1.8843,69.6556,3.9878
2003-12-11,44009,Washington,10.8852,2.9688,67.239,7.8178
2003-12-12,44009,Washington,6.9765,-2.007,49.1274,6.1398
2003-12-13,44009,Washington,1.7225,-6.137,48.3188,4.702
2003-12-14,44009,Washington,6.492,-6.5587,60.7137,7.4961
2003-12-15,44009,Washington,7.942,-3.9622,56.7448,7.4652
2003-12-16,44009,Washington,4.3603,-4.425,63.9724,4.108
2003-12-17,44009,Washington,10.838,0.7125,70.783,5.993
2003-12-18,44009,Washington,7.3771,-1.8626,50.6358,8.2069
2003-12-19,44009,Washington,2.5584,-4.1109,60.2996,3.0264
2003-12-20,44009,Washington,3.4578,-3.0571,56.2655,3.1677
2003-12-21,44009,Washington,3.5997,-5.3949,59.8487,6.0203
2003-12-22,44009,Washington,6.8287,-0.5608,61.4397,5.0994
2003-12-23,44009,Washington,10.6972,1.4082,64.5136,3.8081
2003-12-24,44009,Washington,14.443,4.2924,71.8703,5.3586
2003-12-25,44009,Washington,11.0888,0.826,67.1647,4.7702
2003-12-26,44009,Washington,5.5301,-1.5773,54.6261,7.1792
2003-12-27,44009,Washington,7.6937,-1.255,45.2656,3.6684
2003-12-28,44009,Washington,8.317,-1.6196,45.06,2.5032
2003-12-29,44009,Washington,9.3827,-0.5963,51.853,4.2692
2003-12-30,44009,Washington,12.1979,0.9061,57.2359,6.5204
2003-12-31,44009,Washington,6.3942,0.9209,51.964,5.3492
2004-01-01,44009,Washington,5.2623,-1.7201,42.4619,4.7205
2004-01-02,44009,Washington,5.8062,-2.0673,54.4396,1.7443
2004-01-03,44009,Washington,8.1845,1.1827,56.7061,2.8264
2004-01-04,44009,Washington,10.9309,1.7619,55.4438,2.8466
2004-01-05,44009,Washington,4.3316,-0.0054,58.0402,3.7755
2004-01-06,44009,Washington,3.5477,-5.3815,44.6345,6.155
2004-01-07,44009,Washington,-3.3352,-8.2734,30.8036,7.8564
2004-01-08,44009,Washington,-3.9852,-9.1354,37.0896,6.2762
2004-01-09,44009,Washington,-6.6274,-17.448,39.5999,5.857
2004-01-10,44009,Washington,-10.7523,-18.4811,44.2524,5.355
2004-01-11,44009,Washington,-2.3559,-16.2944,40.5845,4.8059
2004-01-12,44009,Washington,1.2419,-4.7932,60.6916,4.7138
2004-01-13,44009,Washington,2.7089,-11.0277,55.6157,6.6984
2004-01-14,44009,Washington,-9.8567,-18.5736,36.6256,5.1564
2004-01-15,44009,Washington,-11.9454,-19.8664,49.0766,7.2737
2004-01-16,44009,Washington,-10.2332,-20.7092,50.6758,8.8473
2004-01-17,44009,Washington,-0.4537,-14.0176,47.3297,5.6442
2004-01-18,44009,Washington,2.5963,-5.6302,60.4039,3.8404
2004-01-19,44009,Washington,-0.7402,-9.3975,43.1765,7.4098
2004-01-20,44009,Washington,-3.6697,-11.2524,45.6371,7.0089
2004-01-21,44009,Washington,-3.9197,-12.8014,49.3911,4.3475
2004-01-22,44009,Washington,1.9378,-9.732,52.8329,6.26
2004-01-23,44009,Washington,-3.7969,-12.7201,33.1059,7.0926
2004-01-24,44009,Washington,-7.8129,-15.1183,41.472,6.5063
2004-01-25,44009,Washington,-9.8002,-18.025,41.1662,5.1082
2004-01-26,44009,Washington,-8.1987,-15.4808,45.8395,4.3798
2004-01-27,44009,Washington,-4.3271,-11.0841,49.0599,4.2979
2004-01-28,44009,Washington,-1.7078,-7.6331,55.1108,5.1441
2004-01-29,44009,Washington,-3.581,-10.9479,47.9789,7.9671
2004-01-30,44009,Washington,-5.4125,-11.8505,48.9634,6.343
2004-01-31,44009,Washington,-2.0953,-9.4156,39.8954,6.3223
2004-02-01,44009,Washington,1.4819,-11.3628,50.109,4.6055
2004-02-02,44009,Washington,3.554,-7.1625,52.4984,2.0079
2004-02-03,44009,Washington,6.6959,-5.5969,58.7281,4.7551
2004-02-04,44009,Washington,6.6853,-2.9703,50.97,5.7372
2004-02-05,44009,Washington,3.7546,-5.0577,43.0584,4.0358
2004-02-06,44009,Washington,5.9777,-2.5939,57.8231,2.8794
2004-02-07,44009,Washington,6.9623,-2.0715,57.0406,3.8207
2004-02-08,44009,Washington,1.6813,-8.9967,37.1589,7.0842
2004-02-09,44009,Washington,5.426,-6.7947,55.0582,6.4025
2004-02-10,44009,Washington,7.2568,-0.9999,51.9263,3.9222
2004-02-11,44009,Washington,4.6861,-4.7777,42.7606,5.7096
2004-02-12,44009,Washington,3.2397,-5.5847,50.9373,3.5117
2004-02-13,44009,Washington,5.355,-2.0192,51.7405,5.0141
2004-02-14,44009,Washington,5.8874,-2.4643,48.2962,5.0756
2004-02-15,44009,Washington,2.6051,-9.3166,32.3651,4.4995
2004-02-16,44009,Washington,-0.0543,-11.3323,38.5769,3.8861
2004-02-17,44009,Washington,1.9509,-8.9854,52.5723,3.268
2004-02-18,44009,Washington,3.2397,-4.1248,56.2526,6.1768
2004-02-19,44009,Washington,4.6704,-5.7574,46.8772,5.2586
2004-02-20,44009,Washington,4.7498,-5.2191,54.0132,2.5096
2004-02-21,44009,Washington,6.1678,-0.4937,60.6473,3.4859
2004-02-22,44009,Washington,6.7147,-2.009,48.637,5.8794
2004-02-23,44009,Washington,6.3289,-3.3084,43.086,3.6904
2004-02-24,44009,Washington,5.413,-3.1544,41.3038,2.158
2004-02-25,44009,Washington,4.8253,-5.2391,36.8961,4.9827
2004-02-26,44009,Washington,5.8072,-4.9726,34.0887,3.8623
2004-02-27,44009,Washington,5.9737,-5.375,33.87,4.0086
2004-02-28,44009,Washington,8.2691,-4.6682,37.8139,3.2656
2004-02-29,44009,Washington,9.7067,-1.2361,40.4942,3.2339
2004-03-01,44009,Washington,11.9834,-0.5858,49.8632,2.1168
2004-03-02,44009,Washington,13.1088,1.3924,68.4165,4.6615
2004-03-03,44009,Washington,11.6727,1.4621,52.8786,4.3958
2004-03-04,44009,Washington,8.5349,0.482,69.4013,1.9872
2004-03-05,44009,Washington,8.0921,1.0672,77.4282,3.406
2004-03-06,44009,Washington,14.8515,4.5914,71.2079,5.2623
2004-03-07,44009,Washington,7.7212,-0.8564,56.0942,3.5725
2004-03-08,44009,Washington,4.7775,-2.0727,64.1964,4.7357
2004-03-09,44009,Washington,3.3718,-2.2174,66.3679,1.9254
2004-03-10,44009,Washington,6.0484,-2.2393,59.158,5.9571
2004-03-11,44009,Washington,8.9346,-2.3705,51.9314,5.9727
2004-03-12,44009,Washington,8.9415,-1.6397,51.3351,6.6197
2004-03-13,44009,Washington,3.5251,-3.7254,46.9505,6.1131
2004-03-14,44009,Washington,4.5916,-4.8608,52.1369,3.8312
2004-03-15,44009,Washington,10.1269,0.279,51.4297,5.0599
2004-03-16,44009,Washington,5.2342,-3.5594,54.5049,6.5076
2004-03-17,44009,Washington,0.3037,-4.5753,72.981,5.6239
2004-03-18,44009,Washington,1.5535,-4.8323,72.2854,2.4899
2004-03-19,44009,Washington,2.2908,-2.788,70.7613,5.0126
2004-03-20,44009,Washington,4.5579,-2.7475,67.2071,4.3355
2004-03-21,44009,Washington,9.645,-0.9011,58.949,5.4491
2004-03-22,44009,Washington,1.5136,-5.7476,40.1649,5.7365
2004-03-23,44009,Washington,3.6641,-6.1183,45.4725,5.2937
2004-03-24,44009,Washington,9.0422,-0.9646,56.5984,2.5984
2004-03-25,44009,Washington,9.2246,0.5917,74.7114,3.5712
2004-03-26,44009,Washington,15.1434,3.894,65.2061,3.2212
2004-03-27,44009,Washington,18.5026,5.4527,61.1564,3.7689
2004-03-28,44009,Washington,10.1714,0.2788,62.0116,6.9106
2004-03-29,44009,Washington,8.7191,-2.023,58.5212,4.3097
2004-03-30,44009,Washington,9.6497,-2.5494,66.0732,3.1462
2004-03-31,44009,Washington,9.8766,2.8169,75.5944,4.471
2004-04-01,44009,Washington,11.2406,4.8319,69.0278,5.1033
2004-04-02,44009,Washington,13.1856,3.6861,60.9373,3.3168
2004-04-03,44009,Washington,11.6712,0.9424,65.4344,2.3371
2004-04-04,44009,Washington,10.3947,4.7901,65.5426,3.1094
2004-04-05,44009,Washington,6.8893,-1.0241,45.3634,7.2708
2004-04-06,44009,Washington,8.9997,-2.3651,37.0441,5.7951
2004-04-07,44009,Washington,11.2698,0.724,48.2946,2.7204
2004-04-08,44009,Washington,12.3319,1.9089,52.2503,2.5958
2004-04-09,44009,Washington,13.7891,2.9704,47.975,3.2441
2004-04-10,44009,Washington,11.4909,0.8536,45.134,3.599
2004-04-11,44009,Washington,12.5227,4.6722,49.5592,1.0818
2004-04-12,44009,Washington,11.2987,3.4341,57.3939,5.521
2004-04-13,44009,Washington,13.7361,3.7246,72.7198,5.775
2004-04-14,44009,Washington,15.391,9.0714,71.6386,2.9072
2004-04-15,44009,Washington,11.6817,3.0656,56.2096,5.4414
2004-04-16,44009,Washington,13.1619,0.4035,40.5457,3.3777
2004-04-17,44009,Washington,16.5919,1.6892,57.0473,4.0999
2004-04-18,44009,Washington,21.2337,6.6028,49.8555,2.9082
2004-04-19,44009,Washington,21.3375,5.5831,59.7904,5.0987
2004-04-20,44009,Washington,19.7743,7.2586,50.1425,3.1484
2004-04-21,44009,Washington,13.5028,4.2313,55.2901,3.7026
2004-04-22,44009,Washington,20.5127,6.3834,65.4666,3.4607
2004-04-23,44009,Washington,14.2446,5.3729,66.2554,4.2253
2004-04-24,44009,Washington,17.2477,5.0935,45.5292,3.838
2004-04-25,44009,Washington,11.5462,1.6422,43.911,3.3235
2004-04-26,44009,Washington,15.0254,4.8505,75.6707,3.239
2004-04-27,44009,Washington,18.3765,8.7305,57.5611,3.1047
2004-04-28,44009,Washington,12.4536,3.7951,48.9748,4.693
2004-04-29,44009,Washington,16.9312,3.0305,58.0792,5.6339
2004-04-30,44009,Washington,18.9397,7.1898,65.1591,4.9206
2004-05-01,44009,Washington,20.0328,8.0047,69.2228,4.4031
2004-05-02,44009,Washington,18.235,10.0341,71.4155,4.6335
2004-05-03,44009,Washington,16.3367,8.2137,76.6991,3.3405
2004-05-04,44009,Washington,12.1201,3.5449,56.5542,5.1235
2004-05-05,44009,Washington,14.7956,1.6439,64.1152,3.1622
2004-05-06,44009,Washington,17.2732,5.9813,61.2816,2.4945
2004-05-07,44009,Washington,23.7419,7.6992,51.3956,4.5113
2004-05-08,44009,Washington,12.641,4.1866,50.6274,3.4834
2004-05-09,44009,Washington,14.1056,6.0001,72.4043,2.5757
2004-05-10,44009,Washington,18.8184,8.1539,68.9709,2.5369
2004-05-11,44009,Washington,25.9307,10.6361,63.2541,3.3872
2004-05-12,44009,Washington,26.515,14.2152,60.0552,2.7296
2004-05-13,44009,Washington,24.1684,9.4828,66.4928,2.8751
2004-05-14,44009,Washington,20.7618,7.109,73.5659,2.7138
2004-05-15,44009,Washington,25.2991,13.4924,68.594,4.1631
2004-05-16,44009,Washington,22.5084,13.8022,66.2703,2.4824
2004-05-17,44009,Washington,20.6891,10.9046,66.9484,2.6975
2004-05-18,44009,Washington,22.2176,11.4455,72.6978,5.2952
2004-05-19,44009,Washington,23.3241,12.4163,60.7194,1.9782
2004-05-20,44009,Washington,20.5659,8.1029,59.2047,2.0673
2004-05-21,44009,Washington,23.8548,8.9484,68.3838,2.2717
2004-05-22,44009,Washington,21.8766,13.3874,70.4116,1.8832
2004-05-23,44009,Washington,25.972,11.533,67.02,2.7239
2004-05-24,44009,Washington,23.4649,11.6381,70.4373,2.3501
2004-05-25,44009,Washington,21.8752,9.2846,68.2784,2.5747
2004-05-26,44009,Washington,17.4351,8.1423,73.3453,2.3472
2004-05-27,44009,Washington,21.6381,10.8295,68.7013,1.6908
2004-05-28,44009,Washington,20.9886,10.6701,73.2722,3.2786
2004-05-29,44009,Washington,15.0477,5.9579,55.9182,4.7513
2004-05-30,44009,Washington,18.3716,4.7166,54.7354,3.4599
2004-05-31,44009,Washington,20.3714,8.6823,55.3148,3.3475
2004-06-01,44009,Washington,16.6772,9.8295,71.9077,3.0071
2004-06-02,44009,Washington,23.3916,9.8849,70.8972,2.8908
2004-06-03,44009,Washington,21.6358,13.021,61.0995,2.8272
2004-06-04,44009,Washington,20.8972,8.4743,54.9912,1.8804
2004-06-05,44009,Washington,20.4118,9.827,60.3233,3.4356
2004-06-06,44009,Washington,15.2347,9.3422,76.2641,4.1445
2004-06-07,44009,Washington,23.2138,10.1334,68.6215,2.8377
2004-06-08,44009,Washington,27.6063,13.7693,64.5773,4.0176
2004-06-09,44009,Washington,29.6747,15.8403,70.7437,4.6238
2004-06-10,44009,Washington,26.0188,14.0766,67.3496,2.1215
2004-06-11,44009,Washington,21.0768,10.7194,49.7976,2.1499
2004-06-12,44009,Washington,20.9744,7.7086,53.693,2.1235
2004-06-13,44009,Washington,21.829,8.8907,64.9901,4.2301
2004-06-14,44009,Washington,21.3511,12.6196,78.7497,4.8188
2004-06-15,44009,Washington,27.4392,16.0825,74.0446,4.4997
2004-06-16,44009,Washington,28.3113,18.1635,61.2933,2.1304
2004-06-17,44009,Washington,26.9693,17.0204,73.1105,1.5533
2004-06-18,44009,Washington,25.7594,18.0136,73.8196,1.0911
2004-06-19,44009,Washington,26.5381,14.7511,63.6831,3.2151
2004-06-20,44009,Washington,21.2411,11.8719,53.0143,3.7037
2004-06-21,44009,Washington,23.5644,10.2748,61.2823,4.1701
2004-06-22,44009,Washington,24.0347,13.7389,78.4571,4.4079
2004-06-23,44009,Washington,26.182,16.6767,57.1049,2.6979
2004-06-24,44009,Washington,25.2934,14.3073,61.2079,2.4076
2004-06-25,44009,Washington,25.6045,13.3915,72.4684,2.7497
2004-06-26,44009,Washington,25.869,14.4615,65.2774,2.5011
2004-06-27,44009,Washington,23.8433,10.3044,59.9784,4.1838
2004-06-28,44009,Washington,24.5135,12.6023,61.9084,2.4918
2004-06-29,44009,Washington,25.814,15.0802,60.6407,2.4009
2004-06-30,44009,Washington,24.8192,14.2507,63.3418,3.6438
2004-07-01,44009,Washington,25.2905,14.5073,75.9626,3.5662
2004-07-02,44009,Washington,26.4451,15.9867,80.6906,3.2944
2004-07-03,44009,Washington,25.628,16.2721,66.8127,2.1129
2004-07-04,44009,Washington,26.2882,14.8899,69.0596,2.3879
2004-07-05,44009,Washington,23.4937,14.5044,91.1981,3.1345
2004-07-06,44009,Washington,25.9808,18.3459,76.6129,2.5299
2004-07-07,44009,Washington,25.9093,16.4725,71.6645,1.798
2004-07-08,44009,Washington,25.3891,15.7423,85.227,2.6856
2004-07-09,44009,Washington,25.2185,16.332,68.3112,4.0802
2004-07-10,44009,Washington,25.778,14.1334,71.3261,2.7539
2004-07-11,44009,Washington,26.3856,14.8858,66.5509,1.5536
2004-07-12,44009,Washington,24.9864,13.7213,69.8324,3.0167
2004-07-13,44009,Washington,20.0694,15.6814,90.002,4.7426
2004-07-14,44009,Washington,22.4831,16.3304,86.0445,1.8158
2004-07-15,44009,Washington,25.3754,17.3797,78.1803,3.8048
2004-07-16,44009,Washington,24.413,17.7297,74.5286,4.4369
2004-07-17,44009,Washington,27.097,16.6461,73.552,3.369
2004-07-18,44009,Washington,26.4017,18.0618,76.0275,2.9001
2004-07-19,44009,Washington,25.3583,16.4165,83.4155,1.8763
2004-07-20,44009,Washington,27.3148,19.1066,74.6544,3.1755
2004-07-21,44009,Washington,28.2677,17.9914,66.3949,1.8137
2004-07-22,44009,Washington,27.5493,16.6853,69.7266,2.4843
2004-07-23,44009,Washington,28.1871,16.6734,76.5562,3.4549
2004-07-24,44009,Washington,25.64,17.4299,80.7784,3.1371
2004-07-25,44009,Washington,22.9082,15.9917,73.5255,3.8835
2004-07-26,44009,Washington,25.7696,15.3881,61.6244,2.7369
2004-07-27,44009,Washington,23.7721,15.0753,75.7328,2.9194
2004-07-28,44009,Washington,25.6575,18.308,80.7273,1.3869
2004-07-29,44009,Washington,27.92,18.5829,72.1563,2.2317
2004-07-30,44009,Washington,28.8715,17.3357,75.3407,3.5333
2004-07-31,44009,Washington,28.9108,20.0739,78.7635,5.4218
2004-08-01,44009,Washington,25.9275,19.8643,84.7717,3.925
2004-08-02,44009,Washington,29.8635,19.5291,71.1067,2.3937
2004-08-03,44009,Washington,29.8111,18.5167,71.8119,2.868
2004-08-04,44009,Washington,30.4488,18.3579,66.6783,1.1935
2004-08-05,44009,Washington,21.4322,14.0687,87.1509,2.7282
2004-08-06,44009,Washington,22.1135,14.3227,67.5674,2.4243
2004-08-07,44009,Washington,21.3366,13.003,62.2978,3.1095
2004-08-08,44009,Washington,23.8286,11.9732,66.1275,3.9653
2004-08-09,44009,Washington,25.9134,15.5173,64.6249,3.0934
2004-08-10,44009,Washington,26.2151,14.9104,75.1036,3.8152
2004-08-11,44009,Washington,25.6815,17.8796,78.7883,4.7547
2004-08-12,44009,Washington,26.2466,17.8032,79.9774,3.9405
2004-08-13,44009,Washington,26.023,17.6999,82.5841,3.4874
2004-08-14,44009,Washington,27.1569,18.8238,74.3007,2.4512
2004-08-15,44009,Washington,22.4984,14.6725,86.532,1.4568
2004-08-16,44009,Washington,21.5928,16.183,86.5427,1.3519
2004-08-17,44009,Washington,24.0531,15.2197,76.8146,1.8443
2004-08-18,44009,Washington,24.6577,14.4947,83.1131,3.1129
2004-08-19,44009,Washington,26.4969,17.7403,85.2228,4.7528
2004-08-20,44009,Washington,29.0202,20.0561,80.8818,3.8409
2004-08-21,44009,Washington,26.014,17.1486,86.6189,5.0421
2004-08-22,44009,Washington,22.2347,13.8302,67.7988,2.0078
2004-08-23,44009,Washington,24.5949,12.2301,77.3364,3.0727
2004-08-24,44009,Washington,23.3126,13.331,70.4275,2.684
2004-08-25,44009,Washington,22.6032,12.3484,63.8855,2.055
2004-08-26,44009,Washington,22.543,12.2396,72.4875,2.0867
2004-08-27,44009,Washington,26.1411,13.4976,84.06,4.1329
2004-08-28,44009,Washington,28.014,19.202,81.4018,4.4661
2004-08-29,44009,Washington,27.7212,19.3517,80.5247,3.7342
2004-08-30,44009,Washington,27.7959,18.996,81.9438,3.1313
2004-08-31,44009,Washington,27.6207,18.3348,77.4002,2.0577
2004-09-01,44009,Washington,24.8886,14.8042,67.4552,2.3394
2004-09-02,44009,Washington,22.6932,13.1627,65.567,2.3861
2004-09-03,44009,Washington,24.4183,13.1608,73.6224,2.5846
2004-09-04,44009,Washington,27.2841,15.4885,71.6205,3.1195
2004-09-05,44009,Washington,20.433,10.9458,71.709,4.9335
2004-09-06,44009,Washington,22.6309,10.3493,72.1645,3.1581
2004-09-07,44009,Washington,25.8159,12.7612,83.075,2.6492
2004-09-08,44009,Washington,24.7749,18.3643,83.1512,3.349
2004-09-09,44009,Washington,24.2831,18.182,88.2972,5.5676
2004-09-10,44009,Washington,24.2016,15.1913,72.6318,4.3968
2004-09-11,44009,Washington,21.6813,12.282,67.3517,2.4174
2004-09-12,44009,Washington,22.5023,11.2124,71.4437,1.5685
2004-09-13,44009,Washington,25.7725,13.7111,69.9179,2.3043
2004-09-14,44009,Washington,20.1851,9.7314,69.6889,3.4224
2004-09-15,44009,Washington,21.3286,9.0533,81.5117,1.5929
2004-09-16,44009,Washington,22.8149,15.732,81.4417,1.3916
2004-09-17,44009,Washington,25.7947,15.3244,82.2774,2.4119
2004-09-18,44009,Washington,22.2157,11.1082,85.3426,4.3692
2004-09-19,44009,Washington,15.18,7.8257,68.6017,5.9025
2004-09-20,44009,Washington,18.926,8.0223,64.7802,3.5156
2004-09-21,44009,Washington,21.3581,11.7133,65.9779,1.9986
2004-09-22,44009,Washington,24.5453,13.2221,67.05,2.9311
2004-09-23,44009,Washington,23.8911,13.4123,67.6872,2.2912
2004-09-24,44009,Washington,21.2023,11.1836,70.8829,1.5611
2004-09-25,44009,Washington,21.8269,10.4653,80.6005,3.9558
2004-09-26,44009,Washington,23.4816,13.846,67.9754,1.6383
2004-09-27,44009,Washington,21.5763,12.1325,75.2667,1.5872
2004-09-28,44009,Washington,21.9867,12.5338,94.4345,2.5722
2004-09-29,44009,Washington,19.8486,9.5058,78.6464,6.5163
2004-09-30,44009,Washington,19.0698,7.3199,76.2784,2.3907
2004-10-01,44009,Washington,20.499,9.9334,65.9477,1.4228
2004-10-02,44009,Washington,19.9527,9.6394,77.1385,2.5482
2004-10-03,44009,Washington,19.1352,8.5244,68.1028,2.1051
2004-10-04,44009,Washington,18.7279,7.2896,74.1356,2.2821
2004-10-05,44009,Washington,15.1452,2.539,55.8095,3.6004
2004-10-06,44009,Washington,14.6848,1.5175,60.3131,2.763
2004-10-07,44009,Washington,20.3269,6.2629,60.2856,2.0632
2004-10-08,44009,Washington,21.1079,8.4775,66.8261,2.4476
2004-10-09,44009,Washington,21.7577,9.1957,72.8714,3.2285
2004-10-10,44009,Washington,20.0401,9.0739,65.8452,3.0757
2004-10-11,44009,Washington,15.9049,7.2905,62.8343,5.19
2004-10-12,44009,Washington,16.427,5.047,60.4606,5.0686
2004-10-13,44009,Washington,18.6245,4.5742,57.9607,2.107
2004-10-14,44009,Washington,16.991,8.1341,81.5569,3.6532
2004-10-15,44009,Washington,18.6435,10.7693,81.0556,2.4561
2004-10-16,44009,Washington,16.535,8.6775,72.5321,5.9954
2004-10-17,44009,Washington,12.5145,5.0293,61.4252,6.5063
2004-10-18,44009,Washington,13.6559,4.4078,61.152,3.4379
2004-10-19,44009,Washington,10.9233,6.0624,79.7887,6.1527
2004-10-20,44009,Washington,12.5698,5.5819,70.8605,6.3733
2004-10-21,44009,Washington,13.8314,5.1024,68.7793,5.3441
2004-10-22,44009,Washington,11.2228,5.0597,76.5263,6.0904
2004-10-23,44009,Washington,13.2648,4.3717,65.815,6.0388
2004-10-24,44009,Washington,13.1321,4.8638,73.4191,4.8021
2004-10-25,44009,Washington,13.8674,5.7764,68.8026,3.2677
2004-10-26,44009,Washington,14.41,4.4362,62.1942,3.0893
2004-10-27,44009,Washington,13.5916,2.7738,68.4074,3.0429
2004-10-28,44009,Washington,11.2141,2.3521,55.7866,2.6537
2004-10-29,44009,Washington,12.6556,0.8145,78.5038,2.979
2004-10-30,44009,Washington,15.819,7.9507,84.3278,3.8296
2004-10-31,44009,Washington,21.1668,10.7197,61.8758,5.5192
2004-11-01,44009,Washington,14.5626,4.0985,56.0999,5.0583
2004-11-02,44009,Washington,13.4506,3.6678,65.6715,3.4003
2004-11-03,44009,Washington,14.7947,0.5972,58.3716,5.7561
2004-11-04,44009,Washington,12.7299,-2.7841,67.0826,3.4956
2004-11-05,44009,Washington,13.2166,2.5098,54.5639,8.7412
2004-11-06,44009,Washington,12.9341,2.8325,60.9857,6.8858
2004-11-07,44009,Washington,16.1714,3.7091,64.1886,4.5788
2004-11-08,44009,Washington,11.6987,-0.5558,49.1141,4.8961
2004-11-09,44009,Washington,5.122,-4.4004,42.6213,4.4799
2004-11-10,44009,Washington,4.8804,-4.8989,52.3488,3.0133
2004-11-11,44009,Washington,13.0661,0.7229,66.0006,4.885
2004-11-12,44009,Washington,8.473,0.2705,70.2681,5.7354
2004-11-13,44009,Washington,4.6555,-4.3544,65.8279,7.0134
2004-11-14,44009,Washington,4.5772,-6.121,59.701,5.3655
2004-11-15,44009,Washington,9.2772,-1.9077,54.5505,3.2556
2004-11-16,44009,Washington,10.1626,-1.4494,56.8845,2.1015
2004-11-17,44009,Washington,10.642,-0.1712,63.2362,1.9809
2004-11-18,44009,Washington,14.1185,3.6084,64.1098,2.9416
2004-11-19,44009,Washington,16.5204,5.2179,58.6789,2.4841
2004-11-20,44009,Washington,9.2024,1.0092,63.8189,2.3714
2004-11-21,44009,Washington,11.3551,3.9592,75.6618,2.2807
2004-11-22,44009,Washington,12.8146,5.757,68.5884,1.9506
2004-11-23,44009,Washington,12.1782,3.118,63.5763,2.0008
2004-11-24,44009,Washington,13.977,2.9378,78.619,4.5656
2004-11-25,44009,Washington,16.39,2.2163,77.6715,6.8525
2004-11-26,44009,Washington,5.4597,-3.1298,49.6442,5.083
2004-11-27,44009,Washington,9.8467,-0.8749,60.4839,4.0474
2004-11-28,44009,Washington,13.8997,5.277,74.8404,6.9875
2004-11-29,44009,Washington,10.8296,-0.0863,53.0706,3.7909
2004-11-30,44009,Washington,8.7144,-0.4599,61.4272,1.3602
2004-12-01,44009,Washington,13.0341,2.0832,66.6193,8.6458
2004-12-02,44009,Washington,8.1499,-1.1665,53.592,4.2154
2004-12-03,44009,Washington,7.5951,-0.5326,54.6261,3.5289
2004-12-04,44009,Washington,4.2974,-3.0907,53.6159,4.2465
2004-12-05,44009,Washington,10.3141,-1.9167,52.6432,5.2224
2004-12-06,44009,Washington,3.8746,-3.5869,53.9527,4.7358
2004-12-07,44009,Washington,10.6868,-0.2228,67.2687,5.454
2004-12-08,44009,Washington,12.741,1.8714,62.7564,6.2281
2004-12-09,44009,Washington,7.9668,-1.1451,63.9708,2.5645
2004-12-10,44009,Washington,8.4708,2.4796,74.7977,6.078
2004-12-11,44009,Washington,13.2106,4.4709,69.5052,2.9576
2004-12-12,44009,Washington,8.6765,0.7578,60.3743,4.7466
2004-12-13,44009,Washington,8.4315,-0.0202,62.4534,5.1782
2004-12-14,44009,Washington,3.5718,-6.5417,48.6982,5.4167
2004-12-15,44009,Washington,-2.5065,-8.2393,43.4828,4.7382
2004-12-16,44009,Washington,3.8007,-8.4041,64.3051,4.7697
2004-12-17,44009,Washington,5.6584,-5.5201,55.8674,5.7115
2004-12-18,44009,Washington,4.5656,-6.1744,59.8348,2.6231
2004-12-19,44009,Washington,6.4458,-2.6479,71.7679,1.8871
2004-12-20,44009,Washington,3.1092,-14.8433,54.825,6.4916
2004-12-21,44009,Washington,3.0271,-15.1087,66.127,4.6138
2004-12-22,44009,Washington,7.2445,-3.209,67.2039,2.5881
2004-12-23,44009,Washington,11.9759,0.409,74.4969,6.3944
2004-12-24,44009,Washington,11.1197,-3.8803,35.3911,4.3399
2004-12-25,44009,Washington,1.4609,-4.7654,42.2895,2.62
2004-12-26,44009,Washington,4.4651,-3.8523,67.6119,6.4296
2004-12-27,44009,Washington,1.0208,-13.1665,51.6056,7.6106
2004-12-28,44009,Washington,0.7383,-13.7527,88.2169,5.1502
2004-12-29,44009,Washington,2.9287,-2.799,68.5699,4.6058
2004-12-30,44009,Washington,2.9474,-3.5049,61.0968,1.9339
2004-12-31,44009,Washington,4.9412,-2.208,73.0497,4.1428
2005-01-01,44009,Washington,8.4401,-0.9247,53.888,4.6054
2005-01-02,44009,Washington,4.9556,-2.5051,56.2824,4.3363
2005-01-03,44009,Washington,11.1001,3.2427,66.1329,2.7195
2005-01-04,44009,Washington,7.755,1.6402,67.6455,2.2482
2005-01-05,44009,Washington,4.3923,-2.3015,59.6864,3.4866
2005-01-06,44009,Washington,4.1119,-2.5816,67.59,4.8603
2005-01-07,44009,Washington,3.3106,-2.202,56.6723,4.6157
2005-01-08,44009,Washington,3.0278,-2.3491,64.2847,3.4005
2005-01-09,44009,Washington,1.2149,-5.7283,67.0136,2.3684
2005-01-10,44009,Washington,4.1804,-2.2934,64.1205,4.9186
2005-01-11,44009,Washington,0.6702,-3.7491,59.9962,3.0217
2005-01-12,44009,Washington,4.3846,-1.313,68.7861,3.6571
2005-01-13,44009,Washington,9.5189,1.6608,63.7187,3.2891
2005-01-14,44009,Washington,12.9886,0.025,63.467,6.4174
2005-01-15,44009,Washington,1.6327,-3.0775,41.5144,2.47
2005-01-16,44009,Washington,1.5816,-3.1065,48.2309,5.4008
2005-01-17,44009,Washington,-0.4204,-9.5679,50.5408,6.2334
2005-01-18,44009,Washington,-7.9664,-14.9963,44.4278,6.7924
2005-01-19,44009,Washington,0.3753,-15.0385,63.2911,3.374
2005-01-20,44009,Washington,-0.4547,-8.2188,53.2896,5.281
2005-01-21,44009,Washington,-6.803,-16.4109,43.3212,5.9487
2005-01-22,44009,Washington,0.0442,-16.9513,59.8852,5.8983
2005-01-23,44009,Washington,1.1267,-17.3133,54.3129,10.5634
2005-01-24,44009,Washington,-5.2272,-18.7011,62.569,5.7909
2005-01-25,44009,Washington,-3.2078,-9.1964,54.4503,4.5069
2005-01-26,44009,Washington,1.0308,-8.343,67.9209,4.5647
2005-01-27,44009,Washington,-4.771,-18.0995,50.4214,6.9045
2005-01-28,44009,Washington,-7.4631,-19.2932,53.8797,4.9798
2005-01-29,44009,Washington,-1.0134,-16.0082,57.3471,3.604
2005-01-30,44009,Washington,0.1128,-6.7976,58.6999,3.9097
2005-01-31,44009,Washington,1.2106,-11.3654,55.6741,4.3134
2005-02-01,44009,Washington,1.357,-12.599,59.0568,1.7974
2005-02-02,44009,Washington,2.3132,-11.7907,65.2781,3.8499
2005-02-03,44009,Washington,3.2916,-7.329,74.5593,4.2004
2005-02-04,44009,Washington,4.1486,-3.6344,69.408,5.1603
2005-02-05,44009,Washington,5.2518,-5.5038,59.847,3.7065
2005-02-06,44009,Washington,6.3484,-3.7811,59.8942,3.6224
2005-02-07,44009,Washington,6.1555,-4.7211,57.9561,1.4698
2005-02-08,44009,Washington,7.0793,-2.2006,57.3359,2.5551
2005-02-09,44009,Washington,6.6906,-0.8738,66.1404,1.9391
2005-02-10,44009,Washington,9.1406,-2.2624,68.5185,3.8621
2005-02-11,44009,Washington,3.4322,-5.5328,54.1892,7.4762
2005-02-12,44009,Washington,3.8861,-5.4452,63.278,5.5121
2005-02-13,44009,Washington,3.4489,-5.5986,55.5799,4.1252
2005-02-14,44009,Washington,6.1373,-5.7684,63.498,5.5332
2005-02-15,44009,Washington,12.1085,1.3169,56.5643,4.1262
2005-02-16,44009,Washington,12.1355,0.6007,63.2555,4.1304
2005-02-17,44009,Washington,5.5503,-2.8792,44.4204,3.8266
2005-02-18,44009,Washington,2.4339,-7.192,34.1745,6.1216
2005-02-19,44009,Washington,-0.4404,-10.278,33.309,5.2423
2005-02-20,44009,Washington,1.3099,-6.0887,40.2601,3.8613
2005-02-21,44009,Washington,4.1674,-6.4246,72.0251,4.8971
2005-02-22,44009,Washington,4.2135,-2.6842,65.8239,2.8565
2005-02-23,44009,Washington,3.673,-5.5685,57.2606,4.704
2005-02-24,44009,Washington,0.0453,-7.7654,51.4495,4.2172
2005-02-25,44009,Washington,0.0051,-7.2306,59.5583,4.0525
2005-02-26,44009,Washington,2.5683,-7.8571,55.5882,3.8625
2005-02-27,44009,Washington,0.9222,-8.5315,51.9067,4.6879
2005-02-28,44009,Washington,2.7368,-7.1454,62.8412,6.5318
2005-03-01,44009,Washington,2.5899,-2.642,67.9233,5.006
2005-03-02,44009,Washington,2.5024,-6.0542,58.9174,6.8068
2005-03-03,44009,Washington,-0.1688,-9.3355,52.1777,6.9685
2005-03-04,44009,Washington,1.5167,-8.841,53.2949,5.2542
2005-03-05,44009,Washington,3.0397,-5.7971,53.2789,3.7449
2005-03-06,44009,Washington,5.7072,-4.1499,56.9658,5.0729
2005-03-07,44009,Washington,9.0167,-0.6531,59.2857,3.7271
2005-03-08,44009,Washington,8.9121,-9.5196,72.5902,6.1418
2005-03-09,44009,Washington,-2.0546,-11.91,47.0484,8.6812
2005-03-10,44009,Washington,-0.0386,-9.2564,48.8461,4.4166
2005-03-11,44009,Washington,3.7649,-7.2045,66.4791,2.6683
2005-03-12,44009,Washington,3.4094,-2.6419,70.1317,4.2537
2005-03-13,44009,Washington,4.7037,-3.5747,56.8458,2.3194
2005-03-14,44009,Washington,4.1375,-4.0158,48.6204,4.7367
2005-03-15,44009,Washington,4.631,-3.9917,51.7139,6.0218
2005-03-16,44009,Washington,4.7112,-5.085,51.7327,5.0515
2005-03-17,44009,Washington,4.8132,-3.9257,48.8749,2.4862
2005-03-18,44009,Washington,6.8968,-3.9045,49.6527,2.9567
2005-03-19,44009,Washington,7.7857,-2.9853,41.3104,3.0384
2005-03-20,44009,Washington,9.2369,-1.7599,48.8032,1.6274
2005-03-21,44009,Washington,6.941,0.1128,61.7826,1.5668
2005-03-22,44009,Washington,11.0742,-2.2,45.4666,3.1332
2005-03-23,44009,Washington,9.186,-1.7481,47.8259,5.7823
2005-03-24,44009,Washington,5.4728,-2.0458,61.7854,5.5607
2005-03-25,44009,Washington,9.2947,-2.7243,52.8267,3.2728
2005-03-26,44009,Washington,7.965,-2.8946,46.0048,2.2792
2005-03-27,44009,Washington,8.7291,-1.9406,52.8963,2.318
2005-03-28,44009,Washington,11.9574,-1.1273,74.5193,4.4755
2005-03-29,44009,Washington,13.4254,4.1638,63.3916,4.1518
2005-03-30,44009,Washington,14.2131,2.1469,46.523,3.206
2005-03-31,44009,Washington,12.5486,1.582,51.7952,2.0325
2005-04-01,44009,Washington,12.1501,1.1106,62.6568,1.8643
2005-04-02,44009,Washington,10.3868,2.2576,77.4982,7.4273
2005-04-03,44009,Washington,11.8179,2.8219,65.9808,5.1654
2005-04-04,44009,Washington,10.7189,2.5673,59.2974,5.255
2005-04-05,44009,Washington,15.7437,1.5367,41.55,3.8755
2005-04-06,44009,Washington,15.8198,5.9689,50.2744,1.5154
2005-04-07,44009,Washington,17.9336,4.8678,63.4847,4.1881
2005-04-08,44009,Washington,15.1409,5.0247,63.8784,2.2902
2005-04-09,44009,Washington,14.8947,1.9606,44.728,2.6336
2005-04-10,44009,Washington,17.8459,1.6272,39.324,1.5548
2005-04-11,44009,Washington,10.0713,2.1033,43.0556,3.5604
2005-04-12,44009,Washington,10.0142,-0.7488,44.8213,3.8101
2005-04-13,44009,Washington,9.9875,1.9611,47.5564,1.725
2005-04-14,44009,Washington,13.673,-0.0639,49.2349,4.8105
2005-04-15,44009,Washington,11.2387,-0.6195,43.8889,5.2447
2005-04-16,44009,Washington,13.1987,-1.114,43.2733,2.5006
2005-04-17,44009,Washington,18.8526,-0.0364,41.9701,2.6511
2005-04-18,44009,Washington,20.6469,5.3718,36.0331,2.6816
2005-04-19,44009,Washington,20.5498,3.436,47.2969,2.8965
2005-04-20,44009,Washington,26.3465,7.2427,44.5837,4.0777
2005-04-21,44009,Washington,16.6432,3.0147,51.7219,3.378
2005-04-22,44009,Washington,14.4833,1.5227,54.2903,2.9529
2005-04-23,44009,Washington,18.2335,5.4126,70.9962,5.7895
2005-04-24,44009,Washington,15.4528,3.9049,71.2717,4.8705
2005-04-25,44009,Washington,11.3449,3.9888,59.8057,5.2886
2005-04-26,44009,Washington,17.0014,2.8584,57.488,3.9229
2005-04-27,44009,Washington,14.5206,6.8213,76.6107,3.7169
2005-04-28,44009,Washington,17.0124,6.6444,53.457,4.7737
2005-04-29,44009,Washington,15.6378,3.7888,53.9238,3.7666
2005-04-30,44009,Washington,14.0725,6.8735,77.2334,3.8802
2005-05-01,44009,Washington,17.4114,7.1994,66.6649,3.408
2005-05-02,44009,Washington,15.4378,4.4426,54.9498,3.7224
2005-05-03,44009,Washington,13.7271,5.0049,58.0884,3.5433
2005-05-04,44009,Washington,14.0463,6.2479,51.9129,2.7434
2005-05-05,44009,Washington,14.3498,3.9997,48.588,1.7012
2005-05-06,44009,Washington,14.553,2.8949,62.0443,5.2039
2005-05-07,44009,Washington,10.6637,4.6523,76.5055,7.7378
2005-05-08,44009,Washington,12.1146,4.9458,70.1832,6.3915
2005-05-09,44009,Washington,14.9308,6.5672,68.2626,3.4032
2005-05-10,44009,Washington,18.1752,8.2333,66.1482,1.6773
2005-05-11,44009,Washington,19.1281,9.1044,65.7627,4.0204
2005-05-12,44009,Washington,17.5261,2.8375,59.5239,4.4681
2005-05-13,44009,Washington,14.3793,0.0874,49.9927,3.1835
2005-05-14,44009,Washington,15.6122,5.0969,73.8254,3.2395
2005-05-15,44009,Washington,21.3041,8.0148,73.5727,1.531
2005-05-16,44009,Washington,18.0876,7.9812,68.9171,1.6565
2005-05-17,44009,Washington,16.8517,6.8077,65.1578,1.1325
2005-05-18,44009,Washington,17.0543,7.8139,54.708,1.5339
2005-05-19,44009,Washington,17.2292,7.543,55.7849,2.2051
2005-05-20,44009,Washington,16.4679,4.8084,63.4181,2.2178
2005-05-21,44009,Washington,15.7675,4.1275,67.4941,4.0127
2005-05-22,44009,Washington,13.3338,6.6802,72.1243,2.2081
2005-05-23,44009,Washington,14.5602,6.7545,75.2638,1.2599
2005-05-24,44009,Washington,12.1692,5.7263,78.4411,5.8867
2005-05-25,44009,Washington,11.3476,5.7905,76.5136,8.0293
2005-05-26,44009,Washington,15.2123,7.3042,76.7548,4.2508
2005-05-27,44009,Washington,17.5242,9.6804,72.2074,2.5976
2005-05-28,44009,Washington,21.6203,8.6268,64.6826,2.8658
2005-05-29,44009,Washington,21.7453,9.4767,65.4871,1.6696
2005-05-30,44009,Washington,21.2075,10.7579,60.0704,2.5969
2005-05-31,44009,Washington,20.7588,11.4598,61.9317,1.9426
2005-06-01,44009,Washington,20.3441,9.9636,65.2287,1.985
2005-06-02,44009,Washington,20.4152,8.9713,66.9574,3.0693
2005-06-03,44009,Washington,20.8279,7.6041,74.0752,2.6954
2005-06-04,44009,Washington,24.7024,13.453,66.0215,2.0369
2005-06-05,44009,Washington,27.0835,13.8151,65.1213,2.0474
2005-06-06,44009,Washington,23.4667,14.4717,73.6441,3.2522
2005-06-07,44009,Washington,26.2294,15.192,71.2725,4.6826
2005-06-08,44009,Washington,28.0884,15.8047,59.6243,2.3635
2005-06-09,44009,Washington,27.5773,15.3094,69.1785,2.8613
2005-06-10,44009,Washington,25.6451,14.9706,73.817,4.2031
2005-06-11,44009,Washington,26.5177,17.2886,72.2946,4.0454
2005-06-12,44009,Washington,27.2576,18.1131,72.6984,4.2083
2005-06-13,44009,Washington,28.9171,19.1521,70.7251,3.5505
2005-06-14,44009,Washington,29.6555,19.3887,67.0288,2.6757
2005-06-15,44009,Washington,22.4894,12.9499,70.3646,2.8191
2005-06-16,44009,Washington,21.6265,12.0558,74.5763,2.334
2005-06-17,44009,Washington,22.3603,12.4648,68.453,3.4495
2005-06-18,44009,Washington,21.2022,13.5091,66.3832,2.0624
2005-06-19,44009,Washington,20.199,10.8937,67.5969,2.8894
2005-06-20,44009,Washington,21.3289,8.4364,62.5068,2.2417
2005-06-21,44009,Washington,24.3168,10.6436,69.9882,4.249
2005-06-22,44009,Washington,25.7501,14.7205,62.9029,2.4085
2005-06-23,44009,Washington,22.5294,12.7946,57.0964,2.6631
2005-06-24,44009,Washington,25.7219,12.1196,66.122,4.4738
2005-06-25,44009,Washington,28.6378,16.0614,66.143,5.0846
2005-06-26,44009,Washington,29.1749,17.7675,67.3557,3.692
2005-06-27,44009,Washington,28.4905,16.4022,71.4663,2.3543
2005-06-28,44009,Washington,25.6266,18.662,73.9887,3.2466
2005-06-29,44009,Washington,28.2545,18.6879,69.8256,4.6915
2005-06-30,44009,Washington,24.5413,18.374,74.1355,2.3074
2005-07-01,44009,Washington,24.4086,17.533,79.5443,1.9485
2005-07-02,44009,Washington,26.7643,16.0372,68.9699,2.5654
2005-07-03,44009,Washington,24.1418,12.5595,62.0547,2.7987
2005-07-04,44009,Washington,24.5796,12.0953,66.247,1.7335
2005-07-05,44009,Washington,25.6637,13.7001,78.2199,3.391
2005-07-06,44009,Washington,24.8048,17.61,77.2797,2.3318
2005-07-07,44009,Washington,19.7986,15.4891,77.9124,3.8394
2005-07-08,44009,Washington,19.6429,12.7457,85.4042,4.3427
2005-07-09,44009,Washington,24.373,13.6082,70.6678,4.2492
2005-07-10,44009,Washington,28.8672,16.2813,60.9072,4.3333
2005-07-11,44009,Washington,29.6615,17.1736,65.6254,3.3743
2005-07-12,44009,Washington,26.8743,15.3395,70.3832,2.2121
2005-07-13,44009,Washington,22.3326,14.9071,79.2428,2.4815
2005-07-14,44009,Washington,26.8365,16.4741,80.7362,3.3158
2005-07-15,44009,Washington,29.4751,18.5975,73.6075,1.7876
2005-07-16,44009,Washington,27.3082,17.4622,74.1072,2.0699
2005-07-17,44009,Washington,26.8471,17.1991,79.0286,1.943
2005-07-18,44009,Washington,28.1,19.6118,77.0454,2.7928
2005-07-19,44009,Washington,30.7843,20.6187,73.9945,2.9923
2005-07-20,44009,Washington,31.3596,20.5223,62.0433,2.7685
2005-07-21,44009,Washington,29.1981,18.4738,57.9997,2.38
2005-07-22,44009,Washington,30.9139,17.6522,63.3534,2.3857
2005-07-23,44009,Washington,28.6068,16.4657,55.8749,3.5454
2005-07-24,44009,Washington,28.4532,14.4912,56.2793,3.0515
2005-07-25,44009,Washington,30.1745,18.2613,69.1749,5.052
2005-07-26,44009,Washington,32.8399,18.9728,58.3797,3.4063
2005-07-27,44009,Washington,33.6191,21.8445,66.3324,4.4795
2005-07-28,44009,Washington,25.7199,17.0441,64.9923,3.2294
2005-07-29,44009,Washington,28.9742,16.3175,62.3797,2.9192
2005-07-30,44009,Washington,29.4144,16.7637,59.7777,1.2476
2005-07-31,44009,Washington,27.5713,14.6174,63.2939,2.5128
2005-08-01,44009,Washington,27.7611,13.6377,67.7703,2.5605
2005-08-02,44009,Washington,30.9836,18.7224,62.8729,2.784
2005-08-03,44009,Washington,32.6911,18.3548,54.9106,1.9294
2005-08-04,44009,Washington,30.6474,17.4349,59.7301,2.495
2005-08-05,44009,Washington,32.9111,17.229,62.8949,3.8006
2005-08-06,44009,Washington,29.0738,17.8965,55.8424,1.7306
2005-08-07,44009,Washington,29.1149,16.3759,63.9236,2.6631
2005-08-08,44009,Washington,30.9712,17.9985,68.7782,3.2818
2005-08-09,44009,Washington,28.8732,19.5066,72.1723,3.4953
2005-08-10,44009,Washington,29.8902,19.1822,68.0674,2.7092
2005-08-11,44009,Washington,32.1186,19.3208,66.1343,2.8322
2005-08-12,44009,Washington,31.2133,19.4543,65.0729,2.6549
2005-08-13,44009,Washington,33.9695,21.531,67.9351,4.09
2005-08-14,44009,Washington,32.9543,23.0565,70.3255,3.3789
2005-08-15,44009,Washington,24.2121,18.1299,82.9577,3.0137
2005-08-16,44009,Washington,26.1007,16.1922,69.1612,1.8365
2005-08-17,44009,Washington,29.0618,17.1629,56.5239,3.0374
2005-08-18,44009,Washington,26.2714,14.7927,55.8344,1.9076
2005-08-19,44009,Washington,25.9241,15.9065,69.5445,3.1241
2005-08-20,44009,Washington,26.3616,17.992,74.5542,2.0722
2005-08-21,44009,Washington,28.6026,19.5488,79.4668,3.7541
2005-08-22,44009,Washington,29.2731,16.8773,58.3567,2.3723
2005-08-23,44009,Washington,26.4188,13.8103,56.6833,2.6718
2005-08-24,44009,Washington,25.0576,16.5753,54.8719,2.3871
2005-08-25,44009,Washington,25.8393,13.6798,59.0423,2.7045
2005-08-26,44009,Washington,28.296,16.1493,54.6517,2.4354
2005-08-27,44009,Washington,28.209,15.3705,64.6642,2.6461
2005-08-28,44009,Washington,26.723,18.6376,77.8186,3.2219
2005-08-29,44009,Washington,28.4505,19.4674,75.5904,2.8278
2005-08-30,44009,Washington,24.7343,18.7478,88.5012,2.3454
2005-08-31,44009,Washington,26.396,18.9665,94.129,5.5777
2005-09-01,44009,Washington,27.3796,16.7302,67.2452,3.3338
2005-09-02,44009,Washington,27.3406,14.7041,66.6187,3.1322
2005-09-03,44009,Washington,25.3379,14.6416,59.7394,2.7221
2005-09-04,44009,Washington,25.275,12.8126,62.2273,2.7615
2005-09-05,44009,Washington,24.2984,11.9208,62.3027,3.0836
2005-09-06,44009,Washington,24.0155,11.4602,60.6993,1.8579
2005-09-07,44009,Washington,25.2114,12.0,60.149,1.3939
2005-09-08,44009,Washington,26.0477,11.9762,67.2228,2.9177
2005-09-09,44009,Washington,25.471,13.8105,61.1506,1.9874
2005-09-10,44009,Washington,22.9961,10.3366,52.3299,2.6442
2005-09-11,44009,Washington,22.2596,7.8849,63.0233,2.8516
2005-09-12,44009,Washington,29.6993,13.4625,60.7197,4.8406
2005-09-13,44009,Washington,29.7685,16.0585,61.6503,1.8127
2005-09-14,44009,Washington,29.2935,15.2048,67.2391,2.6277
2005-09-15,44009,Washington,25.0021,17.9056,83.6594,1.7571
2005-09-16,44009,Washington,24.5304,17.0381,81.7779,3.5835
2005-09-17,44009,Washington,26.581,16.6267,78.3442,2.4203
2005-09-18,44009,Washington,24.9874,15.4246,74.3169,2.6371
2005-09-19,44009,Washington,25.0134,13.5536,69.0744,2.3733
2005-09-20,44009,Washington,25.5159,14.7929,83.3828,4.7201
2005-09-21,44009,Washington,24.8842,14.5213,63.1982,3.1853
2005-09-22,44009,Washington,26.1389,13.2847,66.3191,3.2633
2005-09-23,44009,Washington,27.492,14.5105,67.8128,3.7581
2005-09-24,44009,Washington,19.2163,8.166,59.997,3.0017
2005-09-25,44009,Washington,20.6374,8.232,74.6384,3.3035
2005-09-26,44009,Washington,24.9355,14.8131,80.3628,6.6746
2005-09-27,44009,Washington,22.554,11.1212,69.9652,4.0631
2005-09-28,44009,Washington,20.5271,8.8913,64.8361,2.6966
2005-09-29,44009,Washington,24.0637,8.2028,75.3584,6.5534
2005-09-30,44009,Washington,16.8841,5.2547,55.8774,2.1574
2005-10-01,44009,Washington,19.7935,8.6627,55.7235,1.7113
2005-10-02,44009,Washington,22.3929,9.2681,59.6193,1.4675
2005-10-03,44009,Washington,21.9687,11.3362,65.1271,1.36
2005-10-04,44009,Washington,23.6974,10.8625,65.757,0.914
2005-10-05,44009,Washington,24.1514,12.933,67.7638,1.2265
2005-10-06,44009,Washington,24.4299,14.6504,71.3106,2.4984
2005-10-07,44009,Washington,24.7136,16.895,75.6821,4.0532
2005-10-08,44009,Washington,22.3521,18.1264,80.6716,6.3908
2005-10-09,44009,Washington,22.06,12.9718,79.6577,3.2807
2005-10-10,44009,Washington,16.8646,11.9312,77.0838,3.8154
2005-10-11,44009,Washington,17.0452,11.4185,77.3974,6.0642
2005-10-12,44009,Washington,15.5261,11.446,77.2273,10.1099
2005-10-13,44009,Washington,17.5579,12.2799,80.3755,8.5524
2005-10-14,44009,Washington,19.6491,14.0081,82.1655,6.3664
2005-10-15,44009,Washington,19.6126,9.1688,71.966,4.7388
2005-10-16,44009,Washington,15.0903,8.1118,61.7748,9.2774
2005-10-17,44009,Washington,15.4465,7.4271,62.12,6.2029
2005-10-18,44009,Washington,17.4568,7.0141,63.8882,5.523
2005-10-19,44009,Washington,16.8965,7.6731,66.1932,4.6712
2005-10-20,44009,Washington,13.862,4.0025,56.514,3.3563
2005-10-21,44009,Washington,12.5517,3.327,55.2204,2.0988
2005-10-22,44009,Washington,11.3701,2.8966,81.2668,5.8713
2005-10-23,44009,Washington,13.3206,5.5279,69.3842,5.0902
2005-10-24,44009,Washington,11.9039,4.9289,72.505,4.8925
2005-10-25,44009,Washington,11.6084,4.0265,82.0979,8.3881
2005-10-26,44009,Washington,9.4468,2.7467,65.4278,6.1673
2005-10-27,44009,Washington,9.1813,1.2097,60.3076,3.461
2005-10-28,44009,Washington,8.0442,2.1539,60.0676,2.9554
2005-10-29,44009,Washington,6.7727,1.7644,63.4136,4.5889
2005-10-30,44009,Washington,15.0561,2.057,61.127,4.5584
2005-10-31,44009,Washington,17.7732,4.8924,58.7451,3.7986
2005-11-01,44009,Washington,17.9692,6.267,64.2415,4.6102
2005-11-02,44009,Washington,14.0905,2.7782,57.5178,4.2801
2005-11-03,44009,Washington,15.2093,1.3069,61.2882,6.2778
2005-11-04,44009,Washington,17.5578,6.9604,63.7313,3.374
2005-11-05,44009,Washington,19.4866,8.4042,62.81,2.7591
2005-11-06,44009,Washington,19.0224,8.0557,69.7243,3.8792
2005-11-07,44009,Washington,15.3422,5.2838,54.8207,5.4097
2005-11-08,44009,Washington,16.6157,5.5117,51.634,4.3242
2005-11-09,44009,Washington,14.9706,1.17,62.7892,5.4619
2005-11-10,44009,Washington,15.6316,1.252,59.9051,6.0596
2005-11-11,44009,Washington,5.8698,-0.5486,49.9992,5.5243
2005-11-12,44009,Washington,9.6748,-1.6992,56.3714,3.1488
2005-11-13,44009,Washington,15.516,3.4357,65.5365,4.761
2005-11-14,44009,Washington,17.4157,4.1192,56.4363,3.8877
2005-11-15,44009,Washington,15.4375,3.0273,73.7466,4.0946
2005-11-16,44009,Washington,18.9163,11.6342,70.9657,6.1725
2005-11-17,44009,Washington,15.6456,-1.0558,51.3729,4.9611
2005-11-18,44009,Washington,4.5338,-2.3511,45.6524,3.4711
2005-11-19,44009,Washington,6.3027,-2.4032,50.7255,2.2234
2005-11-20,44009,Washington,11.7538,1.7992,58.1049,4.8947
2005-11-21,44009,Washington,13.9977,2.9491,64.1008,3.3795
2005-11-22,44009,Washington,14.4677,1.4745,71.6367,5.4776
2005-11-23,44009,Washington,4.4183,-4.4406,51.5108,4.845
2005-11-24,44009,Washington,6.833,-3.5767,67.89,6.6602
2005-11-25,44009,Washington,1.9956,-6.9559,49.4755,5.3155
2005-11-26,44009,Washington,4.4608,-4.7973,62.2787,1.624
2005-11-27,44009,Washington,6.8574,0.6706,66.2008,1.9462
2005-11-28,44009,Washington,13.7907,3.353,75.2148,3.2331
2005-11-29,44009,Washington,16.1877,8.6167,70.3422,5.6592
2005-11-30,44009,Washington,15.5097,6.9206,74.062,4.441
2005-12-01,44009,Washington,10.6433,2.5673,61.2323,3.478
2005-12-02,44009,Washington,6.9542,-0.9606,55.5801,7.536
2005-12-03,44009,Washington,2.6194,-4.6424,47.858,7.6978
2005-12-04,44009,Washington,2.8663,-4.6771,68.9858,3.2717
2005-12-05,44009,Washington,3.0471,-4.3318,59.0351,2.6337
2005-12-06,44009,Washington,1.8954,-4.4467,62.2708,5.2193
2005-12-07,44009,Washington,-0.1329,-8.125,49.6107,7.6784
2005-12-08,44009,Washington,-0.562,-10.1482,57.0121,3.4535
2005-12-09,44009,Washington,6.0497,-5.3529,64.4055,5.2936
2005-12-10,44009,Washington,3.7789,-5.2088,70.001,4.9451
2005-12-11,44009,Washington,5.0952,-1.977,64.1632,3.7412
2005-12-12,44009,Washington,4.2969,-5.214,61.3873,4.4614
2005-12-13,44009,Washington,-1.3012,-11.4809,60.2601,5.2274
2005-12-14,44009,Washington,-4.669,-14.2062,60.8758,4.9086
2005-12-15,44009,Washington,1.7712,-11.3738,60.4157,2.567
2005-12-16,44009,Washington,8.0587,-1.8552,66.6588,7.2882
2005-12-17,44009,Washington,3.7856,-5.2002,58.1381,4.553
2005-12-18,44009,Washington,1.7401,-5.6677,62.3521,2.7901
2005-12-19,44009,Washington,1.835,-6.7798,61.4924,4.5438
2005-12-20,44009,Washington,0.4528,-6.7698,61.3421,5.4767
2005-12-21,44009,Washington,-0.3846,-7.2351,61.7538,3.7507
2005-12-22,44009,Washington,1.9896,-6.3377,65.04,5.2209
2005-12-23,44009,Washington,5.2483,-1.9475,68.9855,5.7093
2005-12-24,44009,Washington,7.1374,-0.3785,62.3523,2.5346
2005-12-25,44009,Washington,10.7709,-0.4078,73.2286,3.07
2005-12-26,44009,Washington,11.7416,0.3139,73.9021,4.8496
2005-12-27,44009,Washington,4.2002,-3.4408,53.4072,5.8482
2005-12-28,44009,Washington,7.1469,-3.586,66.2742,2.8546
2005-12-29,44009,Washington,13.4411,2.3986,44.3022,3.5379
2005-12-30,44009,Washington,10.0048,-3.8903,59.0622,5.3312
2005-12-31,44009,Washington,3.8788,-2.7489,55.09,2.4263
2006-01-01,44009,Washington,3.6975,-1.2385,70.4767,2.044
2006-01-02,44009,Washington,5.4754,-0.2621,66.5868,2.3898
2006-01-03,44009,Washington,5.3624,-1.6662,70.8054,9.1736
2006-01-04,44009,Washington,3.6449,-3.0488,68.4357,3.8969
2006-01-05,44009,Washington,5.7947,-1.8441,73.6135,2.707
2006-01-06,44009,Washington,4.8153,-3.2495,71.0104,3.0222
2006-01-07,44009,Washington,0.7764,-6.1187,63.2794,3.8761
2006-01-08,44009,Washington,4.6457,-2.9673,67.0069,2.4266
2006-01-09,44009,Washington,8.5845,-0.317,66.1851,4.7017
2006-01-10,44009,Washington,7.6514,-1.4606,55.8675,3.0271
2006-01-11,44009,Washington,10.4154,-1.3825,68.8395,3.6366
2006-01-12,44009,Washington,11.9948,2.435,63.8117,4.2403
2006-01-13,44009,Washington,12.6094,0.9052,71.8256,2.9198
2006-01-14,44009,Washington,14.5437,6.8975,74.3286,5.1247
2006-01-15,44009,Washington,9.9732,-12.5817,40.0883,9.2346
2006-01-16,44009,Washington,-2.1016,-14.0278,62.4358,7.1034
2006-01-17,44009,Washington,4.8466,-6.922,62.3727,4.2106
2006-01-18,44009,Washington,12.3672,1.0163,68.9845,10.2729
2006-01-19,44009,Washington,6.7947,-1.2465,56.4577,6.1844
2006-01-20,44009,Washington,11.9912,1.696,63.722,4.8763
2006-01-21,44009,Washington,12.9931,2.0899,61.2344,6.3958
2006-01-22,44009,Washington,5.1022,-2.5126,41.0643,2.7455
2006-01-23,44009,Washington,5.929,-1.8133,72.5678,3.5646
2006-01-24,44009,Washington,5.2513,-2.6037,67.6675,2.4611
2006-01-25,44009,Washington,5.2525,-0.8418,67.4674,4.809
2006-01-26,44009,Washington,2.7816,-6.4054,63.9098,6.4567
2006-01-27,44009,Washington,2.3733,-7.192,58.93,5.035
2006-01-28,44009,Washington,6.2828,-2.2589,63.8595,5.321
2006-01-29,44009,Washington,9.9422,-0.3965,71.6674,3.3765
2006-01-30,44009,Washington,12.0426,2.9309,68.1329,2.9987
2006-01-31,44009,Washington,6.1674,-1.8037,77.6022,6.4125
2006-02-01,44009,Washington,6.7184,-2.1405,53.8984,3.4836
2006-02-02,44009,Washington,7.9928,-1.5825,56.2414,2.7746
2006-02-03,44009,Washington,12.5553,0.9637,71.7586,5.2334
2006-02-04,44009,Washington,12.8045,1.8736,60.6144,3.8367
2006-02-05,44009,Washington,12.8961,0.9617,61.1826,6.4022
2006-02-06,44009,Washington,4.6193,-1.9106,43.3783,9.0146
2006-02-07,44009,Washington,3.846,-3.863,41.7977,6.0232
2006-02-08,44009,Washington,1.5244,-4.9726,36.4372,3.857
2006-02-09,44009,Washington,1.3733,-5.5386,32.0162,4.1821
2006-02-10,44009,Washington,1.3198,-5.0339,33.4591,5.0207
2006-02-11,44009,Washington,0.5922,-5.416,49.5309,4.9588
2006-02-12,44009,Washington,-0.2283,-8.9253,66.3177,8.7732
2006-02-13,44009,Washington,1.537,-9.8607,55.4973,5.9994
2006-02-14,44009,Washington,2.8317,-4.1903,59.3788,5.2456
2006-02-15,44009,Washington,7.2452,-2.6751,61.6328,3.8536
2006-02-16,44009,Washington,8.6265,-2.1571,60.4543,2.0993
2006-02-17,44009,Washington,11.77,-3.8057,55.747,8.5078
2006-02-18,44009,Washington,2.1628,-12.3361,30.0507,7.3467
2006-02-19,44009,Washington,-2.0809,-13.6014,35.897,6.1466
2006-02-20,44009,Washington,0.9581,-8.5143,42.0981,4.5886
2006-02-21,44009,Washington,3.3858,-5.109,41.2894,4.0442
2006-02-22,44009,Washington,4.2007,-3.4828,44.8399,2.5333
2006-02-23,44009,Washington,5.4759,-1.6988,64.6486,2.228
2006-02-24,44009,Washington,2.811,-7.3555,53.9475,7.5698
2006-02-25,44009,Washington,4.1013,-8.0948,52.4672,4.6894
2006-02-26,44009,Washington,0.2475,-12.7211,42.8632,6.9789
2006-02-27,44009,Washington,-3.1608,-13.2865,45.1486,7.2364
2006-02-28,44009,Washington,0.1457,-10.0031,43.0629,5.5154
2006-03-01,44009,Washington,1.2115,-8.1005,46.1264,5.1084
2006-03-02,44009,Washington,4.0011,-5.7882,56.1215,3.4431
2006-03-03,44009,Washington,1.4814,-8.3042,46.0555,6.8628
2006-03-04,44009,Washington,3.5404,-8.5583,52.3734,6.8171
2006-03-05,44009,Washington,5.3598,-4.8885,45.2265,5.319
2006-03-06,44009,Washington,4.505,-5.2564,45.8306,2.9449
2006-03-07,44009,Washington,4.4996,-2.8543,50.1251,2.4872
2006-03-08,44009,Washington,5.9131,-2.6508,46.6609,2.0984
2006-03-09,44009,Washington,8.1617,-1.1909,61.3963,3.9256
2006-03-10,44009,Washington,17.4159,2.8377,60.256,5.6647
2006-03-11,44009,Washington,14.64,2.7594,41.3337,3.5445
2006-03-12,44009,Washington,12.3896,1.3031,60.3028,3.1341
2006-03-13,44009,Washington,14.9242,5.0138,62.3137,2.4421
2006-03-14,44009,Washington,15.8895,2.2578,53.0555,5.9055
2006-03-15,44009,Washington,7.5695,-0.7805,35.3334,8.8531
2006-03-16,44009,Washington,6.7039,-2.4501,37.4879,6.4843
2006-03-17,44009,Washington,6.068,-3.4345,32.7113,4.7193
2006-03-18,44009,Washington,4.8092,-4.6848,29.3359,5.3838
2006-03-19,44009,Washington,3.8606,-4.1946,35.073,5.4848
2006-03-20,44009,Washington,3.575,-5.597,33.3207,5.9768
2006-03-21,44009,Washington,6.6617,-6.2579,40.9384,3.8889
2006-03-22,44009,Washington,6.0347,-2.4186,47.5894,4.447
2006-03-23,44009,Washington,10.8314,-2.9507,45.6506,3.9544
2006-03-24,44009,Washington,9.4353,0.8131,50.6331,2.6586
2006-03-25,44009,Washington,9.7858,-0.4958,50.0983,4.2078
2006-03-26,44009,Washington,11.1327,-1.0917,44.5813,3.9661
2006-03-27,44009,Washington,13.2759,-0.6624,35.8322,3.7569
2006-03-28,44009,Washington,12.7995,-0.6229,38.6551,1.6658
2006-03-29,44009,Washington,15.127,0.1719,37.093,1.8054
2006-03-30,44009,Washington,18.1899,0.7898,34.0532,2.6796
2006-03-31,44009,Washington,17.3806,2.6631,46.4209,4.1307
2006-04-01,44009,Washington,16.7945,4.8528,62.6166,5.1014
2006-04-02,44009,Washington,14.729,3.4475,40.7966,4.0531
2006-04-03,44009,Washington,12.7076,1.892,50.0623,3.9293
2006-04-04,44009,Washington,11.5175,1.179,60.1367,5.7297
2006-04-05,44009,Washington,8.5984,-0.4976,57.3113,2.8952
2006-04-06,44009,Washington,10.6802,-1.3952,50.9825,4.3538
2006-04-07,44009,Washington,13.1367,1.2711,69.0401,4.4513
2006-04-08,44009,Washington,12.0799,2.1768,66.3856,3.0812
2006-04-09,44009,Washington,11.3756,-0.0215,45.2479,3.4242
2006-04-10,44009,Washington,13.9967,0.1009,45.5976,2.8168
2006-04-11,44009,Washington,15.6846,0.8699,50.0422,2.662
2006-04-12,44009,Washington,17.1266,2.7184,60.1875,3.8655
2006-04-13,44009,Washington,18.8736,7.6699,58.4932,4.2594
2006-04-14,44009,Washington,19.4119,7.0714,50.9878,2.3652
2006-04-15,44009,Washington,20.9633,7.1896,56.6775,3.3839
2006-04-16,44009,Washington,15.552,6.0509,45.2956,4.7484
2006-04-17,44009,Washington,13.4507,3.9281,53.7702,2.8785
2006-04-18,44009,Washington,18.0334,5.2983,49.1117,3.641
2006-04-19,44009,Washington,19.3325,7.4855,39.4105,4.4467
2006-04-20,44009,Washington,20.1465,5.1724,37.1604,2.7324
2006-04-21,44009,Washington,14.3332,2.3985,52.5949,3.8372
2006-04-22,44009,Washington,11.5215,0.5628,57.6304,4.8478
2006-04-23,44009,Washington,12.0987,4.2555,71.0838,6.5562
2006-04-24,44009,Washington,13.8914,4.3833,72.2015,2.0964
2006-04-25,44009,Washington,17.5424,6.0146,56.8844,4.4838
2006-04-26,44009,Washington,13.2622,1.6044,46.2723,3.6602
2006-04-27,44009,Washington,18.6172,1.9411,49.5884,2.02
2006-04-28,44009,Washington,13.9844,3.256,48.1542,3.5313
2006-04-29,44009,Washington,14.0406,0.6236,43.4638,4.1839
2006-04-30,44009,Washington,16.7761,1.4148,38.6998,4.6553
2006-05-01,44009,Washington,13.9717,3.6884,49.0488,6.5141
2006-05-02,44009,Washington,11.8185,4.7525,71.9859,4.406
2006-05-03,44009,Washington,13.8797,7.8374,73.7361,3.6133
2006-05-04,44009,Washington,21.9583,10.4014,57.4697,2.9258
2006-05-05,44009,Washington,24.4606,10.4141,48.2289,2.3034
2006-05-06,44009,Washington,21.7835,10.3371,47.021,2.4071
2006-05-07,44009,Washington,16.9578,5.8857,47.2517,1.8949
2006-05-08,44009,Washington,17.1098,5.5119,48.9786,3.1194
2006-05-09,44009,Washington,14.3276,7.2057,64.8845,5.5801
2006-05-10,44009,Washington,15.8726,8.5427,69.5274,3.8794
2006-05-11,44009,Washington,17.0814,10.1978,70.8963,4.3578
2006-05-12,44009,Washington,16.5211,11.0309,73.413,6.4487
2006-05-13,44009,Washington,16.0168,7.8248,69.6951,4.3285
2006-05-14,44009,Washington,14.0624,6.0625,75.4854,3.8949
2006-05-15,44009,Washington,17.2039,9.6544,70.0343,4.2727
2006-05-16,44009,Washington,17.2823,10.301,67.1578,3.9858
2006-05-17,44009,Washington,19.3961,8.5169,63.374,4.6306
2006-05-18,44009,Washington,21.2715,11.6377,63.0926,3.8499
2006-05-19,44009,Washington,18.2979,10.1531,66.3896,4.5074
2006-05-20,44009,Washington,17.8993,8.5085,62.7543,5.0569
2006-05-21,44009,Washington,17.8035,7.7064,56.2695,5.3209
2006-05-22,44009,Washington,16.7772,5.6762,55.4097,5.6225
2006-05-23,44009,Washington,13.6271,4.8525,61.1179,4.4324
2006-05-24,44009,Washington,19.1247,6.7928,56.0701,3.0605
2006-05-25,44009,Washington,21.5307,8.5239,57.8563,2.8681
2006-05-26,44009,Washington,24.3696,12.9012,69.0297,2.7043
2006-05-27,44009,Washington,25.404,14.9872,65.5391,1.0974
2006-05-28,44009,Washington,25.4128,13.91,61.463,1.8872
2006-05-29,44009,Washington,25.2691,12.8671,67.6075,3.096
2006-05-30,44009,Washington,25.8177,13.9095,63.6055,2.6639
2006-05-31,44009,Washington,23.4821,11.6897,70.5825,2.3964
2006-06-01,44009,Washington,25.6537,14.711,74.4076,4.2625
2006-06-02,44009,Washington,24.0824,16.6798,73.9247,1.8114
2006-06-03,44009,Washington,21.264,16.3066,79.8416,2.7668
2006-06-04,44009,Washington,18.3102,13.8067,76.4434,2.3244
2006-06-05,44009,Washington,20.8131,12.6338,72.6911,1.8305
2006-06-06,44009,Washington,21.4391,13.9869,72.9824,3.2086
2006-06-07,44009,Washington,19.1667,11.6375,78.0347,5.9848
2006-06-08,44009,Washington,17.3688,10.7797,79.6472,2.8824
2006-06-09,44009,Washington,19.0837,12.3992,79.0893,1.7838
2006-06-10,44009,Washington,17.987,10.8907,73.3267,6.2021
2006-06-11,44009,Washington,18.6166,10.1956,69.3672,5.1892
2006-06-12,44009,Washington,23.0574,12.7706,69.9008,3.161
2006-06-13,44009,Washington,23.2197,15.1601,70.157,2.0905
2006-06-14,44009,Washington,23.9137,13.5445,70.4745,2.2473
2006-06-15,44009,Washington,23.1973,13.4431,63.2134,3.3305
2006-06-16,44009,Washington,25.3286,12.287,59.7122,2.8824
2006-06-17,44009,Washington,25.837,14.291,61.0661,3.411
2006-06-18,44009,Washington,28.2866,16.7564,69.0584,4.0805
2006-06-19,44009,Washington,27.8145,17.5145,71.3459,4.8249
2006-06-20,44009,Washington,27.3871,17.1113,68.6755,3.2756
2006-06-21,44009,Washington,25.2632,15.1105,62.0805,2.3198
2006-06-22,44009,Washington,25.8622,14.2564,74.384,3.3989
2006-06-23,44009,Washington,28.0267,16.7839,72.1855,3.4555
2006-06-24,44009,Washington,23.3448,18.3516,77.6529,3.1227
2006-06-25,44009,Washington,22.6974,14.5594,80.8027,2.2268
2006-06-26,44009,Washington,25.727,17.8424,75.2671,4.2458
2006-06-27,44009,Washington,26.6365,19.0683,74.4811,4.4003
2006-06-28,44009,Washington,24.5093,18.7212,77.4709,4.4883
2006-06-29,44009,Washington,26.3148,18.7292,75.6374,3.6879
2006-06-30,44009,Washington,26.2055,16.9308,66.7131,3.8582
2006-07-01,44009,Washington,26.2509,14.5979,67.3091,4.3002
2006-07-02,44009,Washington,27.5743,17.1669,78.1439,5.8046
2006-07-03,44009,Washington,28.3174,19.2608,67.803,2.5551
2006-07-04,44009,Washington,28.8035,18.9867,76.6567,3.654
2006-07-05,44009,Washington,26.7958,18.4514,74.6381,2.6274
2006-07-06,44009,Washington,25.3992,16.7318,67.2779,1.6742
2006-07-07,44009,Washington,25.6889,14.0421,65.6977,2.1047
2006-07-08,44009,Washington,26.5106,15.7893,69.6583,1.5342
2006-07-09,44009,Washington,27.0759,16.1042,72.6313,3.8878
2006-07-10,44009,Washington,26.3306,16.7747,76.683,4.2039
2006-07-11,44009,Washington,26.8207,19.0495,79.3322,3.9663
2006-07-12,44009,Washington,27.8659,20.4257,76.9238,3.3512
2006-07-13,44009,Washington,27.5901,19.1132,73.719,2.8525
2006-07-14,44009,Washington,28.4019,17.3982,73.1495,2.9615
2006-07-15,44009,Washington,27.6274,18.411,74.1282,2.9009
2006-07-16,44009,Washington,30.0575,18.9287,70.1922,1.5716
2006-07-17,44009,Washington,30.9059,20.2983,70.4946,2.5344
2006-07-18,44009,Washington,32.577,20.9511,71.4871,2.8112
2006-07-19,44009,Washington,28.409,19.0113,71.5755,2.684
2006-07-20,44009,Washington,27.2663,18.6678,75.0105,4.0887
2006-07-21,44009,Washington,28.7272,18.8896,77.8714,3.4874
2006-07-22,44009,Washington,27.3324,21.6785,77.2665,4.4828
2006-07-23,44009,Washington,26.6539,19.9641,75.3861,3.3157
2006-07-24,44009,Washington,26.6228,17.1308,65.2199,2.6847
2006-07-25,44009,Washington,27.4343,17.6455,74.3937,4.0034
2006-07-26,44009,Washington,27.9919,19.1141,73.8716,2.6216
2006-07-27,44009,Washington,28.7496,18.8125,77.2631,4.2018
2006-07-28,44009,Washington,30.2457,21.429,72.6752,4.9942
2006-07-29,44009,Washington,30.1791,18.9121,69.7454,4.1305
2006-07-30,44009,Washington,29.7822,20.9831,65.275,1.3465
2006-07-31,44009,Washington,28.4407,17.2129,67.8882,1.9139
2006-08-01,44009,Washington,31.1987,18.4398,75.7534,3.7718
2006-08-02,44009,Washington,33.4663,22.8594,67.5951,4.0682
2006-08-03,44009,Washington,32.8419,21.9095,67.1073,3.0793
2006-08-04,44009,Washington,29.1187,18.8771,70.8342,1.7637
2006-08-05,44009,Washington,28.9592,17.2329,61.9467,1.3649
2006-08-06,44009,Washington,26.8486,16.6728,66.3801,2.7876
2006-08-07,44009,Washington,28.2322,17.9757,77.6886,4.5653
2006-08-08,44009,Washington,27.8559,15.3678,66.0502,3.0575
2006-08-09,44009,Washington,25.836,13.1068,58.2105,2.3417
2006-08-10,44009,Washington,27.1361,14.9693,69.9698,3.8604
2006-08-11,44009,Washington,24.7901,13.4933,54.9705,3.3652
2006-08-12,44009,Washington,22.9612,10.9633,49.256,3.5106
2006-08-13,44009,Washington,24.1218,9.8013,51.2452,3.2591
2006-08-14,44009,Washington,26.4991,12.4306,65.1017,3.9881
2006-08-15,44009,Washington,26.3948,16.8809,74.5395,3.7101
2006-08-16,44009,Washington,27.2401,16.0186,58.8922,2.0653
2006-08-17,44009,Washington,27.0646,15.3116,60.3305,2.2084
2006-08-18,44009,Washington,26.3589,15.0847,65.2392,2.029
2006-08-19,44009,Washington,27.3514,14.4009,67.5477,2.8536
2006-08-20,44009,Washington,27.4919,16.3869,75.8503,3.9578
2006-08-21,44009,Washington,26.4931,15.8113,63.2444,2.8051
2006-08-22,44009,Washington,26.5663,15.2158,59.0202,2.7602
2006-08-23,44009,Washington,27.6586,15.3868,62.2678,2.25
2006-08-24,44009,Washington,25.4847,14.9552,64.4679,1.6414
2006-08-25,44009,Washington,23.3727,15.4595,71.2397,2.5406
2006-08-26,44009,Washington,22.7049,14.2029,66.4237,3.8287
2006-08-27,44009,Washington,20.2736,13.506,74.6948,4.4864
2006-08-28,44009,Washington,22.196,13.4986,79.3108,2.0222
2006-08-29,44009,Washington,21.0574,15.4398,81.5352,3.5635
2006-08-30,44009,Washington,23.857,14.9499,68.5949,1.9621
2006-08-31,44009,Washington,21.3236,11.5253,62.2432,3.3395
2006-09-01,44009,Washington,22.0932,10.8654,68.9713,4.6476
2006-09-02,44009,Washington,19.6179,12.3405,81.5713,8.438
2006-09-03,44009,Washington,24.5337,14.2654,78.1581,3.5678
2006-09-04,44009,Washington,23.678,14.1025,69.2685,4.318
2006-09-05,44009,Washington,22.7424,12.8812,72.1267,1.8994
2006-09-06,44009,Washington,23.4404,13.8674,72.4441,2.3131
2006-09-07,44009,Washington,24.1407,13.4952,68.3114,1.4521
2006-09-08,44009,Washington,24.8527,12.4143,69.8811,2.6685
2006-09-09,44009,Washington,25.6038,13.5062,71.8066,3.4637
2006-09-10,44009,Washington,21.0353,10.3654,65.5468,3.4906
2006-09-11,44009,Washington,18.5468,7.3363,60.3512,5.3099
2006-09-12,44009,Washington,19.69,6.0885,55.7565,2.86
2006-09-13,44009,Washington,19.5564,7.1649,68.8596,2.6492
2006-09-14,44009,Washington,19.8929,12.7943,81.8065,2.6984
2006-09-15,44009,Washington,21.2633,13.8229,82.1678,4.1534
2006-09-16,44009,Washington,24.7163,13.1132,67.1746,2.2599
2006-09-17,44009,Washington,24.8701,12.2493,68.1038,1.5364
2006-09-18,44009,Washington,24.6232,11.5693,74.4483,2.6976
2006-09-19,44009,Washington,24.6779,13.1562,81.1122,3.3921
2006-09-20,44009,Washington,21.2852,10.8558,66.8355,4.3984
2006-09-21,44009,Washington,18.2508,7.171,54.8827,3.8911
2006-09-22,44009,Washington,19.8486,5.9149,63.1509,2.7219
2006-09-23,44009,Washington,21.8086,11.2572,86.7145,4.5403
2006-09-24,44009,Washington,26.2528,16.3929,73.9113,5.6438
2006-09-25,44009,Washington,21.105,10.4516,65.2324,3.5616
2006-09-26,44009,Washington,21.2646,9.0277,58.4006,3.2974
2006-09-27,44009,Washington,21.2383,7.8834,67.4622,1.9276
2006-09-28,44009,Washington,21.4586,10.5691,71.0323,3.5269
2006-09-29,44009,Washington,20.4084,6.7343,73.3049,4.5447
2006-09-30,44009,Washington,18.0932,4.8047,62.1161,2.6296
2006-10-01,44009,Washington,19.8017,10.7514,70.1125,4.4366
2006-10-02,44009,Washington,20.0876,8.2312,56.8133,3.6836
2006-10-03,44009,Washington,22.6393,8.2135,65.5703,3.48
2006-10-04,44009,Washington,24.4325,12.3745,68.6178,3.8274
2006-10-05,44009,Washington,19.6797,7.6322,58.4623,4.7047
2006-10-06,44009,Washington,15.3635,7.245,60.628,6.1697
2006-10-07,44009,Washington,17.9274,6.4893,60.4609,5.0029
2006-10-08,44009,Washington,19.2763,5.0816,53.1809,1.7375
2006-10-09,44009,Washington,22.6747,6.5135,64.6095,3.1123
2006-10-10,44009,Washington,22.2119,9.4348,58.8976,3.1733
2006-10-11,44009,Washington,19.816,9.0573,72.8231,5.4634
2006-10-12,44009,Washington,22.5321,11.1652,70.5267,3.955
2006-10-13,44009,Washington,14.7847,3.293,49.1367,3.8923
2006-10-14,44009,Washington,15.0423,2.5319,47.8525,4.0202
2006-10-15,44009,Washington,13.8421,1.7448,51.4996,4.2061
2006-10-16,44009,Washington,14.2939,3.7666,46.3446,1.587
2006-10-17,44009,Washington,14.9851,5.5192,70.6385,4.3073
2006-10-18,44009,Washington,21.5417,10.7423,70.3469,3.6153
2006-10-19,44009,Washington,19.9301,9.1854,69.7458,3.3199
2006-10-20,44009,Washington,20.2314,5.9358,77.8443,5.9331
2006-10-21,44009,Washington,12.1873,2.4278,55.7934,6.1616
2006-10-22,44009,Washington,14.0182,1.0437,67.5255,2.9132
2006-10-23,44009,Washington,15.5194,4.5746,61.7143,4.594
2006-10-24,44009,Washington,11.3222,3.1969,58.2973,5.2093
2006-10-25,44009,Washington,11.8168,2.8013,57.2279,6.3565
2006-10-26,44009,Washington,10.5294,2.0969,54.4904,5.2867
2006-10-27,44009,Washington,10.9924,-0.9108,60.9546,2.6987
2006-10-28,44009,Washington,17.3646,4.6855,76.6155,10.215
2006-10-29,44009,Washington,11.8845,3.5208,51.4518,10.9106
2006-10-30,44009,Washington,13.2808,2.2608,54.1712,6.0728
2006-10-31,44009,Washington,17.6754,4.653,69.8229,4.4835
2006-11-01,44009,Washington,18.8548,9.3039,66.3638,2.5351
2006-11-02,44009,Washington,12.9062,2.1886,76.4715,2.6959
2006-11-03,44009,Washington,7.9396,-0.426,51.11,4.1199
2006-11-04,44009,Washington,7.4003,-1.528,50.2571,2.9536
2006-11-05,44009,Washington,7.1944,-1.4659,53.3965,1.6413
2006-11-06,44009,Washington,11.2118,1.3781,59.8623,2.9425
2006-11-07,44009,Washington,13.6059,3.3296,75.7645,2.6361
2006-11-08,44009,Washington,16.8526,8.984,84.2108,4.133
2006-11-09,44009,Washington,19.2432,10.77,71.5787,2.6823
2006-11-10,44009,Washington,15.7473,7.3021,59.9258,3.1823
2006-11-11,44009,Washington,16.3214,4.7189,73.0567,2.9384
2006-11-12,44009,Washington,18.1124,8.92,80.6782,3.6915
2006-11-13,44009,Washington,17.1265,10.0356,75.8575,6.2001
2006-11-14,44009,Washington,15.8383,9.9351,79.8114,3.0786
2006-11-15,44009,Washington,18.3982,9.3327,73.7802,2.1357
2006-11-16,44009,Washington,19.2366,10.0996,78.8792,5.6704
2006-11-17,44009,Washington,17.674,7.3292,77.8271,5.5299
2006-11-18,44009,Washington,10.8312,3.2331,64.4254,2.0552
2006-11-19,44009,Washington,9.3116,3.8294,64.2173,2.498
2006-11-20,44009,Washington,7.4894,0.8608,58.3347,3.2638
2006-11-21,44009,Washington,6.3374,-2.581,62.7242,3.4982
2006-11-22,44009,Washington,9.2412,-0.0463,72.8154,7.3933
2006-11-23,44009,Washington,9.7943,4.1029,78.9609,8.7168
2006-11-24,44009,Washington,12.4373,1.8398,57.2267,5.63
2006-11-25,44009,Washington,9.183,0.1967,69.4375,2.4338
2006-11-26,44009,Washington,12.1751,0.7899,73.2152,3.342
2006-11-27,44009,Washington,14.6275,3.1635,70.6757,2.4807
2006-11-28,44009,Washington,11.5556,4.5399,72.9511,3.6636
2006-11-29,44009,Washington,13.5363,4.6375,76.0099,2.448
2006-11-30,44009,Washington,16.8795,7.3476,78.0048,5.3881
2006-12-01,44009,Washington,16.796,10.7756,73.4348,7.9137
2006-12-02,44009,Washington,14.8243,-0.0432,41.0693,7.2062
2006-12-03,44009,Washington,6.7033,-2.3969,57.6829,3.4628
2006-12-04,44009,Washington,6.2105,-4.4239,57.2512,5.0727
2006-12-05,44009,Washington,1.338,-4.3772,49.8746,3.8265
2006-12-06,44009,Washington,7.463,-4.2219,64.3619,5.2895
2006-12-07,44009,Washington,11.3167,0.8742,63.8796,4.2301
2006-12-08,44009,Washington,3.7142,-7.5422,35.5577,7.9998
2006-12-09,44009,Washington,3.3379,-6.1104,56.7802,6.031
2006-12-10,44009,Washington,8.742,-1.1142,53.599,6.3206
2006-12-11,44009,Washington,9.3951,0.0051,57.1348,3.0699
2006-12-12,44009,Washington,7.6232,-1.3579,65.2317,3.6061
2006-12-13,44009,Washington,12.548,1.5329,76.8693,4.443
2006-12-14,44009,Washington,12.1941,3.6586,68.2069,3.7374
2006-12-15,44009,Washington,12.0375,3.0236,73.2774,4.0072
2006-12-16,44009,Washington,9.9962,0.4503,57.8935,4.7168
2006-12-17,44009,Washington,11.3076,-0.3263,66.0327,5.1831
2006-12-18,44009,Washington,11.9056,2.9225,67.9773,3.3973
2006-12-19,44009,Washington,5.7238,-0.277,47.238,4.198
2006-12-20,44009,Washington,4.8035,-2.3364,54.2463,4.4473
2006-12-21,44009,Washington,8.6621,-0.3588,56.0364,5.3841
2006-12-22,44009,Washington,7.6213,-2.204,63.4268,3.5206
2006-12-23,44009,Washington,14.2802,4.7556,72.278,5.5121
2006-12-24,44009,Washington,9.3902,0.9217,58.8152,5.6496
2006-12-25,44009,Washington,9.4356,-0.2585,61.2593,3.5199
2006-12-26,44009,Washington,13.2793,3.1762,72.8866,4.6589
2006-12-27,44009,Washington,8.0769,-0.9062,51.9364,5.6206
2006-12-28,44009,Washington,7.9883,-1.6543,56.057,4.5485
2006-12-29,44009,Washington,5.4235,-3.396,46.8302,3.1436
2006-12-30,44009,Washington,6.2275,-3.287,61.7424,4.2363
2006-12-31,44009,Washington,5.6368,-1.6302,47.3282,3.4117
2007-01-01,44009,Washington,11.432,-0.9173,72.85,5.2677
2007-01-02,44009,Washington,10.7922,-0.6817,45.198,6.112
2007-01-03,44009,Washington,8.3862,-0.7074,54.1626,5.8024
2007-01-04,44009,Washington,11.2637,2.129,58.8831,5.1292
2007-01-05,44009,Washington,13.8839,4.917,69.5879,5.143
2007-01-06,44009,Washington,16.2111,9.4757,61.1495,6.7182
2007-01-07,44009,Washington,11.5642,4.4323,42.8119,4.0115
2007-01-08,44009,Washington,14.5141,3.8895,59.8737,7.693
2007-01-09,44009,Washington,6.3219,-0.1991,42.4275,6.3135
2007-01-10,44009,Washington,3.1588,-4.6226,39.7722,6.3347
2007-01-11,44009,Washington,2.2041,-5.1213,46.4155,4.9678
2007-01-12,44009,Washington,8.0903,-0.2988,60.8608,6.5438
2007-01-13,44009,Washington,10.2482,3.4285,61.9206,4.0334
2007-01-14,44009,Washington,6.6085,2.5657,62.8918,3.1608
2007-01-15,44009,Washington,10.3567,1.9651,65.7249,3.8549
2007-01-16,44009,Washington,10.7459,-6.3208,44.3301,6.0787
2007-01-17,44009,Washington,-4.0778,-11.3274,31.2281,4.8548
2007-01-18,44009,Washington,4.2316,-8.8937,58.1992,2.6809
2007-01-19,44009,Washington,4.7564,-1.7655,55.5216,6.0893
2007-01-20,44009,Washington,0.86,-9.9488,38.6389,9.2201
2007-01-21,44009,Washington,-1.9855,-11.5029,37.4806,4.7404
2007-01-22,44009,Washington,-0.0076,-6.6546,58.9678,2.0592
2007-01-23,44009,Washington,-0.4257,-4.7756,56.8889,3.5232
2007-01-24,44009,Washington,2.099,-3.6431,52.4071,3.3756
2007-01-25,44009,Washington,-0.387,-10.8136,48.1226,4.6803
2007-01-26,44009,Washington,-9.0031,-15.7113,40.0632,7.258
2007-01-27,44009,Washington,1.7864,-13.9542,60.9041,2.841
2007-01-28,44009,Washington,2.5356,-3.4043,58.905,2.8986
2007-01-29,44009,Washington,-1.0149,-8.2602,46.4603,6.0011
2007-01-30,44009,Washington,-0.559,-8.4691,49.1892,4.5849
2007-01-31,44009,Washington,1.7639,-5.2901,45.019,4.4009
2007-02-01,44009,Washington,5.0055,-5.9584,46.6199,3.1422
2007-02-02,44009,Washington,4.8754,-0.8307,58.8282,2.7562
2007-02-03,44009,Washington,4.1709,-6.0327,43.0521,7.4547
2007-02-04,44009,Washington,-0.5761,-9.1596,41.569,7.5578
2007-02-05,44009,Washington,-5.0241,-13.1245,39.9039,9.0268
2007-02-06,44009,Washington,-2.6986,-10.8643,44.9385,6.7027
2007-02-07,44009,Washington,-3.3106,-11.0476,40.9486,6.0164
2007-02-08,44009,Washington,-1.7906,-10.0201,43.1049,7.2715
2007-02-09,44009,Washington,-1.9517,-8.8652,44.1932,7.9038
2007-02-10,44009,Washington,1.0257,-9.5574,42.4263,4.4025
2007-02-11,44009,Washington,1.0524,-8.2688,40.8126,4.6313
2007-02-12,44009,Washington,2.679,-5.4508,39.5459,5.408
2007-02-13,44009,Washington,0.3809,-9.7961,26.909,4.863
2007-02-14,44009,Washington,5.5923,-6.9946,58.6806,7.9401
2007-02-15,44009,Washington,-2.1274,-11.2014,42.68,8.8394
2007-02-16,44009,Washington,-0.8837,-11.3729,48.5204,8.8723
2007-02-17,44009,Washington,2.3562,-7.5865,48.9073,5.9331
2007-02-18,44009,Washington,2.0332,-7.145,48.794,5.4493
2007-02-19,44009,Washington,-3.4815,-13.644,40.5932,7.2852
2007-02-20,44009,Washington,6.0008,-7.0046,57.5846,5.2257
2007-02-21,44009,Washington,6.1647,-2.0118,47.9996,3.1128
2007-02-22,44009,Washington,7.1561,-2.2938,50.8798,2.1918
2007-02-23,44009,Washington,3.7728,-9.1905,48.6677,6.7899
2007-02-24,44009,Washington,0.9675,-11.0686,47.2723,6.6761
2007-02-25,44009,Washington,4.1752,-7.6512,48.899,2.9747
2007-02-26,44009,Washington,3.3697,-1.875,57.6514,3.6021
2007-02-27,44009,Washington,3.7768,-1.9605,56.5758,0.9317
2007-02-28,44009,Washington,5.5097,-1.5959,47.6803,2.4866
2007-03-01,44009,Washington,5.3017,-2.8377,46.7053,2.2443
2007-03-02,44009,Washington,9.2108,0.7023,56.8812,6.5246
2007-03-03,44009,Washington,9.9082,0.4561,49.7185,3.2118
2007-03-04,44009,Washington,6.1068,-2.1698,45.2947,6.2046
2007-03-05,44009,Washington,4.8353,-5.8025,41.5256,8.39
2007-03-06,44009,Washington,-3.1251,-14.5989,31.5358,8.785
2007-03-07,44009,Washington,-5.1234,-14.9696,49.7823,3.9794
2007-03-08,44009,Washington,-2.4725,-13.1224,42.2617,5.6754
2007-03-09,44009,Washington,0.4177,-14.6047,47.2894,3.2325
2007-03-10,44009,Washington,9.4976,-3.9733,59.4388,4.4096
2007-03-11,44009,Washington,12.4532,-1.7667,49.8393,3.8053
2007-03-12,44009,Washington,10.7592,-3.142,44.1483,3.1849
2007-03-13,44009,Washington,10.7257,0.7991,52.8843,3.8
2007-03-14,44009,Washington,17.38,4.074,52.2842,4.8929
2007-03-15,44009,Washington,16.7343,2.1819,52.6988,4.3954
2007-03-16,44009,Washington,5.2987,-1.8978,53.6596,8.9331
2007-03-17,44009,Washington,7.0529,-3.6386,60.0673,4.2189
2007-03-18,44009,Washington,2.8947,-5.3427,42.9232,7.0832
2007-03-19,44009,Washington,5.1046,-5.2936,51.6965,6.197
2007-03-20,44009,Washington,8.1144,-6.2347,47.0315,6.2321
2007-03-21,44009,Washington,4.3218,-8.4738,48.3592,3.5371
2007-03-22,44009,Washington,11.5306,-0.379,60.0695,6.3819
2007-03-23,44009,Washington,17.5334,4.219,45.6753,4.0235
2007-03-24,44009,Washington,11.3775,0.9483,45.552,3.0633
2007-03-25,44009,Washington,10.065,1.3432,50.6605,2.3421
2007-03-26,44009,Washington,9.8262,1.8917,57.8043,4.4142
2007-03-27,44009,Washington,19.2735,3.9515,52.6809,2.784
2007-03-28,44009,Washington,13.5861,0.6549,40.12,5.2255
2007-03-29,44009,Washington,9.8729,-1.194,26.8747,6.2645
2007-03-30,44009,Washington,14.6605,-0.628,29.3353,4.0946
2007-03-31,44009,Washington,11.3476,-0.7247,35.8545,2.324
2007-04-01,44009,Washington,11.828,-0.1548,50.4575,2.4765
2007-04-02,44009,Washington,13.5774,3.8371,61.6496,2.6388
2007-04-03,44009,Washington,12.1296,1.7359,58.9727,2.9876
2007-04-04,44009,Washington,7.8568,1.3671,68.2978,5.555
2007-04-05,44009,Washington,6.8323,-2.5041,54.4216,5.8488
2007-04-06,44009,Washington,3.7161,-4.6422,52.9277,5.094
2007-04-07,44009,Washington,5.2533,-2.4523,46.0396,2.7202
2007-04-08,44009,Washington,4.9447,-4.0284,50.3146,6.8839
2007-04-09,44009,Washington,7.9821,-2.5134,50.3764,5.1098
2007-04-10,44009,Washington,8.0001,-0.8785,45.3143,3.9388
2007-04-11,44009,Washington,8.2796,-0.5207,48.0044,1.8226
2007-04-12,44009,Washington,8.002,1.2977,67.8933,5.3951
2007-04-13,44009,Washington,9.7606,0.1616,59.224,5.7035
2007-04-14,44009,Washington,12.2631,1.7024,50.3187,3.2324
2007-04-15,44009,Washington,8.735,3.78,68.883,8.3578
2007-04-16,44009,Washington,12.0183,3.3953,67.7524,6.0078
2007-04-17,44009,Washington,8.0713,2.5927,63.924,6.3364
2007-04-18,44009,Washington,7.3409,2.0697,65.9825,6.2044
2007-04-19,44009,Washington,13.8652,2.2814,47.4269,3.6554
2007-04-20,44009,Washington,16.3526,1.5112,38.5843,2.9784
2007-04-21,44009,Washington,21.2568,2.068,34.4899,3.0549
2007-04-22,44009,Washington,20.6919,6.0622,36.7003,2.1199
2007-04-23,44009,Washington,21.7284,5.0065,51.5983,4.7462
2007-04-24,44009,Washington,21.1694,9.8898,45.4196,4.0093
2007-04-25,44009,Washington,16.3001,5.3727,48.3177,2.3458
2007-04-26,44009,Washington,15.2395,4.139,53.2223,2.099
2007-04-27,44009,Washington,15.2887,5.8949,71.0279,3.2427
2007-04-28,44009,Washington,18.8643,8.1906,63.1913,3.0656
2007-04-29,44009,Washington,17.3453,9.078,59.6631,2.4779
2007-04-30,44009,Washington,21.3305,7.1857,45.3252,5.1243
2007-05-01,44009,Washington,18.076,5.4194,45.6416,3.3693
2007-05-02,44009,Washington,16.65,5.5558,52.2818,2.2208
2007-05-03,44009,Washington,17.8329,4.0407,37.9826,2.8762
2007-05-04,44009,Washington,17.696,3.8939,35.5768,3.2525
2007-05-05,44009,Washington,18.5381,4.4633,41.478,2.3276
2007-05-06,44009,Washington,14.3197,3.4407,49.9564,4.7498
2007-05-07,44009,Washington,17.9626,2.3675,42.7429,1.6666
2007-05-08,44009,Washington,20.3707,3.0364,49.011,4.103
2007-05-09,44009,Washington,23.8237,8.8709,57.4082,4.4383
2007-05-10,44009,Washington,25.2474,12.4816,60.2894,3.7991
2007-05-11,44009,Washington,22.7998,12.306,62.4124,2.9296
2007-05-12,44009,Washington,20.6285,7.9898,57.5859,3.0628
2007-05-13,44009,Washington,18.3621,6.0632,42.3722,2.9463
2007-05-14,44009,Washington,19.7203,3.6515,39.8963,3.6176
2007-05-15,44009,Washington,22.5029,6.9451,59.1027,6.3295
2007-05-16,44009,Washington,24.2687,12.9644,58.953,4.9873
2007-05-17,44009,Washington,19.6798,7.6271,58.5708,3.326
2007-05-18,44009,Washington,11.4329,5.9499,66.9819,5.5666
2007-05-19,44009,Washington,15.675,6.3245,66.2168,3.1116
2007-05-20,44009,Washington,21.14,8.5194,55.9873,3.8493
2007-05-21,44009,Washington,19.4965,9.633,51.1571,3.0144
2007-05-22,44009,Washington,20.6087,7.6057,46.0779,1.6479
2007-05-23,44009,Washington,19.6783,6.9043,59.1053,3.2579
2007-05-24,44009,Washington,26.0592,9.5479,55.8687,4.4098
2007-05-25,44009,Washington,29.7939,15.0265,49.35,3.7985
2007-05-26,44009,Washington,28.0899,15.9653,48.9555,3.4002
2007-05-27,44009,Washington,23.1168,12.6369,54.862,2.174
2007-05-28,44009,Washington,27.042,12.7466,54.5543,3.7619
2007-05-29,44009,Washington,23.0343,11.483,49.0489,2.7575
2007-05-30,44009,Washington,24.7669,13.1849,48.8143,2.5607
2007-05-31,44009,Washington,24.0638,13.7414,57.5393,2.1736
2007-06-01,44009,Washington,27.2684,12.535,66.7265,3.35
2007-06-02,44009,Washington,28.3714,16.3483,63.525,3.7033
2007-06-03,44009,Washington,23.7643,15.1255,71.5003,4.2133
2007-06-04,44009,Washington,20.3967,15.5913,75.9065,5.0816
2007-06-05,44009,Washington,25.4749,16.4652,69.6683,4.0551
2007-06-06,44009,Washington,20.5784,11.5847,59.257,3.7217
2007-06-07,44009,Washington,21.8418,9.7779,56.3917,3.093
2007-06-08,44009,Washington,24.2692,12.6683,70.9862,2.4436
2007-06-09,44009,Washington,20.5619,13.0758,74.9825,2.2903
2007-06-10,44009,Washington,21.8884,11.678,65.3585,1.8551
2007-06-11,44009,Washington,25.5387,13.8335,64.6834,2.2786
2007-06-12,44009,Washington,24.9575,15.6794,63.7417,3.484
2007-06-13,44009,Washington,18.9965,10.007,68.6395,5.0966
2007-06-14,44009,Washington,18.7187,9.7716,66.3225,4.2905
2007-06-15,44009,Washington,21.2654,11.2029,63.9232,2.062
2007-06-16,44009,Washington,23.9739,11.9769,68.9271,3.1008
2007-06-17,44009,Washington,27.6776,14.5516,64.2746,3.2103
2007-06-18,44009,Washington,26.452,15.0924,58.7318,2.281
2007-06-19,44009,Washington,24.9472,14.0828,65.2176,2.8733
2007-06-20,44009,Washington,26.4249,14.6408,63.8964,3.2357
2007-06-21,44009,Washington,24.429,12.3194,59.3148,3.8967
2007-06-22,44009,Washington,22.923,12.5384,55.1483,5.0862
2007-06-23,44009,Washington,21.6277,10.4891,51.2389,4.027
2007-06-24,44009,Washington,23.9757,8.9044,55.1744,3.3501
2007-06-25,44009,Washington,27.4037,14.3006,61.4342,4.1822
2007-06-26,44009,Washington,30.0646,17.2647,66.0717,4.2061
2007-06-27,44009,Washington,31.2074,19.5528,64.3889,4.5591
2007-06-28,44009,Washington,30.1357,19.9737,62.2659,4.4957
2007-06-29,44009,Washington,24.8084,14.3576,60.3523,2.1878
2007-06-30,44009,Washington,24.0053,12.9716,57.4077,2.5809
2007-07-01,44009,Washington,21.8894,12.1768,62.0426,2.7034
2007-07-02,44009,Washington,21.8195,9.1906,59.4692,3.2629
2007-07-03,44009,Washington,24.0359,10.4742,62.5467,2.8011
2007-07-04,44009,Washington,23.5956,13.8705,77.6237,4.7546
2007-07-05,44009,Washington,23.892,17.5523,84.2105,5.4476
2007-07-06,44009,Washington,26.0378,17.2442,73.0146,3.2195
2007-07-07,44009,Washington,26.4326,15.6305,69.4526,3.5091
2007-07-08,44009,Washington,28.4849,17.3746,68.9231,3.6873
2007-07-09,44009,Washington,27.53,19.1696,75.2245,2.8444
2007-07-10,44009,Washington,29.6091,19.0341,76.0223,2.8765
2007-07-11,44009,Washington,27.7285,19.6747,78.7888,3.8017
2007-07-12,44009,Washington,27.6621,16.0038,64.9459,3.1593
2007-07-13,44009,Washington,27.1363,14.4519,61.4371,3.6642
2007-07-14,44009,Washington,27.2903,16.2704,60.6436,2.8091
2007-07-15,44009,Washington,29.5354,17.637,71.9123,4.4389
2007-07-16,44009,Washington,28.2301,18.2126,67.0463,1.6009
2007-07-17,44009,Washington,29.3553,17.3342,56.2457,1.5556
2007-07-18,44009,Washington,26.0114,17.2529,77.2682,2.265
2007-07-19,44009,Washington,28.4231,18.1949,74.7575,3.2255
2007-07-20,44009,Washington,28.4902,16.3516,68.3651,4.3816
2007-07-21,44009,Washington,27.3942,13.5023,58.0322,2.2012
2007-07-22,44009,Washington,27.9032,15.6424,54.3408,3.5499
2007-07-23,44009,Washington,23.2106,15.7785,85.4795,4.7178
2007-07-24,44009,Washington,27.684,16.4777,66.4479,3.7298
2007-07-25,44009,Washington,30.0093,17.3114,54.0591,2.1939
2007-07-26,44009,Washington,30.9673,16.4508,58.1291,2.7613
2007-07-27,44009,Washington,30.6439,19.4823,62.3038,2.9437
2007-07-28,44009,Washington,30.286,19.6582,68.3147,2.9136
2007-07-29,44009,Washington,29.0258,20.7155,70.1982,1.8397
2007-07-30,44009,Washington,27.4382,20.228,74.9927,1.4229
2007-07-31,44009,Washington,28.3167,18.5879,69.3669,1.5099
2007-08-01,44009,Washington,29.4706,17.9566,65.9761,1.4591
2007-08-02,44009,Washington,30.9913,18.5708,66.9824,2.8927
2007-08-03,44009,Washington,31.2965,19.6296,66.9054,4.2238
2007-08-04,44009,Washington,31.5555,19.6057,63.9049,3.3979
2007-08-05,44009,Washington,27.1788,15.8285,52.2162,2.1788
2007-08-06,44009,Washington,27.3187,15.6502,78.9312,3.6218
2007-08-07,44009,Washington,30.3757,19.4354,71.3458,1.7492
2007-08-08,44009,Washington,31.4116,19.2816,73.4664,4.3189
2007-08-09,44009,Washington,26.4653,16.488,62.4815,2.184
2007-08-10,44009,Washington,20.9589,14.4676,71.0246,3.3992
2007-08-11,44009,Washington,27.2479,13.1179,56.821,2.3529
2007-08-12,44009,Washington,29.1068,15.9915,61.6546,2.6293
2007-08-13,44009,Washington,29.1604,17.6039,64.6073,2.9424
2007-08-14,44009,Washington,24.6541,15.0602,58.1539,2.3414
2007-08-15,44009,Washington,27.3545,14.8403,65.7511,4.0635
2007-08-16,44009,Washington,28.3273,17.0227,74.9738,3.2409
2007-08-17,44009,Washington,26.9339,18.0581,69.1517,2.5796
2007-08-18,44009,Washington,21.6348,11.3883,58.8534,5.1643
2007-08-19,44009,Washington,22.9875,10.3405,57.2269,2.5004
2007-08-20,44009,Washington,22.4898,13.0614,58.8795,3.3626
2007-08-21,44009,Washington,19.992,11.1426,70.9155,3.5701
2007-08-22,44009,Washington,20.8599,11.1171,71.0784,2.922
2007-08-23,44009,Washington,22.5512,15.4599,77.6075,1.9039
2007-08-24,44009,Washington,28.251,17.3126,72.1235,3.8295
2007-08-25,44009,Washington,31.4677,18.6627,72.1117,4.5068
2007-08-26,44009,Washington,30.8204,18.8275,59.2468,2.725
2007-08-27,44009,Washington,27.8334,14.6526,61.2347,2.7747
2007-08-28,44009,Washington,27.2409,13.5177,57.1209,1.8404
2007-08-29,44009,Washington,27.5033,14.3915,57.78,1.5141
2007-08-30,44009,Washington,28.3323,14.4538,58.7507,1.9655
2007-08-31,44009,Washington,28.0638,14.9097,68.0978,2.2937
2007-09-01,44009,Washington,25.2045,11.1878,52.9993,3.5434
2007-09-02,44009,Washington,24.0877,8.8882,49.9001,2.2968
2007-09-03,44009,Washington,27.0762,12.3481,65.4392,4.7832
2007-09-04,44009,Washington,26.8317,12.3593,55.4088,2.6077
2007-09-05,44009,Washington,24.5961,10.2871,44.2243,1.6513
2007-09-06,44009,Washington,25.2543,11.5005,62.4545,3.7275
2007-09-07,44009,Washington,29.7435,15.6839,65.3102,4.966
2007-09-08,44009,Washington,30.7483,17.4399,62.6741,4.8826
2007-09-09,44009,Washington,28.8619,16.752,67.1041,2.8597
2007-09-10,44009,Washington,27.0797,16.6083,72.8757,1.7225
2007-09-11,44009,Washington,22.2992,15.9581,91.4544,4.3018
2007-09-12,44009,Washington,21.8216,12.0252,64.0074,4.7853
2007-09-13,44009,Washington,21.2302,10.2339,61.6016,1.2742
2007-09-14,44009,Washington,22.4427,12.2245,72.469,2.6355
2007-09-15,44009,Washington,19.7258,9.3851,86.6244,3.6249
2007-09-16,44009,Washington,17.2594,6.9622,59.1283,2.2357
2007-09-17,44009,Washington,17.2843,8.59,62.703,3.5167
2007-09-18,44009,Washington,18.6636,6.937,66.2514,3.3048
2007-09-19,44009,Washington,20.8157,7.0936,69.9656,1.8503
2007-09-20,44009,Washington,23.9603,10.0124,70.8425,2.7319
2007-09-21,44009,Washington,24.2801,12.7894,70.6993,1.3854
2007-09-22,44009,Washington,23.7949,12.2942,81.106,3.3048
2007-09-23,44009,Washington,23.8067,11.4684,59.4649,3.4226
2007-09-24,44009,Washington,24.3266,9.524,53.0193,2.9207
2007-09-25,44009,Washington,26.5186,11.9317,66.371,4.8838
2007-09-26,44009,Washington,28.4427,16.1897,68.4996,4.6391
2007-09-27,44009,Washington,26.5837,16.5755,75.3733,3.794
2007-09-28,44009,Washington,24.4009,14.4791,70.191,3.6286
2007-09-29,44009,Washington,21.7775,10.1179,50.4457,3.8592
2007-09-30,44009,Washington,19.6329,7.7316,59.3028,2.5857
2007-10-01,44009,Washington,20.0881,8.5198,59.9893,2.8883
2007-10-02,44009,Washington,23.1679,8.2897,64.5009,2.6531
2007-10-03,44009,Washington,24.7498,11.8798,72.3706,2.4742
2007-10-04,44009,Washington,27.6561,13.9965,63.4957,2.6202
2007-10-05,44009,Washington,27.3557,15.2461,63.255,3.0439
2007-10-06,44009,Washington,27.6258,14.3145,60.8179,3.455
2007-10-07,44009,Washington,21.586,12.1894,70.0248,2.8984
2007-10-08,44009,Washington,26.4329,12.2996,68.1462,3.2257
2007-10-09,44009,Washington,19.5519,10.7692,71.4235,3.1539
2007-10-10,44009,Washington,18.3279,10.5904,84.9646,3.8025
2007-10-11,44009,Washington,19.1044,12.1677,79.9642,4.977
2007-10-12,44009,Washington,17.4273,6.0648,75.9515,5.4523
2007-10-13,44009,Washington,15.0996,4.1987,54.4027,4.657
2007-10-14,44009,Washington,14.6267,7.7412,52.9808,4.8573
2007-10-15,44009,Washington,16.2444,6.6744,55.8838,4.0964
2007-10-16,44009,Washington,16.858,6.7371,49.3943,2.7216
2007-10-17,44009,Washington,19.9388,6.5045,63.6624,1.9358
2007-10-18,44009,Washington,22.9101,12.0229,72.7929,2.9683
2007-10-19,44009,Washington,19.3987,14.6196,88.1003,5.163
2007-10-20,44009,Washington,20.8663,11.8175,71.2019,5.3606
2007-10-21,44009,Washington,21.4995,10.1609,58.7923,4.333
2007-10-22,44009,Washington,22.2635,10.659,68.9605,4.3144
2007-10-23,44009,Washington,22.9076,13.1177,80.4135,6.2634
2007-10-24,44009,Washington,19.063,9.7758,86.0494,3.6385
2007-10-25,44009,Washington,12.8459,7.0454,72.5869,5.4719
2007-10-26,44009,Washington,15.6432,6.8698,75.5411,5.4836
2007-10-27,44009,Washington,19.5129,12.1561,87.9196,5.8993
2007-10-28,44009,Washington,14.9064,2.5425,57.9243,5.7342
2007-10-29,44009,Washington,8.9089,0.1874,50.5007,4.0043
2007-10-30,44009,Washington,15.473,2.4575,60.116,3.1982
2007-10-31,44009,Washington,16.9546,4.9115,69.3848,4.4993
2007-11-01,44009,Washington,19.6303,6.4961,61.4441,5.0553
2007-11-02,44009,Washington,11.3493,1.7078,54.2598,5.9576
2007-11-03,44009,Washington,10.0944,3.1617,74.438,8.5308
2007-11-04,44009,Washington,12.9467,1.2188,48.9256,3.3233
2007-11-05,44009,Washington,13.4969,1.869,51.2207,2.4255
2007-11-06,44009,Washington,13.3037,1.8069,72.1256,6.1374
2007-11-07,44009,Washington,9.871,0.7328,51.5633,5.0492
2007-11-08,44009,Washington,6.6012,-0.5321,49.5505,2.1385
2007-11-09,44009,Washington,7.7424,-0.1339,58.9049,4.1603
2007-11-10,44009,Washington,5.4043,-2.5793,64.3393,5.7164
2007-11-11,44009,Washington,4.6362,-4.3844,53.0727,3.8451
2007-11-12,44009,Washington,8.0258,-3.4714,60.2526,2.6137
2007-11-13,44009,Washington,13.4968,3.0758,68.2971,3.2555
2007-11-14,44009,Washington,13.8055,1.5213,77.3023,3.7638
2007-11-15,44009,Washington,16.4697,6.1727,77.2379,5.7726
2007-11-16,44009,Washington,9.3381,-0.9349,56.0545,7.7339
2007-11-17,44009,Washington,6.2951,-1.3243,50.1735,5.0158
2007-11-18,44009,Washington,6.1819,-2.0674,49.1795,3.7055
2007-11-19,44009,Washington,5.4493,-2.8267,65.5078,5.1466
2007-11-20,44009,Washington,7.9921,-3.1837,75.0036,2.9412
2007-11-21,44009,Washington,9.2068,-0.0765,72.1141,1.964
2007-11-22,44009,Washington,16.878,5.1274,71.8764,4.5441
2007-11-23,44009,Washington,11.3838,-4.7626,39.1435,5.9919
2007-11-24,44009,Washington,1.6296,-6.5514,46.4424,3.9104
2007-11-25,44009,Washington,7.3052,-2.4067,55.7358,4.7115
2007-11-26,44009,Washington,12.7183,0.7406,82.0345,3.7919
2007-11-27,44009,Washington,14.6552,1.5976,65.9684,6.8278
2007-11-28,44009,Washington,5.9547,-1.6135,50.5731,3.7173
2007-11-29,44009,Washington,11.1102,-0.4015,66.9122,6.3406
2007-11-30,44009,Washington,6.5429,-0.9641,47.8378,6.3001
2007-12-01,44009,Washington,3.0592,-9.3591,38.8254,7.0711
2007-12-02,44009,Washington,1.947,-9.2877,58.4664,2.8292
2007-12-03,44009,Washington,7.3586,-2.7806,69.9279,6.8405
2007-12-04,44009,Washington,0.1518,-5.7308,58.291,8.063
2007-12-05,44009,Washington,1.5203,-5.8575,63.1037,3.9752
2007-12-06,44009,Washington,-1.3866,-8.3985,60.3822,4.2706
2007-12-07,44009,Washington,4.7475,-7.1324,72.2734,3.5714
2007-12-08,44009,Washington,4.7363,-2.5959,65.457,3.9192
2007-12-09,44009,Washington,2.2229,-3.969,66.0787,1.8253
2007-12-10,44009,Washington,2.7028,-1.866,75.2118,2.6509
2007-12-11,44009,Washington,5.8052,-2.995,67.7901,3.2339
2007-12-12,44009,Washington,10.617,-2.8657,63.6971,5.9703
2007-12-13,44009,Washington,2.1362,-4.7606,61.5906,4.2153
2007-12-14,44009,Washington,2.6324,-2.3533,73.1362,4.4155
2007-12-15,44009,Washington,0.8006,-7.8737,53.1434,5.4223
2007-12-16,44009,Washington,5.2454,-6.0962,82.4372,8.6001
2007-12-17,44009,Washington,2.9106,-8.6903,50.3806,8.7852
2007-12-18,44009,Washington,-0.0181,-8.5558,66.3515,4.0132
2007-12-19,44009,Washington,4.5093,-5.3193,75.1703,2.1619
2007-12-20,44009,Washington,3.7326,-1.2257,72.4347,3.4792
2007-12-21,44009,Washington,2.3746,-3.8164,73.3251,4.702
2007-12-22,44009,Washington,3.6474,-3.5933,73.7484,3.7862
2007-12-23,44009,Washington,10.2344,-0.1519,72.8714,6.0304
2007-12-24,44009,Washington,10.297,-0.9535,50.4742,7.0383
2007-12-25,44009,Washington,4.9105,-2.671,60.4624,4.6081
2007-12-26,44009,Washington,5.9272,-2.8683,63.0119,3.0834
2007-12-27,44009,Washington,5.4439,0.1127,73.4464,4.3384
2007-12-28,44009,Washington,5.8251,-1.1169,63.4759,3.2282
2007-12-29,44009,Washington,10.9688,-0.0465,52.163,4.3001
2007-12-30,44009,Washington,4.5551,-3.1482,65.1452,2.8408
2007-12-31,44009,Washington,4.1717,-3.2713,75.8737,5.4533
2008-01-01,44009,Washington,6.4977,-3.8878,61.4307,4.3584
2008-01-02,44009,Washington,3.2042,-12.0211,58.5231,6.3608
2008-01-03,44009,Washington,-8.3302,-14.9017,54.011,5.944
2008-01-04,44009,Washington,0.7266,-14.4086,62.4393,5.1254
2008-01-05,44009,Washington,4.9937,-4.1108,59.7393,3.8411
2008-01-06,44009,Washington,5.7062,0.0562,60.3314,3.1828
2008-01-07,44009,Washington,9.3161,0.1556,63.423,2.9421
2008-01-08,44009,Washington,11.8947,2.269,58.457,3.811
2008-01-09,44009,Washington,15.3512,2.86,53.0922,6.8242
2008-01-10,44009,Washington,9.5986,-0.2402,44.0414,2.9511
2008-01-11,44009,Washington,13.4356,0.9253,67.3387,5.0317
2008-01-12,44009,Washington,10.4137,0.3835,51.3453,2.7458
2008-01-13,44009,Washington,7.815,-1.1948,53.099,5.032
2008-01-14,44009,Washington,5.1257,-2.7547,59.871,4.937
2008-01-15,44009,Washington,3.904,-3.0137,59.4039,4.0317
2008-01-16,44009,Washington,2.4641,-5.4045,50.6705,4.8405
2008-01-17,44009,Washington,4.2074,-5.5252,57.8534,2.7914
2008-01-18,44009,Washington,7.9511,-2.9218,60.0458,6.0645
2008-01-19,44009,Washington,3.069,-4.7895,53.1356,3.8044
2008-01-20,44009,Washington,1.4381,-10.0883,47.5372,5.994
2008-01-21,44009,Washington,-2.5283,-10.7875,49.148,4.9721
2008-01-22,44009,Washington,5.1622,-7.5066,63.5122,6.3372
2008-01-23,44009,Washington,4.0589,-4.4355,51.076,4.2935
2008-01-24,44009,Washington,1.4494,-5.848,47.7839,2.7949
2008-01-25,44009,Washington,0.2447,-10.147,51.2925,5.7368
2008-01-26,44009,Washington,1.3911,-7.8763,54.5435,2.435
2008-01-27,44009,Washington,3.5846,-4.1602,59.7411,6.1916
2008-01-28,44009,Washington,2.7814,-6.2392,53.0682,5.6455
2008-01-29,44009,Washington,5.4946,-4.9106,54.122,2.7917
2008-01-30,44009,Washington,6.5923,-3.8067,59.4428,6.4092
2008-01-31,44009,Washington,1.6429,-5.5897,47.6659,3.2752
2008-02-01,44009,Washington,8.9531,-4.4065,68.2198,7.1723
2008-02-02,44009,Washington,8.2828,-2.3549,60.9911,6.2338
2008-02-03,44009,Washington,6.1833,-3.4357,59.9197,3.0995
2008-02-04,44009,Washington,4.7255,-3.1981,65.4917,2.607
2008-02-05,44009,Washington,7.9425,-0.8163,69.562,3.9152
2008-02-06,44009,Washington,9.931,0.6295,66.4411,2.2302
2008-02-07,44009,Washington,6.2551,-1.1911,67.3412,2.7434
2008-02-08,44009,Washington,6.2515,-1.615,68.255,2.456
2008-02-09,44009,Washington,5.6029,-3.1437,62.146,2.7586
2008-02-10,44009,Washington,6.7632,-8.0718,60.4131,6.4893
2008-02-11,44009,Washington,-2.5379,-11.6003,37.2005,8.5475
2008-02-12,44009,Washington,0.3927,-11.0521,52.0431,3.5336
2008-02-13,44009,Washington,8.8536,-3.6058,79.2825,5.8595
2008-02-14,44009,Washington,5.8934,-3.3501,49.1282,4.7974
2008-02-15,44009,Washington,8.3319,-2.8207,50.6545,6.1313
2008-02-16,44009,Washington,1.8625,-8.2248,39.3189,3.8679
2008-02-17,44009,Washington,6.9151,-7.8367,65.8083,4.3292
2008-02-18,44009,Washington,13.8026,2.9313,72.1043,6.3193
2008-02-19,44009,Washington,7.756,-2.9974,46.7412,6.8021
2008-02-20,44009,Washington,1.2527,-5.3796,30.7884,5.6157
2008-02-21,44009,Washington,-0.4159,-7.8087,34.8582,3.7265
2008-02-22,44009,Washington,2.9373,-6.8806,69.2647,3.7739
2008-02-23,44009,Washington,2.0733,-4.3506,68.6438,2.7007
2008-02-24,44009,Washington,2.7101,-6.1849,57.8572,3.9212
2008-02-25,44009,Washington,4.7324,-5.2932,60.3137,3.2386
2008-02-26,44009,Washington,7.4635,-3.7412,67.909,3.4896
2008-02-27,44009,Washington,6.7085,-4.8988,66.7172,4.7224
2008-02-28,44009,Washington,-0.6944,-9.4563,46.6451,5.5319
2008-02-29,44009,Washington,0.6653,-10.9423,45.5534,3.3247
2008-03-01,44009,Washington,6.0002,-2.275,62.2333,6.0967
2008-03-02,44009,Washington,4.6254,-4.8512,45.7476,5.4517
2008-03-03,44009,Washington,7.8126,-5.1566,58.0892,4.4174
2008-03-04,44009,Washington,16.1501,1.6801,59.543,4.0133
2008-03-05,44009,Washington,13.4408,0.8075,60.6375,6.6812
2008-03-06,44009,Washington,8.9966,-1.4525,48.3714,1.5547
2008-03-07,44009,Washington,10.5742,-0.2673,62.9985,4.2933
2008-03-08,44009,Washington,13.8766,5.8651,71.6584,6.9739
2008-03-09,44009,Washington,8.4685,-2.8313,36.0575,8.4198
2008-03-10,44009,Washington,4.7918,-3.8455,37.6275,4.6892
2008-03-11,44009,Washington,6.4877,-2.3426,46.422,2.9201
2008-03-12,44009,Washington,8.6964,-0.4023,56.4963,4.7559
2008-03-13,44009,Washington,6.709,-2.5351,44.737,2.8443
2008-03-14,44009,Washington,11.067,-0.3096,60.6723,2.5261
2008-03-15,44009,Washington,9.4671,-0.1463,62.095,4.1703
2008-03-16,44009,Washington,8.9024,-0.4581,52.5555,4.2501
2008-03-17,44009,Washington,7.7129,-2.2966,36.6348,5.7449
2008-03-18,44009,Washington,6.5418,-2.2586,37.9974,1.9362
2008-03-19,44009,Washington,10.3497,0.305,69.1806,4.2689
2008-03-20,44009,Washington,11.7486,1.395,58.6608,7.0494
2008-03-21,44009,Washington,4.8483,-2.5224,39.0108,9.1923
2008-03-22,44009,Washington,7.1944,-3.0776,30.2917,4.5232
2008-03-23,44009,Washington,6.4522,-3.4689,34.5013,3.1309
2008-03-24,44009,Washington,7.412,-1.8234,38.7251,1.6383
2008-03-25,44009,Washington,5.8745,-1.7303,47.1617,3.7282
2008-03-26,44009,Washington,14.3005,0.4336,48.3119,5.1262
2008-03-27,44009,Washington,13.0368,3.4629,42.1641,1.7623
2008-03-28,44009,Washington,9.574,2.2222,62.4551,3.0852
2008-03-29,44009,Washington,5.8479,-3.9273,41.9369,5.6926
2008-03-30,44009,Washington,7.3491,-4.5646,34.7541,2.4734
2008-03-31,44009,Washington,9.6237,-0.8259,67.1273,4.8989
2008-04-01,44009,Washington,14.0644,6.9575,74.3078,7.854
2008-04-02,44009,Washington,13.7011,-0.4866,35.8178,6.5735
2008-04-03,44009,Washington,10.0035,-1.2381,40.5171,4.1173
2008-04-04,44009,Washington,11.0688,1.1965,76.4006,3.2809
2008-04-05,44009,Washington,15.9773,6.6701,60.8253,2.1899
2008-04-06,44009,Washington,10.7896,2.6389,60.3563,6.1824
2008-04-07,44009,Washington,10.1746,1.6259,59.6321,6.2094
2008-04-08,44009,Washington,12.1972,-0.0244,54.5822,3.7022
2008-04-09,44009,Washington,13.0796,-0.4142,62.3267,2.5365
2008-04-10,44009,Washington,18.8327,5.7981,50.2817,3.5408
2008-04-11,44009,Washington,12.3758,5.9315,61.1878,2.0413
2008-04-12,44009,Washington,19.7801,7.0653,66.3095,3.4876
2008-04-13,44009,Washington,13.1038,4.343,52.3477,3.7928
2008-04-14,44009,Washington,11.4124,0.4046,43.2526,2.6031
2008-04-15,44009,Washington,13.8894,0.8039,39.1041,2.2432
2008-04-16,44009,Washington,16.0049,1.3658,40.5194,1.5445
2008-04-17,44009,Washington,18.1986,2.6821,37.1056,2.38
2008-04-18,44009,Washington,22.1509,3.3885,36.2213,1.7399
2008-04-19,44009,Washington,20.7154,6.4059,43.2812,2.4587
2008-04-20,44009,Washington,17.3506,5.3401,55.1516,4.2957
2008-04-21,44009,Washington,14.7932,5.1898,60.9795,3.6938
2008-04-22,44009,Washington,19.4512,4.1046,56.9151,2.2603
2008-04-23,44009,Washington,20.9884,6.9029,58.4775,3.8348
2008-04-24,44009,Washington,22.8584,8.9935,41.0379,3.4115
2008-04-25,44009,Washington,20.3143,6.9077,37.9602,1.8263
2008-04-26,44009,Washington,14.5207,5.3515,53.8407,3.4782
2008-04-27,44009,Washington,12.9094,5.6252,61.5734,1.8436
2008-04-28,44009,Washington,14.4603,4.8297,74.8521,5.2456
2008-04-29,44009,Washington,16.4907,4.1914,67.5486,4.4361
2008-04-30,44009,Washington,12.9048,2.5919,43.6288,3.5365
2008-05-01,44009,Washington,15.4055,2.3608,43.4069,2.2778
2008-05-02,44009,Washington,13.4442,6.0834,65.5176,3.6031
2008-05-03,44009,Washington,11.563,7.022,65.2945,5.0729
2008-05-04,44009,Washington,19.9962,7.4079,62.5805,2.5046
2008-05-05,44009,Washington,19.0815,8.1414,50.4847,1.8357
2008-05-06,44009,Washington,21.4189,6.942,46.7326,1.7467
2008-05-07,44009,Washington,21.2813,9.2504,42.6121,2.9475
2008-05-08,44009,Washington,22.7924,10.8175,59.4146,4.1132
2008-05-09,44009,Washington,15.2697,7.3225,62.2471,5.1877
2008-05-10,44009,Washington,16.586,7.1435,55.9155,3.8899
2008-05-11,44009,Washington,16.642,6.0103,53.2129,3.286
2008-05-12,44009,Washington,13.3601,6.1045,56.4437,7.7848
2008-05-13,44009,Washington,17.2666,5.9553,45.3854,4.9361
2008-05-14,44009,Washington,19.6742,5.2418,45.3874,1.9046
2008-05-15,44009,Washington,19.1353,6.9027,58.2738,2.1084
2008-05-16,44009,Washington,17.0569,8.4266,62.8898,4.0544
2008-05-17,44009,Washington,20.9556,7.7098,52.0193,4.8607
2008-05-18,44009,Washington,20.1335,10.2442,55.1541,3.1399
2008-05-19,44009,Washington,16.4502,7.1091,50.4486,6.4592
2008-05-20,44009,Washington,16.1296,5.2997,60.1727,3.1675
2008-05-21,44009,Washington,18.7329,6.992,55.2653,3.8434
2008-05-22,44009,Washington,15.5762,8.3122,55.574,4.3457
2008-05-23,44009,Washington,20.4704,6.2938,50.3154,4.6957
2008-05-24,44009,Washington,19.4496,7.3393,50.4838,3.1992
2008-05-25,44009,Washington,22.0963,8.043,46.007,2.6233
2008-05-26,44009,Washington,22.1027,9.1191,59.9832,5.3993
2008-05-27,44009,Washington,24.7281,13.2889,63.4789,4.0401
2008-05-28,44009,Washington,17.9644,7.6378,48.153,3.7216
2008-05-29,44009,Washington,21.3519,5.7067,49.4593,3.971
2008-05-30,44009,Washington,23.1439,9.1384,49.0852,2.3674
2008-05-31,44009,Washington,21.4602,12.3764,70.0071,4.903
2008-06-01,44009,Washington,25.4776,14.4931,60.1683,3.962
2008-06-02,44009,Washington,24.0564,10.6774,55.8902,2.8781
2008-06-03,44009,Washington,25.9071,12.4092,55.8806,3.292
2008-06-04,44009,Washington,19.4319,13.4762,73.9466,2.1505
2008-06-05,44009,Washington,22.9452,13.3549,67.7011,2.2715
2008-06-06,44009,Washington,19.3446,12.7663,70.8931,2.5936
2008-06-07,44009,Washington,28.3957,12.6342,74.7117,3.5786
2008-06-08,44009,Washington,30.3186,20.2194,66.7152,3.5829
2008-06-09,44009,Washington,31.9549,20.4156,62.1684,2.8399
2008-06-10,44009,Washington,31.5898,20.3899,63.6068,2.2055
2008-06-11,44009,Washington,27.7145,18.1292,57.9224,3.1697
2008-06-12,44009,Washington,25.5992,15.3483,50.471,2.5631
2008-06-13,44009,Washington,25.0111,13.5214,50.4684,1.7493
2008-06-14,44009,Washington,27.5681,13.9086,65.4284,1.5227
2008-06-15,44009,Washington,22.3553,13.6126,72.3434,2.1005
2008-06-16,44009,Washington,24.9961,12.8224,72.6433,3.2451
2008-06-17,44009,Washington,24.9294,15.4278,64.1696,3.4892
2008-06-18,44009,Washington,22.9158,11.4123,61.9005,3.0604
2008-06-19,44009,Washington,23.4743,13.2197,62.4077,2.1883
2008-06-20,44009,Washington,23.7087,12.488,64.6529,2.7149
2008-06-21,44009,Washington,25.6849,15.8981,63.2074,2.6086
2008-06-22,44009,Washington,26.4581,14.856,68.8888,2.8341
2008-06-23,44009,Washington,25.2625,16.1341,72.6206,2.8294
2008-06-24,44009,Washington,26.6947,16.0515,60.9058,3.2268
2008-06-25,44009,Washington,26.5248,14.453,58.976,3.6198
2008-06-26,44009,Washington,27.0797,15.6918,69.1862,3.3521
2008-06-27,44009,Washington,29.2741,18.843,65.5647,2.7835
2008-06-28,44009,Washington,28.745,18.3074,66.5778,2.0146
2008-06-29,44009,Washington,30.1975,18.6056,67.0753,3.3272
2008-06-30,44009,Washington,26.882,19.1501,72.0216,3.8621
2008-07-01,44009,Washington,26.7,18.3791,72.9211,2.5394
2008-07-02,44009,Washington,26.0257,17.1819,75.3761,3.2609
2008-07-03,44009,Washington,27.0994,16.2774,75.2996,4.7035
2008-07-04,44009,Washington,25.4057,18.1379,75.6315,1.4016
2008-07-05,44009,Washington,23.3225,17.6902,80.9325,1.5648
2008-07-06,44009,Washington,25.2699,17.9367,79.2279,1.5086
2008-07-07,44009,Washington,26.6363,18.1793,79.3921,2.6955
2008-07-08,44009,Washington,28.5853,19.0744,78.2273,4.5281
2008-07-09,44009,Washington,28.9225,20.9009,75.2799,4.9181
2008-07-10,44009,Washington,27.853,15.6764,63.118,4.0385
2008-07-11,44009,Washington,27.2239,13.7127,59.4043,1.4156
2008-07-12,44009,Washington,27.986,16.6354,61.2289,2.466
2008-07-13,44009,Washington,27.9243,16.6381,73.394,3.8917
2008-07-14,44009,Washington,28.0339,18.4941,69.8464,3.3457
2008-07-15,44009,Washington,29.7237,16.048,53.4499,1.5347
2008-07-16,44009,Washington,30.6848,16.6249,51.6065,1.3368
2008-07-17,44009,Washington,32.1834,16.6302,53.4457,2.4134
2008-07-18,44009,Washington,32.6252,18.2134,56.6514,3.0727
2008-07-19,44009,Washington,33.9671,20.1534,56.4471,4.4248
2008-07-20,44009,Washington,32.5862,21.2005,65.582,5.0199
2008-07-21,44009,Washington,30.6269,21.7611,70.3075,3.4384
2008-07-22,44009,Washington,30.0634,20.1297,64.8697,2.659
2008-07-23,44009,Washington,27.8885,19.1705,75.7381,3.3591
2008-07-24,44009,Washington,25.6267,20.6064,78.0149,5.4711
2008-07-25,44009,Washington,27.1048,18.703,69.0787,2.4222
2008-07-26,44009,Washington,27.1544,16.894,72.3134,3.1265
2008-07-27,44009,Washington,25.5051,19.0459,80.6531,3.3617
2008-07-28,44009,Washington,26.8746,18.3727,72.3635,2.5857
2008-07-29,44009,Washington,28.2041,18.485,68.4776,3.2333
2008-07-30,44009,Washington,28.0024,17.9034,70.8291,1.937
2008-07-31,44009,Washington,29.0189,18.3489,78.582,1.7493
2008-08-01,44009,Washington,28.4684,17.4379,71.4844,2.2223
2008-08-02,44009,Washington,27.7961,18.0345,72.1538,2.1269
2008-08-03,44009,Washington,26.7225,17.1362,67.7861,3.1492
2008-08-04,44009,Washington,27.2853,15.1831,66.7827,3.0699
2008-08-05,44009,Washington,24.7527,16.091,73.4195,2.1738
2008-08-06,44009,Washington,23.431,16.0387,81.1901,2.3561
2008-08-07,44009,Washington,25.7156,14.3526,76.2267,2.1817
2008-08-08,44009,Washington,25.1648,15.7374,68.8449,1.9637
2008-08-09,44009,Washington,24.9729,13.7608,68.4151,2.2479
2008-08-10,44009,Washington,25.5565,16.2224,66.7677,2.0097
2008-08-11,44009,Washington,23.1614,15.4234,73.1606,2.5874
2008-08-12,44009,Washington,23.2066,13.217,71.4171,3.1663
2008-08-13,44009,Washington,25.7032,14.1476,67.8424,2.5981
2008-08-14,44009,Washington,25.6117,15.8269,74.4037,1.5459
2008-08-15,44009,Washington,25.2081,16.2209,75.1748,2.3555
2008-08-16,44009,Washington,25.842,15.8697,66.7568,2.9665
2008-08-17,44009,Washington,27.2563,13.9942,66.57,3.8726
2008-08-18,44009,Washington,28.1946,16.0871,69.5214,3.8058
2008-08-19,44009,Washington,27.4691,13.2767,67.2633,3.9211
2008-08-20,44009,Washington,22.1417,9.1116,60.1101,2.9317
2008-08-21,44009,Washington,24.7831,10.9089,60.2789,1.6972
2008-08-22,44009,Washington,25.8416,13.8762,63.485,1.8148
2008-08-23,44009,Washington,26.5976,14.0358,63.4098,1.5484
2008-08-24,44009,Washington,26.2702,14.0336,70.4325,1.9884
2008-08-25,44009,Washington,28.02,16.8731,71.3717,4.1345
2008-08-26,44009,Washington,22.5708,11.4636,56.0814,3.4872
2008-08-27,44009,Washington,24.4893,9.7294,54.8822,1.5089
2008-08-28,44009,Washington,26.5241,12.3822,57.8508,2.0271
2008-08-29,44009,Washington,25.7541,12.0593,67.018,1.5107
2008-08-30,44009,Washington,26.1071,16.1979,74.9067,1.8945
2008-08-31,44009,Washington,26.8377,14.0632,55.3114,3.3176
2008-09-01,44009,Washington,26.3964,11.9761,50.5399,3.5034
2008-09-02,44009,Washington,26.6083,12.9856,58.5521,2.6346
2008-09-03,44009,Washington,26.4296,14.8852,62.049,1.8024
2008-09-04,44009,Washington,29.9424,16.7963,63.3698,3.5124
2008-09-05,44009,Washington,29.3754,16.783,64.2438,3.2987
2008-09-06,44009,Washington,26.8022,18.0179,84.93,4.2446
2008-09-07,44009,Washington,25.0049,15.6414,71.3066,4.356
2008-09-08,44009,Washington,24.3444,13.6632,64.5364,2.7732
2008-09-09,44009,Washington,24.2233,14.5206,78.6842,4.0113
2008-09-10,44009,Washington,20.4119,12.8202,62.4203,2.6062
2008-09-11,44009,Washington,20.4886,12.296,63.3152,2.0506
2008-09-12,44009,Washington,20.7646,11.959,82.8685,3.4734
2008-09-13,44009,Washington,24.2396,16.7327,77.7762,1.4114
2008-09-14,44009,Washington,24.2123,16.66,85.2966,4.211
2008-09-15,44009,Washington,26.2582,15.0766,69.6833,5.7017
2008-09-16,44009,Washington,20.3437,11.9419,74.6014,1.74
2008-09-17,44009,Washington,21.0326,13.0809,69.7607,1.6485
2008-09-18,44009,Washington,21.4209,9.9664,64.3493,4.1429
2008-09-19,44009,Washington,16.1918,7.9202,66.604,4.2475
2008-09-20,44009,Washington,19.0892,7.7435,65.133,1.8439
2008-09-21,44009,Washington,22.9361,8.4268,68.9246,1.916
2008-09-22,44009,Washington,20.0384,10.8236,76.6016,3.5405
2008-09-23,44009,Washington,17.3199,7.8046,66.584,3.8888
2008-09-24,44009,Washington,18.3609,6.7865,65.6812,3.7011
2008-09-25,44009,Washington,20.0533,8.4797,70.2598,5.6249
2008-09-26,44009,Washington,20.3543,13.2507,90.9524,5.9005
2008-09-27,44009,Washington,22.5822,16.8962,84.9886,2.5126
2008-09-28,44009,Washington,23.7014,16.887,77.4005,2.1682
2008-09-29,44009,Washington,21.0711,14.0262,83.1396,1.9991
2008-09-30,44009,Washington,21.5637,11.4597,74.1969,2.1025
2008-10-01,44009,Washington,21.2209,11.5873,75.7497,2.548
2008-10-02,44009,Washington,17.9063,7.8501,65.8586,5.975
2008-10-03,44009,Washington,17.729,6.6695,58.0143,6.0419
2008-10-04,44009,Washington,17.4287,4.84,55.1144,3.7411
2008-10-05,44009,Washington,17.7379,5.7167,65.2859,1.4152
2008-10-06,44009,Washington,14.9695,3.7279,58.3452,3.5476
2008-10-07,44009,Washington,16.4103,2.6661,50.4585,3.5517
2008-10-08,44009,Washington,18.9953,3.29,60.4122,3.182
2008-10-09,44009,Washington,22.0797,10.0402,74.0282,4.9173
2008-10-10,44009,Washington,21.0987,8.7557,53.4665,2.9469
2008-10-11,44009,Washington,19.443,6.251,54.4196,1.9008
2008-10-12,44009,Washington,19.0562,6.7858,57.634,2.0014
2008-10-13,44009,Washington,20.8737,8.6416,62.8615,2.8657
2008-10-14,44009,Washington,18.4441,9.4131,71.4515,3.3938
2008-10-15,44009,Washington,20.9371,9.8462,67.2411,1.5947
2008-10-16,44009,Washington,21.3788,8.7033,74.6293,4.004
2008-10-17,44009,Washington,15.4026,5.4827,56.7999,3.5554
2008-10-18,44009,Washington,13.1852,3.1072,57.4361,4.9893
2008-10-19,44009,Washington,12.5785,1.6424,57.9942,6.4272
2008-10-20,44009,Washington,13.5651,0.801,56.3347,3.9296
2008-10-21,44009,Washington,16.5485,2.5255,57.7604,4.5165
2008-10-22,44009,Washington,10.6942,2.7375,66.0768,5.9672
2008-10-23,44009,Washington,10.1267,-1.2424,54.3908,3.914
2008-10-24,44009,Washington,14.3088,-1.7736,53.2851,2.8134
2008-10-25,44009,Washington,18.6951,4.215,80.3077,5.7769
2008-10-26,44009,Washington,18.7291,6.571,70.3802,3.6268
2008-10-27,44009,Washington,17.8912,5.1597,65.6036,1.7597
2008-10-28,44009,Washington,14.6797,3.6404,70.482,6.1041
2008-10-29,44009,Washington,8.1778,0.2023,56.9569,7.9572
2008-10-30,44009,Washington,8.6396,-1.0227,50.6711,4.8911
2008-10-31,44009,Washington,13.5621,-1.8149,62.8622,4.5545
2008-11-01,44009,Washington,16.0914,4.8233,48.6875,3.0353
2008-11-02,44009,Washington,8.2757,-1.513,45.8596,3.6551
2008-11-03,44009,Washington,11.7847,-1.933,73.2659,2.0001
2008-11-04,44009,Washington,16.4171,5.6087,64.6459,1.4791
2008-11-05,44009,Washington,18.876,8.1879,65.62,3.8819
2008-11-06,44009,Washington,18.5151,10.5151,68.1108,5.0179
2008-11-07,44009,Washington,18.4999,9.7991,70.7752,1.4077
2008-11-08,44009,Washington,17.4588,10.5911,70.8612,2.884
2008-11-09,44009,Washington,14.1188,4.4588,59.1757,4.647
2008-11-10,44009,Washington,11.1115,2.206,49.2655,5.2384
2008-11-11,44009,Washington,9.1881,-0.9796,50.5997,4.5398
2008-11-12,44009,Washington,8.0817,-0.607,52.3064,1.8989
2008-11-13,44009,Washington,12.617,0.9342,71.5424,3.524
2008-11-14,44009,Washington,17.0704,8.8669,72.9349,1.9562
2008-11-15,44009,Washington,18.7202,10.5108,72.7217,4.9111
2008-11-16,44009,Washington,15.5805,2.5589,56.3661,7.2666
2008-11-17,44009,Washington,8.3165,0.0489,47.8659,5.0616
2008-11-18,44009,Washington,5.3656,-3.9883,48.8956,5.0349
2008-11-19,44009,Washington,1.0667,-5.367,43.3359,5.9744
2008-11-20,44009,Washington,1.9688,-5.551,43.599,5.3406
2008-11-21,44009,Washington,1.2356,-6.1115,41.126,5.0844
2008-11-22,44009,Washington,-0.8192,-7.0519,39.2115,8.0177
2008-11-23,44009,Washington,1.3454,-7.5643,46.6759,6.0826
2008-11-24,44009,Washington,7.0611,-4.3411,57.8676,3.5957
2008-11-25,44009,Washington,12.4645,1.4079,71.4001,4.9698
2008-11-26,44009,Washington,7.3504,-0.9063,58.284,3.8895
2008-11-27,44009,Washington,6.7786,-1.1821,53.7123,3.9108
2008-11-28,44009,Washington,9.9607,-1.67,53.7706,4.5201
2008-11-29,44009,Washington,6.7487,-1.7959,49.7678,3.4334
2008-11-30,44009,Washington,9.8233,-2.1806,62.5079,4.4814
2008-12-01,44009,Washington,14.1849,4.7502,72.461,6.2786
2008-12-02,44009,Washington,8.0502,0.8808,53.7417,5.0715
2008-12-03,44009,Washington,5.7384,-1.5866,56.0086,4.0265
2008-12-04,44009,Washington,10.6436,0.4818,65.268,5.3556
2008-12-05,44009,Washington,6.8454,-2.5973,45.8885,3.116
2008-12-06,44009,Washington,4.2427,-4.5577,55.0546,1.9861
2008-12-07,44009,Washington,2.8325,-6.0016,70.5972,5.642
2008-12-08,44009,Washington,-3.7104,-10.5188,50.3546,5.1913
2008-12-09,44009,Washington,9.5805,-9.6226,72.0209,5.2162
2008-12-10,44009,Washington,14.6081,6.9562,76.0761,6.995
2008-12-11,44009,Washington,10.2274,1.4713,66.7878,5.7719
2008-12-12,44009,Washington,14.273,-2.5676,71.6152,7.2096
2008-12-13,44009,Washington,0.4425,-5.1184,45.4079,4.7633
2008-12-14,44009,Washington,5.4497,-5.3108,66.255,3.867
2008-12-15,44009,Washington,12.6878,1.5756,80.5535,6.4767
2008-12-16,44009,Washington,12.4218,-2.4737,52.93,4.5647
2008-12-17,44009,Washington,5.1117,-2.4253,74.4159,3.9781
2008-12-18,44009,Washington,4.1296,-3.0905,60.1902,2.8279
2008-12-19,44009,Washington,2.834,-3.4072,67.2107,5.971
2008-12-20,44009,Washington,0.6799,-6.0595,65.4745,6.4118
2008-12-21,44009,Washington,3.8578,-4.5659,74.5105,7.6897
2008-12-22,44009,Washington,-1.4373,-10.462,55.1473,9.1242
2008-12-23,44009,Washington,0.8909,-11.1057,60.1468,4.3539
2008-12-24,44009,Washington,9.9946,-1.6735,71.2586,7.8673
2008-12-25,44009,Washington,10.3642,-2.529,55.1824,6.3524
2008-12-26,44009,Washington,2.7243,-4.6637,61.9874,2.0952
2008-12-27,44009,Washington,6.6357,-0.1316,73.3436,3.9778
2008-12-28,44009,Washington,14.5439,3.6834,37.4137,6.3453
2008-12-29,44009,Washington,7.9285,-1.4518,54.3757,4.5552
2008-12-30,44009,Washington,4.0774,-3.3018,49.5149,7.0302
2008-12-31,44009,Washington,1.6248,-12.5565,74.09,6.0681
2009-01-01,44009,Washington,-6.3251,-14.0289,53.7937,7.6086
2009-01-02,44009,Washington,2.9903,-12.1532,63.4662,5.0138
2009-01-03,44009,Washington,1.3524,-6.5347,53.7227,7.218
2009-01-04,44009,Washington,1.3169,-7.7897,54.6195,4.5632
2009-01-05,44009,Washington,4.6955,-3.6225,57.1071,4.3057
2009-01-06,44009,Washington,1.2567,-4.858,48.2583,2.4784
2009-01-07,44009,Washington,6.1167,-6.2356,69.8406,5.5431
2009-01-08,44009,Washington,3.9784,-4.8965,55.1092,8.883
2009-01-09,44009,Washington,-1.2586,-8.6439,47.3209,7.189
2009-01-10,44009,Washington,-0.811,-10.9644,53.691,3.4888
2009-01-11,44009,Washington,1.6227,-6.9791,62.1976,3.8681
2009-01-12,44009,Washington,-2.1091,-9.0433,58.3925,3.2934
2009-01-13,44009,Washington,3.5211,-8.79,67.2456,2.6163
2009-01-14,44009,Washington,2.9853,-10.4838,40.0894,5.6213
2009-01-15,44009,Washington,-6.3148,-13.9298,51.1133,4.8918
2009-01-16,44009,Washington,-7.11,-14.8649,48.3667,4.7239
2009-01-17,44009,Washington,-4.6101,-14.7935,51.7316,3.2018
2009-01-18,44009,Washington,2.8472,-7.9441,74.5301,2.4397
2009-01-19,44009,Washington,2.5044,-3.8069,63.0078,1.5026
2009-01-20,44009,Washington,0.0565,-7.3297,59.6405,3.3732
2009-01-21,44009,Washington,-2.9495,-10.2971,56.2828,4.6007
2009-01-22,44009,Washington,0.7729,-9.378,58.2663,6.0202
2009-01-23,44009,Washington,3.3139,-6.4247,62.7554,3.2348
2009-01-24,44009,Washington,2.9199,-12.3608,53.5947,6.2148
2009-01-25,44009,Washington,-3.0575,-14.7604,52.2225,4.0638
2009-01-26,44009,Washington,-2.7778,-11.4865,49.2251,2.3657
2009-01-27,44009,Washington,-2.6085,-8.1859,51.4511,2.9013
2009-01-28,44009,Washington,6.2201,-7.0841,63.1911,6.3472
2009-01-29,44009,Washington,3.3225,-4.7539,48.0813,5.1761
2009-01-30,44009,Washington,2.432,-6.2252,51.8839,3.765
2009-01-31,44009,Washington,2.1978,-6.8868,37.9588,6.3666
2009-02-01,44009,Washington,8.2381,-6.7929,53.7446,4.7929
2009-02-02,44009,Washington,9.7925,-0.7471,56.8017,1.8004
2009-02-03,44009,Washington,4.7843,-5.4763,61.352,6.1096
2009-02-04,44009,Washington,-0.0616,-9.1027,51.1646,4.3954
2009-02-05,44009,Washington,-4.0988,-12.2185,48.3336,6.1876
2009-02-06,44009,Washington,0.0036,-12.7889,53.632,3.902
2009-02-07,44009,Washington,6.3247,-7.1148,60.1593,4.7834
2009-02-08,44009,Washington,12.4826,-1.2128,45.285,6.0688
2009-02-09,44009,Washington,5.477,-4.3394,40.7102,4.2351
2009-02-10,44009,Washington,7.278,-3.8014,57.6266,2.4472
2009-02-11,44009,Washington,11.8089,0.2433,59.1588,3.2119
2009-02-12,44009,Washington,13.2213,1.7267,55.2071,9.0928
2009-02-13,44009,Washington,6.389,-5.2241,42.0593,6.7725
2009-02-14,44009,Washington,5.7438,-5.7878,41.9635,5.111
2009-02-15,44009,Washington,4.1451,-6.4898,47.2961,4.0887
2009-02-16,44009,Washington,3.5271,-6.0434,53.8216,3.3148
2009-02-17,44009,Washington,4.431,-4.0042,42.7385,2.6909
2009-02-18,44009,Washington,6.0112,-3.9442,57.2251,4.1234
2009-02-19,44009,Washington,9.9833,-0.4157,56.2866,4.869
2009-02-20,44009,Washington,3.2173,-5.3726,33.9653,8.8199
2009-02-21,44009,Washington,5.259,-4.6528,43.5142,5.3342
2009-02-22,44009,Washington,8.8703,-3.4552,60.8495,4.9209
2009-02-23,44009,Washington,3.0433,-6.3227,47.2367,8.3943
2009-02-24,44009,Washington,2.9951,-7.2279,43.568,5.4939
2009-02-25,44009,Washington,2.9969,-6.7485,46.5508,2.0628
2009-02-26,44009,Washington,6.5466,-4.0061,60.5671,3.0152
2009-02-27,44009,Washington,12.5533,0.207,65.0865,5.7727
2009-02-28,44009,Washington,9.7715,-3.4621,56.0676,4.6267
2009-03-01,44009,Washington,0.9473,-4.1954,66.2536,6.9513
2009-03-02,44009,Washington,-0.2984,-8.9994,68.0134,6.8547
2009-03-03,44009,Washington,-3.0308,-12.1938,53.4095,4.8088
2009-03-04,44009,Washington,0.6428,-13.9277,52.4351,4.2061
2009-03-05,44009,Washington,3.5366,-8.6349,56.9657,3.2769
2009-03-06,44009,Washington,8.057,-0.8466,65.0954,5.2424
2009-03-07,44009,Washington,16.0023,1.342,49.7298,2.7606
2009-03-08,44009,Washington,16.0065,3.8287,55.8188,3.6048
2009-03-09,44009,Washington,7.3916,-1.0281,67.5144,5.09
2009-03-10,44009,Washington,7.6948,-2.1826,57.1305,2.2093
2009-03-11,44009,Washington,10.578,0.5002,66.9,5.2658
2009-03-12,44009,Washington,7.7593,-3.4572,35.0259,4.6306
2009-03-13,44009,Washington,2.589,-4.8478,43.2757,2.2145
2009-03-14,44009,Washington,8.0137,-4.3137,50.8698,2.5222
2009-03-15,44009,Washington,11.9659,-0.3756,47.7062,1.8483
2009-03-16,44009,Washington,10.3369,-0.5259,52.1141,3.3995
2009-03-17,44009,Washington,10.1201,-1.4182,50.2321,2.2943
2009-03-18,44009,Washington,11.6701,-0.8616,58.7174,4.8179
2009-03-19,44009,Washington,11.6846,1.8826,58.8396,2.6858
2009-03-20,44009,Washington,7.4385,-2.1041,41.9603,3.3675
2009-03-21,44009,Washington,7.554,-3.1797,36.2916,2.5171
2009-03-22,44009,Washington,8.4506,-1.4753,47.9679,4.5998
2009-03-23,44009,Washington,3.2083,-5.5078,30.299,5.7789
2009-03-24,44009,Washington,7.2349,-5.6911,40.0338,5.6861
2009-03-25,44009,Washington,10.7129,-3.2804,40.5842,2.3252
2009-03-26,44009,Washington,10.3299,-0.851,55.572,2.6263
2009-03-27,44009,Washington,16.1415,3.0041,53.1102,1.8393
2009-03-28,44009,Washington,13.5127,2.7282,59.9945,3.3226
2009-03-29,44009,Washington,14.7847,4.1492,69.1688,3.4642
2009-03-30,44009,Washington,10.7747,2.8345,62.8781,6.3122
2009-03-31,44009,Washington,11.7093,2.1587,51.8698,2.5904
2009-04-01,44009,Washington,9.1826,0.7338,64.0409,3.6587
2009-04-02,44009,Washington,14.8221,4.9041,67.2862,1.9463
2009-04-03,44009,Washington,15.4757,7.7213,67.5024,5.3076
2009-04-04,44009,Washington,11.6474,3.9918,55.2382,7.8412
2009-04-05,44009,Washington,14.554,2.6402,46.3215,4.7627
2009-04-06,44009,Washington,13.1144,3.7357,66.9888,4.35
2009-04-07,44009,Washington,11.1511,2.5006,57.973,5.8099
2009-04-08,44009,Washington,8.5761,0.613,49.4366,5.7864
2009-04-09,44009,Washington,14.5785,1.637,45.3347,3.6652
2009-04-10,44009,Washington,17.1121,4.3977,45.4119,2.4463
2009-04-11,44009,Washington,10.0925,4.0975,68.1806,5.3442
2009-04-12,44009,Washington,8.2203,-0.3529,39.2704,6.308
2009-04-13,44009,Washington,11.9256,-1.4831,39.0706,4.4063
2009-04-14,44009,Washington,13.2284,2.4319,45.6429,2.902
2009-04-15,44009,Washington,11.3126,1.04,45.2951,6.3432
2009-04-16,44009,Washington,13.0777,-0.2865,40.6944,3.1703
2009-04-17,44009,Washington,17.4763,0.3942,41.8958,3.8587
2009-04-18,44009,Washington,18.1152,5.7914,42.2871,2.7028
2009-04-19,44009,Washington,15.0377,2.795,49.8561,3.4626
2009-04-20,44009,Washington,12.5337,0.9899,61.8667,7.0028
2009-04-21,44009,Washington,18.0651,7.9259,63.8019,4.248
2009-04-22,44009,Washington,16.7063,7.2493,60.4981,3.5716
2009-04-23,44009,Washington,13.7958,5.0692,50.0412,6.5202
2009-04-24,44009,Washington,16.9844,3.2988,48.4339,3.6398
2009-04-25,44009,Washington,22.0044,5.8913,61.3367,3.6885
2009-04-26,44009,Washington,27.4012,12.7852,46.8213,2.5949
2009-04-27,44009,Washington,23.6529,10.1825,52.9816,2.7424
2009-04-28,44009,Washington,26.3314,10.1478,51.6979,4.6949
2009-04-29,44009,Washington,18.2794,4.6113,42.4136,3.5426
2009-04-30,44009,Washington,16.43,3.0871,49.8565,2.873
2009-05-01,44009,Washington,20.1192,8.8714,68.4998,5.3993
2009-05-02,44009,Washington,19.1121,10.6473,61.5683,2.7164
2009-05-03,44009,Washington,15.0721,8.7757,63.9042,1.6006
2009-05-04,44009,Washington,14.9442,8.0992,70.0233,2.6483
2009-05-05,44009,Washington,14.0905,9.0349,69.5204,3.6832
2009-05-06,44009,Washington,16.6599,8.9309,72.7812,1.8258
2009-05-07,44009,Washington,19.2499,10.3006,73.9581,4.048
2009-05-08,44009,Washington,21.3421,11.494,62.837,2.9495
2009-05-09,44009,Washington,21.197,11.4882,70.835,3.5499
2009-05-10,44009,Washington,18.6047,8.7638,54.5355,6.9017
2009-05-11,44009,Washington,14.9638,6.7172,53.1725,2.9635
2009-05-12,44009,Washington,17.7595,7.3511,53.6214,1.3609
2009-05-13,44009,Washington,19.3672,7.2406,52.4756,2.4366
2009-05-14,44009,Washington,17.0039,6.758,74.5597,5.3851
2009-05-15,44009,Washington,22.9718,11.6183,63.7078,2.5783
2009-05-16,44009,Washington,20.0014,10.8086,72.3035,2.9094
2009-05-17,44009,Washington,19.6131,10.0904,68.1951,3.4117
2009-05-18,44009,Washington,13.9878,7.5272,56.1334,1.9926
2009-05-19,44009,Washington,16.9529,5.3682,52.3284,2.626
2009-05-20,44009,Washington,23.6249,6.8152,51.1097,3.6495
2009-05-21,44009,Washington,23.0009,10.2792,55.0358,4.8786
2009-05-22,44009,Washington,25.5118,11.5226,58.6613,3.6219
2009-05-23,44009,Washington,20.5782,11.2459,61.8085,2.9595
2009-05-24,44009,Washington,22.4787,10.4222,72.7381,2.8638
2009-05-25,44009,Washington,23.3477,11.5753,52.6824,2.7608
2009-05-26,44009,Washington,16.1172,7.3552,54.2598,3.5092
2009-05-27,44009,Washington,16.3814,8.1654,72.725,2.9996
2009-05-28,44009,Washington,17.0139,11.3998,71.2385,4.0059
2009-05-29,44009,Washington,19.9093,11.0195,73.4489,1.9293
2009-05-30,44009,Washington,22.9253,12.8243,61.3902,3.1687
2009-05-31,44009,Washington,22.5657,9.7083,55.1789,4.348
2009-06-01,44009,Washington,18.4493,4.1153,58.0047,3.7698
2009-06-02,44009,Washington,24.4221,10.792,68.193,2.3574
2009-06-03,44009,Washington,21.9782,12.9845,62.1826,1.2249
2009-06-04,44009,Washington,20.6002,11.6023,66.9984,1.3337
2009-06-05,44009,Washington,17.4684,11.0814,76.8886,3.9201
2009-06-06,44009,Washington,22.0237,12.0027,68.0229,2.7905
2009-06-07,44009,Washington,23.4136,12.2734,64.0831,2.5517
2009-06-08,44009,Washington,21.0015,13.5251,65.4676,1.8601
2009-06-09,44009,Washington,17.1497,12.3447,75.6008,3.4517
2009-06-10,44009,Washington,22.6041,11.9917,74.5404,2.5338
2009-06-11,44009,Washington,21.2999,13.352,77.1199,3.1598
2009-06-12,44009,Washington,23.6284,14.796,77.6746,2.3672
2009-06-13,44009,Washington,24.0692,14.4974,71.5795,2.1164
2009-06-14,44009,Washington,18.9498,12.7488,74.4398,2.1718
2009-06-15,44009,Washington,19.7177,11.713,71.0755,1.9997
2009-06-16,44009,Washington,20.251,10.1605,67.2141,2.1849
2009-06-17,44009,Washington,20.259,9.0485,64.443,1.7025
2009-06-18,44009,Washington,19.7877,10.707,82.9214,4.5183
2009-06-19,44009,Washington,23.0698,15.7961,77.2937,2.3925
2009-06-20,44009,Washington,23.7035,16.1949,71.6816,1.8514
2009-06-21,44009,Washington,22.4662,15.8339,75.7654,3.8318
2009-06-22,44009,Washington,20.033,14.6815,77.6306,5.2897
2009-06-23,44009,Washington,20.7801,14.7551,77.7452,2.9541
2009-06-24,44009,Washington,21.4229,15.6738,76.6665,1.4972
2009-06-25,44009,Washington,23.3303,15.7294,76.0292,1.9383
2009-06-26,44009,Washington,24.3293,16.6481,75.933,2.6931
2009-06-27,44009,Washington,25.7537,16.3608,69.734,1.2189
2009-06-28,44009,Washington,23.472,16.4571,75.2748,1.9691
2009-06-29,44009,Washington,24.99,16.4361,72.9642,2.5991
2009-06-30,44009,Washington,25.4213,16.6842,70.4597,2.7606
2009-07-01,44009,Washington,23.1012,15.5102,81.8297,2.5951
2009-07-02,44009,Washington,24.3338,15.4131,83.3037,3.0743
2009-07-03,44009,Washington,24.5853,16.4566,73.5728,3.128
2009-07-04,44009,Washington,25.1922,15.3663,65.4723,4.4481
2009-07-05,44009,Washington,24.7119,12.7179,62.7802,3.627
2009-07-06,44009,Washington,25.3868,13.8261,64.667,1.4927
2009-07-07,44009,Washington,22.5272,15.3372,75.594,1.9553
2009-07-08,44009,Washington,23.8876,14.7656,71.8727,1.3182
2009-07-09,44009,Washington,21.0462,12.1656,72.2512,2.9833
2009-07-10,44009,Washington,23.4577,10.7585,63.4753,1.6051
2009-07-11,44009,Washington,23.7781,11.8544,70.6341,3.7873
2009-07-12,44009,Washington,26.1399,14.5526,64.9765,3.3192
2009-07-13,44009,Washington,23.6805,12.4367,62.5077,3.3704
2009-07-14,44009,Washington,23.9809,13.3595,57.2662,2.9372
2009-07-15,44009,Washington,24.9597,12.5647,61.2311,3.2393
2009-07-16,44009,Washington,26.1459,14.6607,78.8891,3.5999
2009-07-17,44009,Washington,28.2144,17.7565,71.4287,2.1557
2009-07-18,44009,Washington,28.1054,17.8904,71.2984,3.3731
2009-07-19,44009,Washington,26.0151,15.7404,61.9004,3.3888
2009-07-20,44009,Washington,26.6577,15.0157,65.7556,1.725
2009-07-21,44009,Washington,24.2675,17.0276,82.3459,2.8843
2009-07-22,44009,Washington,26.9303,17.9089,72.8058,2.4167
2009-07-23,44009,Washington,26.4114,17.2498,71.8619,4.1885
2009-07-24,44009,Washington,23.9844,16.8891,74.6985,2.5868
2009-07-25,44009,Washington,26.5853,17.1841,69.1219,2.8902
2009-07-26,44009,Washington,27.3988,17.2026,78.9343,3.3354
2009-07-27,44009,Washington,26.3544,19.5684,77.1396,3.4962
2009-07-28,44009,Washington,28.2367,19.9904,71.9242,2.5665
2009-07-29,44009,Washington,28.3928,20.0826,76.0592,3.4653
2009-07-30,44009,Washington,28.8336,20.2481,71.5341,3.6682
2009-07-31,44009,Washington,26.4104,18.6843,81.9702,3.3593
2009-08-01,44009,Washington,27.1249,17.0189,71.2572,2.2093
2009-08-02,44009,Washington,26.6814,16.5058,81.7795,3.0508
2009-08-03,44009,Washington,28.4801,18.4978,69.7226,1.72
2009-08-04,44009,Washington,27.9102,17.6084,73.7336,2.9434
2009-08-05,44009,Washington,29.0466,18.7526,78.4324,2.9885
2009-08-06,44009,Washington,24.4157,15.7878,68.4441,2.2452
2009-08-07,44009,Washington,25.7187,14.0801,57.8576,3.7298
2009-08-08,44009,Washington,24.4357,12.7689,55.7415,1.735
2009-08-09,44009,Washington,22.3852,13.8794,83.5759,2.447
2009-08-10,44009,Washington,30.2866,17.8093,74.6138,3.1647
2009-08-11,44009,Washington,30.019,21.8249,68.9323,1.7308
2009-08-12,44009,Washington,25.701,18.1358,78.1805,3.1229
2009-08-13,44009,Washington,22.0522,17.1138,82.3731,3.9102
2009-08-14,44009,Washington,27.4873,15.4667,68.9366,1.61
2009-08-15,44009,Washington,30.0658,16.3456,68.5323,2.7646
2009-08-16,44009,Washington,30.7102,18.9631,67.1358,2.7355
2009-08-17,44009,Washington,30.9464,18.9728,68.534,3.0615
2009-08-18,44009,Washington,31.2143,19.7355,65.5365,3.7815
2009-08-19,44009,Washington,30.6685,20.7229,69.0873,3.205
2009-08-20,44009,Washington,29.02,20.6242,75.0581,2.0632
2009-08-21,44009,Washington,28.7613,20.9486,79.9821,3.9895
2009-08-22,44009,Washington,29.6872,21.8719,74.7857,2.8268
2009-08-23,44009,Washington,28.859,20.7528,73.8345,2.7117
2009-08-24,44009,Washington,29.9214,20.3488,67.1216,2.2107
2009-08-25,44009,Washington,28.3502,18.9913,68.4222,2.1824
2009-08-26,44009,Washington,29.9852,18.9301,67.0047,4.0551
2009-08-27,44009,Washington,24.6893,15.6382,55.6796,2.0781
2009-08-28,44009,Washington,24.4406,13.6127,64.2041,3.113
2009-08-29,44009,Washington,24.2902,16.8365,83.1203,2.9428
2009-08-30,44009,Washington,25.9228,15.9695,76.2922,2.327
2009-08-31,44009,Washington,22.1242,13.6993,66.7166,2.9611
2009-09-01,44009,Washington,21.4006,12.0044,59.0248,2.5329
2009-09-02,44009,Washington,22.5491,12.1298,59.5437,1.7202
2009-09-03,44009,Washington,23.7774,10.2719,65.2135,1.3627
2009-09-04,44009,Washington,26.7843,11.3777,64.5222,2.0021
2009-09-05,44009,Washington,26.6015,14.7152,66.8465,1.1468
2009-09-06,44009,Washington,21.3276,10.5257,69.0484,4.3872
2009-09-07,44009,Washington,21.6027,8.6365,69.6507,1.7419
2009-09-08,44009,Washington,24.6009,11.1027,72.2439,1.1623
2009-09-09,44009,Washington,24.4514,11.2427,67.9681,4.6158
2009-09-10,44009,Washington,20.284,10.2654,65.7267,6.2413
2009-09-11,44009,Washington,19.8164,10.8285,88.4247,7.1279
2009-09-12,44009,Washington,23.0173,14.9453,81.1137,2.983
2009-09-13,44009,Washington,24.2789,14.6955,75.2861,2.3786
2009-09-14,44009,Washington,23.5135,11.9644,66.0584,2.8717
2009-09-15,44009,Washington,25.9909,13.2026,63.334,2.6653
2009-09-16,44009,Washington,18.724,10.5678,77.4508,5.4819
2009-09-17,44009,Washington,19.3364,9.0541,66.6474,3.1582
2009-09-18,44009,Washington,22.0683,9.7471,68.878,5.2744
2009-09-19,44009,Washington,18.5653,8.0509,51.636,3.2849
2009-09-20,44009,Washington,20.7453,7.1054,58.7,2.3838
2009-09-21,44009,Washington,22.6184,7.891,66.5962,2.4599
2009-09-22,44009,Washington,25.1732,9.6704,76.5502,2.7388
2009-09-23,44009,Washington,25.0871,15.7,79.4061,4.2093
2009-09-24,44009,Washington,26.889,15.9674,67.5026,2.6922
2009-09-25,44009,Washington,19.5121,5.5674,56.4967,4.7214
2009-09-26,44009,Washington,18.0258,3.9852,65.1299,3.1477
2009-09-27,44009,Washington,21.0216,10.9788,93.5376,5.0026
2009-09-28,44009,Washington,22.6408,13.3025,75.3107,4.7858
2009-09-29,44009,Washington,20.2437,11.8282,65.3162,5.7716
2009-09-30,44009,Washington,16.7872,7.2743,67.2583,4.5575
2009-10-01,44009,Washington,14.6581,5.6385,60.371,3.6262
2009-10-02,44009,Washington,16.7782,6.1593,64.6256,3.4763
2009-10-03,44009,Washington,21.3133,12.649,81.9869,2.9771
2009-10-04,44009,Washington,21.9568,11.8163,69.335,2.0797
2009-10-05,44009,Washington,19.2515,9.3689,59.6629,4.8381
2009-10-06,44009,Washington,19.0155,7.3164,60.3904,3.9046
2009-10-07,44009,Washington,20.9813,8.6378,64.4944,7.9634
2009-10-08,44009,Washington,17.3904,6.9491,56.4035,4.5529
2009-10-09,44009,Washington,19.0399,7.586,82.2439,3.2359
2009-10-10,44009,Washington,20.1631,5.8379,73.5519,3.7194
2009-10-11,44009,Washington,17.2436,3.3422,52.4937,4.0156
2009-10-12,44009,Washington,12.2848,2.0424,52.8974,2.0924
2009-10-13,44009,Washington,15.8117,3.3729,67.4553,4.9296
2009-10-14,44009,Washington,11.5579,0.4905,53.88,3.2789
2009-10-15,44009,Washington,9.2943,1.6436,68.9511,5.3666
2009-10-16,44009,Washington,7.8738,2.9563,74.8486,6.3006
2009-10-17,44009,Washington,10.9374,2.9291,73.6194,5.5747
2009-10-18,44009,Washington,9.8874,2.3404,80.8509,7.6531
2009-10-19,44009,Washington,12.6891,0.8849,56.9869,3.0293
2009-10-20,44009,Washington,16.3335,1.1631,66.0507,3.2582
2009-10-21,44009,Washington,17.9872,7.4805,64.9977,1.6497
2009-10-22,44009,Washington,19.7765,9.6082,67.5914,4.0744
2009-10-23,44009,Washington,15.1536,5.4916,60.4838,5.5785
2009-10-24,44009,Washington,20.1015,6.4821,88.9449,6.2962
2009-10-25,44009,Washington,18.4423,6.1696,66.5462,3.8109
2009-10-26,44009,Washington,14.4166,3.3602,57.227,2.1101
2009-10-27,44009,Washington,14.7096,4.2557,81.7546,3.7046
2009-10-28,44009,Washington,13.6391,7.0181,81.366,7.1413
2009-10-29,44009,Washington,12.1803,5.7325,69.4508,3.9115
2009-10-30,44009,Washington,13.5189,5.4095,69.0176,2.3516
2009-10-31,44009,Washington,19.2071,7.72,85.8578,5.943
2009-11-01,44009,Washington,16.4599,6.7526,65.0239,3.6938
2009-11-02,44009,Washington,10.7537,5.2535,71.4627,4.6175
2009-11-03,44009,Washington,13.2752,3.7449,68.0354,3.7496
2009-11-04,44009,Washington,9.6965,2.0181,53.4999,2.5424
2009-11-05,44009,Washington,10.1274,4.1032,64.9942,1.08
2009-11-06,44009,Washington,8.9748,2.16,59.2316,4.5737
2009-11-07,44009,Washington,8.913,-0.6558,64.3702,3.533
2009-11-08,44009,Washington,16.6722,5.198,62.6837,2.8868
2009-11-09,44009,Washington,16.8415,6.1515,65.3143,3.1045
2009-11-10,44009,Washington,18.828,9.007,63.8989,2.5001
2009-11-11,44009,Washington,12.1196,4.3467,65.7163,5.5412
2009-11-12,44009,Washington,10.5345,4.3744,73.0011,7.7418
2009-11-13,44009,Washington,12.6501,6.017,81.3833,8.9426
2009-11-14,44009,Washington,14.5071,9.9679,85.0424,5.5647
2009-11-15,44009,Washington,18.7397,12.2605,81.9207,1.444
2009-11-16,44009,Washington,15.4986,4.9909,65.2639,3.7115
2009-11-17,44009,Washington,10.3464,1.6395,57.1707,3.6884
2009-11-18,44009,Washington,10.3056,1.0566,72.0609,2.2515
2009-11-19,44009,Washington,14.7036,3.4514,81.2545,2.745
2009-11-20,44009,Washington,16.5887,6.1538,78.4228,4.6156
2009-11-21,44009,Washington,13.0661,3.8881,64.8585,2.8428
2009-11-22,44009,Washington,11.6226,2.3957,68.6409,4.0686
2009-11-23,44009,Washington,10.4128,3.1924,83.3162,5.8476
2009-11-24,44009,Washington,12.3498,6.1835,78.2787,4.7207
2009-11-25,44009,Washington,13.2899,5.8337,79.4778,2.2898
2009-11-26,44009,Washington,13.7481,8.0387,76.8392,2.2364
2009-11-27,44009,Washington,10.1293,4.5963,75.1081,6.3337
2009-11-28,44009,Washington,9.6136,2.769,63.7762,8.749
2009-11-29,44009,Washington,10.8124,1.8031,69.1123,4.2715
2009-11-30,44009,Washington,13.7106,4.5453,74.4972,3.7926
2009-12-01,44009,Washington,6.8166,-0.9631,50.9055,4.7945
2009-12-02,44009,Washington,12.0616,1.3731,61.5821,3.7328
2009-12-03,44009,Washington,18.3645,8.6256,59.2226,7.3863
2009-12-04,44009,Washington,11.3429,3.5596,49.845,2.6159
2009-12-05,44009,Washington,7.6822,1.1697,63.7976,4.926
2009-12-06,44009,Washington,3.7544,-2.674,53.8911,5.3386
2009-12-07,44009,Washington,5.4831,-2.5623,55.6232,2.6211
2009-12-08,44009,Washington,5.1484,-2.0012,51.5684,3.4464
2009-12-09,44009,Washington,10.2423,-0.8782,69.0359,6.9548
2009-12-10,44009,Washington,8.918,-2.7835,45.4262,8.0111
2009-12-11,44009,Washington,-0.2851,-5.7711,43.0818,9.593
2009-12-12,44009,Washington,-0.1299,-6.3956,47.0539,5.7939
2009-12-13,44009,Washington,7.4379,-5.3614,64.4516,4.497
2009-12-14,44009,Washington,7.5362,-0.5079,58.8726,2.708
2009-12-15,44009,Washington,8.956,1.6538,59.3086,3.9914
2009-12-16,44009,Washington,5.0134,-4.4429,38.8607,6.5295
2009-12-17,44009,Washington,-1.8966,-11.1512,46.4253,6.8798
2009-12-18,44009,Washington,-3.5712,-12.5237,52.7328,3.7204
2009-12-19,44009,Washington,0.3613,-9.6543,63.8185,6.3592
2009-12-20,44009,Washington,-0.1235,-6.3404,54.2251,7.5577
2009-12-21,44009,Washington,-0.6519,-9.0683,49.5384,7.0885
2009-12-22,44009,Washington,-2.4754,-10.366,55.1565,6.0447
2009-12-23,44009,Washington,-4.6459,-11.9321,56.8454,5.5479
2009-12-24,44009,Washington,2.4261,-9.807,69.5416,4.3936
2009-12-25,44009,Washington,3.7008,-2.5819,63.726,3.9319
2009-12-26,44009,Washington,7.0986,-0.6753,65.3683,7.7763
2009-12-27,44009,Washington,13.5952,1.5663,62.4577,5.5278
2009-12-28,44009,Washington,7.0486,-2.8444,55.2856,4.9523
2009-12-29,44009,Washington,0.6911,-13.0494,73.0827,9.4705
2009-12-30,44009,Washington,-0.9862,-13.3204,48.67,4.6126
2009-12-31,44009,Washington,3.0262,-5.4539,67.7656,1.6676
2010-01-01,44009,Washington,2.3344,-2.3179,73.7749,1.6915
2010-01-02,44009,Washington,-0.3579,-9.4861,81.4739,6.4447
2010-01-03,44009,Washington,-3.5777,-9.6113,60.7988,8.6969
2010-01-04,44009,Washington,0.5839,-7.8282,60.6481,5.8427
2010-01-05,44009,Washington,-0.9996,-5.9741,59.584,4.8984
2010-01-06,44009,Washington,0.7402,-4.9941,56.6762,5.4282
2010-01-07,44009,Washington,4.362,-5.1916,55.7723,4.7186
2010-01-08,44009,Washington,-0.8052,-7.7443,70.0908,3.4534
2010-01-09,44009,Washington,-1.4867,-12.7888,53.9884,5.3484
2010-01-10,44009,Washington,-2.1527,-12.5225,46.5272,4.4973
2010-01-11,44009,Washington,1.3897,-9.2993,58.3306,4.3287
2010-01-12,44009,Washington,1.5708,-9.7353,55.293,4.8389
2010-01-13,44009,Washington,-0.3876,-8.7435,43.9742,4.4453
2010-01-14,44009,Washington,3.0766,-4.6865,58.7182,2.3601
2010-01-15,44009,Washington,7.6056,-2.1086,54.3324,4.2556
2010-01-16,44009,Washington,7.1314,-3.3094,55.6812,3.5896
2010-01-17,44009,Washington,5.1541,-1.9782,68.3171,4.7827
2010-01-18,44009,Washington,3.7329,-0.705,68.7175,6.2179
2010-01-19,44009,Washington,4.6601,-0.1781,69.3819,1.8855
2010-01-20,44009,Washington,4.463,-2.6507,63.242,3.7329
2010-01-21,44009,Washington,5.5232,-4.7574,48.5889,2.1003
2010-01-22,44009,Washington,4.8682,-4.9009,53.6197,4.3
2010-01-23,44009,Washington,4.5156,-6.6451,49.5217,2.7991
2010-01-24,44009,Washington,10.9453,-5.2913,53.5413,2.7333
2010-01-25,44009,Washington,13.0569,3.322,66.5448,6.9823
2010-01-26,44009,Washington,7.5381,-1.4162,57.6811,5.0481
2010-01-27,44009,Washington,5.794,-3.3297,48.3504,4.3387
2010-01-28,44009,Washington,2.6157,-10.9523,66.1759,5.6669
2010-01-29,44009,Washington,-6.3964,-14.6081,33.1463,9.1268
2010-01-30,44009,Washington,-5.3228,-13.936,33.1585,4.6834
2010-01-31,44009,Washington,-1.0659,-9.7194,34.3972,4.5506
2010-02-01,44009,Washington,1.6281,-7.2846,40.4653,5.4826
2010-02-02,44009,Washington,-0.3126,-5.9761,46.2391,1.6982
2010-02-03,44009,Washington,1.9718,-4.9644,64.9991,2.9693
2010-02-04,44009,Washington,1.7915,-7.4737,48.0547,5.3306
2010-02-05,44009,Washington,2.6427,-6.1813,44.8841,3.5427
2010-02-06,44009,Washington,-3.0911,-10.5147,60.0671,7.3657
2010-02-07,44009,Washington,1.1534,-8.9469,47.3632,6.1508
2010-02-08,44009,Washington,1.5422,-6.0954,48.6906,6.3102
2010-02-09,44009,Washington,5.0915,-4.5921,48.7143,3.4028
2010-02-10,44009,Washington,1.8865,-1.9448,71.0496,7.7044
2010-02-11,44009,Washington,4.6974,-5.9638,58.887,5.902
2010-02-12,44009,Washington,3.6702,-6.518,51.9583,4.7456
2010-02-13,44009,Washington,1.8845,-5.7785,56.1486,4.2194
2010-02-14,44009,Washington,4.156,-2.5293,52.5457,6.3841
2010-02-15,44009,Washington,4.6215,-1.5777,53.2507,4.831
2010-02-16,44009,Washington,2.1524,-2.3152,73.6183,3.9754
2010-02-17,44009,Washington,2.6338,-1.8209,59.9254,5.0631
2010-02-18,44009,Washington,7.5858,-0.2566,50.4893,5.7284
2010-02-19,44009,Washington,6.5274,-0.3592,49.6918,6.3473
2010-02-20,44009,Washington,8.9021,-0.685,48.0523,4.468
2010-02-21,44009,Washington,5.7718,-2.3819,48.5005,4.8095
2010-02-22,44009,Washington,8.4621,-1.3532,47.1005,2.9129
2010-02-23,44009,Washington,5.0544,1.3379,67.6335,6.5524
2010-02-24,44009,Washington,7.4996,2.6308,63.5982,5.2506
2010-02-25,44009,Washington,9.3051,-0.4769,68.7972,5.0276
2010-02-26,44009,Washington,2.983,-0.706,69.579,3.7928
2010-02-27,44009,Washington,3.5026,-2.8021,69.6269,2.5561
2010-02-28,44009,Washington,4.3579,-0.7705,62.6123,2.7804
2010-03-01,44009,Washington,9.3137,0.8536,52.912,6.7046
2010-03-02,44009,Washington,8.8711,0.7949,55.5229,2.123
2010-03-03,44009,Washington,2.7686,0.279,70.4284,6.8044
2010-03-04,44009,Washington,4.6277,-0.1508,57.8554,4.9089
2010-03-05,44009,Washington,7.3525,-2.4244,48.3935,4.2711
2010-03-06,44009,Washington,12.8693,-0.8552,29.5116,3.2413
2010-03-07,44009,Washington,13.7708,1.1825,37.3419,3.6085
2010-03-08,44009,Washington,15.3258,1.9407,39.7553,3.9452
2010-03-09,44009,Washington,12.9708,-1.9716,39.2651,2.2439
2010-03-10,44009,Washington,12.4355,0.6995,42.5554,1.1363
2010-03-11,44009,Washington,9.0746,4.2213,58.0551,3.7855
2010-03-12,44009,Washington,9.9321,3.0977,56.9382,6.7864
2010-03-13,44009,Washington,9.3228,3.7176,68.7235,10.7125
2010-03-14,44009,Washington,10.1,5.1405,67.8409,8.4391
2010-03-15,44009,Washington,6.525,2.9668,72.0888,8.3851
2010-03-16,44009,Washington,13.2616,-1.4025,43.9648,4.4956
2010-03-17,44009,Washington,16.3759,1.669,38.4982,3.0627
2010-03-18,44009,Washington,18.1127,2.415,41.7212,3.521
2010-03-19,44009,Washington,19.7689,3.0756,38.9509,2.2404
2010-03-20,44009,Washington,20.8213,5.2103,39.793,2.8529
2010-03-21,44009,Washington,15.8232,4.9049,54.4962,2.5991
2010-03-22,44009,Washington,12.2055,6.1196,83.1257,3.3428
2010-03-23,44009,Washington,9.3582,4.7551,97.136,3.1894
2010-03-24,44009,Washington,13.0908,1.4693,48.3415,6.2453
2010-03-25,44009,Washington,15.6549,4.8973,45.2279,3.7923
2010-03-26,44009,Washington,6.188,-4.0251,71.1705,5.6165
2010-03-27,44009,Washington,4.7077,-2.7324,39.0714,3.0325
2010-03-28,44009,Washington,9.8791,1.6572,60.0509,4.5707
2010-03-29,44009,Washington,11.9083,7.9344,78.5464,5.4177
2010-03-30,44009,Washington,12.8256,5.198,76.7341,4.471
2010-03-31,44009,Washington,10.7099,5.7592,75.1636,2.3693
2010-04-01,44009,Washington,16.9452,3.4801,62.664,1.7573
2010-04-02,44009,Washington,18.0174,4.4349,61.8574,1.7341
2010-04-03,44009,Washington,18.1216,6.1512,59.0208,3.0964
2010-04-04,44009,Washington,21.7584,6.4149,46.5174,3.2266
2010-04-05,44009,Washington,19.7228,7.2421,45.8219,2.925
2010-04-06,44009,Washington,21.0793,7.2877,56.7484,1.8094
2010-04-07,44009,Washington,29.2702,10.8562,43.0892,3.6471
2010-04-08,44009,Washington,19.2185,10.1855,66.9543,3.1412
2010-04-09,44009,Washington,12.9704,4.225,88.6273,4.448
2010-04-10,44009,Washington,14.3844,5.5007,40.8616,5.7121
2010-04-11,44009,Washington,20.3461,5.2299,42.4029,3.7038
2010-04-12,44009,Washington,17.394,2.7052,39.6048,2.4287
2010-04-13,44009,Washington,14.5342,1.2869,47.6543,1.582
2010-04-14,44009,Washington,18.1878,5.2851,40.1075,3.2363
2010-04-15,44009,Washington,19.9978,4.6451,35.7357,3.6401
2010-04-16,44009,Washington,9.1521,4.3468,71.3611,4.5809
2010-04-17,44009,Washington,9.0257,4.0487,79.1777,1.6487
2010-04-18,44009,Washington,11.8606,3.8178,58.9699,3.4533
2010-04-19,44009,Washington,16.0838,5.3473,47.0492,3.8058
2010-04-20,44009,Washington,19.2999,5.2676,47.1574,2.9686
2010-04-21,44009,Washington,19.7376,7.1937,49.8033,2.7028
2010-04-22,44009,Washington,18.9787,6.1983,61.726,2.9833
2010-04-23,44009,Washington,18.2015,4.2395,47.8319,3.9131
2010-04-24,44009,Washington,18.9526,8.5185,38.5401,2.816
2010-04-25,44009,Washington,12.5983,8.1262,68.9411,2.7299
2010-04-26,44009,Washington,14.5204,7.4589,70.1171,4.0765
2010-04-27,44009,Washington,11.3441,1.011,81.557,3.7307
2010-04-28,44009,Washington,10.181,4.5944,53.3195,6.8302
2010-04-29,44009,Washington,18.3987,3.5077,36.2382,5.8481
2010-04-30,44009,Washington,23.2264,10.6091,34.5943,3.926
2010-05-01,44009,Washington,23.9733,11.6876,50.8707,1.902
2010-05-02,44009,Washington,24.6462,14.0991,67.2621,3.371
2010-05-03,44009,Washington,24.3719,12.159,73.9317,4.8539
2010-05-04,44009,Washington,25.4432,9.9365,50.7462,4.0001
2010-05-05,44009,Washington,24.6863,12.244,42.6382,3.5226
2010-05-06,44009,Washington,24.149,8.9452,57.9112,5.1682
2010-05-07,44009,Washington,21.1623,10.2005,45.2517,3.6817
2010-05-08,44009,Washington,19.9876,5.3246,67.2879,5.4334
2010-05-09,44009,Washington,12.9504,3.2489,48.4323,7.6829
2010-05-10,44009,Washington,14.8984,1.7891,42.1705,4.8923
2010-05-11,44009,Washington,13.4404,6.0636,46.3553,2.5349
2010-05-12,44009,Washington,9.8804,2.2425,80.0926,2.3318
2010-05-13,44009,Washington,17.6392,8.3476,49.4993,3.0954
2010-05-14,44009,Washington,19.7382,9.715,73.131,3.6857
2010-05-15,44009,Washington,22.0236,9.2322,53.7957,4.5897
2010-05-16,44009,Washington,22.215,6.9101,47.574,2.6211
2010-05-17,44009,Washington,24.0975,8.3121,39.862,2.2063
2010-05-18,44009,Washington,14.1956,8.3511,72.4746,4.5639
2010-05-19,44009,Washington,16.0709,10.2191,75.4706,3.3006
2010-05-20,44009,Washington,24.5227,11.8507,57.7184,3.2994
2010-05-21,44009,Washington,25.8058,10.7086,54.2066,2.5548
2010-05-22,44009,Washington,21.3177,12.8222,62.2474,2.9403
2010-05-23,44009,Washington,22.6706,13.2445,69.0476,3.0553
2010-05-24,44009,Washington,24.2887,13.1122,69.6025,2.1626
2010-05-25,44009,Washington,27.3142,15.4345,61.9896,3.1507
2010-05-26,44009,Washington,32.0525,13.8888,62.168,2.7882
2010-05-27,44009,Washington,22.1371,11.027,72.9797,2.7171
2010-05-28,44009,Washington,22.5562,12.1393,60.5033,1.6585
2010-05-29,44009,Washington,23.4278,14.3809,68.8659,3.9023
2010-05-30,44009,Washington,27.2327,14.8952,53.7339,3.1823
2010-05-31,44009,Washington,23.9788,15.2956,52.5914,2.8023
2010-06-01,44009,Washington,26.2082,15.9802,73.3473,4.0096
2010-06-02,44009,Washington,25.7295,15.2432,68.3928,2.0558
2010-06-03,44009,Washington,24.7271,16.1544,79.4777,3.2776
2010-06-04,44009,Washington,26.3573,17.38,71.6526,1.7571
2010-06-05,44009,Washington,27.1398,18.1363,75.2592,3.4459
2010-06-06,44009,Washington,25.7243,12.1994,87.4047,4.7217
2010-06-07,44009,Washington,23.4064,10.6266,53.0596,3.9365
2010-06-08,44009,Washington,21.1211,7.9686,55.5852,3.2422
2010-06-09,44009,Washington,19.7192,11.2279,61.6477,2.5094
2010-06-10,44009,Washington,18.8989,12.6388,83.5687,1.6145
2010-06-11,44009,Washington,19.0482,12.3789,75.6536,2.3147
2010-06-12,44009,Washington,20.7352,15.4474,73.134,2.5436
2010-06-13,44009,Washington,20.5938,15.1909,79.9277,2.2366
2010-06-14,44009,Washington,23.2021,13.4905,81.6901,1.702
2010-06-15,44009,Washington,24.3521,11.7397,65.8619,2.164
2010-06-16,44009,Washington,23.3087,16.1899,66.3409,3.0799
2010-06-17,44009,Washington,23.9143,13.3066,76.8629,4.0023
2010-06-18,44009,Washington,28.1985,14.6521,60.5699,2.6664
2010-06-19,44009,Washington,25.3835,17.4713,66.1264,3.6901
2010-06-20,44009,Washington,27.608,18.518,76.7546,3.0278
2010-06-21,44009,Washington,29.6675,17.3042,63.1202,2.1287
2010-06-22,44009,Washington,27.9064,18.7303,60.1419,2.1328
2010-06-23,44009,Washington,28.792,18.5067,71.4123,2.8501
2010-06-24,44009,Washington,30.3835,17.9802,70.6855,4.594
2010-06-25,44009,Washington,27.2925,17.2361,60.9002,2.2537
2010-06-26,44009,Washington,28.3447,17.8302,66.9004,2.834
2010-06-27,44009,Washington,28.7515,20.443,71.518,2.2775
2010-06-28,44009,Washington,31.1496,21.3824,71.9015,4.4018
2010-06-29,44009,Washington,29.747,14.5415,72.8073,3.5012
2010-06-30,44009,Washington,23.771,12.2872,53.4821,3.4511
2010-07-01,44009,Washington,23.2438,12.8882,54.9779,4.0012
2010-07-02,44009,Washington,25.9613,12.962,52.3882,2.3488
2010-07-03,44009,Washington,28.1116,15.9056,55.1384,2.8989
2010-07-04,44009,Washington,32.6396,18.0606,52.8323,3.4325
2010-07-05,44009,Washington,34.6684,21.0502,46.3405,2.3611
2010-07-06,44009,Washington,36.7833,22.5303,53.0731,1.7678
2010-07-07,44009,Washington,32.4173,21.2541,63.6617,2.111
2010-07-08,44009,Washington,28.9526,21.1433,71.2011,2.9088
2010-07-09,44009,Washington,29.3377,21.9991,72.0533,3.0414
2010-07-10,44009,Washington,28.952,19.4501,74.2387,1.7995
2010-07-11,44009,Washington,30.1694,20.3073,65.3568,1.4996
2010-07-12,44009,Washington,29.4148,22.0501,64.7775,3.1377
2010-07-13,44009,Washington,29.1911,22.2982,71.2316,3.3814
2010-07-14,44009,Washington,27.3596,19.7039,86.0138,1.9288
2010-07-15,44009,Washington,26.6818,19.3741,81.5222,2.4862
2010-07-16,44009,Washington,29.691,21.6121,74.9667,3.7207
2010-07-17,44009,Washington,31.1385,21.1527,68.9178,4.0936
2010-07-18,44009,Washington,31.1968,18.4613,64.3635,3.8029
2010-07-19,44009,Washington,27.7953,20.156,79.8652,2.7342
2010-07-20,44009,Washington,29.4076,19.8968,73.2865,2.1411
2010-07-21,44009,Washington,29.4265,19.5184,76.418,2.8351
2010-07-22,44009,Washington,28.7601,17.1491,66.0075,4.2085
2010-07-23,44009,Washington,25.451,19.1402,74.6922,1.8057
2010-07-24,44009,Washington,31.474,22.6589,75.3408,1.5354
2010-07-25,44009,Washington,31.1504,16.4753,74.2215,3.8332
2010-07-26,44009,Washington,28.6935,16.6274,53.9744,4.0983
2010-07-27,44009,Washington,29.9662,17.305,55.4487,3.0525
2010-07-28,44009,Washington,28.9893,21.9964,65.0946,4.6883
2010-07-29,44009,Washington,29.363,15.3475,80.2254,3.8184
2010-07-30,44009,Washington,25.9368,14.7228,56.8907,2.177
2010-07-31,44009,Washington,24.9759,13.8557,60.4985,1.736
2010-08-01,44009,Washington,24.8761,14.0831,69.9863,2.509
2010-08-02,44009,Washington,25.6768,18.5197,62.554,2.3118
2010-08-03,44009,Washington,27.3303,21.2815,65.2351,4.6032
2010-08-04,44009,Washington,29.2777,22.2818,72.5746,4.8472
2010-08-05,44009,Washington,30.1613,20.267,76.0698,3.8777
2010-08-06,44009,Washington,29.7802,13.3097,62.9084,3.622
2010-08-07,44009,Washington,25.7876,16.0938,51.3093,2.172
2010-08-08,44009,Washington,28.6042,19.8395,62.4984,2.9412
2010-08-09,44009,Washington,30.7248,20.9724,62.3081,3.3602
2010-08-10,44009,Washington,30.0944,20.6816,68.2776,2.6104
2010-08-11,44009,Washington,29.2765,17.1126,68.2651,1.8109
2010-08-12,44009,Washington,26.1237,17.482,61.7419,3.1991
2010-08-13,44009,Washington,25.8157,11.8864,61.6456,2.8469
2010-08-14,44009,Washington,25.2997,13.2022,57.0865,2.2447
2010-08-15,44009,Washington,24.6511,18.1834,67.9589,3.1555
2010-08-16,44009,Washington,26.1873,19.5524,85.9002,3.7951
2010-08-17,44009,Washington,29.4289,17.6048,79.7477,3.5639
2010-08-18,44009,Washington,27.4553,14.7766,65.2045,1.2205
2010-08-19,44009,Washington,29.1635,17.8302,57.0358,1.8526
2010-08-20,44009,Washington,29.3874,13.7151,58.9735,2.3662
2010-08-21,44009,Washington,25.6824,18.0468,57.0705,2.109
2010-08-22,44009,Washington,21.9925,17.2615,99.169,5.7488
2010-08-23,44009,Washington,19.1347,15.5935,94.2807,7.4348
2010-08-24,44009,Washington,19.0523,16.1569,88.9566,6.3178
2010-08-25,44009,Washington,22.1045,16.5231,78.1791,3.578
2010-08-26,44009,Washington,27.3405,13.9787,73.4365,3.5034
2010-08-27,44009,Washington,25.5045,11.5587,60.5072,2.7773
2010-08-28,44009,Washington,26.8274,15.5402,55.3548,2.5027
2010-08-29,44009,Washington,31.9932,17.0834,54.9156,3.021
2010-08-30,44009,Washington,32.3122,18.4025,48.7795,2.9598
2010-08-31,44009,Washington,33.1665,19.5841,56.1517,2.985
2010-09-01,44009,Washington,32.8729,20.3466,55.9851,2.7093
2010-09-02,44009,Washington,31.3368,20.2683,62.204,3.8912
2010-09-03,44009,Washington,26.7077,20.7528,83.7707,4.4474
2010-09-04,44009,Washington,26.1587,13.7109,65.9961,6.3448
2010-09-05,44009,Washington,22.9312,9.8827,58.6801,4.575
2010-09-06,44009,Washington,24.2424,15.3768,52.4489,2.2559
2010-09-07,44009,Washington,26.6916,19.4021,66.1525,4.5412
2010-09-08,44009,Washington,27.7105,13.7522,67.3966,5.2586
2010-09-09,44009,Washington,21.7699,13.626,63.5972,4.8457
2010-09-10,44009,Washington,20.474,11.5519,67.3663,4.0801
2010-09-11,44009,Washington,22.4236,10.3374,63.9908,2.791
2010-09-12,44009,Washington,18.5202,12.5461,74.1323,3.9783
2010-09-13,44009,Washington,19.0628,12.3614,78.0938,2.513
2010-09-14,44009,Washington,24.3003,10.2397,60.5497,3.5497
2010-09-15,44009,Washington,20.6069,6.4458,52.326,4.1551
2010-09-16,44009,Washington,21.0474,12.6092,67.5321,4.3686
2010-09-17,44009,Washington,22.5761,11.4473,86.0059,3.6236
2010-09-18,44009,Washington,20.022,9.8448,76.7909,2.1825
2010-09-19,44009,Washington,23.359,13.5202,72.5397,1.589
2010-09-20,44009,Washington,21.7424,7.208,65.9345,3.8475
2010-09-21,44009,Washington,20.9752,12.4037,52.4751,3.9679
2010-09-22,44009,Washington,26.2813,15.9709,70.4113,5.3351
2010-09-23,44009,Washington,23.9567,14.4695,71.8174,2.0947
2010-09-24,44009,Washington,24.9431,17.9426,76.369,4.3822
2010-09-25,44009,Washington,27.9982,14.3686,71.6719,4.256
2010-09-26,44009,Washington,22.396,14.5058,66.57,4.8141
2010-09-27,44009,Washington,21.6917,15.4762,84.7683,4.3396
2010-09-28,44009,Washington,23.9867,18.7913,84.075,5.3751
2010-09-29,44009,Washington,25.8535,17.5644,72.6941,2.8075
2010-09-30,44009,Washington,24.8299,20.3577,81.2183,5.4703
2010-10-01,44009,Washington,24.6819,10.4982,81.8229,6.1776
2010-10-02,44009,Washington,19.1994,7.3768,60.1835,2.852
2010-10-03,44009,Washington,15.0827,9.7929,71.5404,5.9621
2010-10-04,44009,Washington,16.4784,11.3985,73.7572,7.3952
2010-10-05,44009,Washington,16.168,12.0008,87.0077,4.5532
2010-10-06,44009,Washington,16.2877,9.0893,83.66,2.8954
2010-10-07,44009,Washington,19.4096,8.404,62.3852,5.9149
2010-10-08,44009,Washington,21.1641,8.0691,55.9354,4.8866
2010-10-09,44009,Washington,19.3028,2.3796,48.8662,4.0302
2010-10-10,44009,Washington,18.3058,5.3427,49.049,4.0127
2010-10-11,44009,Washington,21.1612,10.3172,52.9613,2.2971
2010-10-12,44009,Washington,18.8334,4.0343,73.488,2.2596
2010-10-13,44009,Washington,16.895,3.8185,53.2196,1.5435
2010-10-14,44009,Washington,16.2456,6.8738,74.7669,4.2157
2010-10-15,44009,Washington,13.6987,7.3253,75.0024,8.3026
2010-10-16,44009,Washington,15.0588,4.1733,58.4113,7.2466
2010-10-17,44009,Washington,18.3834,5.6774,54.4056,4.6274
2010-10-18,44009,Washington,15.4656,4.477,50.1962,4.1116
2010-10-19,44009,Washington,14.7388,3.7279,58.4424,1.9438
2010-10-20,44009,Washington,16.3451,4.303,66.2203,2.2438
2010-10-21,44009,Washington,15.4601,2.3716,68.2163,4.801
2010-10-22,44009,Washington,10.9655,2.5227,51.066,6.6055
2010-10-23,44009,Washington,15.3306,4.7056,55.9559,4.5104
2010-10-24,44009,Washington,13.3016,6.9328,72.4788,2.2144
2010-10-25,44009,Washington,19.4019,10.1843,77.885,3.5304
2010-10-26,44009,Washington,21.6236,16.1993,70.598,3.8077
2010-10-27,44009,Washington,20.3533,16.0197,81.4052,4.6991
2010-10-28,44009,Washington,21.543,6.1414,79.1009,4.0306
2010-10-29,44009,Washington,13.6384,3.2375,59.3983,5.0168
2010-10-30,44009,Washington,13.6594,5.3807,56.5671,6.286
2010-10-31,44009,Washington,14.671,-0.5435,57.9446,5.4717
2010-11-01,44009,Washington,10.0708,0.4451,46.4371,4.7853
2010-11-02,44009,Washington,9.2219,-3.0075,50.1182,3.3235
2010-11-03,44009,Washington,11.0467,0.0046,53.537,1.7032
2010-11-04,44009,Washington,15.2225,6.9553,79.3741,4.3535
2010-11-05,44009,Washington,14.7989,4.9911,83.7315,4.1042
2010-11-06,44009,Washington,10.3468,3.0905,63.6701,3.1264
2010-11-07,44009,Washington,7.1666,0.6353,64.7196,5.2869
2010-11-08,44009,Washington,8.8196,2.2162,68.9533,6.3989
2010-11-09,44009,Washington,12.2634,6.7628,68.5904,6.4159
2010-11-10,44009,Washington,9.3761,3.8018,69.6832,7.0458
2010-11-11,44009,Washington,10.8443,2.2529,53.6475,6.2397
2010-11-12,44009,Washington,15.4137,1.97,49.0446,4.4066
2010-11-13,44009,Washington,18.3085,1.238,43.7925,2.6026
2010-11-14,44009,Washington,14.4064,4.3071,56.8534,2.9224
2010-11-15,44009,Washington,13.3562,7.4779,73.2703,2.3945
2010-11-16,44009,Washington,15.7851,8.3995,67.9503,2.961
2010-11-17,44009,Washington,16.6155,6.5174,68.6622,8.1318
2010-11-18,44009,Washington,11.5105,0.6388,56.468,5.0445
2010-11-19,44009,Washington,8.3832,-2.5049,53.0079,3.6356
2010-11-20,44009,Washington,10.715,-0.3269,56.3172,6.0844
2010-11-21,44009,Washington,7.4725,0.1676,47.551,3.4027
2010-11-22,44009,Washington,14.6627,6.1464,66.1479,4.1002
2010-11-23,44009,Washington,15.8326,4.5317,75.7898,4.5045
2010-11-24,44009,Washington,8.8727,-1.7575,42.5403,6.8819
2010-11-25,44009,Washington,9.567,-0.7454,34.4845,2.727
2010-11-26,44009,Washington,11.4911,-1.2817,72.3158,4.8566
2010-11-27,44009,Washington,5.9837,-3.2704,51.5473,5.9429
2010-11-28,44009,Washington,6.871,-4.2958,45.4982,3.7662
2010-11-29,44009,Washington,8.4858,-2.8064,50.9609,1.5556
2010-11-30,44009,Washington,11.3762,1.8949,69.0711,4.296
2010-12-01,44009,Washington,14.2214,1.2699,89.5759,7.8842
2010-12-02,44009,Washington,7.2305,-0.456,52.958,4.6858
2010-12-03,44009,Washington,4.7453,-0.7975,50.3599,4.0712
2010-12-04,44009,Washington,5.0767,-3.5629,51.2196,5.4743
2010-12-05,44009,Washington,1.8995,-3.7737,50.758,5.2945
2010-12-06,44009,Washington,0.4619,-3.2,50.0802,7.6532
2010-12-07,44009,Washington,2.2373,-3.7362,48.5665,7.1119
2010-12-08,44009,Washington,0.6749,-7.4311,47.7326,6.7255
2010-12-09,44009,Washington,-2.4768,-12.2708,49.0349,5.6739
2010-12-10,44009,Washington,1.9712,-10.801,54.1226,2.0729
2010-12-11,44009,Washington,7.8963,-3.5743,60.7105,2.0565
2010-12-12,44009,Washington,13.4694,4.5624,67.3984,8.0257
2010-12-13,44009,Washington,10.5561,-5.0536,94.5143,4.5062
2010-12-14,44009,Washington,-2.4789,-9.2646,61.8318,5.5067
2010-12-15,44009,Washington,-4.221,-8.9501,47.0546,6.9171
2010-12-16,44009,Washington,0.8583,-9.4031,57.1276,4.0106
2010-12-17,44009,Washington,2.1303,-8.3218,59.0142,3.4515
2010-12-18,44009,Washington,3.5954,-6.6126,55.8461,1.8777
2010-12-19,44009,Washington,2.4283,-4.5275,66.5448,3.4681
2010-12-20,44009,Washington,-0.5285,-3.8002,65.8237,6.2295
2010-12-21,44009,Washington,4.8478,-2.0888,57.239,6.71
2010-12-22,44009,Washington,4.7103,-1.3661,57.0259,5.5575
2010-12-23,44009,Washington,3.0007,-2.7302,60.1555,6.9229
2010-12-24,44009,Washington,3.7086,-6.4763,52.5895,4.7827
2010-12-25,44009,Washington,0.9262,-5.9805,54.4446,2.0158
2010-12-26,44009,Washington,0.2213,-4.2614,77.5672,7.9168
2010-12-27,44009,Washington,-1.4667,-8.2861,73.0857,10.1304
2010-12-28,44009,Washington,1.588,-6.5483,50.9488,7.2481
2010-12-29,44009,Washington,3.1982,-7.1452,72.93,3.7944
2010-12-30,44009,Washington,5.3957,-6.6586,58.3244,3.1346
2010-12-31,44009,Washington,6.8875,-0.714,56.0753,3.7963
2011-01-01,44009,Washington,6.8875,-0.714,61.4153,3.3453
2011-01-02,44009,Washington,6.0463,-0.2335,72.2723,2.6182
2011-01-03,44009,Washington,2.6998,-4.5351,59.0363,5.0838
2011-01-04,44009,Washington,3.9002,-3.951,42.3963,4.6072
2011-01-05,44009,Washington,3.6774,-4.8779,60.1733,4.0687
2011-01-06,44009,Washington,0.9243,-5.853,48.2534,2.1391
2011-01-07,44009,Washington,2.0011,-5.0396,55.2207,2.8297
2011-01-08,44009,Washington,2.2866,-3.2365,68.4138,1.9902
2011-01-09,44009,Washington,1.1022,-6.4003,70.0305,6.0951
2011-01-10,44009,Washington,0.112,-7.4094,58.3189,6.3929
2011-01-11,44009,Washington,1.9424,-7.8226,58.9079,2.8254
2011-01-12,44009,Washington,2.8862,-5.789,71.8307,6.3149
2011-01-13,44009,Washington,0.2177,-10.5552,67.0216,6.4303
2011-01-14,44009,Washington,-0.9897,-12.1412,58.8863,3.392
2011-01-15,44009,Washington,2.5745,-10.869,50.5065,3.413
2011-01-16,44009,Washington,2.0406,-8.7419,69.9852,5.1194
2011-01-17,44009,Washington,-3.1895,-10.8605,53.1433,3.1165
2011-01-18,44009,Washington,4.9879,-6.2755,60.6717,5.0487
2011-01-19,44009,Washington,3.4664,-2.3741,76.303,2.9991
2011-01-20,44009,Washington,1.546,-4.3528,65.9456,3.3828
2011-01-21,44009,Washington,2.4988,-8.573,71.4033,3.5693
2011-01-22,44009,Washington,-2.7544,-10.4375,55.5394,4.1786
2011-01-23,44009,Washington,-4.2171,-15.5506,60.0765,3.3425
2011-01-24,44009,Washington,-7.515,-18.1724,50.9136,4.7217
2011-01-25,44009,Washington,2.3119,-10.9986,57.3255,2.3875
2011-01-26,44009,Washington,1.7139,-7.243,68.8051,3.7399
2011-01-27,44009,Washington,1.8959,-5.1551,67.7847,6.696
2011-01-28,44009,Washington,1.6725,-5.9616,57.6477,1.9245
2011-01-29,44009,Washington,2.2279,-5.1076,63.5292,1.8969
2011-01-30,44009,Washington,1.8819,-6.1617,62.2564,3.0025
2011-01-31,44009,Washington,-1.8959,-10.2035,57.4749,3.5282
2011-02-01,44009,Washington,1.5487,-7.7557,60.6851,3.9321
2011-02-02,44009,Washington,4.2616,-3.9092,69.7897,4.1716
2011-02-03,44009,Washington,0.1696,-10.6763,71.8505,4.4517
2011-02-04,44009,Washington,1.0788,-10.8854,55.0892,4.8799
2011-02-05,44009,Washington,5.1744,-8.1773,59.6283,2.9264
2011-02-06,44009,Washington,5.1617,-3.4012,71.2812,5.8171
2011-02-07,44009,Washington,5.0754,-3.363,59.7603,1.6502
2011-02-08,44009,Washington,4.0027,-9.7947,86.4147,3.5586
2011-02-09,44009,Washington,-0.0572,-11.1767,51.0372,7.4669
2011-02-10,44009,Washington,-1.1201,-10.0131,57.5766,4.8342
2011-02-11,44009,Washington,0.6088,-10.165,46.6286,4.3245
2011-02-12,44009,Washington,3.7655,-6.1114,57.9393,3.7641
2011-02-13,44009,Washington,4.1509,-6.3985,52.5335,5.955
2011-02-14,44009,Washington,8.1092,-0.6461,58.7304,5.5222
2011-02-15,44009,Washington,2.7897,-8.0663,49.2155,7.4869
2011-02-16,44009,Washington,4.3223,-8.5024,42.4607,4.0587
2011-02-17,44009,Washington,8.2797,-0.5361,54.919,3.2192
2011-02-18,44009,Washington,13.4347,0.2781,58.6983,3.9667
2011-02-19,44009,Washington,7.5074,-10.9169,57.6954,8.1497
2011-02-20,44009,Washington,1.1614,-11.6643,42.3006,7.3233
2011-02-21,44009,Washington,0.4566,-10.8306,66.823,3.3701
2011-02-22,44009,Washington,0.4578,-11.7368,46.8298,5.1641
2011-02-23,44009,Washington,3.1745,-10.4889,43.8631,3.6718
2011-02-24,44009,Washington,4.6698,-6.4833,48.2751,2.2098
2011-02-25,44009,Washington,7.3338,-3.2709,72.8596,4.7391
2011-02-26,44009,Washington,4.744,-4.0844,48.8927,5.2224
2011-02-27,44009,Washington,4.6613,-3.9341,66.8693,1.7686
2011-02-28,44009,Washington,8.4289,-2.9912,61.5172,4.9262
2011-03-01,44009,Washington,5.4061,-5.1736,55.6367,5.3868
2011-03-02,44009,Washington,7.7471,-7.2354,53.1859,4.8124
2011-03-03,44009,Washington,-1.1274,-10.6697,43.5238,6.0058
2011-03-04,44009,Washington,3.1401,-10.1272,42.4958,2.6997
2011-03-05,44009,Washington,8.9807,-0.9589,63.5321,4.3271
2011-03-06,44009,Washington,12.4021,4.0331,69.662,5.5261
2011-03-07,44009,Washington,10.0609,-2.9895,82.744,7.1329
2011-03-08,44009,Washington,6.7448,-3.5888,41.3613,3.4685
2011-03-09,44009,Washington,6.0104,-3.4648,55.8973,4.4744
2011-03-10,44009,Washington,9.4119,-0.4905,63.8072,6.7621
2011-03-11,44009,Washington,13.0414,2.7648,73.1749,6.5141
2011-03-12,44009,Washington,9.7626,0.1318,64.5408,5.5088
2011-03-13,44009,Washington,11.8667,1.079,56.1597,4.2838
2011-03-14,44009,Washington,6.1051,-0.4051,63.07,2.4582
2011-03-15,44009,Washington,6.5964,-1.5363,60.5227,1.7214
2011-03-16,44009,Washington,11.9705,-1.0608,62.1811,3.1052
2011-03-17,44009,Washington,14.4296,0.739,54.8391,2.7404
2011-03-18,44009,Washington,20.1052,2.6321,45.6019,5.049
2011-03-19,44009,Washington,10.1723,0.7817,53.6471,3.4164
2011-03-20,44009,Washington,7.8759,-0.7256,46.6905,1.897
2011-03-21,44009,Washington,7.5382,-0.5636,59.8507,3.8728
2011-03-22,44009,Washington,9.4711,0.3944,61.428,4.5811
2011-03-23,44009,Washington,5.4961,-0.9812,55.644,2.1071
2011-03-24,44009,Washington,4.9788,-1.7568,64.8428,4.114
2011-03-25,44009,Washington,6.1526,-3.7973,49.1786,3.3778
2011-03-26,44009,Washington,4.2119,-4.949,37.9878,5.4382
2011-03-27,44009,Washington,5.3551,-4.593,36.5093,5.0126
2011-03-28,44009,Washington,6.6252,-5.2041,35.4802,5.8151
2011-03-29,44009,Washington,7.3053,-1.9671,40.5433,4.4141
2011-03-30,44009,Washington,9.787,-0.9128,44.2116,2.8741
2011-03-31,44009,Washington,7.5212,0.2793,63.4777,3.1144
2011-04-01,44009,Washington,6.7388,0.5681,66.8804,5.2616
2011-04-02,44009,Washington,11.101,0.5933,54.3565,5.5594
2011-04-03,44009,Washington,12.4761,0.7437,40.142,5.5042
2011-04-04,44009,Washington,11.05,2.2221,55.218,3.5927
2011-04-05,44009,Washington,13.6436,1.435,80.4007,5.5214
2011-04-06,44009,Washington,10.7973,0.6391,48.1965,6.5051
2011-04-07,44009,Washington,11.5732,0.1557,55.3794,2.6625
2011-04-08,44009,Washington,11.8763,-0.0287,51.5692,1.785
2011-04-09,44009,Washington,12.8896,0.7754,50.7471,1.4294
2011-04-10,44009,Washington,14.3782,0.6788,50.0281,2.4024
2011-04-11,44009,Washington,17.0381,4.7902,67.0991,4.7286
2011-04-12,44009,Washington,17.1534,5.7149,70.3944,4.2083
2011-04-13,44009,Washington,14.3843,5.5437,65.7898,5.708
2011-04-14,44009,Washington,16.4587,6.1236,62.4098,2.2625
2011-04-15,44009,Washington,10.5151,-0.3682,63.3288,3.4267
2011-04-16,44009,Washington,10.7967,-0.2862,61.4953,6.521
2011-04-17,44009,Washington,14.9541,5.9843,63.5074,8.4367
2011-04-18,44009,Washington,14.9,4.7656,51.1669,4.8033
2011-04-19,44009,Washington,13.9686,5.2485,66.1989,2.3607
2011-04-20,44009,Washington,17.5612,5.7012,63.8186,4.3955
2011-04-21,44009,Washington,12.9131,1.803,74.1601,5.3453
2011-04-22,44009,Washington,11.8991,-0.1942,45.086,3.2263
2011-04-23,44009,Washington,11.8963,4.3202,67.7594,4.6771
2011-04-24,44009,Washington,20.9111,8.5683,64.025,3.3037
2011-04-25,44009,Washington,18.9059,8.4833,77.0796,1.5179
2011-04-26,44009,Washington,21.5105,8.3996,67.9188,3.7431
2011-04-27,44009,Washington,21.5318,10.6638,69.9595,4.4865
2011-04-28,44009,Washington,19.8727,11.2834,73.1767,6.1219
2011-04-29,44009,Washington,21.1173,9.6213,60.4778,3.4615
2011-04-30,44009,Washington,16.9575,7.2015,55.5505,3.105
2011-05-01,44009,Washington,16.9635,5.6707,49.0992,2.105
2011-05-02,44009,Washington,18.3876,4.8831,52.2018,1.9485
2011-05-03,44009,Washington,19.1927,10.0953,60.3627,2.4675
2011-05-04,44009,Washington,20.3544,8.8221,69.7368,3.585
2011-05-05,44009,Washington,14.0393,5.3161,67.1616,5.0795
2011-05-06,44009,Washington,18.9512,3.8514,48.0505,3.8906
2011-05-07,44009,Washington,20.4829,7.4586,59.136,2.9185
2011-05-08,44009,Washington,20.3569,9.0059,55.7562,2.6149
2011-05-09,44009,Washington,17.9378,8.6047,56.0832,3.7716
2011-05-10,44009,Washington,14.8553,8.3045,61.2812,5.2468
2011-05-11,44009,Washington,16.4547,8.0124,64.2015,5.0379
2011-05-12,44009,Washington,17.3744,8.9144,60.0344,3.8155
2011-05-13,44009,Washington,18.4519,8.5617,62.3442,1.3977
2011-05-14,44009,Washington,17.4521,9.5354,67.2015,1.7968
2011-05-15,44009,Washington,19.2151,10.3113,70.8831,3.1886
2011-05-16,44009,Washington,19.0887,11.7505,74.8712,3.3496
2011-05-17,44009,Washington,18.108,11.5296,75.4392,4.9677
2011-05-18,44009,Washington,18.9191,11.9387,74.3747,5.6245
2011-05-19,44009,Washington,20.6641,12.0138,72.3513,3.5662
2011-05-20,44009,Washington,21.0461,11.2291,71.4815,2.1945
2011-05-21,44009,Washington,21.4018,10.9943,67.9753,1.1907
2011-05-22,44009,Washington,17.8754,9.9067,74.6769,2.8622
2011-05-23,44009,Washington,17.6563,10.0221,71.7885,3.7157
2011-05-24,44009,Washington,24.755,13.0018,70.0059,4.1077
2011-05-25,44009,Washington,25.0956,12.2272,67.7294,2.2175
2011-05-26,44009,Washington,24.0197,11.5563,68.8064,2.9451
2011-05-27,44009,Washington,26.6544,15.15,69.5171,2.6767
2011-05-28,44009,Washington,25.4694,14.692,71.7462,2.7795
2011-05-29,44009,Washington,25.3343,15.7054,71.5664,3.1752
2011-05-30,44009,Washington,28.7415,17.2368,64.7304,2.8878
2011-05-31,44009,Washington,27.4911,14.3984,67.7829,1.6544
2011-06-01,44009,Washington,26.2608,14.6105,67.4339,4.0272
2011-06-02,44009,Washington,22.7319,9.8862,77.8049,5.5575
2011-06-03,44009,Washington,20.6299,9.0042,53.4998,5.2261
2011-06-04,44009,Washington,22.1507,8.5377,51.6215,2.2041
2011-06-05,44009,Washington,20.0153,8.4033,64.6291,1.9215
2011-06-06,44009,Washington,23.6989,12.2012,63.5523,1.3547
2011-06-07,44009,Washington,27.3201,13.0489,62.6752,1.9597
2011-06-08,44009,Washington,29.4487,16.4705,65.7679,2.1999
2011-06-09,44009,Washington,31.7968,19.9522,67.6427,3.3284
2011-06-10,44009,Washington,27.837,16.6046,72.6145,2.4167
2011-06-11,44009,Washington,19.8705,14.0021,85.1225,3.8982
2011-06-12,44009,Washington,23.0251,14.0965,70.4586,2.6966
2011-06-13,44009,Washington,21.9645,13.1763,76.9037,1.087
2011-06-14,44009,Washington,19.7137,12.8281,72.5098,1.891
2011-06-15,44009,Washington,24.7482,12.0705,59.7587,2.6526
2011-06-16,44009,Washington,26.6696,12.6787,64.7025,2.742
2011-06-17,44009,Washington,23.1385,13.8811,77.8799,3.711
2011-06-18,44009,Washington,26.0764,16.2471,70.6339,3.1561
2011-06-19,44009,Washington,25.5913,14.1103,65.938,2.423
2011-06-20,44009,Washington,24.2248,12.5878,59.0925,1.2772
2011-06-21,44009,Washington,26.4901,13.4371,65.529,1.9679
2011-06-22,44009,Washington,26.1924,17.3526,72.2463,2.0502
2011-06-23,44009,Washington,25.84,15.3374,78.2586,2.2636
2011-06-24,44009,Washington,24.5305,14.7569,73.4514,3.0641
2011-06-25,44009,Washington,25.2247,14.7997,73.1605,1.9735
2011-06-26,44009,Washington,25.794,16.7879,72.0517,2.0709
2011-06-27,44009,Washington,27.0495,17.3558,68.8397,1.799
2011-06-28,44009,Washington,26.8168,17.0839,71.2177,1.9011
2011-06-29,44009,Washington,28.0373,16.069,75.8978,2.5893
2011-06-30,44009,Washington,25.3235,14.7293,67.3014,3.6796
2011-07-01,44009,Washington,25.3283,13.6344,63.9868,2.4308
2011-07-02,44009,Washington,25.2424,16.1343,71.3981,1.1159
2011-07-03,44009,Washington,26.4079,16.0011,77.3499,2.7644
2011-07-04,44009,Washington,28.5852,17.5921,75.5757,2.6542
2011-07-05,44009,Washington,28.6954,17.9843,69.6837,2.4286
2011-07-06,44009,Washington,28.3616,17.368,71.6743,3.0265
2011-07-07,44009,Washington,28.9627,19.7511,73.6763,2.1476
2011-07-08,44009,Washington,25.9748,19.0664,80.6775,2.3357
2011-07-09,44009,Washington,28.5388,17.2197,73.5314,2.4959
2011-07-10,44009,Washington,26.6324,17.0194,62.7859,1.761
2011-07-11,44009,Washington,28.9991,17.26,73.8528,2.8285
2011-07-12,44009,Washington,30.9352,20.2281,74.5571,4.2002
2011-07-13,44009,Washington,29.0573,17.5573,70.4439,2.5381
2011-07-14,44009,Washington,24.3712,14.2568,72.1673,3.8505
2011-07-15,44009,Washington,26.8435,13.8494,61.2179,2.1304
2011-07-16,44009,Washington,27.7008,15.4046,65.8792,2.3748
2011-07-17,44009,Washington,29.4449,17.4363,67.1421,4.0313
2011-07-18,44009,Washington,29.8417,19.2192,71.6833,5.0006
2011-07-19,44009,Washington,29.7228,19.8067,73.754,2.2432
2011-07-20,44009,Washington,29.2223,19.276,70.5644,2.2223
2011-07-21,44009,Washington,30.851,19.5188,75.2186,4.469
2011-07-22,44009,Washington,34.9824,22.5744,67.595,3.7412
2011-07-23,44009,Washington,33.3059,22.7214,65.1131,2.1719
2011-07-24,44009,Washington,32.2133,18.0383,73.0945,1.9421
2011-07-25,44009,Washington,24.2597,17.2727,76.5646,2.7788
2011-07-26,44009,Washington,27.8839,17.6114,71.1428,2.497
2011-07-27,44009,Washington,28.0378,17.9589,69.0079,2.8152
2011-07-28,44009,Washington,27.9652,17.7627,64.5527,1.733
2011-07-29,44009,Washington,26.3315,18.886,78.981,2.8235
2011-07-30,44009,Washington,31.033,18.713,67.9896,2.9515
2011-07-31,44009,Washington,29.5258,17.5507,61.3094,2.1628
2011-08-01,44009,Washington,30.8766,18.1078,65.3173,3.0887
2011-08-02,44009,Washington,30.412,18.0051,64.2812,3.0371
2011-08-03,44009,Washington,27.5377,17.0514,63.3576,1.6693
2011-08-04,44009,Washington,27.1533,17.3201,68.319,1.685
2011-08-05,44009,Washington,27.0235,17.447,67.6045,1.6964
2011-08-06,44009,Washington,28.5943,18.6986,70.0257,3.3518
2011-08-07,44009,Washington,25.1885,20.2256,86.0874,3.5732
2011-08-08,44009,Washington,29.2631,20.4672,76.7113,1.7125
2011-08-09,44009,Washington,27.0211,16.8728,83.1967,2.4657
2011-08-10,44009,Washington,28.0887,17.2559,73.7269,2.7162
2011-08-11,44009,Washington,26.5044,14.5854,72.7954,2.8217
2011-08-12,44009,Washington,26.2184,13.4581,60.2795,2.845
2011-08-13,44009,Washington,27.6012,15.2056,63.0761,2.1451
2011-08-14,44009,Washington,24.5028,17.5519,84.9177,2.6742
2011-08-15,44009,Washington,23.5454,12.8616,99.6806,4.2996
2011-08-16,44009,Washington,21.9498,13.1313,79.3342,2.496
2011-08-17,44009,Washington,27.0272,15.6027,71.6511,2.1762
2011-08-18,44009,Washington,27.6068,17.509,75.9126,3.2152
2011-08-19,44009,Washington,26.4769,18.3858,80.798,3.3142
2011-08-20,44009,Washington,26.6632,17.8137,78.3234,1.6867
2011-08-21,44009,Washington,27.4607,17.5536,79.9535,3.413
2011-08-22,44009,Washington,24.9619,15.4698,80.8478,4.202
2011-08-23,44009,Washington,23.5908,13.4187,61.9526,2.9174
2011-08-24,44009,Washington,25.3961,14.2788,67.8987,3.4039
2011-08-25,44009,Washington,27.3533,18.3898,80.1232,4.9915
2011-08-26,44009,Washington,27.8229,18.5089,79.9057,2.7652
2011-08-27,44009,Washington,25.9914,18.0647,84.1828,2.2303
2011-08-28,44009,Washington,24.2328,15.8735,99.2499,10.2627
2011-08-29,44009,Washington,23.7535,14.2142,72.0363,5.4406
2011-08-30,44009,Washington,24.5928,13.3189,65.7759,1.6674
2011-08-31,44009,Washington,26.9212,13.3758,63.9849,1.442
2011-09-01,44009,Washington,24.8095,13.2241,75.4066,2.1407
2011-09-02,44009,Washington,23.7589,12.5132,69.0442,2.1468
2011-09-03,44009,Washington,25.3284,13.2569,72.653,2.9074
2011-09-04,44009,Washington,26.4453,17.0028,75.859,3.9039
2011-09-05,44009,Washington,26.6038,17.9622,79.129,4.4304
2011-09-06,44009,Washington,23.3076,14.8855,91.8676,3.4493
2011-09-07,44009,Washington,22.4656,15.3999,80.8937,4.9076
2011-09-08,44009,Washington,23.5352,13.9127,80.3524,3.556
2011-09-09,44009,Washington,26.5019,15.24,72.4025,3.2102
2011-09-10,44009,Washington,25.0701,14.747,70.1776,1.8372
2011-09-11,44009,Washington,21.6406,14.5764,72.3065,3.1397
2011-09-12,44009,Washington,25.1916,15.5138,73.5218,2.5992
2011-09-13,44009,Washington,25.5502,17.088,73.4854,3.1636
2011-09-14,44009,Washington,27.0571,17.0553,74.7142,3.9398
2011-09-15,44009,Washington,26.3264,8.963,93.2556,3.0831
2011-09-16,44009,Washington,16.9719,7.2525,67.5732,5.0246
2011-09-17,44009,Washington,17.0137,6.3135,58.946,2.5803
2011-09-18,44009,Washington,18.9641,8.9344,64.9873,4.0297
2011-09-19,44009,Washington,19.9558,8.5229,66.1465,3.3218
2011-09-20,44009,Washington,19.9607,10.3248,78.3187,3.0988
2011-09-21,44009,Washington,23.523,13.2909,77.454,2.3516
2011-09-22,44009,Washington,24.618,16.9197,77.6273,1.5623
2011-09-23,44009,Washington,24.5354,17.4427,82.687,2.0531
2011-09-24,44009,Washington,25.849,18.0491,79.9416,3.0396
2011-09-25,44009,Washington,25.9746,18.0514,80.3607,1.4397
2011-09-26,44009,Washington,26.3732,17.3102,80.9327,1.5776
2011-09-27,44009,Washington,24.8775,16.6747,80.5563,1.3782
2011-09-28,44009,Washington,23.9024,14.4804,81.1247,3.9577
2011-09-29,44009,Washington,23.0876,14.9814,83.3544,3.6231
2011-09-30,44009,Washington,24.3027,12.8948,75.418,3.575
2011-10-01,44009,Washington,22.3892,14.4464,84.9289,1.5338
2011-10-02,44009,Washington,20.6067,11.7299,82.2516,2.1917
2011-10-03,44009,Washington,18.1812,9.5075,77.5306,2.0139
2011-10-04,44009,Washington,17.3707,9.3665,72.5426,1.665
2011-10-05,44009,Washington,19.6681,5.3867,68.695,5.4406
2011-10-06,44009,Washington,16.1182,3.892,50.9582,3.8573
2011-10-07,44009,Washington,16.5507,3.6219,48.47,1.8747
2011-10-08,44009,Washington,23.6416,7.5289,55.6735,3.1788
2011-10-09,44009,Washington,27.1917,11.1826,56.8897,3.0843
2011-10-10,44009,Washington,26.5149,12.0786,59.5048,2.7847
2011-10-11,44009,Washington,20.8478,9.9691,66.0498,2.9431
2011-10-12,44009,Washington,18.1679,9.6888,72.5266,4.322
2011-10-13,44009,Washington,23.7413,14.0297,73.3629,4.415
2011-10-14,44009,Washington,22.4552,12.9252,84.9829,3.477
2011-10-15,44009,Washington,19.0321,9.552,70.0491,7.6411
2011-10-16,44009,Washington,17.8063,8.6648,56.8691,6.9423
2011-10-17,44009,Washington,18.5996,9.5343,68.189,5.7868
2011-10-18,44009,Washington,19.3512,9.179,60.1526,3.7784
2011-10-19,44009,Washington,19.1598,10.8741,78.3045,4.4667
2011-10-20,44009,Washington,21.346,10.2896,85.7441,6.2153
2011-10-21,44009,Washington,16.0943,7.8586,68.3622,6.5711
2011-10-22,44009,Washington,15.7801,7.5255,62.3496,4.0767
2011-10-23,44009,Washington,14.1123,6.73,62.2672,2.5116
2011-10-24,44009,Washington,15.632,7.5805,65.4605,1.4076
2011-10-25,44009,Washington,15.823,4.9795,69.925,4.1884
2011-10-26,44009,Washington,14.9292,4.9908,59.3219,2.4311
2011-10-27,44009,Washington,12.4518,1.5436,96.7359,3.2074
2011-10-28,44009,Washington,8.644,-1.286,66.7888,4.9193
2011-10-29,44009,Washington,8.245,0.7677,68.867,5.4309
2011-10-30,44009,Washington,7.1142,-1.1844,75.061,8.45
2011-10-31,44009,Washington,12.1485,-0.9267,54.1743,2.2408
2011-11-01,44009,Washington,12.5193,2.4286,67.0039,3.885
2011-11-02,44009,Washington,13.2772,1.5238,58.5489,2.7858
2011-11-03,44009,Washington,14.9951,2.8497,60.0406,3.3254
2011-11-04,44009,Washington,11.4387,-0.5276,74.9239,4.6572
2011-11-05,44009,Washington,9.4606,-0.7207,49.0433,4.286
2011-11-06,44009,Washington,12.0083,0.2659,49.9927,2.6203
2011-11-07,44009,Washington,15.0894,3.5191,61.2404,4.4201
2011-11-08,44009,Washington,19.3022,6.1466,59.6488,2.4643
2011-11-09,44009,Washington,17.9629,7.6269,64.7039,1.7355
2011-11-10,44009,Washington,18.2517,7.7516,72.6582,2.2147
2011-11-11,44009,Washington,12.8265,2.4693,74.5216,5.4904
2011-11-12,44009,Washington,11.3446,1.5459,52.7803,6.7363
2011-11-13,44009,Washington,15.9793,4.8966,62.0249,4.74
2011-11-14,44009,Washington,17.2621,8.3545,65.9658,5.3638
2011-11-15,44009,Washington,19.6826,11.1039,65.6188,4.2157
2011-11-16,44009,Washington,15.7609,9.6809,76.9273,2.0582
2011-11-17,44009,Washington,14.3041,1.9259,81.8666,3.1608
2011-11-18,44009,Washington,7.3967,0.0329,53.8222,6.0851
2011-11-19,44009,Washington,11.3051,0.6307,51.5826,5.1917
2011-11-20,44009,Washington,15.8402,6.3341,64.3544,6.1893
2011-11-21,44009,Washington,12.5014,3.3925,73.7632,3.24
2011-11-22,44009,Washington,9.8112,2.8791,60.5391,2.5744
2011-11-23,44009,Washington,15.3359,0.0226,76.9674,5.1054
2011-11-24,44009,Washington,8.1642,-1.4215,61.1376,4.4635
2011-11-25,44009,Washington,14.1734,2.2436,58.5502,3.7664
2011-11-26,44009,Washington,16.4747,4.5377,56.6624,3.5005
2011-11-27,44009,Washington,15.2819,3.8528,64.5223,2.3324
2011-11-28,44009,Washington,18.5708,8.1977,64.5554,4.2482
2011-11-29,44009,Washington,19.5972,8.7104,68.5822,3.1981
2011-11-30,44009,Washington,15.8651,4.0508,76.7634,6.7366
2011-12-01,44009,Washington,8.3096,-0.2973,59.9319,4.661
2011-12-02,44009,Washington,10.2908,-0.3293,48.807,2.4132
2011-12-03,44009,Washington,7.9697,-0.7656,58.0658,3.5427
2011-12-04,44009,Washington,12.4814,0.5773,60.4372,2.5261
2011-12-05,44009,Washington,14.6157,4.3099,67.461,2.6258
2011-12-06,44009,Washington,15.7657,9.0967,73.1006,3.8016
2011-12-07,44009,Washington,15.5335,9.2282,79.7672,3.4595
2011-12-08,44009,Washington,13.0159,-0.4039,68.3952,6.5284
2011-12-09,44009,Washington,11.2624,-0.8098,53.8254,3.8129
2011-12-10,44009,Washington,8.9721,-2.6479,72.6616,3.346
2011-12-11,44009,Washington,3.485,-3.9583,45.4652,2.9991
2011-12-12,44009,Washington,8.0615,-1.366,49.6366,2.7756
2011-12-13,44009,Washington,7.5827,-2.001,56.1554,2.66
2011-12-14,44009,Washington,7.7527,-0.5026,60.6858,2.5608
2011-12-15,44009,Washington,13.208,1.7212,63.3432,5.2943
2011-12-16,44009,Washington,12.1435,0.4117,72.0387,6.8896
2011-12-17,44009,Washington,6.1402,-3.0045,60.3066,3.422
2011-12-18,44009,Washington,0.6021,-7.4007,46.5156,3.3773
2011-12-19,44009,Washington,6.5453,-7.8091,39.7914,3.3133
2011-12-20,44009,Washington,7.1877,-0.7723,59.7605,4.76
2011-12-21,44009,Washington,13.2849,0.5824,58.3163,3.446
2011-12-22,44009,Washington,13.444,4.5062,73.1474,5.4548
2011-12-23,44009,Washington,8.9593,-1.8394,82.1592,3.3973
2011-12-24,44009,Washington,1.6626,-4.9613,64.1761,3.9132
2011-12-25,44009,Washington,5.5412,-4.4987,54.896,2.1601
2011-12-26,44009,Washington,6.8876,-1.7676,67.3501,4.5376
2011-12-27,44009,Washington,13.2853,-1.003,52.0039,3.7911
2011-12-28,44009,Washington,11.6278,-3.7826,81.3679,7.5746
2011-12-29,44009,Washington,2.3328,-4.2861,45.3858,6.8984
2011-12-30,44009,Washington,9.747,-1.3114,48.6429,2.1392
2011-12-31,44009,Washington,12.2764,2.2809,71.0565,2.0834
2012-01-01,44009,Washington,11.4423,0.4279,63.3044,3.2162
2012-01-02,44009,Washington,10.6545,-1.5634,63.0811,6.2905
2012-01-03,44009,Washington,2.316,-9.9515,50.7001,5.5748
2012-01-04,44009,Washington,0.5896,-11.9113,30.54,5.611
2012-01-05,44009,Washington,3.5119,-3.3603,41.3597,4.7746
2012-01-06,44009,Washington,9.103,-2.6091,49.6165,4.2216
2012-01-07,44009,Washington,12.2543,0.5081,56.3344,3.6609
2012-01-08,44009,Washington,7.6262,-1.9709,57.458,3.001
2012-01-09,44009,Washington,3.7306,-2.9874,40.2553,2.7737
2012-01-10,44009,Washington,6.9176,-0.6949,50.4947,3.1161
2012-01-11,44009,Washington,6.897,-1.9085,49.0758,2.8135
2012-01-12,44009,Washington,9.6673,1.9162,65.488,5.8184
2012-01-13,44009,Washington,11.7099,-2.3994,66.7225,5.7285
2012-01-14,44009,Washington,2.3163,-7.404,48.592,8.0934
2012-01-15,44009,Washington,-3.7544,-13.0099,49.7217,6.4822
2012-01-16,44009,Washington,4.3803,-12.6446,35.547,4.4222
2012-01-17,44009,Washington,8.3558,0.5228,58.9753,6.316
2012-01-18,44009,Washington,8.3674,-6.8108,65.9522,7.0259
2012-01-19,44009,Washington,4.0859,-7.7614,39.018,4.1907
2012-01-20,44009,Washington,3.7923,-6.903,64.2793,5.0669
2012-01-21,44009,Washington,1.0683,-7.4137,58.3723,4.2441
2012-01-22,44009,Washington,1.057,-9.3346,62.3051,4.6156
2012-01-23,44009,Washington,8.3101,-3.6111,59.2984,3.5925
2012-01-24,44009,Washington,12.7195,0.5525,64.3034,4.0643
2012-01-25,44009,Washington,6.7632,-1.2668,55.5981,4.6102
2012-01-26,44009,Washington,6.5806,-1.421,51.5633,2.0787
2012-01-27,44009,Washington,13.6953,1.1272,69.5899,5.0248
2012-01-28,44009,Washington,8.0502,-1.2524,59.5435,5.0041
2012-01-29,44009,Washington,6.9556,-1.6665,49.9545,6.0238
2012-01-30,44009,Washington,4.9672,-2.0073,51.6357,5.5289
2012-01-31,44009,Washington,11.001,-1.4043,43.5744,3.7938
2012-02-01,44009,Washington,12.5392,1.85,59.7069,3.9289
2012-02-02,44009,Washington,8.3114,-0.7194,64.1767,3.1031
2012-02-03,44009,Washington,4.9066,-2.9992,51.5285,4.1862
2012-02-04,44009,Washington,7.1049,-2.5556,43.1824,3.8113
2012-02-05,44009,Washington,3.0193,-4.406,46.0225,2.9558
2012-02-06,44009,Washington,8.0853,-3.0821,43.8989,4.8616
2012-02-07,44009,Washington,9.3712,-1.5834,52.5224,4.1394
2012-02-08,44009,Washington,5.2247,-3.8018,43.3895,2.6273
2012-02-09,44009,Washington,8.2097,-2.3283,43.0141,2.8832
2012-02-10,44009,Washington,8.8812,-1.6834,45.3376,3.351
2012-02-11,44009,Washington,5.6352,-3.0965,71.6845,3.4369
2012-02-12,44009,Washington,0.6161,-7.4766,47.5851,7.2146
2012-02-13,44009,Washington,6.0707,-6.535,35.2042,6.8026
2012-02-14,44009,Washington,6.8949,-2.4321,48.7247,2.6746
2012-02-15,44009,Washington,8.3059,0.4678,63.3167,1.3968
2012-02-16,44009,Washington,9.1617,-1.2509,58.809,2.1663
2012-02-17,44009,Washington,11.0567,0.6418,64.6844,2.6877
2012-02-18,44009,Washington,8.3226,-0.9771,47.1583,4.9665
2012-02-19,44009,Washington,7.9438,-1.9966,49.5051,2.7796
2012-02-20,44009,Washington,5.5381,-3.6926,40.2556,4.403
2012-02-21,44009,Washington,7.3053,-4.3642,41.3833,3.5502
2012-02-22,44009,Washington,12.7761,2.389,56.8913,4.2319
2012-02-23,44009,Washington,14.8694,0.6272,56.9158,4.1239
2012-02-24,44009,Washington,8.0615,0.4611,59.7426,4.2712
2012-02-25,44009,Washington,7.615,-2.5152,62.5547,8.112
2012-02-26,44009,Washington,5.426,-4.4037,40.797,7.3474
2012-02-27,44009,Washington,10.3821,-2.9701,43.6415,3.8279
2012-02-28,44009,Washington,8.5165,0.3607,54.7539,5.3052
2012-02-29,44009,Washington,6.9433,-2.8765,49.264,5.3868
2012-03-01,44009,Washington,6.0849,-1.2644,77.484,5.4686
2012-03-02,44009,Washington,5.5971,-2.2425,64.1246,3.5271
2012-03-03,44009,Washington,12.8412,1.2702,66.9757,4.6325
2012-03-04,44009,Washington,9.1772,-0.3377,53.7485,3.6709
2012-03-05,44009,Washington,4.3936,-6.0594,56.7779,5.6072
2012-03-06,44009,Washington,4.4734,-6.5754,39.0175,4.4379
2012-03-07,44009,Washington,11.6047,-1.0335,51.9459,5.555
2012-03-08,44009,Washington,16.7358,5.1732,59.5743,7.4089
2012-03-09,44009,Washington,12.2881,1.597,64.557,6.7778
2012-03-10,44009,Washington,7.1951,-1.8705,44.8249,4.6117
2012-03-11,44009,Washington,11.7687,-1.4536,43.8013,4.3661
2012-03-12,44009,Washington,18.0128,1.8724,46.8366,3.7803
2012-03-13,44009,Washington,16.9005,6.4257,61.3099,3.7142
2012-03-14,44009,Washington,17.8828,3.135,63.5515,2.3046
2012-03-15,44009,Washington,10.642,1.8106,65.1685,2.5619
2012-03-16,44009,Washington,9.842,2.5156,66.4256,2.6314
2012-03-17,44009,Washington,14.6829,2.8111,62.9281,2.0163
2012-03-18,44009,Washington,17.0843,2.2909,58.8746,3.0923
2012-03-19,44009,Washington,21.482,5.8468,55.3034,3.1851
2012-03-20,44009,Washington,20.7824,6.7433,60.4505,2.0906
2012-03-21,44009,Washington,20.8371,8.4681,63.883,2.4596
2012-03-22,44009,Washington,22.4276,11.2233,61.7959,4.4742
2012-03-23,44009,Washington,22.388,10.2697,54.6534,2.8479
2012-03-24,44009,Washington,13.7841,5.9462,52.7758,3.2174
2012-03-25,44009,Washington,12.121,5.7111,60.2109,3.3664
2012-03-26,44009,Washington,13.21,-3.1192,67.9556,4.3034
2012-03-27,44009,Washington,8.4853,-3.0681,27.8326,6.2497
2012-03-28,44009,Washington,12.3447,1.1948,46.485,3.3659
2012-03-29,44009,Washington,10.4122,2.7072,69.4051,3.6419
2012-03-30,44009,Washington,10.7465,1.9897,43.3291,3.7111
2012-03-31,44009,Washington,7.3368,2.4902,65.344,3.3526
2012-04-01,44009,Washington,10.8375,2.1967,55.8936,2.2382
2012-04-02,44009,Washington,11.1306,0.7912,64.5064,4.6737
2012-04-03,44009,Washington,14.1168,0.3051,32.9116,3.8372
2012-04-04,44009,Washington,16.3058,4.5993,34.5117,3.0342
2012-04-05,44009,Washington,11.2836,2.379,47.1912,4.1904
2012-04-06,44009,Washington,10.3325,0.9431,45.7099,3.069
2012-04-07,44009,Washington,11.5725,0.2416,38.4211,3.1025
2012-04-08,44009,Washington,13.0439,4.8354,42.8583,2.7132
2012-04-09,44009,Washington,15.0576,4.3581,46.7635,5.8114
2012-04-10,44009,Washington,15.1368,3.6826,45.1741,4.3008
2012-04-11,44009,Washington,13.4343,5.1526,51.1729,2.2101
2012-04-12,44009,Washington,13.9507,4.8148,54.788,2.0848
2012-04-13,44009,Washington,15.7759,4.3874,47.509,2.1756
2012-04-14,44009,Washington,18.8724,5.3512,41.3753,3.8127
2012-04-15,44009,Washington,20.5313,9.6295,54.6688,3.6453
2012-04-16,44009,Washington,25.5187,11.0967,57.2226,2.8903
2012-04-17,44009,Washington,25.1237,9.6508,51.6608,3.2413
2012-04-18,44009,Washington,16.9022,6.9443,46.1483,3.1724
2012-04-19,44009,Washington,17.9253,5.9175,55.4637,2.6822
2012-04-20,44009,Washington,19.4112,5.9211,59.0293,2.9081
2012-04-21,44009,Washington,20.4009,11.2228,63.7374,3.5617
2012-04-22,44009,Washington,18.5721,11.334,74.4,2.4821
2012-04-23,44009,Washington,17.7227,6.984,83.1701,6.0824
2012-04-24,44009,Washington,13.9707,6.4267,59.7275,6.3268
2012-04-25,44009,Washington,16.6357,5.2682,53.0191,3.3372
2012-04-26,44009,Washington,15.2506,3.8718,58.6841,2.8989
2012-04-27,44009,Washington,13.6482,2.1707,75.9059,5.793
2012-04-28,44009,Washington,13.5471,1.4156,41.6984,5.7082
2012-04-29,44009,Washington,13.9492,2.1882,44.3886,3.816
2012-04-30,44009,Washington,15.2254,1.4376,37.0409,2.4495
2012-05-01,44009,Washington,14.6918,7.2033,67.0215,3.3923
2012-05-02,44009,Washington,15.9547,6.7679,69.0506,3.2082
2012-05-03,44009,Washington,13.9192,7.4366,74.8365,2.4757
2012-05-04,44009,Washington,17.4316,6.5381,72.3672,2.4504
2012-05-05,44009,Washington,16.7216,8.4992,77.1812,1.4083
2012-05-06,44009,Washington,17.768,6.0832,69.4842,1.81
2012-05-07,44009,Washington,19.0554,5.918,57.858,1.7653
2012-05-08,44009,Washington,16.0146,8.5068,67.5278,4.0745
2012-05-09,44009,Washington,19.1245,12.0653,74.6803,4.0145
2012-05-10,44009,Washington,19.1292,7.4584,76.3328,3.7724
2012-05-11,44009,Washington,17.951,6.5311,51.9677,5.0396
2012-05-12,44009,Washington,21.8904,6.2097,44.5712,3.3136
2012-05-13,44009,Washington,23.7365,10.0796,56.0171,2.8343
2012-05-14,44009,Washington,21.2924,12.2625,70.7036,3.4752
2012-05-15,44009,Washington,20.9059,11.8598,74.9916,4.2576
2012-05-16,44009,Washington,23.178,11.4719,70.8685,3.1542
2012-05-17,44009,Washington,20.429,8.5146,64.0248,2.6509
2012-05-18,44009,Washington,20.0858,7.9459,49.8775,2.1544
2012-05-19,44009,Washington,22.2462,6.69,48.2895,2.6567
2012-05-20,44009,Washington,23.0917,8.8166,52.6491,2.8472
2012-05-21,44009,Washington,21.6389,10.6204,70.2882,3.6931
2012-05-22,44009,Washington,19.5828,14.1721,78.1587,3.8213
2012-05-23,44009,Washington,23.4485,14.2451,70.2158,0.9895
2012-05-24,44009,Washington,21.1011,13.9375,77.8779,2.5672
2012-05-25,44009,Washington,23.0709,13.1706,72.5251,3.0831
2012-05-26,44009,Washington,27.5363,15.1677,69.1965,3.3311
2012-05-27,44009,Washington,26.1553,15.6419,68.0662,2.1149
2012-05-28,44009,Washington,27.9778,15.7538,66.7223,2.0964
2012-05-29,44009,Washington,28.0656,16.0129,71.759,3.1038
2012-05-30,44009,Washington,26.1415,15.4511,73.5979,2.654
2012-05-31,44009,Washington,26.8937,14.5193,59.2032,1.6242
2012-06-01,44009,Washington,21.8245,13.5335,65.2889,3.9058
2012-06-02,44009,Washington,21.4351,14.1602,75.379,5.6403
2012-06-03,44009,Washington,22.9769,12.0187,67.9689,2.3432
2012-06-04,44009,Washington,14.9864,8.9589,85.7837,3.3891
2012-06-05,44009,Washington,15.8215,8.6976,72.3258,4.0449
2012-06-06,44009,Washington,19.4901,10.0426,65.9843,1.5662
2012-06-07,44009,Washington,21.4831,11.9957,68.9048,1.8023
2012-06-08,44009,Washington,23.5269,12.8144,66.7827,2.0314
2012-06-09,44009,Washington,24.2964,14.2222,62.8676,3.0387
2012-06-10,44009,Washington,25.6814,13.0172,62.5779,1.9026
2012-06-11,44009,Washington,20.5226,12.2886,70.3135,2.901
2012-06-12,44009,Washington,22.4104,14.8567,71.0976,3.4981
2012-06-13,44009,Washington,21.0366,15.4445,79.8655,3.1638
2012-06-14,44009,Washington,23.4815,12.8708,73.7496,2.1775
2012-06-15,44009,Washington,23.7632,11.9414,64.2054,2.3709
2012-06-16,44009,Washington,22.8463,11.117,65.9431,2.6218
2012-06-17,44009,Washington,20.4583,9.3674,71.111,2.9034
2012-06-18,44009,Washington,20.8754,8.7999,68.6784,2.2439
2012-06-19,44009,Washington,22.365,11.4586,71.5724,2.6786
2012-06-20,44009,Washington,31.5774,16.0232,64.6646,3.5959
2012-06-21,44009,Washington,32.4072,21.8974,64.0549,3.1988
2012-06-22,44009,Washington,31.5844,20.8007,65.4586,2.2911
2012-06-23,44009,Washington,27.9556,15.9625,74.4127,2.077
2012-06-24,44009,Washington,27.2063,14.5929,59.715,2.8036
2012-06-25,44009,Washington,23.8765,15.648,76.8829,3.1356
2012-06-26,44009,Washington,23.4625,13.7801,66.0433,3.4882
2012-06-27,44009,Washington,25.2216,13.705,57.3205,4.6832
2012-06-28,44009,Washington,27.702,14.303,56.1507,3.1528
2012-06-29,44009,Washington,30.53,16.7426,64.6778,2.6513
2012-06-30,44009,Washington,29.7355,18.1955,62.8014,3.1452
2012-07-01,44009,Washington,29.8279,18.4378,67.8435,3.1848
2012-07-02,44009,Washington,27.811,17.0492,68.4508,2.6132
2012-07-03,44009,Washington,27.9489,16.4232,64.3159,2.6052
2012-07-04,44009,Washington,29.2614,18.178,72.4903,2.1572
2012-07-05,44009,Washington,30.2874,19.9537,70.9186,2.5081
2012-07-06,44009,Washington,29.2988,19.1151,69.6445,1.7253
2012-07-07,44009,Washington,31.9967,20.0217,68.8977,3.3577
2012-07-08,44009,Washington,29.0355,18.814,68.0958,2.1143
2012-07-09,44009,Washington,27.3188,16.3118,65.1494,1.9764
2012-07-10,44009,Washington,27.1608,15.2814,59.0063,1.6679
2012-07-11,44009,Washington,28.3913,17.6643,61.7072,1.3339
2012-07-12,44009,Washington,28.6641,17.2715,65.1352,1.7127
2012-07-13,44009,Washington,29.9624,17.5097,66.0525,3.0503
2012-07-14,44009,Washington,30.4444,19.0587,65.5527,3.1428
2012-07-15,44009,Washington,30.2489,18.5999,69.0296,3.7713
2012-07-16,44009,Washington,31.1377,21.7118,69.5955,3.2813
2012-07-17,44009,Washington,31.8291,20.6483,65.2055,3.1256
2012-07-18,44009,Washington,34.6617,22.2324,62.6302,3.4919
2012-07-19,44009,Washington,28.016,19.1343,75.1601,2.4445
2012-07-20,44009,Washington,22.0876,15.687,86.3602,3.7927
2012-07-21,44009,Washington,26.5144,14.6423,61.2591,2.4717
2012-07-22,44009,Washington,28.0405,14.8636,58.8736,2.3486
2012-07-23,44009,Washington,29.0953,16.4941,66.9777,3.3566
2012-07-24,44009,Washington,33.3347,18.8899,65.193,4.0348
2012-07-25,44009,Washington,28.1281,16.1056,54.0775,4.3938
2012-07-26,44009,Washington,30.2132,16.4106,59.2778,3.69
2012-07-27,44009,Washington,30.968,19.8021,73.2864,2.8997
2012-07-28,44009,Washington,29.4389,18.3815,72.3296,2.4727
2012-07-29,44009,Washington,28.2098,18.1172,69.5721,1.9297
2012-07-30,44009,Washington,27.0877,16.4898,71.536,2.0255
2012-07-31,44009,Washington,26.0834,16.0096,74.6042,2.7608
2012-08-01,44009,Washington,27.6532,17.1518,74.9088,2.415
2012-08-02,44009,Washington,30.1643,18.7423,68.128,2.0344
2012-08-03,44009,Washington,32.7377,19.7267,64.7107,3.3822
2012-08-04,44009,Washington,32.1962,20.1444,68.1092,2.8974
2012-08-05,44009,Washington,31.5955,20.4825,72.0933,4.3409
2012-08-06,44009,Washington,31.4838,18.0857,69.2277,4.1213
2012-08-07,44009,Washington,28.7404,16.2024,54.6265,2.2204
2012-08-08,44009,Washington,31.8809,17.4681,57.185,1.6964
2012-08-09,44009,Washington,32.1661,18.3521,61.9502,2.1816
2012-08-10,44009,Washington,30.7131,18.4032,70.797,4.1473
2012-08-11,44009,Washington,28.2348,21.8184,77.0666,3.8461
2012-08-12,44009,Washington,27.7061,20.4321,80.2822,4.0778
2012-08-13,44009,Washington,29.0572,18.6751,70.5937,3.0791
2012-08-14,44009,Washington,28.8187,17.9787,66.033,2.4572
2012-08-15,44009,Washington,28.4256,19.0888,73.2574,2.0904
2012-08-16,44009,Washington,28.831,18.5501,69.6549,2.3407
2012-08-17,44009,Washington,29.7742,17.6769,63.9308,3.0463
2012-08-18,44009,Washington,24.114,17.5509,87.7924,1.7561
2012-08-19,44009,Washington,25.4519,16.0591,65.3761,1.7488
2012-08-20,44009,Washington,26.2709,16.4481,61.3453,1.2281
2012-08-21,44009,Washington,27.8038,16.3666,63.6582,2.4529
2012-08-22,44009,Washington,28.1879,15.7668,59.3389,1.8612
2012-08-23,44009,Washington,29.172,16.4129,60.5375,2.3406
2012-08-24,44009,Washington,30.5232,16.9084,58.1023,1.8608
2012-08-25,44009,Washington,28.908,17.1218,61.9766,2.6737
2012-08-26,44009,Washington,29.4718,15.0063,55.6295,2.8401
2012-08-27,44009,Washington,29.5459,15.3273,62.0964,2.8622
2012-08-28,44009,Washington,30.1566,16.9416,72.7748,3.7511
2012-08-29,44009,Washington,25.3131,11.7813,61.125,2.999
2012-08-30,44009,Washington,28.4585,11.3531,45.8487,3.3518
2012-08-31,44009,Washington,32.9609,14.9033,47.6502,4.6323
2012-09-01,44009,Washington,30.9602,16.4732,56.6252,3.458
2012-09-02,44009,Washington,28.4105,16.0454,59.3664,2.5667
2012-09-03,44009,Washington,28.5424,15.175,60.0721,2.7145
2012-09-04,44009,Washington,26.0281,17.0957,77.027,2.7816
2012-09-05,44009,Washington,27.2682,19.8685,79.7783,4.3647
2012-09-06,44009,Washington,28.0016,17.6099,76.5536,1.8055
2012-09-07,44009,Washington,28.9468,17.1034,71.3316,2.075
2012-09-08,44009,Washington,28.8335,18.4159,75.4757,4.1682
2012-09-09,44009,Washington,24.0531,12.9497,79.8098,2.9447
2012-09-10,44009,Washington,22.0224,9.8404,61.3421,3.8899
2012-09-11,44009,Washington,21.937,8.7572,51.2151,3.6637
2012-09-12,44009,Washington,25.6328,10.4375,51.6615,2.0539
2012-09-13,44009,Washington,26.7706,12.9514,61.9573,2.8061
2012-09-14,44009,Washington,26.805,13.5637,65.4699,2.9204
2012-09-15,44009,Washington,24.448,9.4488,73.356,3.5505
2012-09-16,44009,Washington,21.3047,8.9615,54.234,3.3574
2012-09-17,44009,Washington,24.5253,9.111,50.5847,2.2484
2012-09-18,44009,Washington,25.3291,12.5637,70.2897,4.7274
2012-09-19,44009,Washington,22.8171,9.8493,81.4604,5.1949
2012-09-20,44009,Washington,21.2862,8.7039,59.3605,3.8451
2012-09-21,44009,Washington,22.5077,8.998,63.0988,3.0735
2012-09-22,44009,Washington,23.942,10.8493,67.2948,2.4483
2012-09-23,44009,Washington,22.0516,7.5612,76.8684,3.4948
2012-09-24,44009,Washington,19.3159,6.453,49.0417,2.86
2012-09-25,44009,Washington,22.6902,7.8724,50.5358,4.229
2012-09-26,44009,Washington,24.3929,12.9163,67.9805,4.6335
2012-09-27,44009,Washington,24.2614,12.9932,71.6405,2.456
2012-09-28,44009,Washington,19.7131,12.0215,79.1662,4.7466
2012-09-29,44009,Washington,20.9644,13.381,77.9609,1.4545
2012-09-30,44009,Washington,19.1074,11.0519,81.1626,1.6398
2012-10-01,44009,Washington,21.2651,9.5136,60.6976,5.4524
2012-10-02,44009,Washington,22.9009,12.3932,63.3404,2.035
2012-10-03,44009,Washington,23.2279,14.8983,74.2034,1.8195
2012-10-04,44009,Washington,23.6581,14.2397,78.6568,1.1923
2012-10-05,44009,Washington,24.7594,13.0701,65.8762,2.1767
2012-10-06,44009,Washington,24.8485,9.721,72.5035,4.1129
2012-10-07,44009,Washington,15.5806,6.8886,70.6982,2.5902
2012-10-08,44009,Washington,15.7918,5.9611,63.5172,2.0192
2012-10-09,44009,Washington,15.2535,9.0709,74.2934,4.2734
2012-10-10,44009,Washington,19.6252,10.0661,72.3938,4.2447
2012-10-11,44009,Washington,15.5887,6.7387,62.5714,5.4576
2012-10-12,44009,Washington,15.3885,1.2345,62.2705,4.9322
2012-10-13,44009,Washington,12.347,-0.1621,44.9326,3.6005
2012-10-14,44009,Washington,18.9597,7.783,59.8215,5.6177
2012-10-15,44009,Washington,23.8844,12.9061,67.7982,5.3854
2012-10-16,44009,Washington,17.2429,3.3075,81.3514,5.0116
2012-10-17,44009,Washington,16.1522,2.3603,53.1935,2.4123
2012-10-18,44009,Washington,18.5249,7.6028,59.6909,2.2049
2012-10-19,44009,Washington,20.6548,11.5367,77.2883,5.2936
2012-10-20,44009,Washington,23.0639,8.9628,80.5287,3.7913
2012-10-21,44009,Washington,16.9009,7.348,61.5971,4.2843
2012-10-22,44009,Washington,17.948,7.3755,55.0995,5.0532
2012-10-23,44009,Washington,18.6981,6.6278,55.9512,2.731
2012-10-24,44009,Washington,14.7726,9.1747,73.1872,2.5159
2012-10-25,44009,Washington,17.0707,8.6369,61.8852,2.1834
2012-10-26,44009,Washington,18.7599,10.0781,60.5484,1.4438
2012-10-27,44009,Washington,19.7315,9.2999,64.9769,2.2401
2012-10-28,44009,Washington,17.4317,8.5454,69.525,6.6557
2012-10-29,44009,Washington,18.9037,10.0397,71.3777,12.4056
2012-10-30,44009,Washington,19.0853,11.741,81.3406,8.0142
2012-10-31,44009,Washington,15.5637,7.0873,83.9336,3.3715
2012-11-01,44009,Washington,14.0783,6.4805,63.2671,4.0786
2012-11-02,44009,Washington,11.6167,4.3246,67.3075,4.2879
2012-11-03,44009,Washington,11.4659,1.8494,58.4318,5.3739
2012-11-04,44009,Washington,12.0061,1.4098,53.5346,4.3441
2012-11-05,44009,Washington,8.0157,-1.6038,61.8884,3.8448
2012-11-06,44009,Washington,7.0362,-3.3029,48.9487,3.0241
2012-11-07,44009,Washington,9.115,0.1045,63.4691,8.2784
2012-11-08,44009,Washington,7.3303,1.9335,72.3404,9.9009
2012-11-09,44009,Washington,11.4674,0.4949,51.0306,5.8989
2012-11-10,44009,Washington,12.1259,1.8095,52.8541,2.9071
2012-11-11,44009,Washington,17.2629,5.3376,53.7366,2.6508
2012-11-12,44009,Washington,18.5313,7.217,65.5084,3.218
2012-11-13,44009,Washington,18.1317,3.8489,85.8001,4.325
2012-11-14,44009,Washington,9.6871,-0.2415,65.3544,4.734
2012-11-15,44009,Washington,9.2014,-0.5186,61.1042,4.1017
2012-11-16,44009,Washington,9.3703,-0.2094,58.5963,2.6604
2012-11-17,44009,Washington,10.7607,-0.3026,54.821,3.5605
2012-11-18,44009,Washington,9.874,-0.8978,59.1756,3.3109
2012-11-19,44009,Washington,12.1699,0.7754,63.0208,4.1739
2012-11-20,44009,Washington,11.5897,0.4645,64.724,3.2963
2012-11-21,44009,Washington,11.0273,1.2478,65.7953,3.2562
2012-11-22,44009,Washington,12.9457,1.9113,64.4093,3.0376
2012-11-23,44009,Washington,12.6868,1.7794,66.3331,1.4869
2012-11-24,44009,Washington,9.0619,-1.179,72.8404,5.2437
2012-11-25,44009,Washington,6.0183,-1.509,44.1576,7.0856
2012-11-26,44009,Washington,8.1942,-0.5044,48.5697,5.6995
2012-11-27,44009,Washington,7.9436,0.0142,55.0116,2.4421
2012-11-28,44009,Washington,7.2927,-1.5947,66.4457,4.11
2012-11-29,44009,Washington,6.6378,-1.1776,51.0357,4.9117
2012-11-30,44009,Washington,6.4916,-1.7436,57.5084,3.9703
2012-12-01,44009,Washington,9.1806,0.3811,54.9637,5.473
2012-12-02,44009,Washington,14.8702,5.2658,62.5664,3.3581
2012-12-03,44009,Washington,15.777,4.6517,63.1072,3.9619
2012-12-04,44009,Washington,13.9591,3.414,65.1176,2.0333
2012-12-05,44009,Washington,15.5454,-0.6189,73.8732,4.8512
2012-12-06,44009,Washington,5.0733,-3.8261,48.4397,4.6541
2012-12-07,44009,Washington,10.1634,-1.368,55.9601,1.9719
2012-12-08,44009,Washington,14.258,5.5546,67.0616,1.8295
2012-12-09,44009,Washington,10.9616,4.8775,65.3204,3.2436
2012-12-10,44009,Washington,15.1694,7.326,66.9954,5.3009
2012-12-11,44009,Washington,13.9421,-0.5116,79.5755,4.0018
2012-12-12,44009,Washington,5.4512,-2.3265,54.7038,3.4195
2012-12-13,44009,Washington,6.0895,-1.5157,46.371,2.8268
2012-12-14,44009,Washington,8.6213,-1.6159,51.4647,3.7436
2012-12-15,44009,Washington,6.1593,-1.6688,53.8046,2.9386
2012-12-16,44009,Washington,8.1829,-0.5936,59.9438,4.8563
2012-12-17,44009,Washington,9.7921,4.567,68.2787,5.423
2012-12-18,44009,Washington,14.8336,4.666,68.965,3.6476
2012-12-19,44009,Washington,7.9645,-0.8423,70.962,6.7193
2012-12-20,44009,Washington,7.3713,-1.3458,56.3513,3.5605
2012-12-21,44009,Washington,13.3377,1.4351,67.0558,8.3715
2012-12-22,44009,Washington,5.2668,-2.7408,63.6804,7.5539
2012-12-23,44009,Washington,5.4623,-2.6499,48.89,6.5948
2012-12-24,44009,Washington,5.4455,-2.0219,51.1698,3.1783
2012-12-25,44009,Washington,5.1539,-3.8468,70.945,3.0251
2012-12-26,44009,Washington,6.4609,-4.5301,53.0948,4.7879
2012-12-27,44009,Washington,10.4568,-1.1981,74.5732,7.471
2012-12-28,44009,Washington,3.4747,-3.2538,61.2733,6.1236
2012-12-29,44009,Washington,5.0491,-3.2511,60.6315,3.3188
2012-12-30,44009,Washington,2.4202,-6.0032,68.4242,7.8554
2012-12-31,44009,Washington,3.4887,-5.9221,49.2748,7.1219
2013-01-01,44009,Washington,4.5961,-6.7528,61.8672,6.3547
2013-01-02,44009,Washington,0.108,-8.0976,44.8079,5.4372
2013-01-03,44009,Washington,-0.6283,-11.2043,38.1122,5.0204
2013-01-04,44009,Washington,4.0609,-4.2103,51.7306,5.6635
2013-01-05,44009,Washington,4.7023,-2.6343,50.5168,5.7242
2013-01-06,44009,Washington,5.2996,-1.9511,57.1733,2.834
2013-01-07,44009,Washington,5.6432,-2.4823,59.5361,3.5363
2013-01-08,44009,Washington,7.9033,-1.9075,52.9199,4.1266
2013-01-09,44009,Washington,9.1755,-1.6859,60.868,3.5474
2013-01-10,44009,Washington,7.2562,-2.1577,60.5194,6.1894
2013-01-11,44009,Washington,7.6116,-2.5463,52.1291,2.5115
2013-01-12,44009,Washington,11.7477,3.0735,65.8546,2.7434
2013-01-13,44009,Washington,12.6019,2.246,64.9915,1.8892
2013-01-14,44009,Washington,15.9061,3.7228,63.1143,3.4328
2013-01-15,44009,Washington,7.0779,0.4319,58.8433,2.5609
2013-01-16,44009,Washington,7.4519,-0.0881,60.5267,2.9997
2013-01-17,44009,Washington,6.6852,-2.288,62.1264,4.7086
2013-01-18,44009,Washington,1.1566,-6.4492,45.6552,4.2316
2013-01-19,44009,Washington,7.6496,-3.2176,47.0425,6.9077
2013-01-20,44009,Washington,11.4813,-3.2426,58.7239,7.1957
2013-01-21,44009,Washington,2.6078,-4.8945,39.3444,4.1847
2013-01-22,44009,Washington,0.7228,-10.5222,54.2804,5.0208
2013-01-23,44009,Washington,-5.5256,-12.0483,35.6614,6.4657
2013-01-24,44009,Washington,-5.4018,-13.3291,33.0958,6.3665
2013-01-25,44009,Washington,-2.5862,-13.57,33.9214,6.0541
2013-01-26,44009,Washington,-2.1078,-12.2744,49.5055,4.3675
2013-01-27,44009,Washington,-0.629,-12.3431,46.4788,5.8499
2013-01-28,44009,Washington,3.0596,-8.4538,49.7777,2.838
2013-01-29,44009,Washington,5.9005,-1.7192,64.9448,2.4159
2013-01-30,44009,Washington,13.3915,1.3713,62.667,4.2761
2013-01-31,44009,Washington,12.4284,-2.3356,76.5005,9.9484
2013-02-01,44009,Washington,2.5288,-5.601,37.0038,7.9734
2013-02-02,44009,Washington,1.9843,-6.7948,32.8555,5.8519
2013-02-03,44009,Washington,1.151,-4.7997,44.348,3.1898
2013-02-04,44009,Washington,1.4711,-5.2863,39.305,5.763
2013-02-05,44009,Washington,1.7926,-5.2344,40.2548,3.7644
2013-02-06,44009,Washington,4.6288,-4.3344,56.7292,3.0161
2013-02-07,44009,Washington,0.9638,-5.48,33.7704,4.0313
2013-02-08,44009,Washington,5.4039,-2.8393,56.8812,7.5987
2013-02-09,44009,Washington,1.3136,-9.6404,69.8092,10.3697
2013-02-10,44009,Washington,2.2543,-10.0862,45.3663,5.3433
2013-02-11,44009,Washington,6.8231,-4.1998,60.2012,3.5361
2013-02-12,44009,Washington,6.6834,-1.5431,64.2057,5.732
2013-02-13,44009,Washington,5.8226,-2.0922,54.2115,3.6528
2013-02-14,44009,Washington,5.5766,-2.6365,55.8688,2.363
2013-02-15,44009,Washington,9.4167,-1.1102,54.0046,2.7948
2013-02-16,44009,Washington,6.1965,-2.9288,65.6137,2.372
2013-02-17,44009,Washington,0.7778,-9.6673,59.2799,7.9589
2013-02-18,44009,Washington,1.4367,-10.5068,35.7106,9.1883
2013-02-19,44009,Washington,9.8889,-4.0844,43.8954,4.3571
2013-02-20,44009,Washington,5.0371,-5.3784,64.5906,6.6884
2013-02-21,44009,Washington,0.8788,-6.2311,46.9593,7.4013
2013-02-22,44009,Washington,4.5703,-5.6986,50.8644,4.0539
2013-02-23,44009,Washington,5.9716,-2.1192,63.0887,3.4032
2013-02-24,44009,Washington,6.3578,-0.6685,68.3751,4.6821
2013-02-25,44009,Washington,6.6548,-1.7884,57.0863,3.1172
2013-02-26,44009,Washington,6.9792,-0.7742,52.6432,1.7225
2013-02-27,44009,Washington,8.0997,0.5882,64.2343,7.4706
2013-02-28,44009,Washington,9.2021,-0.414,62.5653,1.9925
2013-03-01,44009,Washington,8.9886,-0.4401,56.7427,3.2715
2013-03-02,44009,Washington,7.1032,-1.4676,54.927,3.7772
2013-03-03,44009,Washington,4.8433,-1.3993,56.526,3.4761
2013-03-04,44009,Washington,4.6348,-2.3685,52.3029,5.3473
2013-03-05,44009,Washington,7.4379,-2.5178,48.8829,4.8254
2013-03-06,44009,Washington,6.7264,0.2563,66.984,5.9172
2013-03-07,44009,Washington,5.7768,-0.0688,64.6773,10.2798
2013-03-08,44009,Washington,5.6653,-1.4322,61.501,8.2228
2013-03-09,44009,Washington,9.3004,-1.8325,49.0144,6.2083
2013-03-10,44009,Washington,8.8532,-1.7191,57.3171,2.8016
2013-03-11,44009,Washington,10.5814,-1.0104,61.532,2.5301
2013-03-12,44009,Washington,14.3815,2.3506,66.7623,4.9106
2013-03-13,44009,Washington,10.4483,0.0315,69.8216,4.1483
2013-03-14,44009,Washington,4.0728,-3.9514,53.3212,5.0768
2013-03-15,44009,Washington,5.6123,-4.2173,32.3421,6.3637
2013-03-16,44009,Washington,4.3736,-1.4333,47.1371,3.4457
2013-03-17,44009,Washington,4.1418,-4.795,47.0945,3.198
2013-03-18,44009,Washington,3.9093,-5.0766,33.7843,3.8668
2013-03-19,44009,Washington,6.2553,-1.1906,68.7307,5.8118
2013-03-20,44009,Washington,5.2549,-1.5959,55.5766,6.0552
2013-03-21,44009,Washington,6.7908,-1.5255,51.8342,2.3008
2013-03-22,44009,Washington,5.7126,-2.7021,47.4087,4.6457
2013-03-23,44009,Washington,7.3763,-2.0925,46.0553,6.5171
2013-03-24,44009,Washington,8.9115,-1.5567,44.1271,4.4788
2013-03-25,44009,Washington,8.5769,-1.133,55.6994,4.6926
2013-03-26,44009,Washington,10.1437,-0.8839,49.9519,4.6936
2013-03-27,44009,Washington,11.1049,-1.2168,41.0734,3.1249
2013-03-28,44009,Washington,10.6539,0.4906,48.7926,3.4805
2013-03-29,44009,Washington,13.8149,0.6566,44.1451,3.3422
2013-03-30,44009,Washington,13.4767,0.9423,41.9697,3.0996
2013-03-31,44009,Washington,14.2208,0.4676,41.789,3.0214
2013-04-01,44009,Washington,14.6433,-1.2,68.153,5.4517
2013-04-02,44009,Washington,6.0038,-2.3265,43.8732,6.3574
2013-04-03,44009,Washington,7.3003,-2.1288,34.5736,7.119
2013-04-04,44009,Washington,9.2074,-2.4185,39.7147,5.0268
2013-04-05,44009,Washington,14.107,0.617,52.1027,3.6651
2013-04-06,44009,Washington,7.7175,0.2125,40.6895,4.785
2013-04-07,44009,Washington,10.8856,-0.4331,49.8824,3.5853
2013-04-08,44009,Washington,18.6702,3.7216,51.8564,3.2688
2013-04-09,44009,Washington,21.4403,4.7233,51.3532,3.4901
2013-04-10,44009,Washington,20.0176,7.0961,55.1135,1.7855
2013-04-11,44009,Washington,12.6271,4.4989,77.1415,2.6216
2013-04-12,44009,Washington,9.7851,3.7761,65.8493,6.4269
2013-04-13,44009,Washington,13.0026,3.3246,61.8197,3.4481
2013-04-14,44009,Washington,12.8509,1.6065,57.795,4.0272
2013-04-15,44009,Washington,12.7272,1.4725,45.2306,2.4271
2013-04-16,44009,Washington,14.66,2.4349,62.5075,4.033
2013-04-17,44009,Washington,19.1568,4.86,58.7615,3.594
2013-04-18,44009,Washington,15.5142,3.3008,53.6178,3.5632
2013-04-19,44009,Washington,20.9166,8.0279,64.6686,5.3816
2013-04-20,44009,Washington,14.9494,4.57,78.2025,6.502
2013-04-21,44009,Washington,11.9015,1.0903,43.1944,4.3781
2013-04-22,44009,Washington,11.1564,-0.1637,54.6231,4.3316
2013-04-23,44009,Washington,9.7477,2.635,69.5663,6.028
2013-04-24,44009,Washington,18.1596,4.5802,55.7951,4.4846
2013-04-25,44009,Washington,16.1742,4.856,61.2735,4.1061
2013-04-26,44009,Washington,17.1107,3.9709,43.8316,1.9079
2013-04-27,44009,Washington,17.3053,4.4752,49.6041,1.3396
2013-04-28,44009,Washington,17.2223,4.6459,51.114,2.2252
2013-04-29,44009,Washington,16.8762,5.1536,55.9381,2.5094
2013-04-30,44009,Washington,18.8359,4.9744,47.5125,2.0587
2013-05-01,44009,Washington,17.6294,3.7714,52.3936,2.8154
2013-05-02,44009,Washington,20.1012,4.416,49.7113,1.7199
2013-05-03,44009,Washington,16.0605,5.2174,60.1357,3.9881
2013-05-04,44009,Washington,16.3007,3.0229,57.3864,3.7084
2013-05-05,44009,Washington,16.192,1.6049,56.2455,3.2436
2013-05-06,44009,Washington,18.6751,3.5427,58.0087,1.805
2013-05-07,44009,Washington,21.9297,8.0452,59.8075,2.079
2013-05-08,44009,Washington,21.7817,10.3804,67.1267,4.0609
2013-05-09,44009,Washington,19.845,10.2505,68.8723,2.619
2013-05-10,44009,Washington,24.0946,11.0578,56.824,3.0656
2013-05-11,44009,Washington,20.8038,10.6269,70.3056,4.0471
2013-05-12,44009,Washington,20.68,6.3535,73.7572,4.0027
2013-05-13,44009,Washington,14.7299,4.9528,49.4162,4.9747
2013-05-14,44009,Washington,15.4679,3.5945,46.2489,3.2745
2013-05-15,44009,Washington,17.0298,4.1173,56.2064,3.6557
2013-05-16,44009,Washington,24.202,9.6049,51.0761,3.8149
2013-05-17,44009,Washington,20.4027,9.634,51.1122,3.2882
2013-05-18,44009,Washington,20.8831,8.9144,48.8064,2.0289
2013-05-19,44009,Washington,20.392,8.4128,63.2197,3.4478
2013-05-20,44009,Washington,25.6477,12.8816,60.1158,3.8993
2013-05-21,44009,Washington,26.6051,14.0518,65.6249,3.2168
2013-05-22,44009,Washington,25.1212,13.1355,66.7554,2.9103
2013-05-23,44009,Washington,23.4344,14.3442,71.3582,5.0013
2013-05-24,44009,Washington,22.6916,9.8064,76.1902,3.3885
2013-05-25,44009,Washington,12.5372,6.2152,82.5622,4.4943
2013-05-26,44009,Washington,14.3848,5.6939,57.4678,6.9202
2013-05-27,44009,Washington,20.316,5.5428,45.869,3.911
2013-05-28,44009,Washington,21.9843,8.5994,51.1278,2.3919
2013-05-29,44009,Washington,23.8311,12.8363,64.7655,3.7586
2013-05-30,44009,Washington,29.0308,15.179,60.4752,3.7312
2013-05-31,44009,Washington,30.2964,16.6362,58.5349,3.152
2013-06-01,44009,Washington,28.4925,15.9781,62.5198,4.1678
2013-06-02,44009,Washington,26.8104,15.8217,68.877,5.0702
2013-06-03,44009,Washington,23.8267,15.2455,75.6588,3.9168
2013-06-04,44009,Washington,20.4568,9.9834,66.2722,3.8135
2013-06-05,44009,Washington,21.6189,9.5828,51.5847,1.846
2013-06-06,44009,Washington,21.5792,9.6894,64.5459,3.2103
2013-06-07,44009,Washington,19.5612,12.9246,75.0658,4.5826
2013-06-08,44009,Washington,24.5302,14.4364,65.6157,3.9022
2013-06-09,44009,Washington,25.492,14.6519,64.3406,2.7768
2013-06-10,44009,Washington,23.4237,14.3462,68.5563,2.7198
2013-06-11,44009,Washington,25.8817,15.3262,69.6117,4.3402
2013-06-12,44009,Washington,22.4866,13.4286,69.2641,6.2634
2013-06-13,44009,Washington,19.5071,11.5178,72.5678,3.2749
2013-06-14,44009,Washington,22.0897,9.2197,63.9944,5.7103
2013-06-15,44009,Washington,24.2177,12.9435,59.4598,2.8927
2013-06-16,44009,Washington,25.1288,12.3637,62.0794,3.4321
2013-06-17,44009,Washington,27.532,15.8646,66.531,3.5844
2013-06-18,44009,Washington,25.9281,16.1675,70.761,2.2181
2013-06-19,44009,Washington,23.6808,14.7047,64.7696,2.9301
2013-06-20,44009,Washington,23.7259,14.5198,58.7512,2.073
2013-06-21,44009,Washington,25.5808,14.3322,60.1121,3.247
2013-06-22,44009,Washington,26.3037,14.1156,62.6635,3.5553
2013-06-23,44009,Washington,27.7644,15.2722,67.2587,3.7184
2013-06-24,44009,Washington,31.8657,18.7892,63.4292,4.1933
2013-06-25,44009,Washington,31.3748,20.6878,61.7865,3.9555
2013-06-26,44009,Washington,30.4096,20.3045,63.8808,4.1031
2013-06-27,44009,Washington,27.2171,17.8439,77.1887,2.2864
2013-06-28,44009,Washington,26.8562,18.1155,73.7653,4.891
2013-06-29,44009,Washington,27.7029,19.1766,73.0041,4.5166
2013-06-30,44009,Washington,27.3715,18.5342,76.8078,3.732
2013-07-01,44009,Washington,26.8155,19.2794,76.667,3.5061
2013-07-02,44009,Washington,26.795,19.5726,82.1518,3.9316
2013-07-03,44009,Washington,29.1021,19.7027,75.3618,4.4882
2013-07-04,44009,Washington,30.2358,20.7941,75.6426,4.4691
2013-07-05,44009,Washington,31.4124,21.1844,72.646,4.392
2013-07-06,44009,Washington,31.9068,21.8885,70.418,3.9489
2013-07-07,44009,Washington,31.9547,21.7929,69.8118,2.716
2013-07-08,44009,Washington,30.7969,21.9013,72.0793,3.6865
2013-07-09,44009,Washington,27.7554,20.1917,78.8589,2.0922
2013-07-10,44009,Washington,28.1882,20.2516,80.5611,3.3191
2013-07-11,44009,Washington,27.9304,21.7173,81.427,3.4827
2013-07-12,44009,Washington,25.5586,19.0303,83.121,3.7209
2013-07-13,44009,Washington,26.9068,18.8443,77.7034,3.1866
2013-07-14,44009,Washington,30.2139,20.3645,75.831,2.017
2013-07-15,44009,Washington,32.5375,22.2157,67.791,2.5958
2013-07-16,44009,Washington,32.8314,21.4699,65.0702,2.3652
2013-07-17,44009,Washington,31.3777,21.8243,66.6778,1.2802
2013-07-18,44009,Washington,33.442,21.674,66.358,2.7237
2013-07-19,44009,Washington,33.7175,22.2358,69.248,4.1437
2013-07-20,44009,Washington,32.9709,21.9135,70.8324,4.9817
2013-07-21,44009,Washington,28.944,19.6598,71.8988,2.1148
2013-07-22,44009,Washington,29.4866,19.1168,71.007,2.1574
2013-07-23,44009,Washington,28.6643,18.1313,79.4962,3.0735
2013-07-24,44009,Washington,28.9993,20.7489,77.1231,2.3011
2013-07-25,44009,Washington,22.331,16.9372,84.4916,4.1883
2013-07-26,44009,Washington,22.3496,16.7225,81.3435,4.4715
2013-07-27,44009,Washington,27.3313,16.557,69.1903,2.8366
2013-07-28,44009,Washington,28.7658,17.835,70.8296,2.1185
2013-07-29,44009,Washington,28.3626,18.3693,77.4714,2.5136
2013-07-30,44009,Washington,27.7059,15.8586,68.8358,3.0591
2013-07-31,44009,Washington,27.7805,14.6924,59.3364,1.9809
2013-08-01,44009,Washington,27.4771,16.0671,69.6475,3.0695
2013-08-02,44009,Washington,28.4063,18.1906,67.9037,2.8942
2013-08-03,44009,Washington,27.7584,15.8172,69.4879,4.3519
2013-08-04,44009,Washington,27.0287,12.6059,62.0443,3.2375
2013-08-05,44009,Washington,25.7541,11.3301,49.7112,3.4359
2013-08-06,44009,Washington,26.6828,12.1884,46.1983,1.9543
2013-08-07,44009,Washington,27.6777,14.0952,56.2742,2.1462
2013-08-08,44009,Washington,27.1794,17.6139,72.5047,3.1178
2013-08-09,44009,Washington,26.1847,19.7369,81.7318,4.227
2013-08-10,44009,Washington,28.829,14.6572,69.5824,3.8705
2013-08-11,44009,Washington,26.0613,12.9443,54.4735,2.9606
2013-08-12,44009,Washington,28.2484,15.7619,60.7139,2.6802
2013-08-13,44009,Washington,26.5491,16.797,77.683,2.5506
2013-08-14,44009,Washington,25.8307,11.6717,69.7022,3.9632
2013-08-15,44009,Washington,25.7993,10.7539,50.7808,3.3185
2013-08-16,44009,Washington,27.3784,12.2227,51.1941,2.7238
2013-08-17,44009,Washington,28.3417,14.2105,50.3083,1.6855
2013-08-18,44009,Washington,27.4525,14.9345,54.3538,1.4946
2013-08-19,44009,Washington,29.1566,14.1148,54.4018,3.3522
2013-08-20,44009,Washington,31.792,16.585,52.3627,3.3783
2013-08-21,44009,Washington,31.5651,16.3308,54.4918,2.8016
2013-08-22,44009,Washington,28.5713,17.8416,71.2076,3.8923
2013-08-23,44009,Washington,28.9061,13.8314,64.6356,3.5681
2013-08-24,44009,Washington,27.3167,12.6298,47.3029,2.79
2013-08-25,44009,Washington,28.0582,12.5633,46.0531,1.6413
2013-08-26,44009,Washington,29.1152,15.9849,59.9257,4.7419
2013-08-27,44009,Washington,27.4685,18.1977,75.1668,3.0717
2013-08-28,44009,Washington,28.6756,17.7702,70.8357,1.0843
2013-08-29,44009,Washington,26.1283,16.5382,75.5328,3.1734
2013-08-30,44009,Washington,27.8998,16.1782,67.9675,2.9073
2013-08-31,44009,Washington,26.6955,18.2508,80.551,4.3189
2013-09-01,44009,Washington,25.1755,18.5934,86.122,3.0293
2013-09-02,44009,Washington,24.8129,18.6613,84.4262,2.1121
2013-09-03,44009,Washington,26.4244,17.1695,85.4036,2.3524
2013-09-04,44009,Washington,25.3927,14.7939,71.2613,3.8341
2013-09-05,44009,Washington,25.0742,10.7372,69.0881,3.347
2013-09-06,44009,Washington,20.4226,8.7668,55.4071,2.6402
2013-09-07,44009,Washington,24.3202,9.7625,56.1378,3.6606
2013-09-08,44009,Washington,25.7651,8.7298,72.1707,4.0056
2013-09-09,44009,Washington,21.0845,7.0055,53.7808,2.8699
2013-09-10,44009,Washington,25.94,12.9183,70.4987,4.217
2013-09-11,44009,Washington,31.6614,18.6561,68.5011,3.5833
2013-09-12,44009,Washington,28.8855,18.7112,75.7454,3.9948
2013-09-13,44009,Washington,25.3345,13.7793,86.1832,2.9352
2013-09-14,44009,Washington,22.7341,10.6703,68.924,3.2048
2013-09-15,44009,Washington,21.8425,9.1975,59.8935,3.1426
2013-09-16,44009,Washington,22.1385,8.4153,68.3107,2.9199
2013-09-17,44009,Washington,17.8629,6.1182,58.0609,4.2059
2013-09-18,44009,Washington,21.8662,7.1773,45.8617,1.84
2013-09-19,44009,Washington,25.5277,8.7587,50.0521,2.9322
2013-09-20,44009,Washington,25.9877,9.8329,54.4567,2.3596
2013-09-21,44009,Washington,25.0467,11.0647,68.0532,3.0714
2013-09-22,44009,Washington,22.7531,10.9271,89.4164,4.0861
2013-09-23,44009,Washington,19.169,7.1039,58.3892,4.1941
2013-09-24,44009,Washington,19.6206,5.1365,53.7878,3.7382
2013-09-25,44009,Washington,20.6538,6.706,55.563,2.3515
2013-09-26,44009,Washington,20.0244,12.3464,59.4035,2.1687
2013-09-27,44009,Washington,20.5759,12.0516,61.8265,2.2169
2013-09-28,44009,Washington,22.665,10.6071,60.3697,2.5899
2013-09-29,44009,Washington,21.378,8.9182,65.0743,2.0382
2013-09-30,44009,Washington,23.7489,7.8572,60.7191,1.7086
2013-10-01,44009,Washington,25.4784,11.4726,54.9325,2.3046
2013-10-02,44009,Washington,28.7338,11.29,45.4846,3.3634
2013-10-03,44009,Washington,27.2979,11.6871,45.3693,2.4862
2013-10-04,44009,Washington,25.154,11.0563,50.4703,1.6009
2013-10-05,44009,Washington,24.031,13.9824,62.3645,1.0406
2013-10-06,44009,Washington,19.1664,13.9382,73.0762,3.0037
2013-10-07,44009,Washington,24.289,14.6997,73.5297,4.3645
2013-10-08,44009,Washington,20.8986,6.7131,63.6494,4.2248
2013-10-09,44009,Washington,20.0749,6.7195,49.1457,4.4144
2013-10-10,44009,Washington,19.5956,7.8839,66.4262,4.7294
2013-10-11,44009,Washington,24.3708,9.6593,60.0141,4.5726
2013-10-12,44009,Washington,23.4035,9.1849,56.515,5.4503
2013-10-13,44009,Washington,19.413,5.8445,64.9448,4.934
2013-10-14,44009,Washington,19.8394,5.9543,53.2398,2.241
2013-10-15,44009,Washington,22.0752,7.6948,50.8306,1.7935
2013-10-16,44009,Washington,22.5165,8.2978,63.63,2.5404
2013-10-17,44009,Washington,24.1784,12.3764,62.8103,2.3313
2013-10-18,44009,Washington,21.8792,6.8511,68.6281,4.3032
2013-10-19,44009,Washington,20.1865,5.9391,49.9299,2.834
2013-10-20,44009,Washington,17.8388,4.6522,62.8555,4.363
2013-10-21,44009,Washington,19.0785,4.0716,41.239,3.0298
2013-10-22,44009,Washington,21.7289,5.2847,54.1139,3.4719
2013-10-23,44009,Washington,13.338,3.1797,64.817,2.4191
2013-10-24,44009,Washington,13.8827,3.8395,48.5655,4.9194
2013-10-25,44009,Washington,12.7807,1.5,43.1126,4.8383
2013-10-26,44009,Washington,14.8415,0.477,45.3042,4.9145
2013-10-27,44009,Washington,15.4943,2.4353,52.8512,4.8251
2013-10-28,44009,Washington,15.6638,1.5196,41.117,4.1762
2013-10-29,44009,Washington,13.0955,1.5727,43.4129,2.6919
2013-10-30,44009,Washington,14.5701,2.7843,48.9909,1.5718
2013-10-31,44009,Washington,18.6779,5.9684,64.4888,2.8973
2013-11-01,44009,Washington,21.2529,10.1439,81.3692,7.3764
2013-11-02,44009,Washington,20.4156,9.3392,56.8976,2.6391
2013-11-03,44009,Washington,12.7515,0.4128,72.2518,3.9301
2013-11-04,44009,Washington,8.0676,-1.2141,44.556,4.6942
2013-11-05,44009,Washington,11.6089,-0.7291,52.944,2.6814
2013-11-06,44009,Washington,16.8369,4.5294,57.5805,1.9791
2013-11-07,44009,Washington,19.2301,3.8685,81.0647,4.5648
2013-11-08,44009,Washington,10.2224,1.6402,62.5348,5.5983
2013-11-09,44009,Washington,9.4658,0.5091,42.8204,5.205
2013-11-10,44009,Washington,15.213,4.2448,51.5464,4.6567
2013-11-11,44009,Washington,11.019,1.8375,50.145,6.4853
2013-11-12,44009,Washington,10.5046,-4.6027,67.0474,5.832
2013-11-13,44009,Washington,3.4798,-4.711,45.0647,5.4858
2013-11-14,44009,Washington,10.9072,-1.9158,42.0151,6.1012
2013-11-15,44009,Washington,15.7645,2.0237,45.5335,4.6379
2013-11-16,44009,Washington,15.0567,4.2352,55.1319,2.7536
2013-11-17,44009,Washington,15.4308,4.3789,70.762,2.2544
2013-11-18,44009,Washington,18.5849,6.6345,73.4027,4.5767
2013-11-19,44009,Washington,9.4806,-2.9802,59.256,6.2829
2013-11-20,44009,Washington,6.2036,-4.0615,43.9826,5.0485
2013-11-21,44009,Washington,9.0892,-3.9581,48.3374,2.0052
2013-11-22,44009,Washington,12.1105,4.1137,70.5512,2.3901
2013-11-23,44009,Washington,10.4494,-3.0243,74.4358,5.1125
2013-11-24,44009,Washington,-0.2156,-8.1988,48.7237,8.8772
2013-11-25,44009,Washington,2.5506,-9.5709,37.0785,6.456
2013-11-26,44009,Washington,10.2896,-0.8319,47.2664,4.1398
2013-11-27,44009,Washington,16.0707,1.2801,91.0169,6.5389
2013-11-28,44009,Washington,4.0988,-4.0607,71.5216,7.2734
2013-11-29,44009,Washington,1.4252,-4.181,42.0023,4.0284
2013-11-30,44009,Washington,4.9882,-6.558,46.969,3.3709
2013-12-01,44009,Washington,10.1035,1.5645,71.241,2.4405
2013-12-02,44009,Washington,8.8485,-0.5739,75.0135,1.4908
2013-12-03,44009,Washington,9.9717,-1.3439,64.7973,2.4372
2013-12-04,44009,Washington,9.6801,-0.504,57.8475,2.0299
2013-12-05,44009,Washington,13.7491,4.1057,66.1555,2.6621
2013-12-06,44009,Washington,14.7129,1.8891,86.6815,3.2895
2013-12-07,44009,Washington,6.315,-2.3077,71.8003,4.0543
2013-12-08,44009,Washington,3.2507,-3.4617,46.0984,3.2144
2013-12-09,44009,Washington,7.2889,-0.8171,65.4882,4.6735
2013-12-10,44009,Washington,6.3016,-3.5333,72.844,3.6859
2013-12-11,44009,Washington,2.3289,-3.4545,51.3355,6.2299
2013-12-12,44009,Washington,0.7153,-5.7506,47.6419,4.8789
2013-12-13,44009,Washington,2.37,-5.7802,42.0524,6.7605
2013-12-14,44009,Washington,3.8596,-8.2204,40.6179,4.974
2013-12-15,44009,Washington,6.2581,-3.5187,75.2502,6.379
2013-12-16,44009,Washington,1.6371,-5.9499,59.5418,6.0595
2013-12-17,44009,Washington,3.2982,-6.4114,51.5034,3.8627
2013-12-18,44009,Washington,1.7069,-5.5601,70.5256,4.4678
2013-12-19,44009,Washington,5.5722,-2.5364,59.3996,5.6629
2013-12-20,44009,Washington,7.9255,-0.2059,62.9868,2.8017
2013-12-21,44009,Washington,13.4854,2.9772,66.8777,4.151
2013-12-22,44009,Washington,15.7368,8.0468,72.6642,4.8911
2013-12-23,44009,Washington,12.5654,3.2094,91.5977,1.9223
2013-12-24,44009,Washington,6.205,-3.8342,71.1784,4.33
2013-12-25,44009,Washington,-0.4492,-7.5836,43.7952,4.6816
2013-12-26,44009,Washington,5.1289,-3.7549,65.094,2.324
2013-12-27,44009,Washington,3.4205,-3.7927,56.9197,4.7998
2013-12-28,44009,Washington,7.4989,-2.5053,59.2231,4.988
2013-12-29,44009,Washington,10.6227,-0.5983,65.1472,3.2551
2013-12-30,44009,Washington,7.828,-6.6744,83.5857,5.0734
2013-12-31,44009,Washington,7.828,-6.6744,30.3974,3.9745
2014-01-01,44009,Washington,-1.0364,-6.8929,39.9785,5.3576
2014-01-02,44009,Washington,-2.7983,-14.7636,89.1079,5.6315
2014-01-03,44009,Washington,-8.9113,-19.6006,98.0096,8.7113
2014-01-04,44009,Washington,-0.2868,-18.5374,49.8644,4.172
2014-01-05,44009,Washington,11.9259,-9.3633,47.3137,3.19
2014-01-06,44009,Washington,13.7914,-11.4639,79.0355,5.2915
2014-01-07,44009,Washington,-9.5382,-14.0225,76.9821,8.8363
2014-01-08,44009,Washington,-5.1576,-13.5431,40.3155,5.6294
2014-01-09,44009,Washington,-0.7445,-10.2927,41.8666,4.386
2014-01-10,44009,Washington,7.3934,-5.6185,47.2089,1.6807
2014-01-11,44009,Washington,14.2572,5.1532,53.7943,4.4074
2014-01-12,44009,Washington,8.3013,-1.2752,78.9269,6.4624
2014-01-13,44009,Washington,10.0903,-0.5954,49.5621,4.1997
2014-01-14,44009,Washington,9.5129,-0.3506,83.5604,3.307
2014-01-15,44009,Washington,8.5843,-0.2865,73.0344,2.4467
2014-01-16,44009,Washington,5.727,0.1894,70.4371,1.775
2014-01-17,44009,Washington,6.442,-0.6337,61.5235,2.3116
2014-01-18,44009,Washington,3.8625,-1.3953,79.3209,2.2184
2014-01-19,44009,Washington,3.009,-1.7112,58.3186,6.4778
2014-01-20,44009,Washington,6.9306,-6.8213,59.009,6.4577
2014-01-21,44009,Washington,-5.927,-12.4363,78.2084,4.8588
2014-01-22,44009,Washington,-7.5985,-15.7862,74.9151,7.2008
2014-01-23,44009,Washington,-6.0838,-15.4983,55.4693,4.9169
2014-01-24,44009,Washington,-1.7352,-13.9743,34.2922,5.9962
2014-01-25,44009,Washington,3.245,-8.345,57.7113,7.5985
2014-01-26,44009,Washington,4.2503,-8.7189,40.5457,7.1982
2014-01-27,44009,Washington,7.7816,-10.6899,63.0487,5.3018
2014-01-28,44009,Washington,-6.7352,-10.5102,40.2008,4.7482
2014-01-29,44009,Washington,-3.9492,-13.4514,50.8418,3.1104
2014-01-30,44009,Washington,-0.385,-11.3997,40.8,3.7119
2014-01-31,44009,Washington,5.9866,-2.2324,43.6633,3.9522
2014-02-01,44009,Washington,6.9847,-1.2888,51.2168,1.9136
2014-02-02,44009,Washington,10.219,0.3856,59.4483,2.8895
2014-02-03,44009,Washington,2.2288,-8.2056,92.2429,3.3435
2014-02-04,44009,Washington,1.9361,-7.2703,64.7528,2.1601
2014-02-05,44009,Washington,1.4394,-6.4927,79.3591,3.7909
2014-02-06,44009,Washington,-0.9416,-11.5433,81.543,3.23
2014-02-07,44009,Washington,0.015,-11.1364,65.8802,4.3428
2014-02-08,44009,Washington,-0.7592,-9.7162,56.2063,3.7211
2014-02-09,44009,Washington,0.6518,-7.6163,47.4599,1.9344
2014-02-10,44009,Washington,-1.2834,-12.5067,76.4536,4.4329
2014-02-11,44009,Washington,-3.2584,-15.2269,51.948,4.0063
2014-02-12,44009,Washington,-0.8952,-14.5095,44.3374,3.863
2014-02-13,44009,Washington,3.493,-3.0138,66.7174,6.8685
2014-02-14,44009,Washington,4.3748,-4.9572,73.54,7.099
2014-02-15,44009,Washington,2.2913,-5.8876,73.4904,4.611
2014-02-16,44009,Washington,0.4643,-10.4223,71.5557,7.3222
2014-02-17,44009,Washington,-0.1609,-12.9905,48.142,5.7577
2014-02-18,44009,Washington,3.5332,-8.9236,62.8192,3.1613
2014-02-19,44009,Washington,5.1808,-5.9361,71.4162,3.8137
2014-02-20,44009,Washington,9.3704,-0.0445,53.9064,3.6719
2014-02-21,44009,Washington,10.8771,-0.4404,63.285,3.1854
2014-02-22,44009,Washington,10.2509,-0.559,59.5402,4.6654
2014-02-23,44009,Washington,10.9099,-0.2614,55.0261,3.7999
2014-02-24,44009,Washington,2.8152,-7.2542,75.0662,4.1388
2014-02-25,44009,Washington,-0.4614,-9.9422,39.0161,6.079
2014-02-26,44009,Washington,-0.1099,-13.8341,45.3886,4.2491
2014-02-27,44009,Washington,-0.5864,-13.597,49.5229,3.8394
2014-02-28,44009,Washington,-2.9029,-14.0679,41.5531,5.8129
2014-03-01,44009,Washington,3.0528,-9.6522,42.6925,2.1647
2014-03-02,44009,Washington,3.5809,-7.2519,76.5757,3.137
2014-03-03,44009,Washington,-3.6273,-13.5324,73.094,4.3698
2014-03-04,44009,Washington,-0.7145,-10.943,47.1128,3.1074
2014-03-05,44009,Washington,1.5099,-11.282,64.6414,2.2085
2014-03-06,44009,Washington,0.1306,-11.3221,55.7636,5.0611
2014-03-07,44009,Washington,4.4824,-7.7992,56.392,3.2056
2014-03-08,44009,Washington,12.7193,-0.6635,44.7472,2.7808
2014-03-09,44009,Washington,6.5809,-0.9872,50.7668,3.3829
2014-03-10,44009,Washington,7.213,-0.5005,51.3501,2.5544
2014-03-11,44009,Washington,15.2743,2.3075,43.59,2.8435
2014-03-12,44009,Washington,12.9132,-6.8222,67.5474,3.149
2014-03-13,44009,Washington,-3.5699,-10.0958,100.0,6.6766
2014-03-14,44009,Washington,6.3472,-7.1886,36.286,5.6787
2014-03-15,44009,Washington,13.9862,-2.1656,50.4107,5.4312
2014-03-16,44009,Washington,2.6855,-7.3385,58.11,5.2227
2014-03-17,44009,Washington,0.9873,-8.8593,29.9975,4.6657
2014-03-18,44009,Washington,6.0125,-6.1843,37.2995,3.3542
2014-03-19,44009,Washington,8.8003,-1.1367,48.2588,4.2076
2014-03-20,44009,Washington,11.9911,1.4105,61.5632,5.1293
2014-03-21,44009,Washington,8.8559,-3.8184,55.2262,6.2187
2014-03-22,44009,Washington,14.7822,-2.0577,42.8338,4.3923
2014-03-23,44009,Washington,7.0773,-8.5038,58.6047,3.5619
2014-03-24,44009,Washington,2.0629,-9.3192,34.1912,4.9063
2014-03-25,44009,Washington,3.4797,-4.7367,33.4302,2.2147
2014-03-26,44009,Washington,3.3734,-6.2222,54.8704,7.1638
2014-03-27,44009,Washington,7.7152,-4.199,26.8507,6.2186
2014-03-28,44009,Washington,12.8429,1.9397,55.2599,5.7812
2014-03-29,44009,Washington,13.4619,4.6486,68.4998,3.8881
2014-03-30,44009,Washington,11.4599,1.5849,88.2204,4.4754
2014-03-31,44009,Washington,5.343,0.2787,71.8836,5.6661
2014-04-01,44009,Washington,11.7502,-1.7034,49.7116,3.7767
2014-04-02,44009,Washington,11.7324,-0.7417,59.9055,1.7808
2014-04-03,44009,Washington,15.6618,1.7891,44.1428,1.9282
2014-04-04,44009,Washington,9.9873,2.4729,53.4499,4.0375
2014-04-05,44009,Washington,12.1652,-0.7095,69.6944,4.7447
2014-04-06,44009,Washington,13.1514,-0.1033,41.7416,4.1399
2014-04-07,44009,Washington,12.2222,4.3379,49.5916,2.8701
2014-04-08,44009,Washington,14.9005,3.1396,81.5131,5.6274
2014-04-09,44009,Washington,15.8676,-1.9522,57.6027,4.5515
2014-04-10,44009,Washington,12.6641,4.1289,37.7766,3.8739
2014-04-11,44009,Washington,18.8221,7.0118,51.3554,4.0324
2014-04-12,44009,Washington,20.2137,3.8975,51.2563,2.4333
2014-04-13,44009,Washington,17.2483,8.1113,56.1592,3.4924
2014-04-14,44009,Washington,19.8985,11.3773,60.2875,5.9301
2014-04-15,44009,Washington,16.606,-0.8044,88.9868,6.6885
2014-04-16,44009,Washington,8.2024,-1.6643,65.0369,6.2727
2014-04-17,44009,Washington,8.0516,-2.0733,46.7825,4.9377
2014-04-18,44009,Washington,9.4676,0.9775,59.1054,3.2569
2014-04-19,44009,Washington,18.3542,1.6611,43.1314,2.9671
2014-04-20,44009,Washington,12.995,-1.2765,50.9077,2.96
2014-04-21,44009,Washington,16.2791,3.1893,41.1226,1.3827
2014-04-22,44009,Washington,18.4505,6.2303,53.6123,2.7692
2014-04-23,44009,Washington,13.3241,4.4239,75.3128,4.0258
2014-04-24,44009,Washington,15.4664,4.1615,53.9322,7.5066
2014-04-25,44009,Washington,15.9759,5.2489,38.0764,3.2564
2014-04-26,44009,Washington,9.4701,4.9739,77.8124,2.4807
2014-04-27,44009,Washington,11.9586,3.6185,70.9647,2.084
2014-04-28,44009,Washington,15.4559,4.8583,51.8657,2.6024
2014-04-29,44009,Washington,9.9202,3.8699,72.2975,5.3345
2014-04-30,44009,Washington,14.1224,4.4124,59.3258,5.7233
2014-05-01,44009,Washington,17.5957,8.3753,75.5441,5.158
2014-05-02,44009,Washington,18.7211,4.3675,72.6855,3.2298
2014-05-03,44009,Washington,19.0443,8.306,51.2969,2.9523
2014-05-04,44009,Washington,18.0961,8.3596,53.0252,5.426
2014-05-05,44009,Washington,18.3933,5.0686,52.9468,5.1732
2014-05-06,44009,Washington,18.126,3.671,50.32,2.6252
2014-05-07,44009,Washington,18.3284,5.111,44.1581,2.5059
2014-05-08,44009,Washington,15.907,9.0709,62.9567,2.3008
2014-05-09,44009,Washington,16.3287,11.1892,66.8833,2.3841
2014-05-10,44009,Washington,24.3405,11.8711,62.1859,3.167
2014-05-11,44009,Washington,24.9047,9.3079,60.6529,4.4643
2014-05-12,44009,Washington,26.2204,10.3251,45.4936,2.9347
2014-05-13,44009,Washington,17.4196,6.2143,75.6616,3.8169
2014-05-14,44009,Washington,19.2453,9.855,59.3347,3.3363
2014-05-15,44009,Washington,21.4309,14.5525,69.1626,3.2888
2014-05-16,44009,Washington,19.1546,13.9318,82.5994,5.3647
2014-05-17,44009,Washington,22.2098,8.7587,70.2999,4.8454
2014-05-18,44009,Washington,20.5255,8.6236,48.2188,3.3301
2014-05-19,44009,Washington,20.2406,9.3592,42.1415,3.9061
2014-05-20,44009,Washington,23.7769,6.8311,43.7161,3.4413
2014-05-21,44009,Washington,22.0569,10.4595,50.9967,1.5329
2014-05-22,44009,Washington,16.3597,10.6151,77.5355,2.2771
2014-05-23,44009,Washington,18.3083,10.0501,73.2177,1.9309
2014-05-24,44009,Washington,19.0487,8.4412,70.7081,2.6166
2014-05-25,44009,Washington,19.5316,8.9634,70.8815,1.5738
2014-05-26,44009,Washington,25.1281,13.0894,56.9563,3.2901
2014-05-27,44009,Washington,26.8554,9.0338,65.6014,2.6657
2014-05-28,44009,Washington,12.633,3.8596,100.0,4.1982
2014-05-29,44009,Washington,18.0005,4.2849,63.4011,3.5659
2014-05-30,44009,Washington,18.968,8.9103,56.0627,1.4843
2014-05-31,44009,Washington,19.5161,5.0794,70.1055,3.0877
2014-06-01,44009,Washington,24.2959,7.7132,50.4676,1.9783
2014-06-02,44009,Washington,25.0007,9.5632,55.2011,2.7174
2014-06-03,44009,Washington,24.89,12.0362,62.0673,2.632
2014-06-04,44009,Washington,20.3669,13.069,77.3587,2.4784
2014-06-05,44009,Washington,18.1811,11.2835,89.8829,2.6115
2014-06-06,44009,Washington,24.1746,11.7454,60.3832,3.0582
2014-06-07,44009,Washington,26.726,12.8666,55.589,2.4334
2014-06-08,44009,Washington,28.872,13.5502,56.9091,2.0228
2014-06-09,44009,Washington,23.0067,15.0303,71.1089,2.1431
2014-06-10,44009,Washington,23.4105,13.8251,84.7322,2.0851
2014-06-11,44009,Washington,22.4227,12.8922,82.4111,3.2961
2014-06-12,44009,Washington,20.8667,14.6959,78.837,4.0111
2014-06-13,44009,Washington,21.6907,15.5029,85.6415,3.7656
2014-06-14,44009,Washington,24.893,11.2889,85.1602,1.9201
2014-06-15,44009,Washington,26.2946,11.4549,60.3194,3.9905
2014-06-16,44009,Washington,25.4738,14.1364,56.2265,2.2133
2014-06-17,44009,Washington,25.5438,16.2228,68.4972,3.0393
2014-06-18,44009,Washington,29.6599,17.915,66.576,4.1843
2014-06-19,44009,Washington,25.7192,10.6212,76.5925,2.3187
2014-06-20,44009,Washington,24.9558,9.0964,57.2555,2.6737
2014-06-21,44009,Washington,23.3145,10.1543,54.3579,1.4094
2014-06-22,44009,Washington,24.1892,10.2118,60.1291,0.9479
2014-06-23,44009,Washington,24.476,11.5391,62.575,1.373
2014-06-24,44009,Washington,25.2984,16.0895,59.3944,2.8786
2014-06-25,44009,Washington,26.9184,19.1708,67.3465,3.693
2014-06-26,44009,Washington,28.7949,13.5914,75.3733,2.3489
2014-06-27,44009,Washington,26.2718,11.1892,73.9865,1.8369
2014-06-28,44009,Washington,26.5711,11.4475,59.2917,1.4102
2014-06-29,44009,Washington,26.8876,15.2863,54.2177,2.3408
2014-06-30,44009,Washington,27.9281,18.3703,57.0712,3.1887
2014-07-01,44009,Washington,28.4544,20.209,66.9493,4.2484
2014-07-02,44009,Washington,29.8164,21.2476,70.5349,4.0365
2014-07-03,44009,Washington,30.3231,18.9899,76.0448,2.8933
2014-07-04,44009,Washington,23.6795,14.8934,99.9968,2.9106
2014-07-05,44009,Washington,26.5055,14.3823,59.7598,6.2504
2014-07-06,44009,Washington,28.0694,17.9938,50.5764,4.713
2014-07-07,44009,Washington,27.3307,19.5692,65.3716,4.879
2014-07-08,44009,Washington,29.6785,19.7968,68.5376,4.5423
2014-07-09,44009,Washington,28.3112,18.9947,69.1123,4.3234
2014-07-10,44009,Washington,27.4737,16.7847,68.1938,1.7367
2014-07-11,44009,Washington,27.3588,13.8322,60.879,1.8764
2014-07-12,44009,Washington,28.047,17.3538,55.4141,1.7738
2014-07-13,44009,Washington,26.6642,19.8507,61.7821,4.0442
2014-07-14,44009,Washington,27.3397,20.9703,73.8806,4.0899
2014-07-15,44009,Washington,25.2921,20.3389,86.0432,3.3497
2014-07-16,44009,Washington,23.8995,17.1852,94.3676,3.0597
2014-07-17,44009,Washington,26.6976,14.2861,76.2791,1.7838
2014-07-18,44009,Washington,26.5958,14.073,57.25,1.4868
2014-07-19,44009,Washington,24.7292,16.0164,62.2714,1.6835
2014-07-20,44009,Washington,24.4511,15.1835,75.7552,3.266
2014-07-21,44009,Washington,26.7467,15.2075,69.5886,1.9317
2014-07-22,44009,Washington,29.6125,18.866,60.2333,2.3569
2014-07-23,44009,Washington,28.9922,20.0143,67.4395,4.5136
2014-07-24,44009,Washington,26.5501,15.1136,82.0554,2.3506
2014-07-25,44009,Washington,27.1083,15.5651,60.6402,2.148
2014-07-26,44009,Washington,27.0108,18.101,55.2665,3.6696
2014-07-27,44009,Washington,25.1375,19.4364,73.9185,3.7029
2014-07-28,44009,Washington,27.5594,16.1581,82.1103,3.2129
2014-07-29,44009,Washington,25.377,13.1747,69.7169,3.8925
2014-07-30,44009,Washington,25.6514,13.0699,58.8831,2.4088
2014-07-31,44009,Washington,26.6413,15.8712,59.624,2.9748
2014-08-01,44009,Washington,26.9277,17.846,66.6374,2.7549
2014-08-02,44009,Washington,20.5117,15.1687,97.2954,2.5321
2014-08-03,44009,Washington,22.312,16.0944,87.474,1.2409
2014-08-04,44009,Washington,27.0048,16.9233,72.4744,2.5636
2014-08-05,44009,Washington,29.2719,17.5044,64.9848,2.0768
2014-08-06,44009,Washington,27.8743,13.8647,70.2945,2.4546
2014-08-07,44009,Washington,26.714,12.6238,57.4637,2.763
2014-08-08,44009,Washington,28.0225,13.6538,46.9163,3.0671
2014-08-09,44009,Washington,28.8205,14.1574,50.7551,2.0267
2014-08-10,44009,Washington,29.4981,14.1482,55.8686,1.3608
2014-08-11,44009,Washington,27.5379,14.5063,62.8953,1.7542
2014-08-12,44009,Washington,26.2336,18.2337,65.2624,2.9258
2014-08-13,44009,Washington,23.229,14.5281,99.3527,4.8822
2014-08-14,44009,Washington,24.3825,12.6535,72.6042,3.6282
2014-08-15,44009,Washington,22.9399,11.1904,63.2722,2.6202
2014-08-16,44009,Washington,24.7258,14.9501,57.0196,4.1216
2014-08-17,44009,Washington,26.2343,12.8859,70.8273,2.7107
2014-08-18,44009,Washington,25.6987,10.221,62.7005,2.8756
2014-08-19,44009,Washington,25.461,11.5826,57.7785,1.6777
2014-08-20,44009,Washington,26.6516,12.4931,61.8819,1.5399
2014-08-21,44009,Washington,25.3561,15.6787,64.189,1.4417
2014-08-22,44009,Washington,23.1215,15.5777,76.806,3.0188
2014-08-23,44009,Washington,23.6647,11.1821,77.0707,3.4953
2014-08-24,44009,Washington,25.7354,12.1695,61.5851,2.5044
2014-08-25,44009,Washington,30.0894,13.3309,52.9538,1.4972
2014-08-26,44009,Washington,27.9722,14.4812,61.6923,2.0923
2014-08-27,44009,Washington,28.9909,17.21,61.3013,3.4422
2014-08-28,44009,Washington,27.4119,12.124,67.8161,3.2655
2014-08-29,44009,Washington,23.8861,9.9318,58.8348,2.8098
2014-08-30,44009,Washington,23.6171,15.485,62.5144,3.0785
2014-08-31,44009,Washington,26.931,20.4731,71.4286,4.0787
2014-09-01,44009,Washington,29.3295,20.08,71.4499,3.219
2014-09-02,44009,Washington,30.4958,20.245,67.8533,3.3479
2014-09-03,44009,Washington,28.5967,13.052,65.2217,3.9994
2014-09-04,44009,Washington,28.8804,15.7059,45.5456,2.448
2014-09-05,44009,Washington,28.4997,20.0888,56.4891,3.1423
2014-09-06,44009,Washington,29.4126,16.729,77.2494,4.4003
2014-09-07,44009,Washington,25.7075,11.5924,70.9352,2.8199
2014-09-08,44009,Washington,23.7028,12.657,58.2854,3.1842
2014-09-09,44009,Washington,22.1574,14.0147,71.5063,4.9808
2014-09-10,44009,Washington,23.6318,14.1516,67.8741,3.2918
2014-09-11,44009,Washington,25.3746,12.6555,74.3717,3.2559
2014-09-12,44009,Washington,23.0919,9.4507,78.0262,2.6146
2014-09-13,44009,Washington,20.8344,8.9661,71.0716,3.5967
2014-09-14,44009,Washington,20.4065,6.9064,68.3069,2.6875
2014-09-15,44009,Washington,19.7797,8.5958,50.7667,1.6437
2014-09-16,44009,Washington,20.327,7.3985,67.2054,1.5607
2014-09-17,44009,Washington,21.7014,6.6076,59.5427,2.2622
2014-09-18,44009,Washington,23.8463,7.805,50.4,2.1046
2014-09-19,44009,Washington,16.484,4.3572,71.3158,3.3081
2014-09-20,44009,Washington,21.7246,12.9066,56.4577,3.988
2014-09-21,44009,Washington,24.5956,15.4389,82.2691,2.5682
2014-09-22,44009,Washington,22.9596,4.5582,87.6364,4.2874
2014-09-23,44009,Washington,19.7389,7.8309,48.5467,3.4034
2014-09-24,44009,Washington,21.0586,10.7786,56.5775,3.2754
2014-09-25,44009,Washington,16.6588,11.8618,89.6033,4.8684
2014-09-26,44009,Washington,23.8782,9.0258,61.4968,4.0255
2014-09-27,44009,Washington,27.5232,10.4538,48.0969,2.156
2014-09-28,44009,Washington,27.6037,13.4632,53.7239,2.4977
2014-09-29,44009,Washington,22.9983,12.9227,71.3076,2.6485
2014-09-30,44009,Washington,15.7787,12.3368,99.9751,2.8854
2014-10-01,44009,Washington,15.9461,12.5543,91.1529,4.5431
2014-10-02,44009,Washington,15.3649,7.4738,96.5176,5.2072
2014-10-03,44009,Washington,16.3154,10.1116,70.8566,2.9634
2014-10-04,44009,Washington,19.5581,6.6748,80.4931,3.5298
2014-10-05,44009,Washington,15.8746,2.4258,81.4614,4.1287
2014-10-06,44009,Washington,19.3173,8.373,48.6962,3.3003
2014-10-07,44009,Washington,22.436,14.9294,64.0296,5.3682
2014-10-08,44009,Washington,22.0303,4.8281,82.8274,5.4235
2014-10-09,44009,Washington,19.0258,4.6651,53.804,4.6992
2014-10-10,44009,Washington,17.2107,7.1969,50.0753,2.9852
2014-10-11,44009,Washington,11.4883,2.6585,85.5485,3.089
2014-10-12,44009,Washington,16.6874,2.2519,57.0508,2.407
2014-10-13,44009,Washington,18.4922,7.3871,55.8016,2.495
2014-10-14,44009,Washington,23.4095,16.7155,66.5753,3.5755
2014-10-15,44009,Washington,24.7137,18.5586,69.0427,4.1378
2014-10-16,44009,Washington,21.776,13.4868,90.8269,4.6697
2014-10-17,44009,Washington,21.3194,13.2471,74.2286,3.9866
2014-10-18,44009,Washington,20.9058,9.3834,76.2744,3.5726
2014-10-19,44009,Washington,13.1493,-0.6514,84.6888,5.09
2014-10-20,44009,Washington,14.4804,3.6422,46.849,4.4516
2014-10-21,44009,Washington,18.4467,9.4477,67.7969,2.8098
2014-10-22,44009,Washington,14.1563,9.0301,86.4698,5.2183
2014-10-23,44009,Washington,14.0621,8.4097,85.0157,6.1206
2014-10-24,44009,Washington,12.6293,4.61,88.5352,4.5513
2014-10-25,44009,Washington,18.379,7.6261,56.5778,3.9607
2014-10-26,44009,Washington,14.996,6.4461,69.575,5.5499
2014-10-27,44009,Washington,17.4785,2.9206,57.1442,4.8846
2014-10-28,44009,Washington,20.1709,8.9982,55.2815,2.427
2014-10-29,44009,Washington,21.6544,4.3011,80.4607,3.214
2014-10-30,44009,Washington,15.4199,2.4949,70.3637,3.6716
2014-10-31,44009,Washington,12.7205,5.4462,63.4412,2.8084
2014-11-01,44009,Washington,8.9854,2.8889,87.7249,7.3235
2014-11-02,44009,Washington,7.0878,0.3399,70.0987,9.3048
2014-11-03,44009,Washington,12.3938,1.5258,39.3668,6.6171
2014-11-04,44009,Washington,17.5823,7.7052,42.8054,3.1329
2014-11-05,44009,Washington,18.5156,6.2739,60.5913,4.485
2014-11-06,44009,Washington,11.7545,6.5835,78.0784,2.4929
2014-11-07,44009,Washington,10.2678,-0.6843,98.3567,5.1033
2014-11-08,44009,Washington,9.7072,0.6858,52.994,4.7319
2014-11-09,44009,Washington,13.6828,-0.908,63.787,3.8463
2014-11-10,44009,Washington,14.7646,1.0995,53.3399,1.7861
2014-11-11,44009,Washington,16.3142,4.5605,67.853,2.5962
2014-11-12,44009,Washington,16.8305,0.1467,94.5868,1.6115
2014-11-13,44009,Washington,10.4379,-0.2918,67.4446,2.7023
2014-11-14,44009,Washington,6.5544,-3.7789,70.7728,3.7426
2014-11-15,44009,Washington,4.6074,-6.1913,56.0889,4.5309
2014-11-16,44009,Washington,6.6092,-3.004,54.3373,2.8321
2014-11-17,44009,Washington,14.9597,2.6548,70.201,3.3066
2014-11-18,44009,Washington,4.7589,-6.7515,99.7489,6.8487
2014-11-19,44009,Washington,4.196,-5.7455,39.0474,6.8229
2014-11-20,44009,Washington,9.1805,-4.2681,58.8847,6.0255
2014-11-21,44009,Washington,2.473,-6.8996,53.9345,6.5902
2014-11-22,44009,Washington,7.7954,-4.2556,41.205,5.9297
2014-11-23,44009,Washington,14.9806,3.163,50.6869,5.7378
2014-11-24,44009,Washington,17.824,12.0474,63.5052,5.0545
2014-11-25,44009,Washington,16.4881,5.5443,73.5372,4.5026
2014-11-26,44009,Washington,7.0471,-0.6241,80.6167,4.5821
2014-11-27,44009,Washington,4.488,-2.1109,74.8548,5.2346
2014-11-28,44009,Washington,3.0307,-7.8045,79.8948,4.1824
2014-11-29,44009,Washington,8.4469,-5.9947,42.4217,2.8652
2014-11-30,44009,Washington,13.4649,7.6757,48.8353,4.3545
2014-12-01,44009,Washington,16.9348,0.8818,64.2433,4.0382
2014-12-02,44009,Washington,7.5961,0.7766,54.4987,5.9288
2014-12-03,44009,Washington,10.3932,-0.7603,66.8037,4.2125
2014-12-04,44009,Washington,6.6368,-3.8633,63.0048,4.7944
2014-12-05,44009,Washington,8.8688,-2.7748,47.963,4.2361
2014-12-06,44009,Washington,8.1086,1.0072,87.8058,3.2871
2014-12-07,44009,Washington,3.2583,-6.5959,89.0336,6.9382
2014-12-08,44009,Washington,4.3841,-5.3907,52.1912,6.7589
2014-12-09,44009,Washington,10.0604,2.9982,70.3528,7.4539
2014-12-10,44009,Washington,5.6491,-0.2375,99.7019,1.5311
2014-12-11,44009,Washington,1.9415,-3.057,83.5092,5.8006
2014-12-12,44009,Washington,2.7386,-1.9609,63.9971,4.5777
2014-12-13,44009,Washington,5.1849,-2.2437,60.206,4.6197
2014-12-14,44009,Washington,7.5647,-3.2958,58.9454,3.8727
2014-12-15,44009,Washington,6.4898,-2.9912,63.7797,2.5152
2014-12-16,44009,Washington,6.9804,1.1685,72.3298,2.2958
2014-12-17,44009,Washington,10.2856,1.8845,77.1475,2.9841
2014-12-18,44009,Washington,5.7428,-0.1933,67.2494,6.1032
2014-12-19,44009,Washington,2.7871,-3.868,66.6858,4.7435
2014-12-20,44009,Washington,1.9396,-2.3598,67.7586,2.7103
2014-12-21,44009,Washington,2.6083,-0.3645,76.4339,2.2808
2014-12-22,44009,Washington,7.2365,0.5265,68.7038,3.2508
2014-12-23,44009,Washington,8.4711,5.1552,77.7239,4.9291
2014-12-24,44009,Washington,16.294,6.2186,66.6479,3.3734
2014-12-25,44009,Washington,13.3899,1.8251,84.1816,6.0564
2014-12-26,44009,Washington,9.5826,-1.6453,58.593,4.6305
2014-12-27,44009,Washington,10.9562,-0.6764,57.1269,3.0938
2014-12-28,44009,Washington,9.9963,-1.0547,74.2989,3.8041
2014-12-29,44009,Washington,5.4058,-5.1714,76.6819,4.0073
2014-12-30,44009,Washington,-1.0173,-9.5056,57.4574,3.7027
2014-12-31,44009,Washington,-0.4601,-7.2147,41.1852,3.8363
2015-01-01,44009,Washington,3.4612,-4.4461,35.3451,6.6951
2015-01-02,44009,Washington,5.3848,-4.3674,45.199,6.6241
2015-01-03,44009,Washington,6.985,-3.6359,40.0905,4.0413
2015-01-04,44009,Washington,12.1169,2.383,60.8055,5.4178
2015-01-05,44009,Washington,4.018,-9.5584,86.7459,7.64
2015-01-06,44009,Washington,-6.5399,-10.8411,46.5892,4.1259
2015-01-07,44009,Washington,-4.0328,-17.5766,65.3028,5.7675
2015-01-08,44009,Washington,0.5506,-17.0178,24.4485,7.0467
2015-01-09,44009,Washington,2.3669,-11.3457,61.1842,7.7194
2015-01-10,44009,Washington,-4.326,-12.2427,57.9326,5.5705
2015-01-11,44009,Washington,3.0178,-9.9084,43.8925,3.7812
2015-01-12,44009,Washington,4.1064,-3.3634,72.1215,3.7743
2015-01-13,44009,Washington,-2.8627,-9.5792,84.5674,5.3637
2015-01-14,44009,Washington,-2.6204,-7.6059,67.0777,4.0406
2015-01-15,44009,Washington,-0.4295,-5.5197,84.9573,2.6756
2015-01-16,44009,Washington,3.8981,-11.9156,65.9881,5.7814
2015-01-17,44009,Washington,2.4161,-11.0293,25.6227,5.2432
2015-01-18,44009,Washington,10.8015,-0.3685,50.2638,4.3729
2015-01-19,44009,Washington,5.9225,-1.0594,69.5399,5.8227
2015-01-20,44009,Washington,3.3822,-6.9516,60.19,5.6163
2015-01-21,44009,Washington,1.4803,-6.3145,42.3765,3.0073
2015-01-22,44009,Washington,3.0094,-5.2888,65.4806,2.925
2015-01-23,44009,Washington,2.9872,-5.183,48.7469,3.9432
2015-01-24,44009,Washington,1.7077,-1.1158,73.0669,4.0028
2015-01-25,44009,Washington,3.9393,-8.1459,65.7531,5.8735
2015-01-26,44009,Washington,-1.7537,-8.8154,62.9063,5.5691
2015-01-27,44009,Washington,-5.4625,-10.8568,97.6729,9.7409
2015-01-28,44009,Washington,-3.3471,-14.8745,59.5953,5.8267
2015-01-29,44009,Washington,2.0137,-13.5266,49.399,2.8485
2015-01-30,44009,Washington,1.5564,-11.6554,96.6714,3.0871
2015-01-31,44009,Washington,-5.0295,-13.0394,61.1111,8.7458
2015-02-01,44009,Washington,0.8556,-9.3276,47.3362,5.0579
2015-02-02,44009,Washington,-0.4449,-14.8034,97.3185,4.8305
2015-02-03,44009,Washington,-4.4625,-16.0776,65.0981,5.4864
2015-02-04,44009,Washington,4.3704,-8.5499,50.394,3.6409
2015-02-05,44009,Washington,2.1479,-16.8659,98.7899,4.5372
2015-02-06,44009,Washington,-5.051,-15.3673,54.6622,5.6129
2015-02-07,44009,Washington,-0.9255,-6.2532,55.1819,4.2946
2015-02-08,44009,Washington,1.2304,-8.2566,87.7979,3.3487
2015-02-09,44009,Washington,-2.2187,-7.7164,97.338,6.1792
2015-02-10,44009,Washington,0.8889,-7.214,77.5043,6.6413
2015-02-11,44009,Washington,-3.3629,-11.0919,85.9561,5.6153
2015-02-12,44009,Washington,0.9645,-14.8211,72.9384,2.405
2015-02-13,44009,Washington,-7.7482,-19.7577,92.0683,6.3049
2015-02-14,44009,Washington,-0.6552,-15.8926,54.3863,3.3545
2015-02-15,44009,Washington,-6.0704,-19.8928,100.0,6.5391
2015-02-16,44009,Washington,-7.4627,-18.5418,49.6603,8.7547
2015-02-17,44009,Washington,-4.1459,-13.4084,54.0144,3.5837
2015-02-18,44009,Washington,-0.6116,-10.5976,57.1771,1.8547
2015-02-19,44009,Washington,-3.6907,-16.9507,90.0841,4.5108
2015-02-20,44009,Washington,-6.6189,-20.6724,59.2575,8.1052
2015-02-21,44009,Washington,2.2869,-16.4002,49.8251,4.7091
2015-02-22,44009,Washington,3.7497,-3.7204,77.13,3.0769
2015-02-23,44009,Washington,-3.2516,-19.963,92.3095,4.2384
2015-02-24,44009,Washington,-3.2076,-17.8231,38.5943,3.7913
2015-02-25,44009,Washington,1.7907,-9.7858,64.1584,3.9481
2015-02-26,44009,Washington,-3.5446,-13.3806,69.703,4.1309
2015-02-27,44009,Washington,-1.7427,-13.8834,62.1224,3.1166
2015-02-28,44009,Washington,-1.7395,-15.3186,48.4569,3.1968
2015-03-01,44009,Washington,-0.748,-10.1136,57.6398,1.9954
2015-03-02,44009,Washington,2.6509,-11.3921,83.7999,4.585
2015-03-03,44009,Washington,4.6058,-7.9333,41.9137,3.7925
2015-03-04,44009,Washington,5.644,-1.357,70.3769,4.1763
2015-03-05,44009,Washington,-0.1886,-13.9641,100.0,3.6856
2015-03-06,44009,Washington,-3.8531,-14.274,60.359,3.7884
2015-03-07,44009,Washington,1.7637,-8.5597,50.9457,4.8482
2015-03-08,44009,Washington,7.1276,-7.2175,63.4141,3.4465
2015-03-09,44009,Washington,9.6355,-4.51,46.8666,3.0387
2015-03-10,44009,Washington,8.6348,-0.6104,45.3022,2.1706
2015-03-11,44009,Washington,12.5075,1.5884,53.4521,3.4955
2015-03-12,44009,Washington,5.0294,-6.1379,59.9025,5.5423
2015-03-13,44009,Washington,4.017,-3.3865,38.1505,2.5173
2015-03-14,44009,Washington,7.1678,0.6986,59.6117,2.8477
2015-03-15,44009,Washington,7.1373,-2.7193,68.8948,4.7827
2015-03-16,44009,Washington,7.1665,-0.4789,46.5923,4.4078
2015-03-17,44009,Washington,11.231,-4.243,56.2827,3.9527
2015-03-18,44009,Washington,0.8992,-7.5321,51.2294,7.7738
2015-03-19,44009,Washington,2.3593,-7.5642,42.3687,6.1312
2015-03-20,44009,Washington,0.4284,-4.1411,49.794,2.2627
2015-03-21,44009,Washington,4.9145,-2.4085,65.6147,3.2267
2015-03-22,44009,Washington,1.8494,-8.6857,67.6188,6.527
2015-03-23,44009,Washington,1.0477,-7.0866,41.1873,5.2549
2015-03-24,44009,Washington,3.3976,-6.7959,46.5464,2.6817
2015-03-25,44009,Washington,7.8491,-0.1894,43.7018,2.1466
2015-03-26,44009,Washington,13.0215,3.8907,52.3855,4.1297
2015-03-27,44009,Washington,6.4047,1.1381,74.7779,4.0214
2015-03-28,44009,Washington,2.8692,-5.2081,81.7812,3.7622
2015-03-29,44009,Washington,5.6411,-3.9607,51.344,3.5093
2015-03-30,44009,Washington,7.8178,-0.2093,53.5017,3.9903
2015-03-31,44009,Washington,8.7257,-1.4827,55.1597,4.0841
2015-04-01,44009,Washington,9.0783,-4.4852,58.9741,3.8799
2015-04-02,44009,Washington,12.8216,2.0468,40.8798,3.68
2015-04-03,44009,Washington,12.9232,5.8167,63.4773,4.6703
2015-04-04,44009,Washington,11.8804,-2.1177,76.0131,4.9844
2015-04-05,44009,Washington,9.9104,-1.0564,50.3127,4.5692
2015-04-06,44009,Washington,11.5248,2.9854,61.6721,2.73
2015-04-07,44009,Washington,7.6204,1.7342,94.71,3.0956
2015-04-08,44009,Washington,8.3035,0.5756,65.1417,5.687
2015-04-09,44009,Washington,5.4326,1.2774,73.2476,5.9493
2015-04-10,44009,Washington,11.5349,3.3029,75.4766,3.7892
2015-04-11,44009,Washington,14.4291,0.3057,71.4063,5.077
2015-04-12,44009,Washington,16.5394,1.3322,42.5161,3.5246
2015-04-13,44009,Washington,16.9714,7.923,45.819,3.5642
2015-04-14,44009,Washington,19.2286,6.4578,56.288,3.7345
2015-04-15,44009,Washington,20.3715,1.0088,38.5428,3.2384
2015-04-16,44009,Washington,14.3507,5.9243,36.9784,2.5478
2015-04-17,44009,Washington,16.339,5.8414,65.9815,4.1006
2015-04-18,44009,Washington,21.8097,4.889,54.2255,2.9653
2015-04-19,44009,Washington,13.7089,4.0172,59.1107,3.5452
2015-04-20,44009,Washington,13.6184,6.2176,63.0758,5.9011
2015-04-21,44009,Washington,19.3165,3.5931,69.3897,4.7526
2015-04-22,44009,Washington,17.2732,4.2816,57.6294,4.0863
2015-04-23,44009,Washington,9.616,1.6055,68.6772,5.5729
2015-04-24,44009,Washington,9.7281,-0.1256,52.9901,4.8791
2015-04-25,44009,Washington,13.3025,1.2757,44.6772,4.134
2015-04-26,44009,Washington,13.6723,6.8993,45.366,1.7736
2015-04-27,44009,Washington,15.0132,5.3657,53.0873,3.0711
2015-04-28,44009,Washington,16.4677,6.7046,50.4672,4.1772
2015-04-29,44009,Washington,18.643,3.752,49.3174,2.6747
2015-04-30,44009,Washington,14.8212,5.3312,62.9064,3.0174
2015-05-01,44009,Washington,13.4548,2.154,72.4037,2.6801
2015-05-02,44009,Washington,14.5742,4.9129,63.3674,2.1875
2015-05-03,44009,Washington,17.7923,6.4383,59.504,2.5143
2015-05-04,44009,Washington,23.5942,11.7473,50.4913,3.4498
2015-05-05,44009,Washington,24.2862,11.8165,54.4064,2.8774
2015-05-06,44009,Washington,21.3173,5.5738,64.3918,1.8499
2015-05-07,44009,Washington,25.7581,9.1198,42.511,2.3187
2015-05-08,44009,Washington,22.6441,8.4671,59.2307,2.4486
2015-05-09,44009,Washington,19.997,10.4048,73.7049,2.6894
2015-05-10,44009,Washington,26.3585,15.7115,59.8759,3.7264
2015-05-11,44009,Washington,25.8683,13.8131,71.1013,4.395
2015-05-12,44009,Washington,26.3756,11.5381,70.5703,4.0505
2015-05-13,44009,Washington,19.8949,5.4968,68.3291,4.7299
2015-05-14,44009,Washington,19.9156,5.4537,48.4902,2.4074
2015-05-15,44009,Washington,20.0132,10.7749,48.5193,2.8145
2015-05-16,44009,Washington,18.5933,11.4367,69.7159,3.0465
2015-05-17,44009,Washington,27.0443,11.0697,62.8628,1.762
2015-05-18,44009,Washington,20.1618,9.4846,78.2374,3.2853
2015-05-19,44009,Washington,17.9825,10.7801,76.7271,2.9812
2015-05-20,44009,Washington,17.9865,5.7776,83.1058,4.8038
2015-05-21,44009,Washington,17.7842,9.0833,49.2966,3.475
2015-05-22,44009,Washington,22.3305,6.6101,54.6044,3.3278
2015-05-23,44009,Washington,16.9418,8.2156,45.8933,4.4007
2015-05-24,44009,Washington,23.6817,10.7225,47.006,4.3333
2015-05-25,44009,Washington,23.9653,14.6535,58.4981,3.4649
2015-05-26,44009,Washington,24.7752,15.1997,65.5961,4.8914
2015-05-27,44009,Washington,23.1449,15.5423,73.7024,4.6855
2015-05-28,44009,Washington,24.1842,12.8146,79.1152,4.7065
2015-05-29,44009,Washington,25.3968,12.6279,70.135,2.3217
2015-05-30,44009,Washington,26.2184,16.5194,61.4979,3.5778
2015-05-31,44009,Washington,24.5787,9.2735,86.6193,4.0883
2015-06-01,44009,Washington,12.0189,8.1137,100.0,3.2096
2015-06-02,44009,Washington,11.2251,7.3881,99.9924,3.3503
2015-06-03,44009,Washington,16.7176,6.8834,79.3716,2.3362
2015-06-04,44009,Washington,17.6843,9.0687,67.9267,2.968
2015-06-05,44009,Washington,19.1334,12.7056,66.4513,2.2158
2015-06-06,44009,Washington,22.6964,8.2855,77.4702,2.5472
2015-06-07,44009,Washington,21.0948,10.6663,61.8542,1.9102
2015-06-08,44009,Washington,21.5294,16.1971,63.7663,4.2763
2015-06-09,44009,Washington,22.0628,13.3066,86.592,4.9746
2015-06-10,44009,Washington,26.2649,16.0574,61.5859,3.0839
2015-06-11,44009,Washington,27.8044,18.0958,62.9897,4.3577
2015-06-12,44009,Washington,27.971,18.5359,60.7373,2.1939
2015-06-13,44009,Washington,28.1865,15.3399,68.7585,3.2889
2015-06-14,44009,Washington,27.4001,14.1449,61.0244,1.8318
2015-06-15,44009,Washington,16.9049,13.6352,86.0874,3.9165
2015-06-16,44009,Washington,22.9153,15.6124,69.7758,3.0015
2015-06-17,44009,Washington,22.7979,9.8501,83.2331,3.3117
2015-06-18,44009,Washington,21.6628,15.7191,64.4611,2.3037
2015-06-19,44009,Washington,28.3873,14.3344,66.2049,2.4052
2015-06-20,44009,Washington,22.1363,15.9976,77.7857,2.6165
2015-06-21,44009,Washington,27.7483,18.3452,68.6316,3.5876
2015-06-22,44009,Washington,29.6453,16.6314,65.1767,3.042
2015-06-23,44009,Washington,27.3614,16.7375,76.0428,3.8896
2015-06-24,44009,Washington,27.8165,14.887,70.5852,3.1036
2015-06-25,44009,Washington,26.7133,17.3264,54.9927,2.5171
2015-06-26,44009,Washington,24.5227,11.0021,71.6084,2.7819
2015-06-27,44009,Washington,21.7006,14.1598,65.848,3.0313
2015-06-28,44009,Washington,19.4767,11.9704,98.745,4.6413
2015-06-29,44009,Washington,23.2614,13.936,80.2577,3.6564
2015-06-30,44009,Washington,26.5441,17.3631,63.5404,2.3375
2015-07-01,44009,Washington,26.2167,14.6687,82.7234,4.071
2015-07-02,44009,Washington,25.5418,14.6484,75.476,2.249
2015-07-03,44009,Washington,25.4883,14.1086,68.6304,2.0058
2015-07-04,44009,Washington,23.4075,12.1765,79.2346,1.8491
2015-07-05,44009,Washington,27.2544,14.8526,65.8943,2.4537
2015-07-06,44009,Washington,28.0036,17.2321,74.2465,2.5702
2015-07-07,44009,Washington,26.8514,19.8839,78.7858,3.0838
2015-07-08,44009,Washington,29.9067,17.3957,83.0882,3.5094
2015-07-09,44009,Washington,24.1401,16.1968,94.1094,2.2098
2015-07-10,44009,Washington,27.6244,14.7127,79.2202,2.1953
2015-07-11,44009,Washington,29.8892,16.4777,59.0857,1.9553
2015-07-12,44009,Washington,29.6017,17.9028,64.9774,2.6827
2015-07-13,44009,Washington,28.1412,17.3351,74.75,2.2736
2015-07-14,44009,Washington,26.8224,20.0685,74.4491,2.9441
2015-07-15,44009,Washington,28.8002,14.4542,84.1911,1.2962
2015-07-16,44009,Washington,23.7037,11.5041,80.9228,3.0699
2015-07-17,44009,Washington,25.2687,17.9836,59.8524,1.3425
2015-07-18,44009,Washington,25.729,19.471,76.1563,3.6857
2015-07-19,44009,Washington,30.0036,21.3973,75.6567,3.4215
2015-07-20,44009,Washington,32.9834,19.8649,73.0889,2.8842
2015-07-21,44009,Washington,30.3019,16.8337,80.277,2.0027
2015-07-22,44009,Washington,28.5042,14.0863,70.2737,3.3443
2015-07-23,44009,Washington,27.5956,13.28,57.7006,2.6612
2015-07-24,44009,Washington,27.2907,13.5513,59.2891,1.7223
2015-07-25,44009,Washington,24.6311,16.4466,64.7025,1.5535
2015-07-26,44009,Washington,26.0122,19.0275,69.2762,3.2697
2015-07-27,44009,Washington,26.6553,18.7654,77.2762,2.9649
2015-07-28,44009,Washington,30.5779,17.981,70.7629,2.394
2015-07-29,44009,Washington,32.4754,20.8663,62.7097,2.205
2015-07-30,44009,Washington,29.3545,19.7212,78.8508,4.4315
2015-07-31,44009,Washington,30.0123,16.5904,74.0131,3.4985
2015-08-01,44009,Washington,30.0267,15.3993,59.748,3.3816
2015-08-02,44009,Washington,29.1389,18.3527,53.3259,2.8978
2015-08-03,44009,Washington,29.7436,19.1322,63.3001,4.0111
2015-08-04,44009,Washington,29.1966,15.9317,81.3282,4.2646
2015-08-05,44009,Washington,28.9409,14.5606,66.5266,2.7044
2015-08-06,44009,Washington,26.3354,14.7694,56.826,3.2178
2015-08-07,44009,Washington,26.5305,14.3641,59.3224,2.3343
2015-08-08,44009,Washington,26.2559,14.8437,60.4356,2.7889
2015-08-09,44009,Washington,24.4152,12.3944,71.7975,2.9541
2015-08-10,44009,Washington,25.6539,18.5711,60.4473,2.4637
2015-08-11,44009,Washington,22.4868,18.5328,83.7761,4.0176
2015-08-12,44009,Washington,27.9632,15.8579,75.2892,3.0525
2015-08-13,44009,Washington,27.0873,14.312,68.0006,2.3554
2015-08-14,44009,Washington,28.2045,17.3933,59.6591,2.2091
2015-08-15,44009,Washington,29.6572,18.8446,63.9727,2.6868
2015-08-16,44009,Washington,30.2551,18.9378,68.1045,2.5726
2015-08-17,44009,Washington,30.761,20.3569,65.7319,2.9328
2015-08-18,44009,Washington,30.759,20.7277,66.4608,3.4738
2015-08-19,44009,Washington,28.6646,21.2162,71.2753,3.0238
2015-08-20,44009,Washington,27.9634,21.7105,72.4762,3.4923
2015-08-21,44009,Washington,28.7614,19.8624,75.1827,2.7768
2015-08-22,44009,Washington,26.8781,19.063,79.0185,1.3081
2015-08-23,44009,Washington,26.4126,20.0876,75.6399,2.0165
2015-08-24,44009,Washington,26.646,19.683,79.0678,1.8174
2015-08-25,44009,Washington,28.9871,19.1084,72.5167,2.6462
2015-08-26,44009,Washington,27.8233,14.8933,82.328,3.219
2015-08-27,44009,Washington,26.5165,13.3451,59.1663,3.3013
2015-08-28,44009,Washington,25.8215,13.1479,58.7675,2.3223
2015-08-29,44009,Washington,26.8559,17.4209,53.0932,2.6394
2015-08-30,44009,Washington,29.5022,19.8398,58.8833,3.0949
2015-08-31,44009,Washington,30.0813,18.4329,66.6217,3.882
2015-09-01,44009,Washington,28.4843,16.4019,66.5777,2.6566
2015-09-02,44009,Washington,29.5554,17.464,62.2574,2.1767
2015-09-03,44009,Washington,30.2027,19.7621,61.831,1.9191
2015-09-04,44009,Washington,25.6127,12.2621,84.1904,3.2581
2015-09-05,44009,Washington,25.0096,11.2465,63.3798,3.1082
2015-09-06,44009,Washington,26.3371,14.8641,55.2717,1.7886
2015-09-07,44009,Washington,29.8081,20.2317,51.8084,3.6726
2015-09-08,44009,Washington,32.4189,21.1195,56.1813,3.6617
2015-09-09,44009,Washington,29.8749,21.5032,68.4443,4.1686
2015-09-10,44009,Washington,25.1137,16.6145,95.5644,2.0385
2015-09-11,44009,Washington,23.7121,13.5453,97.853,1.988
2015-09-12,44009,Washington,24.4009,16.2415,76.0599,2.3407
2015-09-13,44009,Washington,22.6538,12.7528,97.406,3.1032
2015-09-14,44009,Washington,21.8166,13.2925,74.2031,5.4247
2015-09-15,44009,Washington,27.7723,13.4542,53.8689,3.4636
2015-09-16,44009,Washington,27.1819,13.7816,60.5093,2.0457
2015-09-17,44009,Washington,28.2019,14.3849,60.9617,2.1654
2015-09-18,44009,Washington,27.1095,14.9007,65.0271,2.069
2015-09-19,44009,Washington,26.0071,17.7483,73.0495,2.0955
2015-09-20,44009,Washington,25.4736,10.281,85.5736,2.9278
2015-09-21,44009,Washington,21.2378,12.5959,57.2338,4.8059
2015-09-22,44009,Washington,22.3894,10.0619,66.3292,4.2779
2015-09-23,44009,Washington,23.0251,9.203,62.265,2.4213
2015-09-24,44009,Washington,25.3063,10.114,54.63,2.3801
2015-09-25,44009,Washington,21.2514,9.4728,66.8935,3.3945
2015-09-26,44009,Washington,19.5248,5.2448,68.0428,3.8292
2015-09-27,44009,Washington,21.2819,9.9805,58.6755,3.0454
2015-09-28,44009,Washington,25.2959,14.7868,64.9666,2.3233
2015-09-29,44009,Washington,26.0449,19.644,71.0496,3.3125
2015-09-30,44009,Washington,24.0231,12.2066,99.4662,5.1957
2015-10-01,44009,Washington,14.5616,9.4547,88.6042,5.9113
2015-10-02,44009,Washington,11.1727,8.6946,85.537,7.9099
2015-10-03,44009,Washington,12.3315,9.5477,74.759,8.5025
2015-10-04,44009,Washington,15.5765,8.3063,70.7415,7.2867
2015-10-05,44009,Washington,17.0718,5.9404,76.3155,5.4521
2015-10-06,44009,Washington,20.1367,7.8835,61.4612,2.3588
2015-10-07,44009,Washington,20.7541,9.2778,58.8721,2.224
2015-10-08,44009,Washington,19.3017,9.372,61.6332,2.0414
2015-10-09,44009,Washington,20.8795,7.7859,77.947,4.0237
2015-10-10,44009,Washington,16.3568,5.1896,73.8317,4.1182
2015-10-11,44009,Washington,18.9545,8.2829,53.678,3.5826
2015-10-12,44009,Washington,22.2052,10.6872,58.834,3.1852
2015-10-13,44009,Washington,21.7646,10.9698,75.3877,2.7274
2015-10-14,44009,Washington,19.7184,4.6274,80.5704,4.446
2015-10-15,44009,Washington,16.6334,7.594,56.4543,3.4736
2015-10-16,44009,Washington,17.3832,3.1408,68.1963,4.2392
2015-10-17,44009,Washington,13.0045,-0.3735,65.2914,4.0906
2015-10-18,44009,Washington,8.034,-2.9508,56.6928,4.8352
2015-10-19,44009,Washington,11.27,0.5443,38.6149,3.9614
2015-10-20,44009,Washington,19.0553,10.6229,47.6249,6.3163
2015-10-21,44009,Washington,21.0705,10.3038,58.014,2.1721
2015-10-22,44009,Washington,21.5114,8.3504,67.8145,3.5718
2015-10-23,44009,Washington,11.9358,1.6069,81.2231,5.0959
2015-10-24,44009,Washington,13.8536,4.0204,57.1488,3.3811
2015-10-25,44009,Washington,17.2196,3.8175,80.2895,3.6872
2015-10-26,44009,Washington,13.5317,-0.1145,67.6018,3.9502
2015-10-27,44009,Washington,13.8186,2.8689,54.5711,2.3542
2015-10-28,44009,Washington,20.5546,9.032,53.7975,5.9125
2015-10-29,44009,Washington,22.1441,7.1135,83.3236,7.4017
2015-10-30,44009,Washington,15.9457,-0.4079,64.3273,5.4245
2015-10-31,44009,Washington,12.857,3.3171,54.3822,2.527
2015-11-01,44009,Washington,16.8127,7.0725,65.8241,4.3815
2015-11-02,44009,Washington,17.1747,3.2435,68.8138,3.2076
2015-11-03,44009,Washington,20.6236,5.9173,52.8699,2.0507
2015-11-04,44009,Washington,18.2279,7.4783,58.7785,2.3993
2015-11-05,44009,Washington,20.514,12.8031,60.8707,3.1161
2015-11-06,44009,Washington,20.4308,11.5356,80.9462,4.4489
2015-11-07,44009,Washington,16.5512,5.3136,86.7152,4.4433
2015-11-08,44009,Washington,13.6401,0.0812,56.6191,3.9101
2015-11-09,44009,Washington,14.8222,3.4291,48.2325,2.8348
2015-11-10,44009,Washington,13.7172,7.7959,70.1552,3.7555
2015-11-11,44009,Washington,10.4558,7.2528,89.7539,6.4173
2015-11-12,44009,Washington,15.0919,7.4989,72.6374,3.1973
2015-11-13,44009,Washington,15.8359,4.7908,70.0444,7.1655
2015-11-14,44009,Washington,8.7084,0.6687,59.8035,7.6399
2015-11-15,44009,Washington,12.7521,2.8014,48.0981,5.2233
2015-11-16,44009,Washington,17.2065,-0.3156,58.3308,3.432
2015-11-17,44009,Washington,8.9441,-3.4349,61.5211,3.9304
2015-11-18,44009,Washington,11.4128,-0.5177,60.603,2.6561
2015-11-19,44009,Washington,15.9843,9.7442,66.1533,5.206
2015-11-20,44009,Washington,15.9751,1.3471,91.2743,5.0903
2015-11-21,44009,Washington,10.6329,1.5363,56.1513,4.1822
2015-11-22,44009,Washington,10.7836,1.1999,90.687,2.4347
2015-11-23,44009,Washington,6.0321,-5.1664,71.95,5.8294
2015-11-24,44009,Washington,6.7566,-5.131,42.205,3.587
2015-11-25,44009,Washington,9.8208,-1.9568,44.82,2.2095
2015-11-26,44009,Washington,14.2429,4.2959,62.0129,3.3882
2015-11-27,44009,Washington,16.9776,7.0104,63.334,3.2982
2015-11-28,44009,Washington,13.3686,1.1809,89.627,2.9537
2015-11-29,44009,Washington,8.3952,-2.0384,77.376,2.5873
2015-11-30,44009,Washington,5.3709,-1.903,67.4322,4.3633
2015-12-01,44009,Washington,7.9931,1.3708,76.6304,3.9886
2015-12-02,44009,Washington,14.1012,5.7583,73.9719,2.6787
2015-12-03,44009,Washington,10.3051,0.5323,90.5396,5.5208
2015-12-04,44009,Washington,9.9868,-0.7485,54.9891,4.7777
2015-12-05,44009,Washington,11.5279,-1.9041,55.3919,2.6277
2015-12-06,44009,Washington,12.5038,-0.0806,55.8268,2.9035
2015-12-07,44009,Washington,12.9284,1.6632,58.4437,3.4312
2015-12-08,44009,Washington,7.7926,0.9686,73.4124,3.0924
2015-12-09,44009,Washington,10.5772,1.6113,59.2511,1.8841
2015-12-10,44009,Washington,15.5739,5.2199,66.5585,2.7743
2015-12-11,44009,Washington,15.1639,7.0727,64.1291,2.4014
2015-12-12,44009,Washington,16.8041,8.4373,50.874,3.4288
2015-12-13,44009,Washington,14.1194,8.6554,58.8123,1.9354
2015-12-14,44009,Washington,17.1524,8.7302,62.1451,2.9614
2015-12-15,44009,Washington,15.8287,4.0201,76.1369,6.6805
2015-12-16,44009,Washington,8.9717,2.7459,62.9372,4.0182
2015-12-17,44009,Washington,13.5207,7.1696,67.1861,3.8678
2015-12-18,44009,Washington,11.1786,0.8448,99.4742,2.6554
2015-12-19,44009,Washington,4.8192,-0.5768,57.0383,7.168
2015-12-20,44009,Washington,6.852,-1.7621,41.1929,6.2723
2015-12-21,44009,Washington,12.7686,5.3603,50.4395,5.9087
2015-12-22,44009,Washington,15.1151,6.8792,72.0688,5.2762
2015-12-23,44009,Washington,17.2902,7.0884,67.2378,3.4317
2015-12-24,44009,Washington,19.6183,9.7696,70.6144,5.3612
2015-12-25,44009,Washington,18.341,7.7415,72.6439,2.1407
2015-12-26,44009,Washington,11.5983,6.8045,65.6502,3.7534
2015-12-27,44009,Washington,15.0734,1.1727,76.5526,4.6182
2015-12-28,44009,Washington,3.1225,-1.4279,76.3032,5.575
2015-12-29,44009,Washington,5.5934,-2.0169,73.1643,5.6808
2015-12-30,44009,Washington,6.2887,-1.3175,74.4739,2.1859
2015-12-31,44009,Washington,6.0824,-1.6281,89.7014,2.6455
2016-01-01,44009,Washington,6.2817,-1.1954,45.9873,5.1947
2016-01-02,44009,Washington,5.0568,-1.1347,57.8691,5.2722
2016-01-03,44009,Washington,7.9489,-1.8731,34.8967,5.5631
2016-01-04,44009,Washington,0.5033,-12.3015,39.0436,5.6645
2016-01-05,44009,Washington,-1.2459,-12.2244,73.2045,4.4479
2016-01-06,44009,Washington,6.3707,-7.1052,50.9844,3.8104
2016-01-07,44009,Washington,7.7314,-4.2928,64.8118,2.0085
2016-01-08,44009,Washington,6.7143,-2.1545,83.858,4.3857
2016-01-09,44009,Washington,8.8014,3.57,88.4794,4.5106
2016-01-10,44009,Washington,14.8768,1.3931,24.4817,7.6535
2016-01-11,44009,Washington,3.0695,-7.0232,63.0922,6.496
2016-01-12,44009,Washington,5.4323,-6.4954,35.7,4.6223
2016-01-13,44009,Washington,-0.9504,-6.3974,57.0869,8.0077
2016-01-14,44009,Washington,1.4508,-5.7284,94.6069,5.3634
2016-01-15,44009,Washington,6.3252,-0.621,78.0906,2.1134
2016-01-16,44009,Washington,6.5835,-0.1649,49.7494,4.4712
2016-01-17,44009,Washington,2.2229,-3.0219,41.5167,3.5116
2016-01-18,44009,Washington,-1.8465,-7.3687,43.2046,7.9194
2016-01-19,44009,Washington,-2.3709,-7.3065,55.2049,9.5984
2016-01-20,44009,Washington,1.8992,-5.6204,41.399,5.9184
2016-01-21,44009,Washington,1.6353,-7.3906,38.5065,5.752
2016-01-22,44009,Washington,0.3358,-7.3715,75.7755,4.6757
2016-01-23,44009,Washington,0.791,-6.3021,59.379,10.3705
2016-01-24,44009,Washington,2.4803,-7.1183,63.4968,5.0527
2016-01-25,44009,Washington,5.4791,-4.7408,78.762,2.2638
2016-01-26,44009,Washington,10.3387,1.4416,44.5812,5.762
2016-01-27,44009,Washington,7.7672,-4.8379,55.0318,3.2531
2016-01-28,44009,Washington,5.6481,-4.579,67.1618,2.2338
2016-01-29,44009,Washington,6.2928,-2.9128,55.7966,3.0571
2016-01-30,44009,Washington,6.0222,-2.1801,74.1722,4.4297
2016-01-31,44009,Washington,11.5358,3.1118,59.4812,3.8477
2016-02-01,44009,Washington,15.0802,-0.5118,35.65,3.8946
2016-02-02,44009,Washington,9.8034,-0.5872,85.0047,2.5172
2016-02-03,44009,Washington,13.2711,4.0872,71.0402,6.466
2016-02-04,44009,Washington,12.7735,0.4449,38.9355,2.956
2016-02-05,44009,Washington,1.4465,-7.695,63.1064,6.5111
2016-02-06,44009,Washington,3.0478,-6.8537,73.2334,2.89
2016-02-07,44009,Washington,6.4576,-3.6243,55.1811,3.0742
2016-02-08,44009,Washington,0.531,-6.3723,69.4895,7.5137
2016-02-09,44009,Washington,0.3886,-6.5004,81.1591,2.5199
2016-02-10,44009,Washington,2.8039,-4.2927,40.4363,2.9104
2016-02-11,44009,Washington,-2.1362,-13.2468,60.0573,7.3502
2016-02-12,44009,Washington,-4.009,-12.7732,51.6764,3.8838
2016-02-13,44009,Washington,-4.2848,-22.4305,41.0815,7.4248
2016-02-14,44009,Washington,-10.7851,-22.4436,100.0,5.7245
2016-02-15,44009,Washington,9.001,-17.5523,94.8785,3.6699
2016-02-16,44009,Washington,12.0703,0.4556,41.8049,7.4103
2016-02-17,44009,Washington,6.7415,-2.5693,38.6813,3.5327
2016-02-18,44009,Washington,2.5461,-7.3025,56.2365,4.5282
2016-02-19,44009,Washington,7.2067,-6.2816,89.4829,3.5224
2016-02-20,44009,Washington,11.1312,2.8695,52.2859,5.5086
2016-02-21,44009,Washington,12.4523,1.7225,39.1655,3.7755
2016-02-22,44009,Washington,9.1174,-1.4258,51.5186,2.2417
2016-02-23,44009,Washington,5.2227,-0.6702,99.7434,6.5241
2016-02-24,44009,Washington,14.7671,3.9453,60.9633,5.834
2016-02-25,44009,Washington,12.5435,0.3983,25.6908,8.6114
2016-02-26,44009,Washington,3.7834,-6.307,43.3556,7.0133
2016-02-27,44009,Washington,4.143,-5.1671,83.5483,4.5326
2016-02-28,44009,Washington,11.2165,2.7732,66.9131,5.8847
2016-02-29,44009,Washington,13.9895,1.2098,37.2789,5.4811
2016-03-01,44009,Washington,11.5175,0.8925,54.5164,4.6339
2016-03-02,44009,Washington,10.9998,-5.9143,20.7998,7.1459
2016-03-03,44009,Washington,2.0863,-5.1372,63.5511,3.2726
2016-03-04,44009,Washington,0.9934,-3.9335,45.6807,5.7221
2016-03-05,44009,Washington,3.3212,-4.0167,51.7495,3.1034
2016-03-06,44009,Washington,6.6439,-3.9526,74.263,1.0471
2016-03-07,44009,Washington,9.2152,-0.4245,73.3011,4.8034
2016-03-08,44009,Washington,11.9298,2.6081,78.9352,1.8458
2016-03-09,44009,Washington,17.5222,7.3886,67.4415,4.3589
2016-03-10,44009,Washington,20.0893,10.0584,44.9497,2.9847
2016-03-11,44009,Washington,17.7204,-0.0674,45.9373,3.1704
2016-03-12,44009,Washington,11.9137,2.8077,53.9942,3.3354
2016-03-13,44009,Washington,18.1969,5.1628,44.3118,3.4944
2016-03-14,44009,Washington,9.334,4.4682,82.5395,6.5661
2016-03-15,44009,Washington,10.7517,5.6403,71.7327,3.8
2016-03-16,44009,Washington,13.3284,5.3035,62.8821,2.031
2016-03-17,44009,Washington,16.2552,4.5659,37.9623,3.126
2016-03-18,44009,Washington,11.7545,-2.2618,33.1086,5.5545
2016-03-19,44009,Washington,7.7672,-3.3788,47.1872,3.1183
2016-03-20,44009,Washington,4.9064,-2.3646,59.7401,4.9795
2016-03-21,44009,Washington,8.5158,-1.5847,50.9385,4.6124
2016-03-22,44009,Washington,9.8456,0.8036,75.299,5.7518
2016-03-23,44009,Washington,17.3891,4.4975,52.2108,3.5329
2016-03-24,44009,Washington,11.8459,3.4038,97.4488,4.5832
2016-03-25,44009,Washington,14.3449,3.4124,49.9515,3.8538
2016-03-26,44009,Washington,9.1508,-1.0027,66.0634,3.7777
2016-03-27,44009,Washington,8.9024,1.4828,87.7205,2.2297
2016-03-28,44009,Washington,10.6642,4.3384,42.6608,4.9068
2016-03-29,44009,Washington,10.9755,-1.0287,50.1497,7.1334
2016-03-30,44009,Washington,11.5861,2.2202,91.3863,4.2155
2016-03-31,44009,Washington,18.1123,10.1847,74.7975,6.8978
2016-04-01,44009,Washington,16.0777,8.058,62.5821,5.7882
2016-04-02,44009,Washington,10.0945,-0.316,41.3666,2.4793
2016-04-03,44009,Washington,4.7567,-3.2927,69.8655,6.8522
2016-04-04,44009,Washington,1.5076,-5.0327,53.8977,4.6898
2016-04-05,44009,Washington,4.3238,-6.0626,67.0662,5.4598
2016-04-06,44009,Washington,11.5632,-1.8784,86.0941,4.0781
2016-04-07,44009,Washington,12.8738,6.1971,48.3142,6.5666
2016-04-08,44009,Washington,11.4196,-1.4674,45.5868,5.738
2016-04-09,44009,Washington,8.9351,-1.2217,45.782,3.0093
2016-04-10,44009,Washington,9.6433,1.2478,86.7232,4.6806
2016-04-11,44009,Washington,14.1101,6.5559,68.4697,5.8393
2016-04-12,44009,Washington,13.7064,-0.4037,48.5371,5.3963
2016-04-13,44009,Washington,12.8177,-0.137,49.2648,2.4772
2016-04-14,44009,Washington,13.2706,0.213,43.1819,3.1145
2016-04-15,44009,Washington,15.4886,1.0591,44.1271,3.5842
2016-04-16,44009,Washington,14.1471,1.6574,53.3291,4.9735
2016-04-17,44009,Washington,18.9454,1.9839,49.2401,2.4962
2016-04-18,44009,Washington,22.3756,5.2396,37.8535,2.229
2016-04-19,44009,Washington,17.5178,4.1194,38.1337,3.7568
2016-04-20,44009,Washington,15.8212,3.2432,62.5669,3.1899
2016-04-21,44009,Washington,19.7239,8.1387,70.3931,4.3402
2016-04-22,44009,Washington,22.0898,10.8165,54.6057,2.8187
2016-04-23,44009,Washington,19.3599,4.6453,34.7824,3.2797
2016-04-24,44009,Washington,15.6517,4.6571,64.4451,2.5675
2016-04-25,44009,Washington,16.5353,5.5294,61.2246,2.1446
2016-04-26,44009,Washington,8.994,0.6563,73.8214,3.0953
2016-04-27,44009,Washington,13.0563,1.9778,55.3671,2.4276
2016-04-28,44009,Washington,13.5215,4.5686,58.1231,2.0908
2016-04-29,44009,Washington,12.5384,3.5417,62.176,3.2179
2016-04-30,44009,Washington,15.4679,3.9118,60.3233,2.2545
2016-05-01,44009,Washington,11.1635,4.5745,95.8463,3.1188
2016-05-02,44009,Washington,14.3903,6.9781,76.7072,2.719
2016-05-03,44009,Washington,11.8143,7.3023,71.8759,3.0878
2016-05-04,44009,Washington,11.9322,5.9612,76.5819,4.8071
2016-05-05,44009,Washington,10.5575,6.2262,82.1773,5.3387
2016-05-06,44009,Washington,14.9948,7.5951,81.9267,4.3226
2016-05-07,44009,Washington,15.8907,7.3115,62.5856,2.9697
2016-05-08,44009,Washington,18.4627,5.1171,49.455,4.3246
2016-05-09,44009,Washington,20.968,3.3224,42.8566,4.0651
2016-05-10,44009,Washington,18.5281,4.8681,56.6829,2.7653
2016-05-11,44009,Washington,21.5232,7.4113,52.6364,1.8284
2016-05-12,44009,Washington,22.4992,9.6192,67.4629,1.963
2016-05-13,44009,Washington,20.0609,11.3608,68.9605,2.7891
2016-05-14,44009,Washington,22.9629,8.3249,37.6434,3.3826
2016-05-15,44009,Washington,16.0736,4.7679,43.3969,6.6827
2016-05-16,44009,Washington,17.7921,5.7921,59.2014,6.8021
2016-05-17,44009,Washington,20.776,7.6693,52.2082,4.2293
2016-05-18,44009,Washington,19.0352,9.5456,55.9631,2.4627
2016-05-19,44009,Washington,17.6829,7.2196,65.9684,1.3488
2016-05-20,44009,Washington,23.0192,8.2629,52.8417,2.2289
2016-05-21,44009,Washington,19.5183,11.3951,62.697,3.2061
2016-05-22,44009,Washington,20.9345,8.1407,66.4529,3.9255
2016-05-23,44009,Washington,23.8123,11.7845,58.4201,1.6353
2016-05-24,44009,Washington,16.9566,10.8035,88.4947,1.8168
2016-05-25,44009,Washington,28.5327,12.5579,55.0064,3.1748
2016-05-26,44009,Washington,28.3047,12.304,62.9791,2.5233
2016-05-27,44009,Washington,24.051,15.0814,81.795,2.9128
2016-05-28,44009,Washington,27.2636,16.1256,66.2972,3.6372
2016-05-29,44009,Washington,26.0433,15.3278,70.5184,2.2418
2016-05-30,44009,Washington,21.5588,15.8306,85.2626,4.0895
2016-05-31,44009,Washington,25.3423,13.4244,62.4967,3.2675
2016-06-01,44009,Washington,26.3778,12.0488,63.4042,3.0035
2016-06-02,44009,Washington,21.4046,13.6402,75.4852,3.0643
2016-06-03,44009,Washington,19.6984,14.3432,89.6491,1.7157
2016-06-04,44009,Washington,25.5534,15.035,64.3283,2.4343
2016-06-05,44009,Washington,20.1938,16.0515,87.5509,3.9925
2016-06-06,44009,Washington,26.6872,15.6546,68.8049,4.1204
2016-06-07,44009,Washington,26.71,13.8382,46.3765,3.3052
2016-06-08,44009,Washington,21.8627,10.9919,48.5223,5.2279
2016-06-09,44009,Washington,21.415,10.652,53.3652,6.2368
2016-06-10,44009,Washington,23.3041,9.0236,68.5317,2.9678
2016-06-11,44009,Washington,22.1386,12.8926,66.2529,3.3096
2016-06-12,44009,Washington,27.2849,11.1805,49.6174,5.5874
2016-06-13,44009,Washington,22.8079,12.0278,57.8566,4.7985
2016-06-14,44009,Washington,25.9789,11.436,60.7491,3.7829
2016-06-15,44009,Washington,27.9905,14.7995,55.0419,3.2104
2016-06-16,44009,Washington,25.9064,14.2016,54.5464,1.9447
2016-06-17,44009,Washington,24.5768,10.6956,61.9943,2.6518
2016-06-18,44009,Washington,27.2318,11.5614,55.716,1.8381
2016-06-19,44009,Washington,22.1141,12.8681,79.4914,3.2684
2016-06-20,44009,Washington,23.4162,15.592,72.8157,3.9391
2016-06-21,44009,Washington,28.5683,13.5279,50.5156,3.7717
2016-06-22,44009,Washington,27.0658,12.3382,61.491,2.422
2016-06-23,44009,Washington,26.0205,13.3495,61.3686,1.6854
2016-06-24,44009,Washington,27.4403,11.892,54.8864,2.7384
2016-06-25,44009,Washington,26.0318,11.6139,64.1513,2.1584
2016-06-26,44009,Washington,24.222,15.443,68.1203,2.4867
2016-06-27,44009,Washington,24.8285,18.0107,74.6882,3.4094
2016-06-28,44009,Washington,23.5921,18.1121,82.5388,2.8204
2016-06-29,44009,Washington,25.3798,16.2138,70.9305,2.3547
2016-06-30,44009,Washington,27.9771,15.2912,73.2817,2.8727
2016-07-01,44009,Washington,25.3523,16.8636,62.9371,3.517
2016-07-02,44009,Washington,25.6172,11.5928,62.8783,4.0461
2016-07-03,44009,Washington,27.2209,14.9767,63.9781,3.7095
2016-07-04,44009,Washington,28.5365,17.4255,72.3389,3.8156
2016-07-05,44009,Washington,29.2582,18.2533,70.2103,2.5989
2016-07-06,44009,Washington,31.807,18.9503,70.0757,2.7371
2016-07-07,44009,Washington,28.0635,18.3746,75.1158,1.9596
2016-07-08,44009,Washington,23.5419,15.3383,78.0903,2.7862
2016-07-09,44009,Washington,20.7264,15.3622,87.5854,2.8123
2016-07-10,44009,Washington,23.4838,13.7812,75.2609,1.1945
2016-07-11,44009,Washington,24.4707,13.77,71.6331,1.4467
2016-07-12,44009,Washington,27.8826,19.1367,62.7929,3.1841
2016-07-13,44009,Washington,26.9934,19.6279,82.5102,3.6981
2016-07-14,44009,Washington,26.314,19.3261,87.8317,4.0576
2016-07-15,44009,Washington,32.1054,19.2594,56.3949,3.1151
2016-07-16,44009,Washington,31.0839,20.9848,66.9801,2.5082
2016-07-17,44009,Washington,30.0517,19.697,72.4098,2.6888
2016-07-18,44009,Washington,31.0606,21.0226,47.0869,4.5526
2016-07-19,44009,Washington,29.3813,13.2343,46.0821,4.0051
2016-07-20,44009,Washington,27.6426,14.0471,66.4938,2.5244
2016-07-21,44009,Washington,29.7197,18.9991,72.3232,3.8639
2016-07-22,44009,Washington,30.0992,20.4224,61.9396,5.7432
2016-07-23,44009,Washington,33.6748,17.782,48.2759,3.7327
2016-07-24,44009,Washington,30.0396,18.6117,72.0071,2.1972
2016-07-25,44009,Washington,30.7,19.7908,64.3041,3.2335
2016-07-26,44009,Washington,33.0046,18.611,54.9868,3.5015
2016-07-27,44009,Washington,30.6664,18.7861,64.8887,2.5114
2016-07-28,44009,Washington,28.9618,20.7042,73.4445,2.2745
2016-07-29,44009,Washington,28.3521,18.1738,70.3057,1.1859
2016-07-30,44009,Washington,28.5656,20.2395,67.8574,1.3052
2016-07-31,44009,Washington,26.4859,16.7121,74.2947,3.1346
2016-08-01,44009,Washington,26.0959,17.2904,67.3555,3.4058
2016-08-02,44009,Washington,23.9612,13.5771,71.0573,3.012
2016-08-03,44009,Washington,25.942,12.4089,67.0378,2.482
2016-08-04,44009,Washington,25.4992,13.521,78.7201,1.8959
2016-08-05,44009,Washington,26.2707,18.5782,89.0415,3.2895
2016-08-06,44009,Washington,29.1834,16.8979,62.388,4.3614
2016-08-07,44009,Washington,29.7727,15.5352,58.2087,2.6766
2016-08-08,44009,Washington,27.5203,14.5345,67.1262,1.9417
2016-08-09,44009,Washington,28.9762,18.0611,81.2626,2.3215
2016-08-10,44009,Washington,25.8863,20.5297,97.2026,3.5296
2016-08-11,44009,Washington,30.4206,22.2027,82.4812,4.2896
2016-08-12,44009,Washington,30.8486,22.5809,80.936,4.6959
2016-08-13,44009,Washington,31.4406,21.3547,79.1568,2.8557
2016-08-14,44009,Washington,32.8554,22.0483,71.2389,3.4061
2016-08-15,44009,Washington,31.3337,19.0544,71.0762,3.6289
2016-08-16,44009,Washington,28.5635,21.8013,67.7517,4.7899
2016-08-17,44009,Washington,29.2399,17.8143,64.832,4.5247
2016-08-18,44009,Washington,28.709,18.8364,69.8094,2.1275
2016-08-19,44009,Washington,29.3682,19.133,69.8699,1.5774
2016-08-20,44009,Washington,26.8702,19.227,80.5167,3.0059
2016-08-21,44009,Washington,27.049,18.3151,60.0793,3.9637
2016-08-22,44009,Washington,26.7896,11.4298,58.728,4.2483
2016-08-23,44009,Washington,25.7537,13.9042,77.2606,2.9272
2016-08-24,44009,Washington,28.5788,17.7065,70.8465,3.2723
2016-08-25,44009,Washington,27.2471,20.1833,81.6999,4.4496
2016-08-26,44009,Washington,30.095,18.5088,55.7405,3.0539
2016-08-27,44009,Washington,30.0675,16.5469,60.4645,1.9436
2016-08-28,44009,Washington,28.3139,17.6658,60.4719,2.3745
2016-08-29,44009,Washington,31.5002,13.7573,50.9313,3.5669
2016-08-30,44009,Washington,26.0,15.9641,80.0978,1.9438
2016-08-31,44009,Washington,26.7645,19.1555,75.0913,3.0993
2016-09-01,44009,Washington,23.2808,15.2066,64.2713,2.0646
2016-09-02,44009,Washington,26.0999,14.5554,57.816,2.5979
2016-09-03,44009,Washington,22.9214,13.8086,64.5641,3.1434
2016-09-04,44009,Washington,23.7991,14.4273,66.1314,5.4511
2016-09-05,44009,Washington,22.8844,15.4327,90.6544,6.8184
2016-09-06,44009,Washington,23.8221,19.1111,84.1381,5.9031
2016-09-07,44009,Washington,25.7865,19.5583,77.2681,2.9512
2016-09-08,44009,Washington,27.3775,19.9945,74.3481,2.0992
2016-09-09,44009,Washington,31.4916,21.0952,60.2719,3.2715
2016-09-10,44009,Washington,27.5089,20.8681,59.321,2.5669
2016-09-11,44009,Washington,26.8414,10.3413,65.795,4.5537
2016-09-12,44009,Washington,23.5221,10.983,82.4698,3.8746
2016-09-13,44009,Washington,24.5041,15.2147,75.5599,3.8357
2016-09-14,44009,Washington,27.8872,10.695,42.8887,4.0997
2016-09-15,44009,Washington,21.6519,8.9531,59.2841,2.9461
2016-09-16,44009,Washington,21.0859,8.3429,84.9981,1.9928
2016-09-17,44009,Washington,22.8985,10.954,99.2203,2.754
2016-09-18,44009,Washington,26.1604,20.1111,80.0203,4.5351
2016-09-19,44009,Washington,22.6248,18.756,87.709,2.8679
2016-09-20,44009,Washington,25.139,17.1076,62.5327,1.753
2016-09-21,44009,Washington,27.686,13.1256,56.807,1.5972
2016-09-22,44009,Washington,26.6954,11.926,68.9296,1.4603
2016-09-23,44009,Washington,25.5723,12.0015,47.6092,1.8488
2016-09-24,44009,Washington,19.6074,6.445,44.7454,3.6168
2016-09-25,44009,Washington,19.3387,4.2694,64.3723,3.4819
2016-09-26,44009,Washington,20.1234,7.4548,99.7031,2.6547
2016-09-27,44009,Washington,21.613,13.7381,78.2075,3.2378
2016-09-28,44009,Washington,17.3339,12.606,74.6304,5.4455
2016-09-29,44009,Washington,17.0366,12.3831,79.9365,7.2983
2016-09-30,44009,Washington,17.0489,12.7089,81.2695,7.6626
2016-10-01,44009,Washington,17.1788,11.7427,83.6198,4.4125
2016-10-02,44009,Washington,16.8444,12.2176,85.0121,1.8384
2016-10-03,44009,Washington,21.8045,13.2669,59.7075,1.769
2016-10-04,44009,Washington,19.891,7.9818,63.2239,4.8345
2016-10-05,44009,Washington,19.4549,6.0847,67.628,3.2592
2016-10-06,44009,Washington,20.1733,6.897,68.1579,0.9617
2016-10-07,44009,Washington,22.6043,7.525,72.8612,1.165
2016-10-08,44009,Washington,20.4654,8.4528,78.9658,1.6158
2016-10-09,44009,Washington,16.7797,6.334,46.7709,4.744
2016-10-10,44009,Washington,16.1371,2.6401,59.5613,5.4452
2016-10-11,44009,Washington,17.3127,3.6352,75.9407,1.8609
2016-10-12,44009,Washington,17.9366,7.1758,80.761,1.6849
2016-10-13,44009,Washington,20.2911,5.0614,42.929,3.1018
2016-10-14,44009,Washington,15.9794,1.6797,59.1424,3.2807
2016-10-15,44009,Washington,15.7336,2.7881,90.8684,1.9484
2016-10-16,44009,Washington,19.4713,9.3643,87.3665,4.8249
2016-10-17,44009,Washington,24.0697,14.5939,71.0412,2.7993
2016-10-18,44009,Washington,24.0447,15.9687,63.2622,3.6302
2016-10-19,44009,Washington,25.8794,10.7123,56.7353,3.146
2016-10-20,44009,Washington,20.5117,12.124,85.3085,4.5976
2016-10-21,44009,Washington,22.6197,15.5068,50.4151,3.2156
2016-10-22,44009,Washington,17.3747,6.2045,49.1451,6.1877
2016-10-23,44009,Washington,16.1775,7.5445,52.4001,7.6471
2016-10-24,44009,Washington,15.809,3.3526,39.2743,5.6961
2016-10-25,44009,Washington,10.783,0.8282,48.468,6.0747
2016-10-26,44009,Washington,9.4598,-0.9402,87.6874,4.5957
2016-10-27,44009,Washington,12.9557,0.3985,79.8735,4.0982
2016-10-28,44009,Washington,10.4322,3.2941,88.935,6.7704
2016-10-29,44009,Washington,15.9354,4.6334,91.1235,4.754
2016-10-30,44009,Washington,20.5345,5.3133,38.2678,2.8256
2016-10-31,44009,Washington,11.8826,-1.4775,67.0689,3.8365
2016-11-01,44009,Washington,13.1843,-0.1971,99.3464,2.1061
2016-11-02,44009,Washington,18.4419,8.8101,74.8056,3.6089
2016-11-03,44009,Washington,19.817,7.4004,40.625,3.784
2016-11-04,44009,Washington,14.7384,0.3557,57.3976,3.7714
2016-11-05,44009,Washington,13.847,1.8069,58.0929,3.5148
2016-11-06,44009,Washington,10.6188,1.1313,55.6899,5.524
2016-11-07,44009,Washington,10.0757,-0.9267,71.6484,4.1858
2016-11-08,44009,Washington,15.8371,2.2014,65.5247,2.0956
2016-11-09,44009,Washington,15.9167,2.6685,51.0588,2.6302
2016-11-10,44009,Washington,12.2012,3.3348,56.0531,4.4893
2016-11-11,44009,Washington,16.3279,-0.168,35.6927,6.9068
2016-11-12,44009,Washington,8.9013,0.2013,70.3445,5.0198
2016-11-13,44009,Washington,14.7772,1.2417,58.5233,5.0489
2016-11-14,44009,Washington,15.4859,2.106,78.277,3.3778
2016-11-15,44009,Washington,14.7431,7.9587,62.1805,3.5092
2016-11-16,44009,Washington,13.3887,3.7715,64.647,4.5645
2016-11-17,44009,Washington,13.6145,2.6588,63.9626,4.2736
2016-11-18,44009,Washington,17.2877,2.4312,62.7395,3.0605
2016-11-19,44009,Washington,13.3306,2.8932,50.5643,2.6663
2016-11-20,44009,Washington,6.9881,-1.0332,45.9594,7.9601
2016-11-21,44009,Washington,3.4159,-1.328,56.8067,8.8009
2016-11-22,44009,Washington,5.3219,-1.9183,55.7156,7.1958
2016-11-23,44009,Washington,6.6919,-2.1919,89.7106,4.3586
2016-11-24,44009,Washington,8.518,0.0908,97.0456,2.0966
2016-11-25,44009,Washington,10.9146,3.9866,67.3347,1.9924
2016-11-26,44009,Washington,10.1538,0.6514,52.9982,2.4826
2016-11-27,44009,Washington,8.5245,-2.4028,57.6649,4.9875
2016-11-28,44009,Washington,8.9926,-2.2674,99.9825,3.249
2016-11-29,44009,Washington,15.1672,2.7611,81.3847,5.6922
2016-11-30,44009,Washington,14.9616,8.2461,59.5794,3.8088
2016-12-01,44009,Washington,14.0843,2.8247,45.0064,6.4168
2016-12-02,44009,Washington,9.6539,3.1254,45.3178,6.3158
2016-12-03,44009,Washington,7.7836,-0.6317,42.7157,6.4892
2016-12-04,44009,Washington,5.5535,-2.0115,77.8693,3.4975
2016-12-05,44009,Washington,6.129,-1.3319,65.222,3.3754
2016-12-06,44009,Washington,7.2194,-0.4807,77.4241,3.9479
2016-12-07,44009,Washington,7.2982,0.3524,58.7675,2.6731
2016-12-08,44009,Washington,6.5344,-1.0945,36.4508,4.8393
2016-12-09,44009,Washington,2.7976,-6.4825,38.9531,6.8852
2016-12-10,44009,Washington,-0.2373,-9.5447,64.1569,5.3653
2016-12-11,44009,Washington,4.0014,-9.0378,99.1603,2.3381
2016-12-12,44009,Washington,8.5878,-0.4161,50.3182,5.6226
2016-12-13,44009,Washington,5.65,-0.2728,55.6945,3.4078
2016-12-14,44009,Washington,6.3966,-2.7626,27.4787,4.8643
2016-12-15,44009,Washington,-1.5846,-12.6704,47.9046,9.3156
2016-12-16,44009,Washington,-2.7317,-12.4872,100.0,6.0116
2016-12-17,44009,Washington,10.3645,-4.567,82.6097,4.273
2016-12-18,44009,Washington,13.4001,-3.627,19.1743,7.383
2016-12-19,44009,Washington,-1.5947,-8.285,85.8594,4.3394
2016-12-20,44009,Washington,2.3821,-8.0891,75.6921,2.3392
2016-12-21,44009,Washington,4.0132,-3.4271,77.2933,3.7213
2016-12-22,44009,Washington,7.4962,-1.3955,56.793,3.4502
2016-12-23,44009,Washington,7.4876,-0.6625,78.4557,3.808
2016-12-24,44009,Washington,6.7924,-0.0701,48.9729,5.5953
2016-12-25,44009,Washington,8.1454,-5.1541,68.2051,4.8762
2016-12-26,44009,Washington,12.0358,-4.7784,84.0811,4.9391
2016-12-27,44009,Washington,13.5725,0.5701,34.1821,6.8203
2016-12-28,44009,Washington,4.5275,-3.7086,90.4439,3.3076
2016-12-29,44009,Washington,5.7099,-2.3731,54.5944,5.1555
2016-12-30,44009,Washington,6.0814,-3.6443,81.2889,7.8401
2016-12-31,44009,Washington,8.0314,-2.6092,72.2401,6.5824
2017-01-01,44009,Washington,8.3348,-3.0802,57.2945,4.3891
2017-01-02,44009,Washington,5.3878,-2.4438,65.8053,4.0172
2017-01-03,44009,Washington,7.8625,3.9255,74.7105,5.5152
2017-01-04,44009,Washington,9.1895,-1.8425,73.7117,5.7933
2017-01-05,44009,Washington,1.1477,-3.4402,46.5566,5.539
2017-01-06,44009,Washington,0.7688,-6.4437,64.1416,3.0759
2017-01-07,44009,Washington,-3.7158,-10.7611,78.4335,6.108
2017-01-08,44009,Washington,-4.6264,-13.8675,61.9964,5.416
2017-01-09,44009,Washington,-3.582,-14.5624,62.0216,3.7766
2017-01-10,44009,Washington,9.5976,-12.3977,59.3068,4.0413
2017-01-11,44009,Washington,10.9983,4.6206,54.1306,5.7852
2017-01-12,44009,Washington,13.8081,7.556,64.7869,6.1998
2017-01-13,44009,Washington,8.3571,-5.4806,59.1257,5.6882
2017-01-14,44009,Washington,-0.0651,-5.5344,46.4143,2.4229
2017-01-15,44009,Washington,3.8468,-7.2718,52.502,2.8331
2017-01-16,44009,Washington,4.7105,-6.9025,54.7306,3.1092
2017-01-17,44009,Washington,5.9679,0.6547,59.8581,2.9293
2017-01-18,44009,Washington,5.2849,1.3177,75.96,4.1172
2017-01-19,44009,Washington,8.0628,0.3713,61.3128,2.1178
2017-01-20,44009,Washington,6.4422,0.7772,61.07,1.3921
2017-01-21,44009,Washington,10.2649,3.0257,67.0988,3.1787
2017-01-22,44009,Washington,11.3672,2.735,59.6528,4.6999
2017-01-23,44009,Washington,5.204,2.5266,62.6686,10.0616
2017-01-24,44009,Washington,6.7598,1.494,82.912,6.2899
2017-01-25,44009,Washington,7.1179,1.3137,55.8677,5.7044
2017-01-26,44009,Washington,9.2282,3.2366,64.1288,5.55
2017-01-27,44009,Washington,6.6138,0.3771,47.1813,8.0227
2017-01-28,44009,Washington,5.1057,-0.8544,48.4,6.9506
2017-01-29,44009,Washington,6.2835,-4.9068,50.3,5.1311
2017-01-30,44009,Washington,1.8217,-6.9828,43.908,3.3286
2017-01-31,44009,Washington,-0.1289,-7.1497,64.1467,2.3304
2017-02-01,44009,Washington,6.9479,-3.7757,59.9985,4.5845
2017-02-02,44009,Washington,5.2524,-5.7462,55.9952,4.4235
2017-02-03,44009,Washington,0.5507,-7.0933,46.0247,4.4159
2017-02-04,44009,Washington,1.2872,-6.7583,38.3363,5.8977
2017-02-05,44009,Washington,6.3568,-1.8031,49.0445,6.1385
2017-02-06,44009,Washington,5.0268,-1.9951,48.1493,4.5505
2017-02-07,44009,Washington,6.0368,0.7508,81.5279,3.1198
2017-02-08,44009,Washington,13.7144,1.1453,62.115,4.6818
2017-02-09,44009,Washington,3.6124,-11.9727,74.4593,7.5629
2017-02-10,44009,Washington,0.0604,-10.8132,51.2623,5.7394
2017-02-11,44009,Washington,3.4558,-6.1262,75.8208,2.2664
2017-02-12,44009,Washington,2.3445,-5.4313,85.8687,4.3953
2017-02-13,44009,Washington,2.4924,-6.0879,64.7536,8.6166
2017-02-14,44009,Washington,2.77,-6.8405,60.1846,3.6382
2017-02-15,44009,Washington,6.4984,-3.8667,68.9862,3.2902
2017-02-16,44009,Washington,3.5547,-5.1982,60.2995,6.4582
2017-02-17,44009,Washington,4.8844,-5.5364,51.9067,5.5556
2017-02-18,44009,Washington,9.5301,-3.9725,55.1877,4.5698
2017-02-19,44009,Washington,15.8676,1.062,41.9552,3.8081
2017-02-20,44009,Washington,8.7394,-4.096,49.8597,4.188
2017-02-21,44009,Washington,6.9148,-2.751,53.1717,2.5983
2017-02-22,44009,Washington,11.8599,1.8466,55.2405,2.5615
2017-02-23,44009,Washington,14.4854,3.1167,64.3928,3.9467
2017-02-24,44009,Washington,17.6824,7.5974,63.672,3.9262
2017-02-25,44009,Washington,16.2076,1.7678,80.0422,3.8425
2017-02-26,44009,Washington,6.448,-2.2957,50.6544,6.4567
2017-02-27,44009,Washington,9.7332,-0.4622,51.2419,5.5999
2017-02-28,44009,Washington,11.3125,4.4642,62.3525,3.238
2017-03-01,44009,Washington,13.9057,8.865,76.3376,6.1366
2017-03-02,44009,Washington,11.1009,-2.9337,52.132,8.6623
2017-03-03,44009,Washington,3.359,-9.0267,37.5919,5.9902
2017-03-04,44009,Washington,-3.3081,-11.729,29.9911,7.9873
2017-03-05,44009,Washington,1.6669,-10.8845,29.6399,6.062
2017-03-06,44009,Washington,5.3816,-8.2378,36.1248,2.3755
2017-03-07,44009,Washington,10.7689,3.3997,66.4946,4.7572
2017-03-08,44009,Washington,13.9462,4.0601,59.0147,6.4412
2017-03-09,44009,Washington,13.6568,-0.1449,39.955,6.2267
2017-03-10,44009,Washington,1.4087,-9.8759,74.8144,5.3858
2017-03-11,44009,Washington,-3.6777,-11.089,47.2994,8.2402
2017-03-12,44009,Washington,-1.6497,-11.082,45.9005,6.6474
2017-03-13,44009,Washington,1.6811,-9.2895,49.9625,3.1673
2017-03-14,44009,Washington,6.7096,-7.758,75.0238,8.3347
2017-03-15,44009,Washington,-0.1606,-6.1765,54.9487,7.6105
2017-03-16,44009,Washington,3.554,-5.5249,45.2232,7.2723
2017-03-17,44009,Washington,7.1781,-6.124,44.5221,4.4438
2017-03-18,44009,Washington,6.6532,-3.8721,55.5128,4.679
2017-03-19,44009,Washington,4.8933,-0.0552,60.9493,6.8069
2017-03-20,44009,Washington,12.1287,0.0281,37.496,4.2769
2017-03-21,44009,Washington,12.0642,0.4682,45.9622,2.957
2017-03-22,44009,Washington,5.4299,-8.2408,44.8862,7.206
2017-03-23,44009,Washington,4.981,-7.0775,32.9194,4.6805
2017-03-24,44009,Washington,8.1563,-0.5511,59.6886,5.7437
2017-03-25,44009,Washington,10.1559,-0.8819,71.2669,3.0429
2017-03-26,44009,Washington,6.3543,0.2775,61.6337,4.4828
2017-03-27,44009,Washington,9.9292,3.2936,79.2672,3.2735
2017-03-28,44009,Washington,7.1169,3.6182,89.1604,2.9512
2017-03-29,44009,Washington,11.7459,-0.3418,57.4388,4.5875
2017-03-30,44009,Washington,10.7065,0.9784,45.83,2.2354
2017-03-31,44009,Washington,4.9425,1.5361,71.7946,6.2311
2017-04-01,44009,Washington,5.2103,0.979,78.1565,7.1547
2017-04-02,44009,Washington,15.5339,0.3873,44.6884,3.4144
2017-04-03,44009,Washington,14.0708,4.5457,47.073,2.174
2017-04-04,44009,Washington,7.4784,3.734,86.7038,4.235
2017-04-05,44009,Washington,10.6531,3.2598,74.7953,1.4827
2017-04-06,44009,Washington,13.6503,3.0572,67.7285,5.6448
2017-04-07,44009,Washington,11.5222,2.9684,64.655,5.9022
2017-04-08,44009,Washington,11.3852,1.3951,47.1752,5.6732
2017-04-09,44009,Washington,17.5078,4.6998,39.6424,3.2816
2017-04-10,44009,Washington,16.1793,7.8476,56.9187,4.1943
2017-04-11,44009,Washington,21.2541,6.2902,60.4534,3.3986
2017-04-12,44009,Washington,22.7919,4.2992,58.3761,2.4014
2017-04-13,44009,Washington,16.0077,1.9883,49.567,3.2629
2017-04-14,44009,Washington,17.1693,2.5517,41.9847,1.7514
2017-04-15,44009,Washington,17.0864,7.0918,52.0793,4.9284
2017-04-16,44009,Washington,26.0004,11.8115,49.9478,5.5626
2017-04-17,44009,Washington,24.2102,7.1714,44.4956,3.9987
2017-04-18,44009,Washington,15.3429,2.9488,51.5622,3.2221
2017-04-19,44009,Washington,10.4609,4.8052,63.5691,4.5892
2017-04-20,44009,Washington,17.1877,7.8404,63.3893,2.7761
2017-04-21,44009,Washington,10.3735,5.9846,85.3963,4.257
2017-04-22,44009,Washington,10.5251,4.8628,90.6568,1.9274
2017-04-23,44009,Washington,15.9539,3.286,56.3617,2.4451
2017-04-24,44009,Washington,15.8487,8.9247,57.0773,2.137
2017-04-25,44009,Washington,14.6828,10.088,69.1583,6.4331
2017-04-26,44009,Washington,16.9526,10.6513,76.6377,3.4556
2017-04-27,44009,Washington,18.3053,11.5512,74.9421,2.1321
2017-04-28,44009,Washington,24.5765,11.9533,64.1499,3.2766
2017-04-29,44009,Washington,28.3618,11.803,50.7961,4.4963
2017-04-30,44009,Washington,16.1941,6.5463,56.572,3.6828
2017-05-01,44009,Washington,17.2207,8.5627,82.815,4.1257
2017-05-02,44009,Washington,21.8262,10.7188,65.2614,6.8338
2017-05-03,44009,Washington,19.0672,3.2086,52.1468,4.9471
2017-05-04,44009,Washington,15.6781,7.5094,49.765,2.2418
2017-05-05,44009,Washington,16.5077,9.2677,74.9444,6.0369
2017-05-06,44009,Washington,17.4896,9.6032,83.312,4.6521
2017-05-07,44009,Washington,14.9528,5.0918,73.1065,5.0677
2017-05-08,44009,Washington,13.2938,2.8658,57.1314,4.673
2017-05-09,44009,Washington,12.7611,5.7175,55.7724,1.4275
2017-05-10,44009,Washington,15.0949,4.6757,58.0403,1.3248
2017-05-11,44009,Washington,15.3737,5.2047,64.2079,1.629
2017-05-12,44009,Washington,15.3326,7.2777,69.8122,1.7888
2017-05-13,44009,Washington,12.8823,6.2718,77.2901,5.3725
2017-05-14,44009,Washington,13.8731,6.8157,70.4523,5.4251
2017-05-15,44009,Washington,17.55,9.2531,61.1219,5.3999
2017-05-16,44009,Washington,24.0929,11.1858,51.9296,3.8798
2017-05-17,44009,Washington,26.7312,15.9756,55.6945,4.3788
2017-05-18,44009,Washington,29.8128,16.3987,62.6287,4.8114
2017-05-19,44009,Washington,30.4724,12.1067,57.7619,4.0282
2017-05-20,44009,Washington,19.7444,5.8147,57.7077,2.9953
2017-05-21,44009,Washington,19.0473,9.2049,51.5766,1.7443
2017-05-22,44009,Washington,14.9208,9.8843,75.5446,3.1408
2017-05-23,44009,Washington,21.8669,11.735,64.2217,2.091
2017-05-24,44009,Washington,19.5423,10.8568,65.253,2.6583
2017-05-25,44009,Washington,14.7227,9.8693,81.9382,5.1873
2017-05-26,44009,Washington,16.4237,9.7418,83.4572,3.4116
2017-05-27,44009,Washington,19.5155,11.0982,67.4612,2.1658
2017-05-28,44009,Washington,18.2871,9.9999,71.5317,3.006
2017-05-29,44009,Washington,13.4618,9.5269,81.6268,3.3631
2017-05-30,44009,Washington,16.2066,10.2614,76.6152,2.761
2017-05-31,44009,Washington,18.9968,12.0764,78.8683,2.3457
2017-06-01,44009,Washington,23.8498,9.5645,69.1045,3.2042
2017-06-02,44009,Washington,21.17,7.5983,63.8186,3.4866
2017-06-03,44009,Washington,21.2513,7.9526,56.1075,3.172
2017-06-04,44009,Washington,21.4553,11.2425,61.2177,3.0769
2017-06-05,44009,Washington,16.2719,9.8455,99.5982,3.493
2017-06-06,44009,Washington,12.2481,7.7627,87.1675,5.2867
2017-06-07,44009,Washington,20.7644,6.6133,64.6228,1.8298
2017-06-08,44009,Washington,19.8341,10.7091,65.6134,2.1792
2017-06-09,44009,Washington,25.06,12.1076,60.0767,3.9486
2017-06-10,44009,Washington,27.2782,14.7747,58.4702,4.144
2017-06-11,44009,Washington,28.7331,17.2478,66.9962,4.7
2017-06-12,44009,Washington,32.5022,17.9306,62.6381,3.54
2017-06-13,44009,Washington,33.072,19.5205,61.161,2.897
2017-06-14,44009,Washington,26.6798,10.0138,65.8398,2.5631
2017-06-15,44009,Washington,20.6605,12.7624,60.8951,2.7791
2017-06-16,44009,Washington,20.5002,15.0058,79.9598,4.1348
2017-06-17,44009,Washington,22.7863,16.5985,84.0112,2.5652
2017-06-18,44009,Washington,23.6738,18.2449,83.1815,4.5218
2017-06-19,44009,Washington,24.319,17.8966,83.9034,5.9461
2017-06-20,44009,Washington,27.1291,16.0674,71.8388,4.8711
2017-06-21,44009,Washington,27.2778,14.2355,67.2538,4.1605
2017-06-22,44009,Washington,27.2771,16.2562,61.1741,2.2559
2017-06-23,44009,Washington,27.672,19.2871,74.6237,4.398
2017-06-24,44009,Washington,29.7352,15.4341,71.6911,3.9372
2017-06-25,44009,Washington,27.7747,14.2482,62.1035,3.3478
2017-06-26,44009,Washington,25.5109,13.3915,59.908,2.9663
2017-06-27,44009,Washington,23.3399,11.2616,78.2894,3.4005
2017-06-28,44009,Washington,25.3143,15.1885,55.4025,3.5446
2017-06-29,44009,Washington,25.0086,17.2466,68.1903,4.8771
2017-06-30,44009,Washington,26.6577,19.3851,72.3267,5.3835
2017-07-01,44009,Washington,25.5003,19.1906,86.6465,4.914
2017-07-02,44009,Washington,30.2615,18.2948,71.4454,3.6377
2017-07-03,44009,Washington,30.0502,16.2886,66.9092,3.8326
2017-07-04,44009,Washington,28.4368,15.3099,64.1065,1.6342
2017-07-05,44009,Washington,27.4182,14.4102,64.6413,2.2745
2017-07-06,44009,Washington,24.1527,16.8517,73.7253,2.3149
2017-07-07,44009,Washington,22.5273,17.2217,89.2671,2.4411
2017-07-08,44009,Washington,28.1785,16.649,78.8263,3.5259
2017-07-09,44009,Washington,27.1078,15.3497,65.0607,3.5649
2017-07-10,44009,Washington,28.2638,18.3327,66.8554,3.666
2017-07-11,44009,Washington,28.7875,19.9288,79.9572,3.9058
2017-07-12,44009,Washington,29.461,20.1313,79.9855,1.9094
2017-07-13,44009,Washington,28.9822,14.533,85.8811,2.929
2017-07-14,44009,Washington,19.6153,15.353,96.8266,2.8992
2017-07-15,44009,Washington,24.1426,17.0192,88.0756,2.1152
2017-07-16,44009,Washington,28.473,17.0039,74.6411,2.202
2017-07-17,44009,Washington,26.881,19.0915,78.9237,2.4037
2017-07-18,44009,Washington,28.703,21.2547,76.2842,2.6633
2017-07-19,44009,Washington,30.5365,19.3911,81.5066,4.0428
2017-07-20,44009,Washington,32.4279,20.6028,71.5975,2.9872
2017-07-21,44009,Washington,31.3995,19.957,72.5337,3.4844
2017-07-22,44009,Washington,29.4084,20.0651,70.2493,1.661
2017-07-23,44009,Washington,25.324,15.6021,84.0691,3.5172
2017-07-24,44009,Washington,17.8897,14.1369,99.4881,5.4043
2017-07-25,44009,Washington,19.2771,11.7481,89.9645,3.283
2017-07-26,44009,Washington,25.3523,13.8564,63.1946,2.1121
2017-07-27,44009,Washington,23.864,17.1973,80.5818,2.8825
2017-07-28,44009,Washington,27.5448,18.1105,75.4338,1.8263
2017-07-29,44009,Washington,22.1697,12.5354,92.2302,4.9334
2017-07-30,44009,Washington,27.0957,12.4454,59.6658,2.6765
2017-07-31,44009,Washington,26.2854,15.9054,69.8716,1.726
2017-08-01,44009,Washington,28.4396,18.2935,70.5532,1.8582
2017-08-02,44009,Washington,26.6004,18.0216,80.2867,2.2722
2017-08-03,44009,Washington,25.9864,18.9056,78.4089,2.3803
2017-08-04,44009,Washington,25.9658,20.1165,74.2456,2.7113
2017-08-05,44009,Washington,25.1087,14.9195,89.8363,2.8844
2017-08-06,44009,Washington,25.2229,13.0782,65.9568,3.863
2017-08-07,44009,Washington,23.093,14.7092,80.7812,1.9454
2017-08-08,44009,Washington,24.544,13.0314,81.2141,2.1463
2017-08-09,44009,Washington,26.8319,13.8838,69.196,2.5729
2017-08-10,44009,Washington,26.3346,13.7826,75.3022,2.0364
2017-08-11,44009,Washington,25.8648,15.0033,77.0024,2.038
2017-08-12,44009,Washington,23.2528,15.5209,94.8693,2.7319
2017-08-13,44009,Washington,29.3794,15.2209,71.8473,2.3241
2017-08-14,44009,Washington,26.4107,17.5157,70.6034,1.6897
2017-08-15,44009,Washington,25.1413,17.1476,85.728,1.9143
2017-08-16,44009,Washington,29.3688,15.2025,65.3087,2.3191
2017-08-17,44009,Washington,25.7625,15.8244,60.041,2.3122
2017-08-18,44009,Washington,24.8124,19.9351,85.7202,3.5526
2017-08-19,44009,Washington,30.3885,19.4065,74.0198,3.6649
2017-08-20,44009,Washington,28.6864,15.2288,66.0077,3.5277
2017-08-21,44009,Washington,28.9439,18.2397,63.8924,3.6767
2017-08-22,44009,Washington,28.2561,20.987,78.7404,5.4005
2017-08-23,44009,Washington,28.7127,12.9911,74.0089,4.0734
2017-08-24,44009,Washington,26.7604,13.7608,56.984,2.0521
2017-08-25,44009,Washington,25.4273,10.4762,60.3905,2.4868
2017-08-26,44009,Washington,23.7414,10.3522,53.9701,1.3508
2017-08-27,44009,Washington,24.7571,10.8574,57.6405,2.5321
2017-08-28,44009,Washington,24.2595,11.8839,55.7634,3.7223
2017-08-29,44009,Washington,21.6141,12.8357,70.6536,4.7728
2017-08-30,44009,Washington,23.9951,11.8583,63.3669,4.897
2017-08-31,44009,Washington,26.2259,7.8918,68.603,4.077
2017-09-01,44009,Washington,20.8818,6.4778,50.4145,4.0403
2017-09-02,44009,Washington,20.1426,10.2437,53.1911,2.2361
2017-09-03,44009,Washington,20.4726,12.389,84.582,5.5046
2017-09-04,44009,Washington,24.5502,14.8792,68.3357,4.8818
2017-09-05,44009,Washington,25.838,18.9227,74.3698,5.2943
2017-09-06,44009,Washington,23.6572,15.4672,87.3919,3.3588
2017-09-07,44009,Washington,22.6659,11.4277,80.0862,4.4682
2017-09-08,44009,Washington,22.5597,10.4716,62.4988,3.8869
2017-09-09,44009,Washington,22.2224,10.6574,61.5169,2.4101
2017-09-10,44009,Washington,22.8777,9.4599,60.4565,2.5466
2017-09-11,44009,Washington,24.4881,11.0927,54.8896,2.6474
2017-09-12,44009,Washington,25.9868,12.0336,60.6231,3.2497
2017-09-13,44009,Washington,25.9566,18.2634,61.1447,2.814
2017-09-14,44009,Washington,24.8454,18.7197,77.5179,3.9859
2017-09-15,44009,Washington,25.9519,17.043,74.3455,2.3189
2017-09-16,44009,Washington,25.1238,16.7642,75.8261,0.9456
2017-09-17,44009,Washington,24.1486,17.0046,74.2954,1.6244
2017-09-18,44009,Washington,22.8309,17.6915,80.1765,3.814
2017-09-19,44009,Washington,21.5574,17.8226,84.5797,6.2032
2017-09-20,44009,Washington,22.7314,19.0724,80.9174,6.4858
2017-09-21,44009,Washington,22.083,15.2985,82.4148,6.9474
2017-09-22,44009,Washington,18.9646,15.4538,74.1438,7.4874
2017-09-23,44009,Washington,26.8671,14.2563,67.3679,4.0267
2017-09-24,44009,Washington,28.1927,15.0166,64.37,1.4573
2017-09-25,44009,Washington,26.5709,17.0127,67.7767,1.4505
2017-09-26,44009,Washington,25.8725,17.0807,71.4084,1.5024
2017-09-27,44009,Washington,26.9789,18.0648,76.8325,2.4667
2017-09-28,44009,Washington,26.4815,8.4609,67.528,3.8294
2017-09-29,44009,Washington,19.3357,8.0748,52.6604,2.6422
2017-09-30,44009,Washington,17.003,6.3837,77.9504,3.5912
2017-10-01,44009,Washington,19.1439,6.5543,52.402,2.6734
2017-10-02,44009,Washington,21.3146,7.3957,49.7175,2.98
2017-10-03,44009,Washington,18.9644,8.1012,57.7091,2.3956
2017-10-04,44009,Washington,22.0969,13.0321,60.559,5.3712
2017-10-05,44009,Washington,25.4221,15.1474,62.6444,4.8541
2017-10-06,44009,Washington,25.5631,14.8422,56.7674,2.0781
2017-10-07,44009,Washington,23.9321,16.5032,68.7131,3.4179
2017-10-08,44009,Washington,23.2395,19.4579,77.1523,5.232
2017-10-09,44009,Washington,23.5042,18.18,80.3363,4.7616
2017-10-10,44009,Washington,26.3053,13.1819,65.9959,2.9233
2017-10-11,44009,Washington,22.7187,11.4861,63.9193,3.9146
2017-10-12,44009,Washington,16.9947,5.8301,64.5683,5.7963
2017-10-13,44009,Washington,18.3726,7.6267,72.1702,3.9155
2017-10-14,44009,Washington,19.8724,14.2099,84.1341,1.6569
2017-10-15,44009,Washington,21.258,14.9999,82.2285,4.9334
2017-10-16,44009,Washington,16.2014,3.4038,86.8916,4.6061
2017-10-17,44009,Washington,14.211,4.6805,48.3529,3.3257
2017-10-18,44009,Washington,21.5068,6.8248,52.467,3.4942
2017-10-19,44009,Washington,20.4912,9.7237,63.42,4.7477
2017-10-20,44009,Washington,21.754,7.7925,49.0659,3.854
2017-10-21,44009,Washington,21.813,7.8399,48.9427,2.6423
2017-10-22,44009,Washington,23.8417,9.3384,52.8274,1.8734
2017-10-23,44009,Washington,21.3661,11.3076,77.2497,3.9793
2017-10-24,44009,Washington,22.1283,18.4256,72.6068,6.9899
2017-10-25,44009,Washington,19.518,14.9681,87.6081,3.8128
2017-10-26,44009,Washington,17.1785,6.1169,79.9923,4.1197
2017-10-27,44009,Washington,16.5271,5.3803,57.8125,3.8014
2017-10-28,44009,Washington,18.6257,7.2716,72.2146,3.6581
2017-10-29,44009,Washington,19.1755,14.7896,80.5867,7.8934
2017-10-30,44009,Washington,15.6229,9.0099,74.9974,8.0458
2017-10-31,44009,Washington,14.7358,2.0575,59.8959,5.8595
2017-11-01,44009,Washington,15.5502,2.7479,59.1511,3.0705
2017-11-02,44009,Washington,19.9153,13.2893,74.9467,3.8598
2017-11-03,44009,Washington,21.3919,5.6964,77.2915,4.1597
2017-11-04,44009,Washington,13.4639,5.9618,55.21,4.0078
2017-11-05,44009,Washington,17.868,9.2787,70.8448,4.2707
2017-11-06,44009,Washington,18.4322,5.3869,89.8927,4.6602
2017-11-07,44009,Washington,10.5148,2.6766,73.5972,3.9263
2017-11-08,44009,Washington,8.0222,-1.7207,79.8965,4.9404
2017-11-09,44009,Washington,12.1222,-0.7244,70.3703,2.9414
2017-11-10,44009,Washington,5.9187,-6.2189,63.7048,7.3848
2017-11-11,44009,Washington,4.2089,-5.6087,41.7784,3.3278
2017-11-12,44009,Washington,8.6768,-3.0588,56.3636,0.8478
2017-11-13,44009,Washington,6.5364,1.5053,88.489,3.6465
2017-11-14,44009,Washington,6.3792,-0.4965,80.0045,4.1265
2017-11-15,44009,Washington,9.8425,-0.1256,61.9512,3.0263
2017-11-16,44009,Washington,11.538,3.2244,77.8218,5.0572
2017-11-17,44009,Washington,7.789,-3.703,59.943,6.3197
2017-11-18,44009,Washington,15.9187,-2.531,60.9335,4.663
2017-11-19,44009,Washington,15.1247,0.0673,71.6527,8.2947
2017-11-20,44009,Washington,7.7503,0.6342,51.1116,7.4035
2017-11-21,44009,Washington,13.9647,4.2466,60.423,6.3101
2017-11-22,44009,Washington,12.1465,-2.1283,90.2377,4.2324
2017-11-23,44009,Washington,6.0891,-2.9778,55.5493,3.6558
2017-11-24,44009,Washington,9.1486,-1.6372,61.578,3.7332
2017-11-25,44009,Washington,12.9379,2.2529,68.5165,3.9178
2017-11-26,44009,Washington,9.1507,0.0285,58.9467,5.9618
2017-11-27,44009,Washington,9.0605,-4.0362,54.962,5.6583
2017-11-28,44009,Washington,12.0711,-3.2416,53.6537,3.7369
2017-11-29,44009,Washington,16.3098,-2.1109,57.0355,5.7543
2017-11-30,44009,Washington,10.5749,-1.9166,63.8795,3.1022
2017-12-01,44009,Washington,11.637,-1.7284,66.3796,3.5122
2017-12-02,44009,Washington,7.6776,-1.7492,58.7649,1.1613
2017-12-03,44009,Washington,7.8057,-1.3294,65.8829,0.9968
2017-12-04,44009,Washington,9.2136,-0.3808,59.9933,2.1186
2017-12-05,44009,Washington,15.1365,5.7771,68.2878,6.624
2017-12-06,44009,Washington,11.8048,-0.2901,64.8829,5.5662
2017-12-07,44009,Washington,8.1009,-1.3555,47.7181,5.2239
2017-12-08,44009,Washington,4.9498,-1.2155,49.9589,3.6314
2017-12-09,44009,Washington,2.5896,-1.2079,67.2564,3.715
2017-12-10,44009,Washington,4.1765,-1.8324,62.0773,5.2484
2017-12-11,44009,Washington,5.7553,-1.408,56.0002,3.5255
2017-12-12,44009,Washington,9.8839,-6.2728,74.6721,4.3754
2017-12-13,44009,Washington,-2.732,-6.6279,62.4474,8.9484
2017-12-14,44009,Washington,-1.016,-11.3081,72.9198,4.92
2017-12-15,44009,Washington,-2.2145,-11.1532,77.5843,2.6813
2017-12-16,44009,Washington,2.1255,-8.8654,67.3794,6.9243
2017-12-17,44009,Washington,0.1067,-8.4342,63.5465,3.3745
2017-12-18,44009,Washington,5.1704,-2.6961,72.8477,2.0575
2017-12-19,44009,Washington,11.0352,2.2996,56.4992,5.4028
2017-12-20,44009,Washington,6.5928,-2.9606,56.2911,5.7835
2017-12-21,44009,Washington,2.8694,-3.529,42.3182,3.2168
2017-12-22,44009,Washington,1.7576,-2.9005,74.2404,2.9005
2017-12-23,44009,Washington,12.1781,-1.0666,79.7802,4.9128
2017-12-24,44009,Washington,4.3092,-0.2896,59.6406,5.1988
2017-12-25,44009,Washington,3.6199,-5.6166,74.1531,8.169
2017-12-26,44009,Washington,-2.078,-11.1143,45.1185,6.9193
2017-12-27,44009,Washington,-5.0637,-13.75,47.2771,5.6651
2017-12-28,44009,Washington,-10.0352,-15.6462,48.6968,7.4999
2017-12-29,44009,Washington,-8.1787,-15.2583,52.5824,5.1742
2017-12-30,44009,Washington,-6.7508,-13.9626,73.9138,3.5283
2017-12-31,44009,Washington,4.065,-5.2558,25.266,4.4904
2018-01-01,44009,Washington,-9.0905,-17.5804,51.2681,5.9699
2018-01-02,44009,Washington,-4.7069,-13.5983,62.2572,5.952
2018-01-03,44009,Washington,-0.4651,-11.9467,69.1582,3.0695
2018-01-04,44009,Washington,-0.1802,-9.6767,86.0728,10.0122
2018-01-05,44009,Washington,-8.6743,-14.7464,67.4648,10.8638
2018-01-06,44009,Washington,-9.4986,-18.993,53.8547,8.8249
2018-01-07,44009,Washington,-3.3431,-18.0585,50.1292,5.5002
2018-01-08,44009,Washington,3.2587,-4.0647,62.0591,7.2206
2018-01-09,44009,Washington,6.0745,-8.0014,59.8002,5.1566
2018-01-10,44009,Washington,4.2,-8.2196,59.1427,2.2509
2018-01-11,44009,Washington,10.5101,1.5748,54.0617,3.4595
2018-01-12,44009,Washington,15.0593,8.811,48.8707,6.4124
2018-01-13,44009,Washington,12.945,-8.3595,60.2038,7.0609
2018-01-14,44009,Washington,-3.0002,-9.19,39.1467,4.9049
2018-01-15,44009,Washington,-4.3428,-7.8021,69.973,5.0947
2018-01-16,44009,Washington,2.7262,-4.8913,65.3562,2.3997
2018-01-17,44009,Washington,2.4728,-6.6867,85.469,3.2481
2018-01-18,44009,Washington,0.7972,-6.5613,54.4071,3.9029
2018-01-19,44009,Washington,2.9679,-5.2122,51.6974,4.5068
2018-01-20,44009,Washington,9.1721,-0.3115,46.4191,5.5356
2018-01-21,44009,Washington,9.297,-0.5332,48.1787,1.4703
2018-01-22,44009,Washington,6.9921,2.6972,65.6616,2.404
2018-01-23,44009,Washington,12.7803,2.9372,70.5622,6.133
2018-01-24,44009,Washington,5.2801,-6.1916,58.6815,5.7471
2018-01-25,44009,Washington,-0.1066,-7.3914,33.476,5.6831
2018-01-26,44009,Washington,2.72,-6.423,32.8089,3.5422
2018-01-27,44009,Washington,9.8447,-0.9751,56.5379,6.2729
2018-01-28,44009,Washington,9.407,2.5705,68.1582,3.0334
2018-01-29,44009,Washington,5.4034,-4.4942,62.3556,6.734
2018-01-30,44009,Washington,0.9085,-8.5246,64.4306,5.821
2018-01-31,44009,Washington,2.1122,-8.5875,53.1558,4.6416
2018-02-01,44009,Washington,6.7287,-0.4707,62.3844,4.1864
2018-02-02,44009,Washington,0.9412,-11.9162,65.4724,6.5162
2018-02-03,44009,Washington,1.2608,-10.7467,39.5179,5.9301
2018-02-04,44009,Washington,8.9313,0.6297,62.7802,5.2739
2018-02-05,44009,Washington,6.1476,-6.0049,61.6812,5.1365
2018-02-06,44009,Washington,1.7294,-5.5065,52.4208,2.8767
2018-02-07,44009,Washington,9.5914,-4.7196,63.1643,5.6189
2018-02-08,44009,Washington,1.3128,-7.6208,46.1933,4.8644
2018-02-09,44009,Washington,3.8924,-6.8239,45.7414,3.8801
2018-02-10,44009,Washington,11.6099,2.5183,59.076,2.6067
2018-02-11,44009,Washington,13.4572,6.1802,67.179,3.7322
2018-02-12,44009,Washington,7.5272,-4.0109,70.226,4.787
2018-02-13,44009,Washington,2.614,-3.82,33.558,3.1223
2018-02-14,44009,Washington,9.1997,0.8643,55.8806,4.352
2018-02-15,44009,Washington,10.1145,4.5496,72.5261,3.497
2018-02-16,44009,Washington,13.0474,-2.4466,70.5617,4.6556
2018-02-17,44009,Washington,3.9445,-1.5417,53.4337,3.5924
2018-02-18,44009,Washington,7.2308,-4.7435,58.621,3.5098
2018-02-19,44009,Washington,10.4902,-1.9576,64.2998,3.9174
2018-02-20,44009,Washington,14.2427,7.9238,64.2231,4.7086
2018-02-21,44009,Washington,16.5548,6.207,72.6561,4.78
2018-02-22,44009,Washington,7.7744,-0.302,57.7373,5.0672
2018-02-23,44009,Washington,6.1563,0.755,62.7083,3.8636
2018-02-24,44009,Washington,14.0008,3.4841,56.4728,3.1196
2018-02-25,44009,Washington,6.4423,3.1831,75.1903,4.4946
2018-02-26,44009,Washington,9.6938,-0.2211,57.5009,2.9984
2018-02-27,44009,Washington,12.3354,1.2329,39.2617,3.2311
2018-02-28,44009,Washington,12.3457,2.491,52.5811,4.3267
2018-03-01,44009,Washington,16.4232,3.4747,55.1342,3.4709
2018-03-02,44009,Washington,7.8085,1.7647,78.4608,10.4495
2018-03-03,44009,Washington,6.9059,2.9131,59.6536,8.2108
2018-03-04,44009,Washington,7.0523,-0.0952,58.8541,4.9904
2018-03-05,44009,Washington,7.3976,-0.9475,57.6281,5.6982
2018-03-06,44009,Washington,6.2918,-1.4422,60.0913,2.3846
2018-03-07,44009,Washington,4.431,0.0596,77.008,7.2325
2018-03-08,44009,Washington,5.3284,-1.7286,68.3454,5.8346
2018-03-09,44009,Washington,4.87,-0.5977,53.5883,5.8497
2018-03-10,44009,Washington,6.0027,-1.3759,50.4974,6.6663
2018-03-11,44009,Washington,8.3142,-2.3082,47.085,3.866
2018-03-12,44009,Washington,7.55,-0.9662,56.8722,5.3925
2018-03-13,44009,Washington,1.6386,-2.3908,81.7465,8.2636
2018-03-14,44009,Washington,4.9835,-1.4144,58.6943,7.7768
2018-03-15,44009,Washington,7.1179,-1.3777,52.0479,7.1435
2018-03-16,44009,Washington,4.4941,-4.0761,49.388,7.4655
2018-03-17,44009,Washington,7.6138,-7.8665,44.9536,6.3872
2018-03-18,44009,Washington,2.6539,-7.0937,44.2939,4.5096
2018-03-19,44009,Washington,5.1549,-5.8328,40.5449,3.9416
2018-03-20,44009,Washington,4.8016,-2.9936,43.8114,3.879
2018-03-21,44009,Washington,3.6486,-0.4944,64.8859,8.6761
2018-03-22,44009,Washington,8.3691,-1.6938,54.1877,5.5448
2018-03-23,44009,Washington,9.4997,0.555,45.465,3.1985
2018-03-24,44009,Washington,9.4142,-0.8734,44.7782,2.5804
2018-03-25,44009,Washington,4.4096,-3.4495,63.4368,5.411
2018-03-26,44009,Washington,7.5466,-4.1855,51.1457,4.9396
2018-03-27,44009,Washington,10.0428,1.6447,44.4737,2.2493
2018-03-28,44009,Washington,11.715,3.3517,54.9086,2.4714
2018-03-29,44009,Washington,13.0144,5.8228,61.7225,2.4505
2018-03-30,44009,Washington,15.0758,3.1236,72.2075,4.8349
2018-03-31,44009,Washington,13.2154,3.5005,41.1645,4.5185
2018-04-01,44009,Washington,14.5212,-1.2354,53.086,5.4838
2018-04-02,44009,Washington,5.8199,-2.8456,62.809,2.2955
2018-04-03,44009,Washington,6.7359,1.3221,76.3154,2.9816
2018-04-04,44009,Washington,12.3812,-1.7344,82.3218,6.932
2018-04-05,44009,Washington,6.7584,-4.5729,40.1335,6.5014
2018-04-06,44009,Washington,8.6359,-0.2084,66.7802,5.4524
2018-04-07,44009,Washington,9.0527,-1.2287,54.7197,3.5195
2018-04-08,44009,Washington,7.8907,-2.5334,40.4465,4.4313
2018-04-09,44009,Washington,8.3539,-0.9663,38.9106,3.3518
2018-04-10,44009,Washington,5.6578,-3.4454,78.5922,1.9485
2018-04-11,44009,Washington,9.4079,0.4976,50.2135,2.5023
2018-04-12,44009,Washington,14.1743,6.2292,54.1886,4.8835
2018-04-13,44009,Washington,18.0328,5.6742,61.448,4.1799
2018-04-14,44009,Washington,17.2797,2.2251,65.022,4.85
2018-04-15,44009,Washington,5.5524,1.428,66.0432,9.1402
2018-04-16,44009,Washington,14.334,3.8827,64.3672,7.7172
2018-04-17,44009,Washington,10.2196,0.2841,61.1828,5.5927
2018-04-18,44009,Washington,11.7601,1.8654,52.5436,5.5361
2018-04-19,44009,Washington,7.1773,0.2985,78.79,3.1444
2018-04-20,44009,Washington,12.5927,0.8771,47.2646,5.2092
2018-04-21,44009,Washington,15.2205,-0.0777,43.3679,3.4716
2018-04-22,44009,Washington,16.8968,0.53,36.531,2.2704
2018-04-23,44009,Washington,18.0998,0.5527,39.4264,2.0312
2018-04-24,44009,Washington,17.6354,8.788,46.9382,2.9485
2018-04-25,44009,Washington,14.016,8.7721,74.6903,4.9226
2018-04-26,44009,Washington,19.3793,6.5492,63.7213,3.9277
2018-04-27,44009,Washington,16.0128,8.311,61.0975,2.8683
2018-04-28,44009,Washington,20.1894,6.8167,60.4087,2.5289
2018-04-29,44009,Washington,15.2636,4.2222,65.982,3.368
2018-04-30,44009,Washington,10.7213,4.1714,63.2305,4.0549
2018-05-01,44009,Washington,20.3016,8.8503,46.8329,3.5467
2018-05-02,44009,Washington,28.7442,14.3934,41.5411,5.3432
2018-05-03,44009,Washington,27.8152,14.7496,52.2911,4.8154
2018-05-04,44009,Washington,25.0836,13.4793,64.0382,4.7345
2018-05-05,44009,Washington,22.6509,11.6142,51.0016,4.5826
2018-05-06,44009,Washington,17.6557,8.952,73.4971,3.1742
2018-05-07,44009,Washington,20.3384,6.8634,63.991,1.9425
2018-05-08,44009,Washington,20.1536,6.9174,57.331,1.7229
2018-05-09,44009,Washington,20.4525,9.7961,56.0796,2.0311
2018-05-10,44009,Washington,20.224,9.6677,63.1545,3.8385
2018-05-11,44009,Washington,22.6887,8.4319,47.8141,2.9924
2018-05-12,44009,Washington,13.1901,9.0868,73.0273,3.0405
2018-05-13,44009,Washington,14.525,9.0336,73.8755,2.687
2018-05-14,44009,Washington,19.7026,10.1062,69.5523,2.3593
2018-05-15,44009,Washington,25.1542,12.0551,71.7854,3.9773
2018-05-16,44009,Washington,19.0243,11.7891,70.5664,3.3423
2018-05-17,44009,Washington,19.9849,12.5394,73.7026,1.9973
2018-05-18,44009,Washington,15.5961,5.7792,79.4501,5.1544
2018-05-19,44009,Washington,16.5351,8.5101,74.3073,4.3105
2018-05-20,44009,Washington,23.5162,11.5645,72.5322,4.6553
2018-05-21,44009,Washington,23.0627,9.3252,57.4749,2.5384
2018-05-22,44009,Washington,20.5454,11.3598,63.0395,2.106
2018-05-23,44009,Washington,25.0779,10.9635,60.2462,2.6257
2018-05-24,44009,Washington,24.2389,9.3771,50.8007,2.9655
2018-05-25,44009,Washington,28.1229,15.6844,50.4853,5.4987
2018-05-26,44009,Washington,29.5228,13.742,66.5201,3.2373
2018-05-27,44009,Washington,16.3112,9.9186,87.018,5.8534
2018-05-28,44009,Washington,19.1454,12.937,68.9348,2.5444
2018-05-29,44009,Washington,28.5242,13.753,61.8592,2.0568
2018-05-30,44009,Washington,25.3905,10.2673,63.2132,2.5766
2018-05-31,44009,Washington,23.2604,13.3936,69.2533,2.3034
2018-06-01,44009,Washington,22.6047,16.5827,83.2513,2.4352
2018-06-02,44009,Washington,28.2557,11.8454,75.1795,3.0222
2018-06-03,44009,Washington,18.7377,8.4683,69.0675,5.6282
2018-06-04,44009,Washington,14.2458,9.3895,85.2756,3.7141
2018-06-05,44009,Washington,21.0614,9.796,71.2056,3.3334
2018-06-06,44009,Washington,19.1528,10.4257,70.9449,2.0907
2018-06-07,44009,Washington,19.2849,11.3092,70.8391,3.0249
2018-06-08,44009,Washington,24.5121,13.5759,66.1632,3.3736
2018-06-09,44009,Washington,25.7643,13.433,62.7545,1.2065
2018-06-10,44009,Washington,22.0184,10.7018,66.5775,1.4181
2018-06-11,44009,Washington,20.4901,8.2302,63.2372,2.7388
2018-06-12,44009,Washington,22.7096,12.9535,56.6843,4.8437
2018-06-13,44009,Washington,22.0221,16.1974,77.6472,4.9596
2018-06-14,44009,Washington,26.729,13.7982,62.9659,5.3402
2018-06-15,44009,Washington,19.5226,11.2525,78.6802,2.2654
2018-06-16,44009,Washington,27.6075,12.5445,56.536,2.8924
2018-06-17,44009,Washington,29.685,15.6892,51.7037,2.0631
2018-06-18,44009,Washington,27.7569,18.3511,70.6723,5.3355
2018-06-19,44009,Washington,29.6459,12.4539,60.7078,3.8084
2018-06-20,44009,Washington,26.3719,15.6818,59.1739,2.4504
2018-06-21,44009,Washington,25.84,14.4051,76.4303,1.7548
2018-06-22,44009,Washington,24.3983,14.0086,67.523,3.3983
2018-06-23,44009,Washington,18.4517,14.3129,94.7584,3.0888
2018-06-24,44009,Washington,23.4546,15.9507,83.9063,2.7159
2018-06-25,44009,Washington,25.9229,10.3534,64.8942,3.3738
2018-06-26,44009,Washington,25.0322,14.4011,56.1857,2.4991
2018-06-27,44009,Washington,24.2386,16.9579,70.7785,4.3865
2018-06-28,44009,Washington,23.5688,18.2959,82.4465,4.2146
2018-06-29,44009,Washington,30.3675,18.5116,67.039,2.5044
2018-06-30,44009,Washington,30.8461,19.7013,62.4995,2.1591
2018-07-01,44009,Washington,34.1578,20.5244,68.3335,2.1161
2018-07-02,44009,Washington,30.0718,20.4571,75.611,2.4393
2018-07-03,44009,Washington,30.4398,21.5654,77.1798,2.6473
2018-07-04,44009,Washington,31.7564,21.5481,74.0984,2.0316
2018-07-05,44009,Washington,30.3828,22.6878,74.9781,4.5694
2018-07-06,44009,Washington,27.0257,12.1638,95.3318,5.4445
2018-07-07,44009,Washington,24.3448,10.9765,58.8299,2.5726
2018-07-08,44009,Washington,26.2583,12.6642,59.8756,1.4225
2018-07-09,44009,Washington,27.7315,15.5784,66.3192,3.7086
2018-07-10,44009,Washington,30.9553,18.672,63.5495,3.8572
2018-07-11,44009,Washington,27.0998,13.9753,75.9912,2.9574
2018-07-12,44009,Washington,26.9391,13.7121,61.8806,1.9596
2018-07-13,44009,Washington,26.2385,14.8508,61.4638,2.3993
2018-07-14,44009,Washington,25.1317,18.6993,68.4211,2.4205
2018-07-15,44009,Washington,28.9673,18.7497,74.7491,2.1115
2018-07-16,44009,Washington,30.4858,20.84,70.1758,2.6385
2018-07-17,44009,Washington,28.9335,19.9242,82.1198,4.5702
2018-07-18,44009,Washington,29.0494,13.4286,69.036,2.9183
2018-07-19,44009,Washington,26.6823,13.3979,59.7907,1.6097
2018-07-20,44009,Washington,28.1982,12.7307,64.0794,2.3993
2018-07-21,44009,Washington,25.1088,17.6232,66.4203,4.3212
2018-07-22,44009,Washington,25.6659,20.139,84.149,5.7267
2018-07-23,44009,Washington,27.376,21.8882,78.212,4.8515
2018-07-24,44009,Washington,27.8887,22.0838,76.8178,4.404
2018-07-25,44009,Washington,26.7226,21.4912,80.2999,5.2112
2018-07-26,44009,Washington,27.7714,20.1959,79.4585,4.3639
2018-07-27,44009,Washington,29.517,21.0105,75.2484,3.2451
2018-07-28,44009,Washington,28.9044,19.0202,78.8563,2.9257
2018-07-29,44009,Washington,28.0339,15.9748,76.2396,2.6196
2018-07-30,44009,Washington,27.7117,16.959,67.1521,1.7897
2018-07-31,44009,Washington,28.8841,18.3114,65.9363,1.5876
2018-08-01,44009,Washington,27.7366,21.2451,79.1478,4.0395
2018-08-02,44009,Washington,31.3739,22.6877,73.1192,5.1734
2018-08-03,44009,Washington,30.5953,22.2746,74.088,4.7821
2018-08-04,44009,Washington,26.4058,19.0429,85.0478,3.764
2018-08-05,44009,Washington,31.4577,19.0833,64.0252,2.4119
2018-08-06,44009,Washington,32.4839,21.1165,65.776,3.2913
2018-08-07,44009,Washington,31.1507,21.7313,72.8495,4.3893
2018-08-08,44009,Washington,30.3746,22.3014,72.5786,3.3157
2018-08-09,44009,Washington,30.7674,17.958,73.1514,3.4779
2018-08-10,44009,Washington,30.8077,19.4211,58.9721,2.2606
2018-08-11,44009,Washington,24.5501,20.4879,88.0532,2.2143
2018-08-12,44009,Washington,27.4681,19.8122,75.7982,3.0648
2018-08-13,44009,Washington,23.7189,20.4752,85.0479,3.1345
2018-08-14,44009,Washington,28.2625,20.0693,77.4326,2.7247
2018-08-15,44009,Washington,30.0804,20.6328,70.7345,3.1111
2018-08-16,44009,Washington,31.131,20.1075,73.4631,3.1742
2018-08-17,44009,Washington,30.2876,21.25,74.0895,2.7295
2018-08-18,44009,Washington,28.9526,17.8371,83.0212,3.7876
2018-08-19,44009,Washington,24.1279,17.6132,80.0719,4.8901
2018-08-20,44009,Washington,25.4028,16.1578,77.5684,3.9494
2018-08-21,44009,Washington,24.1002,17.6852,82.5175,2.8543
2018-08-22,44009,Washington,27.9052,17.8927,76.3793,3.806
2018-08-23,44009,Washington,25.4105,12.5044,62.7721,3.2873
2018-08-24,44009,Washington,27.6207,13.7159,63.0301,2.2164
2018-08-25,44009,Washington,26.4811,12.3098,74.9217,2.047
2018-08-26,44009,Washington,26.8394,17.9514,72.9588,3.1621
2018-08-27,44009,Washington,30.4899,21.0056,69.625,3.1841
2018-08-28,44009,Washington,32.6766,22.6081,69.1206,4.3496
2018-08-29,44009,Washington,33.559,21.7332,67.6904,4.2679
2018-08-30,44009,Washington,32.4208,17.8296,70.9027,3.1735
2018-08-31,44009,Washington,25.1963,15.2791,72.2758,4.0481
2018-09-01,44009,Washington,25.6706,14.8686,68.9391,2.8488
2018-09-02,44009,Washington,26.5486,19.7048,63.6687,2.1726
2018-09-03,44009,Washington,30.9996,21.6337,66.0342,3.8638
2018-09-04,44009,Washington,31.9408,19.2713,63.7572,1.9513
2018-09-05,44009,Washington,28.7199,21.1038,65.9562,3.0029
2018-09-06,44009,Washington,31.7456,19.2774,72.0686,3.4913
2018-09-07,44009,Washington,22.3407,17.2036,86.3552,2.3024
2018-09-08,44009,Washington,20.5331,12.4725,75.2486,3.1655
2018-09-09,44009,Washington,18.2262,12.3115,70.2163,4.8079
2018-09-10,44009,Washington,20.0942,14.1567,85.0842,6.3607
2018-09-11,44009,Washington,27.1954,18.7444,77.2308,1.9727
2018-09-12,44009,Washington,23.2454,17.9749,90.985,1.7553
2018-09-13,44009,Washington,22.7801,16.6404,81.4765,2.6402
2018-09-14,44009,Washington,23.8128,16.6625,74.5188,2.44
2018-09-15,44009,Washington,25.0733,14.995,73.5872,1.3365
2018-09-16,44009,Washington,26.6859,16.2458,73.4586,1.5216
2018-09-17,44009,Washington,25.9284,19.8447,73.4791,2.7465
2018-09-18,44009,Washington,25.321,17.0116,87.9789,3.4099
2018-09-19,44009,Washington,20.8991,13.9524,91.5623,3.9768
2018-09-20,44009,Washington,20.7676,13.9548,76.1989,3.382
2018-09-21,44009,Washington,22.1013,16.0444,77.7897,4.6301
2018-09-22,44009,Washington,22.3477,10.9477,74.2517,3.9906
2018-09-23,44009,Washington,18.0273,9.0791,82.3113,1.5069
2018-09-24,44009,Washington,16.1105,9.5331,83.5449,5.4766
2018-09-25,44009,Washington,22.1067,12.3642,85.6836,6.1724
2018-09-26,44009,Washington,24.8659,16.3229,89.4411,4.7172
2018-09-27,44009,Washington,21.6597,13.5291,78.6181,3.5572
2018-09-28,44009,Washington,15.9154,10.6348,99.5995,3.723
2018-09-29,44009,Washington,22.6167,8.4971,72.0622,2.5788
2018-09-30,44009,Washington,21.0719,10.5978,62.1539,2.219
2018-10-01,44009,Washington,21.6128,12.9519,79.2644,2.4898
2018-10-02,44009,Washington,21.9831,14.4986,82.7499,3.4261
2018-10-03,44009,Washington,21.6211,14.9744,79.0249,2.1202
2018-10-04,44009,Washington,22.245,14.4853,78.9542,3.2222
2018-10-05,44009,Washington,19.1996,8.0372,80.1276,3.7057
2018-10-06,44009,Washington,19.7743,10.9942,67.5379,2.7958
2018-10-07,44009,Washington,24.7891,14.6748,76.2404,3.1682
2018-10-08,44009,Washington,18.8909,14.3717,73.4312,3.7601
2018-10-09,44009,Washington,24.6877,17.7003,73.072,4.1805
2018-10-10,44009,Washington,27.0158,19.3289,69.5021,4.2753
2018-10-11,44009,Washington,24.3578,14.6465,86.3473,3.7724
2018-10-12,44009,Washington,18.1729,7.91,87.5676,4.2429
2018-10-13,44009,Washington,12.3858,4.4486,70.4638,3.6276
2018-10-14,44009,Washington,15.602,4.9253,60.168,3.7759
2018-10-15,44009,Washington,20.7981,6.5875,80.6998,6.0576
2018-10-16,44009,Washington,14.0357,3.9026,65.7073,5.6542
2018-10-17,44009,Washington,16.5928,2.9588,57.3116,7.3545
2018-10-18,44009,Washington,9.0768,0.1508,50.6996,6.5668
2018-10-19,44009,Washington,16.175,4.2403,61.8381,6.6377
2018-10-20,44009,Washington,17.5664,6.092,77.615,5.9182
2018-10-21,44009,Washington,9.2053,-1.5305,72.4326,6.156
2018-10-22,44009,Washington,10.5637,1.3777,62.1504,4.001
2018-10-23,44009,Washington,15.6871,4.7553,66.4237,3.3466
2018-10-24,44009,Washington,10.5029,1.2314,70.8986,5.8021
2018-10-25,44009,Washington,9.8047,-1.6819,59.5287,5.6584
2018-10-26,44009,Washington,8.3893,0.6947,56.8138,3.0758
2018-10-27,44009,Washington,12.4831,6.2863,91.5384,7.3078
2018-10-28,44009,Washington,13.4566,7.1735,77.8332,4.7819
2018-10-29,44009,Washington,14.2691,4.7271,73.6678,4.9955
2018-10-30,44009,Washington,9.7707,-1.0292,70.4068,4.5699
2018-10-31,44009,Washington,14.8114,0.7519,70.569,3.2839
2018-11-01,44009,Washington,20.1938,12.8335,64.8932,3.5473
2018-11-02,44009,Washington,19.247,15.2168,74.3935,7.0485
2018-11-03,44009,Washington,17.4683,3.7591,72.1111,8.0092
2018-11-04,44009,Washington,12.9611,3.1236,47.9966,3.1849
2018-11-05,44009,Washington,11.3903,5.3736,79.6909,5.0843
2018-11-06,44009,Washington,16.9905,9.2916,83.3107,4.1424
2018-11-07,44009,Washington,16.1187,4.7377,70.1496,5.6867
2018-11-08,44009,Washington,12.2517,-0.5564,58.74,3.5554
2018-11-09,44009,Washington,11.1565,1.9029,76.1103,5.556
2018-11-10,44009,Washington,10.1655,-0.3348,74.2229,7.2376
2018-11-11,44009,Washington,7.0731,-3.3504,53.7387,5.5939
2018-11-12,44009,Washington,11.8324,-0.7764,50.5718,2.4471
2018-11-13,44009,Washington,15.1315,0.0137,76.1028,5.6725
2018-11-14,44009,Washington,3.1753,-4.4707,40.8323,6.382
2018-11-15,44009,Washington,4.278,-3.9345,58.9564,5.3714
2018-11-16,44009,Washington,6.3462,1.5247,80.4521,6.6417
2018-11-17,44009,Washington,9.1584,0.4113,58.3587,5.2836
2018-11-18,44009,Washington,5.9896,1.1806,60.4251,2.2206
2018-11-19,44009,Washington,9.3742,3.31,70.4445,1.6269
2018-11-20,44009,Washington,4.8875,-1.8182,99.8509,3.5692
2018-11-21,44009,Washington,5.7269,-9.045,66.9504,6.8999
2018-11-22,44009,Washington,-5.168,-11.2072,39.8237,7.4247
2018-11-23,44009,Washington,-0.1015,-9.6793,49.0731,3.937
2018-11-24,44009,Washington,9.0979,-3.3795,68.7829,4.1513
2018-11-25,44009,Washington,9.528,2.7106,76.8383,4.023
2018-11-26,44009,Washington,8.9046,4.2036,78.4273,5.5687
2018-11-27,44009,Washington,7.5131,1.398,77.8068,6.8094
2018-11-28,44009,Washington,5.7967,1.7753,57.9078,7.24
2018-11-29,44009,Washington,7.4494,-3.0754,60.4896,6.0713
2018-11-30,44009,Washington,4.9389,-2.0184,66.868,2.7451
2018-12-01,44009,Washington,7.7273,-0.485,56.0933,2.2911
2018-12-02,44009,Washington,14.201,5.9499,69.7283,4.7818
2018-12-03,44009,Washington,14.0679,1.5497,67.8216,5.5598
2018-12-04,44009,Washington,5.763,-6.1524,54.0847,5.1045
2018-12-05,44009,Washington,2.4689,-5.5053,49.3807,2.4741
2018-12-06,44009,Washington,4.9708,-3.4445,47.0986,4.9993
2018-12-07,44009,Washington,3.4058,-7.9132,56.727,5.5406
2018-12-08,44009,Washington,-0.2339,-8.2808,41.5459,4.3918
2018-12-09,44009,Washington,2.1652,-7.1865,56.9305,3.7801
2018-12-10,44009,Washington,4.0944,-7.7082,56.4405,3.4582
2018-12-11,44009,Washington,3.3787,-6.0748,65.4129,1.7194
2018-12-12,44009,Washington,4.3036,-5.0544,44.4087,4.2451
2018-12-13,44009,Washington,2.7459,-4.6043,61.2256,3.6504
2018-12-14,44009,Washington,9.5193,-1.3291,70.3177,3.2842
2018-12-15,44009,Washington,11.5757,4.3659,66.0604,3.3479
2018-12-16,44009,Washington,6.7422,2.3563,72.4981,7.6888
2018-12-17,44009,Washington,6.051,-3.3261,72.4077,5.9189
2018-12-18,44009,Washington,1.1592,-6.3541,42.7615,7.3251
2018-12-19,44009,Washington,4.6256,-5.8671,52.2789,3.8836
2018-12-20,44009,Washington,13.2934,-2.5992,53.9638,2.7578
2018-12-21,44009,Washington,16.1408,10.1925,62.8088,7.4801
2018-12-22,44009,Washington,11.5231,0.1362,67.2037,6.6614
2018-12-23,44009,Washington,4.9637,-1.0472,50.3334,3.4756
2018-12-24,44009,Washington,3.2331,-1.0787,67.8371,2.7353
2018-12-25,44009,Washington,4.579,-4.9546,50.8145,4.5294
2018-12-26,44009,Washington,4.3006,-3.8908,44.8489,4.1414
2018-12-27,44009,Washington,6.3211,-0.4143,39.8553,3.3201
2018-12-28,44009,Washington,13.0669,5.3668,66.2263,6.5668
2018-12-29,44009,Washington,12.1727,-1.4422,62.7011,5.1063
2018-12-30,44009,Washington,2.6818,-3.638,55.2787,1.6566
2018-12-31,44009,Washington,4.065,-5.2558,57.9939,1.3383
2019-01-01,44009,Washington,14.9433,-1.6752,58.8879,7.0621
2019-01-02,44009,Washington,4.8017,-1.9605,43.6989,2.8294
2019-01-03,44009,Washington,8.4575,-1.0292,59.0158,3.5681
2019-01-04,44009,Washington,7.6401,-0.5532,59.2648,4.9457
2019-01-05,44009,Washington,7.7084,0.2743,74.6097,3.9433
2019-01-06,44009,Washington,7.8991,-6.5123,54.8954,5.7604
2019-01-07,44009,Washington,2.5465,-5.9993,24.4943,4.2923
2019-01-08,44009,Washington,7.8651,1.9305,62.8093,3.835
2019-01-09,44009,Washington,8.2209,0.0864,57.923,7.4088
2019-01-10,44009,Washington,1.9572,-5.9135,49.1848,7.0408
2019-01-11,44009,Washington,-1.1048,-9.6549,40.5113,6.3154
2019-01-12,44009,Washington,-0.9264,-8.3411,30.4826,4.329
2019-01-13,44009,Washington,-1.363,-7.1958,42.2284,4.437
2019-01-14,44009,Washington,0.7347,-7.9331,59.2437,4.42
2019-01-15,44009,Washington,2.1063,-7.8357,42.3077,2.387
2019-01-16,44009,Washington,2.9868,-6.647,60.1914,5.0503
2019-01-17,44009,Washington,-0.0079,-5.562,32.3441,3.1104
2019-01-18,44009,Washington,4.469,-3.7911,68.7599,2.2486
2019-01-19,44009,Washington,3.3377,-3.4094,60.9448,4.3757
2019-01-20,44009,Washington,5.8029,-16.7658,95.508,6.0142
2019-01-21,44009,Washington,-11.8649,-16.6855,46.3368,9.0983
2019-01-22,44009,Washington,-0.9184,-12.0613,36.5082,4.9934
2019-01-23,44009,Washington,10.9208,-2.5989,49.6422,5.8828
2019-01-24,44009,Washington,13.2211,-0.4349,72.3995,8.1178
2019-01-25,44009,Washington,4.0846,-6.6863,55.8536,5.7303
2019-01-26,44009,Washington,0.8237,-5.9664,39.398,2.9413
2019-01-27,44009,Washington,7.3469,-4.1877,59.4726,4.1706
2019-01-28,44009,Washington,0.6944,-5.7003,46.0506,4.1946
2019-01-29,44009,Washington,5.2208,-4.3354,60.0165,4.202
2019-01-30,44009,Washington,1.0468,-15.902,70.7495,6.9164
2019-01-31,44009,Washington,-8.1603,-15.7022,39.4093,6.7423
2019-02-01,44009,Washington,-5.191,-13.2739,37.0134,4.4703
2019-02-02,44009,Washington,1.5185,-11.2881,49.9083,5.6207
2019-02-03,44009,Washington,6.2607,-0.6327,57.5558,2.4227
2019-02-04,44009,Washington,12.6349,0.2182,52.1161,2.389
2019-02-05,44009,Washington,15.6001,-0.3944,52.4928,3.2789
2019-02-06,44009,Washington,7.2601,0.3906,54.9447,3.3674
2019-02-07,44009,Washington,6.6502,2.4105,74.9473,3.1013
2019-02-08,44009,Washington,10.2453,-4.2124,64.6226,5.4804
2019-02-09,44009,Washington,1.071,-5.9408,29.8271,7.3536
2019-02-10,44009,Washington,1.7583,-5.1128,33.5186,4.3129
2019-02-11,44009,Washington,3.0374,-6.021,33.6364,2.7406
2019-02-12,44009,Washington,4.2019,-5.9069,57.0747,6.1792
2019-02-13,44009,Washington,6.4524,-0.7631,64.4377,6.7833
2019-02-14,44009,Washington,5.7029,-0.9184,43.3736,5.5091
2019-02-15,44009,Washington,10.6038,0.8968,69.5812,5.2962
2019-02-16,44009,Washington,6.4672,-4.6794,56.4282,3.7509
2019-02-17,44009,Washington,2.5394,-3.9476,41.4962,1.9038
2019-02-18,44009,Washington,1.7871,-7.9393,84.3317,3.5546
2019-02-19,44009,Washington,0.7954,-7.9053,38.4872,4.6766
2019-02-20,44009,Washington,2.3786,-6.4346,41.8925,2.7316
2019-02-21,44009,Washington,8.642,0.4796,55.6955,4.3339
2019-02-22,44009,Washington,7.571,-2.4592,46.784,3.5752
2019-02-23,44009,Washington,5.5404,-1.7305,50.8469,1.6255
2019-02-24,44009,Washington,8.7502,1.6595,70.1794,6.2169
2019-02-25,44009,Washington,4.0857,-4.4312,42.1191,11.0212
2019-02-26,44009,Washington,0.2169,-8.7487,30.554,7.8188
2019-02-27,44009,Washington,-2.4432,-8.545,35.8926,2.9077
2019-02-28,44009,Washington,0.279,-6.9968,57.6683,3.2114
2019-03-01,44009,Washington,2.4665,-4.3731,52.2807,2.2938
2019-03-02,44009,Washington,2.6313,-2.5286,75.2363,4.2145
2019-03-03,44009,Washington,6.0462,-0.2674,58.1313,2.6694
2019-03-04,44009,Washington,4.417,-8.6807,77.3585,5.268
2019-03-05,44009,Washington,-0.6246,-8.9946,61.6479,4.388
2019-03-06,44009,Washington,-2.6804,-12.3573,55.9327,5.7678
2019-03-07,44009,Washington,-1.2152,-11.9544,54.0924,5.5586
2019-03-08,44009,Washington,2.434,-8.6325,54.8698,3.764
2019-03-09,44009,Washington,7.7177,-3.891,47.6661,2.7455
2019-03-10,44009,Washington,6.8018,0.4817,67.5669,5.8607
2019-03-11,44009,Washington,10.2314,0.3408,52.6661,5.2975
2019-03-12,44009,Washington,6.9556,-3.6697,50.2243,4.2377
2019-03-13,44009,Washington,6.691,-1.0347,49.3891,2.1618
2019-03-14,44009,Washington,11.1712,4.1681,56.4237,3.463
2019-03-15,44009,Washington,14.3432,5.9033,61.0374,5.735
2019-03-16,44009,Washington,11.2089,-1.0247,51.6579,6.1481
2019-03-17,44009,Washington,6.0742,-5.2448,41.4793,4.9106
2019-03-18,44009,Washington,6.5139,-4.3536,38.3683,3.2515
2019-03-19,44009,Washington,7.9307,-4.3611,41.8868,3.1755
2019-03-20,44009,Washington,9.3547,-0.4321,44.5794,2.8909
2019-03-21,44009,Washington,9.2605,3.3803,65.1422,5.3899
2019-03-22,44009,Washington,7.3319,-0.7876,78.9011,6.4573
2019-03-23,44009,Washington,8.0749,-0.7628,46.758,7.9232
2019-03-24,44009,Washington,12.0702,3.006,42.6448,5.3376
2019-03-25,44009,Washington,10.9155,-1.2675,49.3781,2.2533
2019-03-26,44009,Washington,8.301,-3.2884,32.9293,4.2888
2019-03-27,44009,Washington,7.0073,-1.8609,38.4824,2.8521
2019-03-28,44009,Washington,9.566,1.624,54.9802,4.5605
2019-03-29,44009,Washington,12.1152,5.0652,68.4423,3.8353
2019-03-30,44009,Washington,16.6624,7.8383,60.925,3.6214
2019-03-31,44009,Washington,15.2181,1.0283,75.4889,5.9251
2019-04-01,44009,Washington,7.9658,-4.8631,43.4892,5.6064
2019-04-02,44009,Washington,8.8342,0.4045,51.1136,3.5498
2019-04-03,44009,Washington,16.9021,2.0449,43.9181,7.0638
2019-04-04,44009,Washington,12.7795,-0.8301,33.883,5.6029
2019-04-05,44009,Washington,7.519,1.481,47.0609,2.9737
2019-04-06,44009,Washington,17.9151,1.7952,57.7367,2.5563
2019-04-07,44009,Washington,14.9986,6.5479,55.1581,2.5398
2019-04-08,44009,Washington,11.8727,2.7869,91.0305,3.019
2019-04-09,44009,Washington,10.9333,2.7802,77.3941,3.1998
2019-04-10,44009,Washington,11.0876,-0.7877,60.1429,3.534
2019-04-11,44009,Washington,10.7396,3.2,43.7834,2.4462
2019-04-12,44009,Washington,14.8261,6.7715,63.3755,4.0612
2019-04-13,44009,Washington,16.9116,8.836,79.8385,4.7178
2019-04-14,44009,Washington,20.87,10.9415,63.5301,2.8314
2019-04-15,44009,Washington,18.7582,5.0638,64.9533,7.6841
2019-04-16,44009,Washington,16.1342,3.0901,38.1428,6.068
2019-04-17,44009,Washington,15.4676,2.5193,44.1441,1.7361
2019-04-18,44009,Washington,15.9531,7.089,60.1675,4.978
2019-04-19,44009,Washington,19.7111,14.2295,64.2773,6.1324
2019-04-20,44009,Washington,18.7064,11.7946,71.8429,5.7116
2019-04-21,44009,Washington,18.3601,8.056,74.3768,2.9283
2019-04-22,44009,Washington,17.2611,9.2198,68.6701,2.9381
2019-04-23,44009,Washington,17.9097,8.6677,69.1658,2.4693
2019-04-24,44009,Washington,20.2598,4.8609,57.8159,4.0658
2019-04-25,44009,Washington,15.9167,8.1565,54.6786,2.1193
2019-04-26,44009,Washington,15.5775,8.4031,72.0646,5.9882
2019-04-27,44009,Washington,13.3511,4.7098,61.1737,7.0313
2019-04-28,44009,Washington,11.341,1.6352,68.5692,2.5858
2019-04-29,44009,Washington,15.1796,4.7769,47.8398,2.9289
2019-04-30,44009,Washington,12.3769,4.1642,78.1206,2.6492
2019-05-01,44009,Washington,13.5586,7.035,58.6005,2.6722
2019-05-02,44009,Washington,15.4222,7.1385,76.1986,2.7927
2019-05-03,44009,Washington,14.4006,8.1329,74.8721,2.4724
2019-05-04,44009,Washington,17.8955,10.0375,78.1501,1.5843
2019-05-05,44009,Washington,12.4423,8.2448,84.7416,4.6199
2019-05-06,44009,Washington,19.254,4.3206,63.0779,3.5186
2019-05-07,44009,Washington,19.2336,10.1158,60.3939,3.2715
2019-05-08,44009,Washington,20.1915,4.6174,59.0966,2.1826
2019-05-09,44009,Washington,16.2275,8.3507,50.6697,3.584
2019-05-10,44009,Washington,17.5949,10.2872,72.0242,5.6466
2019-05-11,44009,Washington,22.0011,7.275,60.1332,2.6377
2019-05-12,44009,Washington,9.6,4.8935,80.4505,5.0757
2019-05-13,44009,Washington,13.9139,4.8712,63.1007,6.2526
2019-05-14,44009,Washington,10.7629,5.4105,73.195,2.6144
2019-05-15,44009,Washington,17.2266,6.9327,58.8863,2.6522
2019-05-16,44009,Washington,20.9578,7.8419,56.9978,2.0624
2019-05-17,44009,Washington,21.6118,10.009,67.2288,3.7428
2019-05-18,44009,Washington,22.771,9.7751,51.3418,2.9017
2019-05-19,44009,Washington,19.9514,13.3033,64.2131,4.2446
2019-05-20,44009,Washington,26.4988,11.7784,71.938,4.9009
2019-05-21,44009,Washington,21.4751,8.3688,52.3258,5.6097
2019-05-22,44009,Washington,21.8729,9.6125,44.1166,3.2435
2019-05-23,44009,Washington,19.8108,12.5419,64.9078,4.9502
2019-05-24,44009,Washington,24.1596,7.1779,63.5704,5.3119
2019-05-25,44009,Washington,22.6773,12.0326,54.1797,2.9702
2019-05-26,44009,Washington,28.7517,15.4132,57.7924,3.6227
2019-05-27,44009,Washington,26.7805,11.9851,56.8113,2.0066
2019-05-28,44009,Washington,17.8481,8.8011,77.2301,3.1681
2019-05-29,44009,Washington,15.7935,9.1286,90.8177,1.8663
2019-05-30,44009,Washington,17.5414,11.0981,83.2341,2.6736
2019-05-31,44009,Washington,25.6575,13.0466,64.2863,2.3069
2019-06-01,44009,Washington,23.245,12.5256,71.4016,1.6517
2019-06-02,44009,Washington,20.8175,10.8946,83.3171,3.1249
2019-06-03,44009,Washington,21.456,6.324,59.6452,4.6265
2019-06-04,44009,Washington,20.1187,13.0872,51.7598,4.0034
2019-06-05,44009,Washington,23.6895,16.9779,68.8549,5.0995
2019-06-06,44009,Washington,27.5691,13.9648,69.7749,2.4846
2019-06-07,44009,Washington,25.3078,11.5769,74.0421,1.6709
2019-06-08,44009,Washington,25.2605,8.7348,63.5907,2.0162
2019-06-09,44009,Washington,22.6612,9.2725,60.5824,2.3083
2019-06-10,44009,Washington,23.3645,15.8354,67.051,3.7803
2019-06-11,44009,Washington,24.1963,9.9847,74.8785,4.2266
2019-06-12,44009,Washington,23.0003,11.606,57.4697,2.5423
2019-06-13,44009,Washington,16.2868,11.6073,94.2399,3.7758
2019-06-14,44009,Washington,22.1105,11.1177,69.5932,4.4966
2019-06-15,44009,Washington,24.7802,16.5853,59.2856,4.5515
2019-06-16,44009,Washington,22.2651,16.7094,81.6947,3.1672
2019-06-17,44009,Washington,25.1754,17.0629,71.78,1.7672
2019-06-18,44009,Washington,21.1906,17.0775,82.9751,1.565
2019-06-19,44009,Washington,22.2756,16.1502,81.8836,2.0164
2019-06-20,44009,Washington,20.9718,16.7991,85.9002,2.3921
2019-06-21,44009,Washington,21.2602,13.9229,83.589,3.6255
2019-06-22,44009,Washington,26.6304,12.9118,53.41,3.96
2019-06-23,44009,Washington,28.7415,14.9264,51.7608,3.7548
2019-06-24,44009,Washington,28.861,16.006,54.518,2.2394
2019-06-25,44009,Washington,22.9245,18.2159,72.8641,2.9545
2019-06-26,44009,Washington,27.7961,17.7579,71.9318,1.6383
2019-06-27,44009,Washington,29.4461,15.7652,68.7898,1.7528
2019-06-28,44009,Washington,30.8464,18.039,59.2038,1.8245
2019-06-29,44009,Washington,29.2012,18.5398,71.8188,3.7359
2019-06-30,44009,Washington,26.8535,15.0723,65.4565,3.3855
2019-07-01,44009,Washington,28.1299,17.2644,61.2971,2.8445
2019-07-02,44009,Washington,27.8571,16.8909,69.9874,3.0325
2019-07-03,44009,Washington,30.3109,18.0319,66.2487,1.4498
2019-07-04,44009,Washington,31.2182,17.6815,66.4968,1.8786
2019-07-05,44009,Washington,28.1685,20.2239,71.9486,2.0508
2019-07-06,44009,Washington,29.9305,21.23,77.657,3.508
2019-07-07,44009,Washington,26.8029,14.5091,79.5884,2.5816
2019-07-08,44009,Washington,26.4904,14.6806,69.88,1.4945
2019-07-09,44009,Washington,29.7894,15.9615,60.5179,2.1314
2019-07-10,44009,Washington,30.5491,18.772,62.1856,1.9341
2019-07-11,44009,Washington,27.1838,20.985,75.7415,3.3547
2019-07-12,44009,Washington,30.5713,19.7286,74.7164,2.3146
2019-07-13,44009,Washington,28.9487,18.881,69.729,2.4608
2019-07-14,44009,Washington,31.8933,16.642,67.988,3.0068
2019-07-15,44009,Washington,28.6497,15.5771,59.4725,2.7391
2019-07-16,44009,Washington,29.4329,21.1558,62.2974,2.7293
2019-07-17,44009,Washington,31.3613,21.2448,76.9474,3.3275
2019-07-18,44009,Washington,25.3085,18.1972,88.3339,1.4625
2019-07-19,44009,Washington,29.4832,20.5034,76.0435,2.9489
2019-07-20,44009,Washington,34.373,23.8846,69.6973,3.7378
2019-07-21,44009,Washington,34.7075,21.7375,66.7867,3.4777
2019-07-22,44009,Washington,29.5512,19.2896,75.0424,1.841
2019-07-23,44009,Washington,21.8168,17.5251,92.1709,2.3619
2019-07-24,44009,Washington,27.1827,16.0726,70.339,2.1743
2019-07-25,44009,Washington,27.943,16.1876,66.0868,1.3326
2019-07-26,44009,Washington,27.9874,16.9883,66.8018,1.5358
2019-07-27,44009,Washington,26.2845,17.3277,75.747,2.2105
2019-07-28,44009,Washington,30.7511,21.1,66.5927,3.7072
2019-07-29,44009,Washington,31.3998,21.0288,69.1874,3.5734
2019-07-30,44009,Washington,32.4204,21.4791,67.4312,2.9158
2019-07-31,44009,Washington,31.07,19.4785,72.9849,2.9051
2019-08-01,44009,Washington,30.4482,15.4887,70.4669,2.0188
2019-08-02,44009,Washington,28.5143,16.7044,67.2106,1.9637
2019-08-03,44009,Washington,28.9657,20.1689,68.9061,3.2285
2019-08-04,44009,Washington,29.9553,16.4344,70.9741,2.2869
2019-08-05,44009,Washington,26.7858,16.0789,66.0913,1.7177
2019-08-06,44009,Washington,25.7245,17.5305,84.0471,1.9906
2019-08-07,44009,Washington,28.1098,19.6408,77.6824,3.5642
2019-08-08,44009,Washington,28.2796,16.8791,80.7568,4.1862
2019-08-09,44009,Washington,28.6388,14.6009,67.7867,3.4987
2019-08-10,44009,Washington,26.6707,12.4058,61.8326,3.8553
2019-08-11,44009,Washington,26.3493,13.9304,55.3115,2.9592
2019-08-12,44009,Washington,28.3884,19.5356,57.5901,3.7639
2019-08-13,44009,Washington,23.8799,18.3348,95.9797,3.1549
2019-08-14,44009,Washington,27.1435,16.5696,82.9789,1.438
2019-08-15,44009,Washington,27.0869,16.0334,69.8789,3.0421
2019-08-16,44009,Washington,26.3505,18.3075,68.406,2.4876
2019-08-17,44009,Washington,25.2274,20.5679,79.6878,1.9015
2019-08-18,44009,Washington,29.2454,21.5094,76.3815,2.4148
2019-08-19,44009,Washington,30.3123,18.8077,80.8759,3.0397
2019-08-20,44009,Washington,30.2872,18.0216,68.8404,1.3449
2019-08-21,44009,Washington,28.1081,21.3067,78.6765,3.8141
2019-08-22,44009,Washington,30.663,18.7272,78.1966,3.4205
2019-08-23,44009,Washington,24.424,13.4327,80.3366,2.0152
2019-08-24,44009,Washington,24.4363,13.8064,62.5611,3.6275
2019-08-25,44009,Washington,21.6945,12.0081,76.5596,5.2533
2019-08-26,44009,Washington,23.4426,9.583,69.7005,3.7384
2019-08-27,44009,Washington,22.6689,14.1205,69.4616,2.2255
2019-08-28,44009,Washington,23.9945,18.0668,80.4327,1.9748
2019-08-29,44009,Washington,28.5901,13.0786,69.1813,2.7794
2019-08-30,44009,Washington,27.4186,15.4263,67.7281,3.8828
2019-08-31,44009,Washington,26.4712,12.865,60.092,2.2803
2019-09-01,44009,Washington,23.734,13.0274,63.8309,3.0251
2019-09-02,44009,Washington,23.971,15.8827,79.1865,3.9767
2019-09-03,44009,Washington,26.9903,14.8425,67.7188,1.5897
2019-09-04,44009,Washington,26.8937,14.2943,84.0904,4.1975
2019-09-05,44009,Washington,21.9986,12.1851,71.3202,2.1397
2019-09-06,44009,Washington,19.1114,13.1541,83.8594,5.6231
2019-09-07,44009,Washington,22.4761,11.9215,68.2129,5.1874
2019-09-08,44009,Washington,24.0045,12.0494,62.0554,3.1401
2019-09-09,44009,Washington,23.8574,12.5964,64.2035,2.2537
2019-09-10,44009,Washington,23.8216,16.3886,69.0676,3.0608
2019-09-11,44009,Washington,26.9713,17.2716,75.0499,4.7157
2019-09-12,44009,Washington,20.4101,9.2938,98.4985,3.7576
2019-09-13,44009,Washington,21.0076,8.3397,64.5291,3.9215
2019-09-14,44009,Washington,23.0191,15.4885,76.7897,4.0794
2019-09-15,44009,Washington,25.7378,14.9387,71.9405,3.2472
2019-09-16,44009,Washington,23.8666,8.9109,70.4982,2.2208
2019-09-17,44009,Washington,21.9777,10.4998,56.3753,3.4444
2019-09-18,44009,Washington,18.285,4.8978,66.3356,4.6365
2019-09-19,44009,Washington,20.3084,5.4892,54.98,2.1687
2019-09-20,44009,Washington,25.661,9.625,53.4881,3.1819
2019-09-21,44009,Washington,26.7857,12.807,57.1828,2.3617
2019-09-22,44009,Washington,26.0416,15.7762,65.6283,3.7882
2019-09-23,44009,Washington,26.9334,16.6681,74.7836,5.6814
2019-09-24,44009,Washington,24.1803,10.6179,71.4175,3.9513
2019-09-25,44009,Washington,22.7412,11.1495,60.695,3.0003
2019-09-26,44009,Washington,24.8291,9.909,79.4937,3.8308
2019-09-27,44009,Washington,22.1949,9.9082,62.0857,2.4282
2019-09-28,44009,Washington,23.6892,15.0413,72.4397,3.6466
2019-09-29,44009,Washington,24.5057,9.4044,64.5667,3.2622
2019-09-30,44009,Washington,19.3272,11.4881,61.5016,2.7184
2019-10-01,44009,Washington,22.7732,16.449,65.6642,4.8699
2019-10-02,44009,Washington,28.589,10.81,66.4283,4.0352
2019-10-03,44009,Washington,14.1893,10.1763,74.9771,4.6016
2019-10-04,44009,Washington,17.9555,2.3641,71.9958,4.8832
2019-10-05,44009,Washington,15.9702,2.7678,44.3821,2.8963
2019-10-06,44009,Washington,21.1159,10.0703,65.2501,5.0556
2019-10-07,44009,Washington,24.994,13.3815,71.0712,5.3609
2019-10-08,44009,Washington,17.3658,12.1179,68.4877,4.5865
2019-10-09,44009,Washington,14.2017,11.0516,76.8804,7.7888
2019-10-10,44009,Washington,13.7657,10.7241,74.0842,9.6419
2019-10-11,44009,Washington,14.027,11.7387,74.3392,9.0718
2019-10-12,44009,Washington,15.1854,8.2044,85.3665,3.483
2019-10-13,44009,Washington,19.6256,8.7007,64.7053,2.1305
2019-10-14,44009,Washington,19.6464,6.8993,78.4175,3.0032
2019-10-15,44009,Washington,17.2792,3.1416,54.8375,2.0647
2019-10-16,44009,Washington,18.1068,7.2705,73.6438,6.1415
2019-10-17,44009,Washington,14.7535,9.2907,69.6277,10.3774
2019-10-18,44009,Washington,16.2993,2.6967,60.9788,5.3696
2019-10-19,44009,Washington,15.1394,2.0448,59.6535,2.7402
2019-10-20,44009,Washington,16.3521,5.4239,73.9866,2.4529
2019-10-21,44009,Washington,18.7223,8.2605,67.4575,4.6627
2019-10-22,44009,Washington,17.3503,10.9531,78.8483,4.3234
2019-10-23,44009,Washington,19.7409,3.1937,70.3515,4.1544
2019-10-24,44009,Washington,18.5523,4.4191,57.3516,3.2852
2019-10-25,44009,Washington,18.318,7.686,65.6275,2.1464
2019-10-26,44009,Washington,16.7571,8.9742,59.1039,2.3614
2019-10-27,44009,Washington,14.6784,9.681,82.6635,6.3483
2019-10-28,44009,Washington,15.1795,9.8779,71.2929,3.835
2019-10-29,44009,Washington,15.1569,11.1055,82.5315,2.841
2019-10-30,44009,Washington,18.2011,14.4838,78.7489,1.7838
2019-10-31,44009,Washington,21.3018,9.6809,89.3035,7.3862
2019-11-01,44009,Washington,14.3457,-0.7427,67.8807,7.34
2019-11-02,44009,Washington,10.3709,0.463,64.5004,2.0068
2019-11-03,44009,Washington,12.8121,-0.9556,54.8961,4.0947
2019-11-04,44009,Washington,12.7106,1.3875,54.3745,2.9703
2019-11-05,44009,Washington,14.9169,2.0797,90.8881,4.2774
2019-11-06,44009,Washington,11.9108,0.1514,52.8084,3.7831
2019-11-07,44009,Washington,14.4059,-0.197,71.8217,4.6417
2019-11-08,44009,Washington,2.7053,-6.3057,68.3698,6.2711
2019-11-09,44009,Washington,4.3469,-5.0654,51.786,2.6069
2019-11-10,44009,Washington,10.8439,-1.0819,64.0241,4.1136
2019-11-11,44009,Washington,16.687,3.2085,61.9398,2.3693
2019-11-12,44009,Washington,14.3334,-7.2257,71.0931,6.3804
2019-11-13,44009,Washington,-0.1145,-8.5391,41.7953,5.6419
2019-11-14,44009,Washington,7.4933,-6.0208,63.6591,2.9064
2019-11-15,44009,Washington,11.2881,-2.3885,55.0634,4.4612
2019-11-16,44009,Washington,3.535,-3.998,48.6467,6.7306
2019-11-17,44009,Washington,4.8677,-2.343,79.1527,6.8223
2019-11-18,44009,Washington,6.3437,2.9426,80.7726,5.9927
2019-11-19,44009,Washington,9.1055,4.398,69.6961,2.6002
2019-11-20,44009,Washington,5.9033,0.8714,77.5001,3.8318
2019-11-21,44009,Washington,10.9859,1.1217,53.3557,3.2995
2019-11-22,44009,Washington,12.5837,-1.236,71.6817,6.4987
2019-11-23,44009,Washington,8.0525,0.0201,50.0253,3.5774
2019-11-24,44009,Washington,9.5635,3.3716,73.7219,5.1479
2019-11-25,44009,Washington,11.281,0.5619,64.9241,4.0445
2019-11-26,44009,Washington,14.5935,1.0455,66.363,3.4495
2019-11-27,44009,Washington,13.3328,2.4706,80.4975,3.8399
2019-11-28,44009,Washington,9.6613,-0.4298,62.2501,7.8622
2019-11-29,44009,Washington,6.251,-1.7664,49.9288,5.3035
2019-11-30,44009,Washington,4.9339,-6.8053,40.0335,4.9819
2019-12-01,44009,Washington,4.2917,-5.7648,70.75,5.5712
2019-12-02,44009,Washington,5.3011,-1.6197,81.1032,8.916
2019-12-03,44009,Washington,2.3362,-2.4486,64.6929,6.411
2019-12-04,44009,Washington,3.4518,-1.7031,66.1554,3.5945
2019-12-05,44009,Washington,6.0557,-2.8213,60.6434,5.43
2019-12-06,44009,Washington,8.4913,-3.0649,53.9893,5.5869
2019-12-07,44009,Washington,2.5272,-9.2047,57.8921,4.6596
2019-12-08,44009,Washington,8.1767,-8.2282,47.8133,3.2668
2019-12-09,44009,Washington,14.8318,7.4232,60.1065,6.5445
2019-12-10,44009,Washington,13.8217,-0.5236,94.085,5.999
2019-12-11,44009,Washington,1.3198,-5.8779,71.0642,4.7201
2019-12-12,44009,Washington,1.862,-6.4056,53.3398,3.2871
2019-12-13,44009,Washington,13.2947,-1.4667,54.7946,4.1892
2019-12-14,44009,Washington,15.4941,5.6502,56.5176,6.0938
2019-12-15,44009,Washington,8.9844,-1.2648,53.9667,8.4293
2019-12-16,44009,Washington,1.3201,-1.9058,45.2642,3.237
2019-12-17,44009,Washington,1.9047,-1.4326,76.65,4.2889
2019-12-18,44009,Washington,2.854,-10.3239,73.465,6.096
2019-12-19,44009,Washington,-4.926,-10.254,54.6524,7.7504
2019-12-20,44009,Washington,-0.3883,-8.6543,54.9066,4.7811
2019-12-21,44009,Washington,2.2054,-7.8519,69.3325,1.9238
2019-12-22,44009,Washington,6.5372,-3.7255,65.7654,4.4973
2019-12-23,44009,Washington,11.5251,-1.5007,53.5367,4.5898
2019-12-24,44009,Washington,8.439,-3.9271,50.2715,3.8572
2019-12-25,44009,Washington,6.2041,-3.5296,60.2,1.7896
2019-12-26,44009,Washington,6.6094,1.1572,58.7904,3.5881
2019-12-27,44009,Washington,10.2015,2.1919,71.8572,3.8351
2019-12-28,44009,Washington,9.4875,-0.6997,60.9712,3.5469
2019-12-29,44009,Washington,6.5391,-0.0136,54.3512,2.5024
2019-12-30,44009,Washington,4.9981,2.4311,73.1329,7.9837
2019-12-31,44009,Washington,4.065,-5.2558,88.723,4.2186
2020-01-01,44009,Washington,6.2214,-0.0901,49.505,6.1914
2020-01-02,44009,Washington,9.1439,0.2912,50.9033,5.2256
2020-01-03,44009,Washington,9.3887,6.3713,60.983,3.2942
2020-01-04,44009,Washington,8.3932,2.8616,78.9203,1.424
2020-01-05,44009,Washington,4.9126,-2.243,51.2362,6.2709
2020-01-06,44009,Washington,4.5268,-1.8823,56.3506,4.013
2020-01-07,44009,Washington,5.8194,-2.062,55.9923,3.14
2020-01-08,44009,Washington,4.8294,-6.256,59.2963,6.6898
2020-01-09,44009,Washington,3.5306,-6.3686,31.5323,4.4128
2020-01-10,44009,Washington,11.6763,2.9227,54.8132,5.7495
2020-01-11,44009,Washington,16.1662,11.0294,55.6564,6.7208
2020-01-12,44009,Washington,19.5165,2.3698,53.4766,6.9379
2020-01-13,44009,Washington,6.4906,2.1394,68.8207,2.9481
2020-01-14,44009,Washington,5.9694,2.1551,67.7734,2.6762
2020-01-15,44009,Washington,9.5724,-1.0377,62.9615,2.7159
2020-01-16,44009,Washington,9.3691,-6.0959,58.8575,7.1467
2020-01-17,44009,Washington,-3.3218,-9.6702,33.9108,7.469
2020-01-18,44009,Washington,3.8927,-8.879,49.1197,3.9299
2020-01-19,44009,Washington,6.8786,-7.4899,66.4088,5.5891
2020-01-20,44009,Washington,-1.2342,-9.8388,48.4577,5.5961
2020-01-21,44009,Washington,-1.2258,-10.846,47.4816,3.2603
2020-01-22,44009,Washington,2.4362,-9.9383,55.3755,2.0066
2020-01-23,44009,Washington,7.4012,-7.4074,56.8638,2.6263
2020-01-24,44009,Washington,9.76,-2.0509,51.8008,2.3141
2020-01-25,44009,Washington,10.8461,3.9045,55.4206,5.6184
2020-01-26,44009,Washington,8.8162,0.6895,57.4317,4.9288
2020-01-27,44009,Washington,7.4361,1.8947,51.5893,4.9672
2020-01-28,44009,Washington,5.8238,0.1531,49.0409,3.7693
2020-01-29,44009,Washington,5.2315,-5.4863,44.2513,4.0679
2020-01-30,44009,Washington,2.2429,-6.0873,41.6524,2.0099
2020-01-31,44009,Washington,6.4672,-4.6861,56.0424,1.5354
2020-02-01,44009,Washington,4.9468,0.3826,67.6836,1.9383
2020-02-02,44009,Washington,6.2891,-1.3586,61.6212,2.9146
2020-02-03,44009,Washington,9.1617,-0.7402,57.945,3.5161
2020-02-04,44009,Washington,10.5232,2.5205,63.1398,2.527
2020-02-05,44009,Washington,6.4463,1.9305,52.8084,2.8509
2020-02-06,44009,Washington,5.0897,2.5874,80.1406,3.1378
2020-02-07,44009,Washington,13.6596,-3.3284,63.1388,7.3522
2020-02-08,44009,Washington,3.8718,-5.3788,41.4216,5.5721
2020-02-09,44009,Washington,6.9159,-4.6755,52.2981,2.795
2020-02-10,44009,Washington,8.4496,5.313,64.8518,5.4035
2020-02-11,44009,Washington,7.4087,2.1575,78.8079,2.0914
2020-02-12,44009,Washington,7.0772,1.9553,47.7856,4.4781
2020-02-13,44009,Washington,5.1611,-1.025,91.5645,3.842
2020-02-14,44009,Washington,0.6512,-12.1233,50.9313,5.0577
2020-02-15,44009,Washington,1.2975,-11.3993,40.7161,3.9344
2020-02-16,44009,Washington,5.8949,-3.4536,62.4685,4.9847
2020-02-17,44009,Washington,8.9607,-2.8795,46.6796,2.4922
2020-02-18,44009,Washington,6.2713,0.6075,71.6707,5.481
2020-02-19,44009,Washington,8.0787,-5.0598,50.7833,5.3053
2020-02-20,44009,Washington,1.5867,-8.5603,33.8376,3.9471
2020-02-21,44009,Washington,0.7963,-7.947,33.9455,4.2334
2020-02-22,44009,Washington,7.8438,-4.8384,42.931,4.6111
2020-02-23,44009,Washington,11.239,-3.228,46.4693,3.3804
2020-02-24,44009,Washington,13.7887,-0.3313,53.297,3.1838
2020-02-25,44009,Washington,12.1529,5.8141,62.1767,1.6129
2020-02-26,44009,Washington,11.1981,6.0991,60.6938,3.8333
2020-02-27,44009,Washington,10.6384,-1.8683,54.8635,8.6723
2020-02-28,44009,Washington,4.234,-4.8016,36.7647,7.655
2020-02-29,44009,Washington,3.1135,-7.1206,39.3095,5.1745
2020-03-01,44009,Washington,3.1684,-6.1804,35.7817,4.689
2020-03-02,44009,Washington,12.0672,-0.6183,55.4659,5.1916
2020-03-03,44009,Washington,15.3981,6.3885,63.5582,4.4619
2020-03-04,44009,Washington,12.6456,2.9582,51.0627,6.889
2020-03-05,44009,Washington,11.6276,-1.2626,45.5424,3.5831
2020-03-06,44009,Washington,10.04,-0.4839,57.0716,6.0578
2020-03-07,44009,Washington,8.2775,-1.8461,32.8751,6.9172
2020-03-08,44009,Washington,12.6105,1.3578,36.5867,4.5647
2020-03-09,44009,Washington,19.0287,5.2666,41.5533,4.8009
2020-03-10,44009,Washington,17.6133,6.4261,55.1381,5.2932
2020-03-11,44009,Washington,14.8276,0.579,50.0255,2.9529
2020-03-12,44009,Washington,10.1982,2.8419,60.6465,3.6552
2020-03-13,44009,Washington,15.5105,2.313,68.4063,6.5925
2020-03-14,44009,Washington,12.2998,3.2221,41.6153,5.2284
2020-03-15,44009,Washington,10.9684,-2.63,37.2905,3.5559
2020-03-16,44009,Washington,5.856,-1.3578,47.7788,4.2924
2020-03-17,44009,Washington,9.523,-0.5195,75.4372,4.0725
2020-03-18,44009,Washington,11.6015,2.0719,46.1148,2.8384
2020-03-19,44009,Washington,10.0436,5.2587,77.4602,2.8611
2020-03-20,44009,Washington,18.0148,5.9998,70.4481,5.177
2020-03-21,44009,Washington,11.0172,-2.3151,48.4771,4.6191
2020-03-22,44009,Washington,5.5716,-1.4365,39.3473,4.257
2020-03-23,44009,Washington,6.9851,1.3418,67.5918,6.3109
2020-03-24,44009,Washington,11.5404,1.5084,58.8997,3.1488
2020-03-25,44009,Washington,7.3622,1.1552,68.5354,5.3797
2020-03-26,44009,Washington,13.446,2.4221,49.5293,3.6294
2020-03-27,44009,Washington,18.8015,0.0291,41.1291,3.2029
2020-03-28,44009,Washington,11.6947,4.5244,55.9523,3.2383
2020-03-29,44009,Washington,8.5021,4.4412,82.9551,5.5287
2020-03-30,44009,Washington,8.5534,2.0096,79.3535,3.3003
2020-03-31,44009,Washington,8.7757,-1.0838,59.4515,3.7385
2020-04-01,44009,Washington,8.5126,1.6792,57.2502,4.4005
2020-04-02,44009,Washington,13.0785,4.3044,48.93,6.8552
2020-04-03,44009,Washington,9.1412,4.9456,70.1301,7.7653
2020-04-04,44009,Washington,11.9506,3.3126,62.4742,3.6974
2020-04-05,44009,Washington,11.2953,3.9757,70.3827,2.9172
2020-04-06,44009,Washington,16.428,4.8815,47.2244,2.7091
2020-04-07,44009,Washington,17.613,6.4995,40.2002,3.407
2020-04-08,44009,Washington,11.9173,3.5766,70.381,1.91
2020-04-09,44009,Washington,11.482,3.6405,68.6652,6.2244
2020-04-10,44009,Washington,10.4665,1.9986,48.7044,7.7641
2020-04-11,44009,Washington,11.7451,-1.9049,44.8294,5.8981
2020-04-12,44009,Washington,14.2754,6.1152,51.2331,4.3355
2020-04-13,44009,Washington,15.6467,6.8868,73.2792,8.5695
2020-04-14,44009,Washington,14.6957,3.754,52.74,3.4513
2020-04-15,44009,Washington,12.0039,-0.6658,51.8035,3.4409
2020-04-16,44009,Washington,9.4369,-0.5381,47.6838,4.8371
2020-04-17,44009,Washington,9.7292,1.5443,46.5872,4.6771
2020-04-18,44009,Washington,5.945,-1.0513,83.3421,4.3365
2020-04-19,44009,Washington,14.4747,4.4621,52.6624,5.8368
2020-04-20,44009,Washington,12.598,-1.4418,65.2704,2.4412
2020-04-21,44009,Washington,10.7703,0.4529,74.4052,6.0792
2020-04-22,44009,Washington,9.1485,-1.2012,39.8813,7.149
2020-04-23,44009,Washington,10.5973,3.3012,46.3062,3.6963
2020-04-24,44009,Washington,8.7604,-0.1658,84.2382,4.5412
2020-04-25,44009,Washington,17.1279,3.8937,43.3518,1.6377
2020-04-26,44009,Washington,12.063,4.6582,63.8851,5.827
2020-04-27,44009,Washington,7.6343,2.907,74.6979,5.1654
2020-04-28,44009,Washington,14.8288,0.6404,51.8932,3.0414
2020-04-29,44009,Washington,15.8002,6.0875,49.2358,3.692
2020-04-30,44009,Washington,12.8315,6.6547,76.6099,7.7074
2020-05-01,44009,Washington,19.1589,8.4247,70.9235,4.0515
2020-05-02,44009,Washington,21.9805,10.4698,43.5527,4.1421
2020-05-03,44009,Washington,21.3582,12.0425,57.6344,3.8493
2020-05-04,44009,Washington,22.4371,6.0606,48.7272,4.0586
2020-05-05,44009,Washington,16.3502,3.1082,46.2906,3.5517
2020-05-06,44009,Washington,13.4327,3.8164,61.3566,2.8804
2020-05-07,44009,Washington,17.9701,6.7556,47.8737,3.5678
2020-05-08,44009,Washington,13.7631,1.887,63.396,2.3979
2020-05-09,44009,Washington,8.7576,1.0336,50.8661,8.3552
2020-05-10,44009,Washington,15.7323,4.0909,46.1937,7.2563
2020-05-11,44009,Washington,14.5788,4.4721,71.6835,4.7812
2020-05-12,44009,Washington,14.3887,2.1819,49.8335,5.5242
2020-05-13,44009,Washington,15.4491,1.977,42.467,4.7725
2020-05-14,44009,Washington,19.1999,9.7257,41.6283,3.6051
2020-05-15,44009,Washington,23.6217,11.3907,62.5035,3.8914
2020-05-16,44009,Washington,23.5675,8.8231,59.8993,2.8594
2020-05-17,44009,Washington,16.4969,9.5762,61.698,2.0204
2020-05-18,44009,Washington,18.8625,8.7971,62.0495,3.335
2020-05-19,44009,Washington,18.1921,5.7677,53.0306,6.3104
2020-05-20,44009,Washington,17.9657,2.262,51.1551,3.2094
2020-05-21,44009,Washington,18.908,8.4835,53.2285,2.6789
2020-05-22,44009,Washington,24.2824,15.049,57.5268,4.1568
2020-05-23,44009,Washington,20.0298,7.2297,78.6576,3.8869
2020-05-24,44009,Washington,19.4486,10.0611,56.9157,4.6195
2020-05-25,44009,Washington,20.38,11.5009,69.9698,2.3622
2020-05-26,44009,Washington,24.0829,13.735,66.4895,1.991
2020-05-27,44009,Washington,23.8358,15.424,65.1648,3.035
2020-05-28,44009,Washington,23.4799,16.8703,69.7789,3.5528
2020-05-29,44009,Washington,21.2437,16.6386,77.5305,5.2102
2020-05-30,44009,Washington,26.0028,13.7268,59.8019,3.7155
2020-05-31,44009,Washington,20.6903,4.5384,55.0124,4.0116
2020-06-01,44009,Washington,18.1383,6.4799,54.5527,2.8032
2020-06-02,44009,Washington,21.1175,12.0666,57.365,2.7457
2020-06-03,44009,Washington,25.2134,15.1681,69.3407,2.8529
2020-06-04,44009,Washington,27.8754,16.8814,61.3604,3.2131
2020-06-05,44009,Washington,24.6513,17.5846,76.4512,3.8344
2020-06-06,44009,Washington,26.3351,13.4638,79.7911,3.7777
2020-06-07,44009,Washington,21.6985,9.3953,66.4391,3.1831
2020-06-08,44009,Washington,25.3006,12.307,49.6004,2.7409
2020-06-09,44009,Washington,26.933,15.5799,56.3861,2.5968
2020-06-10,44009,Washington,25.1477,17.7394,66.4846,3.3997
2020-06-11,44009,Washington,21.4876,17.8301,80.018,5.227
2020-06-12,44009,Washington,26.0764,14.9764,70.1699,2.8951
2020-06-13,44009,Washington,23.2869,10.6448,58.2601,2.3851
2020-06-14,44009,Washington,22.4248,11.3834,57.8096,3.665
2020-06-15,44009,Washington,21.9013,9.3436,69.8177,3.2619
2020-06-16,44009,Washington,24.2945,10.5509,60.3017,2.5872
2020-06-17,44009,Washington,24.8488,15.5984,60.6771,2.1579
2020-06-18,44009,Washington,25.6748,17.5323,70.0821,2.3132
2020-06-19,44009,Washington,26.918,17.3285,70.5885,3.5378
2020-06-20,44009,Washington,29.5279,17.761,63.7467,3.3491
2020-06-21,44009,Washington,29.2139,18.0476,65.9129,2.6505
2020-06-22,44009,Washington,28.0629,18.5072,71.2918,2.167
2020-06-23,44009,Washington,26.7914,19.1745,74.1998,3.1214
2020-06-24,44009,Washington,28.3747,14.8756,77.274,3.6281
2020-06-25,44009,Washington,28.9705,17.5329,55.6917,2.8509
2020-06-26,44009,Washington,26.8613,15.0142,69.0507,2.8654
2020-06-27,44009,Washington,27.4987,16.7978,70.2747,3.1393
2020-06-28,44009,Washington,27.3439,18.9513,71.5732,2.5242
2020-06-29,44009,Washington,26.5784,17.6209,69.9062,1.6208
2020-06-30,44009,Washington,23.8324,15.8887,78.9004,1.4694
2020-07-01,44009,Washington,25.6375,15.6391,77.4504,1.0037
2020-07-02,44009,Washington,28.3182,19.9188,71.0404,2.2615
2020-07-03,44009,Washington,27.8927,17.6752,77.1525,2.8095
2020-07-04,44009,Washington,26.7558,18.3757,73.184,2.1333
2020-07-05,44009,Washington,27.6823,19.9765,72.8043,2.9103
2020-07-06,44009,Washington,27.4691,17.1293,72.5978,2.2887
2020-07-07,44009,Washington,22.9487,18.0599,74.3395,3.3506
2020-07-08,44009,Washington,28.4649,21.3525,74.4177,3.3301
2020-07-09,44009,Washington,30.4225,20.4112,73.0231,2.7168
2020-07-10,44009,Washington,27.7477,22.0629,75.2796,4.7335
2020-07-11,44009,Washington,27.8034,21.5799,82.8692,4.8106
2020-07-12,44009,Washington,30.3157,20.8655,68.9106,4.9278
2020-07-13,44009,Washington,29.5718,18.703,72.9363,2.9763
2020-07-14,44009,Washington,29.6053,17.227,69.0308,1.8637
2020-07-15,44009,Washington,25.1652,14.1019,76.3394,2.7592
2020-07-16,44009,Washington,24.7694,15.4458,63.729,2.835
2020-07-17,44009,Washington,23.6192,18.1111,80.6606,3.1476
2020-07-18,44009,Washington,30.9235,20.0205,65.3745,2.6079
2020-07-19,44009,Washington,31.1342,21.9646,66.2536,4.2825
2020-07-20,44009,Washington,32.8463,19.9146,72.6352,3.9354
2020-07-21,44009,Washington,32.3723,19.8899,55.4123,2.2412
2020-07-22,44009,Washington,29.8751,21.4578,69.148,2.1972
2020-07-23,44009,Washington,30.8726,21.3064,74.1026,3.8972
2020-07-24,44009,Washington,28.2908,18.1137,78.4485,1.9934
2020-07-25,44009,Washington,31.1594,21.497,61.2605,3.2869
2020-07-26,44009,Washington,32.9284,20.831,62.4313,4.9056
2020-07-27,44009,Washington,33.6312,23.4421,55.2423,4.6665
2020-07-28,44009,Washington,34.0804,19.7356,65.592,4.0573
2020-07-29,44009,Washington,30.5909,21.315,59.9081,2.4852
2020-07-30,44009,Washington,31.536,20.1326,65.9293,3.8685
2020-07-31,44009,Washington,28.0622,17.113,72.5242,1.2059
2020-08-01,44009,Washington,30.7784,19.35,58.5631,2.1034
2020-08-02,44009,Washington,28.4035,23.1827,71.1864,4.1263
2020-08-03,44009,Washington,32.2338,22.0608,61.4003,4.6854
2020-08-04,44009,Washington,28.0238,20.7209,78.4515,6.0947
2020-08-05,44009,Washington,30.1208,16.6543,68.1184,3.7712
2020-08-06,44009,Washington,27.7076,17.0044,56.1673,1.7577
2020-08-07,44009,Washington,26.8024,18.3453,59.4738,2.5656
2020-08-08,44009,Washington,27.8502,18.5085,65.8474,1.762
2020-08-09,44009,Washington,29.032,20.0571,65.6117,3.4948
2020-08-10,44009,Washington,31.6627,21.3816,64.4602,4.0177
2020-08-11,44009,Washington,30.6913,23.1608,66.0256,4.2236
2020-08-12,44009,Washington,31.3142,21.4501,69.5749,3.5663
2020-08-13,44009,Washington,28.4472,18.0939,76.8832,1.5794
2020-08-14,44009,Washington,30.6797,18.0181,54.9874,3.2824
2020-08-15,44009,Washington,23.6504,18.4616,71.0916,4.5369
2020-08-16,44009,Washington,21.2831,16.7539,88.5248,4.7894
2020-08-17,44009,Washington,25.4687,17.9518,67.4372,3.2918
2020-08-18,44009,Washington,27.6794,14.1945,68.3019,3.8996
2020-08-19,44009,Washington,25.0547,13.0263,69.8718,2.2667
2020-08-20,44009,Washington,25.4711,14.0986,56.0308,2.3369
2020-08-21,44009,Washington,28.1364,18.2489,62.0256,3.9652
2020-08-22,44009,Washington,29.8589,17.5291,68.6451,3.6694
2020-08-23,44009,Washington,29.9582,20.0774,65.6983,2.7797
2020-08-24,44009,Washington,29.4825,21.0555,69.3023,2.9673
2020-08-25,44009,Washington,31.7951,15.1047,60.368,4.5601
2020-08-26,44009,Washington,25.0455,14.0639,48.1196,3.9857
2020-08-27,44009,Washington,24.1315,15.7814,74.0093,2.488
2020-08-28,44009,Washington,27.8726,18.7977,61.6984,2.7561
2020-08-29,44009,Washington,25.2386,16.3012,95.1373,4.2602
2020-08-30,44009,Washington,26.4308,9.3674,63.5288,4.4257
2020-08-31,44009,Washington,23.5595,11.8893,57.9659,1.9748
2020-09-01,44009,Washington,24.542,15.3347,73.7495,4.201
2020-09-02,44009,Washington,22.9028,18.1322,88.8722,3.1973
2020-09-03,44009,Washington,29.0661,19.3512,72.2044,2.1251
2020-09-04,44009,Washington,29.3789,11.9868,65.3099,2.8192
2020-09-05,44009,Washington,25.6534,12.4619,50.5785,3.002
2020-09-06,44009,Washington,26.6494,13.8541,58.4516,2.9329
2020-09-07,44009,Washington,24.9166,15.3188,68.3182,2.8932
2020-09-08,44009,Washington,27.1976,17.2802,59.2575,1.6858
2020-09-09,44009,Washington,26.2216,18.4284,67.6115,1.6839
2020-09-10,44009,Washington,25.3627,20.1474,83.0174,2.3912
2020-09-11,44009,Washington,21.5529,9.1194,90.5775,3.8244
2020-09-12,44009,Washington,21.6956,9.6729,61.0338,4.0565
2020-09-13,44009,Washington,22.8457,14.5658,77.8881,3.7386
2020-09-14,44009,Washington,24.9991,7.0653,66.8724,4.1826
2020-09-15,44009,Washington,19.2988,6.4735,51.0694,2.4888
2020-09-16,44009,Washington,21.5666,11.2584,67.9885,4.3884
2020-09-17,44009,Washington,23.5268,14.3697,73.6516,3.2438
2020-09-18,44009,Washington,19.627,6.8465,78.6978,4.8392
2020-09-19,44009,Washington,17.6456,4.1198,41.6994,4.323
2020-09-20,44009,Washington,16.5216,2.0006,47.6884,4.9826
2020-09-21,44009,Washington,18.3904,2.9335,47.3735,4.83
2020-09-22,44009,Washington,19.1916,6.621,43.594,4.461
2020-09-23,44009,Washington,25.4139,10.2038,50.9819,4.0915
2020-09-24,44009,Washington,25.0164,10.7162,56.3023,3.1994
2020-09-25,44009,Washington,26.328,12.4908,58.3487,2.526
2020-09-26,44009,Washington,23.611,15.3228,66.7811,2.3399
2020-09-27,44009,Washington,23.8509,18.3404,73.6116,2.8389
2020-09-28,44009,Washington,22.7923,17.0866,83.3129,3.5487
2020-09-29,44009,Washington,23.5951,17.9485,77.9963,3.4832
2020-09-30,44009,Washington,22.2059,12.6179,71.9738,7.0595
2020-10-01,44009,Washington,23.2426,11.0306,68.7514,3.7229
2020-10-02,44009,Washington,18.5948,4.6211,77.7988,2.153
2020-10-03,44009,Washington,19.9349,4.3716,56.1869,1.8863
2020-10-04,44009,Washington,19.6797,8.416,59.6975,3.0708
2020-10-05,44009,Washington,18.6678,6.9847,74.3887,2.7417
2020-10-06,44009,Washington,19.3486,10.376,67.3581,3.2774
2020-10-07,44009,Washington,22.4072,9.6972,65.0575,6.9505
2020-10-08,44009,Washington,17.5995,3.3935,47.6005,5.9837
2020-10-09,44009,Washington,17.4905,7.3565,52.1309,4.4024
2020-10-10,44009,Washington,22.1619,14.2678,66.77,7.4328
2020-10-11,44009,Washington,18.8694,9.5903,61.542,4.5476
2020-10-12,44009,Washington,13.6781,9.7048,73.6648,6.9704
2020-10-13,44009,Washington,17.3391,9.0737,74.3855,4.9528
2020-10-14,44009,Washington,19.8487,6.5109,61.131,3.6735
2020-10-15,44009,Washington,21.2711,10.3545,69.5657,4.3816
2020-10-16,44009,Washington,20.1507,6.6098,91.1538,2.855
2020-10-17,44009,Washington,15.2132,0.8987,60.2281,4.3574
2020-10-18,44009,Washington,16.085,3.5539,62.8848,3.5355
2020-10-19,44009,Washington,17.2618,6.2639,81.8379,2.6256
2020-10-20,44009,Washington,18.7325,10.8966,84.1563,1.4387
2020-10-21,44009,Washington,20.8188,15.7925,74.6516,2.5255
2020-10-22,44009,Washington,23.6895,14.0155,68.2083,1.5406
2020-10-23,44009,Washington,18.824,11.3698,77.7862,2.3742
2020-10-24,44009,Washington,18.4271,5.1385,86.5993,2.8483
2020-10-25,44009,Washington,12.3446,6.3671,60.7485,4.5609
2020-10-26,44009,Washington,13.8135,9.7754,82.6468,3.7333
2020-10-27,44009,Washington,15.1216,7.7044,71.8297,2.0616
2020-10-28,44009,Washington,12.0511,7.1621,86.0507,2.5259
2020-10-29,44009,Washington,9.0826,2.9007,98.9279,4.3201
2020-10-30,44009,Washington,2.3175,-4.1346,99.7098,6.837
2020-10-31,44009,Washington,7.1505,-2.7097,55.8068,2.4859
2020-11-01,44009,Washington,10.8671,1.2162,89.5398,5.2214
2020-11-02,44009,Washington,6.6208,0.547,56.4937,8.7173
2020-11-03,44009,Washington,7.7989,-1.6579,59.0293,6.2221
2020-11-04,44009,Washington,14.249,0.685,61.8943,3.6567
2020-11-05,44009,Washington,18.3296,11.2447,63.8343,4.7578
2020-11-06,44009,Washington,19.207,7.0039,71.074,4.3013
2020-11-07,44009,Washington,21.9253,5.1452,58.1031,3.5638
2020-11-08,44009,Washington,22.6616,3.8276,53.8041,1.4623
2020-11-09,44009,Washington,23.1173,4.934,52.7414,2.2442
2020-11-10,44009,Washington,20.8286,10.0411,63.3495,3.9322
2020-11-11,44009,Washington,20.7575,16.5196,67.4988,4.9053
2020-11-12,44009,Washington,17.6356,7.2249,80.7105,3.9393
2020-11-13,44009,Washington,10.2988,1.939,86.6112,3.4947
2020-11-14,44009,Washington,9.9403,-2.8751,62.5226,4.4476
2020-11-15,44009,Washington,15.5772,-1.0692,64.1762,5.5245
2020-11-16,44009,Washington,11.6568,-0.6032,63.3522,6.7188
2020-11-17,44009,Washington,8.5583,-1.7323,56.7295,4.7955
2020-11-18,44009,Washington,1.1668,-7.0096,53.7104,5.0878
2020-11-19,44009,Washington,9.3572,-5.6736,61.5564,5.8773
2020-11-20,44009,Washington,15.0792,5.0137,64.3278,7.3023
2020-11-21,44009,Washington,17.2916,2.4289,55.3076,3.3304
2020-11-22,44009,Washington,14.8495,2.9671,58.2089,5.9372
2020-11-23,44009,Washington,15.1429,-0.1043,76.7779,6.3636
2020-11-24,44009,Washington,7.1858,-1.9831,52.7881,4.2052
2020-11-25,44009,Washington,13.5566,1.667,70.2652,3.6928
2020-11-26,44009,Washington,15.1707,5.6593,84.9229,3.844
2020-11-27,44009,Washington,13.9331,6.5616,68.95,1.9538
2020-11-28,44009,Washington,12.3107,-0.4733,64.6473,3.6374
2020-11-29,44009,Washington,11.2428,0.2265,60.3492,3.6154
2020-11-30,44009,Washington,17.4531,4.914,70.7628,7.3228
2020-12-01,44009,Washington,15.434,2.0633,74.2295,7.0261
2020-12-02,44009,Washington,6.82,-0.5896,60.7384,6.4108
2020-12-03,44009,Washington,9.8132,0.5248,57.9713,5.7108
2020-12-04,44009,Washington,13.4282,6.6666,58.9865,5.7787
2020-12-05,44009,Washington,7.8868,0.4031,85.6875,6.3371
2020-12-06,44009,Washington,3.1378,-3.232,57.9422,6.8538
2020-12-07,44009,Washington,3.3605,-3.552,53.0727,3.6931
2020-12-08,44009,Washington,0.2235,-5.5599,63.5594,4.926
2020-12-09,44009,Washington,3.6052,-4.545,65.9686,4.5892
2020-12-10,44009,Washington,8.154,-3.6129,59.5568,4.253
2020-12-11,44009,Washington,10.8198,-2.1369,68.4299,3.8485
2020-12-12,44009,Washington,12.0716,3.082,76.0214,2.7036
2020-12-13,44009,Washington,14.9997,0.184,75.265,3.6408
2020-12-14,44009,Washington,3.0968,-1.2474,77.5898,2.9925
2020-12-15,44009,Washington,2.5139,-6.7851,43.4908,5.6946
2020-12-16,44009,Washington,0.8857,-6.537,48.2215,6.5399
2020-12-17,44009,Washington,0.2072,-5.5778,85.6791,8.4477
2020-12-18,44009,Washington,-0.5255,-12.1745,71.9127,4.5431
2020-12-19,44009,Washington,0.5672,-12.0697,75.4578,2.0691
2020-12-20,44009,Washington,2.6507,-4.3225,84.9453,1.7433
2020-12-21,44009,Washington,3.4051,-2.1036,80.9066,2.4459
2020-12-22,44009,Washington,6.9746,-1.7879,62.0177,5.1916
2020-12-23,44009,Washington,7.8117,-3.4324,50.8736,3.6751
2020-12-24,44009,Washington,14.7048,6.1578,53.4907,6.1616
2020-12-25,44009,Washington,15.1736,-2.3337,65.2734,8.3408
2020-12-26,44009,Washington,0.4024,-5.7682,61.0638,6.8954
2020-12-27,44009,Washington,4.3792,-5.4264,49.0425,2.8887
2020-12-28,44009,Washington,9.931,-0.7532,69.4946,4.6489
2020-12-29,44009,Washington,2.8976,-6.1877,52.8338,5.9785
2020-12-30,44009,Washington,9.3953,-5.0033,46.6152,5.4622
2020-12-31,44009,Washington,9.0843,-3.6568,94.4732,5.6718
2021-01-01,44009,Washington,7.1702,-3.4691,54.3405,3.2608
2021-01-02,44009,Washington,10.4943,-1.2729,64.1484,4.9596
2021-01-03,44009,Washington,3.1468,0.3277,66.8634,5.0359
2021-01-04,44009,Washington,5.2323,-1.4569,65.5605,4.615
2021-01-05,44009,Washington,3.7476,-0.0545,62.8178,3.8985
2021-01-06,44009,Washington,5.7307,0.1596,48.4502,5.1291
2021-01-07,44009,Washington,5.8675,-4.0538,44.5247,4.5228
2021-01-08,44009,Washington,6.4407,-4.267,40.5059,3.6242
2021-01-09,44009,Washington,2.8749,-3.1366,45.098,4.909
2021-01-10,44009,Washington,6.0845,-6.6711,42.4496,3.1899
2021-01-11,44009,Washington,3.1856,-5.5533,59.5729,2.7061
2021-01-12,44009,Washington,5.7103,-4.3193,52.7374,2.9226
2021-01-13,44009,Washington,5.3887,-2.7192,51.6167,2.644
2021-01-14,44009,Washington,8.6319,0.6644,58.7458,1.7752
2021-01-15,44009,Washington,8.5058,2.9052,55.3667,4.9689
2021-01-16,44009,Washington,11.5917,1.2459,69.5636,6.8683
2021-01-17,44009,Washington,6.7846,1.788,51.5158,8.1358
2021-01-18,44009,Washington,7.3925,-2.6024,54.0274,6.0084
2021-01-19,44009,Washington,5.4967,-2.3662,49.8442,5.2454
2021-01-20,44009,Washington,3.9186,-7.3964,52.5877,4.419
2021-01-21,44009,Washington,3.4407,-7.3906,52.0436,4.5087
2021-01-22,44009,Washington,7.4134,-2.8116,50.9655,4.504
2021-01-23,44009,Washington,-0.4193,-8.0966,42.338,7.3969
2021-01-24,44009,Washington,-0.4225,-8.061,34.1925,7.4379
2021-01-25,44009,Washington,3.4198,-7.2972,34.5289,3.9494
2021-01-26,44009,Washington,1.4017,-2.3385,54.9628,4.1496
2021-01-27,44009,Washington,2.7896,-2.3589,70.4397,2.7866
2021-01-28,44009,Washington,0.5617,-11.889,74.0954,5.6169
2021-01-29,44009,Washington,-7.2652,-13.1068,44.895,8.5286
2021-01-30,44009,Washington,-3.8984,-14.5597,44.5697,5.3963
2021-01-31,44009,Washington,-1.2056,-14.2958,58.4698,3.141
2021-02-01,44009,Washington,3.1742,-2.0831,69.7986,10.0943
2021-02-02,44009,Washington,3.2348,-1.7153,72.6494,6.001
2021-02-03,44009,Washington,2.3771,-1.8279,61.3214,4.2114
2021-02-04,44009,Washington,4.791,-4.9527,60.2625,4.0546
2021-02-05,44009,Washington,6.6046,-2.6592,65.8234,3.6887
2021-02-06,44009,Washington,6.2078,-3.1064,51.7772,5.5766
2021-02-07,44009,Washington,1.6612,-9.6514,89.6787,4.4449
2021-02-08,44009,Washington,-1.8908,-12.1663,63.701,4.0938
2021-02-09,44009,Washington,-0.0046,-10.2661,87.626,2.808
2021-02-10,44009,Washington,0.1839,-9.4176,65.9447,3.0788
2021-02-11,44009,Washington,0.8434,-11.6762,58.879,3.2935
2021-02-12,44009,Washington,-0.2698,-11.1934,49.9813,3.3198
2021-02-13,44009,Washington,-0.9074,-6.4509,57.7527,4.3178
2021-02-14,44009,Washington,3.2975,-1.6274,63.2646,2.9293
2021-02-15,44009,Washington,5.6579,-0.7565,59.4455,4.3103
2021-02-16,44009,Washington,11.7873,-5.103,61.2911,5.5371
2021-02-17,44009,Washington,0.8222,-5.5522,49.5292,4.0618
2021-02-18,44009,Washington,-1.1954,-4.7853,63.2195,3.7841
2021-02-19,44009,Washington,0.0648,-3.3813,76.846,5.0892
2021-02-20,44009,Washington,1.4653,-7.9397,66.7781,4.4074
2021-02-21,44009,Washington,1.5576,-10.7688,55.3811,3.9893
2021-02-22,44009,Washington,6.0339,-4.1704,65.6606,5.265
2021-02-23,44009,Washington,5.9879,-1.2669,63.3823,4.9788
2021-02-24,44009,Washington,9.8744,0.8041,51.996,4.8298
2021-02-25,44009,Washington,7.7182,-3.8896,52.1514,5.8493
2021-02-26,44009,Washington,5.8465,-3.1658,43.9047,2.3639
2021-02-27,44009,Washington,9.5891,-0.7611,60.461,4.3657
2021-02-28,44009,Washington,7.6007,0.0059,64.6569,2.9081
2021-03-01,44009,Washington,8.6405,-9.1938,77.2549,5.6846
2021-03-02,44009,Washington,-1.058,-9.0003,39.1717,8.839
2021-03-03,44009,Washington,8.005,-3.5755,46.3422,4.3004
2021-03-04,44009,Washington,5.594,-5.3694,51.3612,5.4983
2021-03-05,44009,Washington,1.8684,-5.1863,34.4851,6.5567
2021-03-06,44009,Washington,1.4521,-7.3516,38.3112,5.1637
2021-03-07,44009,Washington,2.9338,-5.9824,36.283,3.6284
2021-03-08,44009,Washington,5.0276,-4.3945,37.5919,3.162
2021-03-09,44009,Washington,16.1425,-3.2825,40.6375,4.0592
2021-03-10,44009,Washington,9.1676,-0.7094,57.9916,2.6076
2021-03-11,44009,Washington,17.4228,4.3949,53.9897,4.7489
2021-03-12,44009,Washington,17.9679,-0.4442,45.37,5.5705
2021-03-13,44009,Washington,8.6822,-1.4304,39.0383,5.4449
2021-03-14,44009,Washington,9.1684,-8.4159,38.886,6.6359
2021-03-15,44009,Washington,-0.025,-8.5401,28.6983,6.384
2021-03-16,44009,Washington,1.4817,-6.6807,37.7963,2.3821
2021-03-17,44009,Washington,7.2502,-1.4439,62.2144,1.4918
2021-03-18,44009,Washington,8.6625,-0.3194,85.4981,2.8878
2021-03-19,44009,Washington,5.6348,-4.9182,44.5783,6.2156
2021-03-20,44009,Washington,10.4855,-3.2665,42.8718,2.9016
2021-03-21,44009,Washington,14.6291,-2.6817,45.9053,1.5417
2021-03-22,44009,Washington,13.1493,-0.178,60.7274,1.8061
2021-03-23,44009,Washington,16.6785,0.7244,56.5612,2.0113
2021-03-24,44009,Washington,14.1575,3.855,69.0116,3.646
2021-03-25,44009,Washington,18.8248,8.3366,63.984,3.2932
2021-03-26,44009,Washington,18.6456,7.2076,66.5762,6.9446
2021-03-27,44009,Washington,17.0739,5.1901,46.6233,3.6204
2021-03-28,44009,Washington,12.3139,5.3182,77.5843,6.1981
2021-03-29,44009,Washington,9.8625,-2.5384,56.5149,6.578
2021-03-30,44009,Washington,11.5203,1.9606,50.5268,3.0081
2021-03-31,44009,Washington,15.8933,7.3561,69.1492,4.8563
2021-04-01,44009,Washington,9.4004,-1.3111,85.363,4.8785
2021-04-02,44009,Washington,2.9426,-4.4396,46.7553,3.915
2021-04-03,44009,Washington,9.1288,-3.4236,37.1881,3.1426
2021-04-04,44009,Washington,14.7399,3.548,33.3935,3.5707
2021-04-05,44009,Washington,16.9232,3.6107,35.3881,5.6971
2021-04-06,44009,Washington,16.9659,0.8849,44.9516,2.6504
2021-04-07,44009,Washington,16.3158,4.7599,55.5833,1.997
2021-04-08,44009,Washington,18.7052,4.0747,57.7916,1.4858
2021-04-09,44009,Washington,15.0967,5.9231,60.8776,1.8988
2021-04-10,44009,Washington,18.7986,8.7059,59.5991,2.9973
2021-04-11,44009,Washington,13.4455,6.4414,79.2647,3.7191
2021-04-12,44009,Washington,11.3014,4.2615,67.5989,5.3627
2021-04-13,44009,Washington,15.5041,4.4495,59.2039,2.4881
2021-04-14,44009,Washington,13.8055,6.4366,66.6279,2.3818
2021-04-15,44009,Washington,9.1833,1.6535,90.6159,4.7309
2021-04-16,44009,Washington,4.7556,1.1242,89.2098,5.5061
2021-04-17,44009,Washington,9.7242,2.5154,64.0744,3.1974
2021-04-18,44009,Washington,15.1492,3.5864,56.6836,3.0546
2021-04-19,44009,Washington,17.9104,2.8156,55.0513,2.78
2021-04-20,44009,Washington,19.4333,6.6518,51.9078,4.2982
2021-04-21,44009,Washington,17.3833,-0.1028,74.9302,5.4494
2021-04-22,44009,Washington,9.1166,0.9779,40.3587,8.1228
2021-04-23,44009,Washington,15.1297,1.524,41.4994,6.6222
2021-04-24,44009,Washington,20.9198,7.598,38.3989,4.7452
2021-04-25,44009,Washington,13.2424,4.6668,73.6161,3.3812
2021-04-26,44009,Washington,13.9577,2.5951,46.1377,5.3026
2021-04-27,44009,Washington,18.2517,5.7911,38.557,3.2581
2021-04-28,44009,Washington,19.4085,9.462,55.4648,1.9838
2021-04-29,44009,Washington,15.3863,10.1039,79.0944,2.5189
2021-04-30,44009,Washington,18.7077,4.4629,60.9291,8.1418
2021-05-01,44009,Washington,17.3602,5.7397,47.6416,5.034
2021-05-02,44009,Washington,23.4083,9.6833,49.4709,3.6101
2021-05-03,44009,Washington,20.3708,9.6192,60.4373,2.4672
2021-05-04,44009,Washington,12.7565,8.3596,84.8264,2.8727
2021-05-05,44009,Washington,12.5995,7.8337,94.0297,2.3859
2021-05-06,44009,Washington,18.6987,6.5837,52.4417,3.6213
2021-05-07,44009,Washington,16.0715,5.0744,59.3007,3.6594
2021-05-08,44009,Washington,14.0567,4.4435,63.3994,1.9772
2021-05-09,44009,Washington,17.8725,7.1364,54.868,4.8101
2021-05-10,44009,Washington,14.9718,7.0789,74.0592,2.6704
2021-05-11,44009,Washington,18.1651,5.331,51.2432,4.6531
2021-05-12,44009,Washington,19.3838,3.7699,50.2817,3.4845
2021-05-13,44009,Washington,19.6292,5.0042,48.2408,2.7012
2021-05-14,44009,Washington,23.5989,7.2183,44.4878,2.9608
2021-05-15,44009,Washington,24.1565,9.0413,45.5102,2.631
2021-05-16,44009,Washington,23.5563,7.7846,52.3714,2.9173
2021-05-17,44009,Washington,23.3419,9.0389,54.2631,2.7855
2021-05-18,44009,Washington,26.3329,11.2364,47.9644,4.5586
2021-05-19,44009,Washington,26.2512,7.8089,49.719,2.2471
2021-05-20,44009,Washington,22.1404,7.4994,53.3147,1.9072
2021-05-21,44009,Washington,21.7981,11.6715,57.1882,2.7357
2021-05-22,44009,Washington,25.8933,14.5334,61.4922,3.283
2021-05-23,44009,Washington,30.348,10.4292,57.1445,4.2079
2021-05-24,44009,Washington,18.0067,7.5659,62.4675,3.5649
2021-05-25,44009,Washington,19.7285,12.3822,60.7021,5.4653
2021-05-26,44009,Washington,25.2351,15.9485,68.2191,5.5747
2021-05-27,44009,Washington,26.891,11.3348,58.9277,3.8148
2021-05-28,44009,Washington,17.9618,6.2435,60.318,5.106
2021-05-29,44009,Washington,9.8892,7.1142,79.0628,7.8467
2021-05-30,44009,Washington,10.384,8.3494,84.8006,5.9764
2021-05-31,44009,Washington,15.7874,7.5424,77.8257,3.089
2021-06-01,44009,Washington,22.5078,10.2998,62.1458,3.7449
2021-06-02,44009,Washington,22.5497,11.9572,69.8983,3.2046
2021-06-03,44009,Washington,19.0562,14.5656,80.7151,3.5026
2021-06-04,44009,Washington,21.643,14.4651,86.0139,4.5101
2021-06-05,44009,Washington,27.3083,15.6906,71.4453,4.3435
2021-06-06,44009,Washington,31.0287,16.6689,63.4871,4.118
2021-06-07,44009,Washington,27.9702,17.4297,75.5032,4.3145
2021-06-08,44009,Washington,29.1219,18.7094,76.7544,3.679
2021-06-09,44009,Washington,30.7409,15.9954,72.6047,2.282
2021-06-10,44009,Washington,24.6217,8.5209,66.077,3.8734
2021-06-11,44009,Washington,20.7596,13.5058,64.0159,3.0087
2021-06-12,44009,Washington,20.0875,10.9488,77.2465,2.3578
2021-06-13,44009,Washington,24.8577,11.0086,68.7751,3.0109
2021-06-14,44009,Washington,19.1142,15.7369,82.7849,1.9983
2021-06-15,44009,Washington,24.7519,13.5871,77.287,2.3656
2021-06-16,44009,Washington,23.79,7.9908,65.3361,3.1703
2021-06-17,44009,Washington,23.7754,9.3894,57.1702,2.7231
2021-06-18,44009,Washington,25.7836,16.2605,56.8059,3.6594
2021-06-19,44009,Washington,28.2388,16.9139,69.7011,3.5369
2021-06-20,44009,Washington,27.0411,17.4231,68.3883,3.1891
2021-06-21,44009,Washington,23.6245,18.3741,88.8232,3.6668
2021-06-22,44009,Washington,27.2434,12.0704,79.8232,3.4967
2021-06-23,44009,Washington,22.2018,8.7674,66.7271,2.6757
2021-06-24,44009,Washington,22.2854,14.5533,65.0697,2.4225
2021-06-25,44009,Washington,23.7084,16.4196,77.2176,2.858
2021-06-26,44009,Washington,24.5738,19.6192,78.5674,3.8573
2021-06-27,44009,Washington,26.4881,19.525,80.3036,5.307
2021-06-28,44009,Washington,30.0561,20.6988,72.4756,4.9778
2021-06-29,44009,Washington,32.3595,21.1884,69.1682,4.204
2021-06-30,44009,Washington,31.5384,19.8541,74.4984,4.1932
2021-07-01,44009,Washington,28.8348,19.5001,77.4082,2.564
2021-07-02,44009,Washington,20.9516,14.7389,93.6504,2.3925
2021-07-03,44009,Washington,16.99,12.7041,88.9575,3.9372
2021-07-04,44009,Washington,20.669,13.5696,77.9952,1.822
2021-07-05,44009,Washington,22.3339,16.7544,83.0723,3.5005
2021-07-06,44009,Washington,28.8918,18.9619,80.4924,5.225
2021-07-07,44009,Washington,31.0779,19.2222,74.7213,2.9474
2021-07-08,44009,Washington,23.9336,19.0913,96.6574,2.4002
2021-07-09,44009,Washington,26.2542,19.6909,82.3006,3.6784
2021-07-10,44009,Washington,25.2648,14.4967,92.5817,1.5948
2021-07-11,44009,Washington,24.2304,18.9477,81.5635,1.9978
2021-07-12,44009,Washington,24.3449,17.739,92.7537,1.6801
2021-07-13,44009,Washington,23.2368,18.4701,87.321,2.8418
2021-07-14,44009,Washington,28.1454,19.9195,81.894,2.3532
2021-07-15,44009,Washington,30.2482,21.5487,71.9992,2.6001
2021-07-16,44009,Washington,30.9456,21.8812,75.1056,3.4004
2021-07-17,44009,Washington,30.2227,22.6053,75.1509,1.4888
2021-07-18,44009,Washington,27.7396,20.7745,80.0543,2.9837
2021-07-19,44009,Washington,25.1267,17.8923,84.8841,1.9373
2021-07-20,44009,Washington,29.2449,18.4571,76.3373,2.526
2021-07-21,44009,Washington,28.9261,15.9686,76.1598,2.4261
2021-07-22,44009,Washington,27.1875,16.2686,62.9135,2.2554
2021-07-23,44009,Washington,27.7253,13.6441,62.4624,1.5744
2021-07-24,44009,Washington,26.9018,16.6445,63.8344,1.5883
2021-07-25,44009,Washington,24.1582,19.8348,84.7923,4.488
2021-07-26,44009,Washington,30.5013,16.4549,78.1763,2.6606
2021-07-27,44009,Washington,31.3135,17.9915,61.7245,2.6126
2021-07-28,44009,Washington,25.35,14.7319,82.0041,2.0363
2021-07-29,44009,Washington,24.7599,19.1372,77.6993,4.5885
2021-07-30,44009,Washington,27.8512,10.7312,73.5283,3.8921
2021-07-31,44009,Washington,23.5893,10.9993,61.8215,2.8571
2021-08-01,44009,Washington,24.3433,13.4519,72.7824,1.963
2021-08-02,44009,Washington,26.3151,12.1736,72.7748,2.5141
2021-08-03,44009,Washington,23.9913,14.3932,73.4875,1.7611
2021-08-04,44009,Washington,22.2871,15.5446,85.9829,2.0427
2021-08-05,44009,Washington,21.3389,15.8635,92.2148,1.5761
2021-08-06,44009,Washington,27.8113,16.3269,76.6739,3.1049
2021-08-07,44009,Washington,28.9702,18.9948,71.4569,3.0133
2021-08-08,44009,Washington,26.1075,18.2382,80.3408,1.7588
2021-08-09,44009,Washington,24.3752,18.5295,86.6114,2.1838
2021-08-10,44009,Washington,25.2317,19.9724,84.1645,2.1336
2021-08-11,44009,Washington,29.1844,21.4187,78.9769,4.3545
2021-08-12,44009,Washington,31.3935,20.7984,76.7496,4.2658
2021-08-13,44009,Washington,31.8918,20.8285,76.2027,2.6696
2021-08-14,44009,Washington,31.0237,17.8949,77.7114,2.7317
2021-08-15,44009,Washington,27.163,15.0845,62.8265,2.2272
2021-08-16,44009,Washington,25.648,14.7784,71.8934,1.5227
2021-08-17,44009,Washington,26.02,17.514,78.3208,1.8378
2021-08-18,44009,Washington,26.6084,20.0003,79.0286,2.5551
2021-08-19,44009,Washington,26.4731,20.6314,88.5266,4.176
2021-08-20,44009,Washington,28.167,19.918,76.0146,1.9496
2021-08-21,44009,Washington,27.8574,21.6636,78.4226,2.4507
2021-08-22,44009,Washington,23.6391,20.8508,81.5102,4.2178
2021-08-23,44009,Washington,26.1573,20.7954,78.2549,2.8381
2021-08-24,44009,Washington,30.1249,18.705,73.2648,2.6642
2021-08-25,44009,Washington,31.1377,18.8891,71.128,2.1599
2021-08-26,44009,Washington,32.2538,20.5118,70.4083,2.3789
2021-08-27,44009,Washington,31.708,19.7516,77.7197,1.6247
2021-08-28,44009,Washington,23.149,15.3953,81.7311,4.5284
2021-08-29,44009,Washington,22.8265,16.7789,84.365,1.8925
2021-08-30,44009,Washington,27.9128,19.4206,82.745,3.2323
2021-08-31,44009,Washington,27.7378,16.9859,79.1549,2.6647
2021-09-01,44009,Washington,21.7693,15.0573,91.7654,3.4813
2021-09-02,44009,Washington,23.5185,11.7963,73.0818,3.9782
2021-09-03,44009,Washington,22.8803,11.6982,63.5146,2.8704
2021-09-04,44009,Washington,24.679,13.5797,63.8865,2.6486
2021-09-05,44009,Washington,22.7828,17.2816,79.7327,2.5576
2021-09-06,44009,Washington,26.5954,12.8895,79.0764,3.4618
2021-09-07,44009,Washington,25.0488,14.2936,64.8442,2.5598
2021-09-08,44009,Washington,26.7534,20.0681,72.4143,4.3866
2021-09-09,44009,Washington,22.5218,17.113,93.5015,2.4892
2021-09-10,44009,Washington,23.3478,10.0379,76.3083,3.7323
2021-09-11,44009,Washington,23.6068,14.1406,64.39,3.4922
2021-09-12,44009,Washington,25.3916,19.3945,73.6576,5.2114
2021-09-13,44009,Washington,26.7663,13.6641,71.0047,3.0807
2021-09-14,44009,Washington,23.5501,17.2102,70.3292,2.7843
2021-09-15,44009,Washington,27.3088,19.3031,81.7927,4.7053
2021-09-16,44009,Washington,22.6544,18.4371,84.1487,2.9488
2021-09-17,44009,Washington,22.4497,17.9868,85.1304,3.7899
2021-09-18,44009,Washington,25.2645,16.8259,80.2889,1.6881
2021-09-19,44009,Washington,23.0456,10.5469,74.4234,2.4698
2021-09-20,44009,Washington,22.6095,9.3312,70.62,1.8677
2021-09-21,44009,Washington,23.5976,12.9149,76.5806,2.816
2021-09-22,44009,Washington,23.5553,20.7672,82.3452,3.9056
2021-09-23,44009,Washington,25.8408,21.7895,77.5631,5.0481
2021-09-24,44009,Washington,23.2022,14.8008,93.0467,2.7451
2021-09-25,44009,Washington,23.5691,15.5405,76.4541,1.3012
2021-09-26,44009,Washington,22.5684,9.9558,73.8656,3.5803
2021-09-27,44009,Washington,23.2601,14.0495,68.9943,4.4711
2021-09-28,44009,Washington,23.248,10.2438,88.0442,3.7379
2021-09-29,44009,Washington,18.3022,9.5419,67.3893,3.5197
2021-09-30,44009,Washington,17.4446,6.6205,66.7757,3.4279
2021-10-01,44009,Washington,19.2185,6.1025,57.3053,3.1235
2021-10-02,44009,Washington,21.804,10.0958,63.5684,3.3828
2021-10-03,44009,Washington,23.2044,14.1282,68.0095,1.1709
2021-10-04,44009,Washington,16.8818,12.1171,94.6973,4.5427
2021-10-05,44009,Washington,16.444,9.8815,85.7964,2.9666
2021-10-06,44009,Washington,21.0524,8.8902,74.456,1.5048
2021-10-07,44009,Washington,22.5552,10.4824,69.112,1.6113
2021-10-08,44009,Washington,22.6426,13.7709,66.6697,2.6086
2021-10-09,44009,Washington,18.086,13.3289,76.7892,5.3705
2021-10-10,44009,Washington,18.016,14.6651,80.7958,5.0375
2021-10-11,44009,Washington,22.3141,11.9625,75.3736,4.0786
2021-10-12,44009,Washington,21.7188,10.0491,71.1898,1.6093
2021-10-13,44009,Washington,22.2061,12.2964,70.1572,1.9233
2021-10-14,44009,Washington,24.5154,12.631,67.4168,1.5369
2021-10-15,44009,Washington,22.4596,14.977,71.6845,1.6394
2021-10-16,44009,Washington,23.0528,11.2685,87.5719,4.7316
2021-10-17,44009,Washington,17.5741,7.9148,66.6273,4.563
2021-10-18,44009,Washington,15.8111,5.4192,56.8638,5.0178
2021-10-19,44009,Washington,17.1515,7.3641,55.1554,5.6096
2021-10-20,44009,Washington,22.2319,10.678,59.0502,3.4888
2021-10-21,44009,Washington,22.1268,12.7304,64.7604,3.4064
2021-10-22,44009,Washington,21.2909,9.2935,71.8863,3.6285
2021-10-23,44009,Washington,16.1486,4.5164,68.0669,2.4287
2021-10-24,44009,Washington,15.1432,6.0072,61.0056,2.6655
2021-10-25,44009,Washington,18.8981,12.4571,81.2547,3.4997
2021-10-26,44009,Washington,17.3519,10.8405,85.9062,7.4753
2021-10-27,44009,Washington,11.2222,8.1645,83.9388,8.7534
2021-10-28,44009,Washington,10.9021,6.1813,74.4909,3.6621
2021-10-29,44009,Washington,12.8598,6.9097,70.3463,5.1692
2021-10-30,44009,Washington,17.3756,13.1042,76.4191,4.7997
2021-10-31,44009,Washington,18.2497,8.6595,75.4731,4.6224
2021-11-01,44009,Washington,16.0357,2.351,57.9905,4.0905
2021-11-02,44009,Washington,13.3099,1.6422,60.9933,2.5617
2021-11-03,44009,Washington,11.4475,-0.8693,53.035,3.2826
2021-11-04,44009,Washington,10.6957,-0.0195,53.2912,2.2771
2021-11-05,44009,Washington,10.9401,-2.5505,51.6999,3.6962
2021-11-06,44009,Washington,11.2319,-2.3427,48.5583,1.1543
2021-11-07,44009,Washington,13.1344,-0.183,52.5581,1.7326
2021-11-08,44009,Washington,16.9712,2.0717,52.3425,2.6459
2021-11-09,44009,Washington,20.2701,3.8837,55.009,2.4238
2021-11-10,44009,Washington,17.732,0.0683,62.5215,2.6474
2021-11-11,44009,Washington,15.0269,1.6594,52.6879,3.1437
2021-11-12,44009,Washington,17.1549,2.7556,91.2617,6.8668
2021-11-13,44009,Washington,15.5365,1.3769,70.6622,4.2573
2021-11-14,44009,Washington,10.9268,1.9751,63.1274,4.5093
2021-11-15,44009,Washington,9.721,1.237,65.3119,5.0675
2021-11-16,44009,Washington,9.3832,-1.9065,54.5425,5.0948
2021-11-17,44009,Washington,13.9315,-0.5244,58.5852,3.2821
2021-11-18,44009,Washington,18.7281,4.0733,79.4495,4.8624
2021-11-19,44009,Washington,8.6829,-2.6074,68.1419,5.4079
2021-11-20,44009,Washington,8.4535,-1.5355,52.6284,2.7447
2021-11-21,44009,Washington,14.3341,3.7189,70.2993,3.1188
2021-11-22,44009,Washington,12.2458,-0.5506,83.656,4.7202
2021-11-23,44009,Washington,4.88,-3.2314,44.3938,5.8074
2021-11-24,44009,Washington,5.9744,-2.7091,42.1744,4.7996
2021-11-25,44009,Washington,12.328,0.6604,53.6679,3.1145
2021-11-26,44009,Washington,8.0894,1.3652,76.1237,5.4401
2021-11-27,44009,Washington,4.8464,-1.5742,54.6822,6.3046
2021-11-28,44009,Washington,2.4188,-2.1193,69.3068,2.3121
2021-11-29,44009,Washington,5.5032,-4.6021,67.5086,3.5256
2021-11-30,44009,Washington,4.4058,-4.0794,65.1552,3.9014
2021-12-01,44009,Washington,9.8987,-1.0905,53.8858,3.6943
2021-12-02,44009,Washington,15.2259,3.8661,67.8654,5.2284
2021-12-03,44009,Washington,6.5242,-3.2496,55.7488,6.0936
2021-12-04,44009,Washington,6.3058,-2.5875,57.1026,3.3552
2021-12-05,44009,Washington,11.7503,-0.5686,43.0275,2.863
2021-12-06,44009,Washington,15.536,1.9355,79.5322,6.5719
2021-12-07,44009,Washington,6.1646,-0.7145,50.1078,3.9724
2021-12-08,44009,Washington,3.2439,-2.8517,71.3627,3.2843
2021-12-09,44009,Washington,3.1405,-2.5108,59.2642,2.5633
2021-12-10,44009,Washington,9.7865,-0.2617,60.882,2.2516
2021-12-11,44009,Washington,15.9378,4.1786,65.0226,5.7626
2021-12-12,44009,Washington,7.915,-0.0919,57.1014,5.9023
2021-12-13,44009,Washington,10.4545,-0.2842,55.3156,5.7301
2021-12-14,44009,Washington,10.9454,-3.5511,48.0988,3.707
2021-12-15,44009,Washington,13.1487,-3.1065,52.8633,3.6847
2021-12-16,44009,Washington,14.7609,10.7029,63.9492,5.7555
2021-12-17,44009,Washington,15.3832,1.9894,49.7468,4.8792
2021-12-18,44009,Washington,5.2379,2.4898,67.301,2.8654
2021-12-19,44009,Washington,3.9738,-7.7426,78.9236,5.3784
2021-12-20,44009,Washington,2.4964,-7.3613,57.7802,3.3385
2021-12-21,44009,Washington,6.2403,-3.1388,58.2639,3.1655
2021-12-22,44009,Washington,8.2719,-3.0087,72.6544,4.4541
2021-12-23,44009,Washington,0.2881,-5.8935,41.4069,4.2579
2021-12-24,44009,Washington,-0.3098,-4.9925,76.2172,1.1217
2021-12-25,44009,Washington,4.5085,-0.6347,77.7886,1.5412
2021-12-26,44009,Washington,6.1122,-2.4462,64.9036,4.8134
2021-12-27,44009,Washington,2.4828,-2.0087,58.8284,2.5695
2021-12-28,44009,Washington,8.8019,1.2287,67.2461,2.1352
2021-12-29,44009,Washington,5.688,2.051,72.7494,2.0179
2021-12-30,44009,Washington,6.3932,3.8535,76.6199,1.9055
2021-12-31,44009,Washington,8.9057,5.256,72.8461,0.8379
2022-01-01,44009,Washington,12.945,10.0169,64.0317,2.2726
2022-01-02,44009,Washington,12.7965,0.4596,74.7175,2.7654
2022-01-03,44009,Washington,0.3168,-7.4123,53.8581,6.2373
2022-01-04,44009,Washington,5.7372,-7.3597,34.3095,3.6136
2022-01-05,44009,Washington,11.8038,2.4044,61.3996,4.6712
2022-01-06,44009,Washington,5.5407,-1.1746,54.7008,3.795
2022-01-07,44009,Washington,1.0806,-8.3452,69.3251,5.7724
2022-01-08,44009,Washington,0.8341,-10.294,41.9395,4.0214
2022-01-09,44009,Washington,7.5952,-2.8026,66.7425,6.7601
2022-01-10,44009,Washington,0.1144,-8.9477,60.2852,5.4953
2022-01-11,44009,Washington,-5.7473,-13.3308,43.3001,4.6296
2022-01-12,44009,Washington,6.1578,-8.6939,57.7297,5.1986
2022-01-13,44009,Washington,9.315,-1.4807,53.0128,1.9018
2022-01-14,44009,Washington,6.3,-13.0211,73.5612,7.237
2022-01-15,44009,Washington,-6.6306,-15.3447,38.9134,6.8318
2022-01-16,44009,Washington,7.3265,-14.7576,38.3697,4.7191
2022-01-17,44009,Washington,8.9517,-1.5044,68.9692,8.5999
2022-01-18,44009,Washington,1.1731,-7.4488,43.7816,7.3056
2022-01-19,44009,Washington,8.4058,-4.5918,54.9998,5.016
2022-01-20,44009,Washington,3.179,-9.376,70.0017,4.3763
2022-01-21,44009,Washington,-4.2356,-9.4069,37.7533,5.9386
2022-01-22,44009,Washington,-0.7875,-9.3903,48.9856,3.4363
2022-01-23,44009,Washington,1.8794,-7.0869,51.9269,3.5357
2022-01-24,44009,Washington,2.1289,-3.2295,52.0633,2.3092
2022-01-25,44009,Washington,5.7177,-6.29,64.1429,2.8953
2022-01-26,44009,Washington,-2.1382,-14.2393,39.2104,4.9955
2022-01-27,44009,Washington,-0.9166,-13.7237,48.348,2.7431
2022-01-28,44009,Washington,1.5394,-3.6155,60.2767,3.4853
2022-01-29,44009,Washington,-4.3893,-12.5424,76.8051,9.7056
2022-01-30,44009,Washington,-3.9908,-18.2989,52.6515,5.3931
2022-01-31,44009,Washington,-0.3246,-18.4452,46.5578,2.4631
2022-02-01,44009,Washington,2.1875,-13.554,69.4915,3.5109
2022-02-02,44009,Washington,7.6007,-0.5083,58.6432,1.8847
2022-02-03,44009,Washington,10.552,3.6124,57.4893,2.4067
2022-02-04,44009,Washington,10.4541,-4.6559,62.3861,4.2177
2022-02-05,44009,Washington,-2.7794,-11.6724,62.2729,5.3303
2022-02-06,44009,Washington,-1.4398,-10.9915,58.19,2.9249
2022-02-07,44009,Washington,6.2328,-2.9344,67.5298,2.522
2022-02-08,44009,Washington,6.8893,-3.5779,69.436,3.7659
2022-02-09,44009,Washington,5.3974,-3.8602,54.889,2.7514
2022-02-10,44009,Washington,10.8305,-2.6796,56.6859,3.8354
2022-02-11,44009,Washington,11.4418,-1.6779,53.0392,2.9274
2022-02-12,44009,Washington,14.8374,-1.4995,51.9001,4.5758
2022-02-13,44009,Washington,-0.0242,-7.0857,76.9627,4.1654
2022-02-14,44009,Washington,-5.0911,-15.3729,63.9041,5.9763
2022-02-15,44009,Washington,-2.3564,-15.2276,45.7767,4.2395
2022-02-16,44009,Washington,9.1299,-10.5448,56.1565,5.1328
2022-02-17,44009,Washington,14.1098,8.8138,50.3476,7.0428
2022-02-18,44009,Washington,13.7563,-9.2685,58.934,7.3789
2022-02-19,44009,Washington,4.3925,-9.9535,45.9119,6.1583
2022-02-20,44009,Washington,1.5631,-8.8188,45.2402,5.6357
2022-02-21,44009,Washington,10.5994,-2.4203,53.928,3.7771
2022-02-22,44009,Washington,12.6033,-0.1184,70.5181,5.0606
2022-02-23,44009,Washington,17.9285,-2.7871,62.268,5.9132
2022-02-24,44009,Washington,-0.0476,-2.9572,31.4854,3.42
2022-02-25,44009,Washington,2.1707,-8.5374,80.9458,4.644
2022-02-26,44009,Washington,0.7268,-8.9012,53.3525,3.5094
2022-02-27,44009,Washington,5.181,-6.9981,55.5334,6.1406
2022-02-28,44009,Washington,0.0932,-8.6551,42.526,4.3385
2022-03-01,44009,Washington,5.9521,-5.2022,61.8213,3.2752
2022-03-02,44009,Washington,7.1903,-1.2854,59.7873,3.1907
2022-03-03,44009,Washington,5.3727,-9.803,60.3951,5.4676
2022-03-04,44009,Washington,0.769,-8.684,43.7542,3.8239
2022-03-05,44009,Washington,7.5421,-5.4862,47.5978,2.6786
2022-03-06,44009,Washington,14.796,6.0858,67.2905,5.5765
2022-03-07,44009,Washington,15.2678,3.078,77.4696,4.7761
2022-03-08,44009,Washington,6.9006,-1.9414,51.3242,5.0864
2022-03-09,44009,Washington,3.5083,-3.226,70.9649,3.4472
2022-03-10,44009,Washington,9.9271,-3.2406,60.7751,1.7396
2022-03-11,44009,Washington,10.752,-0.9175,64.7463,2.3176
2022-03-12,44009,Washington,9.3712,-6.2886,80.7243,5.3668
2022-03-13,44009,Washington,1.9667,-5.1994,44.8013,7.5857
2022-03-14,44009,Washington,10.9309,-0.1935,50.3801,4.2448
2022-03-15,44009,Washington,15.9916,0.1995,53.6977,2.8499
2022-03-16,44009,Washington,13.216,0.7242,61.7532,1.9512
2022-03-17,44009,Washington,13.0416,5.2999,70.7744,2.7262
2022-03-18,44009,Washington,20.4331,5.9716,54.928,2.445
2022-03-19,44009,Washington,13.8424,7.4457,78.733,3.7903
2022-03-20,44009,Washington,16.4066,4.0432,63.2007,3.9803
2022-03-21,44009,Washington,14.6774,2.1964,40.4003,5.5992
2022-03-22,44009,Washington,12.1233,-2.5766,37.7911,5.1565
2022-03-23,44009,Washington,8.1883,1.1985,45.4311,3.0231
2022-03-24,44009,Washington,7.3805,3.2083,82.6207,5.227
2022-03-25,44009,Washington,13.4365,2.958,67.9452,3.5995
2022-03-26,44009,Washington,12.1838,2.7944,61.9009,3.589
2022-03-27,44009,Washington,8.6016,-5.1322,62.6455,5.1511
2022-03-28,44009,Washington,-0.4869,-8.4187,32.61,7.1843
2022-03-29,44009,Washington,3.583,-5.9268,34.9932,5.7818
2022-03-30,44009,Washington,8.7318,-1.0749,40.9835,3.921
2022-03-31,44009,Washington,15.1447,7.2207,70.2599,6.1319
2022-04-01,44009,Washington,14.3499,2.9455,66.4171,5.755
2022-04-02,44009,Washington,11.9692,-0.3961,45.1695,4.4337
2022-04-03,44009,Washington,10.2436,2.1333,63.8808,1.7748
2022-04-04,44009,Washington,13.4392,0.1658,49.5196,3.768
2022-04-05,44009,Washington,13.3035,4.8722,49.537,2.0265
2022-04-06,44009,Washington,9.0437,4.7273,77.7076,5.7131
2022-04-07,44009,Washington,11.935,7.372,68.569,6.5862
2022-04-08,44009,Washington,16.6937,4.7529,63.2049,4.2209
2022-04-09,44009,Washington,14.2713,2.2091,66.7973,3.6731
2022-04-10,44009,Washington,12.2412,3.0791,51.5434,4.7894
2022-04-11,44009,Washington,15.1186,6.0877,43.3544,4.2826
2022-04-12,44009,Washington,20.1657,3.2351,57.3478,3.1441
2022-04-13,44009,Washington,19.5999,8.292,52.1898,2.3708
2022-04-14,44009,Washington,18.5741,7.4099,73.0825,2.0245
2022-04-15,44009,Washington,19.1134,9.6974,41.0588,4.1469
2022-04-16,44009,Washington,17.2596,3.3907,67.7543,4.9064
2022-04-17,44009,Washington,9.4396,-1.0849,60.9938,4.2947
2022-04-18,44009,Washington,12.5539,5.4518,46.5347,5.0327
2022-04-19,44009,Washington,10.7956,4.0299,71.407,8.4035
2022-04-20,44009,Washington,14.2918,-0.0263,46.9716,4.5256
2022-04-21,44009,Washington,14.2669,5.8759,57.1553,4.4516
2022-04-22,44009,Washington,19.2855,2.1376,47.8899,3.6821
2022-04-23,44009,Washington,16.5562,7.9652,41.9023,2.2295
2022-04-24,44009,Washington,11.8633,2.6504,58.0357,2.739
2022-04-25,44009,Washington,15.3605,5.5855,47.4589,2.3616
2022-04-26,44009,Washington,12.3624,8.2484,74.1488,2.6327
2022-04-27,44009,Washington,14.3067,3.4065,60.1805,5.5188
2022-04-28,44009,Washington,12.3728,2.6552,40.9516,6.1475
2022-04-29,44009,Washington,15.5539,1.4092,34.4986,4.866
2022-04-30,44009,Washington,16.5115,1.644,42.4971,2.5216
2022-05-01,44009,Washington,17.3011,3.6971,49.7674,1.9995
2022-05-02,44009,Washington,12.3008,7.7101,71.8302,2.9559
2022-05-03,44009,Washington,13.2257,8.1057,71.7327,3.5461
2022-05-04,44009,Washington,14.5502,8.4155,78.9961,2.4757
2022-05-05,44009,Washington,19.899,7.7871,58.7508,2.4651
2022-05-06,44009,Washington,16.4901,8.4678,67.5611,2.2854
2022-05-07,44009,Washington,10.4141,6.0304,76.1819,7.4693
2022-05-08,44009,Washington,12.714,5.264,57.3857,7.734
2022-05-09,44009,Washington,14.7337,7.2963,48.5632,7.5919
2022-05-10,44009,Washington,16.4719,8.4165,50.1624,7.0263
2022-05-11,44009,Washington,19.9515,10.8551,51.9252,5.1196
2022-05-12,44009,Washington,23.1316,12.8417,59.1698,2.6057
2022-05-13,44009,Washington,22.8417,14.876,63.1095,1.9852
2022-05-14,44009,Washington,25.2358,14.5158,64.1107,2.8934
2022-05-15,44009,Washington,21.5699,12.8816,71.186,2.7536
2022-05-16,44009,Washington,22.3523,12.0053,72.7675,3.6339
2022-05-17,44009,Washington,21.9105,10.0681,54.735,5.313
2022-05-18,44009,Washington,21.742,11.0411,43.5405,3.6727
2022-05-19,44009,Washington,12.974,9.1218,79.2389,2.6878
2022-05-20,44009,Washington,19.6393,12.1864,69.2543,2.9734
2022-05-21,44009,Washington,28.2051,14.5231,64.9594,2.4814
2022-05-22,44009,Washington,28.0101,16.0681,69.344,2.9584
2022-05-23,44009,Washington,22.4729,12.003,62.8315,2.7132
2022-05-24,44009,Washington,18.4836,6.3392,65.8051,2.45
2022-05-25,44009,Washington,17.5019,6.4847,66.8726,1.7787
2022-05-26,44009,Washington,18.3605,12.0595,62.7358,3.3036
2022-05-27,44009,Washington,21.251,15.9563,79.1169,4.3984
2022-05-28,44009,Washington,20.8856,11.3062,87.7999,3.3608
2022-05-29,44009,Washington,22.6821,10.4579,68.6818,2.0077
2022-05-30,44009,Washington,27.2232,17.2585,60.0136,3.7511
2022-05-31,44009,Washington,30.3325,11.7312,62.121,3.1796
2022-06-01,44009,Washington,18.2879,13.1629,72.2147,2.886
2022-06-02,44009,Washington,22.4132,13.3792,76.6266,1.6989
2022-06-03,44009,Washington,22.8155,13.522,69.6923,1.4318
2022-06-04,44009,Washington,21.2511,8.4138,79.6233,2.2276
2022-06-05,44009,Washington,23.1472,8.5964,51.6124,2.3184
2022-06-06,44009,Washington,25.3446,10.8027,54.0004,1.7662
2022-06-07,44009,Washington,23.5587,16.7613,63.7538,4.1788
2022-06-08,44009,Washington,26.7856,15.9658,70.6215,3.5329
2022-06-09,44009,Washington,26.9951,12.4583,72.2392,4.6469
2022-06-10,44009,Washington,24.9978,13.864,60.3709,3.2166
2022-06-11,44009,Washington,24.9745,14.9013,62.4106,1.839
2022-06-12,44009,Washington,22.5977,17.5508,70.2959,2.7877
2022-06-13,44009,Washington,27.7066,14.0833,74.7842,2.9222
2022-06-14,44009,Washington,26.6801,13.6117,61.9235,1.758
2022-06-15,44009,Washington,24.4207,11.7676,71.3699,2.1925
2022-06-16,44009,Washington,21.7606,17.4349,67.8043,3.7824
2022-06-17,44009,Washington,27.5375,14.4941,77.8618,4.597
2022-06-18,44009,Washington,21.5918,9.9817,64.6995,4.7335
2022-06-19,44009,Washington,19.2279,9.9559,58.372,4.154
2022-06-20,44009,Washington,25.2587,10.0413,49.0068,1.9834
2022-06-21,44009,Washington,23.6477,14.8181,61.2179,1.8574
2022-06-22,44009,Washington,21.4265,14.1661,73.721,2.6706
2022-06-23,44009,Washington,23.5942,10.9886,73.9744,2.8256
2022-06-24,44009,Washington,25.191,14.6681,70.2997,2.0981
2022-06-25,44009,Washington,30.0835,15.7073,63.8543,1.7278
2022-06-26,44009,Washington,29.4181,18.5552,65.1195,3.0936
2022-06-27,44009,Washington,22.0823,12.9298,97.9029,4.2393
2022-06-28,44009,Washington,25.4833,12.8676,65.7845,2.364
2022-06-29,44009,Washington,26.9807,14.4466,64.3583,2.9097
2022-06-30,44009,Washington,27.2995,15.6641,62.9729,2.0251
2022-07-01,44009,Washington,28.1341,19.7266,74.6679,4.3854
2022-07-02,44009,Washington,27.2963,19.0142,85.6993,3.9959
2022-07-03,44009,Washington,28.1303,13.9757,71.0182,2.418
2022-07-04,44009,Washington,27.1449,14.5701,56.9717,2.4751
2022-07-05,44009,Washington,24.9559,18.3888,75.1977,3.5632
2022-07-06,44009,Washington,28.9241,14.5809,74.6186,2.9181
2022-07-07,44009,Washington,25.254,13.7406,76.1694,2.0193
2022-07-08,44009,Washington,26.5107,17.2625,74.0509,2.7245
2022-07-09,44009,Washington,27.5377,12.9253,65.2679,1.8221
2022-07-10,44009,Washington,25.8983,12.4811,58.3163,2.0952
2022-07-11,44009,Washington,26.4226,17.4839,63.7091,3.9252
2022-07-12,44009,Washington,26.5473,19.0708,76.8757,5.4524
2022-07-13,44009,Washington,30.7966,17.6854,64.6375,2.1648
2022-07-14,44009,Washington,28.8379,15.4333,74.921,1.9186
2022-07-15,44009,Washington,27.6606,14.1575,59.3322,2.0153
2022-07-16,44009,Washington,26.859,19.1165,67.2606,2.4751
2022-07-17,44009,Washington,29.1375,21.1084,65.9603,2.4908
2022-07-18,44009,Washington,26.4036,21.5045,82.4836,3.5804
2022-07-19,44009,Washington,31.1328,19.9428,67.2202,4.4862
2022-07-20,44009,Washington,33.0683,21.554,61.9638,3.1741
2022-07-21,44009,Washington,30.2382,21.5846,77.2936,4.3793
2022-07-22,44009,Washington,32.9408,20.2935,60.7059,3.1089
2022-07-23,44009,Washington,33.4997,20.2364,56.9636,2.9734
2022-07-24,44009,Washington,32.4831,23.4571,62.434,4.4974
2022-07-25,44009,Washington,28.0896,18.7549,88.7108,5.5568
2022-07-26,44009,Washington,27.1374,13.6314,74.1224,2.5706
2022-07-27,44009,Washington,28.9207,16.7754,59.123,2.5236
2022-07-28,44009,Washington,28.2935,21.5505,72.4272,2.6202
2022-07-29,44009,Washington,30.9862,21.058,60.6551,3.7313
2022-07-30,44009,Washington,30.013,15.2382,59.3067,3.0218
2022-07-31,44009,Washington,28.0624,19.2149,56.7278,2.2985
2022-08-01,44009,Washington,23.8766,19.6453,85.5697,2.0679
2022-08-02,44009,Washington,30.038,20.0444,69.4159,3.3181
2022-08-03,44009,Washington,30.0454,18.2485,65.5615,2.2951
2022-08-04,44009,Washington,31.2232,21.7232,64.9786,3.1801
2022-08-05,44009,Washington,31.7175,21.9071,65.2878,2.8134
2022-08-06,44009,Washington,31.6662,23.2811,65.2826,3.9906
2022-08-07,44009,Washington,31.4917,23.7325,68.6769,5.3164
2022-08-08,44009,Washington,31.311,23.914,69.513,5.1425
2022-08-09,44009,Washington,32.834,19.5827,71.5779,3.7152
2022-08-10,44009,Washington,27.0675,19.7023,77.3512,1.7278
2022-08-11,44009,Washington,25.1835,18.8308,85.0651,2.0714
2022-08-12,44009,Washington,28.2149,15.557,60.5779,1.8433
2022-08-13,44009,Washington,25.9411,11.0451,59.2483,1.9791
2022-08-14,44009,Washington,27.0029,13.4811,57.5212,2.2146
2022-08-15,44009,Washington,26.7717,12.9049,62.548,1.995
2022-08-16,44009,Washington,26.8874,16.4891,57.7559,3.9279
2022-08-17,44009,Washington,25.1919,15.5577,65.6077,2.9645
2022-08-18,44009,Washington,27.9828,15.4366,58.9711,4.204
2022-08-19,44009,Washington,30.907,17.2477,50.5657,3.2156
2022-08-20,44009,Washington,30.4754,19.2131,56.9653,2.1316
2022-08-21,44009,Washington,27.8308,19.4277,64.8205,2.4729
2022-08-22,44009,Washington,23.8904,20.4106,83.5577,2.0086
2022-08-23,44009,Washington,26.6768,18.4944,81.574,1.901
2022-08-24,44009,Washington,29.8127,18.7493,68.6028,2.3076
2022-08-25,44009,Washington,30.9373,18.5122,62.3248,1.8115
2022-08-26,44009,Washington,29.4977,18.7131,75.2656,3.2505
2022-08-27,44009,Washington,28.0603,19.2333,76.371,2.0443
2022-08-28,44009,Washington,26.4666,16.1377,77.1302,2.7126
2022-08-29,44009,Washington,27.4474,19.986,75.4568,3.1826
2022-08-30,44009,Washington,28.5252,21.414,77.4124,3.689
2022-08-31,44009,Washington,28.0339,13.8959,77.0238,3.4151
2022-09-01,44009,Washington,27.021,11.2569,57.1414,3.5563
2022-09-02,44009,Washington,24.2793,11.2369,53.3023,2.1515
2022-09-03,44009,Washington,24.7916,13.7104,62.575,1.7944
2022-09-04,44009,Washington,27.5737,18.3533,68.5803,2.4202
2022-09-05,44009,Washington,24.8729,16.4708,85.769,2.7308
2022-09-06,44009,Washington,19.6078,16.4587,94.1066,4.1219
2022-09-07,44009,Washington,21.7779,14.1442,83.2855,4.5404
2022-09-08,44009,Washington,24.4015,12.6292,70.6342,3.5691
2022-09-09,44009,Washington,25.5606,13.04,66.0546,2.323
2022-09-10,44009,Washington,28.808,16.1952,59.583,2.2976
2022-09-11,44009,Washington,25.9619,17.3505,63.1787,2.2119
2022-09-12,44009,Washington,24.5915,18.6012,79.1476,1.0216
2022-09-13,44009,Washington,23.6698,13.9923,96.9046,2.4471
2022-09-14,44009,Washington,25.4278,14.3407,70.9338,3.8229
2022-09-15,44009,Washington,22.0176,6.7148,61.174,3.6253
2022-09-16,44009,Washington,22.0837,8.5013,53.4366,2.9873
2022-09-17,44009,Washington,21.295,12.2102,61.0526,2.3764
2022-09-18,44009,Washington,26.3092,16.9991,73.084,4.6302
2022-09-19,44009,Washington,23.7773,16.1394,82.7146,2.5282
2022-09-20,44009,Washington,23.4287,14.7342,75.9647,1.3031
2022-09-21,44009,Washington,21.9783,14.5583,72.7697,2.4973
2022-09-22,44009,Washington,22.7431,8.6745,93.2819,4.9954
2022-09-23,44009,Washington,16.5119,6.521,60.5517,6.6878
2022-09-24,44009,Washington,19.8756,7.1544,54.9885,4.6115
2022-09-25,44009,Washington,21.4113,11.2124,76.628,3.6267
2022-09-26,44009,Washington,21.9325,13.5113,78.848,4.0687
2022-09-27,44009,Washington,21.9615,7.6995,72.684,3.4977
2022-09-28,44009,Washington,20.8823,9.6363,64.1912,3.1323
2022-09-29,44009,Washington,19.3284,6.9936,64.4989,3.3979
2022-09-30,44009,Washington,17.659,9.4855,65.2427,3.5929
2022-10-01,44009,Washington,14.8966,10.955,76.2249,5.9668
2022-10-02,44009,Washington,14.3898,10.2509,69.951,8.4767
2022-10-03,44009,Washington,12.6296,10.4142,68.799,7.2686
2022-10-04,44009,Washington,13.9272,11.4832,77.8307,7.6539
2022-10-05,44009,Washington,15.8251,13.1658,77.0369,4.4468
2022-10-06,44009,Washington,23.1353,11.1487,66.7434,2.2894
2022-10-07,44009,Washington,23.271,8.7325,71.3342,3.0858
2022-10-08,44009,Washington,15.3305,1.6924,61.8485,3.0188
2022-10-09,44009,Washington,16.1367,3.3079,54.9466,3.8714
2022-10-10,44009,Washington,18.6793,5.2394,59.2185,2.2598
2022-10-11,44009,Washington,19.3565,7.1481,58.6743,1.8441
2022-10-12,44009,Washington,22.0587,10.4046,59.4704,2.6445
2022-10-13,44009,Washington,19.1847,16.0787,79.1944,5.8502
2022-10-14,44009,Washington,21.242,7.9603,78.4034,2.61
2022-10-15,44009,Washington,20.6492,7.3588,65.1178,2.286
2022-10-16,44009,Washington,20.4469,7.6007,66.6891,1.7907
2022-10-17,44009,Washington,18.0121,10.0021,73.0907,2.5976
2022-10-18,44009,Washington,16.843,2.3221,83.4795,3.0263
2022-10-19,44009,Washington,12.7195,2.8154,62.2118,4.5571
2022-10-20,44009,Washington,13.7748,2.9135,67.5905,5.1243
2022-10-21,44009,Washington,17.306,3.768,60.6803,2.0241
2022-10-22,44009,Washington,18.3023,5.7043,67.1493,1.5359
2022-10-23,44009,Washington,14.9514,10.3452,84.9304,4.0479
2022-10-24,44009,Washington,15.4307,12.3327,92.0435,3.1693
2022-10-25,44009,Washington,21.3792,15.7542,77.0221,2.5966
2022-10-26,44009,Washington,21.4762,12.8604,84.2783,2.3654
2022-10-27,44009,Washington,19.7404,5.0691,67.4057,4.559
2022-10-28,44009,Washington,12.9446,2.3492,64.3759,4.4819
2022-10-29,44009,Washington,16.0993,-0.1228,68.2429,2.3945
2022-10-30,44009,Washington,17.549,1.4044,62.9622,1.1443
2022-10-31,44009,Washington,17.7729,9.548,73.929,1.8676
2022-11-01,44009,Washington,17.1963,10.8124,79.659,2.9989
2022-11-02,44009,Washington,20.84,3.2779,56.3803,2.3526
2022-11-03,44009,Washington,17.9589,4.5674,57.3755,1.5818
2022-11-04,44009,Washington,20.7956,8.4094,65.9227,2.5153
2022-11-05,44009,Washington,22.5037,16.198,66.0454,4.265
2022-11-06,44009,Washington,22.1892,17.9477,66.6438,4.8619
2022-11-07,44009,Washington,24.2465,6.1235,58.1796,4.6893
2022-11-08,44009,Washington,13.1763,0.2097,42.9331,5.3399
2022-11-09,44009,Washington,11.3689,1.2015,53.4009,2.9463
2022-11-10,44009,Washington,17.5905,4.9439,64.2364,4.4799
2022-11-11,44009,Washington,20.5883,12.4405,72.9009,3.7628
2022-11-12,44009,Washington,22.4149,10.6383,69.5582,4.5241
2022-11-13,44009,Washington,10.8909,1.2808,82.7619,3.9484
2022-11-14,44009,Washington,7.684,-3.338,51.6896,3.9211
2022-11-15,44009,Washington,10.166,-1.6751,51.6091,3.341
2022-11-16,44009,Washington,13.7708,1.1741,71.1958,5.4195
2022-11-17,44009,Washington,8.0828,-1.3849,59.0123,5.8642
2022-11-18,44009,Washington,6.3718,-2.7803,57.3854,5.7147
2022-11-19,44009,Washington,5.5014,-3.7777,57.8125,4.9106
2022-11-20,44009,Washington,3.075,-6.3438,51.1667,6.4943
2022-11-21,44009,Washington,5.6135,-5.337,56.6682,5.942
2022-11-22,44009,Washington,8.8216,-1.079,54.5381,3.7489
2022-11-23,44009,Washington,11.2257,-2.8188,51.4505,3.4876
2022-11-24,44009,Washington,9.7152,-1.8049,58.7031,2.5981
2022-11-25,44009,Washington,11.5773,1.4648,72.817,5.1214
2022-11-26,44009,Washington,11.63,2.0918,50.9796,5.2542
2022-11-27,44009,Washington,15.4536,5.4245,65.0783,5.3603
2022-11-28,44009,Washington,12.3575,-1.7247,73.0754,5.2426
2022-11-29,44009,Washington,8.5812,-1.0729,55.2654,1.8811
2022-11-30,44009,Washington,14.5228,2.9873,71.626,6.3115
2022-12-01,44009,Washington,6.24,-3.3047,50.4417,6.5852
2022-12-02,44009,Washington,11.5782,-2.6489,46.055,2.7919
2022-12-03,44009,Washington,14.8246,-0.4897,77.9648,7.2475
2022-12-04,44009,Washington,6.5233,-4.188,55.4495,2.723
2022-12-05,44009,Washington,10.027,-2.8432,55.3284,2.3005
2022-12-06,44009,Washington,13.7978,6.635,62.7642,4.3276
2022-12-07,44009,Washington,14.5031,8.7986,76.6727,5.176
2022-12-08,44009,Washington,12.2811,-0.1577,64.9888,4.2683
2022-12-09,44009,Washington,8.4802,-0.564,43.6697,4.9635
2022-12-10,44009,Washington,2.5842,-0.8037,65.8109,5.53
2022-12-11,44009,Washington,1.7288,-2.9197,73.5747,5.0711
2022-12-12,44009,Washington,1.7165,-6.2491,66.785,4.8586
2022-12-13,44009,Washington,5.1539,-5.299,46.3508,4.2973
2022-12-14,44009,Washington,3.5751,-3.5518,52.2312,6.0027
2022-12-15,44009,Washington,6.2378,0.6079,63.2267,4.9343
2022-12-16,44009,Washington,7.4686,2.3373,70.9321,6.6944
2022-12-17,44009,Washington,7.2326,-0.9481,60.5771,5.9477
2022-12-18,44009,Washington,5.2583,-1.7904,50.8917,4.6477
2022-12-19,44009,Washington,5.1494,-1.5042,51.0421,5.5474
2022-12-20,44009,Washington,5.0666,-5.2246,51.4244,4.2039
2022-12-21,44009,Washington,4.6023,-5.1634,53.1591,1.3965
2022-12-22,44009,Washington,12.7729,-2.5012,57.139,5.174
2022-12-23,44009,Washington,13.645,-13.0809,78.9039,10.9639
2022-12-24,44009,Washington,-8.4237,-13.1302,57.9759,8.265
2022-12-25,44009,Washington,-2.7215,-10.2895,51.4774,6.58
2022-12-26,44009,Washington,-0.0826,-8.8457,49.047,4.1721
2022-12-27,44009,Washington,1.772,-5.4471,46.9732,3.8979
2022-12-28,44009,Washington,6.3431,-3.6239,57.4875,3.3463
2022-12-29,44009,Washington,10.5635,-0.0861,56.3703,3.0587
2022-12-30,44009,Washington,14.2163,2.7072,50.9928,3.1421
2022-12-31,44009,Washington,12.3488,6.0745,72.8956,3.2214
2023-01-01,44009,Washington,13.0654,-0.2653,67.8189,4.0627
2023-01-02,44009,Washington,9.2343,0.0157,64.8635,2.1023
2023-01-03,44009,Washington,11.5528,3.9938,67.17,2.4953
2023-01-04,44009,Washington,11.7491,6.498,70.6305,2.3047
2023-01-05,44009,Washington,7.9512,2.6833,74.5182,3.2579
2023-01-06,44009,Washington,4.1472,0.5189,76.3558,2.0615
2023-01-07,44009,Washington,6.9874,-2.9315,61.9619,3.318
2023-01-08,44009,Washington,3.5351,-3.404,49.944,2.9172
2023-01-09,44009,Washington,6.0905,-0.4765,56.8772,2.3515
2023-01-10,44009,Washington,5.753,-3.4531,51.8946,3.0234
2023-01-11,44009,Washington,3.628,-3.4955,50.5462,2.9689
2023-01-12,44009,Washington,13.7337,1.8439,54.0992,4.7834
2023-01-13,44009,Washington,12.5144,1.217,83.4448,5.0664
2023-01-14,44009,Washington,1.7908,0.2423,66.4161,6.2686
2023-01-15,44009,Washington,2.7133,-0.2714,51.9606,8.1232
2023-01-16,44009,Washington,2.041,-1.7118,58.0226,5.2788
2023-01-17,44009,Washington,9.0406,-1.0852,51.7658,3.5908
2023-01-18,44009,Washington,11.1933,0.3462,56.2607,4.787
2023-01-19,44009,Washington,5.7424,1.0084,66.8386,2.9285
2023-01-20,44009,Washington,3.29,0.5283,77.6673,2.3571
2023-01-21,44009,Washington,2.5437,-0.5025,58.5004,2.4003
2023-01-22,44009,Washington,6.2385,-0.3046,59.821,2.7917
2023-01-23,44009,Washington,3.1459,-1.0185,78.467,4.5613
2023-01-24,44009,Washington,4.965,-1.7266,53.2931,5.3616
2023-01-25,44009,Washington,12.5276,-1.3024,45.1541,4.5851
2023-01-26,44009,Washington,10.7418,-1.504,67.8029,7.6017
2023-01-27,44009,Washington,5.8272,-2.5986,51.9263,3.2173
2023-01-28,44009,Washington,10.2771,-0.1097,46.7527,4.3803
2023-01-29,44009,Washington,11.0111,-0.0787,62.5639,3.3509
2023-01-30,44009,Washington,10.8574,0.5678,57.6061,1.8313
2023-01-31,44009,Washington,3.6856,-5.2894,68.7332,2.1034
2023-02-01,44009,Washington,0.5595,-8.0133,48.3273,3.2235
2023-02-02,44009,Washington,1.9327,-5.8814,50.1306,3.7571
2023-02-03,44009,Washington,-3.1444,-22.0209,54.291,8.9046
2023-02-04,44009,Washington,0.0503,-21.4738,25.9478,6.0397
2023-02-05,44009,Washington,7.2179,-2.6381,60.1796,5.4174
2023-02-06,44009,Washington,9.1618,-3.1408,58.1695,4.4071
2023-02-07,44009,Washington,3.5505,-2.9028,54.5881,3.6203
2023-02-08,44009,Washington,8.8481,-2.8486,59.3536,3.9932
2023-02-09,44009,Washington,11.0864,-1.5359,60.0364,3.0645
2023-02-10,44009,Washington,16.2523,0.9129,53.3659,5.7833
2023-02-11,44009,Washington,6.7744,-4.1337,46.9838,4.1626
2023-02-12,44009,Washington,7.5932,-1.6895,52.3028,2.4495
2023-02-13,44009,Washington,7.7402,-0.0788,64.3157,3.593
2023-02-14,44009,Washington,10.5722,-2.0021,46.4095,3.3437
2023-02-15,44009,Washington,12.6911,2.3807,59.8278,4.4809
2023-02-16,44009,Washington,19.7357,8.1252,44.0932,3.0501
2023-02-17,44009,Washington,12.3084,-5.1003,85.9534,4.8146
2023-02-18,44009,Washington,3.1591,-4.7575,46.9006,4.4801
2023-02-19,44009,Washington,8.584,-1.9097,61.824,3.6448
2023-02-20,44009,Washington,12.687,2.2834,65.7023,3.1692
2023-02-21,44009,Washington,4.3306,-1.9818,84.1988,2.551
2023-02-22,44009,Washington,5.21,-1.0154,59.7394,2.6128
2023-02-23,44009,Washington,2.9089,0.002,72.4494,4.0762
2023-02-24,44009,Washington,5.1085,-9.6091,55.8657,5.4814
2023-02-25,44009,Washington,2.3477,-7.8204,36.4027,1.8338
2023-02-26,44009,Washington,9.067,-0.9657,44.1471,3.6082
2023-02-27,44009,Washington,12.3583,2.3178,27.5754,3.6169
2023-02-28,44009,Washington,11.2916,-2.7178,52.1641,4.6731
2023-03-01,44009,Washington,2.8971,-5.4875,82.6527,2.8272
2023-03-02,44009,Washington,8.726,-1.5046,80.5684,4.3433
2023-03-03,44009,Washington,7.8299,-0.482,50.3539,3.4694
2023-03-04,44009,Washington,4.892,-1.1345,79.1102,6.1139
2023-03-05,44009,Washington,9.3785,0.6626,52.0924,4.0172
2023-03-06,44009,Washington,10.8201,2.0749,36.6209,5.6749
2023-03-07,44009,Washington,7.2878,-1.213,37.5084,5.2514
2023-03-08,44009,Washington,9.4642,0.4239,43.9836,5.5194
2023-03-09,44009,Washington,10.784,-2.2656,47.7983,3.5598
2023-03-10,44009,Washington,9.8068,-0.0705,51.0942,1.7795
2023-03-11,44009,Washington,4.5538,-0.6296,70.9177,5.3414
2023-03-12,44009,Washington,7.9955,0.2001,52.9574,2.7016
2023-03-13,44009,Washington,7.173,3.6271,68.5873,4.6726
2023-03-14,44009,Washington,6.5766,1.262,75.4103,5.9625
2023-03-15,44009,Washington,5.8944,-0.0828,52.2299,7.2915
2023-03-16,44009,Washington,11.4838,-0.3138,41.4754,4.0533
2023-03-17,44009,Washington,11.7164,2.9285,62.7852,3.8533
2023-03-18,44009,Washington,11.5479,-1.4187,72.7268,3.1246
2023-03-19,44009,Washington,4.5482,-4.2184,43.3271,6.0997
2023-03-20,44009,Washington,8.6481,-3.155,45.6346,4.4845
2023-03-21,44009,Washington,14.2986,-1.1903,43.3996,3.3646
2023-03-22,44009,Washington,14.0341,3.1676,50.987,2.4551
2023-03-23,44009,Washington,13.6635,5.2476,71.0847,4.0549
2023-03-24,44009,Washington,12.838,0.1662,55.2006,3.0753
2023-03-25,44009,Washington,7.3978,3.2009,65.871,5.1008
2023-03-26,44009,Washington,15.3857,-0.8481,50.3081,4.0078
2023-03-27,44009,Washington,13.9441,2.173,48.9641,2.3706
2023-03-28,44009,Washington,8.4998,-0.9399,73.1067,1.5714
2023-03-29,44009,Washington,10.0688,-1.1806,51.243,2.6738
2023-03-30,44009,Washington,6.1134,-4.4211,45.1836,5.0593
2023-03-31,44009,Washington,10.125,0.0632,50.8959,3.3998
2023-04-01,44009,Washington,13.2362,6.2714,87.1496,4.8403
2023-04-02,44009,Washington,10.8526,-3.8144,53.5091,4.5505
2023-04-03,44009,Washington,10.6371,1.0361,52.8195,3.8063
2023-04-04,44009,Washington,18.7841,8.7724,59.2365,2.3754
2023-04-05,44009,Washington,10.0622,5.1293,78.5255,4.6517
2023-04-06,44009,Washington,16.8037,7.5833,75.9972,2.5295
2023-04-07,44009,Washington,14.9327,-0.3723,47.7639,4.9218
2023-04-08,44009,Washington,10.4104,-1.7988,40.2416,2.6523
2023-04-09,44009,Washington,10.4274,-1.3024,47.2855,2.1846
2023-04-10,44009,Washington,15.9495,1.2424,45.6291,3.2705
2023-04-11,44009,Washington,21.6263,9.5817,36.252,4.9294
2023-04-12,44009,Washington,25.6282,7.3316,37.2385,4.472
2023-04-13,44009,Washington,28.8111,9.9989,39.7074,3.3151
2023-04-14,44009,Washington,31.0363,9.5347,37.6988,2.1796
2023-04-15,44009,Washington,20.5846,11.0596,63.2455,2.159
2023-04-16,44009,Washington,18.8484,10.5264,71.1501,1.6664
2023-04-17,44009,Washington,13.9833,7.0914,87.5666,3.9792
2023-04-18,44009,Washington,14.0234,2.2414,57.9955,4.9998
2023-04-19,44009,Washington,12.1072,2.35,51.2941,4.5862
2023-04-20,44009,Washington,15.4889,4.4252,47.5063,2.192
2023-04-21,44009,Washington,15.679,7.6071,55.9742,3.6502
2023-04-22,44009,Washington,13.5716,9.7491,67.3556,6.1621
2023-04-23,44009,Washington,12.5051,4.1595,88.4,4.6062
2023-04-24,44009,Washington,15.5094,2.4406,63.3905,2.5384
2023-04-25,44009,Washington,15.4786,4.3448,56.6787,1.4013
2023-04-26,44009,Washington,13.4489,3.2081,66.3166,1.9678
2023-04-27,44009,Washington,13.2929,3.5509,67.8038,1.7184
2023-04-28,44009,Washington,15.6048,6.5956,58.8286,2.5836
2023-04-29,44009,Washington,13.6824,8.4375,69.2649,6.359
2023-04-30,44009,Washington,15.684,10.3062,78.293,5.44
2023-05-01,44009,Washington,16.1726,6.0275,71.992,5.2452
2023-05-02,44009,Washington,12.8653,2.993,79.9569,4.3555
2023-05-03,44009,Washington,14.1655,5.5253,65.0666,2.3573
2023-05-04,44009,Washington,11.5938,6.1008,71.7687,2.7981
2023-05-05,44009,Washington,15.9031,4.8005,63.9452,2.0747
2023-05-06,44009,Washington,22.6067,7.192,47.934,3.4191
2023-05-07,44009,Washington,23.7945,11.4392,44.7275,3.5634
2023-05-08,44009,Washington,23.8902,5.5724,52.9183,3.1627
2023-05-09,44009,Washington,17.2846,2.7779,55.2044,1.998
2023-05-10,44009,Washington,20.5801,6.9991,48.6847,3.3064
2023-05-11,44009,Washington,25.2401,9.4117,48.2266,3.4056
2023-05-12,44009,Washington,27.5931,13.9786,48.3745,3.3848
2023-05-13,44009,Washington,27.1391,8.4536,52.6603,2.7708
2023-05-14,44009,Washington,18.1133,4.2163,54.877,3.0303
2023-05-15,44009,Washington,21.8461,9.4922,46.7574,4.0957
2023-05-16,44009,Washington,23.6363,10.9248,52.9029,4.5906
2023-05-17,44009,Washington,16.1585,-0.4316,56.2855,4.2206
2023-05-18,44009,Washington,14.2777,3.103,46.5834,2.8455
2023-05-19,44009,Washington,17.2524,9.2773,62.9278,3.5701
2023-05-20,44009,Washington,17.1576,13.8566,77.7181,4.4278
2023-05-21,44009,Washington,21.8291,10.0137,65.6528,2.6269
2023-05-22,44009,Washington,20.1689,6.8781,65.3907,3.0848
2023-05-23,44009,Washington,17.539,4.4634,73.1482,2.894
2023-05-24,44009,Washington,19.144,9.0954,60.6943,2.0128
2023-05-25,44009,Washington,19.1978,4.5278,56.4927,3.3234
2023-05-26,44009,Washington,21.7938,6.3039,47.6091,1.995
2023-05-27,44009,Washington,23.1139,8.986,51.5143,2.0836
2023-05-28,44009,Washington,24.961,11.0492,55.9192,3.555
2023-05-29,44009,Washington,21.5658,5.0229,66.4641,4.2026
2023-05-30,44009,Washington,18.7977,6.9382,61.5981,2.4705
2023-05-31,44009,Washington,21.4855,8.562,62.0921,1.4979
2023-06-01,44009,Washington,26.3289,12.6962,60.6507,1.9765
2023-06-02,44009,Washington,27.6537,11.612,69.7343,1.388
2023-06-03,44009,Washington,13.9175,7.5674,86.1362,6.0141
2023-06-04,44009,Washington,14.4644,9.275,66.8695,3.959
2023-06-05,44009,Washington,18.095,10.322,67.7933,3.3216
2023-06-06,44009,Washington,22.939,8.5538,63.8922,3.3391
2023-06-07,44009,Washington,20.1899,9.1564,63.7148,3.0439
2023-06-08,44009,Washington,19.421,8.0024,67.3052,1.7606
2023-06-09,44009,Washington,19.8908,10.5592,66.3703,1.5598
2023-06-10,44009,Washington,21.4975,10.398,66.0935,1.965
2023-06-11,44009,Washington,25.3632,14.2682,61.5554,2.1117
2023-06-12,44009,Washington,24.1426,17.0889,74.5077,3.1312
2023-06-13,44009,Washington,24.3086,12.4117,82.2636,3.15
2023-06-14,44009,Washington,23.6715,13.1109,75.081,3.418
2023-06-15,44009,Washington,24.4194,13.3737,67.8812,3.5115
2023-06-16,44009,Washington,26.5046,14.6728,62.1436,2.2385
2023-06-17,44009,Washington,20.8176,13.3952,76.0235,2.3596
2023-06-18,44009,Washington,24.5687,14.1593,62.9886,2.4826
2023-06-19,44009,Washington,22.3959,11.7822,75.9796,2.1873
2023-06-20,44009,Washington,20.6825,10.7747,77.1253,3.0385
2023-06-21,44009,Washington,21.2441,12.7995,67.5407,3.7837
2023-06-22,44009,Washington,22.536,15.2926,66.428,3.6011
2023-06-23,44009,Washington,24.1491,17.4456,72.1552,1.7656
2023-06-24,44009,Washington,23.6636,18.3609,79.6508,2.5288
2023-06-25,44009,Washington,27.0225,18.4289,72.23,2.0349
2023-06-26,44009,Washington,26.2471,19.1427,72.8046,3.1002
2023-06-27,44009,Washington,23.9864,19.0244,79.8185,4.1167
2023-06-28,44009,Washington,24.0443,17.8487,80.027,2.6464
2023-06-29,44009,Washington,26.1063,15.2844,74.9775,2.1452
2023-06-30,44009,Washington,26.4681,15.7835,73.6931,2.2815
2023-07-01,44009,Washington,26.6845,17.1808,75.1624,2.2181
2023-07-02,44009,Washington,25.7909,19.7122,81.4979,2.9478
2023-07-03,44009,Washington,29.8517,20.7507,74.9029,2.1694
2023-07-04,44009,Washington,27.248,19.5636,76.6159,1.1505
2023-07-05,44009,Washington,29.6109,19.9895,72.3723,1.7156
2023-07-06,44009,Washington,30.3977,20.3578,72.7313,2.2418
2023-07-07,44009,Washington,27.3423,20.8597,77.4584,1.8333
2023-07-08,44009,Washington,28.7764,21.0168,74.7786,1.319
2023-07-09,44009,Washington,26.5152,20.0542,81.8959,2.6417
2023-07-10,44009,Washington,24.115,16.9955,91.198,2.3391
2023-07-11,44009,Washington,29.8762,17.8346,66.0061,2.8603
2023-07-12,44009,Washington,31.0893,18.8624,68.2744,2.1081
2023-07-13,44009,Washington,29.2297,19.4389,81.3006,3.3152
2023-07-14,44009,Washington,25.7875,20.8134,85.6797,2.5218
2023-07-15,44009,Washington,28.3978,22.7681,79.7884,2.7316
2023-07-16,44009,Washington,25.5586,21.8811,86.0507,4.0088
2023-07-17,44009,Washington,30.1801,21.7414,75.1524,2.293
2023-07-18,44009,Washington,28.0897,21.3264,82.8519,2.4997
2023-07-19,44009,Washington,28.0541,18.013,82.9225,2.3491
2023-07-20,44009,Washington,29.431,18.4576,67.4713,1.5349
2023-07-21,44009,Washington,26.6529,17.8523,82.023,2.2945
2023-07-22,44009,Washington,28.3992,16.5756,76.0471,1.4165
2023-07-23,44009,Washington,29.1389,17.0248,68.0777,2.1938
2023-07-24,44009,Washington,28.6076,18.6756,72.6885,2.423
2023-07-25,44009,Washington,28.9079,17.0352,80.8848,2.4512
2023-07-26,44009,Washington,30.0452,20.2502,68.0284,2.8958
2023-07-27,44009,Washington,29.8803,20.3805,85.6087,4.7077
2023-07-28,44009,Washington,31.1765,21.2055,76.466,2.5465
2023-07-29,44009,Washington,29.4108,16.0393,89.4401,3.9471
2023-07-30,44009,Washington,24.6786,12.797,65.6501,3.1427
2023-07-31,44009,Washington,27.0312,14.3935,65.4856,2.3893
2023-08-01,44009,Washington,25.4047,10.9018,66.9968,2.2546
2023-08-02,44009,Washington,24.8351,11.7823,60.4613,1.8248
2023-08-03,44009,Washington,24.9694,16.9183,68.5828,3.2644
2023-08-04,44009,Washington,25.5814,19.2598,73.8773,3.8905
2023-08-05,44009,Washington,27.5488,14.2467,79.4014,1.0489
2023-08-06,44009,Washington,26.8057,15.4455,72.4111,2.0194
2023-08-07,44009,Washington,24.1567,19.1183,88.0268,3.162
2023-08-08,44009,Washington,27.9087,19.1582,77.4726,4.062
2023-08-09,44009,Washington,28.0346,15.6443,68.8888,4.5749
2023-08-10,44009,Washington,26.4523,17.8168,76.9507,2.9368
2023-08-11,44009,Washington,27.2795,13.6389,74.0505,3.2871
2023-08-12,44009,Washington,26.9232,18.5446,71.7419,2.0588
2023-08-13,44009,Washington,27.7632,17.1618,84.3448,3.1731
2023-08-14,44009,Washington,27.1563,18.9222,70.6816,2.2033
2023-08-15,44009,Washington,22.3412,18.8692,92.9198,2.0695
2023-08-16,44009,Washington,22.5846,18.7295,90.3647,1.3956
2023-08-17,44009,Washington,23.9496,19.9595,82.3878,2.7715
2023-08-18,44009,Washington,26.5578,13.8941,86.418,3.5669
2023-08-19,44009,Washington,23.4931,13.1496,71.3966,3.9439
2023-08-20,44009,Washington,27.068,15.984,66.3376,3.0631
2023-08-21,44009,Washington,28.9872,17.3516,70.1049,1.9383
2023-08-22,44009,Washington,25.1526,13.2473,67.9752,3.2728
2023-08-23,44009,Washington,24.6451,11.3177,63.0383,1.9488
2023-08-24,44009,Washington,23.3194,16.5703,74.6978,2.7976
2023-08-25,44009,Washington,22.3492,19.5647,87.3256,4.5165
2023-08-26,44009,Washington,28.4726,16.6728,81.6271,1.7276
2023-08-27,44009,Washington,25.8146,17.4931,75.9773,2.305
2023-08-28,44009,Washington,22.939,16.191,82.2745,2.3445
2023-08-29,44009,Washington,23.6813,18.4893,81.7607,2.0383
2023-08-30,44009,Washington,26.1494,15.7275,85.4024,3.192
2023-08-31,44009,Washington,23.8928,10.6258,61.6369,3.8925
2023-09-01,44009,Washington,23.2795,9.4964,62.8087,2.2749
2023-09-02,44009,Washington,23.9157,14.4286,70.0978,3.6287
2023-09-03,44009,Washington,28.7407,16.2037,71.2965,2.8377
2023-09-04,44009,Washington,29.9614,17.787,72.0005,1.1339
2023-09-05,44009,Washington,31.6029,19.303,72.2986,1.4241
2023-09-06,44009,Washington,31.6757,19.1993,75.3092,1.8185
2023-09-07,44009,Washington,32.4279,20.5092,70.399,1.9982
2023-09-08,44009,Washington,28.4887,22.5555,78.9441,2.6442
2023-09-09,44009,Washington,28.9026,21.2998,75.7435,1.9278
2023-09-10,44009,Washington,26.8665,20.1721,77.049,1.8691
2023-09-11,44009,Washington,25.5773,19.7955,72.7123,1.5354
2023-09-12,44009,Washington,27.0121,18.1043,77.8369,1.3241
2023-09-13,44009,Washington,25.0069,16.8098,85.2455,2.2754
2023-09-14,44009,Washington,25.3683,12.9225,71.449,2.452
2023-09-15,44009,Washington,20.7202,14.2174,66.1519,5.8176
2023-09-16,44009,Washington,22.1518,9.1218,69.3761,5.1572
2023-09-17,44009,Washington,24.2195,13.8143,60.9282,2.7263
2023-09-18,44009,Washington,19.3078,13.9035,86.2954,3.1728
2023-09-19,44009,Washington,22.6531,10.0004,73.9841,4.0529
2023-09-20,44009,Washington,22.5258,7.7454,66.9467,2.7353
2023-09-21,44009,Washington,22.7444,9.2815,63.2977,1.9466
2023-09-22,44009,Washington,21.5577,11.833,68.5337,4.1027
2023-09-23,44009,Washington,16.3156,13.0618,84.2256,6.2765
2023-09-24,44009,Washington,17.1022,15.0649,85.456,5.8862
2023-09-25,44009,Washington,16.2697,13.8942,87.6876,6.4968
2023-09-26,44009,Washington,16.1991,6.3685,88.9337,5.5699
2023-09-27,44009,Washington,19.5621,7.2157,69.3326,3.8716
2023-09-28,44009,Washington,20.3879,10.7526,72.5364,3.7803
2023-09-29,44009,Washington,16.2329,12.8656,88.516,4.8678
2023-09-30,44009,Washington,16.0709,11.4618,86.8267,4.6357
2023-10-01,44009,Washington,22.0258,11.3576,63.7626,2.864
2023-10-02,44009,Washington,22.9849,6.8017,67.4874,2.1757
2023-10-03,44009,Washington,25.3622,11.3674,62.2206,2.5534
2023-10-04,44009,Washington,27.9678,14.4689,61.5346,1.5542
2023-10-05,44009,Washington,23.3643,15.6404,66.1181,2.42
2023-10-06,44009,Washington,22.5613,17.8712,71.6601,2.9727
2023-10-07,44009,Washington,21.254,9.6469,86.3338,3.4942
2023-10-08,44009,Washington,17.3609,5.6894,72.2096,5.5738
2023-10-09,44009,Washington,16.455,6.6649,60.0898,4.1201
2023-10-10,44009,Washington,18.443,8.0406,62.3225,2.1742
2023-10-11,44009,Washington,20.2267,6.8303,67.8367,2.0674
2023-10-12,44009,Washington,20.2635,6.4182,64.812,1.517
2023-10-13,44009,Washington,17.7766,5.5678,54.7477,3.46
2023-10-14,44009,Washington,16.1951,8.2258,63.5645,2.257
2023-10-15,44009,Washington,15.6642,7.6662,62.9848,3.966
2023-10-16,44009,Washington,15.5222,5.7756,65.8053,3.1456
2023-10-17,44009,Washington,16.613,7.8375,64.9952,1.0529
2023-10-18,44009,Washington,16.706,7.2727,68.4373,1.1396
2023-10-19,44009,Washington,17.4631,8.5219,70.9107,2.9065
2023-10-20,44009,Washington,17.925,12.5861,79.4005,3.9614
2023-10-21,44009,Washington,15.815,10.5548,83.3499,4.1529
2023-10-22,44009,Washington,14.5244,5.2765,69.1388,6.1136
2023-10-23,44009,Washington,17.0867,4.829,58.0079,3.2189
2023-10-24,44009,Washington,16.1063,6.815,65.8999,2.2479
2023-10-25,44009,Washington,21.2921,11.1658,64.1327,3.6848
2023-10-26,44009,Washington,24.6716,12.3694,55.7979,2.3647
2023-10-27,44009,Washington,21.1661,11.3133,71.529,2.8432
2023-10-28,44009,Washington,25.7271,11.9109,61.2334,3.3392
2023-10-29,44009,Washington,12.6176,9.1987,74.7717,4.1862
2023-10-30,44009,Washington,14.359,5.4858,88.5654,3.4293
2023-10-31,44009,Washington,10.4628,3.2982,55.499,3.4818
2023-11-01,44009,Washington,8.3877,-2.7564,67.5143,3.6207
2023-11-02,44009,Washington,8.0507,-1.8533,52.572,2.7357
2023-11-03,44009,Washington,12.4604,1.2462,66.3367,3.7805
2023-11-04,44009,Washington,15.6237,3.8236,66.875,2.1922
2023-11-05,44009,Washington,16.8808,3.5691,57.8317,1.919
2023-11-06,44009,Washington,12.5399,5.278,60.0814,2.6789
2023-11-07,44009,Washington,17.0311,4.3616,78.4471,4.6773
2023-11-08,44009,Washington,7.0346,1.6565,52.3586,4.5217
2023-11-09,44009,Washington,7.659,0.1879,85.2431,2.2134
2023-11-10,44009,Washington,10.0446,0.7041,72.2263,3.5313
2023-11-11,44009,Washington,11.2955,-2.727,53.5606,3.8628
2023-11-12,44009,Washington,6.3647,-5.1228,58.0111,2.8347
2023-11-13,44009,Washington,6.974,-3.6186,58.9203,1.7384
2023-11-14,44009,Washington,9.4778,-2.4616,64.2826,3.3028
2023-11-15,44009,Washington,10.0636,-0.9708,65.1712,3.1319
2023-11-16,44009,Washington,16.8772,2.1174,58.0203,2.7154
2023-11-17,44009,Washington,16.8107,5.8391,74.8232,3.7718
2023-11-18,44009,Washington,13.563,-1.9561,85.1234,3.264
2023-11-19,44009,Washington,11.3551,-1.9894,50.7306,4.1919
2023-11-20,44009,Washington,5.5041,-4.5535,47.8538,4.3963
2023-11-21,44009,Washington,9.5597,-3.2618,56.7695,4.8801
2023-11-22,44009,Washington,13.2097,4.5438,78.1419,6.2609
2023-11-23,44009,Washington,10.8983,1.9903,61.4912,4.1669
2023-11-24,44009,Washington,10.0653,-5.6097,55.9257,4.363
2023-11-25,44009,Washington,3.1988,-5.937,45.0645,2.4217
2023-11-26,44009,Washington,12.2997,-4.1097,66.6391,4.0557
2023-11-27,44009,Washington,11.7299,1.5327,70.596,5.3313
2023-11-28,44009,Washington,3.9273,-2.5726,49.0251,6.7158
2023-11-29,44009,Washington,2.7164,-3.1936,49.2057,5.0453
2023-11-30,44009,Washington,8.8641,-1.6226,54.7465,4.4673
2023-12-01,44009,Washington,12.048,4.0281,64.49,3.7139
2023-12-02,44009,Washington,11.9508,5.8656,73.995,2.4564
2023-12-03,44009,Washington,8.1086,4.8645,76.6297,4.1623
2023-12-04,44009,Washington,11.373,1.3557,66.7349,3.1182
2023-12-05,44009,Washington,4.7499,-1.6211,61.396,3.0788
2023-12-06,44009,Washington,3.857,-6.1473,57.8733,3.8981
2023-12-07,44009,Washington,1.8305,-5.7571,55.5028,3.4037
2023-12-08,44009,Washington,7.8283,-3.1137,56.8684,1.6945
2023-12-09,44009,Washington,11.808,1.0433,71.2094,2.7364
2023-12-10,44009,Washington,15.9613,7.2415,69.2319,4.88
2023-12-11,44009,Washington,7.7427,-1.5952,87.8274,6.1227
2023-12-12,44009,Washington,6.08,-1.6798,57.4254,4.8718
2023-12-13,44009,Washington,7.7165,-4.0687,52.711,5.0392
2023-12-14,44009,Washington,3.5588,-4.3963,43.6126,4.0807
2023-12-15,44009,Washington,12.4014,-0.3105,49.2718,4.3518
2023-12-16,44009,Washington,12.1388,0.7095,52.975,3.46
2023-12-17,44009,Washington,14.5095,4.3171,67.8873,5.8101
2023-12-18,44009,Washington,15.8263,3.1714,76.4735,9.2295
2023-12-19,44009,Washington,8.4732,-1.3534,57.2375,4.6871
2023-12-20,44009,Washington,6.7714,-1.8366,46.1026,4.3112
2023-12-21,44009,Washington,4.0416,-7.1231,49.9362,5.123
2023-12-22,44009,Washington,2.2733,-7.3271,41.1432,1.9351
2023-12-23,44009,Washington,6.2395,-4.9391,58.8954,1.619
2023-12-24,44009,Washington,8.2298,2.7392,67.0178,1.1411
2023-12-25,44009,Washington,13.0434,-0.3232,64.7913,1.5373
2023-12-26,44009,Washington,9.5499,1.7377,68.6833,0.913
2023-12-27,44009,Washington,9.9424,5.2646,71.0258,1.8293
2023-12-28,44009,Washington,8.5728,5.5047,81.6844,3.9152
2023-12-29,44009,Washington,7.8444,4.4772,78.4555,2.6656
2023-12-30,44009,Washington,8.0626,1.1687,67.7616,4.1031
2023-12-31,44009,Washington,4.445,1.2296,51.1008,3.7275
2024-01-01,44009,Washington,7.3826,-5.1854,50.2855,1.952
2024-01-02,44009,Washington,5.4201,-5.2279,47.5401,2.3018
2024-01-03,44009,Washington,6.3605,-3.5456,52.1964,2.5303
2024-01-04,44009,Washington,6.9886,-5.4267,49.2333,4.1964
2024-01-05,44009,Washington,2.5541,-7.0427,42.6549,4.4068
2024-01-06,44009,Washington,2.7364,-5.8212,67.1224,4.4296
2024-01-07,44009,Washington,2.4137,-3.2931,75.7663,6.2595
2024-01-08,44009,Washington,3.6973,-6.9105,57.9704,3.9394
2024-01-09,44009,Washington,13.089,-5.1548,51.7699,6.3428
2024-01-10,44009,Washington,11.6957,3.9827,53.6102,8.5892
2024-01-11,44009,Washington,6.9667,-1.3928,56.3087,4.8465
2024-01-12,44009,Washington,10.7072,-0.8368,50.2391,3.8975
2024-01-13,44009,Washington,13.8792,0.3144,52.9265,8.6565
2024-01-14,44009,Washington,5.9188,-6.1532,48.9748,7.8243
2024-01-15,44009,Washington,0.0619,-5.202,41.8827,3.1972
2024-01-16,44009,Washington,1.2893,-7.7555,78.4264,4.2732
2024-01-17,44009,Washington,-3.1721,-8.7062,49.9761,6.5436
2024-01-18,44009,Washington,-0.8053,-8.7199,52.9449,5.0538
2024-01-19,44009,Washington,-1.8411,-9.6223,58.4532,4.0587
2024-01-20,44009,Washington,-5.5026,-10.614,43.2123,6.0742
2024-01-21,44009,Washington,-2.0271,-10.6284,47.2484,5.6989
2024-01-22,44009,Washington,3.2138,-9.1269,55.833,4.543
2024-01-23,44009,Washington,4.7381,0.4323,53.0885,3.0722
2024-01-24,44009,Washington,10.2261,0.955,53.1516,2.7104
2024-01-25,44009,Washington,12.4828,3.7852,50.8492,3.5036
2024-01-26,44009,Washington,6.0922,3.3798,61.8892,2.6896
2024-01-27,44009,Washington,4.6188,2.5153,61.665,1.6539
2024-01-28,44009,Washington,3.705,1.6203,70.2715,4.8593
2024-01-29,44009,Washington,3.371,0.0069,60.5208,5.4228
2024-01-30,44009,Washington,0.4726,-2.55,54.5082,3.2311
2024-01-31,44009,Washington,2.3554,-2.4786,53.7867,1.6558
2024-02-01,44009,Washington,6.7139,1.1432,59.7895,3.2606
2024-02-02,44009,Washington,6.5121,-0.7751,66.1642,3.1467
2024-02-03,44009,Washington,3.9695,-5.3588,52.547,4.69
2024-02-04,44009,Washington,5.8322,-5.1356,39.2387,4.0991
2024-02-05,44009,Washington,6.1097,-4.0892,37.2181,4.3529
2024-02-06,44009,Washington,3.2292,-4.5077,55.0679,3.8686
2024-02-07,44009,Washington,6.4238,-5.1212,56.161,2.4784
2024-02-08,44009,Washington,8.864,-4.0185,52.6811,1.0228
2024-02-09,44009,Washington,8.6227,-0.3367,65.9366,3.0983
2024-02-10,44009,Washington,12.684,1.1571,63.4108,2.744
2024-02-11,44009,Washington,8.086,-3.4063,65.1996,3.1134
2024-02-12,44009,Washington,7.396,-2.554,56.9878,1.4595
2024-02-13,44009,Washington,1.1614,-3.6482,78.35,5.2439
2024-02-14,44009,Washington,0.5786,-7.0519,52.1106,7.2423
2024-02-15,44009,Washington,3.4886,-6.2584,47.4574,4.9372
2024-02-16,44009,Washington,3.5898,-4.225,55.1166,5.9284
2024-02-17,44009,Washington,0.9914,-10.3115,72.3483,2.891
2024-02-18,44009,Washington,2.1267,-8.5525,61.1111,6.7238
2024-02-19,44009,Washington,2.4806,-9.0599,54.7408,3.9067
2024-02-20,44009,Washington,2.1262,-9.7685,48.8811,2.0777
2024-02-21,44009,Washington,3.789,-8.3847,62.8954,2.3249
2024-02-22,44009,Washington,5.305,-5.8812,66.3257,2.3607
2024-02-23,44009,Washington,8.4571,1.3786,65.4765,1.6994
2024-02-24,44009,Washington,6.1747,-2.0057,52.7313,3.7798
2024-02-25,44009,Washington,10.4136,-1.5561,28.3911,2.7645
2024-02-26,44009,Washington,11.6687,1.3616,48.8207,3.4524
2024-02-27,44009,Washington,9.7849,-0.2744,76.9739,3.1933
2024-02-28,44009,Washington,8.5014,-0.5946,97.7665,7.2461
2024-02-29,44009,Washington,10.0038,-7.336,30.5868,6.9711
2024-03-01,44009,Washington,5.1755,-3.7082,45.322,3.7306
2024-03-02,44009,Washington,9.9917,3.2645,72.6007,4.3748
2024-03-03,44009,Washington,17.096,2.4085,66.3234,1.9451
2024-03-04,44009,Washington,13.4145,3.4819,66.1362,2.854
2024-03-05,44009,Washington,8.8338,4.9813,81.1338,4.0763
2024-03-06,44009,Washington,11.4493,6.1712,77.5028,3.1168
2024-03-07,44009,Washington,8.834,2.76,79.5507,5.0827
2024-03-08,44009,Washington,10.8835,-0.7963,51.3275,3.6546
2024-03-09,44009,Washington,9.5662,2.745,62.552,5.9343
2024-03-10,44009,Washington,10.8488,0.0449,70.3213,6.7806
2024-03-11,44009,Washington,7.9643,0.1271,45.5176,8.2477
2024-03-12,44009,Washington,14.8059,0.1438,37.2546,4.9265
2024-03-13,44009,Washington,13.0794,1.6686,46.2586,2.1789
2024-03-14,44009,Washington,16.0999,4.8566,54.5569,1.5112
2024-03-15,44009,Washington,15.9184,0.8651,63.6123,2.8604
2024-03-16,44009,Washington,13.0359,3.8716,56.0501,2.8562
2024-03-17,44009,Washington,15.4656,2.7178,50.8328,4.7801
2024-03-18,44009,Washington,10.4038,-0.3137,46.4114,3.6596
2024-03-19,44009,Washington,8.0822,1.3984,43.7065,4.8967
2024-03-20,44009,Washington,11.5259,-2.2174,58.5333,4.7417
2024-03-21,44009,Washington,4.7154,-4.3121,34.9792,7.7106
2024-03-22,44009,Washington,6.225,-2.2121,37.1227,3.1506
2024-03-23,44009,Washington,11.2998,-2.3891,80.8083,5.8856
2024-03-24,44009,Washington,6.9279,-2.065,42.3372,5.6085
2024-03-25,44009,Washington,7.1885,1.6582,48.4656,6.5201
2024-03-26,44009,Washington,5.2684,2.2377,70.9892,5.028
2024-03-27,44009,Washington,14.6911,4.5837,65.2502,1.2738
2024-03-28,44009,Washington,11.2473,3.8046,82.9954,2.1032
2024-03-29,44009,Washington,11.7865,3.2571,50.6731,6.7471
2024-03-30,44009,Washington,13.4064,3.2812,43.0284,5.4875
2024-03-31,44009,Washington,14.9775,1.3425,46.6188,3.059
2024-04-01,44009,Washington,11.885,1.4699,62.9507,1.2607
2024-04-02,44009,Washington,10.9954,4.06,64.7224,4.4434
2024-04-03,44009,Washington,5.7556,3.5917,74.3968,9.2548
2024-04-04,44009,Washington,6.1073,-0.1334,79.0165,5.4936
2024-04-05,44009,Washington,8.3397,2.0312,55.7008,4.8057
2024-04-06,44009,Washington,8.8356,1.8176,56.5782,4.3405
2024-04-07,44009,Washington,10.3837,-0.3935,56.1552,2.9695
2024-04-08,44009,Washington,16.8417,3.688,43.0072,3.1201
2024-04-09,44009,Washington,21.3757,4.6638,42.113,1.7948
2024-04-10,44009,Washington,14.4856,8.9754,61.7887,3.402
2024-04-11,44009,Washington,14.7606,9.9284,72.9025,3.6421
2024-04-12,44009,Washington,14.6288,7.1792,78.7714,7.0589
2024-04-13,44009,Washington,12.4112,6.0239,59.2214,6.3195
2024-04-14,44009,Washington,15.0776,6.1841,54.5415,3.7496
2024-04-15,44009,Washington,22.5341,5.8065,51.484,2.0458
2024-04-16,44009,Washington,20.2359,4.6385,41.3906,2.8183
2024-04-17,44009,Washington,13.5066,6.2217,54.8109,3.1725
2024-04-18,44009,Washington,9.8751,6.0776,65.9321,4.3841
2024-04-19,44009,Washington,12.9843,6.2237,59.1858,3.0414
2024-04-20,44009,Washington,14.7987,0.3891,78.1155,3.0656
2024-04-21,44009,Washington,11.2908,-0.3177,55.8291,3.5032
2024-04-22,44009,Washington,14.844,0.0188,43.5763,2.7403
2024-04-23,44009,Washington,13.6613,2.5199,53.8501,2.5183
2024-04-24,44009,Washington,19.0921,1.3389,53.679,4.1333
2024-04-25,44009,Washington,12.3276,-1.4726,44.3219,2.5367
2024-04-26,44009,Washington,13.9541,-0.2111,49.4437,1.7494
2024-04-27,44009,Washington,15.294,6.5608,45.7359,3.388
2024-04-28,44009,Washington,18.6998,8.1376,59.5263,3.3882
2024-04-29,44009,Washington,24.375,10.1092,55.4892,2.2093
2024-04-30,44009,Washington,15.1289,8.4413,70.6378,3.4197
2024-05-01,44009,Washington,16.5956,6.0938,71.2607,1.8237
2024-05-02,44009,Washington,16.6511,8.1551,74.8633,3.1403
2024-05-03,44009,Washington,16.5665,4.1325,69.8128,2.7515
2024-05-04,44009,Washington,16.1421,7.4828,61.521,3.0084
2024-05-05,44009,Washington,12.0601,7.7056,76.1789,3.6666
2024-05-06,44009,Washington,20.9984,11.5292,66.0594,2.5712
2024-05-07,44009,Washington,23.8332,8.7575,62.2485,1.6426
2024-05-08,44009,Washington,16.7572,9.8505,90.3336,2.6524
2024-05-09,44009,Washington,20.1141,7.6638,64.8124,2.6069
2024-05-10,44009,Washington,14.6586,4.9027,66.5621,3.5571
2024-05-11,44009,Washington,14.5926,5.1377,63.2247,2.3397
2024-05-12,44009,Washington,13.4885,7.982,64.8274,1.8992
2024-05-13,44009,Washington,18.1848,9.0751,60.5488,2.8898
2024-05-14,44009,Washington,19.4614,12.4232,65.0461,3.5441
2024-05-15,44009,Washington,18.0444,13.4464,77.344,3.5754
2024-05-16,44009,Washington,15.7794,12.6718,81.4664,5.8618
2024-05-17,44009,Washington,21.559,12.1352,62.8365,3.6447
2024-05-18,44009,Washington,15.7269,11.7413,77.8805,3.0526
2024-05-19,44009,Washington,16.6877,10.8765,76.6228,3.3244
2024-05-20,44009,Washington,20.5364,10.031,69.3135,1.9701
2024-05-21,44009,Washington,20.5018,11.154,70.4017,2.7653
2024-05-22,44009,Washington,25.1434,13.5576,66.1549,3.3173
2024-05-23,44009,Washington,23.1269,13.6496,80.1231,2.9791
2024-05-24,44009,Washington,26.6368,11.193,66.1102,3.0085
2024-05-25,44009,Washington,21.8108,11.9991,64.7666,1.9827
2024-05-26,44009,Washington,23.3322,15.508,67.6708,1.7295
2024-05-27,44009,Washington,20.6101,15.9188,78.6235,4.4141
2024-05-28,44009,Washington,24.7313,12.6024,76.2299,3.8236
2024-05-29,44009,Washington,23.5071,14.0448,62.0999,2.0189
2024-05-30,44009,Washington,17.2829,8.744,82.0299,2.2506
2024-05-31,44009,Washington,24.3679,9.8316,49.723,2.7717
2024-06-01,44009,Washington,25.7632,10.0578,51.0872,2.2958
2024-06-02,44009,Washington,27.0417,15.1567,56.2444,2.0154
2024-06-03,44009,Washington,28.9211,11.7891,61.5141,1.3714
2024-06-04,44009,Washington,22.459,13.1798,71.1021,2.5173
2024-06-05,44009,Washington,25.4284,17.3886,65.3771,2.8121
2024-06-06,44009,Washington,22.122,15.451,87.7294,1.825
2024-06-07,44009,Washington,26.3953,13.0635,75.5856,2.2469
2024-06-08,44009,Washington,24.8174,13.0881,59.4323,3.9805
2024-06-09,44009,Washington,21.9912,11.3734,76.7686,2.9971
2024-06-10,44009,Washington,23.4964,10.5077,67.4598,2.7953
2024-06-11,44009,Washington,22.546,11.7063,68.3204,1.5201
2024-06-12,44009,Washington,24.8127,12.2983,67.9698,1.733
2024-06-13,44009,Washington,25.3541,17.0998,67.0218,3.2411
2024-06-14,44009,Washington,26.0923,17.5518,74.8059,3.3549
2024-06-15,44009,Washington,26.0046,11.1304,66.3515,3.014
2024-06-16,44009,Washington,22.5234,11.6049,58.2947,2.1035
2024-06-17,44009,Washington,24.6665,18.4347,68.0939,3.5344
2024-06-18,44009,Washington,28.2499,18.7628,70.6667,3.4969
2024-06-19,44009,Washington,28.6069,19.4381,68.0248,3.4128
2024-06-20,44009,Washington,30.1826,19.4901,70.5118,3.4652
2024-06-21,44009,Washington,30.3572,20.0429,69.1354,1.4978
2024-06-22,44009,Washington,27.0205,18.5142,79.4104,1.5447
2024-06-23,44009,Washington,27.1985,20.6457,79.3478,4.4652
2024-06-24,44009,Washington,28.0565,17.0198,68.5088,4.9533
2024-06-25,44009,Washington,31.2367,19.937,52.065,3.5861
2024-06-26,44009,Washington,27.7347,19.0001,76.4237,3.8396
2024-06-27,44009,Washington,27.4772,10.8332,78.8444,3.4436
2024-06-28,44009,Washington,23.5243,12.4369,54.0558,2.2306
2024-06-29,44009,Washington,24.5621,18.5208,70.9491,4.5153
2024-06-30,44009,Washington,25.4467,15.9808,99.1555,3.9931
2024-07-01,44009,Washington,26.1784,13.6778,72.7073,3.2906
2024-07-02,44009,Washington,27.8572,12.6963,64.1878,1.6139
2024-07-03,44009,Washington,26.2765,15.8818,68.0908,2.0555
2024-07-04,44009,Washington,25.6051,20.4877,77.3918,3.1458
2024-07-05,44009,Washington,26.024,21.3184,84.8001,2.5856
2024-07-06,44009,Washington,24.0938,21.3328,94.6906,3.5622
2024-07-07,44009,Washington,28.571,20.7449,84.885,1.5569
2024-07-08,44009,Washington,31.2875,21.3888,73.3317,1.6668
2024-07-09,44009,Washington,27.6859,22.0576,82.211,2.6656
2024-07-10,44009,Washington,27.2706,22.5738,87.7429,4.1077
2024-07-11,44009,Washington,27.9775,21.2836,82.9352,4.9031
2024-07-12,44009,Washington,27.9559,22.4496,78.8349,3.7411
2024-07-13,44009,Washington,26.234,21.2961,83.8696,2.9291
2024-07-14,44009,Washington,31.5311,21.4398,69.0199,2.4654
2024-07-15,44009,Washington,30.9309,22.7719,76.857,2.9926
2024-07-16,44009,Washington,32.2071,21.1881,74.7447,3.9217
2024-07-17,44009,Washington,29.5366,22.4693,77.3309,2.8575
2024-07-18,44009,Washington,30.1529,17.1187,74.9427,2.7312
2024-07-19,44009,Washington,27.4699,16.6312,62.7065,2.2067
2024-07-20,44009,Washington,27.655,20.0539,68.1979,2.7371
2024-07-21,44009,Washington,29.8727,18.4526,67.3191,2.1811
2024-07-22,44009,Washington,27.9609,19.6715,75.525,1.8856
2024-07-23,44009,Washington,23.7771,19.8801,89.7054,1.2942
2024-07-24,44009,Washington,23.1525,19.8934,88.1663,1.8948
2024-07-25,44009,Washington,27.9596,15.7552,80.778,3.1351
2024-07-26,44009,Washington,28.8553,14.4439,60.6904,2.6979
2024-07-27,44009,Washington,29.0022,15.1501,66.6083,1.3353
2024-07-28,44009,Washington,25.9773,16.2649,75.4917,1.7469
2024-07-29,44009,Washington,23.7701,16.5443,81.6225,2.3404
2024-07-30,44009,Washington,27.987,21.8988,79.2893,3.8388
2024-07-31,44009,Washington,26.5597,20.492,86.1069,3.8944
2024-08-01,44009,Washington,31.4876,20.0517,71.0256,2.714
2024-08-02,44009,Washington,30.8127,23.0836,73.9091,1.8199
2024-08-03,44009,Washington,30.7504,21.5183,79.1538,3.2499
2024-08-04,44009,Washington,27.7305,19.4714,83.1331,4.4297
2024-08-05,44009,Washington,29.4388,21.3685,74.1291,2.6511
2024-08-06,44009,Washington,25.4165,15.5246,93.7692,2.4516
2024-08-07,44009,Washington,20.153,15.3439,91.169,3.4183
2024-08-08,44009,Washington,23.217,17.5053,80.279,3.9239
2024-08-09,44009,Washington,27.1966,21.3163,82.7811,5.7089
2024-08-10,44009,Washington,29.2258,16.2167,85.6285,4.0042
2024-08-11,44009,Washington,26.0019,13.85,81.0026,2.3276
2024-08-12,44009,Washington,25.7798,13.5704,69.6379,3.0181
2024-08-13,44009,Washington,26.5003,14.3105,66.7536,2.6599
2024-08-14,44009,Washington,27.5437,15.272,72.7713,1.2724
2024-08-15,44009,Washington,28.103,16.3674,72.8263,0.9988
2024-08-16,44009,Washington,24.7878,17.4728,79.7963,1.6874
2024-08-17,44009,Washington,22.5402,18.107,78.8964,2.6356
2024-08-18,44009,Washington,23.3943,18.8961,83.2444,2.6709
2024-08-19,44009,Washington,26.0368,16.0753,86.1425,2.2452
2024-08-20,44009,Washington,22.3919,10.0954,83.1201,3.2005
2024-08-21,44009,Washington,22.4686,10.6999,66.8142,3.0036
2024-08-22,44009,Washington,23.6985,12.0373,63.6301,3.2884
2024-08-23,44009,Washington,26.3636,13.3807,61.0131,2.0731
2024-08-24,44009,Washington,27.3331,14.7398,66.3582,2.1275
2024-08-25,44009,Washington,26.7998,17.5738,69.4792,2.1325
2024-08-26,44009,Washington,26.1567,13.4616,78.9521,1.2296
2024-08-27,44009,Washington,25.5916,16.9791,75.9204,1.8678
2024-08-28,44009,Washington,30.6061,17.5433,74.6129,3.3999
2024-08-29,44009,Washington,22.7525,12.2465,76.5419,2.8466
2024-08-30,44009,Washington,22.1844,14.3521,72.1351,2.9225
2024-08-31,44009,Washington,25.0594,18.0087,74.3402,2.3564
2024-09-01,44009,Washington,24.4588,18.3699,86.197,3.2792
2024-09-02,44009,Washington,25.1142,9.2378,75.7765,2.724
2024-09-03,44009,Washington,22.2167,9.3128,50.9165,2.1138
2024-09-04,44009,Washington,24.4972,10.1464,58.9704,0.9876
2024-09-05,44009,Washington,22.8547,13.1709,67.0053,2.325
2024-09-06,44009,Washington,24.9832,13.2513,77.3886,3.0625
2024-09-07,44009,Washington,22.781,10.0465,86.2622,2.7808
2024-09-08,44009,Washington,20.0191,7.8173,65.461,4.1307
2024-09-09,44009,Washington,22.479,12.0166,60.0014,3.9576
2024-09-10,44009,Washington,24.4565,9.0924,63.4146,2.4487
2024-09-11,44009,Washington,23.7484,10.2405,58.6686,1.3809
2024-09-12,44009,Washington,24.2297,10.8287,67.1899,1.3917
2024-09-13,44009,Washington,24.8314,13.5359,68.6655,1.0744
2024-09-14,44009,Washington,27.0721,15.2068,65.6547,1.7892
2024-09-15,44009,Washington,23.9632,9.3644,73.6643,2.3255
2024-09-16,44009,Washington,23.5043,12.5713,61.8221,1.1899
2024-09-17,44009,Washington,24.9201,13.3328,64.5974,1.1005
2024-09-18,44009,Washington,21.655,15.1583,73.2558,1.9478
2024-09-19,44009,Washington,23.5787,17.5356,68.0898,3.9973
2024-09-20,44009,Washington,18.28,14.9516,91.2454,5.1837
2024-09-21,44009,Washington,16.6827,13.3172,90.4716,5.363
2024-09-22,44009,Washington,19.1917,11.2228,77.4242,4.405
2024-09-23,44009,Washington,18.2673,10.8053,80.6176,3.7271
2024-09-24,44009,Washington,18.7797,12.2305,74.0665,3.7084
2024-09-25,44009,Washington,18.8955,14.6566,76.4742,3.6239
2024-09-26,44009,Washington,20.4741,15.9549,84.55,3.3876
2024-09-27,44009,Washington,22.4371,15.7093,79.9971,1.072
2024-09-28,44009,Washington,21.2732,14.1709,80.97,3.4024
2024-09-29,44009,Washington,18.513,11.7197,83.9975,2.7233
2024-09-30,44009,Washington,20.979,11.5323,71.6458,2.5035
2024-10-01,44009,Washington,20.8859,10.8487,71.1537,3.6195
2024-10-02,44009,Washington,19.7752,9.3786,71.6244,2.7424
2024-10-03,44009,Washington,20.8184,9.7924,69.158,1.3538
2024-10-04,44009,Washington,21.3868,11.8808,70.1484,1.6992
2024-10-05,44009,Washington,23.0123,6.8518,67.5632,1.6112
2024-10-06,44009,Washington,19.4918,9.5135,58.5796,2.2501
2024-10-07,44009,Washington,19.9982,8.1576,80.4991,2.9664
2024-10-08,44009,Washington,18.4975,7.6203,56.9031,2.8135
2024-10-09,44009,Washington,18.1126,4.9649,60.0726,2.8447
2024-10-10,44009,Washington,15.9974,2.6281,54.8996,4.76
2024-10-11,44009,Washington,18.9811,5.2648,56.7772,4.3855
2024-10-12,44009,Washington,22.4369,3.62,48.1799,4.4682
2024-10-13,44009,Washington,15.7837,7.2707,69.5084,2.538
2024-10-14,44009,Washington,15.9056,3.0095,82.6387,3.3216
2024-10-15,44009,Washington,13.4379,2.1276,56.5362,4.8196
2024-10-16,44009,Washington,13.7768,1.3405,54.8032,4.2828
2024-10-17,44009,Washington,12.3013,2.8634,60.7353,3.0488
2024-10-18,44009,Washington,17.1444,2.5393,54.6984,3.2386
2024-10-19,44009,Washington,19.0377,4.2215,56.531,1.701
2024-10-20,44009,Washington,21.9325,6.654,55.595,3.1622
2024-10-21,44009,Washington,25.4092,9.3843,48.7844,2.5999
2024-10-22,44009,Washington,24.7089,11.2585,55.8173,1.6642
2024-10-23,44009,Washington,22.1062,12.2497,68.7317,2.9156
2024-10-24,44009,Washington,21.3971,5.6293,68.9916,3.0456
2024-10-25,44009,Washington,15.6716,5.8226,54.2678,3.0619
2024-10-26,44009,Washington,17.7694,1.8808,51.5446,4.2912
2024-10-27,44009,Washington,12.9477,1.5598,41.1316,3.4154
2024-10-28,44009,Washington,11.5045,2.4597,53.332,2.6163
2024-10-29,44009,Washington,14.8016,4.9001,70.3968,4.9346
2024-10-30,44009,Washington,19.9259,11.3741,71.5004,3.6352
2024-10-31,44009,Washington,22.0064,10.6463,65.0684,3.6992
2024-11-01,44009,Washington,23.6024,4.7421,65.5657,5.3018
2024-11-02,44009,Washington,15.5019,-0.1645,54.1276,2.9117
2024-11-03,44009,Washington,10.0347,-2.3805,46.9862,2.5281
2024-11-04,44009,Washington,12.3127,-0.0322,66.0601,3.0551
2024-11-05,44009,Washington,20.1598,9.3764,67.8315,4.39
2024-11-06,44009,Washington,22.3939,10.7744,70.9431,4.95
2024-11-07,44009,Washington,20.9561,3.4771,60.8902,3.7507
2024-11-08,44009,Washington,17.2854,2.8723,46.6459,5.4036
2024-11-09,44009,Washington,11.0836,-3.0762,43.0822,5.0864
2024-11-10,44009,Washington,14.7441,-1.4314,61.4474,4.0231
2024-11-11,44009,Washington,18.6074,5.5145,76.5404,5.3924
2024-11-12,44009,Washington,11.3717,-1.6649,62.2167,6.8252
2024-11-13,44009,Washington,6.897,-2.7556,48.7078,4.1894
2024-11-14,44009,Washington,7.506,-2.8694,51.3305,2.843
2024-11-15,44009,Washington,14.281,-1.9602,30.8034,3.6805
2024-11-16,44009,Washington,15.8472,1.7388,35.3211,4.0278
2024-11-17,44009,Washington,17.3006,2.5905,34.8479,3.0711
2024-11-18,44009,Washington,17.1331,2.7874,47.4954,3.1888
2024-11-19,44009,Washington,14.5806,1.6335,47.9734,3.5699
2024-11-20,44009,Washington,12.9191,4.4273,54.3427,2.1722
2024-11-21,44009,Washington,9.4278,5.1381,84.2855,5.099
2024-11-22,44009,Washington,9.354,2.9665,70.9826,4.2576
2024-11-23,44009,Washington,7.9812,3.4042,71.0359,6.0579
2024-11-24,44009,Washington,9.4567,1.7217,56.6955,7.3266
2024-11-25,44009,Washington,10.6701,-1.2513,50.5702,3.9217
2024-11-26,44009,Washington,12.214,-1.2467,75.9953,3.504
2024-11-27,44009,Washington,10.2539,-1.1901,58.3764,3.0656
2024-11-28,44009,Washington,11.5488,-0.5215,81.5534,5.2845
2024-11-29,44009,Washington,7.2838,-4.6533,66.596,4.55
2024-11-30,44009,Washington,4.8414,-5.3083,53.9433,4.8624
2024-12-01,44009,Washington,2.2573,-7.2644,59.1028,5.017
2024-12-02,44009,Washington,3.4952,-6.8583,48.2757,2.8891
2024-12-03,44009,Washington,2.3865,-6.4196,54.1058,2.9696
2024-12-04,44009,Washington,6.6048,-5.4887,58.3435,4.7865
2024-12-05,44009,Washington,4.4907,-1.8609,75.5642,6.5447
2024-12-06,44009,Washington,0.2961,-4.8161,49.1519,6.4015
2024-12-07,44009,Washington,6.6608,-4.4016,46.1687,4.3919
2024-12-08,44009,Washington,9.2515,-1.7434,59.0385,5.2133
2024-12-09,44009,Washington,9.0843,-0.9041,69.3686,2.8601
2024-12-10,44009,Washington,11.1184,2.7496,62.3107,3.0716
2024-12-11,44009,Washington,15.3247,2.1351,85.7395,7.3165
2024-12-12,44009,Washington,5.4398,-4.3233,57.3619,6.8685
2024-12-13,44009,Washington,0.5402,-8.332,46.6719,4.035
2024-12-14,44009,Washington,0.9672,-8.7115,45.0683,2.8952
2024-12-15,44009,Washington,2.4399,-7.7756,62.1732,2.5295
2024-12-16,44009,Washington,12.6669,1.56,61.3019,4.2327
2024-12-17,44009,Washington,14.1611,-0.3598,80.4305,4.9376
2024-12-18,44009,Washington,10.0697,-0.168,69.7788,1.9827
2024-12-19,44009,Washington,6.8785,-0.7874,59.2137,3.6033
2024-12-20,44009,Washington,2.2863,-3.8667,79.1626,5.2195
2024-12-21,44009,Washington,-1.493,-11.577,63.8271,5.7097
2024-12-22,44009,Washington,-6.082,-14.3181,48.2475,5.1577
2024-12-23,44009,Washington,-1.57,-14.0745,59.9829,2.1176
2024-12-24,44009,Washington,1.3628,-4.8245,72.4038,4.0745
2024-12-25,44009,Washington,1.1417,-6.0682,59.2209,3.1806
2024-12-26,44009,Washington,4.148,-7.4569,58.4995,1.6081
2024-12-27,44009,Washington,5.1567,-7.4562,64.2846,1.4605
2024-12-28,44009,Washington,8.6534,1.8783,64.7368,2.0991
2024-12-29,44009,Washington,12.2819,7.2912,61.4741,2.5966
2024-12-30,44009,Washington,12.908,5.7215,58.5375,5.21
2024-12-31,44009,Washington,11.7307,1.8743,78.3088,3.2601
2025-01-01,44009,Washington,10.1217,1.1298,71.3839,5.7479
2025-01-02,44009,Washington,5.8067,-1.4852,47.8635,8.5215
2025-01-03,44009,Washington,3.1091,-5.4268,50.484,6.7742
2025-01-04,44009,Washington,-0.1379,-4.6384,39.7607,6.8006
2025-01-05,44009,Washington,0.989,-5.8592,40.6458,6.828
2025-01-06,44009,Washington,-2.5745,-9.5585,56.4236,4.0513
2025-01-07,44009,Washington,-2.1995,-9.0998,46.6877,7.8521
2025-01-08,44009,Washington,-2.2923,-7.6205,42.7102,8.8647
2025-01-09,44009,Washington,-1.451,-6.7812,43.999,8.1988
2025-01-10,44009,Washington,5.6044,-4.2636,42.9426,4.2242
2025-01-11,44009,Washington,0.2184,-6.0912,74.5406,3.1816
2025-01-12,44009,Washington,3.4899,-6.5512,48.4614,3.1515
2025-01-13,44009,Washington,4.8697,-7.133,58.8425,3.3478
2025-01-14,44009,Washington,0.2526,-7.1129,47.4511,6.3016
2025-01-15,44009,Washington,-1.0377,-11.4194,42.9252,6.0115
2025-01-16,44009,Washington,-1.166,-10.8484,52.5226,3.4655
2025-01-17,44009,Washington,2.4425,-8.2422,52.4794,2.7933
2025-01-18,44009,Washington,6.9407,-5.0084,75.498,3.9545
2025-01-19,44009,Washington,5.3418,-7.8481,83.1483,3.163
2025-01-20,44009,Washington,-4.7034,-15.7214,71.8386,5.0945
2025-01-21,44009,Washington,-7.34,-15.8804,52.248,3.5558
2025-01-22,44009,Washington,-6.1219,-16.2751,55.0414,2.9093
2025-01-23,44009,Washington,-1.4387,-12.874,71.8233,2.9993
2025-01-24,44009,Washington,-0.3927,-13.1449,61.7635,3.3902
2025-01-25,44009,Washington,0.4792,-12.6324,59.9477,4.4456
2025-01-26,44009,Washington,4.5047,-6.8931,58.3926,5.0239
2025-01-27,44009,Washington,3.608,-4.0623,54.0536,6.2959
2025-01-28,44009,Washington,4.2736,-6.5648,52.3623,6.2576
2025-01-29,44009,Washington,8.4585,-7.0238,54.6872,6.5805
2025-01-30,44009,Washington,4.2975,-7.4006,31.4226,5.8225
2025-01-31,44009,Washington,5.5299,-0.8,71.6797,2.9405
2025-02-01,44009,Washington,0.6059,-13.3178,76.6868,5.016
2025-02-02,44009,Washington,0.5388,-12.8189,63.8503,3.5719
2025-02-03,44009,Washington,4.8311,-2.0095,74.7293,3.9206
2025-02-04,44009,Washington,6.3906,-8.3826,58.4381,5.5199
2025-02-05,44009,Washington,-0.5171,-10.3906,37.0916,3.0414
2025-02-06,44009,Washington,3.2783,-5.4085,72.2908,3.6789
2025-02-07,44009,Washington,4.9448,-7.3925,55.461,6.0019
2025-02-08,44009,Washington,0.7128,-6.631,52.3038,2.8711
2025-02-09,44009,Washington,0.0059,-11.4954,88.3471,3.3744
2025-02-10,44009,Washington,1.1807,-15.0167,69.367,3.6514
2025-02-11,44009,Washington,-0.4921,-13.611,74.3115,2.9017
2025-02-12,44009,Washington,1.983,-3.7656,68.392,5.0489
2025-02-13,44009,Washington,5.5755,-4.6433,74.058,6.093
2025-02-14,44009,Washington,0.4678,-10.1214,60.0328,5.8657
2025-02-15,44009,Washington,0.0058,-9.5302,70.0743,2.861
2025-02-16,44009,Washington,8.1009,-4.7698,70.7778,6.3269
2025-02-17,44009,Washington,-1.1127,-10.4365,53.578,9.8331
2025-02-18,44009,Washington,-4.0461,-11.008,44.02,8.5059
2025-02-19,44009,Washington,-1.3811,-11.863,53.0144,5.4292
2025-02-20,44009,Washington,-0.4008,-11.3021,61.1133,3.3383
2025-02-21,44009,Washington,2.7317,-3.6404,44.4351,6.2576
2025-02-22,44009,Washington,0.4551,-3.4747,50.8428,4.11
2025-02-23,44009,Washington,-1.3729,-7.4667,84.3576,3.3503
2025-02-24,44009,Washington,-0.8457,-14.4331,99.9272,2.6659
2025-02-25,44009,Washington,2.6328,-7.398,98.8577,3.1344
2025-02-26,44009,Washington,6.4329,-9.2083,73.5484,3.449
2025-02-27,44009,Washington,4.5764,-9.2456,98.9391,4.1889
2025-02-28,44009,Washington,9.3048,-4.4044,53.2705,3.9563
2025-03-01,44009,Washington,4.7593,-10.3138,95.949,5.2679
2025-03-02,44009,Washington,-1.0829,-10.3417,39.3729,6.0689
2025-03-03,44009,Washington,1.5742,-9.4034,38.5826,3.4462
2025-03-04,44009,Washington,8.3161,-2.5588,57.674,4.6479
2025-03-05,44009,Washington,12.4001,7.2397,66.1685,6.6039
2025-03-06,44009,Washington,11.4205,-0.7556,82.1844,4.7895
2025-03-07,44009,Washington,7.0414,-2.4572,40.9571,8.7412
2025-03-08,44009,Washington,6.9506,-2.528,41.1644,6.4008
2025-03-09,44009,Washington,8.3182,-2.0742,45.2387,4.937
2025-03-10,44009,Washington,16.6145,-0.788,41.2127,2.8689
2025-03-11,44009,Washington,14.6464,0.9973,59.0183,2.9312
2025-03-12,44009,Washington,11.9896,1.7583,43.9549,3.2292
2025-03-13,44009,Washington,8.6248,2.8769,54.9593,4.4867
2025-03-14,44009,Washington,14.1738,1.3682,55.5707,2.1391
2025-03-15,44009,Washington,10.2216,5.2491,70.5897,2.7096
2025-03-16,44009,Washington,17.1636,9.1042,62.6607,5.0884
2025-03-17,44009,Washington,13.8154,2.3855,77.7358,4.8959
2025-03-18,44009,Washington,12.1004,-0.1984,52.843,4.1105
2025-03-19,44009,Washington,17.4146,3.4079,43.2826,1.9287
2025-03-20,44009,Washington,10.9325,5.3266,76.695,3.6475
2025-03-21,44009,Washington,8.9824,-0.3355,64.0459,5.9049
2025-03-22,44009,Washington,14.1263,-1.442,51.0068,5.2026
2025-03-23,44009,Washington,8.0932,-1.712,35.7632,4.2045
2025-03-24,44009,Washington,8.7466,2.7148,74.3608,4.1998
2025-03-25,44009,Washington,13.347,2.6139,53.4847,3.2921
2025-03-26,44009,Washington,11.1185,-1.4057,52.9062,2.7047
2025-03-27,44009,Washington,9.9232,-1.2575,41.1532,4.4662
2025-03-28,44009,Washington,15.7412,6.0843,41.9858,4.1404
2025-03-29,44009,Washington,10.9901,2.4826,71.2958,3.1234
2025-03-30,44009,Washington,10.6161,3.5618,70.4709,3.5144
2025-03-31,44009,Washington,12.9175,6.2333,86.2763,4.3298
2025-04-01,44009,Washington,12.8163,-1.6427,61.6491,4.4266
2025-04-02,44009,Washington,7.8778,1.0422,49.2818,4.4184
2025-04-03,44009,Washington,15.3839,6.9935,76.7599,5.504
2025-04-04,44009,Washington,20.4005,4.8257,55.5939,3.0307
2025-04-05,44009,Washington,8.1325,4.1865,74.4067,4.5953
2025-04-06,44009,Washington,12.3299,4.2786,75.2702,1.759
2025-04-07,44009,Washington,4.9553,2.877,81.8533,3.1181
2025-04-08,44009,Washington,7.1271,-2.5532,62.5572,5.5598
2025-04-09,44009,Washington,8.519,-2.4973,41.6156,4.0222
2025-04-10,44009,Washington,9.244,1.7137,53.5786,2.5488
2025-04-11,44009,Washington,9.7782,2.0028,63.3244,4.4029
2025-04-12,44009,Washington,4.4572,2.1226,81.3573,6.2785
2025-04-13,44009,Washington,9.4857,1.7163,70.9439,4.7217
2025-04-14,44009,Washington,19.5075,7.1089,42.973,3.7039
2025-04-15,44009,Washington,15.4176,4.8325,69.5633,4.3297
2025-04-16,44009,Washington,10.995,3.2601,49.9029,6.6565
2025-04-17,44009,Washington,15.9324,0.3186,41.9804,4.3219
2025-04-18,44009,Washington,16.26,7.4317,43.4545,3.5774
2025-04-19,44009,Washington,21.8709,11.3817,59.5656,4.8826
2025-04-20,44009,Washington,18.4416,1.6528,48.6031,5.6117
2025-04-21,44009,Washington,13.2504,6.8202,45.9881,3.0873
2025-04-22,44009,Washington,21.4092,9.4435,60.0416,3.2315
2025-04-23,44009,Washington,20.545,6.2259,46.468,2.376
2025-04-24,44009,Washington,19.0093,8.6548,51.2924,2.6389
2025-04-25,44009,Washington,23.0476,12.0551,49.713,3.1353
2025-04-26,44009,Washington,14.8661,6.6589,90.6067,5.0557
2025-04-27,44009,Washington,14.8636,4.7024,56.6111,6.09
2025-04-28,44009,Washington,23.7717,6.7146,37.3655,3.3742
2025-04-29,44009,Washington,21.1743,12.6548,47.9767,5.5181
2025-04-30,44009,Washington,22.7613,4.8208,49.6401,4.8445
2025-05-01,44009,Washington,16.543,8.29,50.9649,2.7119
2025-05-02,44009,Washington,22.2389,11.1458,69.4362,3.1835
2025-05-03,44009,Washington,23.1753,12.6409,67.4574,3.1189
2025-05-04,44009,Washington,22.4041,13.5121,70.4627,3.0311
2025-05-05,44009,Washington,16.6062,12.4877,79.6371,4.3546
2025-05-06,44009,Washington,16.4747,11.4595,82.7024,4.4728
2025-05-07,44009,Washington,21.3337,9.9127,67.8133,2.9098
2025-05-08,44009,Washington,22.5256,11.1673,62.139,1.4317
2025-05-09,44009,Washington,17.2006,9.4764,81.6313,3.6965
2025-05-10,44009,Washington,19.3944,7.0382,66.117,0.0
2025-05-11,44009,Washington,23.2407,4.0084,48.5771,3.0816
2025-05-12,44009,Washington,19.6043,10.8781,54.8508,3.2771
2025-05-13,44009,Washington,20.6371,11.1796,62.0648,3.1433
2025-05-14,44009,Washington,21.9636,14.2108,61.0279,3.733
2025-05-15,44009,Washington,18.705,14.5632,79.1487,2.0312
2025-05-16,44009,Washington,21.8675,14.0152,75.8842,2.1282
2025-05-17,44009,Washington,22.6964,13.3703,78.1768,3.4532
2025-05-18,44009,Washington,21.7694,10.894,63.9049,5.9132
2025-05-19,44009,Washington,18.5327,8.1469,64.3851,5.5782
2025-05-20,44009,Washington,15.8425,8.6735,63.8887,3.3066
2025-05-21,44009,Washington,10.9408,7.1122,78.8459,4.5384
2025-05-22,44009,Washington,8.946,6.1502,89.184,5.6297
2025-05-23,44009,Washington,13.6935,7.313,74.1476,3.5506
2025-05-24,44009,Washington,17.7248,7.077,63.8192,4.5393
2025-05-25,44009,Washington,17.0524,6.7245,68.9956,3.3607
2025-05-26,44009,Washington,19.7444,6.9971,63.4096,1.8941
2025-05-27,44009,Washington,22.934,10.8496,54.829,2.5508
2025-05-28,44009,Washington,21.7316,11.0451,60.5583,3.3216
2025-05-29,44009,Washington,17.8084,13.554,77.3375,2.7676
2025-05-30,44009,Washington,20.9307,14.0328,75.1473,2.787
2025-05-31,44009,Washington,18.5614,8.995,81.1524,6.0582
2025-06-01,44009,Washington,17.285,8.6729,64.5231,4.7415
2025-06-02,44009,Washington,20.3445,8.6637,60.8845,2.9122
2025-06-03,44009,Washington,25.419,10.5743,52.7672,2.0564
2025-06-04,44009,Washington,25.2454,13.0759,65.3412,2.721
2025-06-05,44009,Washington,30.2872,17.0066,64.8242,2.8648
2025-06-06,44009,Washington,27.7093,17.0879,73.3879,2.2772
2025-06-07,44009,Washington,21.8833,13.9123,86.5271,1.9907
2025-06-08,44009,Washington,22.4429,14.6759,74.7936,2.9532
2025-06-09,44009,Washington,18.7702,15.2615,81.1367,3.51
2025-06-10,44009,Washington,19.1611,13.4837,96.3371,2.0491
2025-06-11,44009,Washington,25.5092,15.1645,70.8272,3.4887
2025-06-12,44009,Washington,29.9059,15.4457,58.7195,4.0774
2025-06-13,44009,Washington,24.1725,14.5742,60.6964,1.9608
2025-06-14,44009,Washington,17.6271,12.4405,80.7867,3.6675
2025-06-15,44009,Washington,20.8159,13.1744,70.3291,2.1364
2025-06-16,44009,Washington,21.7428,15.9421,71.0912,2.7654
2025-06-17,44009,Washington,18.8265,16.2097,85.0907,2.4829
2025-06-18,44009,Washington,23.4353,17.5666,82.1323,2.2095
2025-06-19,44009,Washington,28.9707,18.9901,73.7223,3.4802
2025-06-20,44009,Washington,27.6377,15.3291,64.0984,5.4918
2025-06-21,44009,Washington,28.2612,18.1612,61.2,2.6661
2025-06-22,44009,Washington,31.443,19.7119,67.611,3.7408
2025-06-23,44009,Washington,31.6954,20.9673,71.5252,2.4026
2025-06-24,44009,Washington,36.1127,21.6249,61.7556,2.8612
2025-06-25,44009,Washington,34.7454,17.2808,66.1321,2.1475
2025-06-26,44009,Washington,19.6093,15.6183,89.4527,3.9455
2025-06-27,44009,Washington,21.9333,15.8873,65.1952,3.3642
2025-06-28,44009,Washington,24.5476,17.973,77.5272,2.7989
2025-06-29,44009,Washington,30.3428,16.1672,76.712,2.3612
2025-06-30,44009,Washington,28.8426,19.821,69.474,1.947
2025-07-01,44009,Washington,29.4527,20.81,79.5448,3.7782
2025-07-02,44009,Washington,26.5029,18.6573,86.4807,3.0847
2025-07-03,44009,Washington,30.3946,14.3916,73.9414,2.9691
2025-07-04,44009,Washington,26.806,13.3098,63.3341,2.8471
2025-07-05,44009,Washington,27.041,17.6875,63.2488,2.0521
2025-07-06,44009,Washington,29.0106,19.2828,71.6627,3.9023
2025-07-07,44009,Washington,27.6112,22.249,78.6752,3.508
2025-07-08,44009,Washington,31.6459,21.2746,76.7546,2.5354
2025-07-09,44009,Washington,27.1851,20.79,85.4661,1.476
2025-07-10,44009,Washington,22.6808,17.7517,84.7085,0.8529
2025-07-11,44009,Washington,25.4191,18.5567,82.075,1.8645
2025-07-12,44009,Washington,25.3596,18.1193,79.7278,2.0149
2025-07-13,44009,Washington,25.8344,18.7242,78.7924,2.2118
2025-07-14,44009,Washington,25.4037,21.3861,82.9058,2.3086
2025-07-15,44009,Washington,29.4827,21.9845,74.237,2.123
2025-07-16,44009,Washington,30.5876,23.591,73.6626,2.5343
2025-07-17,44009,Washington,29.6202,21.6983,81.7643,4.5707
2025-07-18,44009,Washington,27.6025,14.2853,72.4206,3.1795
2025-07-19,44009,Washington,27.6867,19.7726,62.2904,1.8664
2025-07-20,44009,Washington,28.1622,17.411,86.442,2.7579
2025-07-21,44009,Washington,27.6485,11.9383,66.9845,2.9156
2025-07-22,44009,Washington,25.6576,13.1542,61.9522,1.6468
2025-07-23,44009,Washington,26.9142,16.8486,65.0585,2.1093
2025-07-24,44009,Washington,28.0308,20.0778,71.0767,4.2128
2025-07-25,44009,Washington,32.2444,19.3584,74.5058,3.7003
2025-07-26,44009,Washington,27.2653,15.564,73.507,2.3209
2025-07-27,44009,Washington,24.5003,18.6846,85.5811,3.1093
2025-07-28,44009,Washington,31.2203,20.0583,70.4299,1.3847
2025-07-29,44009,Washington,34.3187,20.8644,63.5142,2.6394
2025-07-30,44009,Washington,33.3846,21.8239,63.7115,1.6553
2025-07-31,44009,Washington,28.1249,15.5168,80.0587,3.7523
2025-08-01,44009,Washington,23.1227,11.1945,80.6642,4.1555
2025-08-02,44009,Washington,25.807,11.5398,65.2108,1.5939
2025-08-03,44009,Washington,26.3359,13.0167,65.1379,1.4905
2025-08-04,44009,Washington,29.0342,15.7422,62.691,1.8975
2025-08-05,44009,Washington,26.9184,15.6299,70.449,1.7397
2025-08-06,44009,Washington,25.7496,16.1555,67.9022,2.2279
2025-08-07,44009,Washington,25.6503,10.4772,72.8437,1.8859
2025-08-08,44009,Washington,26.2061,10.2413,63.6518,1.5997
2025-08-09,44009,Washington,26.1244,14.124,58.4952,1.3016
2025-08-10,44009,Washington,28.9218,16.0617,59.368,2.1072
2025-08-11,44009,Washington,31.6608,16.6343,57.3734,2.4545
2025-08-12,44009,Washington,29.8774,19.4195,54.9049,2.5496
2025-08-13,44009,Washington,28.7987,21.4597,70.9443,3.0889
2025-08-14,44009,Washington,29.1186,19.1699,75.4967,1.7567
2025-08-15,44009,Washington,28.8725,16.3376,68.7757,1.9644
2025-08-16,44009,Washington,26.8091,18.36,71.6067,1.9868
2025-08-17,44009,Washington,28.9247,17.2664,76.3283,3.5133
2025-08-18,44009,Washington,23.5318,9.8224,64.1246,3.8611
2025-08-19,44009,Washington,23.1225,12.7923,55.677,2.1321
2025-08-20,44009,Washington,21.0197,13.0074,75.6535,4.4129
2025-08-21,44009,Washington,20.4645,13.2592,83.7923,6.0195
2025-08-22,44009,Washington,28.1999,14.5422,52.8883,3.3366
2025-08-23,44009,Washington,27.1003,14.7208,66.6248,3.2021
2025-08-24,44009,Washington,25.4229,17.7367,76.3831,3.5168
2025-08-25,44009,Washington,27.3561,14.2826,80.45,2.6235
2025-08-26,44009,Washington,25.4666,12.2888,61.6512,3.1314
2025-08-27,44009,Washington,24.7639,9.2723,60.154,2.7973
2025-08-28,44009,Washington,23.8756,14.1685,58.2347,3.0561
2025-08-29,44009,Washington,23.4575,12.5117,81.2727,2.5638
2025-08-30,44009,Washington,23.6334,10.1747,59.4407,2.8383
2025-08-31,44009,Washington,23.9358,11.3439,60.0187,1.6138
2025-09-01,44009,Washington,22.3839,11.6259,70.7407,2.5122
2025-09-02,44009,Washington,23.8821,10.0651,68.3964,1.5779
2025-09-03,44009,Washington,23.3622,10.4866,66.7456,1.5522
2025-09-04,44009,Washington,23.5794,14.5766,67.685,2.9224
2025-09-05,44009,Washington,25.4409,19.1041,74.387,4.2958
2025-09-06,44009,Washington,26.2766,16.1881,81.4814,3.864
2025-09-07,44009,Washington,17.4421,10.0374,99.9837,1.7198
2025-09-08,44009,Washington,20.7583,8.9965,61.556,2.1433
2025-09-09,44009,Washington,21.8263,11.8904,64.8069,3.6146
2025-09-10,44009,Washington,21.331,10.5908,82.1975,4.0067
2025-09-11,44009,Washington,24.9618,12.8846,59.635,2.0591
2025-09-12,44009,Washington,23.0976,8.9704,72.3085,1.827
2025-09-13,44009,Washington,21.7447,12.1625,75.8982,2.3412
2025-09-14,44009,Washington,25.1142,13.2205,71.1957,1.384
2025-09-15,44009,Washington,24.5634,13.2169,67.2298,2.5271
2025-09-16,44009,Washington,21.8869,13.3156,67.4717,3.5432
2025-09-17,44009,Washington,22.8005,16.1183,71.1773,3.4126
2025-09-18,44009,Washington,24.6247,14.439,74.7401,2.4008
2025-09-19,44009,Washington,27.3674,11.2588,61.2277,2.6505
2025-09-20,44009,Washington,21.2088,7.5275,52.6171,2.3401
2025-09-21,44009,Washington,19.6432,8.9054,60.5177,2.5035
2025-09-22,44009,Washington,21.8424,12.3212,64.4848,2.079
2025-09-23,44009,Washington,24.7713,17.6711,69.4864,3.2106
2025-09-24,44009,Washington,20.3575,18.1393,85.8968,2.2083
2025-09-25,44009,Washington,22.5245,18.2505,86.4055,3.8646
2025-09-26,44009,Washington,26.28,14.3576,76.4478,2.9722
2025-09-27,44009,Washington,24.8985,16.5618,69.0437,1.7969
2025-09-28,44009,Washington,25.5597,14.3045,73.687,2.1418
2025-09-29,44009,Washington,24.7432,12.8616,64.6902,1.7775
2025-09-30,44009,Washington,24.2592,10.4942,66.3623,3.0305
2025-10-01,44009,Washington,18.1254,6.2045,63.1317,5.1899
2025-10-02,44009,Washington,18.0966,5.426,54.8249,2.431
2025-10-03,44009,Washington,20.9281,8.8297,58.4642,3.329
2025-10-04,44009,Washington,25.8185,11.409,55.6413,2.4981
2025-10-05,44009,Washington,27.0367,13.3339,56.5402,1.6631
2025-10-06,44009,Washington,25.2168,15.0573,59.9269,2.8065
2025-10-07,44009,Washington,24.2891,17.995,66.0605,4.4008
2025-10-08,44009,Washington,21.042,6.1343,85.8739,5.1828
2025-10-09,44009,Washington,13.947,0.9107,50.7719,4.1387
2025-10-10,44009,Washington,16.1816,3.9127,54.2569,2.2411
2025-10-11,44009,Washington,19.3804,11.7885,69.6152,3.0681
2025-10-12,44009,Washington,14.4702,12.8234,82.48,8.1134
2025-10-13,44009,Washington,14.1228,11.7073,80.8957,8.7053
2025-10-14,44009,Washington,14.9757,11.4885,82.2097,4.9206
2025-10-15,44009,Washington,18.2064,5.2968,71.2089,3.9979
2025-10-16,44009,Washington,14.0325,5.9409,49.6268,5.8042
2025-10-17,44009,Washington,17.1627,3.9629,53.5344,3.809
2025-10-18,44009,Washington,17.4238,6.3525,55.9174,1.8553
2025-10-19,44009,Washington,19.1554,10.8387,70.5876,3.6271
2025-10-20,44009,Washington,18.2308,8.9648,76.1976,5.7417
2025-10-21,44009,Washington,17.9863,9.6709,63.6939,4.4555
2025-10-22,44009,Washington,18.7402,7.2288,68.3559,4.8094
2025-10-23,44009,Washington,15.9972,3.3963,64.6669,4.4374
2025-10-24,44009,Washington,15.1991,3.5699,60.244,3.1012
2025-10-25,44009,Washington,14.4084,3.573,53.0508,2.6998
2025-10-26,44009,Washington,14.311,0.8596,52.6368,2.7099
2025-10-27,44009,Washington,12.3154,1.5123,59.137,3.2642
2025-10-28,44009,Washington,12.2764,6.4702,66.4106,5.2985
2025-10-29,44009,Washington,11.6033,8.9703,76.2351,4.9582
2025-10-30,44009,Washington,15.8418,10.8196,79.9925,7.3521
2025-10-31,44009,Washington,14.2094,7.8493,73.0615,9.154
2025-11-01,44009,Washington,13.7713,-0.5039,59.3101,6.8081
2025-11-02,44009,Washington,13.4019,0.5156,50.8499,2.707
2025-11-03,44009,Washington,13.1642,4.3061,68.3122,3.6484
2025-11-04,44009,Washington,13.5274,1.41,51.8602,6.4113
2025-11-05,44009,Washington,15.8008,2.4958,63.5267,5.1666
2025-11-06,44009,Washington,11.4261,-1.7886,55.3441,6.389
2025-11-07,44009,Washington,14.9841,-0.3457,59.3265,4.9348
2025-11-08,44009,Washington,16.8823,3.3494,69.8812,3.0215
2025-11-09,44009,Washington,15.232,5.6744,73.5648,3.3698
2025-11-10,44009,Washington,14.0266,0.6074,92.1718,2.993
2025-11-11,44009,Washington,3.9527,0.349,56.6921,7.7559
2025-11-12,44009,Washington,8.061,3.1169,57.4558,6.0745
2025-11-13,44009,Washington,9.0233,-0.5456,65.419,5.7017
2025-11-14,44009,Washington,8.6686,-1.6476,55.0568,4.5647
2025-11-15,44009,Washington,11.1877,-0.4107,55.6249,3.9029
2025-11-16,44009,Washington,12.4471,1.0472,67.4032,7.0902
2025-11-17,44009,Washington,5.5685,0.3878,49.9831,8.1317
2025-11-18,44009,Washington,8.176,-2.8775,53.0973,4.7468
2025-11-19,44009,Washington,8.1027,-3.0358,56.8835,1.62
2025-11-20,44009,Washington,8.1755,-3.4267,55.0092,1.0397
2025-11-21,44009,Washington,8.6172,-1.798,81.8626,2.9064
2025-11-22,44009,Washington,8.1632,-4.1698,91.7182,2.3265
2025-11-23,44009,Washington,6.8235,-3.5651,69.1171,3.2906
2025-11-24,44009,Washington,10.2109,-1.3857,57.6013,3.6183
2025-11-25,44009,Washington,13.4158,1.6298,68.3473,3.5269
2025-11-26,44009,Washington,13.86,4.0079,96.9028,4.276
2025-11-27,44009,Washington,8.5323,-0.1082,59.9688,5.6636
2025-11-28,44009,Washington,6.0808,-0.9149,51.1386,7.457
2025-11-29,44009,Washington,5.8134,-2.8277,46.2412,4.3383
2025-11-30,44009,Washington,10.7242,0.3493,71.0293,5.4472
2025-12-01,44009,Washington,6.6563,-2.8386,52.6523,4.0347
2025-12-02,44009,Washington,6.1483,0.0291,75.9534,4.3293
2025-12-03,44009,Washington,5.3167,-3.336,62.2922,3.5989
2025-12-04,44009,Washington,5.1709,-10.8303,61.3811,6.235
2025-12-05,44009,Washington,-0.5509,-11.1417,53.9768,2.1708
2025-12-06,44009,Washington,6.5454,-3.8917,65.4113,2.2473
2025-12-07,44009,Washington,6.0397,-4.3533,59.41,3.0534
2025-12-08,44009,Washington,-1.6512,-11.2648,48.3115,5.6395
2025-12-09,44009,Washington,4.9326,-10.9347,43.3098,3.8534
2025-12-10,44009,Washington,9.89,1.7961,64.9643,6.6833
2025-12-11,44009,Washington,2.6959,-5.3007,57.3536,7.4641
2025-12-12,44009,Washington,2.0389,-7.5977,46.3391,7.0167
2025-12-13,44009,Washington,4.1344,-2.2259,60.2818,3.679
2025-12-14,44009,Washington,0.8308,-10.1125,76.3275,4.6777
2025-12-15,44009,Washington,-3.1547,-10.2391,53.4419,6.2122
2025-12-16,44009,Washington,2.4872,-4.8541,55.4714,4.3039
2025-12-17,44009,Washington,7.6025,-2.6476,60.8778,5.3583
2025-12-18,44009,Washington,13.0493,-2.4895,51.8912,3.033
2025-12-19,44009,Washington,14.3266,-1.2983,58.5551,8.5231
2025-12-20,44009,Washington,7.1471,-1.5156,43.0978,5.2795
2025-12-21,44009,Washington,8.8055,-3.1858,54.1688,6.5981
2025-12-22,44009,Washington,2.34,-4.0485,48.0426,4.8498
2025-12-23,44009,Washington,3.929,-0.6752,68.6579,2.6585
2025-12-24,44009,Washington,6.1983,-4.1555,59.6826,5.2809
2025-12-25,44009,Washington,5.857,-9.3955,57.8343,5.9061
2025-12-26,44009,Washington,-3.4837,-9.5789,47.3808,3.8384
2025-12-27,44009,Washington,-3.6833,-11.4062,82.9456,4.3659
2025-12-28,44009,Washington,7.3517,-10.9527,55.6821,2.9764
2025-12-29,44009,Washington,8.6389,-3.4783,69.7198,5.9191
2025-12-30,44009,Washington,-0.9164,-4.6055,42.0809,9.0873
2025-12-31,44009,Washington,1.6103,-5.0635,53.3086,5.7069
